,N_clusters,K_neighb,Len_min,St_edges,Silh,Cal-Har,Dav-Bold
0,2,20,0,[   0  859 2138 2530],0.06660471625199334,163.131389375537,2.3811729031880864
1,2,20,20,[   0  859 2138 2530],0.06660471625199334,163.131389375537,2.3811729031880864
2,2,20,40,[   0  859 2138 2530],0.06660471625199334,163.131389375537,2.3811729031880864
3,2,20,60,[   0  859 2138 2530],0.06660471625199334,163.131389375537,2.3811729031880864
4,2,21,0,[   0  722 2528 2530],0.11006721678273054,253.37736605978841,2.2186678290067805
5,2,21,20,[   0  722 2530],0.11006721678273054,253.37736605978841,2.2186678290067805
6,2,21,40,[   0  722 2530],0.11006721678273054,253.37736605978841,2.2186678290067805
7,2,21,60,[   0  722 2530],0.11006721678273054,253.37736605978841,2.2186678290067805
8,2,22,0,[   0  745 2528 2530],0.046452147393113985,109.31376744096067,4.471343902008252
9,2,22,20,[   0  745 2530],0.046452147393113985,109.31376744096067,4.471343902008252
10,2,22,40,[   0  745 2530],0.046452147393113985,109.31376744096067,4.471343902008252
11,2,22,60,[   0  745 2530],0.046452147393113985,109.31376744096067,4.471343902008252
12,2,23,0,[   0  565 2528 2530],0.1226948197335131,279.0465601740929,2.2483961528641623
13,2,23,20,[   0  565 2530],0.1226948197335131,279.0465601740929,2.2483961528641623
14,2,23,40,[   0  565 2530],0.1226948197335131,279.0465601740929,2.2483961528641623
15,2,23,60,[   0  565 2530],0.1226948197335131,279.0465601740929,2.2483961528641623
16,2,24,0,[   0   18 2513 2530],0.10989203171069424,312.092962826537,2.629687805896717
17,2,24,20,[   0   18 2530],0.10989203171069424,312.092962826537,2.629687805896717
18,2,24,40,[   0   18 2530],0.10989203171069424,312.092962826537,2.629687805896717
19,2,24,60,[   0   18 2530],0.10989203171069424,312.092962826537,2.629687805896717
20,2,25,0,[   0  565 2523 2530],0.12376282775314777,293.201480518881,2.1497797135733836
21,2,25,20,[   0  565 2530],0.12376282775314777,293.201480518881,2.1497797135733836
22,2,25,40,[   0  565 2530],0.12376282775314777,293.201480518881,2.1497797135733836
23,2,25,60,[   0  565 2530],0.12376282775314777,293.201480518881,2.1497797135733836
24,2,26,0,[   0   18 2523 2530],0.14898987323571747,361.90134370650367,2.1343796180492034
25,2,26,20,[   0   18 2530],0.14898987323571747,361.90134370650367,2.1343796180492034
26,2,26,40,[   0   18 2530],0.14898987323571747,361.90134370650367,2.1343796180492034
27,2,26,60,[   0   18 2530],0.14898987323571747,361.90134370650367,2.1343796180492034
28,2,27,0,[   0   18 2523 2530],0.14399191611045875,353.11267450894445,2.065481675755214
29,2,27,20,[   0   18 2530],0.14399191611045875,353.11267450894445,2.065481675755214
30,2,27,40,[   0   18 2530],0.14399191611045875,353.11267450894445,2.065481675755214
31,2,27,60,[   0   18 2530],0.14399191611045875,353.11267450894445,2.065481675755214
32,2,28,0,[   0   18 2514 2530],0.13929860502390576,365.2234117647683,1.9851994316821726
33,2,28,20,[   0   18 2530],0.13929860502390576,365.2234117647683,1.9851994316821726
34,2,28,40,[   0   18 2530],0.13929860502390576,365.2234117647683,1.9851994316821726
35,2,28,60,[   0   18 2530],0.13929860502390576,365.2234117647683,1.9851994316821726
36,2,29,0,[   0 2514 2530],0.15564204518041,394.6917330104015,1.9873373479175658
37,2,29,20,[   0 2514 2530],0.15564204518041,394.6917330104015,1.9873373479175658
38,2,29,40,[   0 2514 2530],0.15564204518041,394.6917330104015,1.9873373479175658
39,2,29,60,[   0 2514 2530],0.15564204518041,394.6917330104015,1.9873373479175658
40,2,30,0,[   0  859 2523 2530],0.100371986842395,214.22797913477257,2.4657593428531626
41,2,30,20,[   0  859 2530],0.100371986842395,214.22797913477257,2.4657593428531626
42,2,30,40,[   0  859 2530],0.100371986842395,214.22797913477257,2.4657593428531626
43,2,30,60,[   0  859 2530],0.100371986842395,214.22797913477257,2.4657593428531626
44,2,31,0,[   0   16 2514 2530],0.1381360753169332,346.10823380001193,2.454908036834031
45,2,31,20,[   0 2514 2530],0.1381360753169332,346.10823380001193,2.454908036834031
46,2,31,40,[   0 2514 2530],0.1381360753169332,346.10823380001193,2.454908036834031
47,2,31,60,[   0 2514 2530],0.1381360753169332,346.10823380001193,2.454908036834031
48,2,32,0,[   0   16 2514 2530],0.15620211531101497,388.8122619952698,2.0363338092557974
49,2,32,20,[   0 2514 2530],0.15620211531101497,388.8122619952698,2.0363338092557974
50,2,32,40,[   0 2514 2530],0.15620211531101497,388.8122619952698,2.0363338092557974
51,2,32,60,[   0 2514 2530],0.15620211531101497,388.8122619952698,2.0363338092557974
52,2,33,0,[   0   16 2514 2530],0.14748078927913139,372.74642597917625,1.9827041933720817
53,2,33,20,[   0 2514 2530],0.14748078927913139,372.74642597917625,1.9827041933720817
54,2,33,40,[   0 2514 2530],0.14748078927913139,372.74642597917625,1.9827041933720817
55,2,33,60,[   0 2514 2530],0.14748078927913139,372.74642597917625,1.9827041933720817
56,2,34,0,[   0   18 2522 2530],0.14915566140352784,376.02838810025776,1.9695583097898333
57,2,34,20,[   0   18 2530],0.14915566140352784,376.02838810025776,1.9695583097898333
58,2,34,40,[   0   18 2530],0.14915566140352784,376.02838810025776,1.9695583097898333
59,2,34,60,[   0   18 2530],0.14915566140352784,376.02838810025776,1.9695583097898333
60,2,35,0,[   0   11 2522 2530],0.1582476945283815,405.0093868642844,1.9854659504118626
61,2,35,20,[   0   11 2530],0.1582476945283815,405.0093868642844,1.9854659504118626
62,2,35,40,[   0   11 2530],0.1582476945283815,405.0093868642844,1.9854659504118626
63,2,35,60,[   0   11 2530],0.1582476945283815,405.0093868642844,1.9854659504118626
64,2,36,0,[   0   16 2522 2530],0.15138852209862255,379.7015184459363,2.089183697222917
65,2,36,20,[   0   16 2530],0.15138852209862255,379.7015184459363,2.089183697222917
66,2,36,40,[   0   16 2530],0.15138852209862255,379.7015184459363,2.089183697222917
67,2,36,60,[   0   16 2530],0.15138852209862255,379.7015184459363,2.089183697222917
68,2,37,0,[   0   16 2112 2530],0.11812201617305633,284.95049607202645,2.4216869397886893
69,2,37,20,[   0 2112 2530],0.11812201617305633,284.95049607202645,2.4216869397886893
70,2,37,40,[   0 2112 2530],0.11812201617305633,284.95049607202645,2.4216869397886893
71,2,37,60,[   0 2112 2530],0.11812201617305633,284.95049607202645,2.4216869397886893
72,2,38,0,[   0   16 2522 2530],0.1501775304271085,340.1424367015383,2.3108642233299745
73,2,38,20,[   0   16 2530],0.1501775304271085,340.1424367015383,2.3108642233299745
74,2,38,40,[   0   16 2530],0.1501775304271085,340.1424367015383,2.3108642233299745
75,2,38,60,[   0   16 2530],0.1501775304271085,340.1424367015383,2.3108642233299745
76,2,39,0,[   0   18 2522 2530],0.1406268533319929,361.184568478849,2.4739912809022284
77,2,39,20,[   0   18 2530],0.1406268533319929,361.184568478849,2.4739912809022284
78,2,39,40,[   0   18 2530],0.1406268533319929,361.184568478849,2.4739912809022284
79,2,39,60,[   0   18 2530],0.1406268533319929,361.184568478849,2.4739912809022284
80,2,40,0,[   0   11 2522 2530],0.15168922088104264,389.73991755015777,1.9583239818045248
81,2,40,20,[   0   11 2530],0.15168922088104264,389.73991755015777,1.9583239818045248
82,2,40,40,[   0   11 2530],0.15168922088104264,389.73991755015777,1.9583239818045248
83,2,40,60,[   0   11 2530],0.15168922088104264,389.73991755015777,1.9583239818045248
84,2,41,0,[   0   11 2522 2530],0.14103530533915906,372.570571339709,1.9546001563298463
85,2,41,20,[   0   11 2530],0.14103530533915906,372.570571339709,1.9546001563298463
86,2,41,40,[   0   11 2530],0.14103530533915906,372.570571339709,1.9546001563298463
87,2,41,60,[   0   11 2530],0.14103530533915906,372.570571339709,1.9546001563298463
88,2,42,0,[   0   11 2522 2530],0.14139068755014234,364.9531930929796,2.06497090158277
89,2,42,20,[   0   11 2530],0.14139068755014234,364.9531930929796,2.06497090158277
90,2,42,40,[   0   11 2530],0.14139068755014234,364.9531930929796,2.06497090158277
91,2,42,60,[   0   11 2530],0.14139068755014234,364.9531930929796,2.06497090158277
92,2,43,0,[   0 2513 2530],0.141169625270862,345.9882601303528,2.1854877375584114
93,2,43,20,[   0 2513 2530],0.141169625270862,345.9882601303528,2.1854877375584114
94,2,43,40,[   0 2513 2530],0.141169625270862,345.9882601303528,2.1854877375584114
95,2,43,60,[   0 2513 2530],0.141169625270862,345.9882601303528,2.1854877375584114
96,2,44,0,[   0   16 2522 2530],0.14083510380505207,371.0468272209798,1.9428579055851452
97,2,44,20,[   0   16 2530],0.14083510380505207,371.0468272209798,1.9428579055851452
98,2,44,40,[   0   16 2530],0.14083510380505207,371.0468272209798,1.9428579055851452
99,2,44,60,[   0   16 2530],0.14083510380505207,371.0468272209798,1.9428579055851452
100,2,45,0,[   0   16 2522 2530],0.14647655052345265,382.40862793099365,1.9768179208386965
101,2,45,20,[   0   16 2530],0.14647655052345265,382.40862793099365,1.9768179208386965
102,2,45,40,[   0   16 2530],0.14647655052345265,382.40862793099365,1.9768179208386965
103,2,45,60,[   0   16 2530],0.14647655052345265,382.40862793099365,1.9768179208386965
104,2,46,0,[   0   16 2512 2530],0.14603419302130932,361.62760681310965,1.9946794198313644
105,2,46,20,[   0 2512 2530],0.14603419302130932,361.62760681310965,1.9946794198313644
106,2,46,40,[   0 2512 2530],0.14603419302130932,361.62760681310965,1.9946794198313644
107,2,46,60,[   0 2512 2530],0.14603419302130932,361.62760681310965,1.9946794198313644
108,2,47,0,[   0   11 2512 2530],0.14473406768606165,354.2583047219146,2.010147915830783
109,2,47,20,[   0 2512 2530],0.14473406768606165,354.2583047219146,2.010147915830783
110,2,47,40,[   0 2512 2530],0.14473406768606165,354.2583047219146,2.010147915830783
111,2,47,60,[   0 2512 2530],0.14473406768606165,354.2583047219146,2.010147915830783
112,2,48,0,[   0 2522 2530],0.1522534142044613,378.33123240569745,1.985573769064138
113,2,48,20,[   0 2522 2530],0.1522534142044613,378.33123240569745,1.985573769064138
114,2,48,40,[   0 2522 2530],0.1522534142044613,378.33123240569745,1.985573769064138
115,2,48,60,[   0 2522 2530],0.1522534142044613,378.33123240569745,1.985573769064138
116,2,49,0,[   0   16 2522 2530],0.13792326969587657,338.1894439679467,2.00811302770853
117,2,49,20,[   0   16 2530],0.13792326969587657,338.1894439679467,2.00811302770853
118,2,49,40,[   0   16 2530],0.13792326969587657,338.1894439679467,2.00811302770853
119,2,49,60,[   0   16 2530],0.13792326969587657,338.1894439679467,2.00811302770853
120,2,50,0,[   0   16 2512 2530],0.12794982373658623,343.6666332177341,1.9381607842541906
121,2,50,20,[   0 2512 2530],0.12794982373658623,343.6666332177341,1.9381607842541906
122,2,50,40,[   0 2512 2530],0.12794982373658623,343.6666332177341,1.9381607842541906
123,2,50,60,[   0 2512 2530],0.12794982373658623,343.6666332177341,1.9381607842541906
124,3,20,0,[   0   18  835  859 2530],0.06208487795438536,137.3408400881033,4.314856669680755
125,3,20,20,[   0  835  859 2530],0.06208487795438536,137.3408400881033,4.314856669680755
126,3,20,40,[   0  859 2138 2530],0.06208487795438536,137.3408400881033,4.314856669680755
127,3,20,60,[   0  859 2138 2530],0.06208487795438536,137.3408400881033,4.314856669680755
128,3,21,0,[   0   18  558  722 2528 2530],0.04913350082046234,166.1436373160175,2.777834798960189
129,3,21,20,[   0  558  722 2530],0.04913350082046234,166.1436373160175,2.777834798960189
130,3,21,40,[   0  558  722 2530],0.04913350082046234,166.1436373160175,2.777834798960189
131,3,21,60,[   0  558  722 2530],0.04913350082046234,166.1436373160175,2.777834798960189
132,3,22,0,[   0   18  558  745 2528 2530],0.028896302907941634,121.77075375179295,3.776077172435116
133,3,22,20,[   0  558  745 2530],0.028896302907941634,121.77075375179295,3.776077172435116
134,3,22,40,[   0  558  745 2530],0.028896302907941634,121.77075375179295,3.776077172435116
135,3,22,60,[   0  558  745 2530],0.028896302907941634,121.77075375179295,3.776077172435116
136,3,23,0,[   0   18  516  565 2528 2530],0.054132781171447666,183.1140145785141,9.039630028188713
137,3,23,20,[   0  516  565 2530],0.054132781171447666,183.1140145785141,9.039630028188713
138,3,23,40,[   0  516  565 2530],0.054132781171447666,183.1140145785141,9.039630028188713
139,3,23,60,[   0  565 2530],0.054132781171447666,183.1140145785141,9.039630028188713
140,3,24,0,[   0 1374 2513 2530],-0.006735932583459894,220.2180694981255,2.3597323764864746
141,3,24,20,[   0 1374 2530],-0.006735932583459894,220.2180694981255,2.3597323764864746
142,3,24,40,[   0 1374 2530],-0.006735932583459894,220.2180694981255,2.3597323764864746
143,3,24,60,[   0 1374 2530],-0.006735932583459894,220.2180694981255,2.3597323764864746
144,3,25,0,[   0 1745 2513 2530],-0.03672635330520221,193.46010123649594,2.414551726715407
145,3,25,20,[   0  565 1745 2530],-0.03672635330520221,193.46010123649594,2.414551726715407
146,3,25,40,[   0  565 1745 2530],-0.03672635330520221,193.46010123649594,2.414551726715407
147,3,25,60,[   0  565 1745 2530],-0.03672635330520221,193.46010123649594,2.414551726715407
148,3,26,0,[   0   82  673 2523 2530],0.099011954909387,235.12603114045717,2.6360286206195824
149,3,26,20,[   0   82  673 2530],0.099011954909387,235.12603114045717,2.6360286206195824
150,3,26,40,[   0   82  673 2530],0.099011954909387,235.12603114045717,2.6360286206195824
151,3,26,60,[   0   82  673 2530],0.099011954909387,235.12603114045717,2.6360286206195824
152,3,27,0,[   0   82  705 2523 2530],0.09461356368908418,231.73849608146872,2.6159094867353727
153,3,27,20,[   0   82  705 2530],0.09461356368908418,231.73849608146872,2.6159094867353727
154,3,27,40,[   0   82  705 2530],0.09461356368908418,231.73849608146872,2.6159094867353727
155,3,27,60,[   0   82  705 2530],0.09461356368908418,231.73849608146872,2.6159094867353727
156,3,28,0,[   0 1469 2514 2530],0.12946119898401723,289.97283249258123,2.5543536909081612
157,3,28,20,[   0 1469 2530],0.12946119898401723,289.97283249258123,2.5543536909081612
158,3,28,40,[   0 1469 2530],0.12946119898401723,289.97283249258123,2.5543536909081612
159,3,28,60,[   0 1469 2530],0.12946119898401723,289.97283249258123,2.5543536909081612
160,3,29,0,[   0   86 1338 2514 2530],0.05427671208430574,244.8796728254072,3.150540100084012
161,3,29,20,[   0   86 1338 2530],0.05427671208430574,244.8796728254072,3.150540100084012
162,3,29,40,[   0   86 1338 2530],0.05427671208430574,244.8796728254072,3.150540100084012
163,3,29,60,[   0   86 1338 2530],0.05427671208430574,244.8796728254072,3.150540100084012
164,3,30,0,[   0  859 1125 2523 2530],0.07399211042911728,204.02395952815422,2.518867039632068
165,3,30,20,[   0  859 1125 2530],0.07399211042911728,204.02395952815422,2.518867039632068
166,3,30,40,[   0  859 1125 2530],0.07399211042911728,204.02395952815422,2.518867039632068
167,3,30,60,[   0  859 1125 2530],0.07399211042911728,204.02395952815422,2.518867039632068
168,3,31,0,[   0   79 1706 2514 2530],0.06845907331312838,242.1224939117036,2.8683918070126126
169,3,31,20,[   0   79 1706 2530],0.06845907331312838,242.1224939117036,2.8683918070126126
170,3,31,40,[   0   79 1706 2530],0.06845907331312838,242.1224939117036,2.8683918070126126
171,3,31,60,[   0   79 1706 2530],0.06845907331312838,242.1224939117036,2.8683918070126126
172,3,32,0,[   0   79 1066 2514 2530],-0.0063577716450878945,238.1722654291503,2.478550800587074
173,3,32,20,[   0   79 1066 2530],-0.0063577716450878945,238.1722654291503,2.478550800587074
174,3,32,40,[   0   79 1066 2530],-0.0063577716450878945,238.1722654291503,2.478550800587074
175,3,32,60,[   0   79 1066 2530],-0.0063577716450878945,238.1722654291503,2.478550800587074
176,3,33,0,[   0   79 2514 2530],0.14101945047595066,373.34137013740235,2.0694001609525317
177,3,33,20,[   0   79 2530],0.14101945047595066,373.34137013740235,2.0694001609525317
178,3,33,40,[   0   79 2530],0.14101945047595066,373.34137013740235,2.0694001609525317
179,3,33,60,[   0   79 2530],0.14101945047595066,373.34137013740235,2.0694001609525317
180,3,34,0,[   0   18 2112 2522 2530],0.13433112804354647,318.44711603315477,2.431932075576995
181,3,34,20,[   0 2112 2530],0.13433112804354647,318.44711603315477,2.431932075576995
182,3,34,40,[   0 2112 2530],0.13433112804354647,318.44711603315477,2.431932075576995
183,3,34,60,[   0 2112 2530],0.13433112804354647,318.44711603315477,2.431932075576995
184,3,35,0,[   0   11   79 2112 2522 2530],0.1408050667526774,357.7528862846335,2.2012393367266534
185,3,35,20,[   0   79 2112 2530],0.1408050667526774,357.7528862846335,2.2012393367266534
186,3,35,40,[   0   79 2112 2530],0.1408050667526774,357.7528862846335,2.2012393367266534
187,3,35,60,[   0   79 2112 2530],0.1408050667526774,357.7528862846335,2.2012393367266534
188,3,36,0,[   0   16 2112 2522 2530],0.13464746426015534,341.794431776353,2.220355605711696
189,3,36,20,[   0 2112 2530],0.13464746426015534,341.794431776353,2.220355605711696
190,3,36,40,[   0 2112 2530],0.13464746426015534,341.794431776353,2.220355605711696
191,3,36,60,[   0 2112 2530],0.13464746426015534,341.794431776353,2.220355605711696
192,3,37,0,[   0   16   19 2112 2154 2530],0.1295232290633129,272.314085894046,2.216809318076249
193,3,37,20,[   0 2112 2154 2530],0.1295232290633129,272.314085894046,2.216809318076249
194,3,37,40,[   0 2112 2154 2530],0.1295232290633129,272.314085894046,2.216809318076249
195,3,37,60,[   0 2112 2530],0.1295232290633129,272.314085894046,2.216809318076249
196,3,38,0,[   0   18 2154 2522 2530],0.15745365717373055,307.4993113583719,2.1232071239725063
197,3,38,20,[   0 2154 2530],0.15745365717373055,307.4993113583719,2.1232071239725063
198,3,38,40,[   0 2154 2530],0.15745365717373055,307.4993113583719,2.1232071239725063
199,3,38,60,[   0 2154 2530],0.15745365717373055,307.4993113583719,2.1232071239725063
200,3,39,0,[   0   86 2154 2522 2530],0.14865349464574834,302.2244217538038,2.3343877075523447
201,3,39,20,[   0   86 2530],0.14865349464574834,302.2244217538038,2.3343877075523447
202,3,39,40,[   0   86 2530],0.14865349464574834,302.2244217538038,2.3343877075523447
203,3,39,60,[   0   86 2530],0.14865349464574834,302.2244217538038,2.3343877075523447
204,3,40,0,[   0   86 2513 2530],0.16777336162810627,362.8614086098808,1.9569193488587076
205,3,40,20,[   0   86 2530],0.16777336162810627,362.8614086098808,1.9569193488587076
206,3,40,40,[   0   86 2530],0.16777336162810627,362.8614086098808,1.9569193488587076
207,3,40,60,[   0   86 2530],0.16777336162810627,362.8614086098808,1.9569193488587076
208,3,41,0,[   0   11   83 2522 2530],0.14315554065640307,373.3258819524465,2.1088813210593442
209,3,41,20,[   0   83 2530],0.14315554065640307,373.3258819524465,2.1088813210593442
210,3,41,40,[   0   83 2530],0.14315554065640307,373.3258819524465,2.1088813210593442
211,3,41,60,[   0   83 2530],0.14315554065640307,373.3258819524465,2.1088813210593442
212,3,42,0,[   0 2513 2530],0.15294756926338382,395.2975633636632,1.9566234917069973
213,3,42,20,[   0 2513 2530],0.15294756926338382,395.2975633636632,1.9566234917069973
214,3,42,40,[   0 2513 2530],0.15294756926338382,395.2975633636632,1.9566234917069973
215,3,42,60,[   0 2513 2530],0.15294756926338382,395.2975633636632,1.9566234917069973
216,3,43,0,[   0   11   19 2498 2513 2530],0.13638555925600557,351.28634547996046,2.105657768570588
217,3,43,20,[   0   19 2530],0.13638555925600557,351.28634547996046,2.105657768570588
218,3,43,40,[   0   19 2530],0.13638555925600557,351.28634547996046,2.105657768570588
219,3,43,60,[   0   19 2530],0.13638555925600557,351.28634547996046,2.105657768570588
220,3,44,0,[   0   19 2513 2530],0.1422066540709153,382.4759971603118,2.08186562732177
221,3,44,20,[   0   19 2530],0.1422066540709153,382.4759971603118,2.08186562732177
222,3,44,40,[   0   19 2530],0.1422066540709153,382.4759971603118,2.08186562732177
223,3,44,60,[   0   19 2530],0.1422066540709153,382.4759971603118,2.08186562732177
224,3,45,0,[   0   16 2522 2530],0.142170777761448,364.7124542589648,2.1141798685174362
225,3,45,20,[   0 2287 2530],0.142170777761448,364.7124542589648,2.1141798685174362
226,3,45,40,[   0 2287 2530],0.142170777761448,364.7124542589648,2.1141798685174362
227,3,45,60,[   0 2287 2530],0.142170777761448,364.7124542589648,2.1141798685174362
228,3,46,0,[   0   16   19 2512 2513 2530],0.15318763903595548,397.4270159830977,1.9738979898253526
229,3,46,20,[   0   19 2530],0.15318763903595548,397.4270159830977,1.9738979898253526
230,3,46,40,[   0   19 2530],0.15318763903595548,397.4270159830977,1.9738979898253526
231,3,46,60,[   0   19 2530],0.15318763903595548,397.4270159830977,1.9738979898253526
232,3,47,0,[   0    6   11 2512 2513 2530],0.15454944994777356,396.5140590788052,1.9569969976003456
233,3,47,20,[   0 2513 2530],0.15454944994777356,396.5140590788052,1.9569969976003456
234,3,47,40,[   0 2513 2530],0.15454944994777356,396.5140590788052,1.9569969976003456
235,3,47,60,[   0 2513 2530],0.15454944994777356,396.5140590788052,1.9569969976003456
236,3,48,0,[   0 2513 2530],0.1532741392301255,402.044705291178,1.9784348848717652
237,3,48,20,[   0 2513 2530],0.1532741392301255,402.044705291178,1.9784348848717652
238,3,48,40,[   0 2513 2530],0.1532741392301255,402.044705291178,1.9784348848717652
239,3,48,60,[   0 2513 2530],0.1532741392301255,402.044705291178,1.9784348848717652
240,3,49,0,[   0   19 2513 2530],0.15531693501840146,328.0076337163332,2.1074579968168963
241,3,49,20,[   0   19 2530],0.15531693501840146,328.0076337163332,2.1074579968168963
242,3,49,40,[   0   19 2530],0.15531693501840146,328.0076337163332,2.1074579968168963
243,3,49,60,[   0   19 2530],0.15531693501840146,328.0076337163332,2.1074579968168963
244,3,50,0,[   0   16 2512 2523 2530],0.14331092785422142,376.33860910396277,1.9229257393997727
245,3,50,20,[   0 2512 2530],0.14331092785422142,376.33860910396277,1.9229257393997727
246,3,50,40,[   0 2512 2530],0.14331092785422142,376.33860910396277,1.9229257393997727
247,3,50,60,[   0 2512 2530],0.14331092785422142,376.33860910396277,1.9229257393997727
248,4,20,0,[   0   18  835  859 2138 2160 2528 2530],0.06262773691251892,122.52571570888624,12.700742758209131
249,4,20,20,[   0  835  859 2138 2160 2530],0.06262773691251892,122.52571570888624,12.700742758209131
250,4,20,40,[   0  859 2138 2530],0.06262773691251892,122.52571570888624,12.700742758209131
251,4,20,60,[   0  859 2138 2530],0.06262773691251892,122.52571570888624,12.700742758209131
252,4,21,0,[   0   18  558  722 1672 2513 2530],0.04914115642009798,130.17158176605722,3.9804801976921387
253,4,21,20,[   0  558  722 1672 2530],0.04914115642009798,130.17158176605722,3.9804801976921387
254,4,21,40,[   0  558  722 1672 2530],0.04914115642009798,130.17158176605722,3.9804801976921387
255,4,21,60,[   0  558  722 1672 2530],0.04914115642009798,130.17158176605722,3.9804801976921387
256,4,22,0,[   0   18  558  745  950 1233 2528 2530],0.030140365378778396,120.76485540584174,4.910941732680447
257,4,22,20,[   0  558  745  950 1233 2530],0.030140365378778396,120.76485540584174,4.910941732680447
258,4,22,40,[   0  558  745  950 1233 2530],0.030140365378778396,120.76485540584174,4.910941732680447
259,4,22,60,[   0  558  745  950 1233 2530],0.030140365378778396,120.76485540584174,4.910941732680447
260,4,23,0,[   0   18   79  516  565  708 2528 2530],0.009618595767227577,150.93902554676507,8.053742124782461
261,4,23,20,[   0   79  516  565  708 2530],0.009618595767227577,150.93902554676507,8.053742124782461
262,4,23,40,[   0   79  516  565  708 2530],0.009618595767227577,150.93902554676507,8.053742124782461
263,4,23,60,[   0   79 2530],0.009618595767227577,150.93902554676507,8.053742124782461
264,4,24,0,[   0  713  722 1374 2513 2530],-0.001819687694562333,172.4292953687981,1.893685075751333
265,4,24,20,[   0  713 1374 2530],-0.001819687694562333,172.4292953687981,1.893685075751333
266,4,24,40,[   0  713 1374 2530],-0.001819687694562333,172.4292953687981,1.893685075751333
267,4,24,60,[   0  713 1374 2530],-0.001819687694562333,172.4292953687981,1.893685075751333
268,4,25,0,[   0 1745 2513 2530],-0.05536269970851452,151.92525870779562,3.3436709212198004
269,4,25,20,[   0  565  705 1745 2530],-0.05536269970851452,151.92525870779562,3.3436709212198004
270,4,25,40,[   0  565  705 1745 2530],-0.05536269970851452,151.92525870779562,3.3436709212198004
271,4,25,60,[   0  565  705 1745 2530],-0.05536269970851452,151.92525870779562,3.3436709212198004
272,4,26,0,[   0   82  673  745  923 2523 2530],0.013713864500475924,167.50725871128353,4.266181052963428
273,4,26,20,[   0   82  673  745  923 2530],0.013713864500475924,167.50725871128353,4.266181052963428
274,4,26,40,[   0   82  673  745  923 2530],0.013713864500475924,167.50725871128353,4.266181052963428
275,4,26,60,[   0   82  673  745  923 2530],0.013713864500475924,167.50725871128353,4.266181052963428
276,4,27,0,[   0   82  705  733  923 2523 2530],0.03076916837302747,164.72493873322574,4.563500692889578
277,4,27,20,[   0   82  705  733  923 2530],0.03076916837302747,164.72493873322574,4.563500692889578
278,4,27,40,[   0   82  705  923 2530],0.03076916837302747,164.72493873322574,4.563500692889578
279,4,27,60,[   0   82  705  923 2530],0.03076916837302747,164.72493873322574,4.563500692889578
280,4,28,0,[   0 1469 2514 2530],0.10673094872196473,241.54087049679688,4.8582959802775365
281,4,28,20,[   0 1469 1610 2530],0.10673094872196473,241.54087049679688,4.8582959802775365
282,4,28,40,[   0 1469 1610 2530],0.10673094872196473,241.54087049679688,4.8582959802775365
283,4,28,60,[   0 1469 1610 2530],0.10673094872196473,241.54087049679688,4.8582959802775365
284,4,29,0,[   0   86 1745 2514 2530],0.048336210643807664,195.18089829932987,5.606562903870232
285,4,29,20,[   0   86 1338 1745 2152 2530],0.048336210643807664,195.18089829932987,5.606562903870232
286,4,29,40,[   0   86 1338 1745 2152 2530],0.048336210643807664,195.18089829932987,5.606562903870232
287,4,29,60,[   0   86 1338 1745 2152 2530],0.048336210643807664,195.18089829932987,5.606562903870232
288,4,30,0,[   0   82  809  859 1125 2523 2530],0.04582684025748229,189.05342029314144,8.036750903781526
289,4,30,20,[   0   82  809  859 1125 2530],0.04582684025748229,189.05342029314144,8.036750903781526
290,4,30,40,[   0   82  809  859 1125 2530],0.04582684025748229,189.05342029314144,8.036750903781526
291,4,30,60,[   0   82  809 1125 2530],0.04582684025748229,189.05342029314144,8.036750903781526
292,4,31,0,[   0   79 1745 2514 2530],0.03025577970024523,229.54528632008962,4.107201650469836
293,4,31,20,[   0   79 1745 2530],0.03025577970024523,229.54528632008962,4.107201650469836
294,4,31,40,[   0   79 1745 2530],0.03025577970024523,229.54528632008962,4.107201650469836
295,4,31,60,[   0   79 1745 2530],0.03025577970024523,229.54528632008962,4.107201650469836
296,4,32,0,[   0   79 1066 1374 2514 2530],-0.003243246663984021,204.19863542909877,3.9049140999093863
297,4,32,20,[   0   79 1066 1374 2530],-0.003243246663984021,204.19863542909877,3.9049140999093863
298,4,32,40,[   0   79 1066 1374 2530],-0.003243246663984021,204.19863542909877,3.9049140999093863
299,4,32,60,[   0   79 1066 1374 2530],-0.003243246663984021,204.19863542909877,3.9049140999093863
300,4,33,0,[   0   79 1338 2514 2530],-0.001979881474097432,265.77942274901795,2.758740197423175
301,4,33,20,[   0   79 1338 2530],-0.001979881474097432,265.77942274901795,2.758740197423175
302,4,33,40,[   0   79 1338 2530],-0.001979881474097432,265.77942274901795,2.758740197423175
303,4,33,60,[   0   79 1338 2530],-0.001979881474097432,265.77942274901795,2.758740197423175
304,4,34,0,[   0   86 1190 2522 2530],0.1196356472092814,250.7166358795434,2.78876324615513
305,4,34,20,[   0   86 1190 2530],0.1196356472092814,250.7166358795434,2.78876324615513
306,4,34,40,[   0   86 1190 2530],0.1196356472092814,250.7166358795434,2.78876324615513
307,4,34,60,[   0   86 1190 2530],0.1196356472092814,250.7166358795434,2.78876324615513
308,4,35,0,[   0   79 2112 2513 2530],0.12559203668803942,269.8747317944233,8.572095697526406
309,4,35,20,[   0   79 2112 2149 2530],0.12559203668803942,269.8747317944233,8.572095697526406
310,4,35,40,[   0   79 2112 2530],0.12559203668803942,269.8747317944233,8.572095697526406
311,4,35,60,[   0   79 2112 2530],0.12559203668803942,269.8747317944233,8.572095697526406
312,4,36,0,[   0   86  909 2112 2522 2530],0.12606252711254476,262.237911682064,2.3222217214559286
313,4,36,20,[   0   86  909 2112 2530],0.12606252711254476,262.237911682064,2.3222217214559286
314,4,36,40,[   0   86  909 2112 2530],0.12606252711254476,262.237911682064,2.3222217214559286
315,4,36,60,[   0   86  909 2112 2530],0.12606252711254476,262.237911682064,2.3222217214559286
316,4,37,0,[   0   19  859 2112 2154 2513 2530],0.08998948186976487,253.72560804288372,2.234210583236891
317,4,37,20,[   0  859 2112 2154 2530],0.08998948186976487,253.72560804288372,2.234210583236891
318,4,37,40,[   0  859 2112 2154 2530],0.08998948186976487,253.72560804288372,2.234210583236891
319,4,37,60,[   0  859 2112 2530],0.08998948186976487,253.72560804288372,2.234210583236891
320,4,38,0,[   0   16   18  859 2154 2512 2522 2530],0.10150704411643735,292.05390006045354,2.0622884626695
321,4,38,20,[   0  859 2154 2530],0.10150704411643735,292.05390006045354,2.0622884626695
322,4,38,40,[   0  859 2154 2530],0.10150704411643735,292.05390006045354,2.0622884626695
323,4,38,60,[   0  859 2154 2530],0.10150704411643735,292.05390006045354,2.0622884626695
324,4,39,0,[   0   86 1745 2512 2530],0.0032698116797962957,237.81312146702956,2.431936125788476
325,4,39,20,[   0   86 1745 2530],0.0032698116797962957,237.81312146702956,2.431936125788476
326,4,39,40,[   0   86 1745 2530],0.0032698116797962957,237.81312146702956,2.431936125788476
327,4,39,60,[   0   86 1745 2530],0.0032698116797962957,237.81312146702956,2.431936125788476
328,4,40,0,[   0   83 1555 2513 2530],0.12174295452683917,321.2581269399154,2.168735933268509
329,4,40,20,[   0   83 1555 2530],0.12174295452683917,321.2581269399154,2.168735933268509
330,4,40,40,[   0   83 1555 2530],0.12174295452683917,321.2581269399154,2.168735933268509
331,4,40,60,[   0   83 1555 2530],0.12174295452683917,321.2581269399154,2.168735933268509
332,4,41,0,[   0   83 2513 2530],0.1319955985507771,375.36151057395136,1.805418032434255
333,4,41,20,[   0   83 2530],0.1319955985507771,375.36151057395136,1.805418032434255
334,4,41,40,[   0   83 2530],0.1319955985507771,375.36151057395136,1.805418032434255
335,4,41,60,[   0   83 2530],0.1319955985507771,375.36151057395136,1.805418032434255
336,4,42,0,[   0   11   86 2487 2513 2530],0.1421955345967345,372.3521141629762,1.891247369469609
337,4,42,20,[   0   86 2487 2530],0.1421955345967345,372.3521141629762,1.891247369469609
338,4,42,40,[   0   86 2487 2530],0.1421955345967345,372.3521141629762,1.891247369469609
339,4,42,60,[   0   86 2530],0.1421955345967345,372.3521141629762,1.891247369469609
340,4,43,0,[   0   11   19   41 1609 2498 2513 2530],0.11970231396289466,323.22026676943034,1.9128829347150251
341,4,43,20,[   0   41 1609 2530],0.11970231396289466,323.22026676943034,1.9128829347150251
342,4,43,40,[   0   41 1609 2530],0.11970231396289466,323.22026676943034,1.9128829347150251
343,4,43,60,[   0 1609 2530],0.11970231396289466,323.22026676943034,1.9128829347150251
344,4,44,0,[   0  223 2487 2513 2530],0.12264944365637011,375.4048605614221,1.8397552290072612
345,4,44,20,[   0  223 2487 2530],0.12264944365637011,375.4048605614221,1.8397552290072612
346,4,44,40,[   0  223 2487 2530],0.12264944365637011,375.4048605614221,1.8397552290072612
347,4,44,60,[   0  223 2530],0.12264944365637011,375.4048605614221,1.8397552290072612
348,4,45,0,[   0   16   19 2287 2487 2522 2530],0.14008900663500662,360.2353708425041,1.9137516204361158
349,4,45,20,[   0 2287 2487 2530],0.14008900663500662,360.2353708425041,1.9137516204361158
350,4,45,40,[   0 2287 2487 2530],0.14008900663500662,360.2353708425041,1.9137516204361158
351,4,45,60,[   0 2287 2530],0.14008900663500662,360.2353708425041,1.9137516204361158
352,4,46,0,[   0   16   19   41 2487 2512 2513 2530],0.14481688277608548,400.92996496817295,1.7653009490395348
353,4,46,20,[   0   41 2487 2530],0.14481688277608548,400.92996496817295,1.7653009490395348
354,4,46,40,[   0   41 2487 2530],0.14481688277608548,400.92996496817295,1.7653009490395348
355,4,46,60,[   0 2487 2530],0.14481688277608548,400.92996496817295,1.7653009490395348
356,4,47,0,[   0  978 2513 2530],0.13831306782440933,304.4710740722189,2.363187796505151
357,4,47,20,[   0  978 2530],0.13831306782440933,304.4710740722189,2.363187796505151
358,4,47,40,[   0  978 2530],0.13831306782440933,304.4710740722189,2.363187796505151
359,4,47,60,[   0  978 2530],0.13831306782440933,304.4710740722189,2.363187796505151
360,4,48,0,[   0    1    6   19 2511 2513 2522 2530],0.13282531058335156,393.7166215773286,1.8305941529086476
361,4,48,20,[   0   19 2530],0.13282531058335156,393.7166215773286,1.8305941529086476
362,4,48,40,[   0   19 2530],0.13282531058335156,393.7166215773286,1.8305941529086476
363,4,48,60,[   0   19 2530],0.13282531058335156,393.7166215773286,1.8305941529086476
364,4,49,0,[   0 1537 2513 2530],0.1352165008780759,327.4971557782484,1.9786696158254382
365,4,49,20,[   0 1537 2530],0.1352165008780759,327.4971557782484,1.9786696158254382
366,4,49,40,[   0 1537 2530],0.1352165008780759,327.4971557782484,1.9786696158254382
367,4,49,60,[   0 1537 2530],0.1352165008780759,327.4971557782484,1.9786696158254382
368,4,50,0,[   0    1   16   19 2512 2513 2523 2530],0.14653525469603165,356.36542886416083,1.9737091967495979
369,4,50,20,[   0   19 2530],0.14653525469603165,356.36542886416083,1.9737091967495979
370,4,50,40,[   0   19 2530],0.14653525469603165,356.36542886416083,1.9737091967495979
371,4,50,60,[   0   19 2530],0.14653525469603165,356.36542886416083,1.9737091967495979
372,5,20,0,[   0  713  722  835  859 2530],0.061088405719090765,108.32368394765828,10.435249963722855
373,5,20,20,[   0  713  835  859 2138 2160 2530],0.061088405719090765,108.32368394765828,10.435249963722855
374,5,20,40,[   0  713  835 2530],0.061088405719090765,108.32368394765828,10.435249963722855
375,5,20,60,[   0  713  835 2530],0.061088405719090765,108.32368394765828,10.435249963722855
376,5,21,0,[   0   18  558  733  923 1672 2513 2530],-0.0006959016870753667,108.85679149263,4.695825935507884
377,5,21,20,[   0  558  733  923 1672 2530],-0.0006959016870753667,108.85679149263,4.695825935507884
378,5,21,40,[   0  558  733  923 1672 2530],-0.0006959016870753667,108.85679149263,4.695825935507884
379,5,21,60,[   0  558  733  923 1672 2530],-0.0006959016870753667,108.85679149263,4.695825935507884
380,5,22,0,[   0   18  558  722  745  921  950 1233 2528 2530],-0.0013270903386724837,114.13196541898668,5.495436878419451
381,5,22,20,[   0  558  722  745  921  950 1233 2530],-0.0013270903386724837,114.13196541898668,5.495436878419451
382,5,22,40,[   0  558  745  921 1233 2530],-0.0013270903386724837,114.13196541898668,5.495436878419451
383,5,22,60,[   0  558  745  921 1233 2530],-0.0013270903386724837,114.13196541898668,5.495436878419451
384,5,23,0,[   0   79  516  565  708  745  923 2528 2530],-0.05581149222839052,124.01434617248135,7.691407279436605
385,5,23,20,[   0   79  516  565  708  745  923 2530],-0.05581149222839052,124.01434617248135,7.691407279436605
386,5,23,40,[   0   79  516  565  745  923 2530],-0.05581149222839052,124.01434617248135,7.691407279436605
387,5,23,60,[   0   79  565  745  923 2530],-0.05581149222839052,124.01434617248135,7.691407279436605
388,5,24,0,[   0  713  722 1374 2513 2530],-0.035882528941746636,147.22492116279034,2.61367766544589
389,5,24,20,[   0  713  859 1374 2530],-0.035882528941746636,147.22492116279034,2.61367766544589
390,5,24,40,[   0  713  859 1374 2530],-0.035882528941746636,147.22492116279034,2.61367766544589
391,5,24,60,[   0  713  859 1374 2530],-0.035882528941746636,147.22492116279034,2.61367766544589
392,5,25,0,[   0  705  733 1745 2513 2530],-0.05208244117938085,141.53239379332277,4.327061732058565
393,5,25,20,[   0  705  733 1745 2530],-0.05208244117938085,141.53239379332277,4.327061732058565
394,5,25,40,[   0  565  705  921 1745 2530],-0.05208244117938085,141.53239379332277,4.327061732058565
395,5,25,60,[   0  565  705  921 1745 2530],-0.05208244117938085,141.53239379332277,4.327061732058565
396,5,26,0,[   0   82  673  745  923  950 1190 2523 2530],0.019186481976872234,156.9969456418026,6.207036083342854
397,5,26,20,[   0   82  673  745  923  950 1190 2530],0.019186481976872234,156.9969456418026,6.207036083342854
398,5,26,40,[   0   82  673  745  923 1190 2530],0.019186481976872234,156.9969456418026,6.207036083342854
399,5,26,60,[   0   82  673  745  923 1190 2530],0.019186481976872234,156.9969456418026,6.207036083342854
400,5,27,0,[   0   82  705  733  923 1125 2523 2530],0.024956269162280574,148.96366101641465,6.371584684980773
401,5,27,20,[   0   82  705  733  923 1125 2530],0.024956269162280574,148.96366101641465,6.371584684980773
402,5,27,40,[   0   82  705  923 1125 2530],0.024956269162280574,148.96366101641465,6.371584684980773
403,5,27,60,[   0   82  705  923 1125 2530],0.024956269162280574,148.96366101641465,6.371584684980773
404,5,28,0,[   0   18  705 1469 2514 2530],0.10305809292382136,187.04983765643334,5.025459913187262
405,5,28,20,[   0  430  705 1469 1610 2530],0.10305809292382136,187.04983765643334,5.025459913187262
406,5,28,40,[   0  430  705 1469 1610 2530],0.10305809292382136,187.04983765643334,5.025459913187262
407,5,28,60,[   0  430  705 1469 1610 2530],0.10305809292382136,187.04983765643334,5.025459913187262
408,5,29,0,[   0   10   86 1338 1374 1745 2514 2530],-0.029573263931062153,171.2187711959232,5.46578625899607
409,5,29,20,[   0   86 1338 1374 1745 2152 2530],-0.029573263931062153,171.2187711959232,5.46578625899607
410,5,29,40,[   0   86 1374 1745 2152 2530],-0.029573263931062153,171.2187711959232,5.46578625899607
411,5,29,60,[   0   86 1374 1745 2152 2530],-0.029573263931062153,171.2187711959232,5.46578625899607
412,5,30,0,[   0   82  809  859 1125 2523 2530],-0.005925716269853115,153.5103899834063,8.111801390066821
413,5,30,20,[   0   82  809  859 1125 2530],-0.005925716269853115,153.5103899834063,8.111801390066821
414,5,30,40,[   0   82  809  859 1125 2530],-0.005925716269853115,153.5103899834063,8.111801390066821
415,5,30,60,[   0   82  809 1125 2530],-0.005925716269853115,153.5103899834063,8.111801390066821
416,5,31,0,[   0   79   86 1066 1745 2514 2530],-0.034954372465933525,193.96555942330062,3.9638369403391245
417,5,31,20,[   0   79 1066 1745 2530],-0.034954372465933525,193.96555942330062,3.9638369403391245
418,5,31,40,[   0   79 1066 1745 2530],-0.034954372465933525,193.96555942330062,3.9638369403391245
419,5,31,60,[   0   79 1066 1745 2530],-0.034954372465933525,193.96555942330062,3.9638369403391245
420,5,32,0,[   0   79 1066 1374 2112 2190 2514 2530],-0.004651991749581841,177.04194433523685,9.55072013773341
421,5,32,20,[   0   79 1066 1374 2112 2190 2530],-0.004651991749581841,177.04194433523685,9.55072013773341
422,5,32,40,[   0   79 1066 1374 2112 2190 2530],-0.004651991749581841,177.04194433523685,9.55072013773341
423,5,32,60,[   0   79 1066 1374 2112 2190 2530],-0.004651991749581841,177.04194433523685,9.55072013773341
424,5,33,0,[   0   79   86 1338 1374 1387 2514 2530],0.0002850650613333404,242.9329225835922,4.000268083510114
425,5,33,20,[   0   79 1338 1374 2530],0.0002850650613333404,242.9329225835922,4.000268083510114
426,5,33,40,[   0   79 1374 2530],0.0002850650613333404,242.9329225835922,4.000268083510114
427,5,33,60,[   0   79 1374 2530],0.0002850650613333404,242.9329225835922,4.000268083510114
428,5,34,0,[   0   86 1190 1300 1387 2522 2530],0.11389029300834588,230.0143870565264,4.020609543856764
429,5,34,20,[   0   86 1190 1300 1387 2530],0.11389029300834588,230.0143870565264,4.020609543856764
430,5,34,40,[   0   86 1190 1300 1387 2530],0.11389029300834588,230.0143870565264,4.020609543856764
431,5,34,60,[   0   86 1190 1300 1387 2530],0.11389029300834588,230.0143870565264,4.020609543856764
432,5,35,0,[   0   11   79   86  733 2112 2149 2513 2530],0.11990251810766733,224.46543561339053,7.351400247753243
433,5,35,20,[   0   79 2112 2149 2530],0.11990251810766733,224.46543561339053,7.351400247753243
434,5,35,40,[   0   79 2112 2530],0.11990251810766733,224.46543561339053,7.351400247753243
435,5,35,60,[   0   79 2112 2530],0.11990251810766733,224.46543561339053,7.351400247753243
436,5,36,0,[   0   86  909  972 1338 2522 2530],-0.0037774700043839244,204.64049564471364,3.251040258035405
437,5,36,20,[   0   86  909  972 1338 2530],-0.0037774700043839244,204.64049564471364,3.251040258035405
438,5,36,40,[   0   86  909  972 1338 2530],-0.0037774700043839244,204.64049564471364,3.251040258035405
439,5,36,60,[   0   86  909  972 1338 2530],-0.0037774700043839244,204.64049564471364,3.251040258035405
440,5,37,0,[   0   82  809  859 2112 2513 2530],0.08037989472919682,243.8634729097797,6.193467387388273
441,5,37,20,[   0   82  809  859 2112 2154 2530],0.08037989472919682,243.8634729097797,6.193467387388273
442,5,37,40,[   0   82  809  859 2112 2154 2530],0.08037989472919682,243.8634729097797,6.193467387388273
443,5,37,60,[   0   82  809 2112 2530],0.08037989472919682,243.8634729097797,6.193467387388273
444,5,38,0,[   0   82  809  859 2512 2530],0.08923409856454094,273.6232754538311,8.103144177754151
445,5,38,20,[   0   82  809  859 2530],0.08923409856454094,273.6232754538311,8.103144177754151
446,5,38,40,[   0   82  809  859 2530],0.08923409856454094,273.6232754538311,8.103144177754151
447,5,38,60,[   0   82  859 2530],0.08923409856454094,273.6232754538311,8.103144177754151
448,5,39,0,[   0   86 1745 2512 2530],-0.012655926387838625,217.7089595663447,3.2464449329764813
449,5,39,20,[   0   86  859 1745 2154 2530],-0.012655926387838625,217.7089595663447,3.2464449329764813
450,5,39,40,[   0   86  859 1745 2154 2530],-0.012655926387838625,217.7089595663447,3.2464449329764813
451,5,39,60,[   0   86  859 1745 2154 2530],-0.012655926387838625,217.7089595663447,3.2464449329764813
452,5,40,0,[   0   83 1555 2513 2530],0.11198911622875168,286.3925976478651,5.610042866647989
453,5,40,20,[   0   83 1555 1609 2262 2530],0.11198911622875168,286.3925976478651,5.610042866647989
454,5,40,40,[   0   83 1555 1609 2262 2530],0.11198911622875168,286.3925976478651,5.610042866647989
455,5,40,60,[   0   83 1555 2262 2530],0.11198911622875168,286.3925976478651,5.610042866647989
456,5,41,0,[   0   11   83   86 2262 2367 2498 2513 2522 2530],0.11479331092798876,308.7939249923086,4.0961914634915555
457,5,41,20,[   0   83 2262 2367 2530],0.11479331092798876,308.7939249923086,4.0961914634915555
458,5,41,40,[   0   83 2262 2367 2530],0.11479331092798876,308.7939249923086,4.0961914634915555
459,5,41,60,[   0   83 2262 2367 2530],0.11479331092798876,308.7939249923086,4.0961914634915555
460,5,42,0,[   0   86  713  722 2513 2530],0.1452784006652768,299.48400922941164,1.6642724250362992
461,5,42,20,[   0   86  713 2487 2530],0.1452784006652768,299.48400922941164,1.6642724250362992
462,5,42,40,[   0   86  713 2487 2530],0.1452784006652768,299.48400922941164,1.6642724250362992
463,5,42,60,[   0   86  713 2530],0.1452784006652768,299.48400922941164,1.6642724250362992
464,5,43,0,[   0   11   19   41  876 1609 1935 2498 2513 2530],0.084997264504074,267.416955792018,2.274610843962514
465,5,43,20,[   0   41  876 1609 1935 2530],0.084997264504074,267.416955792018,2.274610843962514
466,5,43,40,[   0   41  876 1609 1935 2530],0.084997264504074,267.416955792018,2.274610843962514
467,5,43,60,[   0  876 1609 1935 2530],0.084997264504074,267.416955792018,2.274610843962514
468,5,44,0,[   0  223 1161 2487 2513 2530],0.09612422971978146,305.1553235561077,2.562902720368018
469,5,44,20,[   0  223 1161 2487 2530],0.09612422971978146,305.1553235561077,2.562902720368018
470,5,44,40,[   0  223 1161 2487 2530],0.09612422971978146,305.1553235561077,2.562902720368018
471,5,44,60,[   0  223 1161 2530],0.09612422971978146,305.1553235561077,2.562902720368018
472,5,45,0,[   0   16   19 2287 2367 2487 2513 2530],0.12635822576570557,291.01170921722877,4.29499630137294
473,5,45,20,[   0 2287 2367 2487 2530],0.12635822576570557,291.01170921722877,4.29499630137294
474,5,45,40,[   0 2287 2367 2487 2530],0.12635822576570557,291.01170921722877,4.29499630137294
475,5,45,60,[   0 2287 2367 2530],0.12635822576570557,291.01170921722877,4.29499630137294
476,5,46,0,[   0  713  722 2513 2530],0.14814650179221794,322.35827595142246,1.5530982028077727
477,5,46,20,[   0   41  713 2487 2530],0.14814650179221794,322.35827595142246,1.5530982028077727
478,5,46,40,[   0   41  713 2487 2530],0.14814650179221794,322.35827595142246,1.5530982028077727
479,5,46,60,[   0  713 2530],0.14814650179221794,322.35827595142246,1.5530982028077727
480,5,47,0,[   0   11   19  924  978 2513 2530],0.13152847058907416,273.992176818685,4.013100635747161
481,5,47,20,[   0  924  978 2530],0.13152847058907416,273.992176818685,4.013100635747161
482,5,47,40,[   0  924  978 2530],0.13152847058907416,273.992176818685,4.013100635747161
483,5,47,60,[   0  978 2530],0.13152847058907416,273.992176818685,4.013100635747161
484,5,48,0,[   0    6   19  876 2511 2512 2513 2522 2530],0.08756874462733769,317.84599797014664,2.07943729885006
485,5,48,20,[   0  876 2530],0.08756874462733769,317.84599797014664,2.07943729885006
486,5,48,40,[   0  876 2530],0.08756874462733769,317.84599797014664,2.07943729885006
487,5,48,60,[   0  876 2530],0.08756874462733769,317.84599797014664,2.07943729885006
488,5,49,0,[   0    6   16   19 1537 1610 2511 2513 2522 2530],0.135888539436741,308.0657461403563,6.888876259688404
489,5,49,20,[   0 1537 1610 2530],0.135888539436741,308.0657461403563,6.888876259688404
490,5,49,40,[   0 1537 1610 2530],0.135888539436741,308.0657461403563,6.888876259688404
491,5,49,60,[   0 1537 1610 2530],0.135888539436741,308.0657461403563,6.888876259688404
492,5,50,0,[   0    1    6   16   19 2453 2512 2513 2523 2530],0.09380977310998938,310.00243823311536,2.2849189390829965
493,5,50,20,[   0 2453 2530],0.09380977310998938,310.00243823311536,2.2849189390829965
494,5,50,40,[   0 2453 2530],0.09380977310998938,310.00243823311536,2.2849189390829965
495,5,50,60,[   0 2453 2530],0.09380977310998938,310.00243823311536,2.2849189390829965
496,6,20,0,[   0  713  722  835 1128 2530],-0.00044631978986995404,96.19649724943251,10.303817753442264
497,6,20,20,[   0  713  835  859 1028 1128 2138 2160 2530],-0.00044631978986995404,96.19649724943251,10.303817753442264
498,6,20,40,[   0  713  835 1028 1128 2530],-0.00044631978986995404,96.19649724943251,10.303817753442264
499,6,20,60,[   0  713  835 1028 1128 2530],-0.00044631978986995404,96.19649724943251,10.303817753442264
500,6,21,0,[   0   18  558  722  733  923 1374 1469 1672 2513 2528 2530],-0.017276262714812,102.16796966965886,6.1771882121717105
501,6,21,20,[   0  558  733  923 1374 1469 1672 2530],-0.017276262714812,102.16796966965886,6.1771882121717105
502,6,21,40,[   0  558  733  923 1374 1469 1672 2530],-0.017276262714812,102.16796966965886,6.1771882121717105
503,6,21,60,[   0  558  733  923 1374 1469 1672 2530],-0.017276262714812,102.16796966965886,6.1771882121717105
504,6,22,0,[   0   18  706  722  745  921  950 1233 2528 2530],-0.010779566818909287,107.0175483991194,4.728370392524507
505,6,22,20,[   0  706  745  921  950 1233 2530],-0.010779566818909287,107.0175483991194,4.728370392524507
506,6,22,40,[   0  558  706  855  950 1233 2530],-0.010779566818909287,107.0175483991194,4.728370392524507
507,6,22,60,[   0  558  706  855  950 1233 2530],-0.010779566818909287,107.0175483991194,4.728370392524507
508,6,23,0,[   0   79  516  565  708  745  923 1810 2528 2530],-0.05771764304313157,108.88094646413421,8.50739394224093
509,6,23,20,[   0   79  516  565  708  745  923 1810 2530],-0.05771764304313157,108.88094646413421,8.50739394224093
510,6,23,40,[   0   79  516  565  745  923 1810 2530],-0.05771764304313157,108.88094646413421,8.50739394224093
511,6,23,60,[   0   79  565  745  923 1810 2530],-0.05771764304313157,108.88094646413421,8.50739394224093
512,6,24,0,[   0   82  713  722 1374 2513 2530],-0.058634674566272055,128.2927862682223,7.379024023534812
513,6,24,20,[   0   82  713  859 1374 2530],-0.058634674566272055,128.2927862682223,7.379024023534812
514,6,24,40,[   0   82  713  859 1374 2530],-0.058634674566272055,128.2927862682223,7.379024023534812
515,6,24,60,[   0   82  713  859 1374 2530],-0.058634674566272055,128.2927862682223,7.379024023534812
516,6,25,0,[   0  705  733  921  950 1745 2513 2530],-0.050742052021996595,141.20451040712138,5.318413212707131
517,6,25,20,[   0  705  733  921  950 1745 2530],-0.050742052021996595,141.20451040712138,5.318413212707131
518,6,25,40,[   0  565  705  921 1745 2530],-0.050742052021996595,141.20451040712138,5.318413212707131
519,6,25,60,[   0  565  705  921 1745 2530],-0.050742052021996595,141.20451040712138,5.318413212707131
520,6,26,0,[   0   82  673  745  923  950 1190 2513 2530],0.016916429314049092,147.06409379607626,7.4214894566578
521,6,26,20,[   0   82  673  745  923  950 1190 2530],0.016916429314049092,147.06409379607626,7.4214894566578
522,6,26,40,[   0   82  673  745  923 1190 2530],0.016916429314049092,147.06409379607626,7.4214894566578
523,6,26,60,[   0   82  673  745  923 1190 2530],0.016916429314049092,147.06409379607626,7.4214894566578
524,6,27,0,[   0   82  705  733  923 1125 2513 2530],0.026810930525237357,140.34003306538114,8.586968589649619
525,6,27,20,[   0   82  705  733  923 1125 2530],0.026810930525237357,140.34003306538114,8.586968589649619
526,6,27,40,[   0   82  705  923 1125 2530],0.026810930525237357,140.34003306538114,8.586968589649619
527,6,27,60,[   0   82  705  923 1125 2530],0.026810930525237357,140.34003306538114,8.586968589649619
528,6,28,0,[   0  705  733 1469 2514 2530],0.10827609314096541,169.46820840282228,5.961112009577718
529,6,28,20,[   0  705  733 1469 2530],0.10827609314096541,169.46820840282228,5.961112009577718
530,6,28,40,[   0  705  909 1469 1610 2530],0.10827609314096541,169.46820840282228,5.961112009577718
531,6,28,60,[   0  705  909 1469 1610 2530],0.10827609314096541,169.46820840282228,5.961112009577718
532,6,29,0,[   0   10   86 1338 1374 1745 2190 2514 2530],-0.02478001670403837,156.31824955588775,8.915284596584799
533,6,29,20,[   0   86 1338 1374 1745 2152 2190 2530],-0.02478001670403837,156.31824955588775,8.915284596584799
534,6,29,40,[   0   86 1374 1745 2190 2530],-0.02478001670403837,156.31824955588775,8.915284596584799
535,6,29,60,[   0   86 1374 1745 2190 2530],-0.02478001670403837,156.31824955588775,8.915284596584799
536,6,30,0,[   0   82  809  859 1125 2523 2530],-0.047577496417422725,142.96782171372698,7.427322166564932
537,6,30,20,[   0   82  809  859 1125 2530],-0.047577496417422725,142.96782171372698,7.427322166564932
538,6,30,40,[   0   82  809  859 1125 2530],-0.047577496417422725,142.96782171372698,7.427322166564932
539,6,30,60,[   0   82  809  921 1125 2530],-0.047577496417422725,142.96782171372698,7.427322166564932
540,6,31,0,[   0   79   86 1066 1374 1387 1745 2514 2530],-0.02618316468262484,172.87697079638943,5.281555553317563
541,6,31,20,[   0   79 1066 1745 2530],-0.02618316468262484,172.87697079638943,5.281555553317563
542,6,31,40,[   0   79 1066 1745 2530],-0.02618316468262484,172.87697079638943,5.281555553317563
543,6,31,60,[   0   79 1066 1745 2530],-0.02618316468262484,172.87697079638943,5.281555553317563
544,6,32,0,[   0   79  713  722 1066 2514 2530],-0.029794192057502476,159.23256365187873,8.222819109766233
545,6,32,20,[   0   79  713 1066 1374 2112 2190 2530],-0.029794192057502476,159.23256365187873,8.222819109766233
546,6,32,40,[   0   79  713 1066 1374 2112 2190 2530],-0.029794192057502476,159.23256365187873,8.222819109766233
547,6,32,60,[   0   79  713 1066 1374 2112 2190 2530],-0.029794192057502476,159.23256365187873,8.222819109766233
548,6,33,0,[   0   79   86 1338 1374 1387 1671 2514 2530],-0.004417621038672582,210.94050631100333,5.1882214333088355
549,6,33,20,[   0   79 1338 1374 2530],-0.004417621038672582,210.94050631100333,5.1882214333088355
550,6,33,40,[   0   79 1374 2530],-0.004417621038672582,210.94050631100333,5.1882214333088355
551,6,33,60,[   0   79 1374 2530],-0.004417621038672582,210.94050631100333,5.1882214333088355
552,6,34,0,[   0   86 1190 1300 1387 2112 2190 2513 2530],0.11659285585754163,203.04095287563757,4.401623644480552
553,6,34,20,[   0   86 1190 1300 1387 2112 2190 2530],0.11659285585754163,203.04095287563757,4.401623644480552
554,6,34,40,[   0   86 1190 1300 1387 2112 2190 2530],0.11659285585754163,203.04095287563757,4.401623644480552
555,6,34,60,[   0   86 1190 1300 1387 2112 2190 2530],0.11659285585754163,203.04095287563757,4.401623644480552
556,6,35,0,[   0   11   79   86  733 1671 2112 2149 2154 2513 2530],0.11139814143706217,192.84790317459698,6.486660439262317
557,6,35,20,[   0   79  733 1671 2112 2154 2530],0.11139814143706217,192.84790317459698,6.486660439262317
558,6,35,40,[   0   79  733 1671 2112 2154 2530],0.11139814143706217,192.84790317459698,6.486660439262317
559,6,35,60,[   0   79 1671 2530],0.11139814143706217,192.84790317459698,6.486660439262317
560,6,36,0,[   0   86  909  972 1338 1374 2522 2530],-0.001911400850405743,181.3881201815169,4.842500188166771
561,6,36,20,[   0   86  909  972 1338 1374 2530],-0.001911400850405743,181.3881201815169,4.842500188166771
562,6,36,40,[   0   86  909  972 1374 2530],-0.001911400850405743,181.3881201815169,4.842500188166771
563,6,36,60,[   0   86  909  972 1374 2530],-0.001911400850405743,181.3881201815169,4.842500188166771
564,6,37,0,[   0   82  809  859 2112 2190 2513 2530],0.07466572484054812,218.22365481742838,6.098360642060384
565,6,37,20,[   0   82  809  859 2112 2190 2530],0.07466572484054812,218.22365481742838,6.098360642060384
566,6,37,40,[   0   82  809  859 2112 2190 2530],0.07466572484054812,218.22365481742838,6.098360642060384
567,6,37,60,[   0   82 2112 2190 2530],0.07466572484054812,218.22365481742838,6.098360642060384
568,6,38,0,[   0   82  713  722  809  859 2512 2530],0.09246510694441251,235.08196906809178,6.878847013200111
569,6,38,20,[   0   82  713  809  859 2530],0.09246510694441251,235.08196906809178,6.878847013200111
570,6,38,40,[   0   82  713  809  859 2530],0.09246510694441251,235.08196906809178,6.878847013200111
571,6,38,60,[   0   82  713  809 2530],0.09246510694441251,235.08196906809178,6.878847013200111
572,6,39,0,[   0   83  809  859 1745 2512 2530],-0.029243016792740523,212.37580533060355,11.064747264931578
573,6,39,20,[   0   83  809  859 1745 2530],-0.029243016792740523,212.37580533060355,11.064747264931578
574,6,39,40,[   0   83  809  859 1745 2530],-0.029243016792740523,212.37580533060355,11.064747264931578
575,6,39,60,[   0   83  809 1745 2530],-0.029243016792740523,212.37580533060355,11.064747264931578
576,6,40,0,[   0   11   83   86 1555 1609 2262 2367 2512 2513 2522 2530],0.11384180721542927,251.32509358794073,5.957318853005023
577,6,40,20,[   0   83 1555 1609 2262 2367 2530],0.11384180721542927,251.32509358794073,5.957318853005023
578,6,40,40,[   0   83 1555 1609 2262 2367 2530],0.11384180721542927,251.32509358794073,5.957318853005023
579,6,40,60,[   0   83 1555 2367 2530],0.11384180721542927,251.32509358794073,5.957318853005023
580,6,41,0,[   0   83  713  722 2513 2530],0.11812198557686747,264.37395803542535,3.530932760602731
581,6,41,20,[   0   83  713 2262 2367 2530],0.11812198557686747,264.37395803542535,3.530932760602731
582,6,41,40,[   0   83  713 2262 2367 2530],0.11812198557686747,264.37395803542535,3.530932760602731
583,6,41,60,[   0   83  713 2262 2367 2530],0.11812198557686747,264.37395803542535,3.530932760602731
584,6,42,0,[   0   86  713  722 1671 2513 2530],0.13724499978959678,248.11732938785082,1.8847270209799802
585,6,42,20,[   0   86 1671 2487 2530],0.13724499978959678,248.11732938785082,1.8847270209799802
586,6,42,40,[   0   86 1671 2487 2530],0.13724499978959678,248.11732938785082,1.8847270209799802
587,6,42,60,[   0   86 1671 2530],0.13724499978959678,248.11732938785082,1.8847270209799802
588,6,43,0,[   0   11   19   41  876 1609 1671 1935 2154 2498 2513 2530],0.07629874004953366,234.19449870916287,2.443518753692425
589,6,43,20,[   0   41  876 1609 1671 1935 2154 2530],0.07629874004953366,234.19449870916287,2.443518753692425
590,6,43,40,[   0   41  876 1609 1671 1935 2154 2530],0.07629874004953366,234.19449870916287,2.443518753692425
591,6,43,60,[   0  876 1609 1671 1935 2154 2530],0.07629874004953366,234.19449870916287,2.443518753692425
592,6,44,0,[   0   16   19  223 1161 1300 1554 2487 2513 2530],0.06847455798814205,263.2243057081016,4.336061914242717
593,6,44,20,[   0  223 1161 1300 1554 2487 2530],0.06847455798814205,263.2243057081016,4.336061914242717
594,6,44,40,[   0  223 1161 1300 1554 2487 2530],0.06847455798814205,263.2243057081016,4.336061914242717
595,6,44,60,[   0  223 1161 1300 1554 2530],0.06847455798814205,263.2243057081016,4.336061914242717
596,6,45,0,[   0  713  722 2513 2530],0.12960972645164748,249.71499891045335,3.702314300346165
597,6,45,20,[   0  713 2287 2367 2487 2530],0.12960972645164748,249.71499891045335,3.702314300346165
598,6,45,40,[   0  713 2287 2367 2487 2530],0.12960972645164748,249.71499891045335,3.702314300346165
599,6,45,60,[   0  713 2287 2367 2530],0.12960972645164748,249.71499891045335,3.702314300346165
600,6,46,0,[   0  713  722 1044 1925 2513 2530],0.10610427457236188,272.7584626955805,2.0278322009617296
601,6,46,20,[   0   41  713 1044 1925 2487 2530],0.10610427457236188,272.7584626955805,2.0278322009617296
602,6,46,40,[   0   41  713 1044 1925 2487 2530],0.10610427457236188,272.7584626955805,2.0278322009617296
603,6,46,60,[   0  713 1044 1925 2530],0.10610427457236188,272.7584626955805,2.0278322009617296
604,6,47,0,[   0  713  722  924  978 2513 2530],0.13430065318903614,236.12698653017688,3.3632636044496915
605,6,47,20,[   0  713  924  978 2530],0.13430065318903614,236.12698653017688,3.3632636044496915
606,6,47,40,[   0  713  924  978 2530],0.13430065318903614,236.12698653017688,3.3632636044496915
607,6,47,60,[   0  713  978 2530],0.13430065318903614,236.12698653017688,3.3632636044496915
608,6,48,0,[   0  713  722 2513 2530],0.0909377179194157,272.1169327371932,1.852789595198045
609,6,48,20,[   0  713  876 2530],0.0909377179194157,272.1169327371932,1.852789595198045
610,6,48,40,[   0  713  876 2530],0.0909377179194157,272.1169327371932,1.852789595198045
611,6,48,60,[   0  713  876 2530],0.0909377179194157,272.1169327371932,1.852789595198045
612,6,49,0,[   0  713  722 1537 2513 2530],0.13913572555243994,263.7412438468302,5.861374673570264
613,6,49,20,[   0  713 1537 1610 2530],0.13913572555243994,263.7412438468302,5.861374673570264
614,6,49,40,[   0  713 1537 1610 2530],0.13913572555243994,263.7412438468302,5.861374673570264
615,6,49,60,[   0  713 1537 1610 2530],0.13913572555243994,263.7412438468302,5.861374673570264
616,6,50,0,[   0    6   16   19   29  909 2453 2512 2513 2523 2530],0.09230810579659807,261.34765942121703,2.5592592455089993
617,6,50,20,[   0   29  909 2453 2530],0.09230810579659807,261.34765942121703,2.5592592455089993
618,6,50,40,[   0  909 2453 2530],0.09230810579659807,261.34765942121703,2.5592592455089993
619,6,50,60,[   0  909 2453 2530],0.09230810579659807,261.34765942121703,2.5592592455089993
620,7,20,0,[   0  713  722  835  859 1128 2028 2160 2530],-0.0064949913574854435,89.87129269538374,9.723071970904956
621,7,20,20,[   0  713  835  859 1028 1128 2028 2160 2530],-0.0064949913574854435,89.87129269538374,9.723071970904956
622,7,20,40,[   0  713  835 1028 1128 2028 2160 2530],-0.0064949913574854435,89.87129269538374,9.723071970904956
623,7,20,60,[   0  713  835 1028 1128 2028 2160 2530],-0.0064949913574854435,89.87129269538374,9.723071970904956
624,7,21,0,[   0  713  722 1374 2513 2530],-0.016358097206396357,97.71386455406567,5.382703998642973
625,7,21,20,[   0  558  713  923 1374 1469 1672 2530],-0.016358097206396357,97.71386455406567,5.382703998642973
626,7,21,40,[   0  558  713  923 1374 1469 1672 2530],-0.016358097206396357,97.71386455406567,5.382703998642973
627,7,21,60,[   0  558  713  923 1374 1469 1672 2530],-0.016358097206396357,97.71386455406567,5.382703998642973
628,7,22,0,[   0  706  722  745  921  950 1233 1810 2513 2530],-0.07079239725591151,102.38009922974773,4.313571358854223
629,7,22,20,[   0  706  745  921  950 1233 1810 2530],-0.07079239725591151,102.38009922974773,4.313571358854223
630,7,22,40,[   0  558  706  855  950 1233 1810 2530],-0.07079239725591151,102.38009922974773,4.313571358854223
631,7,22,60,[   0  558  706  855  950 1233 1810 2530],-0.07079239725591151,102.38009922974773,4.313571358854223
632,7,23,0,[   0   79  516  565  708  745  923 1374 1810 2528 2530],-0.11202847944701562,103.11002126217835,8.580583033235312
633,7,23,20,[   0   79  516  565  708  745  923 1374 1810 2530],-0.11202847944701562,103.11002126217835,8.580583033235312
634,7,23,40,[   0   79  516  565  745  923 1374 1810 2530],-0.11202847944701562,103.11002126217835,8.580583033235312
635,7,23,60,[   0   79  565  745  923 1374 1810 2530],-0.11202847944701562,103.11002126217835,8.580583033235312
636,7,24,0,[   0   82  713  722  809  859 1374 2513 2530],-0.08519609026431754,116.80671774695361,9.98854507034018
637,7,24,20,[   0   82  516  565  713  809  859 1374 2530],-0.08519609026431754,116.80671774695361,9.98854507034018
638,7,24,40,[   0   82  516  565  713  809  859 1374 2530],-0.08519609026431754,116.80671774695361,9.98854507034018
639,7,24,60,[   0   82  713  809  921 1374 2530],-0.08519609026431754,116.80671774695361,9.98854507034018
640,7,25,0,[   0  713  722  921  950 1745 2513 2530],-0.0462909396531217,131.44984953874066,4.66247732251775
641,7,25,20,[   0  565  713  921  950 1745 2530],-0.0462909396531217,131.44984953874066,4.66247732251775
642,7,25,40,[   0  565  713  950 1745 2530],-0.0462909396531217,131.44984953874066,4.66247732251775
643,7,25,60,[   0  565  713  950 1745 2530],-0.0462909396531217,131.44984953874066,4.66247732251775
644,7,26,0,[   0   82  713  722 1190 2513 2530],0.014899058144234653,136.82809308881224,7.380701761850956
645,7,26,20,[   0   82  673  713  745  923  950 1190 2530],0.014899058144234653,136.82809308881224,7.380701761850956
646,7,26,40,[   0   82  673  745  923 1190 2530],0.014899058144234653,136.82809308881224,7.380701761850956
647,7,26,60,[   0   82  673  745  923 1190 2530],0.014899058144234653,136.82809308881224,7.380701761850956
648,7,27,0,[   0   82  713  722  923 1125 2513 2530],0.02595273174865141,130.40364801894378,8.477425414552405
649,7,27,20,[   0   82  713  923  950 1125 2530],0.02595273174865141,130.40364801894378,8.477425414552405
650,7,27,40,[   0   82  713  923 1125 2530],0.02595273174865141,130.40364801894378,8.477425414552405
651,7,27,60,[   0   82  713  923 1125 2530],0.02595273174865141,130.40364801894378,8.477425414552405
652,7,28,0,[   0  713  722 1469 2514 2530],0.1092711662147749,151.9366686437154,5.235043496884873
653,7,28,20,[   0  713  909 1469 1610 2530],0.1092711662147749,151.9366686437154,5.235043496884873
654,7,28,40,[   0  713  909 1469 1610 2530],0.1092711662147749,151.9366686437154,5.235043496884873
655,7,28,60,[   0  713  909 1469 1610 2530],0.1092711662147749,151.9366686437154,5.235043496884873
656,7,29,0,[   0   10   86  211  733 1338 1374 1745 2152 2190 2514 2530],-0.010851262584397718,144.8231828845221,8.960842772768085
657,7,29,20,[   0   86  211  733 1338 1374 1745 2152 2190 2530],-0.010851262584397718,144.8231828845221,8.960842772768085
658,7,29,40,[   0   86  211  733 1374 1745 2190 2530],-0.010851262584397718,144.8231828845221,8.960842772768085
659,7,29,60,[   0   86  211  733 1374 1745 2190 2530],-0.010851262584397718,144.8231828845221,8.960842772768085
660,7,30,0,[   0   82  809  859 1125 1610 1957 2523 2530],-0.05875372362993283,134.9139930642805,8.358242600576316
661,7,30,20,[   0   82  809  859 1125 1610 1957 2530],-0.05875372362993283,134.9139930642805,8.358242600576316
662,7,30,40,[   0   82  809  859 1125 1610 1957 2530],-0.05875372362993283,134.9139930642805,8.358242600576316
663,7,30,60,[   0   82  809  921 1125 1610 1957 2530],-0.05875372362993283,134.9139930642805,8.358242600576316
664,7,31,0,[   0   79   86 1066 1128 1336 1374 1387 1745 2514 2530],-0.0602784471184264,147.6685091098225,5.760627420621224
665,7,31,20,[   0   79 1066 1128 1336 1374 1745 2530],-0.0602784471184264,147.6685091098225,5.760627420621224
666,7,31,40,[   0   79 1066 1128 1336 1745 2530],-0.0602784471184264,147.6685091098225,5.760627420621224
667,7,31,60,[   0   79 1066 1128 1336 1745 2530],-0.0602784471184264,147.6685091098225,5.760627420621224
668,7,32,0,[   0   79  713  722 1128 1338 1374 2514 2530],-0.04227114705647079,145.89776531221838,9.90499610026157
669,7,32,20,[   0   79  713 1066 1128 1338 1374 2112 2190 2530],-0.04227114705647079,145.89776531221838,9.90499610026157
670,7,32,40,[   0   79  713 1066 1128 1338 2112 2190 2530],-0.04227114705647079,145.89776531221838,9.90499610026157
671,7,32,60,[   0   79  713 1066 1128 1338 2112 2190 2530],-0.04227114705647079,145.89776531221838,9.90499610026157
672,7,33,0,[   0   79  713  722 1374 2514 2530],-0.00145335684589409,187.540021663221,4.600581488771183
673,7,33,20,[   0   79  713 1338 1374 2530],-0.00145335684589409,187.540021663221,4.600581488771183
674,7,33,40,[   0   79  713 1374 2530],-0.00145335684589409,187.540021663221,4.600581488771183
675,7,33,60,[   0   79  713 1374 2530],-0.00145335684589409,187.540021663221,4.600581488771183
676,7,34,0,[   0   86  713  722 1190 2513 2530],0.11893653036304737,181.14617795471133,3.9047947761948065
677,7,34,20,[   0   86  713 1190 1300 1387 2112 2190 2530],0.11893653036304737,181.14617795471133,3.9047947761948065
678,7,34,40,[   0   86  713 1190 1300 1387 2112 2190 2530],0.11893653036304737,181.14617795471133,3.9047947761948065
679,7,34,60,[   0   86  713 1190 1300 1387 2112 2190 2530],0.11893653036304737,181.14617795471133,3.9047947761948065
680,7,35,0,[   0   79  713  722 1671 2513 2530],0.11360979658633102,172.1651051704403,5.752898201475093
681,7,35,20,[   0   79  733 1671 2112 2154 2530],0.11360979658633102,172.1651051704403,5.752898201475093
682,7,35,40,[   0   79  733 1671 2112 2154 2530],0.11360979658633102,172.1651051704403,5.752898201475093
683,7,35,60,[   0   79 1671 2530],0.11360979658633102,172.1651051704403,5.752898201475093
684,7,36,0,[   0   86  909  972 1338 1374 2112 2190 2513 2530],-0.002404198526649057,168.04624839577835,6.639085485576767
685,7,36,20,[   0   86  909  972 1338 1374 2112 2190 2530],-0.002404198526649057,168.04624839577835,6.639085485576767
686,7,36,40,[   0   86  909  972 1374 2112 2190 2530],-0.002404198526649057,168.04624839577835,6.639085485576767
687,7,36,60,[   0   86  909  972 1374 2112 2190 2530],-0.002404198526649057,168.04624839577835,6.639085485576767
688,7,37,0,[   0   82  809  859 1046 1935 2190 2513 2530],0.06258383921659935,196.60651833171067,4.002148168118318
689,7,37,20,[   0   82  809  859 1046 1935 2190 2530],0.06258383921659935,196.60651833171067,4.002148168118318
690,7,37,40,[   0   82  809  859 1046 1935 2190 2530],0.06258383921659935,196.60651833171067,4.002148168118318
691,7,37,60,[   0   82  809 1046 1935 2190 2530],0.06258383921659935,196.60651833171067,4.002148168118318
692,7,38,0,[   0   82  713  722  809  859 2512 2530],0.0884375884188741,202.33762544399687,7.026839196979927
693,7,38,20,[   0   82  713  809  859 2154 2226 2262 2530],0.0884375884188741,202.33762544399687,7.026839196979927
694,7,38,40,[   0   82  713  809  859 2154 2226 2530],0.0884375884188741,202.33762544399687,7.026839196979927
695,7,38,60,[   0   82  713  809 2154 2226 2530],0.0884375884188741,202.33762544399687,7.026839196979927
696,7,39,0,[   0   83  713  722  809  859 1745 2512 2530],-0.025785620091424922,190.86843583594657,9.592332875290776
697,7,39,20,[   0   83  713  809  859 1745 2530],-0.025785620091424922,190.86843583594657,9.592332875290776
698,7,39,40,[   0   83  713  809  859 1745 2530],-0.025785620091424922,190.86843583594657,9.592332875290776
699,7,39,60,[   0   83  713  809 1745 2530],-0.025785620091424922,190.86843583594657,9.592332875290776
700,7,40,0,[   0   83  713  722 1555 2513 2530],0.11724161099448226,224.23918929014874,5.205420706402179
701,7,40,20,[   0   83  713 1555 1609 2262 2367 2530],0.11724161099448226,224.23918929014874,5.205420706402179
702,7,40,40,[   0   83  713 1555 1609 2262 2367 2530],0.11724161099448226,224.23918929014874,5.205420706402179
703,7,40,60,[   0   83 1555 2367 2530],0.11724161099448226,224.23918929014874,5.205420706402179
704,7,41,0,[   0   83  713  722 1161 2513 2530],0.11163710062811934,230.52333520978937,3.4168003933944746
705,7,41,20,[   0   83  713  770 1161 2367 2530],0.11163710062811934,230.52333520978937,3.4168003933944746
706,7,41,40,[   0   83  713  770 1161 2367 2530],0.11163710062811934,230.52333520978937,3.4168003933944746
707,7,41,60,[   0   83  770 1161 2367 2530],0.11163710062811934,230.52333520978937,3.4168003933944746
708,7,42,0,[   0   86  713  722 1385 1609 1671 2513 2530],0.1327159926270036,213.94713150453325,2.5346506148812002
709,7,42,20,[   0   86  713 1385 1609 1671 2487 2530],0.1327159926270036,213.94713150453325,2.5346506148812002
710,7,42,40,[   0   86  713 1385 1609 1671 2487 2530],0.1327159926270036,213.94713150453325,2.5346506148812002
711,7,42,60,[   0   86  713 1385 1609 1671 2530],0.1327159926270036,213.94713150453325,2.5346506148812002
712,7,43,0,[   0   11   19   41  876 1609 1671 1935 2154 2226 2487 2498 2513 2530],0.08017616092945207,211.01597441643878,3.036657121708093
713,7,43,20,[   0   41 1609 1671 1935 2226 2487 2530],0.08017616092945207,211.01597441643878,3.036657121708093
714,7,43,40,[   0   41 1609 1671 1935 2226 2487 2530],0.08017616092945207,211.01597441643878,3.036657121708093
715,7,43,60,[   0 1609 1671 1935 2226 2530],0.08017616092945207,211.01597441643878,3.036657121708093
716,7,44,0,[   0  223  713  722 1161 2513 2530],0.07195867996475688,234.85323563762506,3.8178316920517363
717,7,44,20,[   0  223  713 1161 2487 2530],0.07195867996475688,234.85323563762506,3.8178316920517363
718,7,44,40,[   0  223  713 1161 2487 2530],0.07195867996475688,234.85323563762506,3.8178316920517363
719,7,44,60,[   0  223  713 1161 2530],0.07195867996475688,234.85323563762506,3.8178316920517363
720,7,45,0,[   0  713  722 1453 2513 2530],0.10364295973600435,218.33721529434956,3.627519339201798
721,7,45,20,[   0  713  859 1453 2487 2530],0.10364295973600435,218.33721529434956,3.627519339201798
722,7,45,40,[   0  713  859 1453 2487 2530],0.10364295973600435,218.33721529434956,3.627519339201798
723,7,45,60,[   0  713  859 1453 2367 2530],0.10364295973600435,218.33721529434956,3.627519339201798
724,7,46,0,[   0  713  722  809 1044 1925 2513 2530],0.07716781072893614,240.6522431325451,4.2101531418988944
725,7,46,20,[   0  713  809 1044 1925 2487 2530],0.07716781072893614,240.6522431325451,4.2101531418988944
726,7,46,40,[   0  713  809 1044 1925 2487 2530],0.07716781072893614,240.6522431325451,4.2101531418988944
727,7,46,60,[   0  713  809 1044 1925 2530],0.07716781072893614,240.6522431325451,4.2101531418988944
728,7,47,0,[   0  713  722  924 1044 1925 2513 2530],0.09147351131902332,209.39695724274495,3.436590526146914
729,7,47,20,[   0  713  924 1044 1925 2530],0.09147351131902332,209.39695724274495,3.436590526146914
730,7,47,40,[   0  713  924 1044 1925 2530],0.09147351131902332,209.39695724274495,3.436590526146914
731,7,47,60,[   0  713  924 1044 1925 2530],0.09147351131902332,209.39695724274495,3.436590526146914
732,7,48,0,[   0  713  722 1161 2513 2530],0.07026538470025948,240.7989990252961,2.335269643709618
733,7,48,20,[   0  713  876 1161 2530],0.07026538470025948,240.7989990252961,2.335269643709618
734,7,48,40,[   0  713  876 1161 2530],0.07026538470025948,240.7989990252961,2.335269643709618
735,7,48,60,[   0  713  876 1161 2530],0.07026538470025948,240.7989990252961,2.335269643709618
736,7,49,0,[   0   84  713  722 1537 2513 2530],0.04778438332954936,234.4403565378312,5.543923977314631
737,7,49,20,[   0   84 1537 2359 2530],0.04778438332954936,234.4403565378312,5.543923977314631
738,7,49,40,[   0   84 1537 2359 2530],0.04778438332954936,234.4403565378312,5.543923977314631
739,7,49,60,[   0   84 1537 2359 2530],0.04778438332954936,234.4403565378312,5.543923977314631
740,7,50,0,[   0    1    6   16   19   29  909 1303 1316 2453 2512 2513 2523 2530],0.0962358339750808,237.86491427778847,2.9097284330901547
741,7,50,20,[   0   29  909 1303 2453 2530],0.0962358339750808,237.86491427778847,2.9097284330901547
742,7,50,40,[   0 1303 2453 2530],0.0962358339750808,237.86491427778847,2.9097284330901547
743,7,50,60,[   0 1303 2453 2530],0.0962358339750808,237.86491427778847,2.9097284330901547
744,8,20,0,[   0  713  722  835  859  921 1028 1128 2028 2160 2530],-0.018723956876996243,82.36556017418563,10.656237899847504
745,8,20,20,[   0  713  835  859  921 1028 1128 2028 2160 2530],-0.018723956876996243,82.36556017418563,10.656237899847504
746,8,20,40,[   0  713  835  921 1028 1128 2028 2160 2530],-0.018723956876996243,82.36556017418563,10.656237899847504
747,8,20,60,[   0  713  835  921 1028 1128 2028 2160 2530],-0.018723956876996243,82.36556017418563,10.656237899847504
748,8,21,0,[   0  713  722  923 1028 1338 1374 2513 2530],-0.04972958203492635,93.72675574009455,6.493713186847351
749,8,21,20,[   0  713  923 1028 1338 1374 2530],-0.04972958203492635,93.72675574009455,6.493713186847351
750,8,21,40,[   0  713  923 1028 1338 1469 2530],-0.04972958203492635,93.72675574009455,6.493713186847351
751,8,21,60,[   0  713  923 1028 1338 1469 2530],-0.04972958203492635,93.72675574009455,6.493713186847351
752,8,22,0,[   0  211  540  558  706  722  745  921  950 1233 1810 2513 2530],-0.08566866078389121,96.49671179975331,6.919653017356086
753,8,22,20,[   0  211  540  706  745  921  950 1233 1810 2530],-0.08566866078389121,96.49671179975331,6.919653017356086
754,8,22,40,[   0  211  540  706  855  950 1233 1810 2530],-0.08566866078389121,96.49671179975331,6.919653017356086
755,8,22,60,[   0  211  540  706  855  950 1233 1810 2530],-0.08566866078389121,96.49671179975331,6.919653017356086
756,8,23,0,[   0   79  516  565  708  745  923  950 1338 1374 1810 2528 2530],-0.11229650216430558,99.84398388186642,9.819111232489433
757,8,23,20,[   0   79  516  565  708  745  923  950 1338 1374 1810 2530],-0.11229650216430558,99.84398388186642,9.819111232489433
758,8,23,40,[   0   79  516  565  745  950 1374 1810 2530],-0.11229650216430558,99.84398388186642,9.819111232489433
759,8,23,60,[   0   79  565  745  950 1374 1810 2530],-0.11229650216430558,99.84398388186642,9.819111232489433
760,8,24,0,[   0   82  713  722  809 1190 2513 2530],-0.0903762700571368,106.47354439242133,10.111455621271514
761,8,24,20,[   0   82  516  565  713  809  859  921  950 1190 2530],-0.0903762700571368,106.47354439242133,10.111455621271514
762,8,24,40,[   0   82  516  565  713  809  859 1190 2530],-0.0903762700571368,106.47354439242133,10.111455621271514
763,8,24,60,[   0   82  713  809  950 1190 2530],-0.0903762700571368,106.47354439242133,10.111455621271514
764,8,25,0,[   0   82  713  722  921  950 1745 2513 2530],-0.07472011525394573,123.77998189234133,6.52102785183501
765,8,25,20,[   0   82  516  565  713  921  950 1745 2530],-0.07472011525394573,123.77998189234133,6.52102785183501
766,8,25,40,[   0   82  516  565  713  950 1745 2530],-0.07472011525394573,123.77998189234133,6.52102785183501
767,8,25,60,[   0   82  713  950 1745 2530],-0.07472011525394573,123.77998189234133,6.52102785183501
768,8,26,0,[   0   82  713  722  745  923  950 1190 1609 1939 2513 2530],0.015379868754586171,125.94135048548185,7.733211256481073
769,8,26,20,[   0   82  673  713  745  923  950 1190 1609 1939 2530],0.015379868754586171,125.94135048548185,7.733211256481073
770,8,26,40,[   0   82  673  745  923 1190 1609 1939 2530],0.015379868754586171,125.94135048548185,7.733211256481073
771,8,26,60,[   0   82  673  745  923 1190 1609 1939 2530],0.015379868754586171,125.94135048548185,7.733211256481073
772,8,27,0,[   0   82  713  722  923 1125 2513 2530],0.017453951085961653,121.82505406280173,5.604134824226675
773,8,27,20,[   0   82  713  923  950 1125 2530],0.017453951085961653,121.82505406280173,5.604134824226675
774,8,27,40,[   0   82  713  923 1125 2530],0.017453951085961653,121.82505406280173,5.604134824226675
775,8,27,60,[   0   82  713  923 1125 2530],0.017453951085961653,121.82505406280173,5.604134824226675
776,8,28,0,[   0  713  722 1469 1610 1706 2514 2530],0.033275731650340944,136.0945916099439,5.407212970935392
777,8,28,20,[   0  713  909 1469 1610 1706 2530],0.033275731650340944,136.0945916099439,5.407212970935392
778,8,28,40,[   0  713  909 1469 1610 1706 2530],0.033275731650340944,136.0945916099439,5.407212970935392
779,8,28,60,[   0  713  909 1469 1610 1706 2530],0.033275731650340944,136.0945916099439,5.407212970935392
780,8,29,0,[   0  211  713  722 1374 2514 2530],-0.008724216780888222,133.64327325306084,7.972655243380158
781,8,29,20,[   0   86  211  733 1338 1374 1745 2152 2190 2530],-0.008724216780888222,133.64327325306084,7.972655243380158
782,8,29,40,[   0   86  211  733 1374 1745 2190 2530],-0.008724216780888222,133.64327325306084,7.972655243380158
783,8,29,60,[   0   86  211  733 1374 1745 2190 2530],-0.008724216780888222,133.64327325306084,7.972655243380158
784,8,30,0,[   0   82  809  859 1125 1610 1957 2464 2514 2530],-0.05584389418296299,124.61247748553774,7.721950923748812
785,8,30,20,[   0   82  809  859 1125 1610 1957 2464 2530],-0.05584389418296299,124.61247748553774,7.721950923748812
786,8,30,40,[   0   82  809  859 1125 1610 1957 2464 2530],-0.05584389418296299,124.61247748553774,7.721950923748812
787,8,30,60,[   0   82  809  921 1125 1610 1957 2464 2530],-0.05584389418296299,124.61247748553774,7.721950923748812
788,8,31,0,[   0   79   86 1066 1128 1338 1367 1745 2514 2530],-0.07560090524011122,137.22945138708764,6.894876320303942
789,8,31,20,[   0   79 1066 1128 1338 1367 1745 2530],-0.07560090524011122,137.22945138708764,6.894876320303942
790,8,31,40,[   0   79 1066 1128 1338 1745 2530],-0.07560090524011122,137.22945138708764,6.894876320303942
791,8,31,60,[   0   79 1066 1128 1338 1745 2530],-0.07560090524011122,137.22945138708764,6.894876320303942
792,8,32,0,[   0   79  713  722 1128 1939 2190 2514 2530],-0.04220114144290425,133.69902990711037,9.607827881812185
793,8,32,20,[   0   79  713 1066 1128 1338 1374 1939 2190 2530],-0.04220114144290425,133.69902990711037,9.607827881812185
794,8,32,40,[   0   79  713 1066 1128 1338 1939 2190 2530],-0.04220114144290425,133.69902990711037,9.607827881812185
795,8,32,60,[   0   79  713 1066 1128 1338 1939 2190 2530],-0.04220114144290425,133.69902990711037,9.607827881812185
796,8,33,0,[   0   79  713  722 1374 2514 2530],-0.013593844438632655,165.03552932797007,5.580846744235547
797,8,33,20,[   0   79  713 1338 1374 1555 1671 2154 2530],-0.013593844438632655,165.03552932797007,5.580846744235547
798,8,33,40,[   0   79  713 1338 1422 1555 1671 2154 2530],-0.013593844438632655,165.03552932797007,5.580846744235547
799,8,33,60,[   0   79  713 1338 1422 1555 1671 2154 2530],-0.013593844438632655,165.03552932797007,5.580846744235547
800,8,34,0,[   0   86  713  722 1190 2513 2530],0.11695001781746261,165.3862396455932,5.089838508620476
801,8,34,20,[   0   86  713 1190 1300 1387 2112 2190 2530],0.11695001781746261,165.3862396455932,5.089838508620476
802,8,34,40,[   0   86  713 1190 1300 1387 2112 2190 2530],0.11695001781746261,165.3862396455932,5.089838508620476
803,8,34,60,[   0   86  713 1190 1300 1387 2112 2190 2530],0.11695001781746261,165.3862396455932,5.089838508620476
804,8,35,0,[   0   79  713  722 1671 2513 2530],0.11474421094212668,157.24240213721052,5.546736343522605
805,8,35,20,[   0   79  713  780  909 1671 2112 2154 2530],0.11474421094212668,157.24240213721052,5.546736343522605
806,8,35,40,[   0   79  713  780  909 1671 2112 2154 2530],0.11474421094212668,157.24240213721052,5.546736343522605
807,8,35,60,[   0   79  713  780  909 1671 2530],0.11474421094212668,157.24240213721052,5.546736343522605
808,8,36,0,[   0   86  909  972 1338 1374 1609 1671 2112 2190 2513 2530],-0.0038159354467040083,156.5955104344017,7.148214672419177
809,8,36,20,[   0   86  909  972 1338 1374 1609 1671 2112 2190 2530],-0.0038159354467040083,156.5955104344017,7.148214672419177
810,8,36,40,[   0   86  909  972 1374 1609 1671 2112 2190 2530],-0.0038159354467040083,156.5955104344017,7.148214672419177
811,8,36,60,[   0   86  909  972 1374 1609 1671 2112 2190 2530],-0.0038159354467040083,156.5955104344017,7.148214672419177
812,8,37,0,[   0   82  809  859 1046 1935 2229 2513 2530],0.060928332078230396,181.16865341511505,4.649885439303516
813,8,37,20,[   0   82  809  859 1046 1935 2229 2530],0.060928332078230396,181.16865341511505,4.649885439303516
814,8,37,40,[   0   82  809  859 1046 1935 2229 2530],0.060928332078230396,181.16865341511505,4.649885439303516
815,8,37,60,[   0   82  809 1046 1935 2229 2530],0.060928332078230396,181.16865341511505,4.649885439303516
816,8,38,0,[   0   82  713  722  809  859 2513 2530],0.07138107949727845,184.13236623909373,7.955552048052337
817,8,38,20,[   0   82  713  809  859 2154 2367 2530],0.07138107949727845,184.13236623909373,7.955552048052337
818,8,38,40,[   0   82  713  809  859 2154 2367 2530],0.07138107949727845,184.13236623909373,7.955552048052337
819,8,38,60,[   0   82  713  809 2154 2226 2367 2530],0.07138107949727845,184.13236623909373,7.955552048052337
820,8,39,0,[   0   83  713  722  809  859 1421 2512 2530],-0.04127888791143759,173.14332481826793,9.170780725721558
821,8,39,20,[   0   83  713  809  859 1421 1745 2154 2530],-0.04127888791143759,173.14332481826793,9.170780725721558
822,8,39,40,[   0   83  713  809  859 1421 1745 2154 2530],-0.04127888791143759,173.14332481826793,9.170780725721558
823,8,39,60,[   0   83  713  809 1421 2530],-0.04127888791143759,173.14332481826793,9.170780725721558
824,8,40,0,[   0   83  713  722 1473 2513 2530],0.11142078767094153,202.93058648454493,4.489195021223884
825,8,40,20,[   0   83  477  722 1473 1555 1609 2262 2367 2530],0.11142078767094153,202.93058648454493,4.489195021223884
826,8,40,40,[   0   83  477  722 1473 1555 1609 2262 2367 2530],0.11142078767094153,202.93058648454493,4.489195021223884
827,8,40,60,[   0   83  722 1473 1609 2262 2367 2530],0.11142078767094153,202.93058648454493,4.489195021223884
828,8,41,0,[   0   83  713  722  770 1161 1303 1304 2513 2530],0.11151901446914537,203.94247989504365,3.018525086297611
829,8,41,20,[   0   83  713  770 1161 2367 2530],0.11151901446914537,203.94247989504365,3.018525086297611
830,8,41,40,[   0   83  713  770 1161 2367 2530],0.11151901446914537,203.94247989504365,3.018525086297611
831,8,41,60,[   0   83  770 1161 2367 2530],0.11151901446914537,203.94247989504365,3.018525086297611
832,8,42,0,[   0   86  713  722 1385 1609 1671 2513 2530],0.11168073032444177,194.47049935727546,2.87121622877059
833,8,42,20,[   0   86  713 1385 1609 1671 2154 2226 2487 2530],0.11168073032444177,194.47049935727546,2.87121622877059
834,8,42,40,[   0   86  713 1385 1609 1671 2154 2226 2487 2530],0.11168073032444177,194.47049935727546,2.87121622877059
835,8,42,60,[   0   86  713 1385 1609 1671 2154 2226 2530],0.11168073032444177,194.47049935727546,2.87121622877059
836,8,43,0,[   0   11   19  395  876 1161 1609 1671 1935 2226 2487 2513 2530],0.06216103905161576,193.76229288379122,3.1358796712091963
837,8,43,20,[   0   41  395  876 1161 1609 1671 1935 2226 2487 2530],0.06216103905161576,193.76229288379122,3.1358796712091963
838,8,43,40,[   0   41  395  876 1161 1609 1671 1935 2226 2487 2530],0.06216103905161576,193.76229288379122,3.1358796712091963
839,8,43,60,[   0  395  876 1161 1609 1671 1935 2226 2530],0.06216103905161576,193.76229288379122,3.1358796712091963
840,8,44,0,[   0  223  713  722 1161 2513 2530],0.03995972876671152,213.40545583117674,3.8267427659299402
841,8,44,20,[   0  223  713  876 1161 2487 2530],0.03995972876671152,213.40545583117674,3.8267427659299402
842,8,44,40,[   0  223  713  876 1161 2487 2530],0.03995972876671152,213.40545583117674,3.8267427659299402
843,8,44,60,[   0  223  713  876 1161 2530],0.03995972876671152,213.40545583117674,3.8267427659299402
844,8,45,0,[   0  713  722 1453 2513 2530],0.09561383255254391,192.9415645261246,3.616338744780279
845,8,45,20,[   0  713  859  972 1453 2367 2487 2530],0.09561383255254391,192.9415645261246,3.616338744780279
846,8,45,40,[   0  713  859  972 1453 2367 2487 2530],0.09561383255254391,192.9415645261246,3.616338744780279
847,8,45,60,[   0  713  859  972 1453 2367 2530],0.09561383255254391,192.9415645261246,3.616338744780279
848,8,46,0,[   0  713  722  809 1044 1925 2513 2530],0.05708697449090453,208.9845199923896,5.541884053120925
849,8,46,20,[   0  713  809 1044 1925 2487 2530],0.05708697449090453,208.9845199923896,5.541884053120925
850,8,46,40,[   0  713  809 1044 1925 2487 2530],0.05708697449090453,208.9845199923896,5.541884053120925
851,8,46,60,[   0  713  809 1044 1925 2530],0.05708697449090453,208.9845199923896,5.541884053120925
852,8,47,0,[   0  713  722  809 1044 1925 2513 2530],0.06445904962367814,190.96866371667852,4.865393001301763
853,8,47,20,[   0  713  809  924 1044 1925 2530],0.06445904962367814,190.96866371667852,4.865393001301763
854,8,47,40,[   0  713  809  924 1044 1925 2530],0.06445904962367814,190.96866371667852,4.865393001301763
855,8,47,60,[   0  713  809  924 1044 1925 2530],0.06445904962367814,190.96866371667852,4.865393001301763
856,8,48,0,[   0  713  722  809  876 1161 2513 2530],0.05146008806380666,218.166704942949,3.8933435573131625
857,8,48,20,[   0  713  809  876 1161 2530],0.05146008806380666,218.166704942949,3.8933435573131625
858,8,48,40,[   0  713  809  876 1161 2530],0.05146008806380666,218.166704942949,3.8933435573131625
859,8,48,60,[   0  713  809  876 1161 2530],0.05146008806380666,218.166704942949,3.8933435573131625
860,8,49,0,[   0   84  713  722 1537 2514 2530],0.017819015290775484,212.29755520259866,5.284996874982756
861,8,49,20,[   0   84  713  876 1537 2359 2530],0.017819015290775484,212.29755520259866,5.284996874982756
862,8,49,40,[   0   84  713  876 1537 2359 2530],0.017819015290775484,212.29755520259866,5.284996874982756
863,8,49,60,[   0   84  713  876 1537 2359 2530],0.017819015290775484,212.29755520259866,5.284996874982756
864,8,50,0,[   0  713  722 1303 2513 2530],0.09712130534793344,214.431903213814,2.655613289492777
865,8,50,20,[   0   29  713  909 1303 2453 2530],0.09712130534793344,214.431903213814,2.655613289492777
866,8,50,40,[   0  713  909 1303 2453 2530],0.09712130534793344,214.431903213814,2.655613289492777
867,8,50,60,[   0  713  909 1303 2453 2530],0.09712130534793344,214.431903213814,2.655613289492777
868,9,20,0,[   0  230  713  722  835  859  921 1028 1128 2028 2160 2530],-0.039249286453368525,78.7850379173326,11.367527753563797
869,9,20,20,[   0   82  230  713  835  859  921 1028 1128 2028 2160 2530],-0.039249286453368525,78.7850379173326,11.367527753563797
870,9,20,40,[   0   82  230  713  835  921 1028 1128 1608 2028 2160 2530],-0.039249286453368525,78.7850379173326,11.367527753563797
871,9,20,60,[   0   82  230  713  835  921 1028 1128 1608 2028 2160 2530],-0.039249286453368525,78.7850379173326,11.367527753563797
872,9,21,0,[   0  713  722  923 1028 1338 1374 1609 1650 2513 2530],-0.04941102722351819,89.09342280758187,6.429509178884749
873,9,21,20,[   0  713  923 1028 1338 1374 1609 1650 2530],-0.04941102722351819,89.09342280758187,6.429509178884749
874,9,21,40,[   0  713  923 1028 1609 1650 2530],-0.04941102722351819,89.09342280758187,6.429509178884749
875,9,21,60,[   0  713  923 1028 1338 1469 2530],-0.04941102722351819,89.09342280758187,6.429509178884749
876,9,22,0,[   0  211  540  558  706  722  745  921  950 1233 1810 2513 2530],-0.09953680085295509,91.97895386156303,8.278295745416948
877,9,22,20,[   0  211  540  706  745  921  950 1233 1810 2530],-0.09953680085295509,91.97895386156303,8.278295745416948
878,9,22,40,[   0  211  540  706  855  950 1233 1810 2530],-0.09953680085295509,91.97895386156303,8.278295745416948
879,9,22,60,[   0  211  540  706  855  950 1233 1810 2530],-0.09953680085295509,91.97895386156303,8.278295745416948
880,9,23,0,[   0   79  516  565  713  722  745  923  950 1338 1374 1810 2528 2530],-0.10564144267560684,97.67162924275037,8.956856801242504
881,9,23,20,[   0   79  516  565  713  745  923  950 1338 1374 1810 2530],-0.10564144267560684,97.67162924275037,8.956856801242504
882,9,23,40,[   0   79  516  565  745  950 1374 1810 2530],-0.10564144267560684,97.67162924275037,8.956856801242504
883,9,23,60,[   0   79  565  745  950 1374 1810 2530],-0.10564144267560684,97.67162924275037,8.956856801242504
884,9,24,0,[   0   82  713  722  809 1190 1338 1374 2513 2530],-0.08218217461180939,100.95235645192423,10.880304860128122
885,9,24,20,[   0   82  516  565  713  809  859  921  950 1190 1338 1374 2530],-0.08218217461180939,100.95235645192423,10.880304860128122
886,9,24,40,[   0   82  516  565  713  809  859 1190 2530],-0.08218217461180939,100.95235645192423,10.880304860128122
887,9,24,60,[   0   82  713  809  950 1190 2530],-0.08218217461180939,100.95235645192423,10.880304860128122
888,9,25,0,[   0   82  713  722 1164 2513 2530],-0.07445097087937409,113.81835027119831,6.4667488018484285
889,9,25,20,[   0   82  516  565  713  921  950 1164 1745 2530],-0.07445097087937409,113.81835027119831,6.4667488018484285
890,9,25,40,[   0   82  516  565  713  921 1164 1745 2530],-0.07445097087937409,113.81835027119831,6.4667488018484285
891,9,25,60,[   0   82  713  921 1164 2530],-0.07445097087937409,113.81835027119831,6.4667488018484285
892,9,26,0,[   0   82  713  722  745  923  950 1190 1609 1939 2154 2513 2530],0.010692028139680105,116.30345329225518,7.0278079815225025
893,9,26,20,[   0   82  673  713  745  923  950 1190 1609 1939 2154 2530],0.010692028139680105,116.30345329225518,7.0278079815225025
894,9,26,40,[   0   82  673  745  923 1190 1609 1939 2154 2530],0.010692028139680105,116.30345329225518,7.0278079815225025
895,9,26,60,[   0   82  673  745  923 1190 1609 1939 2154 2530],0.010692028139680105,116.30345329225518,7.0278079815225025
896,9,27,0,[   0   82  713  722  923 1125 2513 2530],0.006440118688700414,114.17913978193313,7.111240732643411
897,9,27,20,[   0   82  654  733  923  950 1125 2530],0.006440118688700414,114.17913978193313,7.111240732643411
898,9,27,40,[   0   82  654  733  923 1125 2530],0.006440118688700414,114.17913978193313,7.111240732643411
899,9,27,60,[   0   82  654  733  923 1125 2530],0.006440118688700414,114.17913978193313,7.111240732643411
900,9,28,0,[   0  713  722 1894 2514 2530],0.019573941109152736,126.86489704136592,7.306119492306986
901,9,28,20,[   0  430  713  909 1422 1469 1610 1706 1894 2530],0.019573941109152736,126.86489704136592,7.306119492306986
902,9,28,40,[   0  430  713  909 1422 1469 1610 1706 1894 2530],0.019573941109152736,126.86489704136592,7.306119492306986
903,9,28,60,[   0  713  909 1469 1610 1706 1894 2530],0.019573941109152736,126.86489704136592,7.306119492306986
904,9,29,0,[   0  211  713  722 1374 2514 2530],-0.007369768905026384,124.52221009428126,6.786529865151567
905,9,29,20,[   0   86  211  713  780  909 1338 1374 1745 2152 2190 2530],-0.007369768905026384,124.52221009428126,6.786529865151567
906,9,29,40,[   0   86  211  713  780  909 1374 1745 2190 2530],-0.007369768905026384,124.52221009428126,6.786529865151567
907,9,29,60,[   0   86  211  713  780  909 1374 1745 2190 2530],-0.007369768905026384,124.52221009428126,6.786529865151567
908,9,30,0,[   0   82  713  722  809  859 1125 1957 2464 2514 2530],-0.05299128514741618,117.1446016955589,6.961423734463296
909,9,30,20,[   0   82  713  809  859 1125 1610 1957 2464 2530],-0.05299128514741618,117.1446016955589,6.961423734463296
910,9,30,40,[   0   82  713  809  859 1125 1610 1957 2464 2530],-0.05299128514741618,117.1446016955589,6.961423734463296
911,9,30,60,[   0   82  713  809  921 1125 1610 1957 2464 2530],-0.05299128514741618,117.1446016955589,6.961423734463296
912,9,31,0,[   0   79  713  722 1128 1338 1367 2514 2530],-0.07274582448287278,128.27200110953558,6.221707817899077
913,9,31,20,[   0   79  713 1066 1128 1338 1367 1745 2530],-0.07274582448287278,128.27200110953558,6.221707817899077
914,9,31,40,[   0   79  713 1066 1128 1338 1745 2530],-0.07274582448287278,128.27200110953558,6.221707817899077
915,9,31,60,[   0   79  713 1066 1128 1338 1745 2530],-0.07274582448287278,128.27200110953558,6.221707817899077
916,9,32,0,[   0   79  713  722  745 1125 1338 1374 1939 2190 2514 2530],-0.06343892937525145,124.25658014973382,8.686443127324416
917,9,32,20,[   0   79  713  745 1125 1338 1374 1939 2190 2530],-0.06343892937525145,124.25658014973382,8.686443127324416
918,9,32,40,[   0   79  745 1066 1125 1338 1939 2190 2530],-0.06343892937525145,124.25658014973382,8.686443127324416
919,9,32,60,[   0   79  745 1125 1338 1939 2190 2530],-0.06343892937525145,124.25658014973382,8.686443127324416
920,9,33,0,[   0   79  713  722 1374 1609 1671 2514 2530],-0.013825315203728332,151.90796302694883,5.802693704438923
921,9,33,20,[   0   79  713 1338 1374 1555 1609 1671 2530],-0.013825315203728332,151.90796302694883,5.802693704438923
922,9,33,40,[   0   79  713 1422 1555 1609 1671 2530],-0.013825315203728332,151.90796302694883,5.802693704438923
923,9,33,60,[   0   79  713 1422 1609 1671 2530],-0.013825315203728332,151.90796302694883,5.802693704438923
924,9,34,0,[   0   86  713  722 1190 1300 1387 1609 1644 2513 2530],0.11428878933998839,153.28274452271847,4.788894104879772
925,9,34,20,[   0   86  713 1190 1300 1387 1609 1644 2112 2190 2530],0.11428878933998839,153.28274452271847,4.788894104879772
926,9,34,40,[   0   86  713 1190 1300 1387 2112 2190 2530],0.11428878933998839,153.28274452271847,4.788894104879772
927,9,34,60,[   0   86  713 1190 1300 1387 2112 2190 2530],0.11428878933998839,153.28274452271847,4.788894104879772
928,9,35,0,[   0   79  713  722  780  909  972 1671 2513 2530],-0.006679707904588917,141.3348296286028,5.704766605527721
929,9,35,20,[   0   79  713  780  909  972 1671 2112 2154 2530],-0.006679707904588917,141.3348296286028,5.704766605527721
930,9,35,40,[   0   79  713  780  909  972 1671 2112 2154 2530],-0.006679707904588917,141.3348296286028,5.704766605527721
931,9,35,60,[   0   79  713  780  909  972 1671 2530],-0.006679707904588917,141.3348296286028,5.704766605527721
932,9,36,0,[   0   86  713  722  909  972 1338 1374 1609 1671 2112 2190 2513 2530],-0.00035628172982786184,146.61928376623806,6.454204484298141
933,9,36,20,[   0   86  713  909  972 1338 1374 1609 1671 2112 2190 2530],-0.00035628172982786184,146.61928376623806,6.454204484298141
934,9,36,40,[   0   86  713  909  972 1374 1609 1671 2112 2190 2530],-0.00035628172982786184,146.61928376623806,6.454204484298141
935,9,36,60,[   0   86  713  909  972 1374 1609 1671 2112 2190 2530],-0.00035628172982786184,146.61928376623806,6.454204484298141
936,9,37,0,[   0   82  713  722  809 1046 1935 2229 2513 2530],0.06458861823195654,169.5508196239215,4.230681558761156
937,9,37,20,[   0   82  713  809  859 1046 1935 2229 2530],0.06458861823195654,169.5508196239215,4.230681558761156
938,9,37,40,[   0   82  713  809  859 1046 1935 2229 2530],0.06458861823195654,169.5508196239215,4.230681558761156
939,9,37,60,[   0   82  713  809 1046 1935 2229 2530],0.06458861823195654,169.5508196239215,4.230681558761156
940,9,38,0,[   0   82  713  722  809  859 2513 2530],0.056975502517796955,167.8348095787226,7.571632670126704
941,9,38,20,[   0   82  713  809  859 2154 2367 2530],0.056975502517796955,167.8348095787226,7.571632670126704
942,9,38,40,[   0   82  713  809  859 2154 2367 2530],0.056975502517796955,167.8348095787226,7.571632670126704
943,9,38,60,[   0   82  713  809  923 2154 2226 2367 2530],0.056975502517796955,167.8348095787226,7.571632670126704
944,9,39,0,[   0   83  713  722  809  859 1421 2512 2530],-0.04081703318848655,157.67603337684596,8.78034443225453
945,9,39,20,[   0   83  713  809  859 1421 1745 2226 2262 2530],-0.04081703318848655,157.67603337684596,8.78034443225453
946,9,39,40,[   0   83  713  809  859 1421 1745 2226 2530],-0.04081703318848655,157.67603337684596,8.78034443225453
947,9,39,60,[   0   83  713  809 1421 1745 2226 2530],-0.04081703318848655,157.67603337684596,8.78034443225453
948,9,40,0,[   0  230  713  722 1473 2513 2530],0.09616605291571137,185.0119235547407,5.187743882656743
949,9,40,20,[   0   83  230  477  722 1473 1555 1609 2262 2367 2530],0.09616605291571137,185.0119235547407,5.187743882656743
950,9,40,40,[   0   83  230  477  722 1473 1555 1609 2262 2367 2530],0.09616605291571137,185.0119235547407,5.187743882656743
951,9,40,60,[   0   83  230  477  722 1473 1609 2262 2367 2530],0.09616605291571137,185.0119235547407,5.187743882656743
952,9,41,0,[   0   83  713  722  909 1161 1303 1304 2513 2530],0.10718771182736393,181.44511432391778,3.1220188226817918
953,9,41,20,[   0   83  713  770  909 1161 2367 2530],0.10718771182736393,181.44511432391778,3.1220188226817918
954,9,41,40,[   0   83  713  770  909 1161 2367 2530],0.10718771182736393,181.44511432391778,3.1220188226817918
955,9,41,60,[   0   83  713  909 1161 2367 2530],0.10718771182736393,181.44511432391778,3.1220188226817918
956,9,42,0,[   0   86  713  722 1935 2226 2513 2530],0.09681328246315275,174.54297968560135,2.9884164105244952
957,9,42,20,[   0   86  713 1385 1609 1671 1935 2226 2487 2530],0.09681328246315275,174.54297968560135,2.9884164105244952
958,9,42,40,[   0   86  713 1385 1609 1671 1935 2226 2487 2530],0.09681328246315275,174.54297968560135,2.9884164105244952
959,9,42,60,[   0   86  713 1385 1609 1671 1935 2226 2530],0.09681328246315275,174.54297968560135,2.9884164105244952
960,9,43,0,[   0  713  722  876 1161 1935 2226 2513 2530],0.0654726127880767,180.65122394041626,2.8887901779240606
961,9,43,20,[   0   41  713  876 1161 1609 1671 1935 2226 2487 2530],0.0654726127880767,180.65122394041626,2.8887901779240606
962,9,43,40,[   0   41  713  876 1161 1609 1671 1935 2226 2487 2530],0.0654726127880767,180.65122394041626,2.8887901779240606
963,9,43,60,[   0  713  876 1161 1609 1671 1935 2226 2530],0.0654726127880767,180.65122394041626,2.8887901779240606
964,9,44,0,[   0  223  713  722  809  876 1161 2513 2530],0.021543970239031842,195.09440941077997,5.784729262284674
965,9,44,20,[   0  223  713  809  876 1161 2487 2530],0.021543970239031842,195.09440941077997,5.784729262284674
966,9,44,40,[   0  223  713  809  876 1161 2487 2530],0.021543970239031842,195.09440941077997,5.784729262284674
967,9,44,60,[   0  223  713  809  876 1161 2530],0.021543970239031842,195.09440941077997,5.784729262284674
968,9,45,0,[   0  713  722  859  972 2013 2367 2513 2530],0.07194080276430669,176.684690661574,4.4852278756682455
969,9,45,20,[   0  713  859  972 1453 1610 2013 2367 2487 2530],0.07194080276430669,176.684690661574,4.4852278756682455
970,9,45,40,[   0  713  859  972 1453 1610 2013 2367 2487 2530],0.07194080276430669,176.684690661574,4.4852278756682455
971,9,45,60,[   0  713  859  972 1453 1610 2013 2367 2530],0.07194080276430669,176.684690661574,4.4852278756682455
972,9,46,0,[   0  713  722  809 1044 1925 2513 2530],0.05285409413439427,190.5148907802902,7.9638852855831965
973,9,46,20,[   0   41  686  733  809 1044 1161 1925 2487 2530],0.05285409413439427,190.5148907802902,7.9638852855831965
974,9,46,40,[   0   41  686  733  809 1044 1161 1925 2487 2530],0.05285409413439427,190.5148907802902,7.9638852855831965
975,9,46,60,[   0  686  809 1044 1925 2530],0.05285409413439427,190.5148907802902,7.9638852855831965
976,9,47,0,[   0  713  722  809 1044 1925 2513 2530],0.06120347497908755,174.25527191691975,4.337635246753897
977,9,47,20,[   0  713  809  924 1044 1925 2154 2530],0.06120347497908755,174.25527191691975,4.337635246753897
978,9,47,40,[   0  713  809  924 1044 1925 2154 2530],0.06120347497908755,174.25527191691975,4.337635246753897
979,9,47,60,[   0  713  809  924 1044 1925 2154 2530],0.06120347497908755,174.25527191691975,4.337635246753897
980,9,48,0,[   0  713  722  809  876 1161 2513 2530],0.044482262938143835,199.09345815327418,4.84006026083111
981,9,48,20,[   0  713  809  876 1161 2530],0.044482262938143835,199.09345815327418,4.84006026083111
982,9,48,40,[   0  713  809  876 1161 2530],0.044482262938143835,199.09345815327418,4.84006026083111
983,9,48,60,[   0  713  809  876 1161 2530],0.044482262938143835,199.09345815327418,4.84006026083111
984,9,49,0,[   0   84  713  722 1537 2514 2530],0.013570634382564112,193.65632456831403,5.104791204104881
985,9,49,20,[   0   84  163  713  876 1537 1610 2359 2530],0.013570634382564112,193.65632456831403,5.104791204104881
986,9,49,40,[   0   84  163  713  876 1537 1610 2359 2530],0.013570634382564112,193.65632456831403,5.104791204104881
987,9,49,60,[   0   84  163  713  876 1537 1610 2359 2530],0.013570634382564112,193.65632456831403,5.104791204104881
988,9,50,0,[   0  713  722 1609 1644 2513 2530],0.0978611906007508,192.5602415700106,2.605889011219073
989,9,50,20,[   0   29  713  909 1303 1609 1644 2453 2530],0.0978611906007508,192.5602415700106,2.605889011219073
990,9,50,40,[   0  713  909 1303 1644 2453 2530],0.0978611906007508,192.5602415700106,2.605889011219073
991,9,50,60,[   0  713  909 1303 1644 2453 2530],0.0978611906007508,192.5602415700106,2.605889011219073
992,10,20,0,[   0  230  359  713  722  835  859  921 1028 1128 2028 2160 2530],-0.05515989657014769,76.38019882735973,11.15581700786945
993,10,20,20,"[   0   82  230  359  558  713  835  859  921 1028 1128 1608 2028 2160
 2530]",-0.05515989657014769,76.38019882735973,11.15581700786945
994,10,20,40,[   0   82  230  359  558  713  835  921 1028 1128 1608 2028 2160 2530],-0.05515989657014769,76.38019882735973,11.15581700786945
995,10,20,60,[   0   82  230  359  558  713  835  921 1028 1128 1608 2028 2160 2530],-0.05515989657014769,76.38019882735973,11.15581700786945
996,10,21,0,[   0  713  722  923 1028 1338 1374 1609 1650 2513 2530],-0.048242070537870815,84.56469110368762,6.1986879201738905
997,10,21,20,[   0  558  591  673  733  923 1028 1338 1374 1609 1650 2530],-0.048242070537870815,84.56469110368762,6.1986879201738905
998,10,21,40,[   0  673  733  923 1028 1609 1650 2530],-0.048242070537870815,84.56469110368762,6.1986879201738905
999,10,21,60,[   0  673  923 1028 2530],-0.048242070537870815,84.56469110368762,6.1986879201738905
1000,10,22,0,[   0  211  540  558  706  722  745  921 1043 1338 1374 1810 2513 2530],-0.0932614850995439,87.5529530990983,8.499032891172842
1001,10,22,20,[   0  211  706  745  921 1043 1338 1374 1810 2530],-0.0932614850995439,87.5529530990983,8.499032891172842
1002,10,22,40,[   0  211  540  706  855  921 1043 1338 1810 2530],-0.0932614850995439,87.5529530990983,8.499032891172842
1003,10,22,60,[   0  211  540  706  855  921 1043 1338 1810 2530],-0.0932614850995439,87.5529530990983,8.499032891172842
1004,10,23,0,[   0   79  516  565  713  722  745  923  950 1338 1374 1810 2487 2530],-0.09553000281663641,95.0890000615263,8.912768607120945
1005,10,23,20,"[   0   79  516  565  713  745  923  950 1338 1374 1810 2039 2108 2487
 2530]",-0.09553000281663641,95.0890000615263,8.912768607120945
1006,10,23,40,[   0   79  516  565  745  950 1374 1810 2039 2108 2487 2530],-0.09553000281663641,95.0890000615263,8.912768607120945
1007,10,23,60,[   0   79  565  745  950 1374 1810 2039 2108 2530],-0.09553000281663641,95.0890000615263,8.912768607120945
1008,10,24,0,"[   0   82  516  565  713  722  809  921  950 1190 1338 1374 2501 2508
 2513 2530]",-0.079510848498332,96.08280389586466,9.714506809964652
1009,10,24,20,"[   0   82  516  565  713  809  859  921  950 1190 1217 1338 1374 2262
 2530]",-0.079510848498332,96.08280389586466,9.714506809964652
1010,10,24,40,[   0   82  516  565  713  809  859 1190 2262 2530],-0.079510848498332,96.08280389586466,9.714506809964652
1011,10,24,60,[   0   82  713  809  950 1190 2530],-0.079510848498332,96.08280389586466,9.714506809964652
1012,10,25,0,[   0   82  713  722  921 1164 1957 2513 2530],-0.07933409733999983,106.36224624692233,6.341565338418869
1013,10,25,20,[   0   82  516  565  713  921  950 1164 1610 1706 1957 2530],-0.07933409733999983,106.36224624692233,6.341565338418869
1014,10,25,40,[   0   82  516  565  713  921 1164 1610 1706 1957 2530],-0.07933409733999983,106.36224624692233,6.341565338418869
1015,10,25,60,[   0   82  713  921 1164 1610 1706 1957 2530],-0.07933409733999983,106.36224624692233,6.341565338418869
1016,10,26,0,[   0   82  713  722  745  923  950 1190 1609 1939 2154 2513 2530],-0.023011578297451003,108.75435992016956,5.621432036901929
1017,10,26,20,[   0   82  673  713  745  923  950 1190 1609 1939 2154 2530],-0.023011578297451003,108.75435992016956,5.621432036901929
1018,10,26,40,[   0   82  673  745  923 1190 1609 1939 2154 2530],-0.023011578297451003,108.75435992016956,5.621432036901929
1019,10,26,60,[   0   82  673  745  923 1190 1609 1939 2154 2530],-0.023011578297451003,108.75435992016956,5.621432036901929
1020,10,27,0,[   0   82  713  722  923 1125 2513 2530],-0.030389914034400695,108.02639477748679,4.987251784058792
1021,10,27,20,[   0   82  654  733  923  950 1125 2530],-0.030389914034400695,108.02639477748679,4.987251784058792
1022,10,27,40,[   0   82  654  733  923 1125 2530],-0.030389914034400695,108.02639477748679,4.987251784058792
1023,10,27,60,[   0   82  654  733  923 1125 2530],-0.030389914034400695,108.02639477748679,4.987251784058792
1024,10,28,0,[   0  713  722 1939 2235 2514 2530],-0.004706084205639716,119.80817145495051,7.105356911340782
1025,10,28,20,[   0  713  909 1469 1610 1939 2235 2530],-0.004706084205639716,119.80817145495051,7.105356911340782
1026,10,28,40,[   0  713  909 1469 1610 1939 2235 2530],-0.004706084205639716,119.80817145495051,7.105356911340782
1027,10,28,60,[   0  713  909 1469 1610 1939 2235 2530],-0.004706084205639716,119.80817145495051,7.105356911340782
1028,10,29,0,[   0  211  713  722 1939 2190 2514 2530],-0.004647725679339432,117.34973549937992,7.035831068098156
1029,10,29,20,[   0  211  713  780  909 1338 1374 1939 2190 2530],-0.004647725679339432,117.34973549937992,7.035831068098156
1030,10,29,40,[   0  211  713  780  909 1374 1939 2190 2530],-0.004647725679339432,117.34973549937992,7.035831068098156
1031,10,29,60,[   0  211  713  780  909 1374 1939 2190 2530],-0.004647725679339432,117.34973549937992,7.035831068098156
1032,10,30,0,[   0   82  713  722  809  859 1125 1957 2464 2514 2530],-0.05109691123726427,111.53325294543946,7.397300830131359
1033,10,30,20,[   0   82  713  809  859 1125 1610 1957 2464 2530],-0.05109691123726427,111.53325294543946,7.397300830131359
1034,10,30,40,[   0   82  713  809  859 1125 1610 1957 2464 2530],-0.05109691123726427,111.53325294543946,7.397300830131359
1035,10,30,60,[   0   82  713  809  921 1125 1610 1957 2464 2530],-0.05109691123726427,111.53325294543946,7.397300830131359
1036,10,31,0,[   0   79  713  722 1128 1338 1367 1939 2154 2514 2530],-0.07299233114114745,120.97857344611444,5.389185456697375
1037,10,31,20,[   0   79  713 1066 1128 1338 1367 1939 2154 2530],-0.07299233114114745,120.97857344611444,5.389185456697375
1038,10,31,40,[   0   79  713 1066 1128 1338 1939 2154 2530],-0.07299233114114745,120.97857344611444,5.389185456697375
1039,10,31,60,[   0   79  713 1066 1128 1338 1939 2154 2530],-0.07299233114114745,120.97857344611444,5.389185456697375
1040,10,32,0,[   0   79  713  722  780 1125 1338 1374 1939 2190 2514 2530],-0.05982495556185857,116.72668798480959,7.539631209904927
1041,10,32,20,[   0   79  713  745  780  997 1125 1338 1374 1939 2190 2530],-0.05982495556185857,116.72668798480959,7.539631209904927
1042,10,32,40,[   0   79  713  780  997 1125 1338 1939 2190 2530],-0.05982495556185857,116.72668798480959,7.539631209904927
1043,10,32,60,[   0   79  713  780  997 1125 1338 1939 2190 2530],-0.05982495556185857,116.72668798480959,7.539631209904927
1044,10,33,0,[   0   79  713  722 1374 1609 1671 2514 2530],-0.012941562097499734,141.50440978433653,6.743266132991505
1045,10,33,20,[   0   79  713 1338 1374 1555 1609 1671 2154 2229 2357 2530],-0.012941562097499734,141.50440978433653,6.743266132991505
1046,10,33,40,[   0   79  713 1338 1422 1555 1609 1671 2154 2229 2357 2530],-0.012941562097499734,141.50440978433653,6.743266132991505
1047,10,33,60,[   0   79  713 1338 1422 1609 1671 2154 2229 2357 2530],-0.012941562097499734,141.50440978433653,6.743266132991505
1048,10,34,0,[   0   86  713  722 1190 1300 1387 1609 1644 2513 2530],0.11717980904466818,143.44876819592113,5.449594131015821
1049,10,34,20,[   0   86  713 1190 1300 1387 1609 1644 2112 2229 2530],0.11717980904466818,143.44876819592113,5.449594131015821
1050,10,34,40,[   0   86  713 1190 1300 1387 2112 2229 2530],0.11717980904466818,143.44876819592113,5.449594131015821
1051,10,34,60,[   0   86  713 1190 1300 1387 2112 2229 2530],0.11717980904466818,143.44876819592113,5.449594131015821
1052,10,35,0,[   0   79  713  722  780  909  972 1338 1374 2513 2530],-0.005100599469069626,133.35793926185178,6.783088134490102
1053,10,35,20,[   0   79  713  780  909  972 1338 1374 2112 2154 2530],-0.005100599469069626,133.35793926185178,6.783088134490102
1054,10,35,40,[   0   79  713  780  909  972 1374 2112 2154 2530],-0.005100599469069626,133.35793926185178,6.783088134490102
1055,10,35,60,[   0   79  713  780  909  972 1374 2530],-0.005100599469069626,133.35793926185178,6.783088134490102
1056,10,36,0,[   0   86  713  722  909  972 1338 1374 1609 1671 2513 2530],-0.005596259204720509,138.7767493870189,7.605788880672479
1057,10,36,20,[   0   86  713  909  972 1338 1374 1609 1671 2112 2229 2530],-0.005596259204720509,138.7767493870189,7.605788880672479
1058,10,36,40,[   0   86  713  909  972 1374 1609 1671 2112 2229 2530],-0.005596259204720509,138.7767493870189,7.605788880672479
1059,10,36,60,[   0   86  713  909  972 1374 1609 1671 2112 2229 2530],-0.005596259204720509,138.7767493870189,7.605788880672479
1060,10,37,0,[   0   82  713  722  809 1046 1935 2229 2513 2530],0.05221892513561059,156.50784846721567,4.085196020284607
1061,10,37,20,[   0   82  713  745  809  859 1046 1935 2229 2530],0.05221892513561059,156.50784846721567,4.085196020284607
1062,10,37,40,[   0   82  713  809  859 1046 1185 1935 2229 2530],0.05221892513561059,156.50784846721567,4.085196020284607
1063,10,37,60,[   0   82  713  809 1046 1935 2229 2530],0.05221892513561059,156.50784846721567,4.085196020284607
1064,10,38,0,[   0  230  713  722  809  859 2513 2530],0.03487832109929006,155.7581857960847,7.323268031459683
1065,10,38,20,[   0   82  230  477  713  809  859  923 2154 2226 2262 2367 2530],0.03487832109929006,155.7581857960847,7.323268031459683
1066,10,38,40,[   0   82  230  477  713  809  859  923 2154 2226 2367 2530],0.03487832109929006,155.7581857960847,7.323268031459683
1067,10,38,60,[   0   82  230  477  713  809  923 2154 2226 2367 2530],0.03487832109929006,155.7581857960847,7.323268031459683
1068,10,39,0,[   0   83  713  722  809  859 1745 2513 2530],-0.04392534598665477,148.43093250309767,9.033665808262013
1069,10,39,20,[   0   83  713  809  859 1421 1745 2154 2226 2262 2367 2530],-0.04392534598665477,148.43093250309767,9.033665808262013
1070,10,39,40,[   0   83  713  809  859 1421 1745 2367 2530],-0.04392534598665477,148.43093250309767,9.033665808262013
1071,10,39,60,[   0   83  713  809 1421 1745 2367 2530],-0.04392534598665477,148.43093250309767,9.033665808262013
1072,10,40,0,[   0  230  713  722 1303 1304 2513 2530],0.09608126394711156,169.63211059389272,4.6921607850816205
1073,10,40,20,[   0   83  230  477  722 1304 1473 1555 1609 2262 2367 2530],0.09608126394711156,169.63211059389272,4.6921607850816205
1074,10,40,40,[   0   83  230  477  722 1304 1473 1555 1609 2262 2367 2530],0.09608126394711156,169.63211059389272,4.6921607850816205
1075,10,40,60,[   0   83  230  477  722 1304 1473 1609 2262 2367 2530],0.09608126394711156,169.63211059389272,4.6921607850816205
1076,10,41,0,[   0   83  713  722  909 1161 1303 1304 2513 2530],0.10656871604775404,163.65497191190298,3.6891205462610834
1077,10,41,20,[   0   83  713  770  909 1161 1293 2367 2530],0.10656871604775404,163.65497191190298,3.6891205462610834
1078,10,41,40,[   0   83  713  770  909 1161 1293 2367 2530],0.10656871604775404,163.65497191190298,3.6891205462610834
1079,10,41,60,[   0   83  713  909 1161 1293 2367 2530],0.10656871604775404,163.65497191190298,3.6891205462610834
1080,10,42,0,[   0   86  713  722 1935 2226 2513 2530],0.07601531207746412,160.56683522659452,3.306379684501368
1081,10,42,20,[   0   86  713  859 1385 1609 1671 1935 2226 2487 2530],0.07601531207746412,160.56683522659452,3.306379684501368
1082,10,42,40,[   0   86  713  859 1385 1609 1671 1935 2226 2487 2530],0.07601531207746412,160.56683522659452,3.306379684501368
1083,10,42,60,[   0   86  713  859 1385 1609 1671 1935 2226 2530],0.07601531207746412,160.56683522659452,3.306379684501368
1084,10,43,0,[   0  713  722  876 1161 1935 2226 2513 2530],0.05349641751699063,170.05775415328566,2.8065704561618072
1085,10,43,20,[   0   41  713  876 1161 1609 1671 1935 2226 2487 2530],0.05349641751699063,170.05775415328566,2.8065704561618072
1086,10,43,40,[   0   41  713  876 1161 1609 1671 1935 2226 2487 2530],0.05349641751699063,170.05775415328566,2.8065704561618072
1087,10,43,60,[   0  713  876 1161 1609 1671 1935 2226 2530],0.05349641751699063,170.05775415328566,2.8065704561618072
1088,10,44,0,[   0  223  713  722  809  876 1161 2513 2530],0.019770443345482593,179.83676250425492,5.790032559611818
1089,10,44,20,[   0  223  713  809  876 1161 2487 2530],0.019770443345482593,179.83676250425492,5.790032559611818
1090,10,44,40,[   0  223  713  809  876 1161 2487 2530],0.019770443345482593,179.83676250425492,5.790032559611818
1091,10,44,60,[   0  223  713  809  876 1161 1293 2530],0.019770443345482593,179.83676250425492,5.790032559611818
1092,10,45,0,[   0  713  722  859  972 1453 1610 1671 2013 2367 2513 2530],0.0656425130318678,162.82141903979013,4.302697751417545
1093,10,45,20,[   0  713  859  972 1453 1610 1671 2013 2154 2367 2487 2530],0.0656425130318678,162.82141903979013,4.302697751417545
1094,10,45,40,[   0  713  859  972 1453 1610 1671 2013 2154 2367 2487 2530],0.0656425130318678,162.82141903979013,4.302697751417545
1095,10,45,60,[   0  713  859  972 1453 1610 1671 2013 2154 2367 2530],0.0656425130318678,162.82141903979013,4.302697751417545
1096,10,46,0,[   0  230  713  722  809 1044 1925 2513 2530],0.03432195401024661,175.4788997014069,5.311801810925222
1097,10,46,20,[   0  230  395  686  733  809 1044 1925 2487 2530],0.03432195401024661,175.4788997014069,5.311801810925222
1098,10,46,40,[   0  230  395  686  733  809 1044 1925 2487 2530],0.03432195401024661,175.4788997014069,5.311801810925222
1099,10,46,60,[   0  230  395  686  809 1044 1925 2530],0.03432195401024661,175.4788997014069,5.311801810925222
1100,10,47,0,[   0  713  722  809 1044 1925 2226 2513 2530],0.06330521803209677,161.67333649362317,4.211955302860151
1101,10,47,20,[   0  713  809  924 1044 1925 2226 2530],0.06330521803209677,161.67333649362317,4.211955302860151
1102,10,47,40,[   0  713  809  924 1044 1925 2226 2530],0.06330521803209677,161.67333649362317,4.211955302860151
1103,10,47,60,[   0  713  809  924 1044 1925 2226 2530],0.06330521803209677,161.67333649362317,4.211955302860151
1104,10,48,0,[   0  713  722  809  876 1161 1609 1671 2513 2530],0.03717169556228911,182.32000201627613,4.694324874004268
1105,10,48,20,[   0  713  809  876 1161 1609 1671 2081 2154 2530],0.03717169556228911,182.32000201627613,4.694324874004268
1106,10,48,40,[   0  713  809  876 1161 1609 1671 2081 2154 2530],0.03717169556228911,182.32000201627613,4.694324874004268
1107,10,48,60,[   0  713  809  876 1161 1609 1671 2081 2154 2530],0.03717169556228911,182.32000201627613,4.694324874004268
1108,10,49,0,[   0   84  713  722 1671 2514 2530],0.014530309070489304,179.9054823674689,5.215146943634782
1109,10,49,20,[   0   84  163  713  876 1537 1610 1671 2359 2530],0.014530309070489304,179.9054823674689,5.215146943634782
1110,10,49,40,[   0   84  163  713  876 1537 1610 1671 2359 2530],0.014530309070489304,179.9054823674689,5.215146943634782
1111,10,49,60,[   0   84  163  713  876 1537 1610 1671 2359 2530],0.014530309070489304,179.9054823674689,5.215146943634782
1112,10,50,0,[   0  713  722 1609 1644 2513 2530],0.09690269998605404,176.40854124578684,2.7371094354001437
1113,10,50,20,[   0   29  713  909 1303 1609 1644 2453 2530],0.09690269998605404,176.40854124578684,2.7371094354001437
1114,10,50,40,[   0  713  909 1303 1644 2453 2530],0.09690269998605404,176.40854124578684,2.7371094354001437
1115,10,50,60,[   0  713  909 1303 1644 2453 2530],0.09690269998605404,176.40854124578684,2.7371094354001437
1116,11,20,0,[   0  230  359  713  722  835  859  921 1028 1128 2028 2160 2530],-0.06799749945955048,73.77804450004236,10.011554291013535
1117,11,20,20,"[   0   82  230  359  558  591  713  835  859  921 1028 1128 1608 2028
 2160 2530]",-0.06799749945955048,73.77804450004236,10.011554291013535
1118,11,20,40,[   0   82  230  359  558  713  835  921 1028 1128 1608 2028 2160 2530],-0.06799749945955048,73.77804450004236,10.011554291013535
1119,11,20,60,[   0   82  230  359  558  713  835  921 1028 1128 1608 2028 2160 2530],-0.06799749945955048,73.77804450004236,10.011554291013535
1120,11,21,0,[   0   79  713  722  923 1028 1338 1374 1609 1650 2513 2530],-0.07865406570588597,80.51739848593814,7.165518485481768
1121,11,21,20,[   0   79  673  733  923 1028 1338 1374 1609 1650 2530],-0.07865406570588597,80.51739848593814,7.165518485481768
1122,11,21,40,[   0   79  673  733  923 1028 1609 1650 2530],-0.07865406570588597,80.51739848593814,7.165518485481768
1123,11,21,60,[   0   79  673  923 1028 2530],-0.07865406570588597,80.51739848593814,7.165518485481768
1124,11,22,0,"[   0  211  540  558  699  706  722  745  921 1043 1338 1374 1810 2513
 2530]",-0.1028624881535612,84.10633436475904,9.06065976166787
1125,11,22,20,[   0  211  706  745  921 1043 1338 1374 1810 2530],-0.1028624881535612,84.10633436475904,9.06065976166787
1126,11,22,40,[   0  211  540  706  855  921 1043 1338 1810 2530],-0.1028624881535612,84.10633436475904,9.06065976166787
1127,11,22,60,[   0  211  540  706  855  921 1043 1338 1810 2530],-0.1028624881535612,84.10633436475904,9.06065976166787
1128,11,23,0,[   0   79  713  722  780  923  950 1338 1374 1810 2487 2530],-0.09697788919518735,90.50742962045979,8.656060918599819
1129,11,23,20,"[   0   79  516  565  713  745  780  923  950 1338 1374 1810 2039 2108
 2487 2530]",-0.09697788919518735,90.50742962045979,8.656060918599819
1130,11,23,40,[   0   79  516  565  713  780  950 1374 1810 2039 2108 2487 2530],-0.09697788919518735,90.50742962045979,8.656060918599819
1131,11,23,60,[   0   79  713  780  950 1374 1810 2039 2108 2530],-0.09697788919518735,90.50742962045979,8.656060918599819
1132,11,24,0,"[   0   82  516  565  713  722  809  859  921  950 1190 1338 1374 1936
 2262 2501 2508 2513 2530]",-0.08308791227977097,91.04550458068,9.143161036458755
1133,11,24,20,"[   0   82  516  565  713  809  859  921  950 1190 1338 1374 1936 2262
 2530]",-0.08308791227977097,91.04550458068,9.143161036458755
1134,11,24,40,[   0   82  516  565  713  809  859 1190 1338 1936 2262 2530],-0.08308791227977097,91.04550458068,9.143161036458755
1135,11,24,60,[   0   82  713  809  950 1190 1338 1936 2262 2530],-0.08308791227977097,91.04550458068,9.143161036458755
1136,11,25,0,[   0   82  713  722  921 1164 1957 2464 2513 2530],-0.08002705411301615,99.83857360090593,6.003002465743621
1137,11,25,20,[   0   82  516  565  713  921  950 1164 1610 1706 1957 2464 2530],-0.08002705411301615,99.83857360090593,6.003002465743621
1138,11,25,40,[   0   82  516  565  713  921 1164 1610 1706 1957 2464 2530],-0.08002705411301615,99.83857360090593,6.003002465743621
1139,11,25,60,[   0   82  713  921 1164 1610 1957 2464 2530],-0.08002705411301615,99.83857360090593,6.003002465743621
1140,11,26,0,"[   0   82  713  722  745  923  950 1190 1338 1374 1609 1939 2154 2513
 2530]",-0.053750662746965994,102.43755695290027,6.106740214275707
1141,11,26,20,[   0   82  673  713  745  923  950 1190 1338 1374 1609 1939 2154 2530],-0.053750662746965994,102.43755695290027,6.106740214275707
1142,11,26,40,[   0   82  673  745  923 1190 1338 1515 1609 1939 2154 2530],-0.053750662746965994,102.43755695290027,6.106740214275707
1143,11,26,60,[   0   82  673  745  923 1190 1338 1515 1609 1939 2154 2530],-0.053750662746965994,102.43755695290027,6.106740214275707
1144,11,27,0,[   0   82  713  722  923 1125 2513 2530],-0.033124232756885086,102.31817081375183,5.343152619153116
1145,11,27,20,[   0   82  654  733  923  950 1125 2530],-0.033124232756885086,102.31817081375183,5.343152619153116
1146,11,27,40,[   0   82  654  733  923 1125 2530],-0.033124232756885086,102.31817081375183,5.343152619153116
1147,11,27,60,[   0   82  654  733  923 1125 2530],-0.033124232756885086,102.31817081375183,5.343152619153116
1148,11,28,0,[   0  230  713  722 1939 2235 2514 2530],-0.01719693661769141,109.52183042005991,6.748796372681951
1149,11,28,20,[   0   86  230  430  713  909 1469 1610 1706 1939 2235 2530],-0.01719693661769141,109.52183042005991,6.748796372681951
1150,11,28,40,[   0   86  230  430  713  909 1469 1610 1706 1939 2235 2530],-0.01719693661769141,109.52183042005991,6.748796372681951
1151,11,28,60,[   0   86  230  430  713  909 1469 1610 1706 1939 2235 2530],-0.01719693661769141,109.52183042005991,6.748796372681951
1152,11,29,0,[   0  211  713  722  780  909 1059 1338 1374 1939 2190 2514 2530],-0.011854441861949307,106.49062019914334,6.866971217144805
1153,11,29,20,[   0  211  713  780  909 1059 1338 1374 1939 2190 2530],-0.011854441861949307,106.49062019914334,6.866971217144805
1154,11,29,40,[   0  211  713  780  909 1059 1939 2190 2530],-0.011854441861949307,106.49062019914334,6.866971217144805
1155,11,29,60,[   0  211  713  780  909 1059 1939 2190 2530],-0.011854441861949307,106.49062019914334,6.866971217144805
1156,11,30,0,[   0   82  713  722  809  859 1125 1610 1939 2235 2464 2514 2530],-0.04779873873169396,107.16937509280366,7.004050499663831
1157,11,30,20,[   0   82  713  809  859 1125 1610 1939 2235 2464 2530],-0.04779873873169396,107.16937509280366,7.004050499663831
1158,11,30,40,[   0   82  713  809  859 1125 1610 1939 2235 2464 2530],-0.04779873873169396,107.16937509280366,7.004050499663831
1159,11,30,60,[   0   82  713  809  921 1125 1610 1939 2235 2464 2530],-0.04779873873169396,107.16937509280366,7.004050499663831
1160,11,31,0,[   0   79  713  722 1128 1338 1367 1939 2154 2514 2530],-0.07022401555637173,115.02080307260259,5.648883997400225
1161,11,31,20,[   0   79  713 1066 1128 1338 1367 1609 1939 2154 2530],-0.07022401555637173,115.02080307260259,5.648883997400225
1162,11,31,40,[   0   79  713 1066 1128 1338 1422 1609 1706 1939 2154 2530],-0.07022401555637173,115.02080307260259,5.648883997400225
1163,11,31,60,[   0   79  713 1066 1128 1338 1422 1609 1706 1939 2154 2530],-0.07022401555637173,115.02080307260259,5.648883997400225
1164,11,32,0,[   0   79  230  713  722  780  997 1125 1338 1374 1939 2190 2514 2530],-0.0640840253777866,110.2583807592422,7.528286007153776
1165,11,32,20,[   0   79  230  713  745  780  997 1125 1338 1374 1939 2190 2530],-0.0640840253777866,110.2583807592422,7.528286007153776
1166,11,32,40,[   0   79  230  713  780  997 1125 1338 1939 2190 2530],-0.0640840253777866,110.2583807592422,7.528286007153776
1167,11,32,60,[   0   79  230  713  780  997 1125 1338 1939 2190 2530],-0.0640840253777866,110.2583807592422,7.528286007153776
1168,11,33,0,[   0   79  713  722  745 1125 1338 1374 1609 1671 2514 2530],-0.01865141546023918,132.74242547231952,6.587892435219886
1169,11,33,20,[   0   79  713  745 1125 1338 1374 1609 1671 2357 2530],-0.01865141546023918,132.74242547231952,6.587892435219886
1170,11,33,40,[   0   79  745 1125 1338 1422 1609 1671 2357 2530],-0.01865141546023918,132.74242547231952,6.587892435219886
1171,11,33,60,[   0   79  745 1125 1338 1422 1609 1671 2357 2530],-0.01865141546023918,132.74242547231952,6.587892435219886
1172,11,34,0,[   0   86  713  722 1107 1300 1387 1609 1644 1901 2229 2513 2530],0.07116605873676168,134.61323869329874,5.445262356740271
1173,11,34,20,[   0   86  713 1107 1190 1300 1387 1609 1644 1901 2229 2530],0.07116605873676168,134.61323869329874,5.445262356740271
1174,11,34,40,[   0   86  713 1107 1190 1300 1387 1609 1901 2229 2530],0.07116605873676168,134.61323869329874,5.445262356740271
1175,11,34,60,[   0   86  713 1107 1190 1300 1387 1609 1901 2229 2530],0.07116605873676168,134.61323869329874,5.445262356740271
1176,11,35,0,[   0   79  713  722  780  909  972 1338 1374 2112 2229 2513 2530],-0.00328549513760983,127.29930591883516,7.261219520735401
1177,11,35,20,[   0   79  713  780  909  972 1338 1374 2112 2229 2530],-0.00328549513760983,127.29930591883516,7.261219520735401
1178,11,35,40,[   0   79  713  780  909  972 1374 2112 2229 2530],-0.00328549513760983,127.29930591883516,7.261219520735401
1179,11,35,60,[   0   79  713  780  909  972 1374 2112 2229 2530],-0.00328549513760983,127.29930591883516,7.261219520735401
1180,11,36,0,[   0   86  713  722  909 1011 1338 1374 1609 1935 2229 2513 2530],-0.03153931581763448,131.75631650002538,7.3970598375115575
1181,11,36,20,[   0   86  713  909 1011 1338 1374 1609 1671 1935 2229 2530],-0.03153931581763448,131.75631650002538,7.3970598375115575
1182,11,36,40,[   0   86  713  909 1011 1374 1609 1671 1935 2229 2530],-0.03153931581763448,131.75631650002538,7.3970598375115575
1183,11,36,60,[   0   86  713  909 1011 1374 1609 1671 1935 2229 2530],-0.03153931581763448,131.75631650002538,7.3970598375115575
1184,11,37,0,[   0   82  713  722  809 1046 1935 2229 2513 2530],0.048504428664558494,145.09171276884376,4.205235258820537
1185,11,37,20,[   0   82  713  745  809  859 1046 1185 1240 1935 2229 2530],0.048504428664558494,145.09171276884376,4.205235258820537
1186,11,37,40,[   0   82  713  809  859 1046 1185 1240 1935 2229 2530],0.048504428664558494,145.09171276884376,4.205235258820537
1187,11,37,60,[   0   82  713  809 1046 1935 2229 2530],0.048504428664558494,145.09171276884376,4.205235258820537
1188,11,38,0,[   0  230  713  722  809 1046 2513 2530],0.03522960794812178,145.85757775243394,5.278498632342487
1189,11,38,20,"[   0   82  230  477  713  809  859  923 1046 1640 2154 2226 2262 2367
 2530]",0.03522960794812178,145.85757775243394,5.278498632342487
1190,11,38,40,[   0   82  230  477  713  809  859  923 1046 1640 2154 2226 2367 2530],0.03522960794812178,145.85757775243394,5.278498632342487
1191,11,38,60,[   0   82  230  713  809  923 1046 1640 2154 2226 2367 2530],0.03522960794812178,145.85757775243394,5.278498632342487
1192,11,39,0,[   0  230  713  722  809  859 1745 2513 2530],-0.0479532175411122,140.02476579085857,8.678769780266164
1193,11,39,20,[   0   83  230  477  713  809  859 1421 1745 2154 2226 2262 2367 2530],-0.0479532175411122,140.02476579085857,8.678769780266164
1194,11,39,40,[   0   83  230  477  713  809  859 1421 1745 2154 2226 2367 2530],-0.0479532175411122,140.02476579085857,8.678769780266164
1195,11,39,60,[   0   83  230  477  713  809 1421 1745 2154 2226 2367 2530],-0.0479532175411122,140.02476579085857,8.678769780266164
1196,11,40,0,[   0  230  713  722 1303 1304 2013 2367 2513 2530],0.09617700061153815,157.36461234785205,5.421851046565319
1197,11,40,20,[   0   83  230  477  722 1304 1473 1555 1609 2013 2262 2367 2530],0.09617700061153815,157.36461234785205,5.421851046565319
1198,11,40,40,[   0   83  230  477  722 1304 1473 1555 1609 2013 2262 2367 2530],0.09617700061153815,157.36461234785205,5.421851046565319
1199,11,40,60,[   0   83  230  477  722 1304 1473 1609 2013 2262 2367 2530],0.09617700061153815,157.36461234785205,5.421851046565319
1200,11,41,0,[   0   83  713  722  909 1161 1303 1304 2513 2530],0.10500736846710935,149.11544508745712,4.3806654913481315
1201,11,41,20,[   0   83  688  733  780  909 1161 1293 2367 2530],0.10500736846710935,149.11544508745712,4.3806654913481315
1202,11,41,40,[   0   83  688  733  780  909 1161 1293 2367 2530],0.10500736846710935,149.11544508745712,4.3806654913481315
1203,11,41,60,[   0   83  688  780  909 1161 1293 2367 2530],0.10500736846710935,149.11544508745712,4.3806654913481315
1204,11,42,0,[   0   86  713  722  809  859 1385 1609 1935 2226 2513 2530],0.06942813049699194,149.62046997766828,4.136031510781317
1205,11,42,20,[   0   86  713  809  859 1385 1609 1671 1935 2226 2487 2530],0.06942813049699194,149.62046997766828,4.136031510781317
1206,11,42,40,[   0   86  713  809  859 1385 1609 1671 1935 2226 2487 2530],0.06942813049699194,149.62046997766828,4.136031510781317
1207,11,42,60,[   0   86  713  809 1385 1609 1671 1935 2226 2530],0.06942813049699194,149.62046997766828,4.136031510781317
1208,11,43,0,[   0  713  722  809  876 1161 1935 2226 2513 2530],0.047928798664306424,157.16792786640164,3.1530169402879817
1209,11,43,20,[   0   41  713  809  876 1161 1609 1671 1935 2226 2487 2530],0.047928798664306424,157.16792786640164,3.1530169402879817
1210,11,43,40,[   0   41  713  809  876 1161 1609 1671 1935 2226 2487 2530],0.047928798664306424,157.16792786640164,3.1530169402879817
1211,11,43,60,[   0  713  809  876 1161 1609 1935 2226 2530],0.047928798664306424,157.16792786640164,3.1530169402879817
1212,11,44,0,[   0  223  713  722  809  876 1161 1300 1303 1304 2513 2530],0.019674097205879357,166.85313413086524,5.278788973927413
1213,11,44,20,[   0  223  713  809  876 1161 2487 2530],0.019674097205879357,166.85313413086524,5.278788973927413
1214,11,44,40,[   0  223  713  809  876 1161 2487 2530],0.019674097205879357,166.85313413086524,5.278788973927413
1215,11,44,60,[   0  223  713  809  876 1161 1293 2530],0.019674097205879357,166.85313413086524,5.278788973927413
1216,11,45,0,[   0  713  722  859  972 1453 1609 1671 2013 2367 2513 2530],0.06684436711606945,152.10400098199037,4.402947632190743
1217,11,45,20,[   0  713  859  972 1293 1453 1609 1671 2013 2154 2367 2487 2530],0.06684436711606945,152.10400098199037,4.402947632190743
1218,11,45,40,[   0  713  859  972 1293 1453 1609 1671 2013 2154 2367 2487 2530],0.06684436711606945,152.10400098199037,4.402947632190743
1219,11,45,60,[   0  713  859  972 1293 1453 1609 1671 2013 2154 2367 2530],0.06684436711606945,152.10400098199037,4.402947632190743
1220,11,46,0,[   0  230  713  722  809 1044 1925 2513 2530],0.03774640244898883,163.3851261608092,7.026821213088533
1221,11,46,20,[   0  230  395  686  733  809 1044 1161 1610 1925 2487 2530],0.03774640244898883,163.3851261608092,7.026821213088533
1222,11,46,40,[   0  230  395  686  733  809 1044 1161 1610 1925 2487 2530],0.03774640244898883,163.3851261608092,7.026821213088533
1223,11,46,60,[   0  230  395  686  809 1044 1161 1610 1925 2530],0.03774640244898883,163.3851261608092,7.026821213088533
1224,11,47,0,[   0  713  722  809 1044 1925 2226 2513 2530],0.05591947347448529,151.36634930958297,4.209035427735707
1225,11,47,20,[   0  713  809  924 1044 1609 1925 2226 2530],0.05591947347448529,151.36634930958297,4.209035427735707
1226,11,47,40,[   0  713  809  924 1044 1609 1925 2226 2530],0.05591947347448529,151.36634930958297,4.209035427735707
1227,11,47,60,[   0  713  809  924 1044 1609 1925 2226 2530],0.05591947347448529,151.36634930958297,4.209035427735707
1228,11,48,0,[   0  713  722  809  876 1161 1609 1671 2081 2226 2513 2530],0.03800772209725491,167.83546804047026,4.885143609725848
1229,11,48,20,[   0  713  809  876 1161 1609 1671 2081 2226 2530],0.03800772209725491,167.83546804047026,4.885143609725848
1230,11,48,40,[   0  713  809  876 1161 1609 1671 2081 2226 2530],0.03800772209725491,167.83546804047026,4.885143609725848
1231,11,48,60,[   0  713  809  876 1161 1609 1671 2081 2226 2530],0.03800772209725491,167.83546804047026,4.885143609725848
1232,11,49,0,[   0   84  713  722 1671 2514 2530],0.017700739788588958,167.5586228708271,5.698165709135643
1233,11,49,20,[   0   84  163  713  876 1537 1610 1671 2154 2226 2359 2530],0.017700739788588958,167.5586228708271,5.698165709135643
1234,11,49,40,[   0   84  163  713  876 1537 1610 1671 2154 2226 2359 2530],0.017700739788588958,167.5586228708271,5.698165709135643
1235,11,49,60,[   0   84  163  713  876 1537 1610 1671 2154 2226 2359 2530],0.017700739788588958,167.5586228708271,5.698165709135643
1236,11,50,0,[   0  713  722 1609 1644 2513 2530],0.09499068251609769,165.07173798420837,3.7205364235416343
1237,11,50,20,[   0   29  713  909 1303 1609 1644 2154 2226 2453 2530],0.09499068251609769,165.07173798420837,3.7205364235416343
1238,11,50,40,[   0  713  909 1303 1644 2154 2226 2453 2530],0.09499068251609769,165.07173798420837,3.7205364235416343
1239,11,50,60,[   0  713  909 1303 1644 2154 2226 2453 2530],0.09499068251609769,165.07173798420837,3.7205364235416343
1240,12,20,0,[   0  230  359  713  722  835  859  921 1028 1128 2028 2160 2513 2530],-0.06356391976180127,71.66160740644636,10.434023798598773
1241,12,20,20,"[   0   82  230  359  558  591  713  835  859  921 1028 1128 1608 2028
 2160 2530]",-0.06356391976180127,71.66160740644636,10.434023798598773
1242,12,20,40,[   0   82  230  359  558  713  835  921 1028 1128 1608 2028 2160 2530],-0.06356391976180127,71.66160740644636,10.434023798598773
1243,12,20,60,[   0   82  230  359  558  713  835  921 1028 1128 1608 2028 2160 2530],-0.06356391976180127,71.66160740644636,10.434023798598773
1244,12,21,0,[   0   79  540  558  713  722  923 1028 1338 1374 1609 1650 2513 2530],-0.07404104545902628,77.51978786215113,7.383306830447638
1245,12,21,20,[   0   79  673  733  923 1028 1338 1374 1609 1650 2530],-0.07404104545902628,77.51978786215113,7.383306830447638
1246,12,21,40,[   0   79  673  733  923 1028 1609 1650 2530],-0.07404104545902628,77.51978786215113,7.383306830447638
1247,12,21,60,[   0   79  673  923 1028 2530],-0.07404104545902628,77.51978786215113,7.383306830447638
1248,12,22,0,"[   0  211  540  558  591  673  699  706  722  745  921 1043 1338 1374
 1810 2513 2530]",-0.10002399274565836,81.43086887012792,8.767626279873651
1249,12,22,20,[   0  211  540  673  706  745  921 1043 1338 1374 1810 2530],-0.10002399274565836,81.43086887012792,8.767626279873651
1250,12,22,40,[   0  211  540  706  855  921 1043 1338 1810 2530],-0.10002399274565836,81.43086887012792,8.767626279873651
1251,12,22,60,[   0  211  540  706  855  921 1043 1338 1810 2530],-0.10002399274565836,81.43086887012792,8.767626279873651
1252,12,23,0,[   0   79  713  722  780  923 1125 1338 1374 1810 2487 2530],-0.1022459412950086,87.1349028700697,7.709432261697338
1253,12,23,20,"[   0   79  516  565  713  745  780  923  950 1125 1338 1374 1810 2039
 2108 2487 2530]",-0.1022459412950086,87.1349028700697,7.709432261697338
1254,12,23,40,[   0   79  516  565  713  780  923 1125 1338 1810 2487 2530],-0.1022459412950086,87.1349028700697,7.709432261697338
1255,12,23,60,[   0   79  713  780  923 1125 1338 1810 2530],-0.1022459412950086,87.1349028700697,7.709432261697338
1256,12,24,0,"[   0   82  516  565  713  722  809  859  921  950 1190 1338 1374 1936
 2262 2501 2508 2513 2530]",-0.08069775490431538,86.79191660073776,8.656638423918588
1257,12,24,20,"[   0   82  516  565  713  809  859  921  950 1190 1338 1374 1936 2262
 2530]",-0.08069775490431538,86.79191660073776,8.656638423918588
1258,12,24,40,[   0   82  516  565  713  809  859 1190 1338 1936 2262 2530],-0.08069775490431538,86.79191660073776,8.656638423918588
1259,12,24,60,[   0   82  713  809  950 1190 1338 1936 2262 2530],-0.08069775490431538,86.79191660073776,8.656638423918588
1260,12,25,0,[   0   82  713  722  921 1164 1303 1304 1957 2464 2513 2530],-0.07986682857336104,94.54634899629148,5.520853029471475
1261,12,25,20,[   0   82  516  565  713  921  950 1164 1610 1706 1957 2464 2530],-0.07986682857336104,94.54634899629148,5.520853029471475
1262,12,25,40,[   0   82  516  565  713  921 1164 1610 1706 1957 2464 2530],-0.07986682857336104,94.54634899629148,5.520853029471475
1263,12,25,60,[   0   82  713  921 1164 1610 1957 2464 2530],-0.07986682857336104,94.54634899629148,5.520853029471475
1264,12,26,0,"[   0   82  713  722  821  923  950 1190 1338 1374 1609 1939 2154 2513
 2530]",-0.05503032564440747,97.25147215656534,5.540165756774781
1265,12,26,20,"[   0   82  673  713  745  821  923  950 1190 1338 1374 1609 1939 2154
 2530]",-0.05503032564440747,97.25147215656534,5.540165756774781
1266,12,26,40,[   0   82  673  745  821  950 1190 1338 1515 1609 1939 2154 2530],-0.05503032564440747,97.25147215656534,5.540165756774781
1267,12,26,60,[   0   82  673  745  821  950 1190 1338 1515 1609 1939 2154 2530],-0.05503032564440747,97.25147215656534,5.540165756774781
1268,12,27,0,[   0   82  713  722  923 1125 1338 1374 2513 2530],-0.03316086548515009,97.68803981476813,6.333703205319824
1269,12,27,20,[   0   82  654  733  923  950 1125 1338 1374 2235 2530],-0.03316086548515009,97.68803981476813,6.333703205319824
1270,12,27,40,[   0   82  654  733  923 1125 1338 1515 2235 2530],-0.03316086548515009,97.68803981476813,6.333703205319824
1271,12,27,60,[   0   82  654  733  923 1125 1338 1515 2235 2530],-0.03316086548515009,97.68803981476813,6.333703205319824
1272,12,28,0,[   0  230  359  713  722 1469 1610 1939 2235 2514 2530],-0.016118357682062188,104.85362310455777,6.550451856501605
1273,12,28,20,[   0   86  230  359  400  430  713  909 1469 1610 1706 1939 2235 2530],-0.016118357682062188,104.85362310455777,6.550451856501605
1274,12,28,40,[   0   86  230  359  713  909 1469 1610 1706 1939 2235 2530],-0.016118357682062188,104.85362310455777,6.550451856501605
1275,12,28,60,[   0   86  230  359  713  909 1469 1610 1706 1939 2235 2530],-0.016118357682062188,104.85362310455777,6.550451856501605
1276,12,29,0,[   0  211  713  722  780  909 1095 1338 1374 1939 2190 2514 2530],-0.02448646414855381,102.47545501044692,7.0477878125582505
1277,12,29,20,[   0   86  211  713  780  909 1059 1095 1338 1374 1939 2190 2530],-0.02448646414855381,102.47545501044692,7.0477878125582505
1278,12,29,40,[   0  211  713  780  909 1095 1338 1939 2190 2530],-0.02448646414855381,102.47545501044692,7.0477878125582505
1279,12,29,60,[   0  211  713  780  909 1095 1338 1939 2190 2530],-0.02448646414855381,102.47545501044692,7.0477878125582505
1280,12,30,0,[   0   82  713  722  809  859 1125 1610 1939 2235 2464 2514 2530],-0.07445636127074695,103.70704246016628,7.64876806341864
1281,12,30,20,[   0   82  713  809  859 1125 1610 1939 2235 2464 2530],-0.07445636127074695,103.70704246016628,7.64876806341864
1282,12,30,40,[   0   82  713  809  859 1125 1610 1939 2235 2464 2530],-0.07445636127074695,103.70704246016628,7.64876806341864
1283,12,30,60,[   0   82  713  809  921 1125 1610 1939 2235 2464 2530],-0.07445636127074695,103.70704246016628,7.64876806341864
1284,12,31,0,[   0   79  713  722  745 1125 1338 1367 1609 1939 2154 2514 2530],-0.08872935715511028,109.5462104331551,5.5463538878546474
1285,12,31,20,[   0   79  713  745 1066 1125 1338 1367 1609 1939 2154 2530],-0.08872935715511028,109.5462104331551,5.5463538878546474
1286,12,31,40,[   0   79  745 1066 1125 1338 1422 1609 1706 1939 2154 2530],-0.08872935715511028,109.5462104331551,5.5463538878546474
1287,12,31,60,[   0   79  745 1125 1338 1422 1609 1939 2154 2530],-0.08872935715511028,109.5462104331551,5.5463538878546474
1288,12,32,0,"[   0   79  230  713  722  780  997 1125 1338 1374 1610 1939 2190 2514
 2530]",-0.0612843907558515,104.76105205158082,6.84470811427628
1289,12,32,20,[   0   79  230  713  745  780  997 1125 1338 1374 1610 1939 2190 2530],-0.0612843907558515,104.76105205158082,6.84470811427628
1290,12,32,40,[   0   79  230  713  780  997 1125 1610 1939 2190 2530],-0.0612843907558515,104.76105205158082,6.84470811427628
1291,12,32,60,[   0   79  230  713  780  997 1125 1610 1939 2190 2530],-0.0612843907558515,104.76105205158082,6.84470811427628
1292,12,33,0,[   0   79  230  713  722  745 1125 1338 1374 1609 1671 2357 2514 2530],-0.025284261269099065,124.95249108669697,6.661720054145376
1293,12,33,20,[   0   79  230  713  745 1125 1338 1374 1609 1671 2357 2530],-0.025284261269099065,124.95249108669697,6.661720054145376
1294,12,33,40,[   0   79  230  745 1125 1338 1422 1609 1671 2154 2229 2357 2530],-0.025284261269099065,124.95249108669697,6.661720054145376
1295,12,33,60,[   0   79  230  745 1125 1338 1422 1609 1671 2154 2229 2357 2530],-0.025284261269099065,124.95249108669697,6.661720054145376
1296,12,34,0,[   0   86  713  722 1107 1300 1387 1609 1644 1922 2229 2513 2530],0.0655942970620838,126.85788294294296,4.685942791761691
1297,12,34,20,[   0   86  713 1107 1190 1300 1387 1609 1644 1922 2229 2530],0.0655942970620838,126.85788294294296,4.685942791761691
1298,12,34,40,[   0   86  713 1107 1190 1300 1387 1609 1922 2229 2530],0.0655942970620838,126.85788294294296,4.685942791761691
1299,12,34,60,[   0   86  713 1107 1190 1300 1387 1609 1922 2229 2530],0.0655942970620838,126.85788294294296,4.685942791761691
1300,12,35,0,[   0   79  713  722  780  909  972 1338 1374 1609 1671 2513 2530],-0.001772770274441848,122.0907771543406,7.337783894136005
1301,12,35,20,[   0   79  713  780  909  972 1338 1374 1609 1671 2112 2229 2530],-0.001772770274441848,122.0907771543406,7.337783894136005
1302,12,35,40,[   0   79  713  780  909  972 1422 1609 1671 2112 2229 2530],-0.001772770274441848,122.0907771543406,7.337783894136005
1303,12,35,60,[   0   79  713  780  909  972 1422 1609 1671 2112 2229 2530],-0.001772770274441848,122.0907771543406,7.337783894136005
1304,12,36,0,"[   0   86  713  722  745  909 1011 1161 1338 1374 1609 1935 2229 2513
 2530]",-0.044096496016140165,123.71309327146676,6.839847506137896
1305,12,36,20,[   0   86  713  745  909 1011 1161 1338 1374 1609 1671 1935 2229 2530],-0.044096496016140165,123.71309327146676,6.839847506137896
1306,12,36,40,[   0   86  713  909 1011 1161 1609 1671 1935 2229 2530],-0.044096496016140165,123.71309327146676,6.839847506137896
1307,12,36,60,[   0   86  713  909 1011 1161 1609 1671 1935 2229 2530],-0.044096496016140165,123.71309327146676,6.839847506137896
1308,12,37,0,[   0  230  713  722  809 1046 1935 2229 2513 2530],0.042235519560140565,136.94419776369134,4.555566203143921
1309,12,37,20,[   0   82  230  713  745  809  859 1046 1185 1240 1935 2229 2530],0.042235519560140565,136.94419776369134,4.555566203143921
1310,12,37,40,[   0   82  230  713  809  859 1046 1185 1240 1935 2229 2530],0.042235519560140565,136.94419776369134,4.555566203143921
1311,12,37,60,[   0  230  713  809 1046 1935 2229 2530],0.042235519560140565,136.94419776369134,4.555566203143921
1312,12,38,0,[   0  230  713  722  809 1046 2000 2367 2513 2530],0.033655857863188726,137.31141780079545,5.00655394477046
1313,12,38,20,[   0   82  230  713  809  859  923 1046 2000 2226 2262 2367 2530],0.033655857863188726,137.31141780079545,5.00655394477046
1314,12,38,40,[   0   82  230  713  809  859  923 1046 2000 2226 2367 2530],0.033655857863188726,137.31141780079545,5.00655394477046
1315,12,38,60,[   0   82  230  713  809  923 1046 2000 2226 2367 2530],0.033655857863188726,137.31141780079545,5.00655394477046
1316,12,39,0,[   0  230  713  722  809  859 1421 2013 2367 2513 2530],-0.04907555168294904,132.15462014181685,8.172889839106478
1317,12,39,20,"[   0   83  230  477  713  809  859 1421 1671 1704 2013 2154 2226 2262
 2367 2530]",-0.04907555168294904,132.15462014181685,8.172889839106478
1318,12,39,40,[   0   83  230  477  713  809  859 1421 2013 2154 2226 2367 2530],-0.04907555168294904,132.15462014181685,8.172889839106478
1319,12,39,60,[   0   83  230  477  713  809 1421 2013 2154 2226 2367 2530],-0.04907555168294904,132.15462014181685,8.172889839106478
1320,12,40,0,[   0  230  713  722 1043 1303 1304 2013 2367 2513 2530],0.06297383737649559,146.25418130016055,5.648212795722145
1321,12,40,20,[   0   83  230  477  713 1043 1303 1473 1609 2013 2262 2367 2530],0.06297383737649559,146.25418130016055,5.648212795722145
1322,12,40,40,[   0   83  230  477  713 1043 1303 1473 1609 2013 2262 2367 2530],0.06297383737649559,146.25418130016055,5.648212795722145
1323,12,40,60,[   0   83  230  477  713 1043 1303 1473 1609 2013 2262 2367 2530],0.06297383737649559,146.25418130016055,5.648212795722145
1324,12,41,0,[   0   83  713  722  909 1161 1303 1304 2513 2530],0.10210986553019276,139.76811028161177,4.396650550198276
1325,12,41,20,[   0   83  688  733  780  909  972 1161 1293 2367 2530],0.10210986553019276,139.76811028161177,4.396650550198276
1326,12,41,40,[   0   83  688  733  780  909  972 1161 1293 2367 2530],0.10210986553019276,139.76811028161177,4.396650550198276
1327,12,41,60,[   0   83  688  780  909  972 1161 1293 2367 2530],0.10210986553019276,139.76811028161177,4.396650550198276
1328,12,42,0,[   0   86  713  722  809  859 1161 1935 2226 2513 2530],0.05415115489973278,137.8213968506919,4.868623360229502
1329,12,42,20,[   0   86  713  809  859 1161 1609 1671 1935 2226 2487 2530],0.05415115489973278,137.8213968506919,4.868623360229502
1330,12,42,40,[   0   86  713  809  859 1161 1609 1671 1935 2226 2487 2530],0.05415115489973278,137.8213968506919,4.868623360229502
1331,12,42,60,[   0   86  713  809 1161 1609 1935 2226 2530],0.05415115489973278,137.8213968506919,4.868623360229502
1332,12,43,0,[   0  713  722  809  876 1161 1935 2226 2513 2530],0.03372831276187775,148.9534768126075,5.857663799771326
1333,12,43,20,[   0   41  713  809  876 1161 1609 1671 1935 2226 2487 2530],0.03372831276187775,148.9534768126075,5.857663799771326
1334,12,43,40,[   0   41  713  809  876 1161 1609 1671 1935 2226 2487 2530],0.03372831276187775,148.9534768126075,5.857663799771326
1335,12,43,60,[   0  713  809  876 1161 1609 1935 2226 2530],0.03372831276187775,148.9534768126075,5.857663799771326
1336,12,44,0,[   0  223  713  722  809  876 1161 1300 1303 1304 2013 2487 2513 2530],0.015908277388606847,155.9631404231949,5.465503333735355
1337,12,44,20,[   0  223  713  809  876 1161 1293 2013 2487 2530],0.015908277388606847,155.9631404231949,5.465503333735355
1338,12,44,40,[   0  223  713  809  876 1161 1293 2013 2487 2530],0.015908277388606847,155.9631404231949,5.465503333735355
1339,12,44,60,[   0  223  713  809  876 1161 1293 2013 2530],0.015908277388606847,155.9631404231949,5.465503333735355
1340,12,45,0,[   0  713  722  859  972 1453 1609 1671 2013 2226 2487 2513 2530],0.06889175931139578,142.53688387688783,4.946205791128258
1341,12,45,20,"[   0  713  859  972 1293 1453 1609 1671 2013 2154 2226 2287 2367 2487
 2530]",0.06889175931139578,142.53688387688783,4.946205791128258
1342,12,45,40,"[   0  713  859  972 1293 1453 1609 1671 2013 2154 2226 2287 2367 2487
 2530]",0.06889175931139578,142.53688387688783,4.946205791128258
1343,12,45,60,[   0  713  859  972 1293 1453 1609 1671 2013 2154 2226 2287 2367 2530],0.06889175931139578,142.53688387688783,4.946205791128258
1344,12,46,0,[   0  230  713  722  809 1044 1925 2513 2530],0.0290226935501913,153.18167253361779,5.602193680478247
1345,12,46,20,[   0  230  395  686  733  809 1044 1161 1610 1925 2487 2530],0.0290226935501913,153.18167253361779,5.602193680478247
1346,12,46,40,[   0  230  395  686  733  809 1044 1161 1610 1925 2487 2530],0.0290226935501913,153.18167253361779,5.602193680478247
1347,12,46,60,[   0  230  395  686  809 1044 1161 1610 1925 2530],0.0290226935501913,153.18167253361779,5.602193680478247
1348,12,47,0,[   0  713  722  809 1044 1925 2226 2513 2530],0.057060039796643085,144.0263631143367,4.101494573018772
1349,12,47,20,[   0  713  809  924 1044 1293 1416 1609 1671 1925 2226 2530],0.057060039796643085,144.0263631143367,4.101494573018772
1350,12,47,40,[   0  713  809  924 1044 1293 1416 1609 1671 1925 2226 2530],0.057060039796643085,144.0263631143367,4.101494573018772
1351,12,47,60,[   0  713  809  924 1044 1293 1416 1609 1671 1925 2226 2530],0.057060039796643085,144.0263631143367,4.101494573018772
1352,12,48,0,[   0  713  722  809  876 1161 1609 1644 2081 2226 2513 2530],0.03769945892318544,158.6893006986126,4.780427822508108
1353,12,48,20,[   0  713  809  876 1161 1609 1644 2081 2226 2530],0.03769945892318544,158.6893006986126,4.780427822508108
1354,12,48,40,[   0  713  809  876 1161 2081 2226 2530],0.03769945892318544,158.6893006986126,4.780427822508108
1355,12,48,60,[   0  713  809  876 1161 2081 2226 2530],0.03769945892318544,158.6893006986126,4.780427822508108
1356,12,49,0,[   0   84  713  722 1609 1644 2514 2530],0.015642796337354572,154.8408092879302,5.722379426972428
1357,12,49,20,[   0   84  163  713  876 1537 1609 1644 2154 2226 2359 2530],0.015642796337354572,154.8408092879302,5.722379426972428
1358,12,49,40,[   0   84  163  713  876 1537 1644 2154 2226 2359 2530],0.015642796337354572,154.8408092879302,5.722379426972428
1359,12,49,60,[   0   84  163  713  876 1537 1644 2154 2226 2359 2530],0.015642796337354572,154.8408092879302,5.722379426972428
1360,12,50,0,[   0  713  722 1207 1609 1644 2453 2513 2530],0.0934931447984212,155.68147205482217,3.963421078736522
1361,12,50,20,[   0   29  713  909  972 1207 1316 1609 1644 2154 2226 2453 2530],0.0934931447984212,155.68147205482217,3.963421078736522
1362,12,50,40,[   0  713  909  972 1207 1316 1644 2154 2226 2453 2530],0.0934931447984212,155.68147205482217,3.963421078736522
1363,12,50,60,[   0  713  909  972 1207 1316 1644 2154 2226 2453 2530],0.0934931447984212,155.68147205482217,3.963421078736522
1364,13,20,0,[   0  230  359  713  722  835  859  921 1028 1128 2028 2235 2513 2530],-0.06374192460790558,69.17726117666155,10.088006295815678
1365,13,20,20,"[   0   82  230  359  558  591  713  835  859  921 1028 1128 1608 2028
 2160 2184 2235 2530]",-0.06374192460790558,69.17726117666155,10.088006295815678
1366,13,20,40,[   0   82  230  359  558  713  835  921 1028 1128 2028 2235 2530],-0.06374192460790558,69.17726117666155,10.088006295815678
1367,13,20,60,[   0   82  230  359  558  713  835  921 1028 1128 2028 2235 2530],-0.06374192460790558,69.17726117666155,10.088006295815678
1368,13,21,0,[   0   79  540  558  713  722  923 1028 1338 1374 1609 1650 2513 2530],-0.07482150619219102,75.2872163401138,7.74830896060293
1369,13,21,20,[   0   79  673  733  923 1028 1338 1374 1609 1650 2530],-0.07482150619219102,75.2872163401138,7.74830896060293
1370,13,21,40,[   0   79  673  733  923 1028 1609 1650 2530],-0.07482150619219102,75.2872163401138,7.74830896060293
1371,13,21,60,[   0   79  673  923 1028 2530],-0.07482150619219102,75.2872163401138,7.74830896060293
1372,13,22,0,"[   0  211  540  558  591  673  699  706  722  745  921 1043 1303 1304
 1338 1374 1810 2513 2530]",-0.09970688906217948,77.96079899564974,8.116991981758357
1373,13,22,20,[   0  211  540  673  706  745  921 1043 1338 1374 1810 2530],-0.09970688906217948,77.96079899564974,8.116991981758357
1374,13,22,40,[   0  211  540  706  855  921 1043 1338 1810 2530],-0.09970688906217948,77.96079899564974,8.116991981758357
1375,13,22,60,[   0  211  540  706  855  921 1043 1338 1810 2530],-0.09970688906217948,77.96079899564974,8.116991981758357
1376,13,23,0,[   0   79  713  722  780  923 1125 1338 1374 1810 2487 2530],-0.09487079773767675,83.62472379499977,7.420361914367534
1377,13,23,20,"[   0   79  516  565  713  745  780  923  950 1125 1338 1374 1810 2039
 2108 2487 2530]",-0.09487079773767675,83.62472379499977,7.420361914367534
1378,13,23,40,[   0   79  516  565  713  780  923 1125 1338 1810 2487 2530],-0.09487079773767675,83.62472379499977,7.420361914367534
1379,13,23,60,[   0   79  713  780  923 1125 1338 1810 2530],-0.09487079773767675,83.62472379499977,7.420361914367534
1380,13,24,0,"[   0   82  516  558  713  722  809  921  950 1190 1338 1374 1936 2262
 2501 2508 2513 2530]",-0.08729892270439935,81.30619345373917,8.49304375179368
1381,13,24,20,"[   0   82  516  558  713  809  859  921  950 1190 1338 1374 1936 2262
 2530]",-0.08729892270439935,81.30619345373917,8.49304375179368
1382,13,24,40,[   0   82  516  558  713  809  859 1190 1338 1936 2262 2530],-0.08729892270439935,81.30619345373917,8.49304375179368
1383,13,24,60,[   0   82  713  809  950 1190 1338 1936 2262 2530],-0.08729892270439935,81.30619345373917,8.49304375179368
1384,13,25,0,[   0   82  713  722  831 1164 1303 1304 1957 2464 2513 2530],-0.07820811999274448,89.99696072648099,5.428671901808427
1385,13,25,20,[   0   82  516  565  713  831  921  950 1164 1610 1706 1957 2464 2530],-0.07820811999274448,89.99696072648099,5.428671901808427
1386,13,25,40,[   0   82  516  565  713  831  950 1164 1610 1706 1957 2464 2530],-0.07820811999274448,89.99696072648099,5.428671901808427
1387,13,25,60,[   0   82  713  831  950 1164 1610 1957 2464 2530],-0.07820811999274448,89.99696072648099,5.428671901808427
1388,13,26,0,"[   0   82  713  722  821  923  950 1190 1338 1374 1609 1939 2154 2464
 2513 2530]",-0.053057586823638134,92.98996062861941,5.3824214289391525
1389,13,26,20,"[   0   82  673  713  745  821  923  950 1190 1338 1374 1609 1939 2154
 2464 2530]",-0.053057586823638134,92.98996062861941,5.3824214289391525
1390,13,26,40,[   0   82  673  745  821  950 1190 1338 1515 1609 1939 2154 2464 2530],-0.053057586823638134,92.98996062861941,5.3824214289391525
1391,13,26,60,[   0   82  673  745  821  950 1190 1338 1515 1609 1939 2154 2464 2530],-0.053057586823638134,92.98996062861941,5.3824214289391525
1392,13,27,0,[   0   82  713  722  923 1125 1338 1374 1609 1635 1939 2235 2513 2530],-0.030443821697254726,93.87216383771947,6.446812369564598
1393,13,27,20,[   0   82  654  733  923  950 1125 1338 1374 1609 1635 1939 2235 2530],-0.030443821697254726,93.87216383771947,6.446812369564598
1394,13,27,40,[   0   82  654  733  923 1125 1609 1939 2235 2530],-0.030443821697254726,93.87216383771947,6.446812369564598
1395,13,27,60,[   0   82  654  733  923 1125 1609 1939 2235 2530],-0.030443821697254726,93.87216383771947,6.446812369564598
1396,13,28,0,[   0  230  359  713  722  909 1125 1939 2235 2514 2530],-0.014761607804976398,98.96855514049896,6.5604970873647055
1397,13,28,20,"[   0   86  230  359  400  430  713  909 1059 1125 1469 1610 1706 1939
 2235 2530]",-0.014761607804976398,98.96855514049896,6.5604970873647055
1398,13,28,40,[   0   86  230  359  713  909 1059 1125 1469 1610 1706 1939 2235 2530],-0.014761607804976398,98.96855514049896,6.5604970873647055
1399,13,28,60,[   0   86  230  359  713  909 1059 1125 1469 1610 1706 1939 2235 2530],-0.014761607804976398,98.96855514049896,6.5604970873647055
1400,13,29,0,[   0  211  713  722  780  909 1041 1338 1374 1939 2190 2514 2530],-0.03868679745901768,98.46349287202604,6.7988017822826725
1401,13,29,20,[   0  211  713  780  909 1041 1095 1338 1374 1939 2190 2530],-0.03868679745901768,98.46349287202604,6.7988017822826725
1402,13,29,40,[   0  211  713  780  909 1041 1095 1338 1939 2190 2530],-0.03868679745901768,98.46349287202604,6.7988017822826725
1403,13,29,60,[   0  211  713  780  909 1041 1939 2190 2530],-0.03868679745901768,98.46349287202604,6.7988017822826725
1404,13,30,0,[   0   82  713  722  809  859 1125 1610 1939 2235 2464 2514 2530],-0.08115563530396744,100.1924301923558,7.645179845098342
1405,13,30,20,[   0   82  713  809  859 1125 1610 1939 2235 2464 2530],-0.08115563530396744,100.1924301923558,7.645179845098342
1406,13,30,40,[   0   82  713  809  859 1125 1610 1939 2235 2464 2530],-0.08115563530396744,100.1924301923558,7.645179845098342
1407,13,30,60,[   0   82  713  809  921 1125 1610 1939 2235 2464 2530],-0.08115563530396744,100.1924301923558,7.645179845098342
1408,13,31,0,[   0   79  713  722  745 1125 1338 1367 1609 1616 1939 2154 2514 2530],-0.08785196667003739,103.19430345420773,5.912922474472012
1409,13,31,20,[   0   79  713  745 1066 1125 1338 1367 1609 1939 2154 2530],-0.08785196667003739,103.19430345420773,5.912922474472012
1410,13,31,40,[   0   79  745 1066 1125 1338 1422 1609 1706 1939 2154 2530],-0.08785196667003739,103.19430345420773,5.912922474472012
1411,13,31,60,[   0   79  745 1125 1338 1422 1609 1939 2154 2530],-0.08785196667003739,103.19430345420773,5.912922474472012
1412,13,32,0,"[   0   79  230  713  722  780  997 1125 1303 1304 1338 1374 1610 1939
 2190 2514 2530]",-0.060748591319140496,99.98097863074874,6.319607302344465
1413,13,32,20,[   0   79  230  713  745  780  997 1125 1338 1374 1610 1939 2190 2530],-0.060748591319140496,99.98097863074874,6.319607302344465
1414,13,32,40,[   0   79  230  713  780  997 1125 1610 1939 2190 2530],-0.060748591319140496,99.98097863074874,6.319607302344465
1415,13,32,60,[   0   79  230  713  780  997 1125 1610 1939 2190 2530],-0.060748591319140496,99.98097863074874,6.319607302344465
1416,13,33,0,"[   0   79  230  713  722  745 1125 1338 1374 1609 1635 1973 2357 2514
 2530]",-0.02308171346936219,117.5741230233594,6.773858172395906
1417,13,33,20,[   0   79  230  713  745 1125 1338 1374 1609 1635 1973 2229 2357 2530],-0.02308171346936219,117.5741230233594,6.773858172395906
1418,13,33,40,[   0   79  230  745 1125 1338 1422 1609 1671 1973 2229 2357 2530],-0.02308171346936219,117.5741230233594,6.773858172395906
1419,13,33,60,[   0   79  230  745 1125 1338 1422 1609 1671 1973 2229 2357 2530],-0.02308171346936219,117.5741230233594,6.773858172395906
1420,13,34,0,[   0   86  713  722  821 1107 1300 1387 1609 1644 1922 2229 2513 2530],0.0665223161370151,117.66146967702088,4.905935495820518
1421,13,34,20,[   0   86  713  821 1107 1300 1387 1609 1644 1922 2229 2530],0.0665223161370151,117.66146967702088,4.905935495820518
1422,13,34,40,[   0   86  713  821 1107 1300 1387 1609 1922 2229 2530],0.0665223161370151,117.66146967702088,4.905935495820518
1423,13,34,60,[   0   86  713  821 1107 1300 1387 1609 1922 2229 2530],0.0665223161370151,117.66146967702088,4.905935495820518
1424,13,35,0,[   0   79  713  722  780  876  972 1338 1374 1609 1901 2229 2513 2530],-0.025303939261203306,117.78341665421408,7.178926032854675
1425,13,35,20,[   0   79  713  780  876  909  972 1338 1374 1609 1671 1901 2229 2530],-0.025303939261203306,117.78341665421408,7.178926032854675
1426,13,35,40,[   0   79  713  780  876  972 1422 1609 1671 1901 2229 2530],-0.025303939261203306,117.78341665421408,7.178926032854675
1427,13,35,60,[   0   79  713  780  876  972 1422 1609 1671 1901 2229 2530],-0.025303939261203306,117.78341665421408,7.178926032854675
1428,13,36,0,"[   0  230  713  722  745  909 1011 1161 1338 1374 1609 1935 2229 2513
 2530]",-0.04572693807995586,116.38733812100918,6.796229901288305
1429,13,36,20,[   0  230  713  745  909 1011 1161 1338 1374 1609 1671 1935 2229 2530],-0.04572693807995586,116.38733812100918,6.796229901288305
1430,13,36,40,[   0   86  230  713  909 1011 1161 1609 1671 1935 2229 2530],-0.04572693807995586,116.38733812100918,6.796229901288305
1431,13,36,60,[   0   86  230  713  909 1011 1161 1609 1671 1935 2229 2530],-0.04572693807995586,116.38733812100918,6.796229901288305
1432,13,37,0,[   0  230  713  722  809 1046 1935 2229 2513 2530],0.04054876269952948,129.75715939054922,4.3524593001546625
1433,13,37,20,[   0   82  230  713  745  809  859 1046 1185 1240 1935 2229 2530],0.04054876269952948,129.75715939054922,4.3524593001546625
1434,13,37,40,[   0   82  230  713  809  859 1046 1185 1240 1935 2229 2530],0.04054876269952948,129.75715939054922,4.3524593001546625
1435,13,37,60,[   0  230  713  809 1046 1935 2229 2530],0.04054876269952948,129.75715939054922,4.3524593001546625
1436,13,38,0,[   0  230  713  722  809  923 1046 1609 1640 2000 2367 2513 2530],0.030046127433054806,127.43471208163878,4.9639949686853395
1437,13,38,20,[   0   82  230  713  809  859  923 1046 1609 1640 2000 2226 2367 2530],0.030046127433054806,127.43471208163878,4.9639949686853395
1438,13,38,40,[   0   82  230  713  809  859  923 1046 1609 1671 2000 2226 2367 2530],0.030046127433054806,127.43471208163878,4.9639949686853395
1439,13,38,60,[   0   82  230  713  809  923 1046 1609 1671 2000 2226 2367 2530],0.030046127433054806,127.43471208163878,4.9639949686853395
1440,13,39,0,[   0  230  713  722  809  859 1421 1609 1704 2013 2367 2513 2530],-0.04536725313931742,126.64206514688058,8.27715839789805
1441,13,39,20,"[   0   83  230  477  713  809  859 1421 1609 1671 1704 2013 2154 2226
 2262 2367 2530]",-0.04536725313931742,126.64206514688058,8.27715839789805
1442,13,39,40,"[   0   83  230  477  713  809  859 1421 1609 1671 1745 2013 2154 2226
 2367 2530]",-0.04536725313931742,126.64206514688058,8.27715839789805
1443,13,39,60,"[   0   83  230  477  713  809 1421 1609 1671 1745 2013 2154 2226 2367
 2530]",-0.04536725313931742,126.64206514688058,8.27715839789805
1444,13,40,0,[   0  230  713  722 1043 1303 1304 1935 2367 2513 2530],0.0606972207861874,137.26351680843487,5.650773412101997
1445,13,40,20,"[   0   83  230  477  713 1043 1303 1473 1508 1555 1609 1935 2262 2367
 2530]",0.0606972207861874,137.26351680843487,5.650773412101997
1446,13,40,40,[   0   83  230  713 1043 1303 1473 1609 1935 2367 2530],0.0606972207861874,137.26351680843487,5.650773412101997
1447,13,40,60,[   0   83  230  713 1043 1303 1473 1609 1935 2367 2530],0.0606972207861874,137.26351680843487,5.650773412101997
1448,13,41,0,[   0   83  713  722  909 1161 1303 1304 2513 2530],0.10057827419744614,130.48952239706975,4.469962901636451
1449,13,41,20,[   0   83  688  733  780  909  972 1161 1293 1671 2367 2530],0.10057827419744614,130.48952239706975,4.469962901636451
1450,13,41,40,[   0   83  688  733  780  909  972 1161 1293 1671 2367 2530],0.10057827419744614,130.48952239706975,4.469962901636451
1451,13,41,60,[   0   83  688  780  909  972 1161 1293 1671 2367 2530],0.10057827419744614,130.48952239706975,4.469962901636451
1452,13,42,0,"[   0   86  713  722  809  859 1161 1300 1385 1609 1935 2226 2487 2513
 2530]",0.03941583439193112,130.34748933331932,5.3547061577470885
1453,13,42,20,[   0   86  713  809  859 1161 1300 1385 1609 1671 1935 2226 2487 2530],0.03941583439193112,130.34748933331932,5.3547061577470885
1454,13,42,40,[   0   86  713  809  859 1161 1300 1385 1609 1671 1935 2226 2487 2530],0.03941583439193112,130.34748933331932,5.3547061577470885
1455,13,42,60,[   0   86  713  809 1161 1300 1385 1609 1935 2226 2530],0.03941583439193112,130.34748933331932,5.3547061577470885
1456,13,43,0,[   0  713  722  809  876 1161 1935 2226 2513 2530],0.03679955298183438,141.46454976984165,5.8278265265470015
1457,13,43,20,"[   0   41  395  583  713  809  876 1161 1435 1609 1671 1935 2226 2369
 2487 2530]",0.03679955298183438,141.46454976984165,5.8278265265470015
1458,13,43,40,"[   0   41  395  583  713  809  876 1161 1435 1609 1671 1935 2226 2369
 2487 2530]",0.03679955298183438,141.46454976984165,5.8278265265470015
1459,13,43,60,[   0  395  583  713  809  876 1161 1435 1609 1671 1935 2226 2369 2530],0.03679955298183438,141.46454976984165,5.8278265265470015
1460,13,44,0,"[   0  223  713  722  809  876 1161 1300 1303 1304 2013 2154 2487 2513
 2530]",0.011407233223490071,144.52032716237937,5.479756189265302
1461,13,44,20,[   0  223  713  809  876 1161 1293 2013 2154 2487 2530],0.011407233223490071,144.52032716237937,5.479756189265302
1462,13,44,40,[   0  223  713  809  876 1161 1293 2013 2154 2487 2530],0.011407233223490071,144.52032716237937,5.479756189265302
1463,13,44,60,[   0  223  713  809  876 1161 1293 2013 2154 2530],0.011407233223490071,144.52032716237937,5.479756189265302
1464,13,45,0,[   0  713  722  780  909  972 1453 1609 1671 2013 2226 2487 2513 2530],0.070857902619463,134.89645117787495,4.98739474106437
1465,13,45,20,"[   0  713  780  859  909  972 1293 1453 1609 1671 2013 2154 2226 2287
 2367 2487 2530]",0.070857902619463,134.89645117787495,4.98739474106437
1466,13,45,40,"[   0  713  780  859  909  972 1293 1453 1609 1671 2013 2154 2226 2287
 2367 2487 2530]",0.070857902619463,134.89645117787495,4.98739474106437
1467,13,45,60,"[   0  713  780  909  972 1293 1453 1609 1671 2013 2154 2226 2287 2367
 2530]",0.070857902619463,134.89645117787495,4.98739474106437
1468,13,46,0,[   0  230  713  722  809 1044 1303 1304 1925 2487 2513 2530],0.02893055982806941,144.75375334344014,5.189406882176984
1469,13,46,20,[   0  230  395  686  733  809 1044 1161 1303 1473 1610 1925 2487 2530],0.02893055982806941,144.75375334344014,5.189406882176984
1470,13,46,40,[   0  230  395  686  733  809 1044 1161 1303 1473 1610 1925 2487 2530],0.02893055982806941,144.75375334344014,5.189406882176984
1471,13,46,60,[   0  230  395  686  809 1044 1161 1303 1473 1610 1925 2530],0.02893055982806941,144.75375334344014,5.189406882176984
1472,13,47,0,[   0  713  722  809  924 1044 1161 1293 1416 1609 1925 2226 2513 2530],0.04264386233580009,134.49350945997548,4.685522059879983
1473,13,47,20,[   0  713  809  924 1044 1161 1293 1416 1609 1671 1925 2226 2530],0.04264386233580009,134.49350945997548,4.685522059879983
1474,13,47,40,[   0  713  809  924 1044 1161 1293 1416 1609 1671 1925 2226 2530],0.04264386233580009,134.49350945997548,4.685522059879983
1475,13,47,60,[   0  713  809  924 1044 1161 1293 1416 1609 1671 1925 2226 2530],0.04264386233580009,134.49350945997548,4.685522059879983
1476,13,48,0,[   0  713  722  809  876 1161 1609 1644 2081 2226 2513 2530],0.03921816708468025,149.14100551612023,5.377056644585799
1477,13,48,20,[   0  713  809  876 1161 1282 1609 1644 2081 2226 2530],0.03921816708468025,149.14100551612023,5.377056644585799
1478,13,48,40,[   0  713  809  876 1161 1282 2081 2226 2530],0.03921816708468025,149.14100551612023,5.377056644585799
1479,13,48,60,[   0  713  809  876 1161 1282 2081 2226 2530],0.03921816708468025,149.14100551612023,5.377056644585799
1480,13,49,0,[   0   84  713  722 1609 1644 2514 2530],0.01894017121204893,148.61158887423232,6.051300631231953
1481,13,49,20,[   0   84  163  713  876 1282 1555 1609 1644 2154 2226 2359 2530],0.01894017121204893,148.61158887423232,6.051300631231953
1482,13,49,40,[   0   84  163  713  876 1282 1555 1644 2154 2226 2359 2530],0.01894017121204893,148.61158887423232,6.051300631231953
1483,13,49,60,[   0   84  163  713  876 1282 1555 1644 2154 2226 2359 2530],0.01894017121204893,148.61158887423232,6.051300631231953
1484,13,50,0,[   0  713  722 1207 1303 1304 1609 1644 2453 2513 2530],0.09365081947342589,146.96037767942954,3.685467837070694
1485,13,50,20,[   0   29  713  909  972 1207 1316 1609 1644 2154 2226 2453 2530],0.09365081947342589,146.96037767942954,3.685467837070694
1486,13,50,40,[   0  713  909  972 1207 1316 1644 2154 2226 2453 2530],0.09365081947342589,146.96037767942954,3.685467837070694
1487,13,50,60,[   0  713  909  972 1207 1316 1644 2154 2226 2453 2530],0.09365081947342589,146.96037767942954,3.685467837070694
1488,14,20,0,"[   0  230  359  713  722  835  859  921 1028 1128 1303 1304 2028 2235
 2513 2530]",-0.06340712409424276,67.03305827596249,9.421775233618293
1489,14,20,20,"[   0   82  230  359  558  591  713  835  859  921 1028 1128 1303 2028
 2160 2184 2235 2530]",-0.06340712409424276,67.03305827596249,9.421775233618293
1490,14,20,40,[   0   82  230  359  558  713  835  921 1028 1128 1303 2028 2235 2530],-0.06340712409424276,67.03305827596249,9.421775233618293
1491,14,20,60,[   0   82  230  359  558  713  835  921 1028 1128 1303 2028 2235 2530],-0.06340712409424276,67.03305827596249,9.421775233618293
1492,14,21,0,[   0   79  540  558  713  722  923 1028 1303 1304 1609 1650 2513 2530],-0.0746929842183781,72.65034619407851,7.183928562044943
1493,14,21,20,[   0   79  673  733  923 1028 1338 1374 1609 1650 2530],-0.0746929842183781,72.65034619407851,7.183928562044943
1494,14,21,40,[   0   79  673  733  923 1028 1609 1650 2530],-0.0746929842183781,72.65034619407851,7.183928562044943
1495,14,21,60,[   0   79  673  923 1028 2530],-0.0746929842183781,72.65034619407851,7.183928562044943
1496,14,22,0,[   0  211  540  558  713  722  921 1043 1303 1304 1810 2513 2530],-0.09942214805920017,74.92204627654569,7.617742944255602
1497,14,22,20,[   0  211  540  673  699  722  745  921 1043 1338 1374 1810 2530],-0.09942214805920017,74.92204627654569,7.617742944255602
1498,14,22,40,[   0  211  540  673  745  921 1043 1810 2530],-0.09942214805920017,74.92204627654569,7.617742944255602
1499,14,22,60,[   0  211  540  673  745  921 1043 1810 2530],-0.09942214805920017,74.92204627654569,7.617742944255602
1500,14,23,0,[   0   79  713  722  923 1125 1303 1304 1810 2487 2530],-0.09436874739637977,80.49591227120123,6.922164677460455
1501,14,23,20,"[   0   79  516  565  713  745  780  923  950 1125 1338 1374 1810 2039
 2108 2487 2530]",-0.09436874739637977,80.49591227120123,6.922164677460455
1502,14,23,40,[   0   79  516  565  713  780  923 1125 1338 1810 2487 2530],-0.09436874739637977,80.49591227120123,6.922164677460455
1503,14,23,60,[   0   79  713  780  923 1125 1338 1810 2530],-0.09436874739637977,80.49591227120123,6.922164677460455
1504,14,24,0,"[   0   82  516  558  713  722  809  921  950 1190 1338 1374 1936 2262
 2501 2508 2513 2530]",-0.08637974079366038,78.74042365972957,8.674290799404748
1505,14,24,20,"[   0   82  516  558  713  745  809  859  921  950 1190 1338 1374 1936
 2262 2530]",-0.08637974079366038,78.74042365972957,8.674290799404748
1506,14,24,40,[   0   82  516  558  713  809  859 1190 1338 1936 2262 2530],-0.08637974079366038,78.74042365972957,8.674290799404748
1507,14,24,60,[   0   82  713  809  950 1190 1338 1936 2262 2530],-0.08637974079366038,78.74042365972957,8.674290799404748
1508,14,25,0,[   0   82  713  722  831 1164 1303 1304 1936 2464 2513 2530],-0.0802495427639769,86.13726642758465,5.228650786511972
1509,14,25,20,"[   0   82  516  565  713  831  921  950 1164 1610 1706 1936 2154 2464
 2530]",-0.0802495427639769,86.13726642758465,5.228650786511972
1510,14,25,40,[   0   82  516  565  713  831  950 1164 1610 1936 2154 2464 2530],-0.0802495427639769,86.13726642758465,5.228650786511972
1511,14,25,60,[   0   82  713  831  950 1164 1610 1936 2154 2464 2530],-0.0802495427639769,86.13726642758465,5.228650786511972
1512,14,26,0,"[   0   82  713  722  821  923  950 1190 1338 1374 1609 1939 2154 2464
 2513 2530]",-0.0507993722083659,89.42395594001509,5.384473426674303
1513,14,26,20,"[   0   82  673  713  745  821  923  950 1190 1338 1374 1609 1939 2154
 2464 2530]",-0.0507993722083659,89.42395594001509,5.384473426674303
1514,14,26,40,[   0   82  673  745  821  950 1190 1338 1515 1609 1939 2154 2464 2530],-0.0507993722083659,89.42395594001509,5.384473426674303
1515,14,26,60,[   0   82  673  745  821  950 1190 1338 1515 1609 1939 2154 2464 2530],-0.0507993722083659,89.42395594001509,5.384473426674303
1516,14,27,0,"[   0   82  713  722  923 1125 1338 1374 1609 1635 1939 2235 2464 2513
 2530]",-0.02848102862029695,90.19700221423454,6.16997713649541
1517,14,27,20,"[   0   82  654  733  923  950 1125 1338 1374 1609 1635 1939 2235 2464
 2530]",-0.02848102862029695,90.19700221423454,6.16997713649541
1518,14,27,40,[   0   82  654  733  923 1125 1338 1515 1609 1939 2235 2464 2530],-0.02848102862029695,90.19700221423454,6.16997713649541
1519,14,27,60,[   0   82  654  733  923 1125 1338 1515 1609 1939 2235 2464 2530],-0.02848102862029695,90.19700221423454,6.16997713649541
1520,14,28,0,[   0  230  359  713  722  909 1125 1939 2235 2514 2530],-0.0122634948772275,95.79060729050833,6.9972743199025915
1521,14,28,20,"[   0   86  230  359  400  430  713  909 1059 1125 1304 1469 1610 1706
 1939 2235 2530]",-0.0122634948772275,95.79060729050833,6.9972743199025915
1522,14,28,40,"[   0   86  230  359  713  909 1059 1125 1304 1469 1610 1706 1939 2235
 2530]",-0.0122634948772275,95.79060729050833,6.9972743199025915
1523,14,28,60,"[   0   86  230  359  713  909 1059 1125 1304 1469 1610 1706 1939 2235
 2530]",-0.0122634948772275,95.79060729050833,6.9972743199025915
1524,14,29,0,[   0  211  713  722  780  909 1041 1338 1374 1939 2190 2514 2530],-0.04581331957307237,95.09955842707782,6.492646521426115
1525,14,29,20,[   0  211  713  780  909 1041 1095 1338 1374 1939 2190 2530],-0.04581331957307237,95.09955842707782,6.492646521426115
1526,14,29,40,[   0  211  713  780  909 1041 1095 1338 1939 2190 2530],-0.04581331957307237,95.09955842707782,6.492646521426115
1527,14,29,60,[   0  211  713  780  909 1041 1939 2190 2530],-0.04581331957307237,95.09955842707782,6.492646521426115
1528,14,30,0,[   0   82  713  722  809  859 1125 1610 1939 2235 2464 2514 2530],-0.0841551396458336,93.72513463472828,7.358814338568126
1529,14,30,20,[   0   82  713  809  859  921  951 1125 1610 1837 1939 2235 2464 2530],-0.0841551396458336,93.72513463472828,7.358814338568126
1530,14,30,40,[   0   82  713  809  859 1125 1610 1939 2235 2464 2530],-0.0841551396458336,93.72513463472828,7.358814338568126
1531,14,30,60,[   0   82  713  809  921 1125 1610 1939 2235 2464 2530],-0.0841551396458336,93.72513463472828,7.358814338568126
1532,14,31,0,[   0   79  713  722  745 1125 1338 1367 1609 1616 1939 2154 2514 2530],-0.0862285271237916,98.41156564756133,5.951376430448108
1533,14,31,20,[   0   79  713  745 1066 1125 1338 1367 1609 1939 2154 2530],-0.0862285271237916,98.41156564756133,5.951376430448108
1534,14,31,40,[   0   79  745 1066 1125 1265 1469 1609 1939 2154 2530],-0.0862285271237916,98.41156564756133,5.951376430448108
1535,14,31,60,[   0   79  745 1125 1265 1469 1609 1939 2154 2530],-0.0862285271237916,98.41156564756133,5.951376430448108
1536,14,32,0,"[   0   79  230  713  722  780  997 1125 1303 1304 1338 1374 1610 1939
 2190 2468 2514 2530]",-0.10580085949842082,95.4370935501146,6.112836383023557
1537,14,32,20,"[   0   79  230  713  745  780  997 1125 1338 1374 1610 1837 1939 2190
 2468 2530]",-0.10580085949842082,95.4370935501146,6.112836383023557
1538,14,32,40,[   0   79  230  713  780  997 1125 1610 1837 1939 2190 2468 2530],-0.10580085949842082,95.4370935501146,6.112836383023557
1539,14,32,60,[   0   79  230  713  780  997 1125 1610 1837 1939 2190 2468 2530],-0.10580085949842082,95.4370935501146,6.112836383023557
1540,14,33,0,"[   0   79  230  713  722  745 1125 1338 1374 1609 1635 1973 2229 2464
 2514 2530]",-0.020607300023898566,112.29077296837069,6.281408961712605
1541,14,33,20,[   0   79  230  713  745 1125 1338 1374 1609 1635 1973 2229 2464 2530],-0.020607300023898566,112.29077296837069,6.281408961712605
1542,14,33,40,[   0   79  230  745 1125 1338 1422 1609 1671 1973 2229 2357 2464 2530],-0.020607300023898566,112.29077296837069,6.281408961712605
1543,14,33,60,[   0   79  230  745 1125 1338 1422 1609 1671 1973 2229 2357 2464 2530],-0.020607300023898566,112.29077296837069,6.281408961712605
1544,14,34,0,"[   0   86  713  722  835  874 1107 1300 1387 1609 1644 1922 2229 2513
 2530]",0.06834617910856026,112.21760235973314,5.062698927142236
1545,14,34,20,[   0   86  713  835  874 1107 1300 1387 1609 1644 1922 2229 2530],0.06834617910856026,112.21760235973314,5.062698927142236
1546,14,34,40,[   0   86  713  835 1107 1300 1387 1609 1922 2229 2530],0.06834617910856026,112.21760235973314,5.062698927142236
1547,14,34,60,[   0   86  713  835 1107 1300 1387 1609 1922 2229 2530],0.06834617910856026,112.21760235973314,5.062698927142236
1548,14,35,0,"[   0   79  713  722  780  876  972 1338 1374 1609 1644 1901 2229 2513
 2530]",-0.027105550634343657,112.97126915496352,7.4522059327464545
1549,14,35,20,[   0   79  713  780  876  909  972 1338 1374 1609 1644 1901 2229 2530],-0.027105550634343657,112.97126915496352,7.4522059327464545
1550,14,35,40,[   0   79  713  780  876  972 1422 1609 1901 2229 2530],-0.027105550634343657,112.97126915496352,7.4522059327464545
1551,14,35,60,[   0   79  713  780  876  972 1422 1609 1901 2229 2530],-0.027105550634343657,112.97126915496352,7.4522059327464545
1552,14,36,0,"[   0  230  713  722  745  909 1011 1161 1338 1374 1609 1935 2229 2513
 2530]",-0.042271221050032746,111.57156021766446,6.491981894898428
1553,14,36,20,[   0  230  713  745  909 1011 1161 1338 1374 1609 1671 1935 2229 2530],-0.042271221050032746,111.57156021766446,6.491981894898428
1554,14,36,40,[   0   86  230  713  909 1011 1161 1300 1374 1609 1671 1935 2229 2530],-0.042271221050032746,111.57156021766446,6.491981894898428
1555,14,36,60,[   0   86  230  713  909 1011 1161 1300 1374 1609 1671 1935 2229 2530],-0.042271221050032746,111.57156021766446,6.491981894898428
1556,14,37,0,[   0  230  713  722  809 1046 1609 1644 1935 2229 2513 2530],0.037515855838396055,121.37873061213705,4.359516021499021
1557,14,37,20,"[   0   82  230  713  745  809  859 1046 1185 1240 1554 1609 1644 1935
 2229 2530]",0.037515855838396055,121.37873061213705,4.359516021499021
1558,14,37,40,[   0   82  230  713  809  859 1046 1185 1240 1554 1609 1935 2229 2530],0.037515855838396055,121.37873061213705,4.359516021499021
1559,14,37,60,[   0   82  230  713  809 1046 1185 1609 1935 2229 2530],0.037515855838396055,121.37873061213705,4.359516021499021
1560,14,38,0,[   0  230  713  722  809  923 1046 1609 1640 2000 2367 2513 2530],0.03193391206742188,121.86363280877276,4.853455361310524
1561,14,38,20,[   0   82  230  713  809  859  923 1046 1609 1640 2000 2226 2367 2530],0.03193391206742188,121.86363280877276,4.853455361310524
1562,14,38,40,"[   0   82  230  477  713  809  859  923 1046 1293 1609 1671 2000 2154
 2226 2367 2530]",0.03193391206742188,121.86363280877276,4.853455361310524
1563,14,38,60,[   0   82  230  713  809  923 1046 1609 1671 2000 2226 2367 2530],0.03193391206742188,121.86363280877276,4.853455361310524
1564,14,39,0,[   0  230  713  722  809 1043 2013 2367 2513 2530],-0.043506387411747276,121.65445438619824,6.597910466831502
1565,14,39,20,"[   0   83  230  477  713  809  859 1043 1467 1609 1671 1704 2013 2154
 2226 2262 2367 2530]",-0.043506387411747276,121.65445438619824,6.597910466831502
1566,14,39,40,"[   0   83  230  477  713  809  859 1043 1467 1609 1671 1745 2013 2154
 2226 2367 2530]",-0.043506387411747276,121.65445438619824,6.597910466831502
1567,14,39,60,[   0   83  230  713  809 1043 1467 1609 1671 2013 2226 2367 2530],-0.043506387411747276,121.65445438619824,6.597910466831502
1568,14,40,0,[   0  230  713  722 1043 1303 1304 1935 2367 2513 2530],0.058402054991608124,129.82112986538402,6.000819115225857
1569,14,40,20,"[   0   83  230  477  713 1043 1303 1473 1508 1555 1609 1935 2255 2367
 2530]",0.058402054991608124,129.82112986538402,6.000819115225857
1570,14,40,40,[   0   83  230  713 1043 1303 1473 1609 1935 2255 2367 2530],0.058402054991608124,129.82112986538402,6.000819115225857
1571,14,40,60,[   0   83  230  713 1043 1303 1473 1609 1935 2255 2367 2530],0.058402054991608124,129.82112986538402,6.000819115225857
1572,14,41,0,[   0   83  713  722  780  909 1161 1303 1304 1609 1640 2513 2530],0.1016447360061696,124.13906817017543,4.082091236935857
1573,14,41,20,[   0   83  688  733  780  909  972 1161 1293 1609 1640 2367 2530],0.1016447360061696,124.13906817017543,4.082091236935857
1574,14,41,40,[   0   83  688  733  780  909  972 1161 1293 1609 1671 2367 2530],0.1016447360061696,124.13906817017543,4.082091236935857
1575,14,41,60,[   0   83  688  780  909  972 1161 1293 1609 1671 2367 2530],0.1016447360061696,124.13906817017543,4.082091236935857
1576,14,42,0,[   0  216  713  722  809  859 1161 1300 1385 1609 1935 2226 2513 2530],0.028523656906072427,124.07761560428287,5.303063701273921
1577,14,42,20,"[   0  216  396  713  809  859 1161 1300 1385 1609 1671 1935 2226 2487
 2530]",0.028523656906072427,124.07761560428287,5.303063701273921
1578,14,42,40,"[   0  216  396  713  809  859 1161 1300 1385 1609 1671 1935 2226 2487
 2530]",0.028523656906072427,124.07761560428287,5.303063701273921
1579,14,42,60,[   0  216  396  713  809 1161 1300 1385 1609 1671 1935 2226 2530],0.028523656906072427,124.07761560428287,5.303063701273921
1580,14,43,0,"[   0  713  722  809  876 1161 1303 1304 1435 1609 1935 2226 2468 2513
 2530]",0.03705795499493638,134.60977951407452,5.423661350802023
1581,14,43,20,"[   0   41  395  583  713  809  876 1161 1303 1435 1609 1671 1935 2226
 2369 2487 2530]",0.03705795499493638,134.60977951407452,5.423661350802023
1582,14,43,40,"[   0   41  395  583  713  809  876 1161 1303 1435 1609 1671 1935 2226
 2369 2487 2530]",0.03705795499493638,134.60977951407452,5.423661350802023
1583,14,43,60,"[   0  395  583  713  809  876 1161 1303 1435 1609 1671 1935 2226 2369
 2530]",0.03705795499493638,134.60977951407452,5.423661350802023
1584,14,44,0,"[   0  223  713  722  809  876 1161 1300 1303 1304 1609 1635 2013 2154
 2487 2513 2530]",0.010962401693555496,135.92901737542246,5.692786056709117
1585,14,44,20,[   0  223  713  809  876 1161 1293 1554 1609 1635 2013 2154 2487 2530],0.010962401693555496,135.92901737542246,5.692786056709117
1586,14,44,40,[   0  223  713  809  876 1161 1293 1554 1609 1671 2013 2154 2487 2530],0.010962401693555496,135.92901737542246,5.692786056709117
1587,14,44,60,[   0  223  713  809  876 1161 1293 1609 1671 2013 2154 2530],0.010962401693555496,135.92901737542246,5.692786056709117
1588,14,45,0,[   0  713  722  780  909  972 1453 1609 1671 2013 2226 2487 2513 2530],0.07130436601730415,126.96785115452114,5.055449327527649
1589,14,45,20,"[   0  683  733  780  859  909  972 1293 1453 1609 1671 2013 2154 2226
 2287 2367 2487 2530]",0.07130436601730415,126.96785115452114,5.055449327527649
1590,14,45,40,"[   0  683  733  780  859  909  972 1293 1453 1609 1671 2013 2154 2226
 2287 2367 2487 2530]",0.07130436601730415,126.96785115452114,5.055449327527649
1591,14,45,60,"[   0  683  780  909  972 1293 1453 1609 1671 2013 2154 2226 2287 2367
 2530]",0.07130436601730415,126.96785115452114,5.055449327527649
1592,14,46,0,[   0  230  713  722  809 1044 1303 1304 1925 2487 2513 2530],0.0022492518109103474,137.13348712401273,5.105251643898428
1593,14,46,20,[   0  230  395  686  733  809 1044 1161 1303 1432 1610 1925 2487 2530],0.0022492518109103474,137.13348712401273,5.105251643898428
1594,14,46,40,[   0  230  395  686  733  809 1044 1161 1303 1432 1610 1925 2487 2530],0.0022492518109103474,137.13348712401273,5.105251643898428
1595,14,46,60,[   0  230  395  686  809 1044 1161 1303 1432 1610 1925 2530],0.0022492518109103474,137.13348712401273,5.105251643898428
1596,14,47,0,[   0  713  722  809  924 1044 1161 1293 1416 1609 1925 2226 2513 2530],0.04069098944933197,129.58275705829757,4.877829160625946
1597,14,47,20,[   0  713  809  924 1044 1161 1293 1416 1609 1671 1925 2226 2530],0.04069098944933197,129.58275705829757,4.877829160625946
1598,14,47,40,[   0  713  809  924 1044 1161 1293 1416 1609 1671 1925 2226 2530],0.04069098944933197,129.58275705829757,4.877829160625946
1599,14,47,60,[   0  713  809  924 1044 1161 1293 1416 1609 1671 1925 2226 2530],0.04069098944933197,129.58275705829757,4.877829160625946
1600,14,48,0,[   0  713  722  809  876 1161 1609 1644 2081 2226 2513 2530],0.04285967072793254,143.34676763570857,5.8029777405489735
1601,14,48,20,[   0  713  809  876 1161 1282 1609 1644 2081 2226 2530],0.04285967072793254,143.34676763570857,5.8029777405489735
1602,14,48,40,[   0  713  809  876 1161 1282 2081 2226 2530],0.04285967072793254,143.34676763570857,5.8029777405489735
1603,14,48,60,[   0  713  809  876 1161 1282 2081 2226 2530],0.04285967072793254,143.34676763570857,5.8029777405489735
1604,14,49,0,[   0   84  713  722  809  876 1609 1644 2514 2530],0.0011272252956858676,143.03661430044426,6.491410421688577
1605,14,49,20,[   0   84  163  713  809  876 1282 1555 1609 1644 2154 2226 2359 2530],0.0011272252956858676,143.03661430044426,6.491410421688577
1606,14,49,40,[   0   84  163  713  809  876 1282 1644 2154 2226 2359 2530],0.0011272252956858676,143.03661430044426,6.491410421688577
1607,14,49,60,[   0   84  163  713  809  876 1282 1644 2154 2226 2359 2530],0.0011272252956858676,143.03661430044426,6.491410421688577
1608,14,50,0,[   0  713  722  909 1207 1303 1304 1453 1609 1644 2453 2513 2530],0.05887913164627782,138.72733919724288,3.8852719699497906
1609,14,50,20,"[   0   29  713  876  909  972 1207 1316 1453 1609 1644 2154 2226 2453
 2530]",0.05887913164627782,138.72733919724288,3.8852719699497906
1610,14,50,40,[   0  713  909  972 1207 1316 1453 1609 2154 2226 2453 2530],0.05887913164627782,138.72733919724288,3.8852719699497906
1611,14,50,60,[   0  713  909  972 1207 1316 1453 1609 2154 2226 2453 2530],0.05887913164627782,138.72733919724288,3.8852719699497906
1612,15,20,0,"[   0  230  359  713  722  835  859  921 1028 1128 1303 1304 2028 2235
 2513 2530]",-0.06749386393978613,64.64641704683432,8.585568713197176
1613,15,20,20,"[   0   82  230  359  558  591  713  835  859  921 1028 1128 1303 1374
 1515 1608 2028 2160 2184 2235 2530]",-0.06749386393978613,64.64641704683432,8.585568713197176
1614,15,20,40,"[   0   82  230  359  558  713  835  921 1028 1128 1303 1374 1608 2028
 2235 2530]",-0.06749386393978613,64.64641704683432,8.585568713197176
1615,15,20,60,"[   0   82  230  359  558  713  835  921 1028 1128 1303 1374 1608 2028
 2235 2530]",-0.06749386393978613,64.64641704683432,8.585568713197176
1616,15,21,0,[   0   79  540  558  713  722  923 1028 1303 1304 1609 1650 2513 2530],-0.07649737202953519,70.38519044188178,7.05152918928839
1617,15,21,20,[   0   79  673  733  923 1028 1338 1374 1609 1650 2530],-0.07649737202953519,70.38519044188178,7.05152918928839
1618,15,21,40,[   0   79  673  733  923 1028 1609 1650 2530],-0.07649737202953519,70.38519044188178,7.05152918928839
1619,15,21,60,[   0   79  673  923 1028 2530],-0.07649737202953519,70.38519044188178,7.05152918928839
1620,15,22,0,[   0  211  540  558  713  722  921 1043 1303 1304 1810 2513 2530],-0.10279544837461954,72.10287347533323,7.420561414448292
1621,15,22,20,"[   0  211  400  558  591  673  699  722  745  921 1043 1338 1374 1810
 2530]",-0.10279544837461954,72.10287347533323,7.420561414448292
1622,15,22,40,[   0  211  591  673  745  921 1043 1810 2530],-0.10279544837461954,72.10287347533323,7.420561414448292
1623,15,22,60,[   0  211  591  673  745  921 1043 1810 2530],-0.10279544837461954,72.10287347533323,7.420561414448292
1624,15,23,0,[   0   79  713  722  923 1125 1303 1304 1810 2487 2530],-0.09212083491034764,77.21201106716546,6.864569424787552
1625,15,23,20,"[   0   79  516  565  713  745  780  923  950 1125 1338 1374 1810 2051
 2108 2487 2530]",-0.09212083491034764,77.21201106716546,6.864569424787552
1626,15,23,40,[   0   79  516  565  713  780  923 1125 1338 1810 2487 2530],-0.09212083491034764,77.21201106716546,6.864569424787552
1627,15,23,60,[   0   79  713  780  923 1125 1338 1810 2530],-0.09212083491034764,77.21201106716546,6.864569424787552
1628,15,24,0,"[   0   82  516  558  591  673  713  722  809  859  921  950 1190 1338
 1374 1936 2262 2501 2508 2513 2530]",-0.08958254779386736,76.35959197961647,8.681809606511939
1629,15,24,20,"[   0   82  516  558  591  673  713  745  809  859  921  950 1190 1338
 1374 1936 2262 2530]",-0.08958254779386736,76.35959197961647,8.681809606511939
1630,15,24,40,[   0   82  516  558  673  745  809  859 1190 1338 1936 2262 2530],-0.08958254779386736,76.35959197961647,8.681809606511939
1631,15,24,60,[   0   82  673  745  809  950 1190 1338 1936 2262 2530],-0.08958254779386736,76.35959197961647,8.681809606511939
1632,15,25,0,[   0   82  713  722  831 1164 1303 1304 1936 2464 2513 2530],-0.09764512451425626,81.91618662565078,5.710277240424033
1633,15,25,20,"[   0   82  531  565  713  831  921  950 1164 1610 1706 1936 2154 2464
 2530]",-0.09764512451425626,81.91618662565078,5.710277240424033
1634,15,25,40,[   0   82  713  831  950 1164 1610 1936 2154 2464 2530],-0.09764512451425626,81.91618662565078,5.710277240424033
1635,15,25,60,[   0   82  713  831  950 1164 1610 1936 2154 2464 2530],-0.09764512451425626,81.91618662565078,5.710277240424033
1636,15,26,0,"[   0   82  713  722  821  923  950 1190 1303 1304 1338 1374 1609 1939
 2154 2464 2513 2530]",-0.0503713807527632,86.30247930256073,5.083355379347859
1637,15,26,20,"[   0   82  673  713  745  821  923  950 1190 1338 1374 1609 1939 2154
 2464 2530]",-0.0503713807527632,86.30247930256073,5.083355379347859
1638,15,26,40,[   0   82  673  745  821  950 1190 1338 1515 1609 1939 2154 2464 2530],-0.0503713807527632,86.30247930256073,5.083355379347859
1639,15,26,60,[   0   82  673  745  821  950 1190 1338 1515 1609 1939 2154 2464 2530],-0.0503713807527632,86.30247930256073,5.083355379347859
1640,15,27,0,"[   0   82  713  722  923 1125 1338 1367 1609 1635 1939 2235 2464 2513
 2530]",-0.06198844158249435,84.94985229053397,6.5160931148422305
1641,15,27,20,"[   0   82  654  733  923  950 1125 1338 1367 1609 1635 1939 2235 2464
 2530]",-0.06198844158249435,84.94985229053397,6.5160931148422305
1642,15,27,40,[   0   82  654  733  923 1125 1338 1515 1609 1939 2235 2464 2530],-0.06198844158249435,84.94985229053397,6.5160931148422305
1643,15,27,60,[   0   82  654  733  923 1125 1338 1515 1609 1939 2235 2464 2530],-0.06198844158249435,84.94985229053397,6.5160931148422305
1644,15,28,0,[   0  230  359  713  722  909 1125 1610 1635 1939 2235 2514 2530],-0.012051766003718323,91.53122411362904,6.7666116265886025
1645,15,28,20,"[   0   86  230  359  713  909 1059 1125 1304 1469 1610 1635 1939 2235
 2530]",-0.012051766003718323,91.53122411362904,6.7666116265886025
1646,15,28,40,"[   0   86  230  359  713  909 1059 1125 1304 1469 1610 1706 1939 2235
 2530]",-0.012051766003718323,91.53122411362904,6.7666116265886025
1647,15,28,60,"[   0   86  230  359  713  909 1059 1125 1304 1469 1610 1706 1939 2235
 2530]",-0.012051766003718323,91.53122411362904,6.7666116265886025
1648,15,29,0,"[   0  211  713  722  780  909 1041 1095 1338 1374 1939 2190 2464 2514
 2530]",-0.04559383041501281,91.22452615364546,5.702439725763526
1649,15,29,20,[   0  211  713  780  909 1041 1095 1338 1374 1939 2190 2464 2530],-0.04559383041501281,91.22452615364546,5.702439725763526
1650,15,29,40,[   0  211  713  780  909 1041 1095 1338 1939 2190 2464 2530],-0.04559383041501281,91.22452615364546,5.702439725763526
1651,15,29,60,[   0  211  713  780  909 1041 1939 2190 2464 2530],-0.04559383041501281,91.22452615364546,5.702439725763526
1652,15,30,0,[   0   82  713  722  809  859 1125 1610 1939 2235 2464 2514 2530],-0.09315417043311758,89.11104100762203,7.050432634924934
1653,15,30,20,[   0   82  713  809  859  921  951 1125 1610 1837 1939 2235 2464 2530],-0.09315417043311758,89.11104100762203,7.050432634924934
1654,15,30,40,[   0   82  713  809  859 1125 1610 1939 2235 2464 2530],-0.09315417043311758,89.11104100762203,7.050432634924934
1655,15,30,60,[   0   82  713  809  921 1125 1610 1939 2235 2464 2530],-0.09315417043311758,89.11104100762203,7.050432634924934
1656,15,31,0,"[   0   79  230  713  722  745 1125 1338 1367 1609 1616 1939 2154 2514
 2530]",-0.09038115902648775,94.89028954823482,6.329274363788859
1657,15,31,20,"[   0   79  230  713  745 1066 1125 1265 1338 1367 1469 1609 1706 1939
 2154 2530]",-0.09038115902648775,94.89028954823482,6.329274363788859
1658,15,31,40,[   0   79  230  745 1066 1125 1265 1469 1609 1706 1939 2154 2530],-0.09038115902648775,94.89028954823482,6.329274363788859
1659,15,31,60,[   0   79  230  745 1125 1265 1469 1609 1939 2154 2530],-0.09038115902648775,94.89028954823482,6.329274363788859
1660,15,32,0,"[   0   79  230  713  722  780  997 1125 1303 1304 1338 1374 1610 1939
 2190 2464 2514 2530]",-0.10399948117630495,91.53299003021003,6.217557256066589
1661,15,32,20,"[   0   79  230  713  745  780  997 1125 1338 1374 1610 1837 1939 2190
 2464 2530]",-0.10399948117630495,91.53299003021003,6.217557256066589
1662,15,32,40,[   0   79  230  713  780  997 1125 1610 1837 1939 2190 2464 2530],-0.10399948117630495,91.53299003021003,6.217557256066589
1663,15,32,60,[   0   79  230  713  780  997 1125 1610 1837 1939 2190 2464 2530],-0.10399948117630495,91.53299003021003,6.217557256066589
1664,15,33,0,"[   0   79  230  713  722  745 1125 1303 1304 1338 1374 1609 1635 1973
 2229 2464 2514 2530]",-0.02031092247461891,107.65482825289665,5.874551973480015
1665,15,33,20,[   0   79  230  713  745 1125 1338 1374 1609 1635 1973 2229 2464 2530],-0.02031092247461891,107.65482825289665,5.874551973480015
1666,15,33,40,[   0   79  230  745 1125 1338 1422 1609 1671 1973 2229 2357 2464 2530],-0.02031092247461891,107.65482825289665,5.874551973480015
1667,15,33,60,[   0   79  230  745 1125 1338 1422 1609 1671 1973 2229 2357 2464 2530],-0.02031092247461891,107.65482825289665,5.874551973480015
1668,15,34,0,"[   0   86  713  722  835  874 1107 1300 1387 1609 1644 1922 2229 2513
 2530]",0.06085299053483478,106.03399852978642,5.987716039233742
1669,15,34,20,[   0   86  686  722  835  874 1107 1300 1387 1609 1644 1922 2229 2530],0.06085299053483478,106.03399852978642,5.987716039233742
1670,15,34,40,[   0   86  686  835 1107 1300 1387 1609 1922 2229 2530],0.06085299053483478,106.03399852978642,5.987716039233742
1671,15,34,60,[   0   86  686  835 1107 1300 1387 1609 1922 2229 2530],0.06085299053483478,106.03399852978642,5.987716039233742
1672,15,35,0,"[   0   79  713  722  780  876 1161 1338 1374 1609 1644 1901 2229 2513
 2530]",-0.035701705809101425,108.87398228999538,6.9921522151109805
1673,15,35,20,"[   0   79  713  780  876  909  972 1161 1338 1374 1609 1644 1901 2229
 2530]",-0.035701705809101425,108.87398228999538,6.9921522151109805
1674,15,35,40,[   0   79  713  780  876 1161 1338 1422 1609 1901 2229 2530],-0.035701705809101425,108.87398228999538,6.9921522151109805
1675,15,35,60,[   0   79  713  780  876 1161 1338 1422 1609 1901 2229 2530],-0.035701705809101425,108.87398228999538,6.9921522151109805
1676,15,36,0,"[   0  230  713  722  745  909 1011 1161 1338 1374 1609 1935 2229 2513
 2530]",-0.03860880975819385,107.5698312506792,6.977759150274502
1677,15,36,20,[   0  230  713  745  909 1011 1161 1338 1374 1609 1671 1935 2229 2530],-0.03860880975819385,107.5698312506792,6.977759150274502
1678,15,36,40,[   0   86  230  713  909 1011 1161 1300 1374 1609 1671 1935 2229 2530],-0.03860880975819385,107.5698312506792,6.977759150274502
1679,15,36,60,[   0   86  230  713  909 1011 1161 1300 1374 1609 1671 1935 2229 2530],-0.03860880975819385,107.5698312506792,6.977759150274502
1680,15,37,0,[   0  230  713  722  809 1046 1609 1644 1935 2229 2513 2530],0.039172059035144355,116.43791688162351,4.250527070228264
1681,15,37,20,"[   0   82  230  713  745  809  859 1046 1185 1293 1554 1609 1644 1935
 2229 2530]",0.039172059035144355,116.43791688162351,4.250527070228264
1682,15,37,40,[   0   82  230  713  809  859 1046 1185 1293 1554 1609 1935 2229 2530],0.039172059035144355,116.43791688162351,4.250527070228264
1683,15,37,60,[   0   82  230  713  809 1046 1185 1293 1935 2229 2530],0.039172059035144355,116.43791688162351,4.250527070228264
1684,15,38,0,"[   0  230  713  722  809  923 1046 1303 1304 1609 1640 2000 2367 2513
 2530]",0.031244305596799055,116.67083155842698,4.574102621830633
1685,15,38,20,[   0   82  230  713  809  859  923 1046 1609 1640 2000 2226 2367 2530],0.031244305596799055,116.67083155842698,4.574102621830633
1686,15,38,40,"[   0   82  230  477  713  809  859  923 1046 1293 1609 1671 2000 2154
 2226 2367 2530]",0.031244305596799055,116.67083155842698,4.574102621830633
1687,15,38,60,[   0   82  230  713  809  923 1046 1609 1671 2000 2226 2367 2530],0.031244305596799055,116.67083155842698,4.574102621830633
1688,15,39,0,"[   0  230  713  722  809  859 1043 1293 1467 1609 1704 2013 2367 2513
 2530]",-0.041782820122578265,116.60422442684765,6.277484994088751
1689,15,39,20,"[   0   83  230  477  713  809  859 1043 1293 1467 1609 1671 1704 2013
 2154 2226 2262 2367 2530]",-0.041782820122578265,116.60422442684765,6.277484994088751
1690,15,39,40,"[   0   83  230  477  713  809  859 1043 1293 1467 1609 1671 1745 2013
 2154 2226 2367 2530]",-0.041782820122578265,116.60422442684765,6.277484994088751
1691,15,39,60,[   0   83  230  713  809 1043 1293 1467 1609 1671 2013 2226 2367 2530],-0.041782820122578265,116.60422442684765,6.277484994088751
1692,15,40,0,[   0  230  713  722  809 1043 1303 1304 1935 2367 2513 2530],0.05386059346043936,122.45076147647664,6.142227108560921
1693,15,40,20,[   0   83  230  713  809 1043 1303 1473 1609 1935 2367 2530],0.05386059346043936,122.45076147647664,6.142227108560921
1694,15,40,40,[   0   83  230  713  809 1043 1303 1473 1609 1935 2367 2530],0.05386059346043936,122.45076147647664,6.142227108560921
1695,15,40,60,[   0   83  230  713  809 1043 1303 1473 1609 1935 2367 2530],0.05386059346043936,122.45076147647664,6.142227108560921
1696,15,41,0,[   0   83  713  722  780  909 1046 1303 1304 1609 1640 2513 2530],0.06383405015124505,117.4211307525018,4.384946485031104
1697,15,41,20,[   0   83  688  733  780  909 1046 1161 1293 1542 1609 1640 2367 2530],0.06383405015124505,117.4211307525018,4.384946485031104
1698,15,41,40,[   0   83  688  733  780  909 1046 1161 1293 1542 1609 1671 2367 2530],0.06383405015124505,117.4211307525018,4.384946485031104
1699,15,41,60,[   0   83  688  780  909 1046 1161 1293 1542 1609 1671 2367 2530],0.06383405015124505,117.4211307525018,4.384946485031104
1700,15,42,0,[   0  216  713  722  809  859 1161 1300 1303 1304 1935 2226 2513 2530],0.028783384029933065,118.78579744688143,4.960255498517183
1701,15,42,20,"[   0  216  396  713  809  859 1161 1300 1385 1609 1671 1935 2226 2487
 2530]",0.028783384029933065,118.78579744688143,4.960255498517183
1702,15,42,40,"[   0  216  396  713  809  859 1161 1300 1385 1609 1671 1935 2226 2487
 2530]",0.028783384029933065,118.78579744688143,4.960255498517183
1703,15,42,60,[   0  216  396  713  809 1161 1300 1385 1609 1671 1935 2226 2530],0.028783384029933065,118.78579744688143,4.960255498517183
1704,15,43,0,"[   0  230  713  722  809  876 1161 1303 1304 1435 1609 1935 2226 2468
 2513 2530]",0.02147758198769561,127.72272253487309,5.772889640786924
1705,15,43,20,"[   0  230  395  713  809  876 1161 1303 1435 1609 1671 1935 2226 2487
 2530]",0.02147758198769561,127.72272253487309,5.772889640786924
1706,15,43,40,"[   0  230  395  713  809  876 1161 1303 1435 1609 1671 1935 2226 2487
 2530]",0.02147758198769561,127.72272253487309,5.772889640786924
1707,15,43,60,"[   0  230  395  713  809  876 1161 1303 1435 1609 1671 1935 2226 2369
 2530]",0.02147758198769561,127.72272253487309,5.772889640786924
1708,15,44,0,"[   0  223  713  722  809  876 1161 1300 1303 1304 1609 1635 2013 2226
 2513 2530]",0.009617875137297208,129.63283621657956,5.394112408084658
1709,15,44,20,[   0  223  713  809  876 1161 1293 1554 1609 1635 2013 2226 2487 2530],0.009617875137297208,129.63283621657956,5.394112408084658
1710,15,44,40,[   0  223  713  809  876 1161 1293 1554 1609 1671 2013 2226 2487 2530],0.009617875137297208,129.63283621657956,5.394112408084658
1711,15,44,60,[   0  223  713  809  876 1161 1293 1609 1671 2013 2226 2530],0.009617875137297208,129.63283621657956,5.394112408084658
1712,15,45,0,"[   0  163  713  722  780  909  972 1453 1609 1671 2013 2226 2487 2513
 2530]",0.07191286157052809,122.59235667661362,5.6897349288785115
1713,15,45,20,"[   0  163  614  683  733  780  859  909  972 1293 1453 1609 1671 2013
 2154 2226 2287 2367 2487 2530]",0.07191286157052809,122.59235667661362,5.6897349288785115
1714,15,45,40,"[   0  163  614  683  733  780  859  909  972 1293 1453 1609 1671 2013
 2154 2226 2287 2367 2487 2530]",0.07191286157052809,122.59235667661362,5.6897349288785115
1715,15,45,60,"[   0  163  614  683  780  909  972 1293 1453 1609 1671 2013 2154 2226
 2287 2367 2530]",0.07191286157052809,122.59235667661362,5.6897349288785115
1716,15,46,0,[   0  230  713  722  809 1044 1303 1304 1925 2487 2513 2530],-0.004546507111504963,130.59872823991597,5.008855084364005
1717,15,46,20,"[   0  230  395  686  733  809 1044 1161 1303 1432 1610 1671 1925 2154
 2487 2530]",-0.004546507111504963,130.59872823991597,5.008855084364005
1718,15,46,40,"[   0  230  395  686  733  809 1044 1161 1303 1432 1610 1671 1925 2154
 2487 2530]",-0.004546507111504963,130.59872823991597,5.008855084364005
1719,15,46,60,[   0  230  395  686  809 1044 1161 1303 1432 1610 1671 1925 2154 2530],-0.004546507111504963,130.59872823991597,5.008855084364005
1720,15,47,0,"[   0  163  713  722  809  924 1044 1161 1293 1416 1609 1925 2226 2513
 2530]",0.04253451359481664,123.69974807123654,4.950005118047377
1721,15,47,20,[   0  163  713  809  924 1044 1161 1293 1416 1609 1671 1925 2226 2530],0.04253451359481664,123.69974807123654,4.950005118047377
1722,15,47,40,[   0  163  713  809  924 1044 1161 1293 1416 1609 1671 1925 2226 2530],0.04253451359481664,123.69974807123654,4.950005118047377
1723,15,47,60,[   0  163  713  809  924 1044 1161 1293 1416 1609 1671 1925 2226 2530],0.04253451359481664,123.69974807123654,4.950005118047377
1724,15,48,0,[   0  713  722  809  876 1161 1303 1304 1609 1644 2081 2226 2513 2530],0.04252167861398032,137.14617237192715,5.187661657571355
1725,15,48,20,[   0  713  809  876 1161 1282 1304 1609 1644 2081 2226 2530],0.04252167861398032,137.14617237192715,5.187661657571355
1726,15,48,40,[   0  713  809  876 1161 1282 2081 2226 2530],0.04252167861398032,137.14617237192715,5.187661657571355
1727,15,48,60,[   0  713  809  876 1161 1282 2081 2226 2530],0.04252167861398032,137.14617237192715,5.187661657571355
1728,15,49,0,[   0   84  713  722  841  876 1161 1609 1644 2514 2530],0.0015375233652213586,137.19736134610747,5.974657802667341
1729,15,49,20,"[   0   84  163  713  809  841  876 1161 1282 1555 1609 1644 2154 2226
 2359 2530]",0.0015375233652213586,137.19736134610747,5.974657802667341
1730,15,49,40,[   0   84  163  713  841 1161 1282 1644 2154 2226 2359 2530],0.0015375233652213586,137.19736134610747,5.974657802667341
1731,15,49,60,[   0   84  163  713  841 1161 1282 1644 2154 2226 2359 2530],0.0015375233652213586,137.19736134610747,5.974657802667341
1732,15,50,0,"[   0  713  722  909  972 1207 1303 1304 1453 1609 1644 1935 2226 2453
 2513 2530]",0.05443329313002076,131.97523056899396,3.9536227745959414
1733,15,50,20,[   0   29  713  909  972 1207 1316 1453 1609 1644 1935 2226 2453 2530],0.05443329313002076,131.97523056899396,3.9536227745959414
1734,15,50,40,[   0  713  909  972 1207 1316 1453 1609 1935 2226 2453 2530],0.05443329313002076,131.97523056899396,3.9536227745959414
1735,15,50,60,[   0  713  909  972 1207 1316 1453 1609 1935 2226 2453 2530],0.05443329313002076,131.97523056899396,3.9536227745959414
1736,16,20,0,"[   0  230  359  713  722  835  859  921 1028 1128 1303 1304 1338 1374
 2028 2235 2513 2530]",-0.08435947453518819,63.01371034832635,9.759091002561092
1737,16,20,20,"[   0   82  230  359  558  591  713  835  859  921 1028 1128 1338 1374
 1515 1608 2028 2160 2184 2235 2530]",-0.08435947453518819,63.01371034832635,9.759091002561092
1738,16,20,40,"[   0   82  230  359  558  713  835  921 1028 1128 1338 1515 1608 2028
 2235 2530]",-0.08435947453518819,63.01371034832635,9.759091002561092
1739,16,20,60,"[   0   82  230  359  558  713  835  921 1028 1128 1338 1515 1608 2028
 2235 2530]",-0.08435947453518819,63.01371034832635,9.759091002561092
1740,16,21,0,"[   0   79  540  558  713  722  831  874  923 1028 1303 1304 1609 1650
 2513 2530]",-0.07479082688389328,68.27045243689051,6.609157210556859
1741,16,21,20,[   0   79  673  733  831  874  923 1028 1338 1374 1609 1650 2530],-0.07479082688389328,68.27045243689051,6.609157210556859
1742,16,21,40,[   0   79  673  733  831  874  923 1028 1338 1469 1609 1650 2530],-0.07479082688389328,68.27045243689051,6.609157210556859
1743,16,21,60,[   0   79  673  831  923 1028 1338 1469 2530],-0.07479082688389328,68.27045243689051,6.609157210556859
1744,16,22,0,"[   0  211  540  558  591  673  699  706  713  722  745  921 1001 1125
 1303 1304 1338 1374 1810 2513 2530]",-0.10377193410553996,69.49713334487745,7.0233246558215585
1745,16,22,20,"[   0  211  400  558  591  673  699  722  745  921 1001 1125 1338 1374
 1810 2530]",-0.10377193410553996,69.49713334487745,7.0233246558215585
1746,16,22,40,[   0  211  591  673  745  921 1001 1125 1338 1810 2530],-0.10377193410553996,69.49713334487745,7.0233246558215585
1747,16,22,60,[   0  211  591  673  745  921 1001 1125 1338 1810 2530],-0.10377193410553996,69.49713334487745,7.0233246558215585
1748,16,23,0,[   0   79  713  722  780  923 1125 1303 1304 1810 2487 2513 2530],-0.08811083586816101,74.37296594484879,6.4549900930707915
1749,16,23,20,"[   0   79  516  565  713  745  780  923  950 1125 1338 1374 1810 2262
 2487 2530]",-0.08811083586816101,74.37296594484879,6.4549900930707915
1750,16,23,40,[   0   79  516  565  713  780  923 1125 1338 1810 2262 2487 2530],-0.08811083586816101,74.37296594484879,6.4549900930707915
1751,16,23,60,[   0   79  713  780  923 1125 1338 1810 2262 2530],-0.08811083586816101,74.37296594484879,6.4549900930707915
1752,16,24,0,"[   0   82  516  558  591  673  713  722  809  859  921  950 1190 1303
 1304 1338 1374 1936 2262 2501 2508 2513 2530]",-0.08912614159527922,74.26740052160388,8.155405897196278
1753,16,24,20,"[   0   82  516  558  591  673  713  745  809  859  921  950 1190 1338
 1374 1936 2262 2530]",-0.08912614159527922,74.26740052160388,8.155405897196278
1754,16,24,40,[   0   82  516  558  673  745  809  859 1190 1338 1936 2262 2530],-0.08912614159527922,74.26740052160388,8.155405897196278
1755,16,24,60,[   0   82  673  745  809  950 1190 1338 1936 2262 2530],-0.08912614159527922,74.26740052160388,8.155405897196278
1756,16,25,0,[   0   82  531  558  713  722  831 1164 1303 1304 1936 2464 2513 2530],-0.0923259346873031,79.19395659836152,5.774129199898624
1757,16,25,20,"[   0   82  531  558  713  831  921  950 1164 1610 1706 1936 2154 2464
 2530]",-0.0923259346873031,79.19395659836152,5.774129199898624
1758,16,25,40,[   0   82  713  831  950 1164 1610 1936 2154 2464 2530],-0.0923259346873031,79.19395659836152,5.774129199898624
1759,16,25,60,[   0   82  713  831  950 1164 1610 1936 2154 2464 2530],-0.0923259346873031,79.19395659836152,5.774129199898624
1760,16,26,0,"[   0   82  713  722  821  923  950 1190 1303 1304 1338 1367 1609 1939
 2154 2464 2513 2530]",-0.08098707403415391,81.58143105850019,5.593760877260652
1761,16,26,20,"[   0   82  673  713  745  821  923  950 1190 1338 1367 1609 1939 2154
 2464 2530]",-0.08098707403415391,81.58143105850019,5.593760877260652
1762,16,26,40,[   0   82  673  745  821  950 1190 1303 1367 1609 1939 2154 2464 2530],-0.08098707403415391,81.58143105850019,5.593760877260652
1763,16,26,60,[   0   82  673  745  821  950 1190 1303 1367 1609 1939 2154 2464 2530],-0.08098707403415391,81.58143105850019,5.593760877260652
1764,16,27,0,"[   0   82  713  722  923 1125 1338 1367 1609 1635 1939 2235 2464 2513
 2530]",-0.06367417630956689,82.34269065654121,6.863213028789234
1765,16,27,20,"[   0   82  654  733  923  950 1125 1338 1367 1609 1635 1939 2235 2464
 2530]",-0.06367417630956689,82.34269065654121,6.863213028789234
1766,16,27,40,[   0   82  654  733  923 1125 1265 1367 1609 1939 2235 2464 2530],-0.06367417630956689,82.34269065654121,6.863213028789234
1767,16,27,60,[   0   82  654  733  923 1125 1265 1367 1609 1939 2235 2464 2530],-0.06367417630956689,82.34269065654121,6.863213028789234
1768,16,28,0,[   0  230  359  713  722  909 1125 1610 1635 1939 2235 2514 2530],-0.009522945104980602,88.6453559797724,6.481634601811903
1769,16,28,20,"[   0   86  230  359  713  909 1059 1125 1304 1469 1610 1635 1939 2235
 2464 2530]",-0.009522945104980602,88.6453559797724,6.481634601811903
1770,16,28,40,"[   0   86  230  359  713  909 1059 1125 1304 1469 1610 1706 1939 2235
 2464 2530]",-0.009522945104980602,88.6453559797724,6.481634601811903
1771,16,28,60,"[   0   86  230  359  713  909 1059 1125 1304 1469 1610 1706 1939 2235
 2464 2530]",-0.009522945104980602,88.6453559797724,6.481634601811903
1772,16,29,0,"[   0  211  713  722  780  909 1041 1095 1338 1374 1610 1939 2190 2464
 2514 2530]",-0.049169652015272854,87.72669890893832,5.8528795595108525
1773,16,29,20,"[   0   86  211  713  780  909 1041 1095 1338 1374 1610 1706 1939 2190
 2464 2530]",-0.049169652015272854,87.72669890893832,5.8528795595108525
1774,16,29,40,"[   0   86  211  713  780  909 1041 1095 1374 1610 1706 1939 2190 2464
 2530]",-0.049169652015272854,87.72669890893832,5.8528795595108525
1775,16,29,60,[   0  211  713  780  909 1041 1610 1939 2190 2464 2530],-0.049169652015272854,87.72669890893832,5.8528795595108525
1776,16,30,0,"[   0   82  713  722  809  921 1010 1125 1336 1367 1610 1939 2235 2464
 2514 2530]",-0.09318312353617479,86.36377667363813,6.909664461367376
1777,16,30,20,"[   0   82  713  809  859  921 1010 1125 1336 1367 1610 1837 1939 2235
 2464 2530]",-0.09318312353617479,86.36377667363813,6.909664461367376
1778,16,30,40,"[   0   82  713  809  859  921 1010 1125 1336 1422 1610 1804 1939 2235
 2464 2530]",-0.09318312353617479,86.36377667363813,6.909664461367376
1779,16,30,60,"[   0   82  713  809  921 1010 1125 1336 1422 1610 1804 1939 2235 2464
 2530]",-0.09318312353617479,86.36377667363813,6.909664461367376
1780,16,31,0,"[   0   79  230  713  722  745 1125 1338 1367 1609 1616 1939 2154 2464
 2514 2530]",-0.08799307405122994,91.91938673576065,6.0460218377208585
1781,16,31,20,"[   0   79  230  713  745 1066 1125 1265 1338 1367 1469 1609 1706 1939
 2154 2464 2530]",-0.08799307405122994,91.91938673576065,6.0460218377208585
1782,16,31,40,[   0   79  230  745 1066 1125 1265 1469 1609 1706 1939 2154 2464 2530],-0.08799307405122994,91.91938673576065,6.0460218377208585
1783,16,31,60,[   0   79  230  745 1125 1265 1469 1609 1939 2154 2464 2530],-0.08799307405122994,91.91938673576065,6.0460218377208585
1784,16,32,0,"[   0   79   91  230  713  722  780  997 1125 1303 1304 1338 1374 1610
 1939 2190 2464 2514 2530]",-0.10216026435136029,88.16932438181539,6.103931909085929
1785,16,32,20,"[   0   79  230  400  713  745  780  997 1125 1338 1374 1610 1837 1939
 2190 2464 2530]",-0.10216026435136029,88.16932438181539,6.103931909085929
1786,16,32,40,[   0   79  230  400  713  780  997 1125 1610 1837 1939 2190 2464 2530],-0.10216026435136029,88.16932438181539,6.103931909085929
1787,16,32,60,[   0   79  230  400  713  780  997 1125 1610 1837 1939 2190 2464 2530],-0.10216026435136029,88.16932438181539,6.103931909085929
1788,16,33,0,"[   0   79  230  477  558  713  722  745 1125 1303 1304 1338 1374 1609
 1635 1973 2229 2464 2514 2530]",-0.019412863201835783,103.09578051555981,5.690932977849059
1789,16,33,20,"[   0   79  230  477  558  713  745 1125 1338 1374 1609 1635 1973 2229
 2464 2530]",-0.019412863201835783,103.09578051555981,5.690932977849059
1790,16,33,40,"[   0   79  230  477  558  745 1125 1338 1422 1555 1609 1671 1973 2229
 2357 2464 2530]",-0.019412863201835783,103.09578051555981,5.690932977849059
1791,16,33,60,"[   0   79  230  477  558  745 1125 1338 1422 1609 1671 1973 2229 2357
 2464 2530]",-0.019412863201835783,103.09578051555981,5.690932977849059
1792,16,34,0,"[   0  230  713  722  835  874 1107 1300 1387 1609 1644 1922 2229 2513
 2530]",0.03945133909379987,102.15298762313529,5.2489666175201855
1793,16,34,20,"[   0   86  230  395  686  722  835  874 1107 1190 1300 1387 1609 1644
 1922 2229 2530]",0.03945133909379987,102.15298762313529,5.2489666175201855
1794,16,34,40,[   0  230  395  686  835 1107 1300 1387 1609 1922 2229 2530],0.03945133909379987,102.15298762313529,5.2489666175201855
1795,16,34,60,[   0  230  395  686  835 1107 1300 1387 1609 1922 2229 2530],0.03945133909379987,102.15298762313529,5.2489666175201855
1796,16,35,0,"[   0   79  713  722  829  876 1161 1338 1374 1609 1644 1901 2229 2513
 2530]",-0.04255244495912109,103.90480209764549,7.0249141234429935
1797,16,35,20,"[   0   79  713  780  829  876  909  972 1161 1338 1374 1609 1644 1901
 2229 2530]",-0.04255244495912109,103.90480209764549,7.0249141234429935
1798,16,35,40,[   0   79  713  780  829  876 1161 1338 1422 1609 1901 2229 2530],-0.04255244495912109,103.90480209764549,7.0249141234429935
1799,16,35,60,[   0   79  713  829  972 1161 1338 1422 1609 1901 2229 2530],-0.04255244495912109,103.90480209764549,7.0249141234429935
1800,16,36,0,"[   0   86   92  230  713  722  745  909 1011 1161 1300 1304 1338 1374
 1609 1935 2229 2513 2530]",-0.03770280308426221,103.87905932326814,6.426918707322149
1801,16,36,20,"[   0   86  230  713  745  909 1011 1161 1293 1338 1374 1609 1671 1935
 2229 2530]",-0.03770280308426221,103.87905932326814,6.426918707322149
1802,16,36,40,[   0   86  230  713  909 1011 1161 1293 1374 1609 1671 1935 2229 2530],-0.03770280308426221,103.87905932326814,6.426918707322149
1803,16,36,60,[   0   86  230  713  909 1011 1161 1293 1374 1609 1671 1935 2229 2530],-0.03770280308426221,103.87905932326814,6.426918707322149
1804,16,37,0,[   0  230  713  722  809 1046 1303 1304 1609 1644 1935 2229 2513 2530],0.03837833113726404,112.02670736633603,4.0210234325678345
1805,16,37,20,"[   0   82  230  713  745  809  859 1046 1185 1293 1554 1609 1644 1935
 2229 2530]",0.03837833113726404,112.02670736633603,4.0210234325678345
1806,16,37,40,[   0   82  230  713  809  859 1046 1185 1293 1554 1609 1935 2229 2530],0.03837833113726404,112.02670736633603,4.0210234325678345
1807,16,37,60,[   0   82  230  713  809 1046 1185 1293 1935 2229 2530],0.03837833113726404,112.02670736633603,4.0210234325678345
1808,16,38,0,"[   0  230  713  722  809  923 1046 1303 1304 1609 1640 2000 2367 2513
 2530]",0.03302373557495433,112.124190164649,4.713784212083475
1809,16,38,20,"[   0   82  230  477  713  780  809  859  923 1046 1293 1609 1640 2000
 2154 2226 2262 2367 2530]",0.03302373557495433,112.124190164649,4.713784212083475
1810,16,38,40,"[   0   82  230  477  713  809  859  923 1046 1293 1609 1671 2000 2154
 2226 2367 2530]",0.03302373557495433,112.124190164649,4.713784212083475
1811,16,38,60,[   0   82  230  713  809  923 1046 1609 1671 2000 2226 2367 2530],0.03302373557495433,112.124190164649,4.713784212083475
1812,16,39,0,[   0  230  713  722  809 1043 1303 1304 2013 2367 2513 2530],-0.042451274904122344,112.18570394283192,5.937004282507882
1813,16,39,20,"[   0   83  230  477  713  809  859 1043 1293 1467 1609 1671 1704 2013
 2154 2226 2262 2367 2530]",-0.042451274904122344,112.18570394283192,5.937004282507882
1814,16,39,40,"[   0   83  230  477  713  809  859 1043 1293 1467 1609 1671 1745 2013
 2154 2226 2367 2530]",-0.042451274904122344,112.18570394283192,5.937004282507882
1815,16,39,60,[   0   83  230  713  809 1043 1293 1467 1609 1671 2013 2226 2367 2530],-0.042451274904122344,112.18570394283192,5.937004282507882
1816,16,40,0,[   0  230  713  722  809 1043 1303 1304 1935 2367 2513 2530],0.0464229173817199,117.00086733099195,6.819450551197678
1817,16,40,20,[   0   83  230  713  809 1043 1303 1473 1609 1935 2367 2530],0.0464229173817199,117.00086733099195,6.819450551197678
1818,16,40,40,[   0   83  230  713  809 1043 1303 1473 1609 1935 2367 2530],0.0464229173817199,117.00086733099195,6.819450551197678
1819,16,40,60,[   0   83  230  713  809 1043 1303 1473 1609 1935 2367 2530],0.0464229173817199,117.00086733099195,6.819450551197678
1820,16,41,0,[   0   83  713  722  780  909 1046 1303 1304 1609 1640 2513 2530],0.05993704749710123,111.9401326931729,4.476922138688321
1821,16,41,20,[   0   83  688  733  780  909 1046 1161 1293 1542 1609 1640 2367 2530],0.05993704749710123,111.9401326931729,4.476922138688321
1822,16,41,40,[   0   83  688  733  780  909 1046 1161 1293 1542 1609 1671 2367 2530],0.05993704749710123,111.9401326931729,4.476922138688321
1823,16,41,60,[   0   83  688  780  909 1046 1161 1293 1542 1609 1671 2367 2530],0.05993704749710123,111.9401326931729,4.476922138688321
1824,16,42,0,"[   0  216  713  722  809  859 1161 1300 1303 1304 1609 1634 1935 2226
 2513 2530]",0.013376412909531444,114.05639259782399,5.094946841816272
1825,16,42,20,"[   0  216  396  713  809  859 1161 1300 1385 1609 1634 1935 2226 2487
 2530]",0.013376412909531444,114.05639259782399,5.094946841816272
1826,16,42,40,"[   0  216  396  713  809  859 1161 1300 1385 1609 1671 1935 2226 2487
 2530]",0.013376412909531444,114.05639259782399,5.094946841816272
1827,16,42,60,[   0  216  396  713  809 1161 1300 1385 1609 1671 1935 2226 2530],0.013376412909531444,114.05639259782399,5.094946841816272
1828,16,43,0,"[   0  230  713  722  809  876 1161 1303 1304 1435 1609 1935 2226 2468
 2513 2530]",0.01693433997084223,121.28800353584303,5.947774786885986
1829,16,43,20,"[   0  230  395  713  809  876 1161 1303 1435 1609 1671 1935 2226 2487
 2530]",0.01693433997084223,121.28800353584303,5.947774786885986
1830,16,43,40,"[   0  230  395  713  809  876 1161 1303 1435 1609 1671 1935 2226 2487
 2530]",0.01693433997084223,121.28800353584303,5.947774786885986
1831,16,43,60,"[   0  230  395  713  809  876 1161 1303 1435 1609 1671 1935 2226 2369
 2530]",0.01693433997084223,121.28800353584303,5.947774786885986
1832,16,44,0,"[   0  223  713  722  809  876 1161 1300 1303 1304 1609 1635 2013 2226
 2513 2530]",0.011132536606067608,124.09342234785883,5.439726931372077
1833,16,44,20,[   0  223  713  809  876 1161 1293 1554 1609 1635 2013 2226 2487 2530],0.011132536606067608,124.09342234785883,5.439726931372077
1834,16,44,40,[   0  223  713  809  876 1161 1293 1554 1609 1671 2013 2226 2487 2530],0.011132536606067608,124.09342234785883,5.439726931372077
1835,16,44,60,[   0  223  713  809  876 1161 1293 1609 1671 2013 2226 2530],0.011132536606067608,124.09342234785883,5.439726931372077
1836,16,45,0,"[   0  163  713  722  780  909  972 1453 1609 1671 2013 2226 2487 2513
 2530]",0.06688670867195629,117.61876720450135,6.266398679480075
1837,16,45,20,"[   0  163  614  683  733  780  859  909  972 1293 1453 1609 1671 2013
 2154 2226 2287 2367 2487 2530]",0.06688670867195629,117.61876720450135,6.266398679480075
1838,16,45,40,"[   0  163  614  683  733  780  859  909  972 1293 1453 1609 1671 2013
 2154 2226 2287 2367 2487 2530]",0.06688670867195629,117.61876720450135,6.266398679480075
1839,16,45,60,"[   0  163  614  683  780  909  972 1293 1453 1609 1671 2013 2154 2226
 2287 2367 2530]",0.06688670867195629,117.61876720450135,6.266398679480075
1840,16,46,0,[   0  230  713  722  809 1044 1303 1304 1925 2226 2513 2530],-0.004044916127280288,123.96327300157128,5.092484973857111
1841,16,46,20,"[   0  230  395  686  733  809 1044 1161 1303 1432 1610 1671 1925 2226
 2487 2530]",-0.004044916127280288,123.96327300157128,5.092484973857111
1842,16,46,40,"[   0  230  395  686  733  809 1044 1161 1303 1432 1610 1671 1925 2226
 2487 2530]",-0.004044916127280288,123.96327300157128,5.092484973857111
1843,16,46,60,[   0  230  395  686  809 1044 1161 1303 1432 1610 1925 2226 2530],-0.004044916127280288,123.96327300157128,5.092484973857111
1844,16,47,0,"[   0  163  713  722  809  924 1044 1161 1293 1416 1609 1925 2226 2513
 2530]",0.04480778485637744,119.56146415456679,5.119073815295753
1845,16,47,20,"[   0  163  713  780  809  924  972 1044 1161 1293 1316 1416 1609 1671
 1925 2013 2154 2226 2530]",0.04480778485637744,119.56146415456679,5.119073815295753
1846,16,47,40,[   0  163  713  809  924 1044 1161 1293 1416 1609 1671 1925 2226 2530],0.04480778485637744,119.56146415456679,5.119073815295753
1847,16,47,60,[   0  163  713  809  924 1044 1161 1293 1416 1609 1671 1925 2226 2530],0.04480778485637744,119.56146415456679,5.119073815295753
1848,16,48,0,"[   0  713  722  809  876 1161 1300 1303 1304 1454 1609 1644 2081 2226
 2513 2530]",0.03662701826718561,131.451701219844,5.061961171165716
1849,16,48,20,[   0  713  809  876 1161 1282 1454 1609 1644 2081 2226 2530],0.03662701826718561,131.451701219844,5.061961171165716
1850,16,48,40,[   0  713  809  876 1161 1282 1454 2081 2226 2530],0.03662701826718561,131.451701219844,5.061961171165716
1851,16,48,60,[   0  713  809  876 1161 1282 1454 2081 2226 2530],0.03662701826718561,131.451701219844,5.061961171165716
1852,16,49,0,[   0   84  713  722  841  876 1161 1303 1304 1609 1644 2514 2530],0.0014156364298403934,131.919529136402,5.610393604413581
1853,16,49,20,"[   0   84  163  713  809  841  876 1161 1282 1304 1555 1609 1644 2154
 2226 2359 2530]",0.0014156364298403934,131.919529136402,5.610393604413581
1854,16,49,40,[   0   84  163  713  841 1161 1282 1644 2154 2226 2359 2530],0.0014156364298403934,131.919529136402,5.610393604413581
1855,16,49,60,[   0   84  163  713  841 1161 1282 1644 2154 2226 2359 2530],0.0014156364298403934,131.919529136402,5.610393604413581
1856,16,50,0,"[   0  713  722  909  972 1207 1303 1304 1453 1609 1644 1935 2226 2453
 2513 2530]",0.05543035808039274,126.05822826962002,3.9823996424361905
1857,16,50,20,"[   0   29  713  909  972 1207 1316 1453 1609 1644 1935 2226 2262 2453
 2530]",0.05543035808039274,126.05822826962002,3.9823996424361905
1858,16,50,40,[   0  713  909  972 1207 1316 1453 1609 1935 2226 2453 2530],0.05543035808039274,126.05822826962002,3.9823996424361905
1859,16,50,60,[   0  713  909  972 1207 1316 1453 1609 1935 2226 2453 2530],0.05543035808039274,126.05822826962002,3.9823996424361905
1860,17,20,0,"[   0   82  230  359  713  722  835  851  855  921 1028 1128 1303 1304
 1338 1374 2028 2235 2513 2530]",-0.0834342578871194,61.42183487713838,9.147095470515604
1861,17,20,20,"[   0   82  230  359  558  591  713  835  859  921 1028 1128 1338 1374
 1515 1608 2028 2160 2184 2235 2530]",-0.0834342578871194,61.42183487713838,9.147095470515604
1862,17,20,40,"[   0   82  230  359  558  713  835  921 1028 1128 1338 1515 1608 2028
 2235 2530]",-0.0834342578871194,61.42183487713838,9.147095470515604
1863,17,20,60,"[   0   82  230  359  558  713  835  921 1028 1128 1338 1515 1608 2028
 2235 2530]",-0.0834342578871194,61.42183487713838,9.147095470515604
1864,17,21,0,"[   0   79  540  558  713  722  831  874  923 1028 1303 1304 1609 1650
 1921 2513 2530]",-0.07319374440813035,66.34722120227362,6.221145396389672
1865,17,21,20,"[   0   79  339  365  558  591  673  733  831  874  923 1028 1338 1374
 1469 1609 1650 1672 1921 2530]",-0.07319374440813035,66.34722120227362,6.221145396389672
1866,17,21,40,[   0   79  673  733  831  874  923 1028 1338 1469 1609 1650 1921 2530],-0.07319374440813035,66.34722120227362,6.221145396389672
1867,17,21,60,[   0   79  673  831  923 1028 1338 1469 1609 1867 2530],-0.07319374440813035,66.34722120227362,6.221145396389672
1868,17,22,0,"[   0  211  540  558  591  673  699  713  722  745  921 1001 1125 1303
 1304 1338 1374 1810 2119 2120 2513 2530]",-0.10366649598875012,67.13936845012266,6.631089976896687
1869,17,22,20,"[   0  211  400  558  591  673  699  722  745  921 1001 1125 1338 1374
 1810 2119 2530]",-0.10366649598875012,67.13936845012266,6.631089976896687
1870,17,22,40,[   0  211  400  591  673  745  921 1001 1125 1338 1810 2119 2530],-0.10366649598875012,67.13936845012266,6.631089976896687
1871,17,22,60,[   0  211  400  591  673  745  921 1001 1125 1338 1810 2119 2530],-0.10366649598875012,67.13936845012266,6.631089976896687
1872,17,23,0,[   0   79  713  722  780  923 1125 1303 1304 1810 2357 2513 2530],-0.08732927275133091,71.63940109739653,6.4647106224089015
1873,17,23,20,"[   0   79  516  565  713  745  780  923  950 1125 1338 1374 1810 2357
 2487 2530]",-0.08732927275133091,71.63940109739653,6.4647106224089015
1874,17,23,40,[   0   79  516  565  713  780  923 1125 1338 1810 2357 2487 2530],-0.08732927275133091,71.63940109739653,6.4647106224089015
1875,17,23,60,[   0   79  713  780  923 1125 1338 1810 2357 2530],-0.08732927275133091,71.63940109739653,6.4647106224089015
1876,17,24,0,"[   0   82  516  558  591  673  713  722  809  859 1132 1303 1304 1338
 1374 1936 2262 2501 2508 2513 2530]",-0.08791972564755375,72.14314864372352,7.658127610395271
1877,17,24,20,"[   0   82  516  558  591  673  713  745  809  859  921  950 1132 1338
 1374 1936 2262 2530]",-0.08791972564755375,72.14314864372352,7.658127610395271
1878,17,24,40,[   0   82  516  558  673  745  809  859 1132 1338 1936 2262 2530],-0.08791972564755375,72.14314864372352,7.658127610395271
1879,17,24,60,[   0   82  673  745  809  921 1132 1338 1936 2262 2530],-0.08791972564755375,72.14314864372352,7.658127610395271
1880,17,25,0,[   0   82  531  558  713  722  831 1041 1303 1304 1936 2464 2513 2530],-0.09305596787184878,76.46038196899582,5.857497024137044
1881,17,25,20,"[   0   82  531  558  713  831  921 1041 1190 1303 1610 1706 1936 2154
 2464 2530]",-0.09305596787184878,76.46038196899582,5.857497024137044
1882,17,25,40,[   0   82  713  831  921 1041 1190 1610 1936 2154 2464 2530],-0.09305596787184878,76.46038196899582,5.857497024137044
1883,17,25,60,[   0   82  713  831  921 1041 1190 1610 1936 2154 2464 2530],-0.09305596787184878,76.46038196899582,5.857497024137044
1884,17,26,0,"[   0   82  713  722  821  923  950 1190 1303 1304 1338 1367 1609 1939
 2154 2464 2513 2530]",-0.08208820072718738,79.3629485783304,5.9782000557388555
1885,17,26,20,"[   0   82  673  713  745  821  923  950 1190 1265 1338 1367 1609 1939
 2154 2464 2530]",-0.08208820072718738,79.3629485783304,5.9782000557388555
1886,17,26,40,[   0   82  673  745  821  950 1190 1265 1367 1609 1939 2154 2464 2530],-0.08208820072718738,79.3629485783304,5.9782000557388555
1887,17,26,60,[   0   82  673  745  821  950 1190 1265 1367 1609 1939 2154 2464 2530],-0.08208820072718738,79.3629485783304,5.9782000557388555
1888,17,27,0,"[   0   82  713  722  923 1125 1303 1304 1338 1367 1609 1635 1939 2235
 2464 2513 2530]",-0.06339468381452991,80.12478414727158,6.493621206129568
1889,17,27,20,"[   0   82  654  733  923  950 1125 1338 1367 1609 1635 1939 2235 2464
 2530]",-0.06339468381452991,80.12478414727158,6.493621206129568
1890,17,27,40,[   0   82  654  733  923 1125 1265 1367 1609 1939 2235 2464 2530],-0.06339468381452991,80.12478414727158,6.493621206129568
1891,17,27,60,[   0   82  654  733  923 1125 1265 1367 1609 1939 2235 2464 2530],-0.06339468381452991,80.12478414727158,6.493621206129568
1892,17,28,0,[   0  230  359  713  722  813 1125 1610 1635 1939 2235 2514 2530],-0.007996636161641646,86.09636810034982,5.641209366386058
1893,17,28,20,"[   0   86  230  359  713  813  909 1059 1125 1304 1469 1610 1635 1939
 2235 2464 2530]",-0.007996636161641646,86.09636810034982,5.641209366386058
1894,17,28,40,"[   0   86  230  359  713  813  909 1059 1125 1304 1469 1610 1706 1939
 2235 2464 2530]",-0.007996636161641646,86.09636810034982,5.641209366386058
1895,17,28,60,"[   0   86  230  359  713  813  909 1059 1125 1304 1469 1610 1706 1939
 2235 2464 2530]",-0.007996636161641646,86.09636810034982,5.641209366386058
1896,17,29,0,"[   0   10   18  233  477  558  713  722  780  909 1041 1095 1338 1374
 1610 1939 2190 2464 2514 2530]",-0.047640860287525684,84.49248780777603,5.7696046105901635
1897,17,29,20,"[   0   86  233  477  558  713  780  909 1041 1095 1338 1374 1610 1706
 1939 2190 2464 2530]",-0.047640860287525684,84.49248780777603,5.7696046105901635
1898,17,29,40,"[   0   86  233  477  558  713  780  909 1041 1095 1374 1610 1706 1939
 2190 2464 2530]",-0.047640860287525684,84.49248780777603,5.7696046105901635
1899,17,29,60,"[   0   86  233  477  558  713  780  909 1041 1374 1610 1706 1939 2190
 2464 2530]",-0.047640860287525684,84.49248780777603,5.7696046105901635
1900,17,30,0,"[   0   82  713  722  809  921 1010 1125 1338 1367 1610 1939 2235 2464
 2514 2530]",-0.08996978780154231,82.95525000185263,7.3264284835404245
1901,17,30,20,"[   0   82  713  809  859  921 1010 1125 1338 1367 1610 1837 1939 2235
 2464 2530]",-0.08996978780154231,82.95525000185263,7.3264284835404245
1902,17,30,40,"[   0   82  713  809  859  921 1010 1125 1338 1422 1610 1804 1939 2235
 2464 2530]",-0.08996978780154231,82.95525000185263,7.3264284835404245
1903,17,30,60,"[   0   82  713  809  921 1010 1125 1338 1422 1610 1804 1939 2235 2464
 2530]",-0.08996978780154231,82.95525000185263,7.3264284835404245
1904,17,31,0,"[   0   79  230  713  722  745 1125 1303 1304 1338 1367 1609 1616 1939
 2154 2464 2514 2530]",-0.08769722541686366,89.01554879951014,5.704778879139328
1905,17,31,20,"[   0   79  230  713  745 1066 1125 1265 1338 1367 1469 1609 1706 1939
 2154 2464 2530]",-0.08769722541686366,89.01554879951014,5.704778879139328
1906,17,31,40,[   0   79  230  745 1066 1125 1265 1469 1609 1706 1939 2154 2464 2530],-0.08769722541686366,89.01554879951014,5.704778879139328
1907,17,31,60,[   0   79  230  745 1125 1265 1469 1609 1939 2154 2464 2530],-0.08769722541686366,89.01554879951014,5.704778879139328
1908,17,32,0,"[   0   79   91  230  713  722  780  997 1125 1303 1304 1338 1374 1610
 1939 2190 2464 2514 2530]",-0.10228871306502586,85.01143421006954,5.9219246798263425
1909,17,32,20,"[   0   79  230  400  713  780  997 1125 1338 1374 1610 1837 1939 2190
 2464 2530]",-0.10228871306502586,85.01143421006954,5.9219246798263425
1910,17,32,40,[   0   79  230  400  713  780  997 1125 1610 1837 1939 2190 2464 2530],-0.10228871306502586,85.01143421006954,5.9219246798263425
1911,17,32,60,[   0   79  230  400  713  780  997 1125 1610 1837 1939 2190 2464 2530],-0.10228871306502586,85.01143421006954,5.9219246798263425
1912,17,33,0,"[   0   79  230  477  558  713  722  745 1043 1125 1303 1304 1338 1374
 1609 1635 1973 2229 2464 2514 2530]",-0.07242863791500095,98.18217051905121,5.674748841928998
1913,17,33,20,"[   0   79  230  477  558  713  745 1043 1125 1338 1374 1609 1635 1973
 2229 2357 2464 2530]",-0.07242863791500095,98.18217051905121,5.674748841928998
1914,17,33,40,"[   0   79  230  477  558  745 1043 1125 1338 1422 1555 1609 1671 1973
 2229 2357 2464 2530]",-0.07242863791500095,98.18217051905121,5.674748841928998
1915,17,33,60,"[   0   79  230  477  558  745 1043 1125 1338 1422 1609 1671 1973 2229
 2357 2464 2530]",-0.07242863791500095,98.18217051905121,5.674748841928998
1916,17,34,0,"[   0  230  713  722  835  874 1107 1300 1303 1304 1609 1644 1922 2229
 2513 2530]",0.039687078177348456,98.69375556470058,5.195914339071027
1917,17,34,20,"[   0   86  230  395  686  722  835  874 1107 1190 1300 1387 1609 1644
 1922 2229 2530]",0.039687078177348456,98.69375556470058,5.195914339071027
1918,17,34,40,[   0  230  395  686  835 1107 1300 1387 1609 1922 2229 2530],0.039687078177348456,98.69375556470058,5.195914339071027
1919,17,34,60,[   0  230  395  686  835 1107 1300 1387 1609 1922 2229 2530],0.039687078177348456,98.69375556470058,5.195914339071027
1920,17,35,0,"[   0   79  713  722  829  876 1161 1338 1374 1609 1644 1901 2229 2513
 2530]",-0.0509222695806681,100.86539530656918,8.942111236532588
1921,17,35,20,"[   0   79  713  780  829  876  909  972 1161 1338 1374 1609 1644 1901
 2229 2530]",-0.0509222695806681,100.86539530656918,8.942111236532588
1922,17,35,40,[   0   79  713  780  829  876 1161 1338 1422 1609 1901 2229 2530],-0.0509222695806681,100.86539530656918,8.942111236532588
1923,17,35,60,[   0   79  713  829  972 1161 1338 1422 1609 1901 2229 2530],-0.0509222695806681,100.86539530656918,8.942111236532588
1924,17,36,0,"[   0   86   92  230  713  722  745  909 1011 1161 1300 1304 1338 1374
 1609 1935 2229 2513 2530]",-0.043030010168961574,98.42537545370156,6.428300103348924
1925,17,36,20,"[   0   86  230  713  745  909 1011 1161 1293 1338 1374 1609 1671 1935
 2229 2530]",-0.043030010168961574,98.42537545370156,6.428300103348924
1926,17,36,40,[   0   86  230  713  909 1011 1161 1293 1374 1609 1671 1935 2229 2530],-0.043030010168961574,98.42537545370156,6.428300103348924
1927,17,36,60,[   0   86  230  713  909 1011 1161 1293 1374 1609 1671 1935 2229 2530],-0.043030010168961574,98.42537545370156,6.428300103348924
1928,17,37,0,[   0  230  713  722  809 1046 1303 1304 1609 1635 1935 2229 2513 2530],-0.03620951149243011,105.79563261546268,4.467019238236441
1929,17,37,20,"[   0   82  230  713  745  809  859 1046 1185 1293 1554 1609 1635 1935
 2229 2530]",-0.03620951149243011,105.79563261546268,4.467019238236441
1930,17,37,40,"[   0   82  230  713  809  859 1046 1185 1293 1554 1609 1671 1935 2229
 2530]",-0.03620951149243011,105.79563261546268,4.467019238236441
1931,17,37,60,[   0   82  230  713  809 1046 1185 1293 1609 1671 1935 2229 2530],-0.03620951149243011,105.79563261546268,4.467019238236441
1932,17,38,0,"[   0  230  713  722  809  923 1046 1303 1304 1609 1640 2000 2367 2513
 2530]",0.03371647028915322,107.9067910343938,4.643780611392339
1933,17,38,20,"[   0   82  230  477  713  780  809  859  923 1046 1293 1609 1640 2000
 2154 2226 2255 2367 2530]",0.03371647028915322,107.9067910343938,4.643780611392339
1934,17,38,40,"[   0   82  230  477  713  809  859  923 1046 1293 1609 1671 2000 2154
 2226 2367 2530]",0.03371647028915322,107.9067910343938,4.643780611392339
1935,17,38,60,[   0   82  230  713  809  923 1046 1609 1671 2000 2226 2367 2530],0.03371647028915322,107.9067910343938,4.643780611392339
1936,17,39,0,[   0  230  713  722  809 1043 1303 1304 1609 1644 2013 2367 2513 2530],-0.044303437609025435,108.24292628286094,6.137666954729532
1937,17,39,20,"[   0   83  230  713  809  859 1043 1293 1467 1609 1644 2013 2226 2262
 2367 2530]",-0.044303437609025435,108.24292628286094,6.137666954729532
1938,17,39,40,"[   0   83  230  713  809  859 1043 1293 1467 1609 1704 2013 2226 2367
 2530]",-0.044303437609025435,108.24292628286094,6.137666954729532
1939,17,39,60,[   0   83  230  713  809 1043 1293 1467 1609 1704 2013 2226 2367 2530],-0.044303437609025435,108.24292628286094,6.137666954729532
1940,17,40,0,[   0  230  713  722  809 1043 1303 1304 1935 2367 2513 2530],0.038936851958454935,112.23975037167008,6.644868824402168
1941,17,40,20,"[   0   83  230  713  809 1043 1303 1473 1508 1555 1609 1671 1935 2255
 2367 2530]",0.038936851958454935,112.23975037167008,6.644868824402168
1942,17,40,40,[   0   83  230  713  809 1043 1303 1473 1609 1671 1935 2367 2530],0.038936851958454935,112.23975037167008,6.644868824402168
1943,17,40,60,[   0   83  230  713  809 1043 1303 1473 1609 1671 1935 2367 2530],0.038936851958454935,112.23975037167008,6.644868824402168
1944,17,41,0,"[   0   83  713  722  780  909 1046 1303 1304 1609 1640 1935 2367 2513
 2530]",0.05298479146893711,107.88343534425499,4.771296878289711
1945,17,41,20,"[   0   83  688  733  780  909 1046 1161 1293 1542 1609 1640 1935 2367
 2530]",0.05298479146893711,107.88343534425499,4.771296878289711
1946,17,41,40,"[   0   83  688  733  780  909 1046 1161 1293 1542 1609 1671 1935 2255
 2367 2530]",0.05298479146893711,107.88343534425499,4.771296878289711
1947,17,41,60,"[   0   83  688  780  909 1046 1161 1293 1542 1609 1671 1935 2255 2367
 2530]",0.05298479146893711,107.88343534425499,4.771296878289711
1948,17,42,0,"[   0  216  713  722  809  859 1161 1300 1303 1304 1609 1634 1935 2226
 2513 2530]",0.007673337644992175,110.11105561345394,5.046571974414599
1949,17,42,20,"[   0  216  396  713  809  859 1161 1300 1385 1609 1634 1935 2226 2487
 2530]",0.007673337644992175,110.11105561345394,5.046571974414599
1950,17,42,40,"[   0  216  396  713  809  859 1161 1300 1385 1609 1671 1935 2226 2487
 2530]",0.007673337644992175,110.11105561345394,5.046571974414599
1951,17,42,60,[   0  216  396  713  809 1161 1300 1385 1609 1671 1935 2226 2530],0.007673337644992175,110.11105561345394,5.046571974414599
1952,17,43,0,"[   0  230  713  722  809  876 1161 1303 1304 1435 1609 1635 1935 2226
 2468 2513 2530]",0.0058037732557538,116.91784640430954,5.8728428075381425
1953,17,43,20,"[   0  230  395  713  809  876 1161 1303 1435 1609 1635 1935 2226 2487
 2530]",0.0058037732557538,116.91784640430954,5.8728428075381425
1954,17,43,40,"[   0  230  395  713  809  876 1161 1303 1435 1609 1671 1935 2226 2487
 2530]",0.0058037732557538,116.91784640430954,5.8728428075381425
1955,17,43,60,"[   0  230  395  713  809  876 1161 1303 1435 1609 1671 1935 2226 2369
 2530]",0.0058037732557538,116.91784640430954,5.8728428075381425
1956,17,44,0,"[   0  223  713  722  809  876 1161 1300 1303 1304 1609 1635 2013 2226
 2513 2530]",0.01224648698196327,118.91763452268508,5.448424134690278
1957,17,44,20,[   0  223  713  809  876 1161 1293 1554 1609 1635 2013 2226 2487 2530],0.01224648698196327,118.91763452268508,5.448424134690278
1958,17,44,40,"[   0  223  400  713  809  876 1161 1293 1554 1609 1671 2013 2226 2487
 2530]",0.01224648698196327,118.91763452268508,5.448424134690278
1959,17,44,60,[   0  223  400  713  809  876 1161 1293 1609 1671 2013 2226 2530],0.01224648698196327,118.91763452268508,5.448424134690278
1960,17,45,0,"[   0  163  713  722  780  909  972 1453 1609 1671 2013 2226 2487 2513
 2530]",0.06770831532567484,114.45883653969896,6.355124550227013
1961,17,45,20,"[   0  163  614  683  733  780  859  909  972 1293 1453 1609 1671 2013
 2154 2226 2287 2367 2487 2530]",0.06770831532567484,114.45883653969896,6.355124550227013
1962,17,45,40,"[   0  163  614  683  733  780  859  909  972 1293 1453 1609 1671 2013
 2154 2226 2287 2367 2487 2530]",0.06770831532567484,114.45883653969896,6.355124550227013
1963,17,45,60,"[   0  163  614  683  780  909  972 1293 1453 1609 1671 2013 2154 2226
 2287 2367 2530]",0.06770831532567484,114.45883653969896,6.355124550227013
1964,17,46,0,[   0  230  713  722  809 1044 1303 1304 1609 1640 1925 2226 2513 2530],-0.0045997888554603255,119.01003931967941,5.0008051735683186
1965,17,46,20,"[   0  230  395  686  733  809 1044 1161 1303 1432 1609 1640 1925 2226
 2487 2530]",-0.0045997888554603255,119.01003931967941,5.0008051735683186
1966,17,46,40,"[   0  230  395  686  733  809 1044 1161 1303 1432 1609 1671 1925 2226
 2487 2530]",-0.0045997888554603255,119.01003931967941,5.0008051735683186
1967,17,46,60,[   0  230  395  686  809 1044 1161 1303 1432 1609 1671 1925 2226 2530],-0.0045997888554603255,119.01003931967941,5.0008051735683186
1968,17,47,0,"[   0  163  713  722  809  924 1044 1161 1293 1454 1609 1925 2226 2513
 2530]",0.037221918166102305,115.43515760960395,4.963599902001378
1969,17,47,20,[   0  163  713  809  924 1044 1161 1293 1454 1609 1671 1925 2226 2530],0.037221918166102305,115.43515760960395,4.963599902001378
1970,17,47,40,[   0  163  713  809  924 1044 1161 1293 1454 1609 1671 1925 2226 2530],0.037221918166102305,115.43515760960395,4.963599902001378
1971,17,47,60,[   0  163  713  809  924 1044 1161 1293 1454 1609 1671 1925 2226 2530],0.037221918166102305,115.43515760960395,4.963599902001378
1972,17,48,0,"[   0  713  722  809  876 1078 1300 1303 1304 1454 1609 1644 2081 2226
 2513 2530]",0.03763473352230091,125.87733734558182,5.249257130507566
1973,17,48,20,[   0  713  809  876  909 1078 1161 1282 1454 1609 1644 2081 2226 2530],0.03763473352230091,125.87733734558182,5.249257130507566
1974,17,48,40,[   0  713  809  876 1078 1161 1282 1454 1526 2081 2154 2226 2530],0.03763473352230091,125.87733734558182,5.249257130507566
1975,17,48,60,[   0  713  809  876 1078 1161 1282 1454 1526 2081 2154 2226 2530],0.03763473352230091,125.87733734558182,5.249257130507566
1976,17,49,0,[   0  230  713  722  841  876 1161 1303 1304 1609 1644 2514 2530],0.0018927258703425702,126.85422027424009,5.614207328125807
1977,17,49,20,"[   0   84  230  713  809  841  876 1161 1282 1304 1555 1609 1644 2154
 2226 2359 2530]",0.0018927258703425702,126.85422027424009,5.614207328125807
1978,17,49,40,[   0   84  230  713  841 1161 1282 1644 2154 2226 2359 2530],0.0018927258703425702,126.85422027424009,5.614207328125807
1979,17,49,60,[   0   84  230  713  841 1161 1282 1644 2154 2226 2359 2530],0.0018927258703425702,126.85422027424009,5.614207328125807
1980,17,50,0,"[   0  327  713  722  809  876 1207 1303 1304 1453 1609 1644 1935 2226
 2453 2513 2530]",0.04747309169086205,120.88300686531446,4.495550210498583
1981,17,50,20,"[   0   29  327  713  809  876  909  972 1207 1316 1453 1609 1644 1935
 2226 2262 2453 2530]",0.04747309169086205,120.88300686531446,4.495550210498583
1982,17,50,40,[   0  327  713  809  876  972 1207 1316 1453 1609 1935 2226 2453 2530],0.04747309169086205,120.88300686531446,4.495550210498583
1983,17,50,60,[   0  327  713  809  876  972 1207 1316 1453 1609 1935 2226 2453 2530],0.04747309169086205,120.88300686531446,4.495550210498583
1984,18,20,0,"[   0  230  359  713  722  835  851  855  921 1028 1128 1303 1304 1338
 1374 1608 1852 2235 2513 2530]",-0.08164572630107608,59.99792390766653,8.830002252737893
1985,18,20,20,"[   0   82  230  359  558  591  713  835  859  921 1028 1128 1338 1374
 1608 1852 2028 2160 2184 2235 2530]",-0.08164572630107608,59.99792390766653,8.830002252737893
1986,18,20,40,"[   0   82  230  359  558  713  835  921 1028 1128 1338 1515 1608 1852
 2028 2235 2530]",-0.08164572630107608,59.99792390766653,8.830002252737893
1987,18,20,60,"[   0   82  230  359  558  713  835  921 1028 1128 1338 1515 1608 1852
 2028 2235 2530]",-0.08164572630107608,59.99792390766653,8.830002252737893
1988,18,21,0,"[   0   79  211  540  558  713  722  831  874  923 1028 1303 1304 1338
 1374 1609 1650 1921 2513 2530]",-0.06939713157839628,64.6707097821263,6.9761451278565625
1989,18,21,20,"[   0   79  211  365  558  591  673  733  831  874  923 1028 1338 1374
 1469 1609 1650 1672 1921 2530]",-0.06939713157839628,64.6707097821263,6.9761451278565625
1990,18,21,40,"[   0   79  211  365  591  673  733  831  874  923 1028 1338 1469 1609
 1650 1921 2530]",-0.06939713157839628,64.6707097821263,6.9761451278565625
1991,18,21,60,[   0   79  211  365  591  673  831  923 1028 1338 1469 1609 1867 2530],-0.06939713157839628,64.6707097821263,6.9761451278565625
1992,18,22,0,"[   0  211  540  558  591  673  699  713  722  745  921 1001 1125 1303
 1304 1338 1374 1810 2119 2120 2513 2530]",-0.1018627330666539,64.94732322156705,6.546936906958529
1993,18,22,20,"[   0  211  239  400  430  558  591  673  699  722  745  855  921  950
 1001 1043 1125 1233 1303 1338 1374 1787 1810 2119 2530]",-0.1018627330666539,64.94732322156705,6.546936906958529
1994,18,22,40,[   0  211  400  591  673  745  921 1001 1125 1338 1810 2119 2530],-0.1018627330666539,64.94732322156705,6.546936906958529
1995,18,22,60,[   0  211  400  591  673  745  921 1001 1125 1338 1810 2119 2530],-0.1018627330666539,64.94732322156705,6.546936906958529
1996,18,23,0,[   0   79  713  722  923 1125 1303 1304 1901 2357 2513 2530],-0.09409326987983448,69.11623952136246,6.4010826558730445
1997,18,23,20,"[   0   79  516  565  713  745  780  923  950 1125 1338 1374 1901 2357
 2487 2530]",-0.09409326987983448,69.11623952136246,6.4010826558730445
1998,18,23,40,[   0   79  516  565  713  780  923 1125 1338 1901 2357 2487 2530],-0.09409326987983448,69.11623952136246,6.4010826558730445
1999,18,23,60,[   0   79  713  780  923 1125 1338 1901 2357 2530],-0.09409326987983448,69.11623952136246,6.4010826558730445
2000,18,24,0,"[   0   82  516  558  591  673  713  722  809  859 1132 1303 1304 1338
 1374 1936 2262 2501 2508 2513 2530]",-0.08486788903298229,70.07344007808385,7.648469695178771
2001,18,24,20,"[   0   82  516  558  591  673  713  745  809  859  921  950 1132 1338
 1374 1936 2262 2530]",-0.08486788903298229,70.07344007808385,7.648469695178771
2002,18,24,40,[   0   82  516  558  673  745  809  859 1132 1338 1936 2262 2530],-0.08486788903298229,70.07344007808385,7.648469695178771
2003,18,24,60,[   0   82  673  745  809  921 1132 1338 1936 2262 2530],-0.08486788903298229,70.07344007808385,7.648469695178771
2004,18,25,0,"[   0   82  531  558  713  722  813  921 1041 1190 1303 1304 1936 2154
 2464 2513 2530]",-0.09358288286876867,73.95428988091278,6.342375408094075
2005,18,25,20,"[   0   82  531  558  598  654  713  813  921 1041 1190 1303 1610 1706
 1936 2154 2464 2530]",-0.09358288286876867,73.95428988091278,6.342375408094075
2006,18,25,40,[   0   82  713  813  921 1041 1190 1610 1936 2154 2464 2530],-0.09358288286876867,73.95428988091278,6.342375408094075
2007,18,25,60,[   0   82  713  813  921 1041 1190 1610 1936 2154 2464 2530],-0.09358288286876867,73.95428988091278,6.342375408094075
2008,18,26,0,"[   0   82  713  722  821  895 1132 1303 1304 1338 1367 1609 1939 2154
 2464 2513 2530]",-0.08760022101695088,77.00667023591046,6.515937060458516
2009,18,26,20,"[   0   82  163  673  713  745  821  895  923  950 1132 1190 1265 1338
 1367 1581 1609 1939 2154 2464 2530]",-0.08760022101695088,77.00667023591046,6.515937060458516
2010,18,26,40,[   0   82  673  745  821  895 1132 1265 1367 1609 1939 2154 2464 2530],-0.08760022101695088,77.00667023591046,6.515937060458516
2011,18,26,60,[   0   82  673  745  821  895 1132 1265 1367 1609 1939 2154 2464 2530],-0.08760022101695088,77.00667023591046,6.515937060458516
2012,18,27,0,"[   0   82  713  722  813 1125 1303 1304 1338 1367 1609 1635 1939 2235
 2464 2513 2530]",-0.06323935223269694,77.86155537175435,6.224698215866598
2013,18,27,20,[   0   82  713  813  923 1125 1338 1367 1609 1635 1939 2235 2464 2530],-0.06323935223269694,77.86155537175435,6.224698215866598
2014,18,27,40,[   0   82  713  813  923 1125 1265 1367 1609 1939 2235 2464 2530],-0.06323935223269694,77.86155537175435,6.224698215866598
2015,18,27,60,[   0   82  713  813  923 1125 1265 1367 1609 1939 2235 2464 2530],-0.06323935223269694,77.86155537175435,6.224698215866598
2016,18,28,0,"[   0  230  359  713  722  813 1125 1303 1304 1610 1635 1939 2235 2514
 2530]",-0.009016159836309786,83.45957783771043,5.3570170649744915
2017,18,28,20,"[   0  230  359  713  813  909 1059 1125 1284 1469 1610 1635 1939 2235
 2464 2530]",-0.009016159836309786,83.45957783771043,5.3570170649744915
2018,18,28,40,"[   0   86  230  359  713  813  909 1059 1125 1284 1469 1610 1706 1939
 2235 2464 2530]",-0.009016159836309786,83.45957783771043,5.3570170649744915
2019,18,28,60,"[   0   86  230  359  713  813  909 1059 1125 1284 1469 1610 1706 1939
 2235 2464 2530]",-0.009016159836309786,83.45957783771043,5.3570170649744915
2020,18,29,0,"[   0   10   18  233  477  558  713  722  780  909 1041 1095 1338 1374
 1610 1939 2190 2464 2514 2530]",-0.051116512561918605,81.90351347373232,5.946832553361487
2021,18,29,20,"[   0   86  233  477  558  713  780  909 1041 1095 1338 1374 1610 1706
 1939 2190 2464 2530]",-0.051116512561918605,81.90351347373232,5.946832553361487
2022,18,29,40,"[   0   86  233  477  558  713  780  909 1041 1095 1374 1610 1706 1939
 2190 2464 2530]",-0.051116512561918605,81.90351347373232,5.946832553361487
2023,18,29,60,"[   0   86  233  477  558  713  780  909 1041 1374 1610 1706 1939 2190
 2464 2530]",-0.051116512561918605,81.90351347373232,5.946832553361487
2024,18,30,0,"[   0   82  713  722  809  921 1010 1125 1338 1367 1610 1939 2235 2464
 2514 2530]",-0.08835286131448407,80.3237722742068,7.754607201701038
2025,18,30,20,"[   0   82  400  430  713  809  859  921 1010 1125 1338 1367 1469 1610
 1837 1939 2235 2464 2530]",-0.08835286131448407,80.3237722742068,7.754607201701038
2026,18,30,40,"[   0   82  713  809  859  921 1010 1125 1338 1469 1610 1804 1939 2235
 2464 2530]",-0.08835286131448407,80.3237722742068,7.754607201701038
2027,18,30,60,"[   0   82  713  809  921 1010 1125 1338 1469 1610 1804 1939 2235 2464
 2530]",-0.08835286131448407,80.3237722742068,7.754607201701038
2028,18,31,0,"[   0   79  230  713  722  745  895 1066 1113 1125 1303 1304 1338 1367
 1609 1616 1939 2154 2464 2514 2530]",-0.09230592469648366,86.20386008178994,5.950410121973792
2029,18,31,20,"[   0   79  230  713  745  895 1066 1125 1265 1338 1367 1469 1609 1706
 1939 2154 2464 2530]",-0.09230592469648366,86.20386008178994,5.950410121973792
2030,18,31,40,"[   0   79  230  713  895 1066 1125 1265 1469 1609 1706 1939 2154 2464
 2530]",-0.09230592469648366,86.20386008178994,5.950410121973792
2031,18,31,60,[   0   79  230  713  895 1125 1265 1469 1609 1939 2154 2464 2530],-0.09230592469648366,86.20386008178994,5.950410121973792
2032,18,32,0,"[   0   79   91  230  713  722  780  997 1125 1303 1304 1338 1374 1610
 1939 2190 2464 2514 2530]",-0.1003058979035967,82.38049979689971,5.678589980473322
2033,18,32,20,"[   0   79  230  400  713  780  997 1031 1066 1125 1284 1338 1374 1610
 1837 1939 2190 2464 2530]",-0.1003058979035967,82.38049979689971,5.678589980473322
2034,18,32,40,"[   0   79  230  400  713  780  997 1125 1284 1374 1610 1837 1939 2190
 2464 2530]",-0.1003058979035967,82.38049979689971,5.678589980473322
2035,18,32,60,"[   0   79  230  400  713  780  997 1125 1284 1374 1610 1837 1939 2190
 2464 2530]",-0.1003058979035967,82.38049979689971,5.678589980473322
2036,18,33,0,"[   0   79  230  477  558  713  722  745 1043 1125 1303 1304 1338 1374
 1609 1635 1973 2229 2464 2514 2530]",-0.07153076841413199,94.62635155918059,5.962229742391324
2037,18,33,20,"[   0   79  230  477  558  713  745 1043 1125 1338 1374 1555 1609 1635
 1837 1973 2229 2357 2464 2530]",-0.07153076841413199,94.62635155918059,5.962229742391324
2038,18,33,40,"[   0   79  230  477  558  745 1043 1125 1338 1422 1555 1609 1671 1837
 1973 2229 2357 2464 2530]",-0.07153076841413199,94.62635155918059,5.962229742391324
2039,18,33,60,"[   0   79  230  477  558  745 1043 1125 1338 1422 1609 1671 1837 1973
 2229 2357 2464 2530]",-0.07153076841413199,94.62635155918059,5.962229742391324
2040,18,34,0,"[   0  230  713  722  835  874 1107 1300 1303 1304 1609 1644 1922 2218
 2513 2530]",0.03489886720815138,95.27738685781168,5.514472549851788
2041,18,34,20,"[   0   86  230  395  686  722  835  874 1107 1190 1300 1387 1609 1644
 1922 2218 2530]",0.03489886720815138,95.27738685781168,5.514472549851788
2042,18,34,40,[   0  230  395  686  835 1107 1300 1387 1609 1922 2218 2530],0.03489886720815138,95.27738685781168,5.514472549851788
2043,18,34,60,[   0  230  395  686  835 1107 1300 1387 1609 1922 2218 2530],0.03489886720815138,95.27738685781168,5.514472549851788
2044,18,35,0,"[   0   79  713  722  829  876 1161 1303 1304 1609 1644 1901 2229 2513
 2530]",-0.05067905794878255,97.76931899075335,8.660253046293818
2045,18,35,20,"[   0   79  713  780  829  876  909  972 1161 1338 1374 1609 1644 1901
 2229 2530]",-0.05067905794878255,97.76931899075335,8.660253046293818
2046,18,35,40,[   0   79  713  780  829  876 1161 1338 1422 1609 1901 2229 2530],-0.05067905794878255,97.76931899075335,8.660253046293818
2047,18,35,60,[   0   79  713  829  972 1161 1338 1422 1609 1901 2229 2530],-0.05067905794878255,97.76931899075335,8.660253046293818
2048,18,36,0,"[   0   86   92  230  713  722  745  909 1011 1161 1300 1304 1338 1374
 1609 1935 2229 2513 2530]",-0.06213648896495822,95.68030730297043,7.0070877780882315
2049,18,36,20,"[   0   86  230  506  713  745  909 1011 1161 1293 1338 1374 1609 1671
 1935 2229 2530]",-0.06213648896495822,95.68030730297043,7.0070877780882315
2050,18,36,40,[   0   86  230  713  909 1011 1161 1293 1374 1609 1671 1935 2229 2530],-0.06213648896495822,95.68030730297043,7.0070877780882315
2051,18,36,60,[   0   86  230  713  909 1011 1161 1293 1374 1609 1671 1935 2229 2530],-0.06213648896495822,95.68030730297043,7.0070877780882315
2052,18,37,0,"[   0   82  230  713  722  809  859 1046 1185 1293 1303 1304 1609 1635
 1935 2229 2453 2513 2530]",-0.04653932168336072,102.34837298920914,4.864449232823073
2053,18,37,20,"[   0   82  230  713  745  809  859 1046 1185 1293 1554 1609 1635 1935
 2229 2453 2530]",-0.04653932168336072,102.34837298920914,4.864449232823073
2054,18,37,40,"[   0   82  230  713  809  859 1046 1185 1293 1554 1609 1671 1935 2229
 2453 2530]",-0.04653932168336072,102.34837298920914,4.864449232823073
2055,18,37,60,[   0   82  230  713  809 1046 1185 1293 1609 1671 1935 2229 2453 2530],-0.04653932168336072,102.34837298920914,4.864449232823073
2056,18,38,0,"[   0  230  713  722  809  923 1046 1303 1304 1609 1640 2013 2367 2513
 2530]",-0.04073666931438864,102.14376831867948,5.123667839866139
2057,18,38,20,"[   0   82  230  477  713  780  809  859  923 1046 1293 1609 1640 1671
 1745 2013 2154 2226 2255 2367 2530]",-0.04073666931438864,102.14376831867948,5.123667839866139
2058,18,38,40,"[   0   82  230  477  713  809  859  923 1046 1293 1609 1671 1745 2013
 2154 2226 2367 2530]",-0.04073666931438864,102.14376831867948,5.123667839866139
2059,18,38,60,"[   0   82  230  477  713  809  923 1046 1293 1609 1671 1745 2013 2154
 2226 2367 2530]",-0.04073666931438864,102.14376831867948,5.123667839866139
2060,18,39,0,[   0  230  713  722  809 1043 1303 1304 1609 1644 2013 2367 2513 2530],-0.04186537415679848,104.22193950286187,5.942663715402367
2061,18,39,20,"[   0   83  230  713  809  859 1043 1293 1467 1609 1644 2013 2226 2255
 2367 2530]",-0.04186537415679848,104.22193950286187,5.942663715402367
2062,18,39,40,"[   0   83  230  713  809  859 1043 1293 1467 1609 1704 2013 2226 2367
 2530]",-0.04186537415679848,104.22193950286187,5.942663715402367
2063,18,39,60,[   0   83  230  713  809 1043 1293 1467 1609 1704 2013 2226 2367 2530],-0.04186537415679848,104.22193950286187,5.942663715402367
2064,18,40,0,[   0  230  713  722  809 1043 1303 1304 1609 1644 1935 2367 2513 2530],0.039229580756026165,106.8784341536768,6.744736885241085
2065,18,40,20,[   0   83  230  713  809 1043 1303 1473 1609 1644 1935 2367 2530],0.039229580756026165,106.8784341536768,6.744736885241085
2066,18,40,40,[   0   83  230  713  809 1043 1303 1473 1609 1935 2367 2530],0.039229580756026165,106.8784341536768,6.744736885241085
2067,18,40,60,[   0   83  230  713  809 1043 1303 1473 1609 1935 2367 2530],0.039229580756026165,106.8784341536768,6.744736885241085
2068,18,41,0,"[   0  230  713  722  780  909 1046 1303 1304 1609 1640 1935 2367 2513
 2530]",0.04491077901390584,103.9270067540293,5.139893567926325
2069,18,41,20,"[   0   83  230  688  733  780  909 1046 1161 1293 1542 1609 1640 1935
 2255 2367 2530]",0.04491077901390584,103.9270067540293,5.139893567926325
2070,18,41,40,"[   0   83  230  688  733  780  909 1046 1161 1293 1542 1609 1671 1935
 2255 2367 2530]",0.04491077901390584,103.9270067540293,5.139893567926325
2071,18,41,60,"[   0   83  230  688  780  909 1046 1161 1293 1542 1609 1671 1935 2255
 2367 2530]",0.04491077901390584,103.9270067540293,5.139893567926325
2072,18,42,0,"[   0  216  713  722  809  859 1161 1300 1303 1304 1609 1634 1935 2226
 2513 2530]",0.008638769265937561,106.3760837799188,5.1041656140055425
2073,18,42,20,"[   0  216  396  713  809  859 1161 1293 1385 1609 1634 1935 2226 2487
 2530]",0.008638769265937561,106.3760837799188,5.1041656140055425
2074,18,42,40,"[   0  216  396  713  809  859 1161 1293 1385 1609 1671 1935 2226 2487
 2530]",0.008638769265937561,106.3760837799188,5.1041656140055425
2075,18,42,60,[   0  216  396  713  809 1161 1293 1385 1609 1671 1935 2226 2530],0.008638769265937561,106.3760837799188,5.1041656140055425
2076,18,43,0,"[   0  230  713  722  809  876 1161 1303 1304 1435 1609 1635 1935 2226
 2468 2513 2530]",0.006687392381331563,113.05003101301708,5.904060094770881
2077,18,43,20,"[   0  230  395  713  809  876 1161 1293 1435 1609 1635 1935 2226 2487
 2530]",0.006687392381331563,113.05003101301708,5.904060094770881
2078,18,43,40,"[   0  230  395  713  809  876 1161 1293 1435 1609 1671 1935 2226 2487
 2530]",0.006687392381331563,113.05003101301708,5.904060094770881
2079,18,43,60,"[   0  230  395  713  809  876 1161 1293 1435 1609 1671 1935 2226 2369
 2530]",0.006687392381331563,113.05003101301708,5.904060094770881
2080,18,44,0,"[   0  223  713  722  809  876 1161 1300 1303 1304 1609 1635 2013 2226
 2513 2530]",0.012641590129676281,112.72762777256453,5.480621016522202
2081,18,44,20,[   0  223  713  809  876 1161 1293 1554 1609 1635 2013 2226 2487 2530],0.012641590129676281,112.72762777256453,5.480621016522202
2082,18,44,40,"[   0  223  400  713  809  876 1161 1293 1554 1609 1671 2013 2226 2487
 2530]",0.012641590129676281,112.72762777256453,5.480621016522202
2083,18,44,60,[   0  223  400  713  809  876 1161 1293 1609 1671 2013 2226 2530],0.012641590129676281,112.72762777256453,5.480621016522202
2084,18,45,0,"[   0  163  713  722  780  909  972 1303 1304 1453 1609 1671 2013 2226
 2487 2513 2530]",0.06793508986781675,110.96884988327444,5.8260272164113385
2085,18,45,20,"[   0  163  614  683  733  780  859  909  972 1293 1453 1609 1671 2013
 2154 2226 2287 2367 2487 2530]",0.06793508986781675,110.96884988327444,5.8260272164113385
2086,18,45,40,"[   0  163  614  683  733  780  859  909  972 1293 1453 1609 1671 2013
 2154 2226 2287 2367 2487 2530]",0.06793508986781675,110.96884988327444,5.8260272164113385
2087,18,45,60,"[   0  163  614  683  780  909  972 1293 1453 1609 1671 2013 2154 2226
 2287 2367 2530]",0.06793508986781675,110.96884988327444,5.8260272164113385
2088,18,46,0,[   0  230  713  722  809 1044 1303 1304 1609 1640 1925 2226 2513 2530],-0.003921040368314687,114.79839056110603,5.1087318250875455
2089,18,46,20,"[   0  230  395  686  733  809 1044 1161 1293 1432 1609 1640 1925 2226
 2487 2530]",-0.003921040368314687,114.79839056110603,5.1087318250875455
2090,18,46,40,"[   0  230  395  686  733  809 1044 1161 1293 1432 1609 1671 1925 2226
 2487 2530]",-0.003921040368314687,114.79839056110603,5.1087318250875455
2091,18,46,60,[   0  230  395  686  809 1044 1161 1293 1432 1609 1671 1925 2226 2530],-0.003921040368314687,114.79839056110603,5.1087318250875455
2092,18,47,0,"[   0  163  713  722  809  924 1044 1161 1300 1303 1304 1454 1609 1925
 2226 2513 2530]",0.03570068994389919,111.75067961229307,4.706521863002522
2093,18,47,20,[   0  163  713  809  924 1044 1161 1293 1454 1609 1671 1925 2226 2530],0.03570068994389919,111.75067961229307,4.706521863002522
2094,18,47,40,[   0  163  713  809  924 1044 1161 1293 1454 1609 1671 1925 2226 2530],0.03570068994389919,111.75067961229307,4.706521863002522
2095,18,47,60,[   0  163  713  809  924 1044 1161 1293 1454 1609 1671 1925 2226 2530],0.03570068994389919,111.75067961229307,4.706521863002522
2096,18,48,0,"[   0  713  722  809  851  855  876 1078 1300 1303 1304 1454 1609 1644
 2081 2226 2513 2530]",0.038095032788872975,120.99563779954487,4.951642152408678
2097,18,48,20,"[   0  713  809  851  876  909 1078 1161 1282 1454 1609 1644 2081 2154
 2226 2530]",0.038095032788872975,120.99563779954487,4.951642152408678
2098,18,48,40,[   0  713  809  876 1078 1161 1282 1454 1526 2081 2154 2226 2530],0.038095032788872975,120.99563779954487,4.951642152408678
2099,18,48,60,[   0  713  809  876 1078 1161 1282 1454 1526 2081 2154 2226 2530],0.038095032788872975,120.99563779954487,4.951642152408678
2100,18,49,0,[   0  230  713  722  841  876 1078 1303 1304 1609 1644 2514 2530],0.002729575703858603,121.94580183822374,5.708135923635862
2101,18,49,20,"[   0   84  230  713  809  841  876  909 1078 1161 1282 1304 1555 1609
 1644 2154 2226 2359 2530]",0.002729575703858603,121.94580183822374,5.708135923635862
2102,18,49,40,[   0   84  230  713  841 1078 1161 1282 1644 2154 2226 2359 2530],0.002729575703858603,121.94580183822374,5.708135923635862
2103,18,49,60,[   0   84  230  713  841 1078 1161 1282 1644 2154 2226 2359 2530],0.002729575703858603,121.94580183822374,5.708135923635862
2104,18,50,0,"[   0  327  713  722  822  876 1207 1303 1304 1453 1609 1644 1935 2226
 2453 2513 2530]",0.04895152246881922,116.34615199160535,4.5018624692884055
2105,18,50,20,"[   0   29  327  713  822  876  909  972 1207 1316 1453 1609 1644 1935
 2226 2262 2453 2530]",0.04895152246881922,116.34615199160535,4.5018624692884055
2106,18,50,40,[   0  327  713  822  876  972 1207 1316 1453 1609 1935 2226 2453 2530],0.04895152246881922,116.34615199160535,4.5018624692884055
2107,18,50,60,[   0  327  713  822  972 1207 1316 1453 1609 1935 2226 2453 2530],0.04895152246881922,116.34615199160535,4.5018624692884055
2108,19,20,0,"[   0  230  359  713  722  835  851  855  921 1028 1128 1303 1304 1338
 1374 1608 1852 2235 2513 2530]",-0.08286405228774413,58.7419773672191,8.394722741107506
2109,19,20,20,"[   0   82  230  359  558  591  713  835  859  921 1028 1128 1338 1374
 1608 1852 2028 2160 2184 2235 2530]",-0.08286405228774413,58.7419773672191,8.394722741107506
2110,19,20,40,"[   0   82  230  359  558  713  835  921 1028 1128 1338 1515 1608 1852
 2028 2235 2530]",-0.08286405228774413,58.7419773672191,8.394722741107506
2111,19,20,60,"[   0   82  230  359  558  713  835  921 1028 1128 1338 1515 1608 1852
 2028 2235 2530]",-0.08286405228774413,58.7419773672191,8.394722741107506
2112,19,21,0,"[   0   79  211  540  558  591  673  699  713  722  831  874  923 1028
 1303 1304 1338 1374 1609 1650 1921 2464 2513 2530]",-0.06808315411422566,63.05101561661781,6.796344507922024
2113,19,21,20,"[   0   79  211  365  558  591  673  733  831  874  923 1028 1338 1374
 1469 1609 1650 1672 1921 2464 2530]",-0.06808315411422566,63.05101561661781,6.796344507922024
2114,19,21,40,"[   0   79  211  365  591  673  733  831  874  923 1028 1338 1469 1609
 1650 1921 2464 2530]",-0.06808315411422566,63.05101561661781,6.796344507922024
2115,19,21,60,"[   0   79  211  365  591  673  831  923 1028 1338 1469 1609 1921 2464
 2530]",-0.06808315411422566,63.05101561661781,6.796344507922024
2116,19,22,0,"[   0  211  540  558  591  673  699  706  713  722  745  921 1001 1125
 1303 1304 1338 1374 1810 2119 2120 2464 2513 2530]",-0.10361756134134739,63.00309960885063,6.357357269899911
2117,19,22,20,"[   0  211  400  558  591  673  699  722  745  921 1001 1125 1338 1374
 1810 2464 2530]",-0.10361756134134739,63.00309960885063,6.357357269899911
2118,19,22,40,[   0  211  591  673  745  921 1001 1125 1338 1810 2464 2530],-0.10361756134134739,63.00309960885063,6.357357269899911
2119,19,22,60,[   0  211  591  673  745  921 1001 1125 1338 1810 2464 2530],-0.10361756134134739,63.00309960885063,6.357357269899911
2120,19,23,0,"[   0   79  713  722  780  923 1125 1303 1304 1422 1424 1901 2357 2513
 2530]",-0.09358409152686228,66.86941880570556,6.152386141287455
2121,19,23,20,"[   0   79  516  565  713  745  780  923  950 1125 1338 1374 1901 2357
 2487 2530]",-0.09358409152686228,66.86941880570556,6.152386141287455
2122,19,23,40,[   0   79  516  565  713  780  923 1125 1338 1424 1901 2357 2487 2530],-0.09358409152686228,66.86941880570556,6.152386141287455
2123,19,23,60,[   0   79  713  780  923 1125 1338 1901 2357 2530],-0.09358409152686228,66.86941880570556,6.152386141287455
2124,19,24,0,"[   0   82  516  558  591  673  713  722  809  859  921 1041 1132 1303
 1304 1338 1374 1936 2262 2501 2508 2513 2530]",-0.08758055614521731,68.22208566295723,7.330121875688652
2125,19,24,20,"[   0   82  516  558  591  673  713  745  809  859  921 1041 1132 1338
 1374 1936 2262 2530]",-0.08758055614521731,68.22208566295723,7.330121875688652
2126,19,24,40,"[   0   82  516  558  673  745  809  859  921 1041 1132 1338 1936 2262
 2530]",-0.08758055614521731,68.22208566295723,7.330121875688652
2127,19,24,60,[   0   82  673  745  809  921 1041 1132 1338 1936 2262 2530],-0.08758055614521731,68.22208566295723,7.330121875688652
2128,19,25,0,"[   0   82  531  558  713  722  813  851  855  921 1041 1190 1303 1304
 1936 2154 2464 2513 2530]",-0.09353041430296613,71.58059033332151,6.034600818891163
2129,19,25,20,"[   0   82  531  558  598  654  713  831  855  921 1041 1190 1303 1610
 1706 1936 2154 2464 2530]",-0.09353041430296613,71.58059033332151,6.034600818891163
2130,19,25,40,[   0   82  713  831  921 1041 1190 1610 1936 2154 2464 2530],-0.09353041430296613,71.58059033332151,6.034600818891163
2131,19,25,60,[   0   82  713  831  921 1041 1190 1610 1936 2154 2464 2530],-0.09353041430296613,71.58059033332151,6.034600818891163
2132,19,26,0,[   0   82  713  722  813 1132 1303 1304 1338 1367 1939 2464 2513 2530],-0.08504947198737553,74.93365947712508,6.2997974866031505
2133,19,26,20,"[   0   82  163  673  713  745  821  895  923  950 1132 1190 1265 1338
 1367 1581 1609 1939 2154 2464 2530]",-0.08504947198737553,74.93365947712508,6.2997974866031505
2134,19,26,40,[   0   82  673  745  821  895 1132 1265 1367 1609 1939 2154 2464 2530],-0.08504947198737553,74.93365947712508,6.2997974866031505
2135,19,26,60,[   0   82  673  745  821  895 1132 1265 1367 1609 1939 2154 2464 2530],-0.08504947198737553,74.93365947712508,6.2997974866031505
2136,19,27,0,"[   0   82  713  722  813 1125 1303 1304 1338 1367 1609 1635 1939 2235
 2464 2513 2530]",-0.06521356017595477,75.57048670746336,6.030278635867566
2137,19,27,20,[   0   82  713  813  923 1125 1338 1367 1609 1635 1939 2235 2464 2530],-0.06521356017595477,75.57048670746336,6.030278635867566
2138,19,27,40,[   0   82  713  813  923 1125 1265 1367 1609 1939 2235 2464 2530],-0.06521356017595477,75.57048670746336,6.030278635867566
2139,19,27,60,[   0   82  713  813  923 1125 1265 1367 1609 1939 2235 2464 2530],-0.06521356017595477,75.57048670746336,6.030278635867566
2140,19,28,0,"[   0  230  359  713  722  813  895 1125 1303 1304 1469 1610 1635 1939
 2235 2464 2514 2530]",-0.018718260601244496,81.08364991940039,5.424471595590342
2141,19,28,20,"[   0   86  230  359  713  813  895 1059 1094 1125 1284 1469 1610 1635
 1939 2235 2464 2530]",-0.018718260601244496,81.08364991940039,5.424471595590342
2142,19,28,40,"[   0   86  230  359  713  813  895 1059 1125 1284 1469 1610 1706 1939
 2235 2464 2530]",-0.018718260601244496,81.08364991940039,5.424471595590342
2143,19,28,60,"[   0   86  230  359  713  813  895 1059 1125 1284 1469 1610 1706 1939
 2235 2464 2530]",-0.018718260601244496,81.08364991940039,5.424471595590342
2144,19,29,0,"[   0  233  477  558  713  722  780  909 1041 1095 1303 1304 1338 1374
 1610 1939 2190 2464 2514 2530]",-0.053204063220908565,79.62374824444323,5.646662838372985
2145,19,29,20,"[   0   86  233  477  558  713  780  909 1041 1095 1284 1338 1374 1610
 1706 1939 2190 2464 2530]",-0.053204063220908565,79.62374824444323,5.646662838372985
2146,19,29,40,"[   0   86  233  477  558  713  780  909 1041 1095 1284 1374 1610 1706
 1939 2190 2464 2530]",-0.053204063220908565,79.62374824444323,5.646662838372985
2147,19,29,60,"[   0   86  233  477  558  713  780  909 1095 1284 1374 1610 1706 1939
 2190 2464 2530]",-0.053204063220908565,79.62374824444323,5.646662838372985
2148,19,30,0,"[   0   82  713  722  809  921 1010 1125 1338 1367 1610 1635 1939 2235
 2464 2514 2530]",-0.07972958161735674,78.55522515720202,8.171938167473167
2149,19,30,20,"[   0   82  713  809  859  921 1010 1125 1338 1367 1610 1635 1939 2235
 2464 2530]",-0.07972958161735674,78.55522515720202,8.171938167473167
2150,19,30,40,"[   0   82  713  809  859  921 1010 1125 1338 1469 1610 1804 1939 2235
 2464 2530]",-0.07972958161735674,78.55522515720202,8.171938167473167
2151,19,30,60,"[   0   82  713  809  921 1010 1125 1338 1469 1610 1804 1939 2235 2464
 2530]",-0.07972958161735674,78.55522515720202,8.171938167473167
2152,19,31,0,"[   0   79  230  477  558  713  722  745  895 1066 1113 1125 1303 1304
 1338 1367 1609 1616 1939 2154 2464 2514 2530]",-0.09129778996196268,83.6925037585716,5.83224746936543
2153,19,31,20,"[   0   79  230  477  558  713  745  895 1066 1125 1265 1338 1367 1469
 1609 1706 1939 2154 2464 2530]",-0.09129778996196268,83.6925037585716,5.83224746936543
2154,19,31,40,"[   0   79  230  477  558  713  895 1066 1125 1265 1469 1609 1706 1939
 2154 2464 2530]",-0.09129778996196268,83.6925037585716,5.83224746936543
2155,19,31,60,"[   0   79  230  477  558  713  895 1125 1265 1469 1609 1706 1939 2154
 2464 2530]",-0.09129778996196268,83.6925037585716,5.83224746936543
2156,19,32,0,"[   0   79   91  230  713  722  780  997 1125 1303 1304 1338 1374 1610
 1939 2190 2464 2514 2530]",-0.09791765917491672,80.0939192586857,5.565285288328912
2157,19,32,20,"[   0   79  230  400  713  780  997 1031 1066 1125 1284 1338 1374 1469
 1610 1837 1939 2190 2464 2530]",-0.09791765917491672,80.0939192586857,5.565285288328912
2158,19,32,40,"[   0   79  230  400  713  780  997 1125 1284 1374 1469 1610 1837 1939
 2190 2464 2530]",-0.09791765917491672,80.0939192586857,5.565285288328912
2159,19,32,60,"[   0   79  230  400  713  780  997 1125 1284 1374 1469 1610 1837 1939
 2190 2464 2530]",-0.09791765917491672,80.0939192586857,5.565285288328912
2160,19,33,0,"[   0   79  230  713  722  821  874 1125 1303 1304 1338 1374 1609 1635
 1973 2229 2464 2514 2530]",-0.07077593795280201,91.50270281074826,5.724312933312235
2161,19,33,20,"[   0   79  230  477  558  713  745  821  874 1043 1125 1338 1374 1555
 1609 1635 1837 1973 2229 2357 2464 2530]",-0.07077593795280201,91.50270281074826,5.724312933312235
2162,19,33,40,"[   0   79  230  477  558  713  821  874 1043 1125 1338 1422 1555 1609
 1671 1837 1973 2229 2357 2464 2530]",-0.07077593795280201,91.50270281074826,5.724312933312235
2163,19,33,60,"[   0   79  230  477  558  713  821 1043 1125 1338 1422 1609 1671 1837
 1973 2229 2357 2464 2530]",-0.07077593795280201,91.50270281074826,5.724312933312235
2164,19,34,0,"[   0  230  713  722  835  874 1107 1300 1303 1304 1609 1644 1922 2218
 2513 2530]",0.02844036615652246,92.21864075317058,5.48139405383179
2165,19,34,20,"[   0   86  230  395  686  722  835  874  895 1107 1190 1300 1387 1609
 1644 1922 2218 2530]",0.02844036615652246,92.21864075317058,5.48139405383179
2166,19,34,40,[   0  230  395  686  835 1107 1300 1387 1609 1922 2218 2530],0.02844036615652246,92.21864075317058,5.48139405383179
2167,19,34,60,[   0  230  395  686  835 1107 1300 1387 1609 1922 2218 2530],0.02844036615652246,92.21864075317058,5.48139405383179
2168,19,35,0,"[   0   79  713  722  829  876 1161 1303 1304 1609 1644 1901 2229 2513
 2530]",-0.04681846168305839,94.85953532026554,8.02500044729225
2169,19,35,20,"[   0   79  713  780  829  876  909  972 1161 1338 1374 1609 1644 1901
 2229 2530]",-0.04681846168305839,94.85953532026554,8.02500044729225
2170,19,35,40,[   0   79  713  780  829  876 1161 1338 1422 1609 1901 2229 2530],-0.04681846168305839,94.85953532026554,8.02500044729225
2171,19,35,60,[   0   79  713  829  972 1161 1338 1422 1609 1901 2229 2530],-0.04681846168305839,94.85953532026554,8.02500044729225
2172,19,36,0,"[   0  230  713  722  745  909 1011 1161 1300 1303 1304 1338 1374 1609
 1935 2229 2513 2530]",-0.06234683559492527,92.96411857435024,6.684730797280285
2173,19,36,20,"[   0   86  230  506  713  745  909 1011 1161 1293 1338 1374 1609 1671
 1935 2229 2530]",-0.06234683559492527,92.96411857435024,6.684730797280285
2174,19,36,40,[   0   86  230  713  909 1011 1161 1293 1374 1609 1671 1935 2229 2530],-0.06234683559492527,92.96411857435024,6.684730797280285
2175,19,36,60,[   0   86  230  713  909 1011 1161 1293 1374 1609 1671 1935 2229 2530],-0.06234683559492527,92.96411857435024,6.684730797280285
2176,19,37,0,"[   0   82  230  713  722  809  909 1046 1185 1293 1303 1304 1609 1635
 1935 2229 2453 2513 2530]",-0.0449125685402156,99.24907704613622,4.9633509900790385
2177,19,37,20,"[   0   82  230  713  745  809  859  909 1046 1185 1293 1554 1609 1635
 1935 2229 2453 2530]",-0.0449125685402156,99.24907704613622,4.9633509900790385
2178,19,37,40,"[   0   82  230  713  809  859  909 1046 1185 1293 1554 1609 1671 1935
 2229 2453 2530]",-0.0449125685402156,99.24907704613622,4.9633509900790385
2179,19,37,60,"[   0   82  230  713  809  909 1046 1185 1293 1609 1671 1935 2229 2453
 2530]",-0.0449125685402156,99.24907704613622,4.9633509900790385
2180,19,38,0,"[   0  230  713  722  809  923 1046 1303 1304 1609 1635 2013 2367 2513
 2530]",-0.043769324039028425,98.58981147457237,5.543574150960697
2181,19,38,20,"[   0   82  230  477  713  780  809  859  923 1046 1293 1609 1635 1671
 1745 2013 2154 2226 2255 2367 2530]",-0.043769324039028425,98.58981147457237,5.543574150960697
2182,19,38,40,"[   0   82  230  477  713  809  859  923 1046 1293 1609 1671 1745 2013
 2154 2226 2367 2530]",-0.043769324039028425,98.58981147457237,5.543574150960697
2183,19,38,60,"[   0   82  230  477  713  809  923 1046 1293 1609 1671 1745 2013 2154
 2226 2367 2530]",-0.043769324039028425,98.58981147457237,5.543574150960697
2184,19,39,0,[   0  230  713  722  809 1043 1303 1304 1609 1644 1935 2367 2513 2530],-0.040581357584302584,100.88773038544421,5.88091195289271
2185,19,39,20,"[   0   83  230  713  809  859 1043 1293 1467 1609 1644 1935 2226 2255
 2367 2530]",-0.040581357584302584,100.88773038544421,5.88091195289271
2186,19,39,40,"[   0   83  230  713  809  859 1043 1293 1467 1609 1704 1935 2226 2367
 2530]",-0.040581357584302584,100.88773038544421,5.88091195289271
2187,19,39,60,[   0   83  230  713  809 1043 1293 1467 1609 1704 1935 2226 2367 2530],-0.040581357584302584,100.88773038544421,5.88091195289271
2188,19,40,0,[   0  230  713  722  809 1043 1303 1304 1609 1644 1935 2367 2513 2530],0.03548808808142954,103.13263486305492,6.753547997750465
2189,19,40,20,"[   0   83  230  713  809 1043 1303 1473 1508 1555 1609 1644 1935 2226
 2255 2367 2530]",0.03548808808142954,103.13263486305492,6.753547997750465
2190,19,40,40,[   0   83  230  713  809 1043 1303 1473 1609 1935 2226 2367 2530],0.03548808808142954,103.13263486305492,6.753547997750465
2191,19,40,60,[   0   83  230  713  809 1043 1303 1473 1609 1935 2226 2367 2530],0.03548808808142954,103.13263486305492,6.753547997750465
2192,19,41,0,"[   0  230  713  722  780  909 1046 1303 1304 1609 1640 1935 2367 2513
 2530]",0.046629325785085086,100.67761806218655,5.274393942305093
2193,19,41,20,"[   0   83  230  477  673  733  780  909 1046 1161 1293 1542 1609 1640
 1935 2255 2367 2530]",0.046629325785085086,100.67761806218655,5.274393942305093
2194,19,41,40,"[   0   83  230  477  673  733  780  909 1046 1161 1293 1542 1609 1671
 1935 2255 2367 2530]",0.046629325785085086,100.67761806218655,5.274393942305093
2195,19,41,60,"[   0   83  230  477  673  780  909 1046 1161 1293 1542 1609 1671 1935
 2255 2367 2530]",0.046629325785085086,100.67761806218655,5.274393942305093
2196,19,42,0,"[   0  216  713  722  809  859 1161 1300 1303 1304 1609 1634 1935 2226
 2513 2530]",0.010188034486391486,102.92677624365106,5.174635570157089
2197,19,42,20,"[   0  216  396  713  809  859 1161 1293 1385 1609 1634 1935 2226 2487
 2530]",0.010188034486391486,102.92677624365106,5.174635570157089
2198,19,42,40,"[   0  216  396  713  809  859 1161 1293 1385 1609 1671 1935 2226 2487
 2530]",0.010188034486391486,102.92677624365106,5.174635570157089
2199,19,42,60,[   0  216  396  713  809  909 1161 1293 1385 1609 1671 1935 2226 2530],0.010188034486391486,102.92677624365106,5.174635570157089
2200,19,43,0,"[   0  230  713  722  809  876 1161 1300 1303 1304 1454 1609 1635 1935
 2226 2468 2513 2530]",0.00817374913062562,109.5059623385345,5.856740887462442
2201,19,43,20,"[   0  230  395  713  809  876 1161 1293 1454 1609 1635 1935 2226 2487
 2530]",0.00817374913062562,109.5059623385345,5.856740887462442
2202,19,43,40,"[   0  230  395  713  809  876 1161 1293 1454 1609 1671 1935 2226 2487
 2530]",0.00817374913062562,109.5059623385345,5.856740887462442
2203,19,43,60,"[   0  230  395  713  809  876 1161 1293 1454 1609 1671 1935 2226 2369
 2530]",0.00817374913062562,109.5059623385345,5.856740887462442
2204,19,44,0,"[   0  223  713  722  809  876 1161 1300 1303 1304 1609 1635 2013 2226
 2513 2530]",0.012382836341573054,108.40607612976378,5.726896020582269
2205,19,44,20,"[   0  223  400  683  733  809  876 1161 1293 1554 1609 1635 2013 2226
 2487 2530]",0.012382836341573054,108.40607612976378,5.726896020582269
2206,19,44,40,"[   0  223  400  683  733  809  876 1161 1293 1554 1609 1671 2013 2226
 2487 2530]",0.012382836341573054,108.40607612976378,5.726896020582269
2207,19,44,60,[   0  223  400  683  809  876 1161 1293 1609 1671 2013 2226 2530],0.012382836341573054,108.40607612976378,5.726896020582269
2208,19,45,0,"[   0  163  713  722  780  909  972 1303 1304 1453 1609 1762 2013 2226
 2487 2513 2530]",0.04478175188445917,107.32260689293395,5.749529937976432
2209,19,45,20,"[   0  163  614  683  733  780  859  909  972 1293 1453 1609 1671 1762
 2013 2154 2226 2287 2367 2487 2530]",0.04478175188445917,107.32260689293395,5.749529937976432
2210,19,45,40,"[   0  163  614  683  733  780  859  909  972 1293 1453 1609 1671 1762
 2013 2154 2226 2287 2367 2487 2530]",0.04478175188445917,107.32260689293395,5.749529937976432
2211,19,45,60,"[   0  163  614  683  780  909  972 1293 1453 1609 1671 1762 2013 2154
 2226 2287 2367 2530]",0.04478175188445917,107.32260689293395,5.749529937976432
2212,19,46,0,[   0  230  713  722  809 1044 1303 1304 1609 1640 1925 2226 2513 2530],-0.003536967496252197,110.91092039745152,5.009544222600543
2213,19,46,20,"[   0  230  395  686  733  809 1044 1161 1293 1432 1609 1640 1925 2226
 2487 2530]",-0.003536967496252197,110.91092039745152,5.009544222600543
2214,19,46,40,"[   0  230  395  686  733  809 1044 1161 1293 1432 1609 1671 1925 2226
 2369 2487 2530]",-0.003536967496252197,110.91092039745152,5.009544222600543
2215,19,46,60,"[   0  230  395  686  809 1044 1161 1293 1432 1609 1671 1925 2226 2369
 2530]",-0.003536967496252197,110.91092039745152,5.009544222600543
2216,19,47,0,"[   0  163  713  722  809  924 1041 1161 1300 1303 1304 1454 1609 1925
 2226 2513 2530]",0.03441203472923736,108.06130922625599,4.539423811347725
2217,19,47,20,[   0  163  713  809  924 1041 1161 1293 1454 1609 1671 1925 2226 2530],0.03441203472923736,108.06130922625599,4.539423811347725
2218,19,47,40,[   0  163  713  809  924 1041 1161 1293 1454 1609 1671 1925 2226 2530],0.03441203472923736,108.06130922625599,4.539423811347725
2219,19,47,60,[   0  163  713  809  924 1041 1161 1293 1454 1609 1671 1925 2226 2530],0.03441203472923736,108.06130922625599,4.539423811347725
2220,19,48,0,"[   0  713  722  809  851  855  876 1078 1300 1303 1304 1454 1609 1644
 2119 2120 2226 2513 2530]",0.03719180534122327,116.55293260499933,4.658644031331828
2221,19,48,20,"[   0  713  809  851  876  909 1078 1161 1282 1454 1609 1644 2081 2154
 2226 2530]",0.03719180534122327,116.55293260499933,4.658644031331828
2222,19,48,40,[   0  713  809  876 1078 1161 1282 1454 1526 2081 2154 2226 2530],0.03719180534122327,116.55293260499933,4.658644031331828
2223,19,48,60,[   0  713  809  876 1078 1161 1282 1454 1526 2081 2154 2226 2530],0.03719180534122327,116.55293260499933,4.658644031331828
2224,19,49,0,[   0  230  713  722  841  851  855 1078 1303 1304 1609 1644 2514 2530],0.0031218256755123326,117.62025466377182,5.242894378971759
2225,19,49,20,"[   0   84  230  713  809  841  876  909 1078 1161 1282 1304 1555 1609
 1644 2154 2226 2359 2530]",0.0031218256755123326,117.62025466377182,5.242894378971759
2226,19,49,40,[   0   84  230  713  841 1078 1161 1282 1644 2154 2226 2359 2530],0.0031218256755123326,117.62025466377182,5.242894378971759
2227,19,49,60,[   0   84  230  713  841 1078 1161 1282 1644 2154 2226 2359 2530],0.0031218256755123326,117.62025466377182,5.242894378971759
2228,19,50,0,"[   0  327  713  722  822  876 1207 1303 1304 1453 1609 1644 1935 2226
 2453 2513 2530]",0.039242268074279024,112.30789534364716,4.577398003899231
2229,19,50,20,"[   0   29  327  713  822  876  909  972 1207 1316 1453 1609 1644 1935
 2226 2262 2453 2530]",0.039242268074279024,112.30789534364716,4.577398003899231
2230,19,50,40,"[   0  327  713  822  876  972 1207 1316 1453 1609 1762 1935 2226 2453
 2530]",0.039242268074279024,112.30789534364716,4.577398003899231
2231,19,50,60,[   0  327  713  822  972 1207 1316 1453 1609 1935 2226 2453 2530],0.039242268074279024,112.30789534364716,4.577398003899231
2232,20,20,0,"[   0  230  359  713  722  835  851  855  921 1028 1128 1303 1304 1338
 1374 1608 1852 2235 2513 2530]",-0.08771338891339768,57.44035732330119,8.232940607484853
2233,20,20,20,"[   0   82  230  359  558  591  713  835  859  921 1028 1128 1338 1374
 1608 1852 2028 2160 2184 2235 2530]",-0.08771338891339768,57.44035732330119,8.232940607484853
2234,20,20,40,"[   0   82  230  359  558  713  835  921 1028 1128 1338 1515 1608 1852
 2028 2235 2530]",-0.08771338891339768,57.44035732330119,8.232940607484853
2235,20,20,60,"[   0   82  230  359  558  713  835  921 1028 1128 1338 1515 1608 1852
 2028 2235 2530]",-0.08771338891339768,57.44035732330119,8.232940607484853
2236,20,21,0,"[   0   79  211  540  558  591  673  699  713  722  831  874  923 1028
 1303 1304 1338 1374 1609 1650 1921 2464 2513 2530]",-0.07030919861561645,61.45047258842732,6.404819979803212
2237,20,21,20,"[   0   79  211  365  558  591  673  733  831  874  923 1028 1338 1374
 1469 1609 1650 1672 1921 2464 2530]",-0.07030919861561645,61.45047258842732,6.404819979803212
2238,20,21,40,"[   0   79  211  365  591  673  733  831  874  923 1028 1338 1469 1609
 1650 1921 2464 2530]",-0.07030919861561645,61.45047258842732,6.404819979803212
2239,20,21,60,"[   0   79  211  365  591  673  831  923 1028 1338 1469 1609 1921 2464
 2530]",-0.07030919861561645,61.45047258842732,6.404819979803212
2240,20,22,0,"[   0  211  540  558  591  673  699  706  713  722  835  851  855  921
 1001 1125 1303 1304 1338 1374 1810 2119 2120 2464 2513 2530]",-0.10314503128376509,61.27321380046181,6.019836222353466
2241,20,22,20,"[   0  211  400  430  558  591  673  699  722  745  835  921 1001 1125
 1338 1374 1810 2464 2530]",-0.10314503128376509,61.27321380046181,6.019836222353466
2242,20,22,40,[   0  211  400  591  673  745  835  921 1001 1125 1338 1810 2464 2530],-0.10314503128376509,61.27321380046181,6.019836222353466
2243,20,22,60,[   0  211  400  591  673  745  835  921 1001 1125 1338 1810 2464 2530],-0.10314503128376509,61.27321380046181,6.019836222353466
2244,20,23,0,"[   0   79  713  722  780  923 1125 1303 1304 1422 1424 1901 2357 2513
 2530]",-0.10383378235210662,63.76213169436259,6.065365381753979
2245,20,23,20,"[   0   79  531  565  713  745  780  923  950 1125 1338 1374 1901 2357
 2487 2530]",-0.10383378235210662,63.76213169436259,6.065365381753979
2246,20,23,40,[   0   79  713  780  923 1125 1338 1901 2357 2487 2530],-0.10383378235210662,63.76213169436259,6.065365381753979
2247,20,23,60,[   0   79  713  780  923 1125 1338 1901 2357 2530],-0.10383378235210662,63.76213169436259,6.065365381753979
2248,20,24,0,"[   0   82  516  558  591  673  713  722  809  839  859  921 1041 1132
 1303 1304 1338 1374 1936 2262 2501 2508 2513 2530]",-0.08658979985194976,66.53155110565956,6.810766676625245
2249,20,24,20,"[   0   82  516  558  591  673  713  745  780  809  859  921 1041 1132
 1190 1217 1338 1374 1936 2262 2530]",-0.08658979985194976,66.53155110565956,6.810766676625245
2250,20,24,40,"[   0   82  516  558  673  745  809  859  921 1041 1132 1338 1936 2262
 2530]",-0.08658979985194976,66.53155110565956,6.810766676625245
2251,20,24,60,[   0   82  673  745  809  921 1041 1132 1338 1936 2262 2530],-0.08658979985194976,66.53155110565956,6.810766676625245
2252,20,25,0,"[   0   82  531  558  713  722  813  851  855  921 1041 1190 1303 1304
 1936 2154 2464 2513 2530]",-0.0917568292332331,69.36050316421935,5.778337097655153
2253,20,25,20,"[   0   82  531  558  598  654  713  831  855  921 1041 1190 1303 1610
 1706 1936 2154 2464 2530]",-0.0917568292332331,69.36050316421935,5.778337097655153
2254,20,25,40,[   0   82  713  831  921 1041 1190 1610 1936 2154 2464 2530],-0.0917568292332331,69.36050316421935,5.778337097655153
2255,20,25,60,[   0   82  713  831  921 1041 1190 1610 1936 2154 2464 2530],-0.0917568292332331,69.36050316421935,5.778337097655153
2256,20,26,0,"[   0   82  713  722  813 1132 1303 1304 1338 1367 1609 1635 1939 2464
 2513 2530]",-0.0818903323882609,72.93149443623227,6.017727811970161
2257,20,26,20,"[   0   82  673  713  745  821  895  923  950 1132 1265 1338 1367 1609
 1635 1939 2154 2464 2530]",-0.0818903323882609,72.93149443623227,6.017727811970161
2258,20,26,40,[   0   82  673  745  821  895 1132 1265 1367 1609 1939 2154 2464 2530],-0.0818903323882609,72.93149443623227,6.017727811970161
2259,20,26,60,[   0   82  673  745  821  895 1132 1265 1367 1609 1939 2154 2464 2530],-0.0818903323882609,72.93149443623227,6.017727811970161
2260,20,27,0,"[   0   82  713  722  813 1125 1303 1304 1338 1367 1609 1635 1939 2235
 2464 2513 2530]",-0.062160531138954346,73.46121322347138,6.095389162992186
2261,20,27,20,[   0   82  713  813  923 1125 1338 1367 1609 1635 1939 2235 2464 2530],-0.062160531138954346,73.46121322347138,6.095389162992186
2262,20,27,40,[   0   82  713  813  923 1125 1265 1367 1609 1939 2235 2464 2530],-0.062160531138954346,73.46121322347138,6.095389162992186
2263,20,27,60,[   0   82  713  813  923 1125 1265 1367 1609 1939 2235 2464 2530],-0.062160531138954346,73.46121322347138,6.095389162992186
2264,20,28,0,"[   0  230  359  713  722  813  895 1125 1303 1304 1469 1610 1635 1939
 2235 2464 2514 2530]",-0.019292770625818183,78.91789156610622,5.384679479391233
2265,20,28,20,"[   0   86  230  359  400  430  713  813  895 1059 1094 1125 1284 1469
 1610 1635 1939 2235 2267 2357 2464 2530]",-0.019292770625818183,78.91789156610622,5.384679479391233
2266,20,28,40,"[   0   86  230  359  713  813  895 1059 1125 1284 1469 1610 1706 1939
 2235 2357 2464 2530]",-0.019292770625818183,78.91789156610622,5.384679479391233
2267,20,28,60,"[   0   86  230  359  713  813  895 1059 1125 1284 1469 1610 1706 1939
 2235 2357 2464 2530]",-0.019292770625818183,78.91789156610622,5.384679479391233
2268,20,29,0,"[   0  233  477  558  713  722  780  909 1041 1095 1303 1304 1338 1374
 1610 1939 2190 2464 2514 2530]",-0.10198041764278791,76.095079146541,5.623531594943424
2269,20,29,20,"[   0   86  233  477  558  713  780  909 1041 1095 1284 1338 1374 1610
 1706 1939 2190 2464 2530]",-0.10198041764278791,76.095079146541,5.623531594943424
2270,20,29,40,"[   0   86  233  477  558  713  780  909 1041 1095 1284 1374 1610 1706
 1939 2190 2464 2530]",-0.10198041764278791,76.095079146541,5.623531594943424
2271,20,29,60,"[   0   86  233  477  558  713  780  909 1095 1284 1374 1610 1706 1939
 2190 2464 2530]",-0.10198041764278791,76.095079146541,5.623531594943424
2272,20,30,0,"[   0   82  713  722  809  921 1010 1125 1303 1304 1338 1367 1610 1635
 1939 2235 2464 2514 2530]",-0.07955477718544503,76.86556540555695,7.794498715366098
2273,20,30,20,"[   0   82  713  809  859  921 1010 1125 1338 1367 1610 1635 1939 2235
 2464 2530]",-0.07955477718544503,76.86556540555695,7.794498715366098
2274,20,30,40,"[   0   82  713  809  859  921 1010 1125 1338 1469 1610 1804 1939 2235
 2464 2530]",-0.07955477718544503,76.86556540555695,7.794498715366098
2275,20,30,60,"[   0   82  713  809  921 1010 1125 1338 1469 1610 1804 1939 2235 2464
 2530]",-0.07955477718544503,76.86556540555695,7.794498715366098
2276,20,31,0,"[   0   79  230  477  558  713  722  745  895 1066 1113 1125 1303 1304
 1338 1367 1609 1616 1634 1939 2154 2464 2514 2530]",-0.08890126776156318,81.40009959456243,5.890616284925519
2277,20,31,20,"[   0   79  230  477  558  713  745  895 1066 1125 1338 1367 1609 1634
 1939 2154 2464 2530]",-0.08890126776156318,81.40009959456243,5.890616284925519
2278,20,31,40,"[   0   79  230  477  558  713  895 1066 1125 1265 1469 1609 1706 1939
 2154 2464 2530]",-0.08890126776156318,81.40009959456243,5.890616284925519
2279,20,31,60,"[   0   79  230  477  558  713  895 1125 1265 1469 1609 1706 1939 2154
 2464 2530]",-0.08890126776156318,81.40009959456243,5.890616284925519
2280,20,32,0,"[   0   79   91  230  713  722  780  997 1125 1303 1304 1338 1374 1610
 1939 2190 2464 2514 2530]",-0.09639251936847813,77.96078972393278,5.429222415750151
2281,20,32,20,"[   0   79  230  400  713  780  997 1031 1066 1125 1284 1338 1374 1469
 1610 1837 1939 2190 2464 2530]",-0.09639251936847813,77.96078972393278,5.429222415750151
2282,20,32,40,"[   0   79  230  400  713  780  997 1125 1284 1374 1469 1610 1837 1939
 2190 2464 2530]",-0.09639251936847813,77.96078972393278,5.429222415750151
2283,20,32,60,"[   0   79  230  400  713  780  997 1125 1284 1374 1469 1610 1837 1939
 2190 2464 2530]",-0.09639251936847813,77.96078972393278,5.429222415750151
2284,20,33,0,"[   0   79  230  713  722  835  874 1125 1303 1304 1338 1374 1609 1635
 1973 2229 2464 2514 2530]",-0.0707278199338918,87.27711815195782,5.959796770337707
2285,20,33,20,"[   0   79  230  477  558  713  745  835  874 1043 1125 1338 1374 1555
 1609 1635 1837 1973 2229 2357 2464 2530]",-0.0707278199338918,87.27711815195782,5.959796770337707
2286,20,33,40,"[   0   79  230  477  558  713  835 1043 1125 1338 1422 1555 1609 1671
 1837 1973 2229 2357 2464 2530]",-0.0707278199338918,87.27711815195782,5.959796770337707
2287,20,33,60,"[   0   79  230  477  558  713  835 1043 1125 1338 1422 1609 1671 1837
 1973 2229 2357 2464 2530]",-0.0707278199338918,87.27711815195782,5.959796770337707
2288,20,34,0,"[   0  230  713  722  835  874 1107 1300 1303 1304 1609 1635 1922 2218
 2513 2530]",0.024144486824303205,89.36671814873935,5.4342252448493085
2289,20,34,20,"[   0   86  230  395  686  722  835  874  895 1107 1190 1300 1387 1609
 1635 1922 2218 2530]",0.024144486824303205,89.36671814873935,5.4342252448493085
2290,20,34,40,[   0  230  395  686  835 1107 1300 1387 1609 1922 2218 2530],0.024144486824303205,89.36671814873935,5.4342252448493085
2291,20,34,60,[   0  230  395  686  835 1107 1300 1387 1609 1922 2218 2530],0.024144486824303205,89.36671814873935,5.4342252448493085
2292,20,35,0,"[   0   79  713  722  829  876 1121 1303 1304 1609 1644 1901 2229 2513
 2530]",-0.04694226819317034,91.80784563200132,7.819728919243694
2293,20,35,20,[   0   79  713  829  876 1121 1338 1374 1609 1644 1901 2229 2530],-0.04694226819317034,91.80784563200132,7.819728919243694
2294,20,35,40,[   0   79  713  829  876 1121 1338 1422 1609 1901 2229 2530],-0.04694226819317034,91.80784563200132,7.819728919243694
2295,20,35,60,[   0   79  713  829 1121 1338 1422 1609 1901 2229 2530],-0.04694226819317034,91.80784563200132,7.819728919243694
2296,20,36,0,"[   0  230  506  565  713  722  809  909 1011 1161 1300 1303 1304 1338
 1374 1609 1935 2229 2513 2530]",-0.07087891412012993,90.47108197699171,6.9598798508149855
2297,20,36,20,"[   0   86  230  506  565  713  745  809  909 1011 1161 1293 1338 1374
 1554 1609 1671 1935 2229 2530]",-0.07087891412012993,90.47108197699171,6.9598798508149855
2298,20,36,40,"[   0   86  230  506  565  713  809  909 1011 1161 1293 1374 1609 1671
 1935 2229 2530]",-0.07087891412012993,90.47108197699171,6.9598798508149855
2299,20,36,60,"[   0   86  230  506  713  809  909 1011 1161 1293 1374 1609 1671 1935
 2229 2530]",-0.07087891412012993,90.47108197699171,6.9598798508149855
2300,20,37,0,"[   0   82  230  713  722  809  909 1046 1185 1293 1303 1304 1609 1635
 1935 2229 2453 2513 2530]",-0.047037283084330785,94.90280673142726,5.148096419728761
2301,20,37,20,"[   0   82  230  713  809  859  909 1046 1185 1293 1554 1609 1635 1935
 2229 2453 2530]",-0.047037283084330785,94.90280673142726,5.148096419728761
2302,20,37,40,"[   0   82  230  713  809  859  909 1046 1185 1293 1554 1609 1671 1935
 2229 2453 2530]",-0.047037283084330785,94.90280673142726,5.148096419728761
2303,20,37,60,"[   0   82  230  713  809  909 1046 1185 1293 1609 1671 1935 2229 2453
 2530]",-0.047037283084330785,94.90280673142726,5.148096419728761
2304,20,38,0,"[   0  230  713  722  809  923 1046 1303 1304 1609 1635 2013 2367 2513
 2530]",-0.04712387664142432,95.60049665276985,5.926913865032305
2305,20,38,20,"[   0   82  230  477  713  780  809  859  923 1046 1293 1421 1609 1635
 1671 1745 2013 2154 2226 2255 2367 2530]",-0.04712387664142432,95.60049665276985,5.926913865032305
2306,20,38,40,"[   0   82  230  477  713  809  859  923 1046 1293 1421 1609 1671 1745
 2013 2154 2226 2367 2530]",-0.04712387664142432,95.60049665276985,5.926913865032305
2307,20,38,60,"[   0   82  230  477  713  809  923 1046 1293 1421 1609 1671 1745 2013
 2154 2226 2367 2530]",-0.04712387664142432,95.60049665276985,5.926913865032305
2308,20,39,0,[   0  230  713  722  809 1043 1303 1304 1609 1644 1935 2367 2513 2530],-0.0399775923737239,97.35557379868382,5.827003301258495
2309,20,39,20,"[   0   83  230  400  713  809  859 1043 1293 1467 1609 1644 1935 2226
 2255 2367 2530]",-0.0399775923737239,97.35557379868382,5.827003301258495
2310,20,39,40,"[   0   83  230  400  713  809  859 1043 1293 1467 1609 1704 1935 2226
 2367 2530]",-0.0399775923737239,97.35557379868382,5.827003301258495
2311,20,39,60,"[   0   83  230  400  713  809 1043 1293 1467 1609 1704 1935 2226 2367
 2530]",-0.0399775923737239,97.35557379868382,5.827003301258495
2312,20,40,0,[   0  230  713  722  809 1043 1303 1304 1609 1644 1935 2367 2513 2530],0.0355568489699508,99.71044958868642,6.523865969491614
2313,20,40,20,"[   0   83  230  713  809 1043 1293 1473 1508 1555 1609 1644 1935 2226
 2255 2367 2530]",0.0355568489699508,99.71044958868642,6.523865969491614
2314,20,40,40,[   0   83  230  713  809 1043 1293 1473 1609 1935 2226 2367 2530],0.0355568489699508,99.71044958868642,6.523865969491614
2315,20,40,60,[   0   83  230  713  809 1043 1293 1473 1609 1935 2226 2367 2530],0.0355568489699508,99.71044958868642,6.523865969491614
2316,20,41,0,"[   0  230  713  722  780  909 1046 1161 1300 1303 1304 1454 1609 1640
 1935 2367 2513 2530]",0.047299546796468764,97.73887918644849,5.197131485711649
2317,20,41,20,"[   0   83  230  477  673  733  780  909 1046 1161 1293 1454 1609 1640
 1935 2255 2367 2530]",0.047299546796468764,97.73887918644849,5.197131485711649
2318,20,41,40,"[   0   83  230  477  673  733  780  909 1046 1161 1293 1454 1609 1671
 1935 2255 2367 2530]",0.047299546796468764,97.73887918644849,5.197131485711649
2319,20,41,60,"[   0   83  230  477  673  780  909 1046 1161 1293 1454 1609 1671 1935
 2255 2367 2530]",0.047299546796468764,97.73887918644849,5.197131485711649
2320,20,42,0,"[   0  216  713  722  809  859 1161 1300 1303 1304 1609 1634 1935 2226
 2513 2530]",0.011728256984297717,99.43425797843639,5.227759546923314
2321,20,42,20,"[   0  216  396  683  733  809  859 1161 1293 1385 1609 1634 1935 2226
 2487 2530]",0.011728256984297717,99.43425797843639,5.227759546923314
2322,20,42,40,"[   0  216  396  683  733  809  859 1161 1293 1385 1609 1671 1935 2226
 2487 2530]",0.011728256984297717,99.43425797843639,5.227759546923314
2323,20,42,60,[   0  216  396  683  809  909 1161 1293 1385 1609 1671 1935 2226 2530],0.011728256984297717,99.43425797843639,5.227759546923314
2324,20,43,0,"[   0  230  713  722  809  876 1161 1300 1303 1304 1454 1609 1635 1935
 2226 2468 2513 2530]",0.009589402114376453,106.07615430287188,5.844610443391167
2325,20,43,20,"[   0  230  395  713  809  876 1161 1293 1454 1609 1635 1935 2226 2487
 2530]",0.009589402114376453,106.07615430287188,5.844610443391167
2326,20,43,40,"[   0  230  395  713  809  876 1161 1293 1454 1609 1671 1935 2226 2487
 2530]",0.009589402114376453,106.07615430287188,5.844610443391167
2327,20,43,60,"[   0  230  395  713  809  876 1161 1293 1454 1609 1671 1935 2226 2369
 2530]",0.009589402114376453,106.07615430287188,5.844610443391167
2328,20,44,0,"[   0  223  713  722  809  876 1078 1300 1303 1304 1609 1635 2013 2226
 2513 2530]",0.013945610488820134,104.87707345832906,5.698740183199421
2329,20,44,20,"[   0  223  400  683  733  809  876  909 1078 1161 1293 1554 1609 1635
 2013 2226 2487 2530]",0.013945610488820134,104.87707345832906,5.698740183199421
2330,20,44,40,"[   0  223  400  614  683  733  809  876 1078 1161 1293 1554 1609 1671
 2013 2154 2226 2487 2530]",0.013945610488820134,104.87707345832906,5.698740183199421
2331,20,44,60,"[   0  223  400  614  683  809  876 1078 1161 1293 1609 1671 2013 2154
 2226 2530]",0.013945610488820134,104.87707345832906,5.698740183199421
2332,20,45,0,"[   0  163  713  722  780  909 1161 1293 1303 1304 1453 1609 1762 2013
 2226 2487 2513 2530]",0.04111543696422043,103.95580778207423,5.514171096756174
2333,20,45,20,"[   0  163  614  683  733  780  859  909  972 1161 1293 1453 1609 1671
 1762 2013 2154 2226 2287 2367 2487 2530]",0.04111543696422043,103.95580778207423,5.514171096756174
2334,20,45,40,"[   0  163  614  683  733  780  859  909  972 1161 1293 1453 1609 1671
 1762 2013 2154 2226 2287 2367 2487 2530]",0.04111543696422043,103.95580778207423,5.514171096756174
2335,20,45,60,"[   0  163  614  683  780  909  972 1161 1293 1453 1609 1671 1762 2013
 2154 2226 2287 2367 2530]",0.04111543696422043,103.95580778207423,5.514171096756174
2336,20,46,0,"[   0  230  395  713  722  809  909 1044 1161 1293 1303 1304 1432 1609
 1640 1925 2226 2487 2513 2530]",-0.0023080891366336655,107.21180551368568,5.094208005533774
2337,20,46,20,"[   0  230  395  686  733  809  909 1044 1161 1293 1432 1609 1640 1925
 2226 2369 2487 2530]",-0.0023080891366336655,107.21180551368568,5.094208005533774
2338,20,46,40,"[   0  230  395  686  733  809  909 1044 1161 1293 1432 1609 1671 1925
 2226 2369 2487 2530]",-0.0023080891366336655,107.21180551368568,5.094208005533774
2339,20,46,60,"[   0  230  395  686  809  909 1044 1161 1293 1432 1609 1671 1925 2226
 2369 2530]",-0.0023080891366336655,107.21180551368568,5.094208005533774
2340,20,47,0,"[   0  163  713  722  809  924  972  974 1041 1161 1300 1303 1304 1454
 1609 1925 2226 2513 2530]",0.030521275368945975,104.73332368390481,4.684862705525963
2341,20,47,20,"[   0  163  713  780  809  924  972 1041 1078 1161 1293 1316 1454 1609
 1671 1925 2013 2154 2226 2530]",0.030521275368945975,104.73332368390481,4.684862705525963
2342,20,47,40,[   0  163  713  809  924 1041 1161 1293 1454 1609 1671 1925 2226 2530],0.030521275368945975,104.73332368390481,4.684862705525963
2343,20,47,60,[   0  163  713  809  924 1041 1161 1293 1454 1609 1671 1925 2226 2530],0.030521275368945975,104.73332368390481,4.684862705525963
2344,20,48,0,"[   0  163  713  722  809  851  855  876 1078 1300 1303 1304 1454 1609
 1644 2119 2120 2226 2513 2530]",0.03818193027960244,112.43701833218775,4.6996649495519955
2345,20,48,20,"[   0  163  713  809  851  876  909 1078 1161 1282 1454 1609 1644 2081
 2154 2226 2530]",0.03818193027960244,112.43701833218775,4.6996649495519955
2346,20,48,40,[   0  163  713  809  876 1078 1161 1282 1454 1526 2081 2154 2226 2530],0.03818193027960244,112.43701833218775,4.6996649495519955
2347,20,48,60,[   0  163  713  809  876 1078 1161 1282 1454 1526 2081 2154 2226 2530],0.03818193027960244,112.43701833218775,4.6996649495519955
2348,20,49,0,"[   0  230  713  722  841  851  855 1078 1303 1304 1609 1644 2119 2120
 2359 2514 2530]",0.0024628170895807325,113.64640585763863,4.9285701266207935
2349,20,49,20,"[   0   84  163  230  713  809  841  876  909 1078 1161 1282 1304 1555
 1609 1644 2119 2154 2226 2359 2530]",0.0024628170895807325,113.64640585763863,4.9285701266207935
2350,20,49,40,[   0   84  230  713  841 1078 1161 1282 1555 1609 2119 2226 2359 2530],0.0024628170895807325,113.64640585763863,4.9285701266207935
2351,20,49,60,[   0   84  230  713  841 1078 1161 1282 1555 2119 2226 2359 2530],0.0024628170895807325,113.64640585763863,4.9285701266207935
2352,20,50,0,"[   0  327  713  722  813  851  855  876 1207 1303 1304 1453 1609 1644
 1935 2226 2453 2513 2530]",0.03964358530873788,108.67606024978923,4.206867246435327
2353,20,50,20,"[   0   29  327  713  813  851  876  909  972 1207 1316 1453 1609 1644
 1935 2226 2262 2453 2530]",0.03964358530873788,108.67606024978923,4.206867246435327
2354,20,50,40,"[   0  327  713  813  876  972 1207 1316 1453 1609 1762 1935 2226 2453
 2530]",0.03964358530873788,108.67606024978923,4.206867246435327
2355,20,50,60,"[   0  327  713  813  876  972 1207 1316 1453 1609 1762 1935 2226 2453
 2530]",0.03964358530873788,108.67606024978923,4.206867246435327
