,St_len_min,K_nb_max,N_cl_max,N_stages,Cl_cen,St_edges,Ward_dist,Cen_dist,Silh,Cal-Har,Dav-Bold,Avg-Silh,Avg-Cal-Har,Avg-Dav-Bold,AMI,ARI,FMI
0,60,50,20,9,Mode,"[0, 105, 252, 490, 566, 670, 800, 862, 977, 1046]",89.27036993254642,1.15941645722793,-0.0551186456454813,76.27736327030327,6.586527077999462,0.12532283315526566,50.513005555320476,2.5289298348347535,0.8461203797068076,0.7475373294396408,0.7831645189047718
