,Silh,Cal-Har,Dav-Bold,Ward,Centr
0,0.20721253444967705,131.76866574050425,1.3820611704718089,59.62815616214222,0.8523858085876165
1,0.06458069653736753,32.49512283504356,2.528608514723338,17.564662719948892,0.5082360313168087
2,0.07727882597683675,56.082107255594295,2.6799756894452473,29.803372623019765,0.4873564940087525
3,0.1085000283785478,86.5548509876516,2.1395561651612214,46.91924920876539,0.5976565835936206
4,0.04454093878293678,28.069860082759103,3.3552492224807073,15.01082985344121,0.36940775516593893
5,0.015463491720530026,8.327925373048856,6.318216331765039,3.8688245248418225,0.18529361602118583
6,0.023938743518918365,18.72059962747466,4.528594544434266,8.81625195320232,0.26106099749390027
