,N_clusters,K_neighb,Len_min,St_edges,Silh,Cal-Har,Dav-Bold
0,2,20,0,[   0  531  548 2017],0.15185436353337856,321.0733081794126,2.1706488082832993
1,2,20,20,[   0  531 2017],0.15185436353337856,321.0733081794126,2.1706488082832993
2,2,20,40,[   0  531 2017],0.15185436353337856,321.0733081794126,2.1706488082832993
3,2,20,60,[   0  531 2017],0.15185436353337856,321.0733081794126,2.1706488082832993
4,2,21,0,[   0  531  548 2017],0.15185436353337856,321.0733081794126,2.1706488082832993
5,2,21,20,[   0  531 2017],0.15185436353337856,321.0733081794126,2.1706488082832993
6,2,21,40,[   0  531 2017],0.15185436353337856,321.0733081794126,2.1706488082832993
7,2,21,60,[   0  531 2017],0.15185436353337856,321.0733081794126,2.1706488082832993
8,2,22,0,[   0  531  548 2017],0.15185436353337856,321.0733081794126,2.1706488082832993
9,2,22,20,[   0  531 2017],0.15185436353337856,321.0733081794126,2.1706488082832993
10,2,22,40,[   0  531 2017],0.15185436353337856,321.0733081794126,2.1706488082832993
11,2,22,60,[   0  531 2017],0.15185436353337856,321.0733081794126,2.1706488082832993
12,2,23,0,[   0  531  548 2017],0.15185436353337856,321.0733081794126,2.1706488082832993
13,2,23,20,[   0  531 2017],0.15185436353337856,321.0733081794126,2.1706488082832993
14,2,23,40,[   0  531 2017],0.15185436353337856,321.0733081794126,2.1706488082832993
15,2,23,60,[   0  531 2017],0.15185436353337856,321.0733081794126,2.1706488082832993
16,2,24,0,[   0  531  548 2017],0.15185436353337856,321.0733081794126,2.1706488082832993
17,2,24,20,[   0  531 2017],0.15185436353337856,321.0733081794126,2.1706488082832993
18,2,24,40,[   0  531 2017],0.15185436353337856,321.0733081794126,2.1706488082832993
19,2,24,60,[   0  531 2017],0.15185436353337856,321.0733081794126,2.1706488082832993
20,2,25,0,[   0  491  548 2017],0.15751483942303857,328.68124018607716,2.1080278630017
21,2,25,20,[   0  491  548 2017],0.15751483942303857,328.68124018607716,2.1080278630017
22,2,25,40,[   0  491  548 2017],0.15751483942303857,328.68124018607716,2.1080278630017
23,2,25,60,[   0  491 2017],0.15751483942303857,328.68124018607716,2.1080278630017
24,2,26,0,[   0  491  548 2017],0.15751483942303857,328.68124018607716,2.1080278630017
25,2,26,20,[   0  491  548 2017],0.15751483942303857,328.68124018607716,2.1080278630017
26,2,26,40,[   0  491  548 2017],0.15751483942303857,328.68124018607716,2.1080278630017
27,2,26,60,[   0  491 2017],0.15751483942303857,328.68124018607716,2.1080278630017
28,2,27,0,[   0  491  548 2017],0.15751483942303857,328.68124018607716,2.1080278630017
29,2,27,20,[   0  491  548 2017],0.15751483942303857,328.68124018607716,2.1080278630017
30,2,27,40,[   0  491  548 2017],0.15751483942303857,328.68124018607716,2.1080278630017
31,2,27,60,[   0  491 2017],0.15751483942303857,328.68124018607716,2.1080278630017
32,2,28,0,[   0  491  548 2017],0.15751483942303857,328.68124018607716,2.1080278630017
33,2,28,20,[   0  491  548 2017],0.15751483942303857,328.68124018607716,2.1080278630017
34,2,28,40,[   0  491  548 2017],0.15751483942303857,328.68124018607716,2.1080278630017
35,2,28,60,[   0  491 2017],0.15751483942303857,328.68124018607716,2.1080278630017
36,2,29,0,[   0  531  548 2017],0.1538808964047077,325.1884632486609,2.1491729122583676
37,2,29,20,[   0  531 2017],0.1538808964047077,325.1884632486609,2.1491729122583676
38,2,29,40,[   0  531 2017],0.1538808964047077,325.1884632486609,2.1491729122583676
39,2,29,60,[   0  531 2017],0.1538808964047077,325.1884632486609,2.1491729122583676
40,2,30,0,[   0  531  548 2017],0.15185436353337856,321.0733081794126,2.1706488082832993
41,2,30,20,[   0  531 2017],0.15185436353337856,321.0733081794126,2.1706488082832993
42,2,30,40,[   0  531 2017],0.15185436353337856,321.0733081794126,2.1706488082832993
43,2,30,60,[   0  531 2017],0.15185436353337856,321.0733081794126,2.1706488082832993
44,2,31,0,[   0  491  548 2017],0.15751483942303857,328.68124018607716,2.1080278630017
45,2,31,20,[   0  491  548 2017],0.15751483942303857,328.68124018607716,2.1080278630017
46,2,31,40,[   0  491  548 2017],0.15751483942303857,328.68124018607716,2.1080278630017
47,2,31,60,[   0  491 2017],0.15751483942303857,328.68124018607716,2.1080278630017
48,2,32,0,[   0  491  548 2017],0.15751483942303857,328.68124018607716,2.1080278630017
49,2,32,20,[   0  491  548 2017],0.15751483942303857,328.68124018607716,2.1080278630017
50,2,32,40,[   0  491  548 2017],0.15751483942303857,328.68124018607716,2.1080278630017
51,2,32,60,[   0  491 2017],0.15751483942303857,328.68124018607716,2.1080278630017
52,2,33,0,[   0  531  548 2017],0.15185436353337856,321.0733081794126,2.1706488082832993
53,2,33,20,[   0  531 2017],0.15185436353337856,321.0733081794126,2.1706488082832993
54,2,33,40,[   0  531 2017],0.15185436353337856,321.0733081794126,2.1706488082832993
55,2,33,60,[   0  531 2017],0.15185436353337856,321.0733081794126,2.1706488082832993
56,2,34,0,[   0  531  548 2017],0.1538808964047077,325.1884632486609,2.1491729122583676
57,2,34,20,[   0  531 2017],0.1538808964047077,325.1884632486609,2.1491729122583676
58,2,34,40,[   0  531 2017],0.1538808964047077,325.1884632486609,2.1491729122583676
59,2,34,60,[   0  531 2017],0.1538808964047077,325.1884632486609,2.1491729122583676
60,2,35,0,[   0  531  548 2017],0.1538808964047077,325.1884632486609,2.1491729122583676
61,2,35,20,[   0  531 2017],0.1538808964047077,325.1884632486609,2.1491729122583676
62,2,35,40,[   0  531 2017],0.1538808964047077,325.1884632486609,2.1491729122583676
63,2,35,60,[   0  531 2017],0.1538808964047077,325.1884632486609,2.1491729122583676
64,2,36,0,[   0  531  548 2017],0.1538808964047077,325.1884632486609,2.1491729122583676
65,2,36,20,[   0  531 2017],0.1538808964047077,325.1884632486609,2.1491729122583676
66,2,36,40,[   0  531 2017],0.1538808964047077,325.1884632486609,2.1491729122583676
67,2,36,60,[   0  531 2017],0.1538808964047077,325.1884632486609,2.1491729122583676
68,2,37,0,[   0  513  548 2017],0.154345306386103,324.8351678012993,2.146927059944697
69,2,37,20,[   0  513  548 2017],0.154345306386103,324.8351678012993,2.146927059944697
70,2,37,40,[   0  513 2017],0.154345306386103,324.8351678012993,2.146927059944697
71,2,37,60,[   0  513 2017],0.154345306386103,324.8351678012993,2.146927059944697
72,2,38,0,[   0  513  548 2017],0.154345306386103,324.8351678012993,2.146927059944697
73,2,38,20,[   0  513  548 2017],0.154345306386103,324.8351678012993,2.146927059944697
74,2,38,40,[   0  513 2017],0.154345306386103,324.8351678012993,2.146927059944697
75,2,38,60,[   0  513 2017],0.154345306386103,324.8351678012993,2.146927059944697
76,2,39,0,[   0  498  548 2017],0.15523412096280212,326.8233224687918,2.135454102142712
77,2,39,20,[   0  498  548 2017],0.15523412096280212,326.8233224687918,2.135454102142712
78,2,39,40,[   0  498  548 2017],0.15523412096280212,326.8233224687918,2.135454102142712
79,2,39,60,[   0  498 2017],0.15523412096280212,326.8233224687918,2.135454102142712
80,2,40,0,[   0  498  548 2017],0.15523412096280212,326.8233224687918,2.135454102142712
81,2,40,20,[   0  498  548 2017],0.15523412096280212,326.8233224687918,2.135454102142712
82,2,40,40,[   0  498  548 2017],0.15523412096280212,326.8233224687918,2.135454102142712
83,2,40,60,[   0  498 2017],0.15523412096280212,326.8233224687918,2.135454102142712
84,2,41,0,[   0  498  548 2017],0.15523412096280212,326.8233224687918,2.135454102142712
85,2,41,20,[   0  498  548 2017],0.15523412096280212,326.8233224687918,2.135454102142712
86,2,41,40,[   0  498  548 2017],0.15523412096280212,326.8233224687918,2.135454102142712
87,2,41,60,[   0  498 2017],0.15523412096280212,326.8233224687918,2.135454102142712
88,2,42,0,[   0  535  572 2017],0.14750413450147765,315.1588640866643,2.2067912238233967
89,2,42,20,[   0  535  572 2017],0.14750413450147765,315.1588640866643,2.2067912238233967
90,2,42,40,[   0  535 2017],0.14750413450147765,315.1588640866643,2.2067912238233967
91,2,42,60,[   0  535 2017],0.14750413450147765,315.1588640866643,2.2067912238233967
92,2,43,0,[   0  535  572 2017],0.14750413450147765,315.1588640866643,2.2067912238233967
93,2,43,20,[   0  535  572 2017],0.14750413450147765,315.1588640866643,2.2067912238233967
94,2,43,40,[   0  535 2017],0.14750413450147765,315.1588640866643,2.2067912238233967
95,2,43,60,[   0  535 2017],0.14750413450147765,315.1588640866643,2.2067912238233967
96,2,44,0,[   0  535  722 2017],0.13525761057324362,284.83033906278166,2.4114432465838935
97,2,44,20,[   0  535  722 2017],0.13525761057324362,284.83033906278166,2.4114432465838935
98,2,44,40,[   0  535  722 2017],0.13525761057324362,284.83033906278166,2.4114432465838935
99,2,44,60,[   0  535  722 2017],0.13525761057324362,284.83033906278166,2.4114432465838935
100,2,45,0,[   0  456  531 2017],0.15642068177482152,326.92076888528464,2.1222812409516356
101,2,45,20,[   0  456  531 2017],0.15642068177482152,326.92076888528464,2.1222812409516356
102,2,45,40,[   0  456  531 2017],0.15642068177482152,326.92076888528464,2.1222812409516356
103,2,45,60,[   0  456  531 2017],0.15642068177482152,326.92076888528464,2.1222812409516356
104,2,46,0,[   0  456  531 2017],0.15642068177482152,326.92076888528464,2.1222812409516356
105,2,46,20,[   0  456  531 2017],0.15642068177482152,326.92076888528464,2.1222812409516356
106,2,46,40,[   0  456  531 2017],0.15642068177482152,326.92076888528464,2.1222812409516356
107,2,46,60,[   0  456  531 2017],0.15642068177482152,326.92076888528464,2.1222812409516356
108,2,47,0,[   0  513  548 2017],0.1535663255351375,323.39719787833883,2.1547197721770543
109,2,47,20,[   0  513  548 2017],0.1535663255351375,323.39719787833883,2.1547197721770543
110,2,47,40,[   0  513 2017],0.1535663255351375,323.39719787833883,2.1547197721770543
111,2,47,60,[   0  513 2017],0.1535663255351375,323.39719787833883,2.1547197721770543
112,2,48,0,[   0  513  548 2017],0.1535663255351375,323.39719787833883,2.1547197721770543
113,2,48,20,[   0  513  548 2017],0.1535663255351375,323.39719787833883,2.1547197721770543
114,2,48,40,[   0  513 2017],0.1535663255351375,323.39719787833883,2.1547197721770543
115,2,48,60,[   0  513 2017],0.1535663255351375,323.39719787833883,2.1547197721770543
116,2,49,0,[   0  513  548 2017],0.1535663255351375,323.39719787833883,2.1547197721770543
117,2,49,20,[   0  513  548 2017],0.1535663255351375,323.39719787833883,2.1547197721770543
118,2,49,40,[   0  513 2017],0.1535663255351375,323.39719787833883,2.1547197721770543
119,2,49,60,[   0  513 2017],0.1535663255351375,323.39719787833883,2.1547197721770543
120,2,50,0,[   0  513  548 2017],0.1535663255351375,323.39719787833883,2.1547197721770543
121,2,50,20,[   0  513  548 2017],0.1535663255351375,323.39719787833883,2.1547197721770543
122,2,50,40,[   0  513 2017],0.1535663255351375,323.39719787833883,2.1547197721770543
123,2,50,60,[   0  513 2017],0.1535663255351375,323.39719787833883,2.1547197721770543
124,3,20,0,[   0  531  548 1242 1273 2017],0.07403807567628269,216.39430516775852,3.3709991390440557
125,3,20,20,[   0  531 1273 2017],0.07403807567628269,216.39430516775852,3.3709991390440557
126,3,20,40,[   0  531 1273 2017],0.07403807567628269,216.39430516775852,3.3709991390440557
127,3,20,60,[   0  531 1273 2017],0.07403807567628269,216.39430516775852,3.3709991390440557
128,3,21,0,[   0  531 1275 2017],0.07475261350423809,217.32173612346625,3.3466073363834554
129,3,21,20,[   0  531 1275 2017],0.07475261350423809,217.32173612346625,3.3466073363834554
130,3,21,40,[   0  531 1275 2017],0.07475261350423809,217.32173612346625,3.3466073363834554
131,3,21,60,[   0  531 1275 2017],0.07475261350423809,217.32173612346625,3.3466073363834554
132,3,22,0,[   0  531 1275 2017],0.07475261350423809,217.32173612346625,3.3466073363834554
133,3,22,20,[   0  531 1275 2017],0.07475261350423809,217.32173612346625,3.3466073363834554
134,3,22,40,[   0  531 1275 2017],0.07475261350423809,217.32173612346625,3.3466073363834554
135,3,22,60,[   0  531 1275 2017],0.07475261350423809,217.32173612346625,3.3466073363834554
136,3,23,0,[   0  531 1275 2017],0.07475261350423809,217.32173612346625,3.3466073363834554
137,3,23,20,[   0  531 1275 2017],0.07475261350423809,217.32173612346625,3.3466073363834554
138,3,23,40,[   0  531 1275 2017],0.07475261350423809,217.32173612346625,3.3466073363834554
139,3,23,60,[   0  531 1275 2017],0.07475261350423809,217.32173612346625,3.3466073363834554
140,3,24,0,[   0  531  548 1211 1273 2017],0.07316717351047966,215.2624678113085,3.3878245106480875
141,3,24,20,[   0  531 1273 2017],0.07316717351047966,215.2624678113085,3.3878245106480875
142,3,24,40,[   0  531 1273 2017],0.07316717351047966,215.2624678113085,3.3878245106480875
143,3,24,60,[   0  531 1273 2017],0.07316717351047966,215.2624678113085,3.3878245106480875
144,3,25,0,[   0  491  548 1211 1273 2017],0.0747223728445158,219.222764128665,3.3921729968638927
145,3,25,20,[   0  491  548 1211 1273 2017],0.0747223728445158,219.222764128665,3.3921729968638927
146,3,25,40,[   0  491  548 1211 1273 2017],0.0747223728445158,219.222764128665,3.3921729968638927
147,3,25,60,[   0  491 1273 2017],0.0747223728445158,219.222764128665,3.3921729968638927
148,3,26,0,[   0  491  548 1249 1273 2017],0.07574483224720562,220.3996260853503,3.3722843280378103
149,3,26,20,[   0  491  548 1249 1273 2017],0.07574483224720562,220.3996260853503,3.3722843280378103
150,3,26,40,[   0  491  548 1273 2017],0.07574483224720562,220.3996260853503,3.3722843280378103
151,3,26,60,[   0  491 1273 2017],0.07574483224720562,220.3996260853503,3.3722843280378103
152,3,27,0,[   0  491  548 1211 1273 2017],0.0747223728445158,219.222764128665,3.3921729968638927
153,3,27,20,[   0  491  548 1211 1273 2017],0.0747223728445158,219.222764128665,3.3921729968638927
154,3,27,40,[   0  491  548 1211 1273 2017],0.0747223728445158,219.222764128665,3.3921729968638927
155,3,27,60,[   0  491 1273 2017],0.0747223728445158,219.222764128665,3.3921729968638927
156,3,28,0,[   0  491  548 1275 1321 2017],0.0780415724999876,222.8596567037302,3.3100333041074435
157,3,28,20,[   0  491  548 1275 1321 2017],0.0780415724999876,222.8596567037302,3.3100333041074435
158,3,28,40,[   0  491  548 1275 1321 2017],0.0780415724999876,222.8596567037302,3.3100333041074435
159,3,28,60,[   0  491 1321 2017],0.0780415724999876,222.8596567037302,3.3100333041074435
160,3,29,0,[   0  531 1321 2017],0.07400151064250045,217.35745433535365,3.3800713309206025
161,3,29,20,[   0  531 1321 2017],0.07400151064250045,217.35745433535365,3.3800713309206025
162,3,29,40,[   0  531 1321 2017],0.07400151064250045,217.35745433535365,3.3800713309206025
163,3,29,60,[   0  531 1321 2017],0.07400151064250045,217.35745433535365,3.3800713309206025
164,3,30,0,[   0  531 1321 2017],0.07299834637076849,214.80649044169795,3.390482990915103
165,3,30,20,[   0  531 1321 2017],0.07299834637076849,214.80649044169795,3.390482990915103
166,3,30,40,[   0  531 1321 2017],0.07299834637076849,214.80649044169795,3.390482990915103
167,3,30,60,[   0  531 1321 2017],0.07299834637076849,214.80649044169795,3.390482990915103
168,3,31,0,[   0  491  548 1494 1517 2017],0.07985249148397554,217.9766423625305,3.2868715927890033
169,3,31,20,[   0  491  548 1494 1517 2017],0.07985249148397554,217.9766423625305,3.2868715927890033
170,3,31,40,[   0  491  548 1494 2017],0.07985249148397554,217.9766423625305,3.2868715927890033
171,3,31,60,[   0  491 1494 2017],0.07985249148397554,217.9766423625305,3.2868715927890033
172,3,32,0,[   0  491  548 1494 1517 2017],0.07985249148397554,217.9766423625305,3.2868715927890033
173,3,32,20,[   0  491  548 1494 1517 2017],0.07985249148397554,217.9766423625305,3.2868715927890033
174,3,32,40,[   0  491  548 1494 2017],0.07985249148397554,217.9766423625305,3.2868715927890033
175,3,32,60,[   0  491 1494 2017],0.07985249148397554,217.9766423625305,3.2868715927890033
176,3,33,0,[   0  531  548 1494 1517 2017],0.07796231877951,213.56429511218812,3.3033161308417243
177,3,33,20,[   0  531 1494 2017],0.07796231877951,213.56429511218812,3.3033161308417243
178,3,33,40,[   0  531 1494 2017],0.07796231877951,213.56429511218812,3.3033161308417243
179,3,33,60,[   0  531 1494 2017],0.07796231877951,213.56429511218812,3.3033161308417243
180,3,34,0,[   0  531 1321 2017],0.0754984190262,219.29715310353217,3.3526591436832702
181,3,34,20,[   0  531 1321 2017],0.0754984190262,219.29715310353217,3.3526591436832702
182,3,34,40,[   0  531 1321 2017],0.0754984190262,219.29715310353217,3.3526591436832702
183,3,34,60,[   0  531 1321 2017],0.0754984190262,219.29715310353217,3.3526591436832702
184,3,35,0,[   0  531 1493 2017],0.07839361032694814,215.70511465536745,3.3044645096900958
185,3,35,20,[   0  531 1493 2017],0.07839361032694814,215.70511465536745,3.3044645096900958
186,3,35,40,[   0  531 1493 2017],0.07839361032694814,215.70511465536745,3.3044645096900958
187,3,35,60,[   0  531 1493 2017],0.07839361032694814,215.70511465536745,3.3044645096900958
188,3,36,0,[   0  531  548 1275 1321 2017],0.07738485127652713,221.25993898550422,3.3017498580588125
189,3,36,20,[   0  531 1321 2017],0.07738485127652713,221.25993898550422,3.3017498580588125
190,3,36,40,[   0  531 1321 2017],0.07738485127652713,221.25993898550422,3.3017498580588125
191,3,36,60,[   0  531 1321 2017],0.07738485127652713,221.25993898550422,3.3017498580588125
192,3,37,0,[   0  513 1485 2017],0.0789936185249746,216.74992480983076,3.284899585749903
193,3,37,20,[   0  513 1485 2017],0.0789936185249746,216.74992480983076,3.284899585749903
194,3,37,40,[   0  513 1485 2017],0.0789936185249746,216.74992480983076,3.284899585749903
195,3,37,60,[   0  513 1485 2017],0.0789936185249746,216.74992480983076,3.284899585749903
196,3,38,0,[   0  513 1485 2017],0.0789936185249746,216.74992480983076,3.284899585749903
197,3,38,20,[   0  513 1485 2017],0.0789936185249746,216.74992480983076,3.284899585749903
198,3,38,40,[   0  513 1485 2017],0.0789936185249746,216.74992480983076,3.284899585749903
199,3,38,60,[   0  513 1485 2017],0.0789936185249746,216.74992480983076,3.284899585749903
200,3,39,0,[   0  498  548 1485 2017],0.07956624389244019,218.03014833686413,3.2785948751264598
201,3,39,20,[   0  498  548 1485 2017],0.07956624389244019,218.03014833686413,3.2785948751264598
202,3,39,40,[   0  498  548 1485 2017],0.07956624389244019,218.03014833686413,3.2785948751264598
203,3,39,60,[   0  498 1485 2017],0.07956624389244019,218.03014833686413,3.2785948751264598
204,3,40,0,[   0  498  548 1487 1748 2017],0.09085404659405949,217.77356360054546,2.9882053428567388
205,3,40,20,[   0  498  548 1487 1748 2017],0.09085404659405949,217.77356360054546,2.9882053428567388
206,3,40,40,[   0  498  548 1487 1748 2017],0.09085404659405949,217.77356360054546,2.9882053428567388
207,3,40,60,[   0  498 1487 2017],0.09085404659405949,217.77356360054546,2.9882053428567388
208,3,41,0,[   0  498  548 1159 1416 2017],0.07100384600946516,214.2468749803723,3.467899545770013
209,3,41,20,[   0  498  548 1159 1416 2017],0.07100384600946516,214.2468749803723,3.467899545770013
210,3,41,40,[   0  498  548 1159 1416 2017],0.07100384600946516,214.2468749803723,3.467899545770013
211,3,41,60,[   0  498 1416 2017],0.07100384600946516,214.2468749803723,3.467899545770013
212,3,42,0,[   0  535  572 1159 1416 2017],0.0691802583805849,208.22653141386903,3.4746885861756325
213,3,42,20,[   0  535  572 1159 1416 2017],0.0691802583805849,208.22653141386903,3.4746885861756325
214,3,42,40,[   0  535 1416 2017],0.0691802583805849,208.22653141386903,3.4746885861756325
215,3,42,60,[   0  535 1416 2017],0.0691802583805849,208.22653141386903,3.4746885861756325
216,3,43,0,[   0  535  572 1159 1416 2017],0.06972435506176398,208.80519944322245,3.4578706222385542
217,3,43,20,[   0  535  572 1159 1416 2017],0.06972435506176398,208.80519944322245,3.4578706222385542
218,3,43,40,[   0  535 1416 2017],0.06972435506176398,208.80519944322245,3.4578706222385542
219,3,43,60,[   0  535 1416 2017],0.06972435506176398,208.80519944322245,3.4578706222385542
220,3,44,0,[   0  535 1321 2017],0.06014618864526604,189.86821711511865,3.4803829796361954
221,3,44,20,[   0  535 1321 2017],0.06014618864526604,189.86821711511865,3.4803829796361954
222,3,44,40,[   0  535 1321 2017],0.06014618864526604,189.86821711511865,3.4803829796361954
223,3,44,60,[   0  535 1321 2017],0.06014618864526604,189.86821711511865,3.4803829796361954
224,3,45,0,[   0  456  531 1159 1416 2017],0.070877271484395,213.83231436379887,3.4835538280620675
225,3,45,20,[   0  456  531 1159 1416 2017],0.070877271484395,213.83231436379887,3.4835538280620675
226,3,45,40,[   0  456  531 1159 1416 2017],0.070877271484395,213.83231436379887,3.4835538280620675
227,3,45,60,[   0  456  531 1159 1416 2017],0.070877271484395,213.83231436379887,3.4835538280620675
228,3,46,0,[   0  456  531 1159 1464 2017],0.07099109317161041,214.13447540709936,3.472859897856607
229,3,46,20,[   0  456  531 1159 1464 2017],0.07099109317161041,214.13447540709936,3.472859897856607
230,3,46,40,[   0  456  531 1159 1464 2017],0.07099109317161041,214.13447540709936,3.472859897856607
231,3,46,60,[   0  456  531 1159 1464 2017],0.07099109317161041,214.13447540709936,3.472859897856607
232,3,47,0,[   0  513  548 1159 1464 2017],0.07042580216531988,212.39137266177934,3.4694120358492584
233,3,47,20,[   0  513  548 1159 1464 2017],0.07042580216531988,212.39137266177934,3.4694120358492584
234,3,47,40,[   0  513 1464 2017],0.07042580216531988,212.39137266177934,3.4694120358492584
235,3,47,60,[   0  513 1464 2017],0.07042580216531988,212.39137266177934,3.4694120358492584
236,3,48,0,[   0  513  548 1159 1464 2017],0.07037237351344607,212.3188189972915,3.472337338992862
237,3,48,20,[   0  513  548 1159 1464 2017],0.07037237351344607,212.3188189972915,3.472337338992862
238,3,48,40,[   0  513 1464 2017],0.07037237351344607,212.3188189972915,3.472337338992862
239,3,48,60,[   0  513 1464 2017],0.07037237351344607,212.3188189972915,3.472337338992862
240,3,49,0,[   0  513  548 1159 1464 2017],0.07042580216531988,212.39137266177934,3.4694120358492584
241,3,49,20,[   0  513  548 1159 1464 2017],0.07042580216531988,212.39137266177934,3.4694120358492584
242,3,49,40,[   0  513 1464 2017],0.07042580216531988,212.39137266177934,3.4694120358492584
243,3,49,60,[   0  513 1464 2017],0.07042580216531988,212.39137266177934,3.4694120358492584
244,3,50,0,[   0  513  548 1159 1464 2017],0.0700691448293716,211.6750321085053,3.4880226001732617
245,3,50,20,[   0  513  548 1159 1464 2017],0.0700691448293716,211.6750321085053,3.4880226001732617
246,3,50,40,[   0  513 1464 2017],0.0700691448293716,211.6750321085053,3.4880226001732617
247,3,50,60,[   0  513 1464 2017],0.0700691448293716,211.6750321085053,3.4880226001732617
248,4,20,0,[   0  370  459  531  548 1242 1273 2017],0.06463077518097073,165.36608250165557,3.14833879027964
249,4,20,20,[   0  370  459  531 1242 1273 2017],0.06463077518097073,165.36608250165557,3.14833879027964
250,4,20,40,[   0  370  531 1273 2017],0.06463077518097073,165.36608250165557,3.14833879027964
251,4,20,60,[   0  370  531 1273 2017],0.06463077518097073,165.36608250165557,3.14833879027964
252,4,21,0,[   0  348  531 1275 2017],0.06466142430196099,166.67111373912064,3.256156728409398
253,4,21,20,[   0  348  531 1275 2017],0.06466142430196099,166.67111373912064,3.256156728409398
254,4,21,40,[   0  348  531 1275 2017],0.06466142430196099,166.67111373912064,3.256156728409398
255,4,21,60,[   0  348  531 1275 2017],0.06466142430196099,166.67111373912064,3.256156728409398
256,4,22,0,[   0  348  531 1275 2017],0.06466142430196099,166.67111373912067,3.256156728409398
257,4,22,20,[   0  348  531 1275 2017],0.06466142430196099,166.67111373912067,3.256156728409398
258,4,22,40,[   0  348  531 1275 2017],0.06466142430196099,166.67111373912067,3.256156728409398
259,4,22,60,[   0  348  531 1275 2017],0.06466142430196099,166.67111373912067,3.256156728409398
260,4,23,0,[   0  348  531 1275 2017],0.06460701507201062,166.96401378243826,3.2547735139108407
261,4,23,20,[   0  348  531 1275 2017],0.06460701507201062,166.96401378243826,3.2547735139108407
262,4,23,40,[   0  348  531 1275 2017],0.06460701507201062,166.96401378243826,3.2547735139108407
263,4,23,60,[   0  348  531 1275 2017],0.06460701507201062,166.96401378243826,3.2547735139108407
264,4,24,0,[   0  197  345  531  548 1211 1273 2017],0.05620292565717204,163.83543612464229,3.5001201790578476
265,4,24,20,[   0  345  531 1273 2017],0.05620292565717204,163.83543612464229,3.5001201790578476
266,4,24,40,[   0  345  531 1273 2017],0.05620292565717204,163.83543612464229,3.5001201790578476
267,4,24,60,[   0  345  531 1273 2017],0.05620292565717204,163.83543612464229,3.5001201790578476
268,4,25,0,[   0  348  459  491  548 1211 1273 2017],0.061594102731803574,165.58209579459785,3.3205480107954806
269,4,25,20,[   0  348  459  491  548 1211 1273 2017],0.061594102731803574,165.58209579459785,3.3205480107954806
270,4,25,40,[   0  348  491  548 1211 1273 2017],0.061594102731803574,165.58209579459785,3.3205480107954806
271,4,25,60,[   0  348  548 1273 2017],0.061594102731803574,165.58209579459785,3.3205480107954806
272,4,26,0,[   0  348  459  491  548 1249 1273 2017],0.06185695884434166,166.46861177130833,3.31770340284615
273,4,26,20,[   0  348  459  491  548 1249 1273 2017],0.06185695884434166,166.46861177130833,3.31770340284615
274,4,26,40,[   0  348  548 1273 2017],0.06185695884434166,166.46861177130833,3.31770340284615
275,4,26,60,[   0  348  548 1273 2017],0.06185695884434166,166.46861177130833,3.31770340284615
276,4,27,0,[   0  312  459  491  548 1211 1273 2017],0.06135530047675589,166.78295060134266,3.331930688796146
277,4,27,20,[   0  312  459  491  548 1211 1273 2017],0.06135530047675589,166.78295060134266,3.331930688796146
278,4,27,40,[   0  312  459  548 1211 1273 2017],0.06135530047675589,166.78295060134266,3.331930688796146
279,4,27,60,[   0  312  459  548 1211 1273 2017],0.06135530047675589,166.78295060134266,3.331930688796146
280,4,28,0,[   0  312  459  491  548 1275 1321 2017],0.06451216902815046,169.33092086928048,3.2699126291577656
281,4,28,20,[   0  312  459  491  548 1275 1321 2017],0.06451216902815046,169.33092086928048,3.2699126291577656
282,4,28,40,[   0  312  459  548 1275 1321 2017],0.06451216902815046,169.33092086928048,3.2699126291577656
283,4,28,60,[   0  312  459  548 1321 2017],0.06451216902815046,169.33092086928048,3.2699126291577656
284,4,29,0,[   0  198  459  531 1203 1321 2017],0.06327359789476006,168.56412859445183,3.2907701137943084
285,4,29,20,[   0  198  459  531 1203 1321 2017],0.06327359789476006,168.56412859445183,3.2907701137943084
286,4,29,40,[   0  198  459  531 1203 1321 2017],0.06327359789476006,168.56412859445183,3.2907701137943084
287,4,29,60,[   0  198  459  531 1203 1321 2017],0.06327359789476006,168.56412859445183,3.2907701137943084
288,4,30,0,[   0  198  459  531 1203 1321 2017],0.06274469763135399,167.1296461992697,3.301024158402474
289,4,30,20,[   0  198  459  531 1203 1321 2017],0.06274469763135399,167.1296461992697,3.301024158402474
290,4,30,40,[   0  198  459  531 1203 1321 2017],0.06274469763135399,167.1296461992697,3.301024158402474
291,4,30,60,[   0  198  459  531 1203 1321 2017],0.06274469763135399,167.1296461992697,3.301024158402474
292,4,31,0,[   0  198  459  491  548 1494 1517 2017],0.06642778813570709,167.0961285478914,3.2624408025143325
293,4,31,20,[   0  198  459  491  548 1494 1517 2017],0.06642778813570709,167.0961285478914,3.2624408025143325
294,4,31,40,[   0  198  459  548 1494 2017],0.06642778813570709,167.0961285478914,3.2624408025143325
295,4,31,60,[   0  198  459  548 1494 2017],0.06642778813570709,167.0961285478914,3.2624408025143325
296,4,32,0,[   0  162  459  491  548 1494 1517 2017],0.0672064091129711,166.9191063228518,3.285388416288598
297,4,32,20,[   0  162  459  491  548 1494 1517 2017],0.0672064091129711,166.9191063228518,3.285388416288598
298,4,32,40,[   0  162  459  548 1494 2017],0.0672064091129711,166.9191063228518,3.285388416288598
299,4,32,60,[   0  162  459  548 1494 2017],0.0672064091129711,166.9191063228518,3.285388416288598
300,4,33,0,[   0  312  498  531  548 1494 1517 2017],0.06767000057809038,165.7192800423649,3.210811612045866
301,4,33,20,[   0  312  498  531 1494 1517 2017],0.06767000057809038,165.7192800423649,3.210811612045866
302,4,33,40,[   0  312  531 1494 2017],0.06767000057809038,165.7192800423649,3.210811612045866
303,4,33,60,[   0  312  531 1494 2017],0.06767000057809038,165.7192800423649,3.210811612045866
304,4,34,0,[   0  312  446  531 1193 1321 2017],0.0652313050810236,169.4428851710207,3.2493577314083115
305,4,34,20,[   0  312  446  531 1193 1321 2017],0.0652313050810236,169.4428851710207,3.2493577314083115
306,4,34,40,[   0  312  446  531 1193 1321 2017],0.0652313050810236,169.4428851710207,3.2493577314083115
307,4,34,60,[   0  312  446  531 1193 1321 2017],0.0652313050810236,169.4428851710207,3.2493577314083115
308,4,35,0,[   0  312  531 1493 2017],0.06721133169156764,166.911043186943,3.2297046970084757
309,4,35,20,[   0  312  531 1493 2017],0.06721133169156764,166.911043186943,3.2297046970084757
310,4,35,40,[   0  312  531 1493 2017],0.06721133169156764,166.911043186943,3.2297046970084757
311,4,35,60,[   0  312  531 1493 2017],0.06721133169156764,166.911043186943,3.2297046970084757
312,4,36,0,[   0  229  446  531  548 1275 1321 2017],0.06420962967615691,169.75687458971638,3.2963386770760144
313,4,36,20,[   0  229  446  531 1275 1321 2017],0.06420962967615691,169.75687458971638,3.2963386770760144
314,4,36,40,[   0  229  446  531 1275 1321 2017],0.06420962967615691,169.75687458971638,3.2963386770760144
315,4,36,60,[   0  229  446  531 1321 2017],0.06420962967615691,169.75687458971638,3.2963386770760144
316,4,37,0,[   0  312  446  548 1485 2017],0.0683097638873556,167.71275313109936,3.2047930538464318
317,4,37,20,[   0  312  446  548 1485 2017],0.0683097638873556,167.71275313109936,3.2047930538464318
318,4,37,40,[   0  312  446  548 1485 2017],0.0683097638873556,167.71275313109936,3.2047930538464318
319,4,37,60,[   0  312  446  548 1485 2017],0.0683097638873556,167.71275313109936,3.2047930538464318
320,4,38,0,[   0  312  446  548 1485 2017],0.0683097638873556,167.71275313109936,3.2047930538464318
321,4,38,20,[   0  312  446  548 1485 2017],0.0683097638873556,167.71275313109936,3.2047930538464318
322,4,38,40,[   0  312  446  548 1485 2017],0.0683097638873556,167.71275313109936,3.2047930538464318
323,4,38,60,[   0  312  446  548 1485 2017],0.0683097638873556,167.71275313109936,3.2047930538464318
324,4,39,0,[   0  198  437  498  548 1485 2017],0.06384743562358486,166.5385852914645,3.3781300058276367
325,4,39,20,[   0  198  437  498  548 1485 2017],0.06384743562358486,166.5385852914645,3.3781300058276367
326,4,39,40,[   0  198  437  498  548 1485 2017],0.06384743562358486,166.5385852914645,3.3781300058276367
327,4,39,60,[   0  198  437  548 1485 2017],0.06384743562358486,166.5385852914645,3.3781300058276367
328,4,40,0,[   0  198  437  498  548 1487 1748 2017],0.07352585485753528,166.35859399990574,3.17819884336906
329,4,40,20,[   0  198  437  498  548 1487 1748 2017],0.07352585485753528,166.35859399990574,3.17819884336906
330,4,40,40,[   0  198  437  498  548 1487 1748 2017],0.07352585485753528,166.35859399990574,3.17819884336906
331,4,40,60,[   0  198  437  548 1487 1748 2017],0.07352585485753528,166.35859399990574,3.17819884336906
332,4,41,0,[   0  198  437  498  548 1159 1416 2017],0.05483237238125645,163.09920956368651,3.560923976703481
333,4,41,20,[   0  198  437  498  548 1159 1416 2017],0.05483237238125645,163.09920956368651,3.560923976703481
334,4,41,40,[   0  198  437  498  548 1159 1416 2017],0.05483237238125645,163.09920956368651,3.560923976703481
335,4,41,60,[   0  198  437  548 1159 1416 2017],0.05483237238125645,163.09920956368651,3.560923976703481
336,4,42,0,[   0  229  535  572 1159 1416 2017],0.05965257910716508,160.64200681542127,3.3722675234969572
337,4,42,20,[   0  229  535  572 1159 1416 2017],0.05965257910716508,160.64200681542127,3.3722675234969572
338,4,42,40,[   0  229  535 1416 2017],0.05965257910716508,160.64200681542127,3.3722675234969572
339,4,42,60,[   0  229  535 1416 2017],0.05965257910716508,160.64200681542127,3.3722675234969572
340,4,43,0,[   0  229  535  572 1159 1416 2017],0.06011114701310168,161.04873135920178,3.3602559132971366
341,4,43,20,[   0  229  535  572 1159 1416 2017],0.06011114701310168,161.04873135920178,3.3602559132971366
342,4,43,40,[   0  229  535 1416 2017],0.06011114701310168,161.04873135920178,3.3602559132971366
343,4,43,60,[   0  229  535 1416 2017],0.06011114701310168,161.04873135920178,3.3602559132971366
344,4,44,0,[   0  229  535 1321 2017],0.05772415846412853,156.68055988716972,3.2769875239214024
345,4,44,20,[   0  229  535 1321 2017],0.05772415846412853,156.68055988716972,3.2769875239214024
346,4,44,40,[   0  229  535 1321 2017],0.05772415846412853,156.68055988716972,3.2769875239214024
347,4,44,60,[   0  229  535 1321 2017],0.05772415846412853,156.68055988716972,3.2769875239214024
348,4,45,0,[   0  453  531 1159 1416 2017],0.05621940441411059,165.04095617615027,3.4773988632513806
349,4,45,20,[   0  453  531 1159 1416 2017],0.05621940441411059,165.04095617615027,3.4773988632513806
350,4,45,40,[   0  453  531 1159 1416 2017],0.05621940441411059,165.04095617615027,3.4773988632513806
351,4,45,60,[   0  453  531 1159 1416 2017],0.05621940441411059,165.04095617615027,3.4773988632513806
352,4,46,0,[   0  453  531 1159 1464 2017],0.057398894678457824,165.75398498699093,3.4494574915429843
353,4,46,20,[   0  453  531 1159 1464 2017],0.057398894678457824,165.75398498699093,3.4494574915429843
354,4,46,40,[   0  453  531 1159 1464 2017],0.057398894678457824,165.75398498699093,3.4494574915429843
355,4,46,60,[   0  453  531 1159 1464 2017],0.057398894678457824,165.75398498699093,3.4494574915429843
356,4,47,0,[   0  513  548  728 1109 1159 1464 2017],0.05871803127764968,162.602554498437,3.282836008963487
357,4,47,20,[   0  513  548  728 1109 1159 1464 2017],0.05871803127764968,162.602554498437,3.282836008963487
358,4,47,40,[   0  513  728 1109 1159 1464 2017],0.05871803127764968,162.602554498437,3.282836008963487
359,4,47,60,[   0  513  728 1109 1464 2017],0.05871803127764968,162.602554498437,3.282836008963487
360,4,48,0,[   0  513  548  728 1109 1159 1464 2017],0.05865763567651778,162.49357117761957,3.2853785380121616
361,4,48,20,[   0  513  548  728 1109 1159 1464 2017],0.05865763567651778,162.49357117761957,3.2853785380121616
362,4,48,40,[   0  513  728 1109 1159 1464 2017],0.05865763567651778,162.49357117761957,3.2853785380121616
363,4,48,60,[   0  513  728 1109 1464 2017],0.05865763567651778,162.49357117761957,3.2853785380121616
364,4,49,0,[   0  513  548  728 1109 1159 1464 2017],0.05871803127764968,162.602554498437,3.282836008963487
365,4,49,20,[   0  513  548  728 1109 1159 1464 2017],0.05871803127764968,162.602554498437,3.282836008963487
366,4,49,40,[   0  513  728 1109 1159 1464 2017],0.05871803127764968,162.602554498437,3.282836008963487
367,4,49,60,[   0  513  728 1109 1464 2017],0.05871803127764968,162.602554498437,3.282836008963487
368,4,50,0,[   0  446  513  548 1159 1464 2017],0.05637345203772075,163.69444772443788,3.4971108028543036
369,4,50,20,[   0  446  513  548 1159 1464 2017],0.05637345203772075,163.69444772443788,3.4971108028543036
370,4,50,40,[   0  446  548 1159 1464 2017],0.05637345203772075,163.69444772443788,3.4971108028543036
371,4,50,60,[   0  446  548 1159 1464 2017],0.05637345203772075,163.69444772443788,3.4971108028543036
372,5,20,0,[   0  370  459  531  548  992 1052 1242 1273 2017],0.04335140230747255,134.76557544784043,3.443995334232001
373,5,20,20,[   0  370  459  531  992 1052 1242 1273 2017],0.04335140230747255,134.76557544784043,3.443995334232001
374,5,20,40,[   0  370  531 1052 1273 2017],0.04335140230747255,134.76557544784043,3.443995334232001
375,5,20,60,[   0  370  531 1052 1273 2017],0.04335140230747255,134.76557544784043,3.443995334232001
376,5,21,0,[   0  348  531 1052 1275 2017],0.040444605104910186,136.51799323733132,3.37614592505635
377,5,21,20,[   0  348  531 1052 1275 2017],0.040444605104910186,136.51799323733132,3.37614592505635
378,5,21,40,[   0  348  531 1052 1275 2017],0.040444605104910186,136.51799323733132,3.37614592505635
379,5,21,60,[   0  348  531 1052 1275 2017],0.040444605104910186,136.51799323733132,3.37614592505635
380,5,22,0,[   0  348  531 1052 1275 2017],0.040444605104910186,136.51799323733132,3.37614592505635
381,5,22,20,[   0  348  531 1052 1275 2017],0.040444605104910186,136.51799323733132,3.37614592505635
382,5,22,40,[   0  348  531 1052 1275 2017],0.040444605104910186,136.51799323733132,3.37614592505635
383,5,22,60,[   0  348  531 1052 1275 2017],0.040444605104910186,136.51799323733132,3.37614592505635
384,5,23,0,[   0  348  531 1052 1275 2017],0.04043106669372818,136.74573109343712,3.375039353457504
385,5,23,20,[   0  348  531 1052 1275 2017],0.04043106669372818,136.74573109343712,3.375039353457504
386,5,23,40,[   0  348  531 1052 1275 2017],0.04043106669372818,136.74573109343712,3.375039353457504
387,5,23,60,[   0  348  531 1052 1275 2017],0.04043106669372818,136.74573109343712,3.375039353457504
388,5,24,0,[   0  197  345  531  548 1052 1109 1211 1273 2017],0.03321959161588845,135.29754259071757,3.509258894693988
389,5,24,20,[   0  345  531 1052 1273 2017],0.03321959161588845,135.29754259071757,3.509258894693988
390,5,24,40,[   0  345  531 1052 1273 2017],0.03321959161588845,135.29754259071757,3.509258894693988
391,5,24,60,[   0  345  531 1052 1273 2017],0.03321959161588845,135.29754259071757,3.509258894693988
392,5,25,0,[   0  348  459  491  548 1052 1109 1211 1273 2017],0.03864078972669995,136.23962501149313,3.3950242090268383
393,5,25,20,[   0  348  459  491  548 1052 1109 1211 1273 2017],0.03864078972669995,136.23962501149313,3.3950242090268383
394,5,25,40,[   0  348  491  548 1052 1109 1211 1273 2017],0.03864078972669995,136.23962501149313,3.3950242090268383
395,5,25,60,[   0  348  548 1052 1273 2017],0.03864078972669995,136.23962501149313,3.3950242090268383
396,5,26,0,[   0  348  459  491  548 1052 1109 1249 1273 2017],0.035475112008205904,134.90311467035406,3.4667839296372236
397,5,26,20,[   0  348  459  491  548 1052 1109 1249 1273 2017],0.035475112008205904,134.90311467035406,3.4667839296372236
398,5,26,40,[   0  348  491  548 1052 1109 1273 2017],0.035475112008205904,134.90311467035406,3.4667839296372236
399,5,26,60,[   0  348  548 1052 1273 2017],0.035475112008205904,134.90311467035406,3.4667839296372236
400,5,27,0,[   0  312  459  491  548 1052 1109 1211 1273 2017],0.0380107012604111,136.36461049590142,3.4116386529747422
401,5,27,20,[   0  312  459  491  548 1052 1109 1211 1273 2017],0.0380107012604111,136.36461049590142,3.4116386529747422
402,5,27,40,[   0  312  459  548 1052 1273 2017],0.0380107012604111,136.36461049590142,3.4116386529747422
403,5,27,60,[   0  312  459  548 1052 1273 2017],0.0380107012604111,136.36461049590142,3.4116386529747422
404,5,28,0,[   0  312  459  491  548 1010 1052 1275 1321 2017],0.04096928486763067,137.551963159648,3.6167516196642757
405,5,28,20,[   0  312  459  491  548 1010 1052 1275 1321 2017],0.04096928486763067,137.551963159648,3.6167516196642757
406,5,28,40,[   0  312  459  548 1052 1275 1321 2017],0.04096928486763067,137.551963159648,3.6167516196642757
407,5,28,60,[   0  312  459  548 1052 1275 2017],0.04096928486763067,137.551963159648,3.6167516196642757
408,5,29,0,[   0  198  459  531 1010 1168 1321 2017],0.041963496721638606,138.59557680808805,3.357912882961256
409,5,29,20,[   0  198  459  531 1010 1168 1321 2017],0.041963496721638606,138.59557680808805,3.357912882961256
410,5,29,40,[   0  198  459  531 1010 1168 1321 2017],0.041963496721638606,138.59557680808805,3.357912882961256
411,5,29,60,[   0  198  459  531 1010 1168 1321 2017],0.041963496721638606,138.59557680808805,3.357912882961256
412,5,30,0,[   0  198  459  531 1010 1168 1321 2017],0.04172394500692892,137.511286794357,3.3652375794879377
413,5,30,20,[   0  198  459  531 1010 1168 1321 2017],0.04172394500692892,137.511286794357,3.3652375794879377
414,5,30,40,[   0  198  459  531 1010 1168 1321 2017],0.04172394500692892,137.511286794357,3.3652375794879377
415,5,30,60,[   0  198  459  531 1010 1168 1321 2017],0.04172394500692892,137.511286794357,3.3652375794879377
416,5,31,0,[   0  198  459  491  548 1052 1416 1494 1517 2017],0.036428826406408876,136.3147009196417,3.7316341371707273
417,5,31,20,[   0  198  459  491  548 1052 1416 1494 1517 2017],0.036428826406408876,136.3147009196417,3.7316341371707273
418,5,31,40,[   0  198  459  548 1052 1494 2017],0.036428826406408876,136.3147009196417,3.7316341371707273
419,5,31,60,[   0  198  459  548 1052 1494 2017],0.036428826406408876,136.3147009196417,3.7316341371707273
420,5,32,0,[   0  162  459  491  548 1052 1416 1494 1517 2017],0.03698379988835404,136.17728962565278,3.74999222819014
421,5,32,20,[   0  162  459  491  548 1052 1416 1494 1517 2017],0.03698379988835404,136.17728962565278,3.74999222819014
422,5,32,40,[   0  162  459  548 1052 1494 2017],0.03698379988835404,136.17728962565278,3.74999222819014
423,5,32,60,[   0  162  459  548 1052 1494 2017],0.03698379988835404,136.17728962565278,3.74999222819014
424,5,33,0,[   0  312  498  531  548 1052 1416 1494 1517 2017],0.03880507091278602,135.56400686596632,3.6453166058162503
425,5,33,20,[   0  312  498  531 1052 1416 1494 1517 2017],0.03880507091278602,135.56400686596632,3.6453166058162503
426,5,33,40,[   0  312  531 1052 1494 2017],0.03880507091278602,135.56400686596632,3.6453166058162503
427,5,33,60,[   0  312  531 1052 1494 2017],0.03880507091278602,135.56400686596632,3.6453166058162503
428,5,34,0,[   0  312  446  531 1052 1109 1193 1321 2017],0.03914164179925422,138.74068683872144,3.3583987414788568
429,5,34,20,[   0  312  446  531 1052 1109 1193 1321 2017],0.03914164179925422,138.74068683872144,3.3583987414788568
430,5,34,40,[   0  312  446  531 1052 1109 1193 1321 2017],0.03914164179925422,138.74068683872144,3.3583987414788568
431,5,34,60,[   0  312  446  531 1052 1193 1321 2017],0.03914164179925422,138.74068683872144,3.3583987414788568
432,5,35,0,[   0  312  446  531 1052 1109 1493 2017],0.04649003311788019,135.59393050355692,3.8688012695953575
433,5,35,20,[   0  312  446  531 1052 1109 1493 2017],0.04649003311788019,135.59393050355692,3.8688012695953575
434,5,35,40,[   0  312  446  531 1052 1109 1493 2017],0.04649003311788019,135.59393050355692,3.8688012695953575
435,5,35,60,[   0  312  446  531 1109 1493 2017],0.04649003311788019,135.59393050355692,3.8688012695953575
436,5,36,0,[   0  229  446  531 1052 1242 1321 2017],0.04182946756105643,139.16756723330226,3.3427326904898678
437,5,36,20,[   0  229  446  531 1052 1242 1321 2017],0.04182946756105643,139.16756723330226,3.3427326904898678
438,5,36,40,[   0  229  446  531 1052 1242 1321 2017],0.04182946756105643,139.16756723330226,3.3427326904898678
439,5,36,60,[   0  229  446  531 1052 1242 1321 2017],0.04182946756105643,139.16756723330226,3.3427326904898678
440,5,37,0,[   0  312  446  513  548  788 1046 1485 2017],0.04607353076153578,133.71508232806192,4.148439012233413
441,5,37,20,[   0  312  446  513  548  788 1046 1485 2017],0.04607353076153578,133.71508232806192,4.148439012233413
442,5,37,40,[   0  312  446  548  788 1046 1485 2017],0.04607353076153578,133.71508232806192,4.148439012233413
443,5,37,60,[   0  312  446  548  788 1046 1485 2017],0.04607353076153578,133.71508232806192,4.148439012233413
444,5,38,0,[   0  312  446  513  548  728 1109 1485 2017],0.051273579996194314,141.77486154939845,3.1952742189083794
445,5,38,20,[   0  312  446  513  548  728 1109 1485 2017],0.051273579996194314,141.77486154939845,3.1952742189083794
446,5,38,40,[   0  312  446  548  728 1109 1485 2017],0.051273579996194314,141.77486154939845,3.1952742189083794
447,5,38,60,[   0  312  446  548  728 1109 1485 2017],0.051273579996194314,141.77486154939845,3.1952742189083794
448,5,39,0,[   0  198  437  498  548  728 1109 1485 2017],0.046514969656777795,141.17737472650984,3.336848086668777
449,5,39,20,[   0  198  437  498  548  728 1109 1485 2017],0.046514969656777795,141.17737472650984,3.336848086668777
450,5,39,40,[   0  198  437  498  548  728 1109 1485 2017],0.046514969656777795,141.17737472650984,3.336848086668777
451,5,39,60,[   0  198  437  548  728 1109 1485 2017],0.046514969656777795,141.17737472650984,3.336848086668777
452,5,40,0,[   0  198  437  498  548 1052 1321 1487 1748 2017],0.03492003250863942,138.45750466392022,3.234685808849868
453,5,40,20,[   0  198  437  498  548 1052 1321 1487 1748 2017],0.03492003250863942,138.45750466392022,3.234685808849868
454,5,40,40,[   0  198  437  498  548 1052 1321 1487 1748 2017],0.03492003250863942,138.45750466392022,3.234685808849868
455,5,40,60,[   0  198  437  548 1052 1321 1487 1748 2017],0.03492003250863942,138.45750466392022,3.234685808849868
456,5,41,0,[   0  198  437  498  548 1052 1159 1321 1416 2017],0.03514147602648991,136.17230614838252,3.486033385739943
457,5,41,20,[   0  198  437  498  548 1052 1159 1321 1416 2017],0.03514147602648991,136.17230614838252,3.486033385739943
458,5,41,40,[   0  198  437  498  548 1052 1159 1321 1416 2017],0.03514147602648991,136.17230614838252,3.486033385739943
459,5,41,60,[   0  198  437  548 1052 1159 1321 1416 2017],0.03514147602648991,136.17230614838252,3.486033385739943
460,5,42,0,[   0  229  535  572 1052 1159 1321 1416 2017],0.040893847827843645,134.18740352844384,3.327401716664542
461,5,42,20,[   0  229  535  572 1052 1159 1321 1416 2017],0.040893847827843645,134.18740352844384,3.327401716664542
462,5,42,40,[   0  229  535 1052 1321 2017],0.040893847827843645,134.18740352844384,3.327401716664542
463,5,42,60,[   0  229  535 1052 1321 2017],0.040893847827843645,134.18740352844384,3.327401716664542
464,5,43,0,[   0  229  535  572 1052 1159 1321 1416 2017],0.04098704297416649,134.44688663504326,3.320938402864217
465,5,43,20,[   0  229  535  572 1052 1159 1321 1416 2017],0.04098704297416649,134.44688663504326,3.320938402864217
466,5,43,40,[   0  229  535 1052 1321 2017],0.04098704297416649,134.44688663504326,3.320938402864217
467,5,43,60,[   0  229  535 1052 1321 2017],0.04098704297416649,134.44688663504326,3.320938402864217
468,5,44,0,[   0  229  535  572  722  838 1159 1321 1416 2017],0.05260827775132654,131.85990150586866,3.1267894657237862
469,5,44,20,[   0  229  535  572  722  838 1159 1321 1416 2017],0.05260827775132654,131.85990150586866,3.1267894657237862
470,5,44,40,[   0  229  535  722  838 1159 1321 1416 2017],0.05260827775132654,131.85990150586866,3.1267894657237862
471,5,44,60,[   0  229  535  722  838 1159 1321 1416 2017],0.05260827775132654,131.85990150586866,3.1267894657237862
472,5,45,0,[   0  453  531  728 1109 1159 1416 2017],0.04639909061370162,140.89004542338603,3.3082110093703982
473,5,45,20,[   0  453  531  728 1109 1159 1416 2017],0.04639909061370162,140.89004542338603,3.3082110093703982
474,5,45,40,[   0  453  531  728 1109 1159 1416 2017],0.04639909061370162,140.89004542338603,3.3082110093703982
475,5,45,60,[   0  453  531  728 1109 1416 2017],0.04639909061370162,140.89004542338603,3.3082110093703982
476,5,46,0,[   0  453  531  728 1109 1159 1464 2017],0.04748756300724555,141.3650592431336,3.2992913392126537
477,5,46,20,[   0  453  531  728 1109 1159 1464 2017],0.04748756300724555,141.3650592431336,3.2992913392126537
478,5,46,40,[   0  453  531  728 1109 1159 1464 2017],0.04748756300724555,141.3650592431336,3.2992913392126537
479,5,46,60,[   0  453  531  728 1109 1464 2017],0.04748756300724555,141.3650592431336,3.2992913392126537
480,5,47,0,[   0  453  513  548  728 1109 1159 1464 2017],0.04661524738535184,138.43223526189087,3.3714586931611783
481,5,47,20,[   0  453  513  548  728 1109 1159 1464 2017],0.04661524738535184,138.43223526189087,3.3714586931611783
482,5,47,40,[   0  453  548  728 1109 1159 1464 2017],0.04661524738535184,138.43223526189087,3.3714586931611783
483,5,47,60,[   0  453  548  728 1109 1464 2017],0.04661524738535184,138.43223526189087,3.3714586931611783
484,5,48,0,[   0  453  513  548  728 1109 1159 1464 2017],0.04637459684158455,138.24776096353963,3.378766315015713
485,5,48,20,[   0  453  513  548  728 1109 1159 1464 2017],0.04637459684158455,138.24776096353963,3.378766315015713
486,5,48,40,[   0  453  548  728 1109 1159 1464 2017],0.04637459684158455,138.24776096353963,3.378766315015713
487,5,48,60,[   0  453  548  728 1109 1464 2017],0.04637459684158455,138.24776096353963,3.378766315015713
488,5,49,0,[   0  453  513  548  728 1109 1159 1464 2017],0.0464415795367275,138.33381342168957,3.3769239613634374
489,5,49,20,[   0  453  513  548  728 1109 1159 1464 2017],0.0464415795367275,138.33381342168957,3.3769239613634374
490,5,49,40,[   0  453  548  728 1109 1159 1464 2017],0.0464415795367275,138.33381342168957,3.3769239613634374
491,5,49,60,[   0  453  548  728 1109 1464 2017],0.0464415795367275,138.33381342168957,3.3769239613634374
492,5,50,0,[   0  446  513  548  728 1109 1159 1464 2017],0.04662097981491706,139.50331663061652,3.3336302015089414
493,5,50,20,[   0  446  513  548  728 1109 1159 1464 2017],0.04662097981491706,139.50331663061652,3.3336302015089414
494,5,50,40,[   0  446  548  728 1109 1159 1464 2017],0.04662097981491706,139.50331663061652,3.3336302015089414
495,5,50,60,[   0  446  548  728 1109 1464 2017],0.04662097981491706,139.50331663061652,3.3336302015089414
496,6,20,0,[   0  370  459  531  548  992 1052 1242 1273 1741 1746 2017],0.037025873577741716,115.07561908258529,3.9271463730740757
497,6,20,20,[   0  370  531 1052 1273 1746 2017],0.037025873577741716,115.07561908258529,3.9271463730740757
498,6,20,40,[   0  370  531 1052 1273 1746 2017],0.037025873577741716,115.07561908258529,3.9271463730740757
499,6,20,60,[   0  370  531 1052 1273 1746 2017],0.037025873577741716,115.07561908258529,3.9271463730740757
500,6,21,0,[   0  348  459  531 1052 1109 1275 1873 2017],0.037515636749953646,116.35275615013084,3.3181112751027784
501,6,21,20,[   0  348  459  531 1052 1109 1275 1873 2017],0.037515636749953646,116.35275615013084,3.3181112751027784
502,6,21,40,[   0  348  459  531 1052 1109 1275 1873 2017],0.037515636749953646,116.35275615013084,3.3181112751027784
503,6,21,60,[   0  348  531 1052 1275 1873 2017],0.037515636749953646,116.35275615013084,3.3181112751027784
504,6,22,0,[   0  348  459  531 1052 1109 1275 1873 2017],0.038677253068134444,116.62249476966682,3.3588249757318764
505,6,22,20,[   0  348  459  531 1052 1109 1275 1873 2017],0.038677253068134444,116.62249476966682,3.3588249757318764
506,6,22,40,[   0  348  459  531 1052 1109 1275 1873 2017],0.038677253068134444,116.62249476966682,3.3588249757318764
507,6,22,60,[   0  348  531 1052 1275 1873 2017],0.038677253068134444,116.62249476966682,3.3588249757318764
508,6,23,0,[   0  348  459  531 1052 1109 1275 1873 2017],0.03865696816622914,116.86154326944448,3.3426277892345695
509,6,23,20,[   0  348  459  531 1052 1109 1275 1873 2017],0.03865696816622914,116.86154326944448,3.3426277892345695
510,6,23,40,[   0  348  459  531 1052 1109 1275 1873 2017],0.03865696816622914,116.86154326944448,3.3426277892345695
511,6,23,60,[   0  348  531 1052 1275 1873 2017],0.03865696816622914,116.86154326944448,3.3426277892345695
512,6,24,0,[   0  345  531  722 1052 1273 2017],0.029414042999404647,116.08597135601893,3.2746385536263234
513,6,24,20,[   0  345  531  722 1052 1273 2017],0.029414042999404647,116.08597135601893,3.2746385536263234
514,6,24,40,[   0  345  531  722 1052 1273 2017],0.029414042999404647,116.08597135601893,3.2746385536263234
515,6,24,60,[   0  345  531  722 1052 1273 2017],0.029414042999404647,116.08597135601893,3.2746385536263234
516,6,25,0,[   0  348  459  491  548 1052 1109 1211 1273 1873 2017],0.036991731857054344,116.69100244697279,3.3648353019410195
517,6,25,20,[   0  348  459  491  548 1052 1109 1211 1273 1873 2017],0.036991731857054344,116.69100244697279,3.3648353019410195
518,6,25,40,[   0  348  491  548 1052 1109 1211 1273 1873 2017],0.036991731857054344,116.69100244697279,3.3648353019410195
519,6,25,60,[   0  348  548 1052 1273 1873 2017],0.036991731857054344,116.69100244697279,3.3648353019410195
520,6,26,0,[   0  348  459  491  548 1052 1109 1249 1273 1873 2017],0.03384351426086149,115.45238704030974,3.4294499499193027
521,6,26,20,[   0  348  459  491  548 1052 1109 1249 1273 1873 2017],0.03384351426086149,115.45238704030974,3.4294499499193027
522,6,26,40,[   0  348  491  548 1052 1109 1273 1873 2017],0.03384351426086149,115.45238704030974,3.4294499499193027
523,6,26,60,[   0  348  548 1052 1273 1873 2017],0.03384351426086149,115.45238704030974,3.4294499499193027
524,6,27,0,[   0  312  459  491  548  567  722 1052 1109 1211 1273 2017],0.03746663933650942,117.66593504217245,3.315174486640242
525,6,27,20,[   0  312  459  491  567  722 1052 1109 1211 1273 2017],0.03746663933650942,117.66593504217245,3.315174486640242
526,6,27,40,[   0  312  491  567  722 1052 1109 1211 1273 2017],0.03746663933650942,117.66593504217245,3.315174486640242
527,6,27,60,[   0  312  491  567  722 1052 1273 2017],0.03746663933650942,117.66593504217245,3.315174486640242
528,6,28,0,[   0  312  459  491  548 1010 1052 1275 1321 1873 2017],0.03939582408312715,117.60568722340491,3.533634487729825
529,6,28,20,[   0  312  459  491  548 1010 1052 1275 1321 1873 2017],0.03939582408312715,117.60568722340491,3.533634487729825
530,6,28,40,[   0  312  459  548 1052 1275 1321 1873 2017],0.03939582408312715,117.60568722340491,3.533634487729825
531,6,28,60,[   0  312  459  548 1052 1275 1873 2017],0.03939582408312715,117.60568722340491,3.533634487729825
532,6,29,0,[   0  198  459  531 1010 1168 1321 1873 2017],0.040358491100163166,118.95290239984497,3.3205379997323465
533,6,29,20,[   0  198  459  531 1010 1168 1321 1873 2017],0.040358491100163166,118.95290239984497,3.3205379997323465
534,6,29,40,[   0  198  459  531 1010 1168 1321 1873 2017],0.040358491100163166,118.95290239984497,3.3205379997323465
535,6,29,60,[   0  198  459  531 1010 1168 1321 1873 2017],0.040358491100163166,118.95290239984497,3.3205379997323465
536,6,30,0,[   0  198  459  531 1010 1168 1321 1847 2017],0.040005173961232765,118.02210012316891,3.3370683583846694
537,6,30,20,[   0  198  459  531 1010 1168 1321 1847 2017],0.040005173961232765,118.02210012316891,3.3370683583846694
538,6,30,40,[   0  198  459  531 1010 1168 1321 1847 2017],0.040005173961232765,118.02210012316891,3.3370683583846694
539,6,30,60,[   0  198  459  531 1010 1168 1321 1847 2017],0.040005173961232765,118.02210012316891,3.3370683583846694
540,6,31,0,[   0  198  459  491  548 1052 1168 1193 1416 1494 1517 2017],0.033037338953363894,116.85622966196088,3.549374609992567
541,6,31,20,[   0  198  459  491  548 1052 1168 1193 1416 1494 1517 2017],0.033037338953363894,116.85622966196088,3.549374609992567
542,6,31,40,[   0  198  459  548 1052 1193 1494 2017],0.033037338953363894,116.85622966196088,3.549374609992567
543,6,31,60,[   0  198  459  548 1052 1193 1494 2017],0.033037338953363894,116.85622966196088,3.549374609992567
544,6,32,0,[   0  162  459  491  548 1052 1168 1193 1416 1494 1517 2017],0.033556855534224876,116.74295146010414,3.5646730191754106
545,6,32,20,[   0  162  459  491  548 1052 1168 1193 1416 1494 1517 2017],0.033556855534224876,116.74295146010414,3.5646730191754106
546,6,32,40,[   0  162  459  548 1052 1193 1494 2017],0.033556855534224876,116.74295146010414,3.5646730191754106
547,6,32,60,[   0  162  459  548 1052 1193 1494 2017],0.033556855534224876,116.74295146010414,3.5646730191754106
548,6,33,0,[   0  312  498  531  548 1052 1168 1193 1416 1494 1517 2017],0.03540056049120196,116.40271558471237,3.4568446869657996
549,6,33,20,[   0  312  498  531 1052 1168 1193 1416 1494 1517 2017],0.03540056049120196,116.40271558471237,3.4568446869657996
550,6,33,40,[   0  312  531 1052 1193 1494 2017],0.03540056049120196,116.40271558471237,3.4568446869657996
551,6,33,60,[   0  312  531 1052 1193 1494 2017],0.03540056049120196,116.40271558471237,3.4568446869657996
552,6,34,0,[   0  312  446  531  728  838 1052 1109 1193 1321 2017],0.037285797220141484,118.90431479836137,3.567524146724066
553,6,34,20,[   0  312  446  531  728  838 1052 1109 1193 1321 2017],0.037285797220141484,118.90431479836137,3.567524146724066
554,6,34,40,[   0  312  446  531  728  838 1052 1109 1193 1321 2017],0.037285797220141484,118.90431479836137,3.567524146724066
555,6,34,60,[   0  312  446  531  728  838 1052 1193 1321 2017],0.037285797220141484,118.90431479836137,3.567524146724066
556,6,35,0,[   0  312  446  531 1052 1203 1493 2017],0.034912586100925146,116.70217136108323,3.716495010230734
557,6,35,20,[   0  312  446  531 1052 1203 1493 2017],0.034912586100925146,116.70217136108323,3.716495010230734
558,6,35,40,[   0  312  446  531 1052 1203 1493 2017],0.034912586100925146,116.70217136108323,3.716495010230734
559,6,35,60,[   0  312  446  531 1052 1203 1493 2017],0.034912586100925146,116.70217136108323,3.716495010230734
560,6,36,0,[   0  229  446  531  722 1052 1242 1275 1321 2017],0.03870664808212153,118.96407777723064,3.124640485981892
561,6,36,20,[   0  229  446  531  722 1052 1242 1275 1321 2017],0.03870664808212153,118.96407777723064,3.124640485981892
562,6,36,40,[   0  229  446  531  722 1052 1242 1321 2017],0.03870664808212153,118.96407777723064,3.124640485981892
563,6,36,60,[   0  229  446  531  722 1052 1242 1321 2017],0.03870664808212153,118.96407777723064,3.124640485981892
564,6,37,0,[   0  312  446  513  548  728  788 1046 1485 2017],0.04173742258023958,116.94999994506269,4.031548622506547
565,6,37,20,[   0  312  446  513  548  728  788 1046 1485 2017],0.04173742258023958,116.94999994506269,4.031548622506547
566,6,37,40,[   0  312  446  548  728  788 1046 1485 2017],0.04173742258023958,116.94999994506269,4.031548622506547
567,6,37,60,[   0  312  446  548  728 1046 1485 2017],0.04173742258023958,116.94999994506269,4.031548622506547
568,6,38,0,[   0  312  446  513  548  728 1052 1109 1321 1485 2017],0.04006540087330245,123.60882560453751,3.27431623446687
569,6,38,20,[   0  312  446  513  548  728 1052 1109 1321 1485 2017],0.04006540087330245,123.60882560453751,3.27431623446687
570,6,38,40,[   0  312  446  548  728 1052 1109 1321 1485 2017],0.04006540087330245,123.60882560453751,3.27431623446687
571,6,38,60,[   0  312  446  548  728 1052 1321 1485 2017],0.04006540087330245,123.60882560453751,3.27431623446687
572,6,39,0,[   0  198  437  498  548  728 1052 1109 1416 1485 2017],0.03466163450736203,121.55422377637117,3.6099332070921264
573,6,39,20,[   0  198  437  498  548  728 1052 1109 1416 1485 2017],0.03466163450736203,121.55422377637117,3.6099332070921264
574,6,39,40,[   0  198  437  498  548  728 1052 1109 1416 1485 2017],0.03466163450736203,121.55422377637117,3.6099332070921264
575,6,39,60,[   0  198  437  548  728 1109 1485 2017],0.03466163450736203,121.55422377637117,3.6099332070921264
576,6,40,0,[   0  198  437  498  548  999 1109 1321 1487 1748 2017],0.03199762748926717,120.21390516245039,3.8723681266758674
577,6,40,20,[   0  198  437  498  548  999 1109 1321 1487 1748 2017],0.03199762748926717,120.21390516245039,3.8723681266758674
578,6,40,40,[   0  198  437  498  548  999 1109 1321 1487 1748 2017],0.03199762748926717,120.21390516245039,3.8723681266758674
579,6,40,60,[   0  198  437  548  999 1109 1321 1487 1748 2017],0.03199762748926717,120.21390516245039,3.8723681266758674
580,6,41,0,[   0  198  437  498  548 1052 1159 1321 1416 1809 2017],0.034383426660514194,118.85463527360281,3.4658182938553854
581,6,41,20,[   0  198  437  498  548 1052 1159 1321 1416 1809 2017],0.034383426660514194,118.85463527360281,3.4658182938553854
582,6,41,40,[   0  198  437  498  548 1052 1159 1321 1416 1809 2017],0.034383426660514194,118.85463527360281,3.4658182938553854
583,6,41,60,[   0  198  437  548 1052 1159 1321 1416 1809 2017],0.034383426660514194,118.85463527360281,3.4658182938553854
584,6,42,0,[   0  229  535  572 1052 1159 1321 1382 1416 2017],0.03426265662553527,117.37579508267031,3.4960272894579485
585,6,42,20,[   0  229  535  572 1052 1159 1321 1382 1416 2017],0.03426265662553527,117.37579508267031,3.4960272894579485
586,6,42,40,[   0  229  535 1052 1321 2017],0.03426265662553527,117.37579508267031,3.4960272894579485
587,6,42,60,[   0  229  535 1052 1321 2017],0.03426265662553527,117.37579508267031,3.4960272894579485
588,6,43,0,[   0  229  535  572 1052 1159 1321 1382 1416 2017],0.03402342961552609,117.31514558726536,3.515617234680558
589,6,43,20,[   0  229  535  572 1052 1159 1321 1382 1416 2017],0.03402342961552609,117.31514558726536,3.515617234680558
590,6,43,40,[   0  229  535 1052 1321 2017],0.03402342961552609,117.31514558726536,3.515617234680558
591,6,43,60,[   0  229  535 1052 1321 2017],0.03402342961552609,117.31514558726536,3.515617234680558
592,6,44,0,[   0  229  535  572  722  838 1052 1109 1159 1321 1416 2017],0.037874915010765946,115.65838905878375,3.1224085600792626
593,6,44,20,[   0  229  535  572  722  838 1052 1109 1159 1321 1416 2017],0.037874915010765946,115.65838905878375,3.1224085600792626
594,6,44,40,[   0  229  535  722 1052 1159 1321 1416 2017],0.037874915010765946,115.65838905878375,3.1224085600792626
595,6,44,60,[   0  229  535  722 1052 1159 1321 1416 2017],0.037874915010765946,115.65838905878375,3.1224085600792626
596,6,45,0,[   0  453  531  728 1052 1159 1321 1416 2017],0.03621247019156565,122.97085136656854,3.297844818338053
597,6,45,20,[   0  453  531  728 1052 1159 1321 1416 2017],0.03621247019156565,122.97085136656854,3.297844818338053
598,6,45,40,[   0  453  531  728 1052 1159 1321 1416 2017],0.03621247019156565,122.97085136656854,3.297844818338053
599,6,45,60,[   0  453  531  728 1052 1159 1321 1416 2017],0.03621247019156565,122.97085136656854,3.297844818338053
600,6,46,0,[   0  453  531  728 1052 1159 1317 1464 2017],0.037920476621071265,123.90681566060636,3.2662796078978804
601,6,46,20,[   0  453  531  728 1052 1159 1317 1464 2017],0.037920476621071265,123.90681566060636,3.2662796078978804
602,6,46,40,[   0  453  531  728 1052 1159 1317 1464 2017],0.037920476621071265,123.90681566060636,3.2662796078978804
603,6,46,60,[   0  453  531  728 1052 1159 1317 1464 2017],0.037920476621071265,123.90681566060636,3.2662796078978804
604,6,47,0,[   0  370  453  513  548  728 1109 1159 1464 2017],0.04544884540306838,121.84734527124667,3.009418848009091
605,6,47,20,[   0  370  453  513  548  728 1109 1159 1464 2017],0.04544884540306838,121.84734527124667,3.009418848009091
606,6,47,40,[   0  370  453  548  728 1109 1159 1464 2017],0.04544884540306838,121.84734527124667,3.009418848009091
607,6,47,60,[   0  370  548  728 1109 1464 2017],0.04544884540306838,121.84734527124667,3.009418848009091
608,6,48,0,[   0  370  453  513  548  728 1109 1159 1464 2017],0.04539757541600946,121.76819536073884,3.0165244998841274
609,6,48,20,[   0  370  453  513  548  728 1109 1159 1464 2017],0.04539757541600946,121.76819536073884,3.0165244998841274
610,6,48,40,[   0  370  453  548  728 1109 1159 1464 2017],0.04539757541600946,121.76819536073884,3.0165244998841274
611,6,48,60,[   0  370  548  728 1109 1464 2017],0.04539757541600946,121.76819536073884,3.0165244998841274
612,6,49,0,[   0  453  513  548  728 1109 1159 1464 1545 2017],0.04371959107458368,122.08316456473439,3.5262872717139095
613,6,49,20,[   0  453  513  548  728 1109 1159 1464 1545 2017],0.04371959107458368,122.08316456473439,3.5262872717139095
614,6,49,40,[   0  453  548  728 1109 1159 1464 1545 2017],0.04371959107458368,122.08316456473439,3.5262872717139095
615,6,49,60,[   0  453  548  728 1109 1464 1545 2017],0.04371959107458368,122.08316456473439,3.5262872717139095
616,6,50,0,[   0  446  513  548  728 1109 1159 1464 1545 2017],0.0427225943723333,124.13282273305929,3.515118436035197
617,6,50,20,[   0  446  513  548  728 1109 1159 1464 1545 2017],0.0427225943723333,124.13282273305929,3.515118436035197
618,6,50,40,[   0  446  548  728 1109 1159 1464 1545 2017],0.0427225943723333,124.13282273305929,3.515118436035197
619,6,50,60,[   0  446  548  728 1109 1464 1545 2017],0.0427225943723333,124.13282273305929,3.515118436035197
620,7,20,0,[   0  370  459  531  548  992 1052 1242 1273 1741 1746 1848 2017],0.029321111589078668,100.76012666346215,3.778694722092795
621,7,20,20,[   0  370  531 1052 1273 1746 1848 2017],0.029321111589078668,100.76012666346215,3.778694722092795
622,7,20,40,[   0  370  531 1052 1273 1746 1848 2017],0.029321111589078668,100.76012666346215,3.778694722092795
623,7,20,60,[   0  370  531 1052 1273 1746 1848 2017],0.029321111589078668,100.76012666346215,3.778694722092795
624,7,21,0,[   0  348  459  531  906 1052 1109 1275 1873 2017],0.03589553081959836,101.84447294890536,3.643883083264547
625,7,21,20,[   0  348  459  531  906 1052 1109 1275 1873 2017],0.03589553081959836,101.84447294890536,3.643883083264547
626,7,21,40,[   0  348  459  531  906 1052 1109 1275 1873 2017],0.03589553081959836,101.84447294890536,3.643883083264547
627,7,21,60,[   0  348  459  531  906 1052 1275 1873 2017],0.03589553081959836,101.84447294890536,3.643883083264547
628,7,22,0,[   0  348  459  531 1052 1109 1275 1741 1746 1873 2017],0.029461284910289914,102.85609068335081,3.630615040026504
629,7,22,20,[   0  348  459  531 1052 1109 1275 1746 1873 2017],0.029461284910289914,102.85609068335081,3.630615040026504
630,7,22,40,[   0  348  459  531 1052 1109 1275 1746 1873 2017],0.029461284910289914,102.85609068335081,3.630615040026504
631,7,22,60,[   0  348  459  531 1052 1275 1746 1873 2017],0.029461284910289914,102.85609068335081,3.630615040026504
632,7,23,0,[   0  348  459  531 1052 1109 1275 1741 1746 1873 2017],0.029657817655717622,102.85376909333993,3.6483620427586234
633,7,23,20,[   0  348  459  531 1052 1109 1275 1746 1873 2017],0.029657817655717622,102.85376909333993,3.6483620427586234
634,7,23,40,[   0  348  459  531 1052 1109 1275 1746 1873 2017],0.029657817655717622,102.85376909333993,3.6483620427586234
635,7,23,60,[   0  348  459  531 1052 1275 1746 1873 2017],0.029657817655717622,102.85376909333993,3.6483620427586234
636,7,24,0,[   0  197  345  531  722 1052 1273 1873 2017],0.03014073894184199,103.257844259324,3.2656853960211514
637,7,24,20,[   0  197  345  531  722 1052 1273 1873 2017],0.03014073894184199,103.257844259324,3.2656853960211514
638,7,24,40,[   0  197  345  531  722 1052 1273 1873 2017],0.03014073894184199,103.257844259324,3.2656853960211514
639,7,24,60,[   0  197  345  531  722 1052 1273 1873 2017],0.03014073894184199,103.257844259324,3.2656853960211514
640,7,25,0,[   0  348  459  491  548 1052 1109 1211 1273 1741 1746 1873 2017],0.02792187516258177,103.13364878507127,3.649463570886733
641,7,25,20,[   0  348  459  491  548 1052 1109 1211 1273 1746 1873 2017],0.02792187516258177,103.13364878507127,3.649463570886733
642,7,25,40,[   0  348  491  548 1052 1109 1273 1746 1873 2017],0.02792187516258177,103.13364878507127,3.649463570886733
643,7,25,60,[   0  348  548 1052 1273 1746 1873 2017],0.02792187516258177,103.13364878507127,3.649463570886733
644,7,26,0,[   0  348  459  491  548 1052 1109 1249 1275 1416 1873 2017],0.03387879592135375,103.16792476990464,3.2784776059865672
645,7,26,20,[   0  348  459  491  548 1052 1109 1249 1275 1416 1873 2017],0.03387879592135375,103.16792476990464,3.2784776059865672
646,7,26,40,[   0  348  491  548 1052 1109 1275 1416 1873 2017],0.03387879592135375,103.16792476990464,3.2784776059865672
647,7,26,60,[   0  348  548 1052 1275 1416 1873 2017],0.03387879592135375,103.16792476990464,3.2784776059865672
648,7,27,0,[   0  312  459  491  548  567  722 1052 1109 1211 1276 1416 2017],0.03588883472819284,103.76959392024902,3.2200862484377946
649,7,27,20,[   0  312  459  491  567  722 1052 1109 1211 1276 1416 2017],0.03588883472819284,103.76959392024902,3.2200862484377946
650,7,27,40,[   0  312  491  567  722 1052 1109 1211 1276 1416 2017],0.03588883472819284,103.76959392024902,3.2200862484377946
651,7,27,60,[   0  312  491  567  722 1052 1211 1276 1416 2017],0.03588883472819284,103.76959392024902,3.2200862484377946
652,7,28,0,[   0  312  459  491  548 1010 1052 1275 1321 1416 1873 2017],0.039482169554816246,104.65116525162784,3.4838363185836445
653,7,28,20,[   0  312  459  491  548 1010 1052 1275 1321 1416 1873 2017],0.039482169554816246,104.65116525162784,3.4838363185836445
654,7,28,40,[   0  312  459  548 1052 1275 1416 1873 2017],0.039482169554816246,104.65116525162784,3.4838363185836445
655,7,28,60,[   0  312  459  548 1052 1275 1416 1873 2017],0.039482169554816246,104.65116525162784,3.4838363185836445
656,7,29,0,[   0  198  459  531  548 1010 1168 1203 1321 1494 1517 1873 2017],0.036172256975827446,104.66930793833764,3.7467847288172558
657,7,29,20,[   0  198  459  531 1010 1168 1203 1321 1494 1517 1873 2017],0.036172256975827446,104.66930793833764,3.7467847288172558
658,7,29,40,[   0  198  459  531 1010 1168 1321 1494 1873 2017],0.036172256975827446,104.66930793833764,3.7467847288172558
659,7,29,60,[   0  198  459  531 1010 1168 1321 1494 1873 2017],0.036172256975827446,104.66930793833764,3.7467847288172558
660,7,30,0,[   0  198  459  531  548 1010 1168 1203 1321 1494 1517 1847 2017],0.03588703618909579,103.88546780217307,3.755466100757265
661,7,30,20,[   0  198  459  531 1010 1168 1203 1321 1494 1517 1847 2017],0.03588703618909579,103.88546780217307,3.755466100757265
662,7,30,40,[   0  198  459  531 1010 1168 1321 1494 1847 2017],0.03588703618909579,103.88546780217307,3.755466100757265
663,7,30,60,[   0  198  459  531 1010 1168 1321 1494 1847 2017],0.03588703618909579,103.88546780217307,3.755466100757265
664,7,31,0,[   0  198  459  491  548 1052 1168 1193 1416 1494 1517 1847 2017],0.03329255876229196,103.90301207950581,3.4690279288028134
665,7,31,20,[   0  198  459  491  548 1052 1168 1193 1416 1494 1517 1847 2017],0.03329255876229196,103.90301207950581,3.4690279288028134
666,7,31,40,[   0  198  459  548 1052 1193 1494 1847 2017],0.03329255876229196,103.90301207950581,3.4690279288028134
667,7,31,60,[   0  198  459  548 1052 1193 1494 1847 2017],0.03329255876229196,103.90301207950581,3.4690279288028134
668,7,32,0,[   0  162  459  491  548 1052 1168 1193 1416 1494 1517 1847 2017],0.0338161346249945,103.80577084308935,3.4821408509595364
669,7,32,20,[   0  162  459  491  548 1052 1168 1193 1416 1494 1517 1847 2017],0.0338161346249945,103.80577084308935,3.4821408509595364
670,7,32,40,[   0  162  459  548 1052 1193 1494 1847 2017],0.0338161346249945,103.80577084308935,3.4821408509595364
671,7,32,60,[   0  162  459  548 1052 1193 1494 1847 2017],0.0338161346249945,103.80577084308935,3.4821408509595364
672,7,33,0,[   0  312  498  531  548 1052 1168 1193 1416 1494 1517 1847 2017],0.03543354241460831,103.51370655108278,3.4004305586540964
673,7,33,20,[   0  312  498  531 1052 1168 1193 1416 1494 1517 1847 2017],0.03543354241460831,103.51370655108278,3.4004305586540964
674,7,33,40,[   0  312  531 1052 1193 1494 1847 2017],0.03543354241460831,103.51370655108278,3.4004305586540964
675,7,33,60,[   0  312  531 1052 1193 1494 1847 2017],0.03543354241460831,103.51370655108278,3.4004305586540964
676,7,34,0,[   0  312  446  531  728  838 1052 1109 1193 1321 1847 2017],0.037134736163786645,105.64267732179022,3.5193732554449895
677,7,34,20,[   0  312  446  531  728  838 1052 1109 1193 1321 1847 2017],0.037134736163786645,105.64267732179022,3.5193732554449895
678,7,34,40,[   0  312  446  531  728  838 1052 1109 1193 1321 1847 2017],0.037134736163786645,105.64267732179022,3.5193732554449895
679,7,34,60,[   0  312  446  531  728  838 1052 1193 1321 1847 2017],0.037134736163786645,105.64267732179022,3.5193732554449895
680,7,35,0,[   0  312  446  531  728  838 1052 1109 1203 1493 2017],0.035987256075622226,103.9903768495509,3.9824046208949433
681,7,35,20,[   0  312  446  531  728  838 1052 1109 1203 1493 2017],0.035987256075622226,103.9903768495509,3.9824046208949433
682,7,35,40,[   0  312  446  531  728  838 1052 1109 1203 1493 2017],0.035987256075622226,103.9903768495509,3.9824046208949433
683,7,35,60,[   0  312  446  531  728  838 1052 1203 1493 2017],0.035987256075622226,103.9903768495509,3.9824046208949433
684,7,36,0,[   0  229  446  531  722 1052 1242 1275 1321 1873 2017],0.03866985021163861,105.40625292252247,3.1533998662815286
685,7,36,20,[   0  229  446  531  722 1052 1242 1275 1321 1873 2017],0.03866985021163861,105.40625292252247,3.1533998662815286
686,7,36,40,[   0  229  446  531  722 1052 1242 1321 1873 2017],0.03866985021163861,105.40625292252247,3.1533998662815286
687,7,36,60,[   0  229  446  531  722 1052 1242 1321 1873 2017],0.03866985021163861,105.40625292252247,3.1533998662815286
688,7,37,0,[   0  312  446  513  548  667  728  788 1046 1321 1485 2017],0.0374019688045388,105.40734411477429,3.971507752226528
689,7,37,20,[   0  312  446  513  548  667  728  788 1046 1321 1485 2017],0.0374019688045388,105.40734411477429,3.971507752226528
690,7,37,40,[   0  312  446  548  667  728  788 1046 1321 1485 2017],0.0374019688045388,105.40734411477429,3.971507752226528
691,7,37,60,[   0  312  446  548  728 1046 1321 1485 2017],0.0374019688045388,105.40734411477429,3.971507752226528
692,7,38,0,[   0  312  446  513  548  728 1052 1109 1321 1485 1873 2017],0.03998297762496753,109.77443094904692,3.2167810234082688
693,7,38,20,[   0  312  446  513  548  728 1052 1109 1321 1485 1873 2017],0.03998297762496753,109.77443094904692,3.2167810234082688
694,7,38,40,[   0  312  446  548  728 1052 1109 1321 1485 1873 2017],0.03998297762496753,109.77443094904692,3.2167810234082688
695,7,38,60,[   0  312  446  548  728 1052 1321 1485 1873 2017],0.03998297762496753,109.77443094904692,3.2167810234082688
696,7,39,0,[   0  198  437  498  548  728 1052 1109 1416 1485 1873 1995 2017],0.03509577762019364,107.70050131457467,3.5652867526213123
697,7,39,20,[   0  198  437  498  548  728 1052 1109 1416 1485 1873 1995 2017],0.03509577762019364,107.70050131457467,3.5652867526213123
698,7,39,40,[   0  198  437  498  548  728 1052 1109 1485 1873 2017],0.03509577762019364,107.70050131457467,3.5652867526213123
699,7,39,60,[   0  198  437  548  728 1109 1485 1873 2017],0.03509577762019364,107.70050131457467,3.5652867526213123
700,7,40,0,[   0  198  437  498  548  728  957  999 1052 1109 1321 1487 1748 2017],0.033456112144265755,108.95220523876796,3.9460213980307093
701,7,40,20,[   0  198  437  498  548  728  957  999 1052 1109 1321 1487 1748 2017],0.033456112144265755,108.95220523876796,3.9460213980307093
702,7,40,40,[   0  198  437  498  548  728  957  999 1052 1109 1321 1487 1748 2017],0.033456112144265755,108.95220523876796,3.9460213980307093
703,7,40,60,[   0  198  437  548  728  957 1109 1321 1487 1748 2017],0.033456112144265755,108.95220523876796,3.9460213980307093
704,7,41,0,[   0  198  437  498  548  999 1109 1159 1321 1416 1809 2017],0.03192783045357792,105.77114575709064,3.3847164758166977
705,7,41,20,[   0  198  437  498  548  999 1109 1159 1321 1416 1809 2017],0.03192783045357792,105.77114575709064,3.3847164758166977
706,7,41,40,[   0  198  437  498  548  999 1109 1159 1321 1416 1809 2017],0.03192783045357792,105.77114575709064,3.3847164758166977
707,7,41,60,[   0  198  437  548 1052 1159 1321 1416 1809 2017],0.03192783045357792,105.77114575709064,3.3847164758166977
708,7,42,0,[   0  229  535  572  999 1052 1109 1159 1321 1382 1416 2017],0.03308588168166526,104.49056282648384,3.370628984622974
709,7,42,20,[   0  229  535  572  999 1052 1109 1159 1321 1382 1416 2017],0.03308588168166526,104.49056282648384,3.370628984622974
710,7,42,40,[   0  229  535 1109 1321 2017],0.03308588168166526,104.49056282648384,3.370628984622974
711,7,42,60,[   0  229  535 1052 1321 2017],0.03308588168166526,104.49056282648384,3.370628984622974
712,7,43,0,[   0  229  535  572  838 1052 1109 1159 1321 1382 1416 2017],0.033424032945149805,105.79182752956308,3.432249751328077
713,7,43,20,[   0  229  535  572  838 1052 1109 1159 1321 1382 1416 2017],0.033424032945149805,105.79182752956308,3.432249751328077
714,7,43,40,[   0  229  535  838 1052 1159 1321 1382 2017],0.033424032945149805,105.79182752956308,3.432249751328077
715,7,43,60,[   0  229  535  838 1052 1159 1321 1382 2017],0.033424032945149805,105.79182752956308,3.432249751328077
716,7,44,0,[   0  229  535  572  722  838 1052 1109 1159 1321 1382 1416 2017],0.035266397061983326,104.7720690924593,3.31740709221423
717,7,44,20,[   0  229  535  572  722  838 1052 1109 1159 1321 1382 1416 2017],0.035266397061983326,104.7720690924593,3.31740709221423
718,7,44,40,[   0  229  535  722 1052 1159 1321 1382 2017],0.035266397061983326,104.7720690924593,3.31740709221423
719,7,44,60,[   0  229  535  722 1052 1159 1321 1382 2017],0.035266397061983326,104.7720690924593,3.31740709221423
720,7,45,0,[   0  453  531  728 1052 1159 1321 1382 1416 2017],0.03536677288713589,111.10513689138826,3.481470435971537
721,7,45,20,[   0  453  531  728 1052 1159 1321 1382 1416 2017],0.03536677288713589,111.10513689138826,3.481470435971537
722,7,45,40,[   0  453  531  728 1052 1159 1321 1382 2017],0.03536677288713589,111.10513689138826,3.481470435971537
723,7,45,60,[   0  453  531  728 1052 1159 1321 1382 2017],0.03536677288713589,111.10513689138826,3.481470435971537
724,7,46,0,[   0  370  456  513  531  728 1052 1109 1159 1317 1464 2017],0.037377720120900536,111.30080987138255,3.048391085185039
725,7,46,20,[   0  370  456  531  728 1052 1109 1159 1317 1464 2017],0.037377720120900536,111.30080987138255,3.048391085185039
726,7,46,40,[   0  370  456  531  728 1052 1109 1159 1317 1464 2017],0.037377720120900536,111.30080987138255,3.048391085185039
727,7,46,60,[   0  370  456  531  728 1052 1159 1317 1464 2017],0.037377720120900536,111.30080987138255,3.048391085185039
728,7,47,0,[   0  370  453  513  548  728 1052 1109 1159 1317 1464 2017],0.03791697876415376,111.06550453354801,3.0081827115145146
729,7,47,20,[   0  370  453  513  548  728 1052 1109 1159 1317 1464 2017],0.03791697876415376,111.06550453354801,3.0081827115145146
730,7,47,40,[   0  370  453  548  728 1052 1109 1159 1317 1464 2017],0.03791697876415376,111.06550453354801,3.0081827115145146
731,7,47,60,[   0  370  453  548  728 1052 1159 1317 1464 2017],0.03791697876415376,111.06550453354801,3.0081827115145146
732,7,48,0,[   0  370  453  513  548  728 1052 1109 1159 1317 1464 2017],0.037821751796599336,110.95622863481184,3.0161348426637677
733,7,48,20,[   0  370  453  513  548  728 1052 1109 1159 1317 1464 2017],0.037821751796599336,110.95622863481184,3.0161348426637677
734,7,48,40,[   0  370  453  548  728 1052 1109 1159 1317 1464 2017],0.037821751796599336,110.95622863481184,3.0161348426637677
735,7,48,60,[   0  370  453  548  728 1052 1159 1317 1464 2017],0.037821751796599336,110.95622863481184,3.0161348426637677
736,7,49,0,[   0  370  453  513  548  728 1109 1159 1464 1545 2017],0.044336704819315675,111.46525685764433,3.194719864929951
737,7,49,20,[   0  370  453  513  548  728 1109 1159 1464 1545 2017],0.044336704819315675,111.46525685764433,3.194719864929951
738,7,49,40,[   0  370  453  548  728 1109 1159 1464 1545 2017],0.044336704819315675,111.46525685764433,3.194719864929951
739,7,49,60,[   0  370  453  548  728 1109 1464 1545 2017],0.044336704819315675,111.46525685764433,3.194719864929951
740,7,50,0,[   0  446  513  548  728 1052 1109 1159 1317 1464 1545 2017],0.038654924421615174,112.81505419050893,3.389082060517407
741,7,50,20,[   0  446  513  548  728 1052 1109 1159 1317 1464 1545 2017],0.038654924421615174,112.81505419050893,3.389082060517407
742,7,50,40,[   0  446  548  728 1052 1159 1317 1464 1545 2017],0.038654924421615174,112.81505419050893,3.389082060517407
743,7,50,60,[   0  446  548  728 1052 1159 1317 1464 1545 2017],0.038654924421615174,112.81505419050893,3.389082060517407
744,8,20,0,"[   0  370  459  531  548  728  738  992 1052 1242 1273 1741 1746 1848
 2017]",0.029216821360939442,90.33311574762993,3.8478575274377125
745,8,20,20,[   0  370  459  531  728 1052 1242 1273 1746 1848 2017],0.029216821360939442,90.33311574762993,3.8478575274377125
746,8,20,40,[   0  370  531  728 1052 1273 1746 1848 2017],0.029216821360939442,90.33311574762993,3.8478575274377125
747,8,20,60,[   0  370  531  728 1052 1273 1746 1848 2017],0.029216821360939442,90.33311574762993,3.8478575274377125
748,8,21,0,[   0  348  459  531  728  765  906 1052 1109 1275 1873 2017],0.035013405042852386,92.07694291242214,3.3944681792139377
749,8,21,20,[   0  348  459  531  728  765  906 1052 1109 1275 1873 2017],0.035013405042852386,92.07694291242214,3.3944681792139377
750,8,21,40,[   0  348  459  531  728  906 1052 1109 1275 1873 2017],0.035013405042852386,92.07694291242214,3.3944681792139377
751,8,21,60,[   0  348  459  531  728  906 1052 1275 1873 2017],0.035013405042852386,92.07694291242214,3.3944681792139377
752,8,22,0,[   0  348  459  531  728  765 1052 1109 1275 1741 1746 1873 2017],0.02807910647843509,91.92425469978241,3.494476190825356
753,8,22,20,[   0  348  459  531  728  765 1052 1109 1275 1746 1873 2017],0.02807910647843509,91.92425469978241,3.494476190825356
754,8,22,40,[   0  348  459  531  728 1052 1109 1275 1746 1873 2017],0.02807910647843509,91.92425469978241,3.494476190825356
755,8,22,60,[   0  348  459  531  728 1052 1275 1746 1873 2017],0.02807910647843509,91.92425469978241,3.494476190825356
756,8,23,0,[   0  348  459  531  856 1052 1109 1275 1741 1746 1873 2017],0.029892856396290458,92.43145249838469,3.884196971204034
757,8,23,20,[   0  348  459  531  856 1052 1109 1275 1746 1873 2017],0.029892856396290458,92.43145249838469,3.884196971204034
758,8,23,40,[   0  348  459  531  856 1052 1109 1275 1746 1873 2017],0.029892856396290458,92.43145249838469,3.884196971204034
759,8,23,60,[   0  348  459  531  856  957 1109 1275 1746 1873 2017],0.029892856396290458,92.43145249838469,3.884196971204034
760,8,24,0,[   0  197  345  531  722 1052 1109 1273 1741 1746 1873 2017],0.02427821646570888,93.63299384715683,3.506249374651813
761,8,24,20,[   0  197  345  531  722 1052 1109 1273 1746 1873 2017],0.02427821646570888,93.63299384715683,3.506249374651813
762,8,24,40,[   0  197  345  531  722 1052 1109 1273 1746 1873 2017],0.02427821646570888,93.63299384715683,3.506249374651813
763,8,24,60,[   0  197  345  531  722 1052 1273 1746 1873 2017],0.02427821646570888,93.63299384715683,3.506249374651813
764,8,25,0,"[   0  348  459  491  548  844  957 1052 1109 1211 1273 1741 1746 1873
 2017]",0.028731514939743723,93.30988677229848,3.8613531119315017
765,8,25,20,[   0  348  459  491  548  844  957 1052 1109 1211 1273 1746 1873 2017],0.028731514939743723,93.30988677229848,3.8613531119315017
766,8,25,40,[   0  348  491  548  844  957 1052 1109 1211 1273 1746 1873 2017],0.028731514939743723,93.30988677229848,3.8613531119315017
767,8,25,60,[   0  348  548  844 1052 1273 1746 1873 2017],0.028731514939743723,93.30988677229848,3.8613531119315017
768,8,26,0,[   0  348  459  491  548  906 1052 1109 1249 1275 1416 1873 2017],0.033463595755244435,93.09401070911332,3.595031321410646
769,8,26,20,[   0  348  459  491  548  906 1052 1109 1249 1275 1416 1873 2017],0.033463595755244435,93.09401070911332,3.595031321410646
770,8,26,40,[   0  348  491  548  906 1052 1109 1275 1416 1873 2017],0.033463595755244435,93.09401070911332,3.595031321410646
771,8,26,60,[   0  348  548  906 1052 1275 1416 1873 2017],0.033463595755244435,93.09401070911332,3.595031321410646
772,8,27,0,"[   0  312  459  491  548  567  722 1052 1109 1211 1276 1416 1873 1915
 2017]",0.03598934393807174,94.43184716779774,3.377124625623863
773,8,27,20,[   0  312  459  491  567  722 1052 1109 1211 1276 1416 1873 2017],0.03598934393807174,94.43184716779774,3.377124625623863
774,8,27,40,[   0  312  491  567  722 1052 1109 1211 1276 1416 1873 2017],0.03598934393807174,94.43184716779774,3.377124625623863
775,8,27,60,[   0  312  491  567  722 1052 1211 1276 1416 1873 2017],0.03598934393807174,94.43184716779774,3.377124625623863
776,8,28,0,[   0  312  459  491  548  838  906 1010 1052 1275 1321 1416 1873 2017],0.037558495701992996,93.73065932379374,3.6718851579126435
777,8,28,20,[   0  312  459  491  548  838  906 1010 1052 1275 1321 1416 1873 2017],0.037558495701992996,93.73065932379374,3.6718851579126435
778,8,28,40,[   0  312  459  548  906 1052 1275 1416 1873 2017],0.037558495701992996,93.73065932379374,3.6718851579126435
779,8,28,60,[   0  312  459  548  906 1052 1275 1416 1873 2017],0.037558495701992996,93.73065932379374,3.6718851579126435
780,8,29,0,[   0  198  459  531 1010 1168 1203 1321 1494 1558 1748 1873 2017],0.034341507478925566,95.11437162074942,3.7258935616982707
781,8,29,20,[   0  198  459  531 1010 1168 1203 1321 1494 1558 1748 1873 2017],0.034341507478925566,95.11437162074942,3.7258935616982707
782,8,29,40,[   0  198  459  531 1010 1168 1321 1494 1558 1748 1873 2017],0.034341507478925566,95.11437162074942,3.7258935616982707
783,8,29,60,[   0  198  459  531 1010 1168 1321 1494 1558 1748 1873 2017],0.034341507478925566,95.11437162074942,3.7258935616982707
784,8,30,0,[   0  198  459  531 1010 1168 1321 1494 1558 1748 1847 2017],0.033997572868109886,94.43952357610904,3.7336781897618403
785,8,30,20,[   0  198  459  531 1010 1168 1321 1494 1558 1748 1847 2017],0.033997572868109886,94.43952357610904,3.7336781897618403
786,8,30,40,[   0  198  459  531 1010 1168 1321 1494 1558 1748 1847 2017],0.033997572868109886,94.43952357610904,3.7336781897618403
787,8,30,60,[   0  198  459  531 1010 1168 1321 1494 1558 1748 1847 2017],0.033997572868109886,94.43952357610904,3.7336781897618403
788,8,31,0,[   0  198  459  491  548 1052 1168 1193 1416 1494 1558 1748 1847 2017],0.031061780333730304,94.45499205560843,3.497296934289011
789,8,31,20,[   0  198  459  491  548 1052 1168 1193 1416 1494 1558 1748 1847 2017],0.031061780333730304,94.45499205560843,3.497296934289011
790,8,31,40,[   0  198  459  548 1052 1193 1494 1558 1748 1847 2017],0.031061780333730304,94.45499205560843,3.497296934289011
791,8,31,60,[   0  198  459  548 1052 1193 1494 1558 1748 1847 2017],0.031061780333730304,94.45499205560843,3.497296934289011
792,8,32,0,[   0  162  459  491  548 1052 1168 1193 1416 1494 1558 1748 1847 2017],0.031478008699534085,94.36925639991426,3.5087707411761437
793,8,32,20,[   0  162  459  491  548 1052 1168 1193 1416 1494 1558 1748 1847 2017],0.031478008699534085,94.36925639991426,3.5087707411761437
794,8,32,40,[   0  162  459  548 1052 1193 1494 1558 1748 1847 2017],0.031478008699534085,94.36925639991426,3.5087707411761437
795,8,32,60,[   0  162  459  548 1052 1193 1494 1558 1748 1847 2017],0.031478008699534085,94.36925639991426,3.5087707411761437
796,8,33,0,[   0  312  498  531  728  838 1052 1168 1193 1416 1494 1517 1847 2017],0.03625665678762425,94.29701258962722,3.716177925649834
797,8,33,20,[   0  312  498  531  728  838 1052 1168 1193 1416 1494 1517 1847 2017],0.03625665678762425,94.29701258962722,3.716177925649834
798,8,33,40,[   0  312  531  728 1052 1193 1494 1847 2017],0.03625665678762425,94.29701258962722,3.716177925649834
799,8,33,60,[   0  312  531  728 1052 1193 1494 1847 2017],0.03625665678762425,94.29701258962722,3.716177925649834
800,8,34,0,"[   0  312  446  531  548  728  838 1052 1109 1193 1321 1494 1517 1847
 2017]",0.03808366615363438,95.97201528726873,3.7825767585446375
801,8,34,20,[   0  312  446  531  728  838 1052 1109 1193 1321 1494 1517 1847 2017],0.03808366615363438,95.97201528726873,3.7825767585446375
802,8,34,40,[   0  312  446  531  728  838 1052 1109 1193 1321 1494 1847 2017],0.03808366615363438,95.97201528726873,3.7825767585446375
803,8,34,60,[   0  312  446  531  728  838 1052 1193 1321 1494 1847 2017],0.03808366615363438,95.97201528726873,3.7825767585446375
804,8,35,0,[   0  312  446  531  728  838 1052 1109 1203 1493 1873 2017],0.03679301562810341,94.780451035571,3.841837046715257
805,8,35,20,[   0  312  446  531  728  838 1052 1109 1203 1493 1873 2017],0.03679301562810341,94.780451035571,3.841837046715257
806,8,35,40,[   0  312  446  531  728  838 1052 1109 1203 1493 1873 2017],0.03679301562810341,94.780451035571,3.841837046715257
807,8,35,60,[   0  312  446  531  728  838 1052 1203 1493 1873 2017],0.03679301562810341,94.780451035571,3.841837046715257
808,8,36,0,[   0  229  446  531  722 1052 1242 1275 1485 1873 2017],0.03798269337913863,94.84965590655737,3.4797022133599214
809,8,36,20,[   0  229  446  531  722 1052 1242 1275 1485 1873 2017],0.03798269337913863,94.84965590655737,3.4797022133599214
810,8,36,40,[   0  229  446  531  722 1052 1242 1321 1485 1873 2017],0.03798269337913863,94.84965590655737,3.4797022133599214
811,8,36,60,[   0  229  446  531  722 1052 1242 1321 1485 1873 2017],0.03798269337913863,94.84965590655737,3.4797022133599214
812,8,37,0,[   0  312  446  513  548  667  728  788 1046 1321 1485 1873 2017],0.038646216615110515,96.01012399594276,3.8210144001740503
813,8,37,20,[   0  312  446  513  548  667  728  788 1046 1321 1485 1873 2017],0.038646216615110515,96.01012399594276,3.8210144001740503
814,8,37,40,[   0  312  446  548  667  728  788 1046 1321 1485 1873 2017],0.038646216615110515,96.01012399594276,3.8210144001740503
815,8,37,60,[   0  312  446  548  728 1046 1321 1485 1873 2017],0.038646216615110515,96.01012399594276,3.8210144001740503
816,8,38,0,[   0  312  446  513  548  728 1052 1109 1321 1493 1558 1748 1873 2017],0.03540998504327586,99.81084539100705,3.354826871616531
817,8,38,20,[   0  312  446  513  548  728 1052 1109 1321 1493 1558 1748 1873 2017],0.03540998504327586,99.81084539100705,3.354826871616531
818,8,38,40,[   0  312  446  548  728 1052 1109 1321 1493 1558 1748 1873 2017],0.03540998504327586,99.81084539100705,3.354826871616531
819,8,38,60,[   0  312  446  548  728 1052 1321 1493 1558 1748 1873 2017],0.03540998504327586,99.81084539100705,3.354826871616531
820,8,39,0,"[   0  198  437  498  548  728 1052 1109 1416 1493 1558 1748 1873 1995
 2017]",0.03272912478432115,98.05851471240922,3.5752299033403445
821,8,39,20,"[   0  198  437  498  548  728 1052 1109 1416 1493 1558 1748 1873 1995
 2017]",0.03272912478432115,98.05851471240922,3.5752299033403445
822,8,39,40,[   0  198  437  498  548  728 1052 1109 1416 1493 1558 1748 1873 2017],0.03272912478432115,98.05851471240922,3.5752299033403445
823,8,39,60,[   0  198  437  548  728 1109 1493 1558 1748 1873 2017],0.03272912478432115,98.05851471240922,3.5752299033403445
824,8,40,0,"[   0  198  437  498  548  728  957  999 1052 1109 1321 1487 1748 1873
 1995 2017]",0.0345368302903828,98.98480008165463,3.7907969180777856
825,8,40,20,"[   0  198  437  498  548  728  957  999 1052 1109 1321 1487 1748 1873
 1995 2017]",0.0345368302903828,98.98480008165463,3.7907969180777856
826,8,40,40,[   0  198  437  498  548  728  957  999 1109 1321 1487 1748 1873 2017],0.0345368302903828,98.98480008165463,3.7907969180777856
827,8,40,60,[   0  198  437  548  728  957 1109 1321 1487 1748 1873 2017],0.0345368302903828,98.98480008165463,3.7907969180777856
828,8,41,0,[   0  198  437  498  548  722 1052 1109 1159 1321 1416 1809 2017],0.0336765444942323,96.02549428797909,3.3029387526376035
829,8,41,20,[   0  198  437  498  548  722 1052 1109 1159 1321 1416 1809 2017],0.0336765444942323,96.02549428797909,3.3029387526376035
830,8,41,40,[   0  198  437  498  548  722 1052 1109 1159 1321 1416 1809 2017],0.0336765444942323,96.02549428797909,3.3029387526376035
831,8,41,60,[   0  198  437  548  722 1052 1159 1321 1416 1809 2017],0.0336765444942323,96.02549428797909,3.3029387526376035
832,8,42,0,[   0  229  535  572  722 1052 1109 1159 1321 1382 1416 2017],0.03589256202532409,95.93208739768359,3.4811881048375684
833,8,42,20,[   0  229  535  572  722 1052 1109 1159 1321 1382 1416 2017],0.03589256202532409,95.93208739768359,3.4811881048375684
834,8,42,40,[   0  229  535  722 1052 1159 1321 1382 2017],0.03589256202532409,95.93208739768359,3.4811881048375684
835,8,42,60,[   0  229  535  722 1052 1159 1321 1382 2017],0.03589256202532409,95.93208739768359,3.4811881048375684
836,8,43,0,[   0  229  535  572  722  838 1052 1109 1159 1321 1382 1416 2017],0.036263569298942595,97.60685846685287,3.5099588205708576
837,8,43,20,[   0  229  535  572  722  838 1052 1109 1159 1321 1382 1416 2017],0.036263569298942595,97.60685846685287,3.5099588205708576
838,8,43,40,[   0  229  535  722 1052 1159 1321 1382 2017],0.036263569298942595,97.60685846685287,3.5099588205708576
839,8,43,60,[   0  229  535  722 1052 1159 1321 1382 2017],0.036263569298942595,97.60685846685287,3.5099588205708576
840,8,44,0,[   0  229  535  572  722  838 1052 1109 1159 1321 1382 1416 2017],0.0341129387324049,96.47262471567797,3.5503270343172946
841,8,44,20,[   0  229  535  572  722  838 1052 1109 1159 1321 1382 1416 2017],0.0341129387324049,96.47262471567797,3.5503270343172946
842,8,44,40,[   0  229  535  722 1052 1159 1321 1382 2017],0.0341129387324049,96.47262471567797,3.5503270343172946
843,8,44,60,[   0  229  535  722 1052 1159 1321 1382 2017],0.0341129387324049,96.47262471567797,3.5503270343172946
844,8,45,0,[   0  370  456  513  531  728 1052 1109 1159 1321 1382 1416 2017],0.03537675877448297,102.39071865089406,3.2711534757086698
845,8,45,20,[   0  370  456  531  728 1052 1109 1159 1321 1382 1416 2017],0.03537675877448297,102.39071865089406,3.2711534757086698
846,8,45,40,[   0  370  456  531  728 1052 1109 1159 1321 1382 2017],0.03537675877448297,102.39071865089406,3.2711534757086698
847,8,45,60,[   0  370  456  531  728 1052 1159 1321 1382 2017],0.03537675877448297,102.39071865089406,3.2711534757086698
848,8,46,0,[   0  370  456  513  531  728 1052 1109 1159 1317 1464 1848 2017],0.039143614737491256,101.8595525051341,3.0834380180981094
849,8,46,20,[   0  370  456  531  728 1052 1109 1159 1317 1464 1848 2017],0.039143614737491256,101.8595525051341,3.0834380180981094
850,8,46,40,[   0  370  456  531  728 1052 1109 1159 1317 1464 1848 2017],0.039143614737491256,101.8595525051341,3.0834380180981094
851,8,46,60,[   0  370  456  531  728 1052 1159 1317 1464 1848 2017],0.039143614737491256,101.8595525051341,3.0834380180981094
852,8,47,0,[   0  370  453  513  548  728 1052 1109 1159 1317 1464 1848 2017],0.039743676156413624,101.65104533822063,3.045684427638606
853,8,47,20,[   0  370  453  513  548  728 1052 1109 1159 1317 1464 1848 2017],0.039743676156413624,101.65104533822063,3.045684427638606
854,8,47,40,[   0  370  453  548  728 1052 1109 1159 1317 1464 1848 2017],0.039743676156413624,101.65104533822063,3.045684427638606
855,8,47,60,[   0  370  453  548  728 1052 1159 1317 1464 1848 2017],0.039743676156413624,101.65104533822063,3.045684427638606
856,8,48,0,[   0  370  453  513  548  728 1052 1109 1159 1317 1464 1809 2017],0.041240736705596484,102.97163121027548,3.050485360771922
857,8,48,20,[   0  370  453  513  548  728 1052 1109 1159 1317 1464 1809 2017],0.041240736705596484,102.97163121027548,3.050485360771922
858,8,48,40,[   0  370  453  548  728 1052 1109 1159 1317 1464 1809 2017],0.041240736705596484,102.97163121027548,3.050485360771922
859,8,48,60,[   0  370  453  548  728 1052 1159 1317 1464 1809 2017],0.041240736705596484,102.97163121027548,3.050485360771922
860,8,49,0,[   0  370  453  513  548  728 1052 1109 1159 1317 1464 1545 2017],0.04047661526044736,104.08212383046065,3.126406999887301
861,8,49,20,[   0  370  453  513  548  728 1052 1109 1159 1317 1464 1545 2017],0.04047661526044736,104.08212383046065,3.126406999887301
862,8,49,40,[   0  370  453  548  728 1052 1109 1159 1317 1464 1545 2017],0.04047661526044736,104.08212383046065,3.126406999887301
863,8,49,60,[   0  370  453  548  728 1052 1159 1317 1464 1545 2017],0.04047661526044736,104.08212383046065,3.126406999887301
864,8,50,0,[   0  370  446  513  548  728 1052 1109 1159 1317 1464 1545 2017],0.039952643227022105,104.72749530171635,3.1647487724889656
865,8,50,20,[   0  370  446  513  548  728 1052 1109 1159 1317 1464 1545 2017],0.039952643227022105,104.72749530171635,3.1647487724889656
866,8,50,40,[   0  370  446  548  728 1052 1109 1159 1317 1464 1545 2017],0.039952643227022105,104.72749530171635,3.1647487724889656
867,8,50,60,[   0  370  446  548  728 1052 1159 1317 1464 1545 2017],0.039952643227022105,104.72749530171635,3.1647487724889656
868,9,20,0,"[   0  157  241  370  459  531  548  728  738  992 1052 1242 1273 1741
 1746 1848 2017]",0.014563371200358024,82.302924759828,4.177263801200933
869,9,20,20,[   0  157  241  370  459  531  728 1052 1242 1273 1746 1848 2017],0.014563371200358024,82.302924759828,4.177263801200933
870,9,20,40,[   0  157  370  531  728 1052 1273 1746 1848 2017],0.014563371200358024,82.302924759828,4.177263801200933
871,9,20,60,[   0  157  370  531  728 1052 1273 1746 1848 2017],0.014563371200358024,82.302924759828,4.177263801200933
872,9,21,0,"[   0  348  459  531  728  765  856  906 1052 1109 1275 1741 1746 1873
 2017]",0.030218502128701523,84.74120400790652,3.6797230166780586
873,9,21,20,[   0  348  459  531  728  765  906 1052 1109 1275 1746 1873 2017],0.030218502128701523,84.74120400790652,3.6797230166780586
874,9,21,40,[   0  348  459  531  728  906 1052 1109 1275 1746 1873 2017],0.030218502128701523,84.74120400790652,3.6797230166780586
875,9,21,60,[   0  348  459  531  728  906 1052 1275 1746 1873 2017],0.030218502128701523,84.74120400790652,3.6797230166780586
876,9,22,0,[   0  348  459  531  728  765  838 1052 1109 1275 1741 1746 1873 2017],0.029320730868901364,84.52596129822705,3.6714792732791204
877,9,22,20,[   0  348  459  531  728  765  838 1052 1109 1275 1746 1873 2017],0.029320730868901364,84.52596129822705,3.6714792732791204
878,9,22,40,[   0  348  459  531  728  838 1052 1109 1275 1746 1873 2017],0.029320730868901364,84.52596129822705,3.6714792732791204
879,9,22,60,[   0  348  459  531  728 1052 1275 1746 1873 2017],0.029320730868901364,84.52596129822705,3.6714792732791204
880,9,23,0,[   0  348  459  531  728  765  856 1052 1109 1275 1741 1746 1873 2017],0.030135811838549218,85.09430741491761,3.682276351024795
881,9,23,20,[   0  348  459  531  728  765  856 1052 1109 1275 1746 1873 2017],0.030135811838549218,85.09430741491761,3.682276351024795
882,9,23,40,[   0  348  459  531  728  856 1052 1109 1275 1746 1873 2017],0.030135811838549218,85.09430741491761,3.682276351024795
883,9,23,60,[   0  348  459  531  728  957 1109 1275 1746 1873 2017],0.030135811838549218,85.09430741491761,3.682276351024795
884,9,24,0,"[   0  197  345  370  513  531  548  722 1052 1109 1211 1273 1741 1746
 1873 2017]",0.021090309550020055,86.30600008766964,3.5380647222147266
885,9,24,20,[   0  197  345  370  531  722 1052 1109 1273 1746 1873 2017],0.021090309550020055,86.30600008766964,3.5380647222147266
886,9,24,40,[   0  197  370  531  722 1052 1109 1273 1746 1873 2017],0.021090309550020055,86.30600008766964,3.5380647222147266
887,9,24,60,[   0  197  370  531  722 1052 1273 1746 1873 2017],0.021090309550020055,86.30600008766964,3.5380647222147266
888,9,25,0,"[   0  348  459  491  548  728  765  844  957 1052 1109 1211 1273 1741
 1746 1873 2017]",0.029260052638272995,86.24167785227783,3.6316905632774286
889,9,25,20,"[   0  348  459  491  548  728  765  844  957 1052 1109 1211 1273 1746
 1873 2017]",0.029260052638272995,86.24167785227783,3.6316905632774286
890,9,25,40,[   0  348  491  548  728  844  957 1052 1109 1211 1273 1746 1873 2017],0.029260052638272995,86.24167785227783,3.6316905632774286
891,9,25,60,[   0  348  548  728 1052 1273 1746 1873 2017],0.029260052638272995,86.24167785227783,3.6316905632774286
892,9,26,0,"[   0  348  459  491  548  728  765  844  906 1052 1109 1249 1275 1416
 1873 2017]",0.033769789943628926,86.08424163035687,3.354826807736222
893,9,26,20,"[   0  348  459  491  548  728  765  844  906 1052 1109 1249 1275 1416
 1873 2017]",0.033769789943628926,86.08424163035687,3.354826807736222
894,9,26,40,[   0  348  491  548  728  906 1052 1109 1275 1416 1873 2017],0.033769789943628926,86.08424163035687,3.354826807736222
895,9,26,60,[   0  348  548  728  906 1052 1275 1416 1873 2017],0.033769789943628926,86.08424163035687,3.354826807736222
896,9,27,0,"[   0  312  459  491  548  567  722 1052 1109 1211 1276 1416 1741 1746
 1873 1915 2017]",0.0277840166786792,86.59569263752782,3.497917818048064
897,9,27,20,[   0  312  459  491  567  722 1052 1109 1211 1276 1416 1746 1873 2017],0.0277840166786792,86.59569263752782,3.497917818048064
898,9,27,40,[   0  312  491  567  722 1052 1109 1211 1276 1416 1746 1873 2017],0.0277840166786792,86.59569263752782,3.497917818048064
899,9,27,60,[   0  312  491  567  722 1052 1211 1276 1416 1746 1873 2017],0.0277840166786792,86.59569263752782,3.497917818048064
900,9,28,0,[   0  312  459  491  548  728  765  838  906 1052 1275 1416 1873 2017],0.0372687496077014,86.56571997194192,3.544382155796277
901,9,28,20,[   0  312  459  491  548  728  765  838  906 1052 1275 1416 1873 2017],0.0372687496077014,86.56571997194192,3.544382155796277
902,9,28,40,[   0  312  459  548  728  906 1052 1275 1416 1873 2017],0.0372687496077014,86.56571997194192,3.544382155796277
903,9,28,60,[   0  312  459  548  728  906 1052 1275 1416 1873 2017],0.0372687496077014,86.56571997194192,3.544382155796277
904,9,29,0,[   0  198  459  531  722 1010 1168 1203 1321 1494 1558 1748 1873 2017],0.0372950873324191,87.89725416222926,3.693808877310371
905,9,29,20,[   0  198  459  531  722 1010 1168 1203 1321 1494 1558 1748 1873 2017],0.0372950873324191,87.89725416222926,3.693808877310371
906,9,29,40,[   0  198  459  531  722 1010 1168 1321 1494 1558 1748 1873 2017],0.0372950873324191,87.89725416222926,3.693808877310371
907,9,29,60,[   0  198  459  531  722 1010 1168 1321 1494 1558 1748 1873 2017],0.0372950873324191,87.89725416222926,3.693808877310371
908,9,30,0,[   0  198  459  531  722 1010 1168 1203 1321 1494 1558 1748 1847 2017],0.0352834654234902,87.46867908144404,3.553481152792511
909,9,30,20,[   0  198  459  531  722 1010 1168 1203 1321 1494 1558 1748 1847 2017],0.0352834654234902,87.46867908144404,3.553481152792511
910,9,30,40,[   0  198  459  531  722 1010 1168 1321 1494 1558 1748 1847 2017],0.0352834654234902,87.46867908144404,3.553481152792511
911,9,30,60,[   0  198  459  531  722 1010 1168 1321 1494 1558 1748 1847 2017],0.0352834654234902,87.46867908144404,3.553481152792511
912,9,31,0,"[   0  198  459  491  548  856  932 1052 1168 1193 1416 1494 1558 1748
 1847 2017]",0.03235149651568389,86.82853513349853,3.7288835807280805
913,9,31,20,"[   0  198  459  491  548  856  932 1052 1168 1193 1416 1494 1558 1748
 1847 2017]",0.03235149651568389,86.82853513349853,3.7288835807280805
914,9,31,40,[   0  198  459  548  856 1052 1193 1494 1558 1748 1847 2017],0.03235149651568389,86.82853513349853,3.7288835807280805
915,9,31,60,[   0  198  459  548  856 1052 1193 1494 1558 1748 1847 2017],0.03235149651568389,86.82853513349853,3.7288835807280805
916,9,32,0,"[   0  162  459  491  548  906 1052 1168 1193 1416 1494 1558 1748 1847
 2017]",0.03295885201127107,86.83734909844604,3.7662378401925967
917,9,32,20,"[   0  162  459  491  548  906 1052 1168 1193 1416 1494 1558 1748 1847
 2017]",0.03295885201127107,86.83734909844604,3.7662378401925967
918,9,32,40,[   0  162  459  548  906 1052 1193 1494 1558 1748 1847 2017],0.03295885201127107,86.83734909844604,3.7662378401925967
919,9,32,60,[   0  162  459  548  906 1052 1193 1494 1558 1748 1847 2017],0.03295885201127107,86.83734909844604,3.7662378401925967
920,9,33,0,"[   0  312  498  531  728  838 1052 1168 1193 1416 1494 1558 1748 1847
 2017]",0.035000155592836334,87.36165136413257,3.7168810478951966
921,9,33,20,"[   0  312  498  531  728  838 1052 1168 1193 1416 1494 1558 1748 1847
 2017]",0.035000155592836334,87.36165136413257,3.7168810478951966
922,9,33,40,[   0  312  531  728 1052 1193 1494 1558 1748 1847 2017],0.035000155592836334,87.36165136413257,3.7168810478951966
923,9,33,60,[   0  312  531  728 1052 1193 1494 1558 1748 1847 2017],0.035000155592836334,87.36165136413257,3.7168810478951966
924,9,34,0,"[   0  312  446  531  728  838 1052 1109 1193 1321 1494 1558 1748 1847
 2017]",0.03669523240391483,88.8699493318942,3.858968669370721
925,9,34,20,"[   0  312  446  531  728  838 1052 1109 1193 1321 1494 1558 1748 1847
 2017]",0.03669523240391483,88.8699493318942,3.858968669370721
926,9,34,40,"[   0  312  446  531  728  838 1052 1109 1193 1321 1494 1558 1748 1847
 2017]",0.03669523240391483,88.8699493318942,3.858968669370721
927,9,34,60,[   0  312  446  531  728  838 1052 1193 1321 1494 1558 1748 1847 2017],0.03669523240391483,88.8699493318942,3.858968669370721
928,9,35,0,[   0  312  446  531  728  838 1052 1109 1203 1493 1558 1748 1873 2017],0.03503560101370961,87.83463371187588,3.8775753742664896
929,9,35,20,[   0  312  446  531  728  838 1052 1109 1203 1493 1558 1748 1873 2017],0.03503560101370961,87.83463371187588,3.8775753742664896
930,9,35,40,[   0  312  446  531  728  838 1052 1109 1203 1493 1558 1748 1873 2017],0.03503560101370961,87.83463371187588,3.8775753742664896
931,9,35,60,[   0  312  446  531  728  838 1052 1203 1493 1558 1748 1873 2017],0.03503560101370961,87.83463371187588,3.8775753742664896
932,9,36,0,[   0  229  446  531  722 1052 1242 1275 1485 1558 1748 1873 2017],0.036664760046243715,87.92614880342421,3.5001818244735587
933,9,36,20,[   0  229  446  531  722 1052 1242 1275 1493 1558 1748 1873 2017],0.036664760046243715,87.92614880342421,3.5001818244735587
934,9,36,40,[   0  229  446  531  722 1052 1242 1321 1493 1558 1748 1873 2017],0.036664760046243715,87.92614880342421,3.5001818244735587
935,9,36,60,[   0  229  446  531  722 1052 1242 1321 1493 1558 1748 1873 2017],0.036664760046243715,87.92614880342421,3.5001818244735587
936,9,37,0,"[   0  312  446  513  548  667  728  788 1046 1321 1493 1558 1748 1873
 2017]",0.03605685170522671,88.97155816093324,3.8450645858859227
937,9,37,20,"[   0  312  446  513  548  667  728  788 1046 1321 1493 1558 1748 1873
 2017]",0.03605685170522671,88.97155816093324,3.8450645858859227
938,9,37,40,[   0  312  446  548  667  728  788 1046 1321 1493 1558 1748 1873 2017],0.03605685170522671,88.97155816093324,3.8450645858859227
939,9,37,60,[   0  312  446  548  667  728 1046 1321 1493 1558 1748 1873 2017],0.03605685170522671,88.97155816093324,3.8450645858859227
940,9,38,0,"[   0  312  446  513  548  728 1052 1109 1159 1321 1416 1493 1558 1748
 1873 2017]",0.030302568410218115,91.07776019010984,3.4983016682780765
941,9,38,20,"[   0  312  446  513  548  728 1052 1109 1159 1321 1416 1493 1558 1748
 1873 2017]",0.030302568410218115,91.07776019010984,3.4983016682780765
942,9,38,40,"[   0  312  446  548  728 1052 1109 1159 1321 1416 1493 1558 1748 1873
 2017]",0.030302568410218115,91.07776019010984,3.4983016682780765
943,9,38,60,[   0  312  446  548  728 1052 1159 1321 1416 1493 1558 1748 1873 2017],0.030302568410218115,91.07776019010984,3.4983016682780765
944,9,39,0,"[   0  198  437  498  548  728  838  906 1052 1109 1416 1485 1493 1558
 1748 1873 1995 2017]",0.033135394050027696,90.45657964282387,3.700151648921418
945,9,39,20,"[   0  198  437  498  548  728  838  906 1052 1109 1416 1493 1558 1748
 1873 1995 2017]",0.033135394050027696,90.45657964282387,3.700151648921418
946,9,39,40,"[   0  198  437  498  548  728  838  906 1052 1109 1416 1493 1558 1748
 1873 2017]",0.033135394050027696,90.45657964282387,3.700151648921418
947,9,39,60,[   0  198  437  548  728  906 1109 1493 1558 1748 1873 2017],0.033135394050027696,90.45657964282387,3.700151648921418
948,9,40,0,"[   0  198  437  498  548  728  957  999 1052 1109 1159 1321 1416 1487
 1748 1873 1995 2017]",0.031188147805003577,91.25067829868709,3.6708147120237533
949,9,40,20,"[   0  198  437  498  548  728  957  999 1052 1109 1159 1321 1416 1487
 1748 1873 1995 2017]",0.031188147805003577,91.25067829868709,3.6708147120237533
950,9,40,40,"[   0  198  437  498  548  728  957  999 1052 1109 1159 1321 1416 1487
 1748 1873 2017]",0.031188147805003577,91.25067829868709,3.6708147120237533
951,9,40,60,[   0  198  437  548  728  957 1052 1159 1321 1416 1487 1748 1873 2017],0.031188147805003577,91.25067829868709,3.6708147120237533
952,9,41,0,"[   0  198  437  498  548  722  999 1052 1109 1159 1321 1416 1487 1724
 1809 2017]",0.03174313439911395,88.19313264004042,3.354761546412403
953,9,41,20,"[   0  198  437  498  548  722  999 1052 1109 1159 1321 1416 1487 1724
 1809 2017]",0.03174313439911395,88.19313264004042,3.354761546412403
954,9,41,40,"[   0  198  437  498  548  722  999 1052 1109 1159 1321 1416 1487 1724
 1809 2017]",0.03174313439911395,88.19313264004042,3.354761546412403
955,9,41,60,[   0  198  437  548  722 1052 1159 1321 1416 1487 1724 1809 2017],0.03174313439911395,88.19313264004042,3.354761546412403
956,9,42,0,"[   0  229  535  572  722  999 1052 1109 1159 1321 1382 1416 1848 1873
 2017]",0.037870973741694826,88.56419767771868,3.3818867551974696
957,9,42,20,"[   0  229  535  572  722  999 1052 1109 1159 1321 1382 1416 1848 1873
 2017]",0.037870973741694826,88.56419767771868,3.3818867551974696
958,9,42,40,[   0  229  535  722 1052 1159 1321 1382 1873 2017],0.037870973741694826,88.56419767771868,3.3818867551974696
959,9,42,60,[   0  229  535  722 1052 1159 1321 1382 1873 2017],0.037870973741694826,88.56419767771868,3.3818867551974696
960,9,43,0,"[   0  229  535  572  722  838 1052 1109 1159 1321 1382 1416 1848 1873
 2017]",0.03837895007871015,89.99587552222306,3.399256794345483
961,9,43,20,"[   0  229  535  572  722  838 1052 1109 1159 1321 1382 1416 1848 1873
 2017]",0.03837895007871015,89.99587552222306,3.399256794345483
962,9,43,40,[   0  229  535  722 1052 1159 1321 1382 1873 2017],0.03837895007871015,89.99587552222306,3.399256794345483
963,9,43,60,[   0  229  535  722 1052 1159 1321 1382 1873 2017],0.03837895007871015,89.99587552222306,3.399256794345483
964,9,44,0,"[   0  229  535  572  722  838 1052 1109 1159 1321 1382 1416 1848 1873
 2017]",0.036267478050269364,88.9764457651609,3.4390705503022754
965,9,44,20,"[   0  229  535  572  722  838 1052 1109 1159 1321 1382 1416 1848 1873
 2017]",0.036267478050269364,88.9764457651609,3.4390705503022754
966,9,44,40,[   0  229  535  722 1052 1159 1321 1382 1873 2017],0.036267478050269364,88.9764457651609,3.4390705503022754
967,9,44,60,[   0  229  535  722 1052 1159 1321 1382 1873 2017],0.036267478050269364,88.9764457651609,3.4390705503022754
968,9,45,0,"[   0  370  456  513  531  728  838  906 1052 1109 1159 1321 1382 1416
 2017]",0.03499905170927176,94.53700205716592,3.3246602205888696
969,9,45,20,[   0  370  456  531  728  838  906 1052 1109 1159 1321 1382 1416 2017],0.03499905170927176,94.53700205716592,3.3246602205888696
970,9,45,40,[   0  370  456  531  728  838  906 1052 1109 1159 1321 1382 2017],0.03499905170927176,94.53700205716592,3.3246602205888696
971,9,45,60,[   0  370  456  531  728  838  906 1052 1159 1321 1382 2017],0.03499905170927176,94.53700205716592,3.3246602205888696
972,9,46,0,"[   0  370  456  513  531  728  838  906 1052 1109 1159 1317 1464 1848
 2017]",0.03797583788730456,94.24493743040128,3.1665196461112433
973,9,46,20,[   0  370  456  531  728  838  906 1052 1109 1159 1317 1464 1848 2017],0.03797583788730456,94.24493743040128,3.1665196461112433
974,9,46,40,[   0  370  456  531  728  838  906 1052 1109 1159 1317 1464 1848 2017],0.03797583788730456,94.24493743040128,3.1665196461112433
975,9,46,60,[   0  370  456  531  728  838  906 1052 1159 1317 1464 1848 2017],0.03797583788730456,94.24493743040128,3.1665196461112433
976,9,47,0,"[   0  370  453  513  548  728  838  906 1052 1109 1159 1317 1464 1848
 2017]",0.03842321650567412,93.78181173019397,3.147148646178437
977,9,47,20,"[   0  370  453  513  548  728  838  906 1052 1109 1159 1317 1464 1848
 2017]",0.03842321650567412,93.78181173019397,3.147148646178437
978,9,47,40,[   0  370  453  548  728  838  906 1052 1109 1159 1317 1464 1848 2017],0.03842321650567412,93.78181173019397,3.147148646178437
979,9,47,60,[   0  370  453  548  728  838  906 1052 1159 1317 1464 1848 2017],0.03842321650567412,93.78181173019397,3.147148646178437
980,9,48,0,"[   0  370  453  513  548  728  838  906 1052 1109 1159 1317 1464 1809
 2017]",0.040014992550114446,94.93982224486028,3.148450279742168
981,9,48,20,"[   0  370  453  513  548  728  838  906 1052 1109 1159 1317 1464 1809
 2017]",0.040014992550114446,94.93982224486028,3.148450279742168
982,9,48,40,[   0  370  453  548  728  838  906 1052 1109 1159 1317 1464 1809 2017],0.040014992550114446,94.93982224486028,3.148450279742168
983,9,48,60,[   0  370  453  548  728  838  906 1052 1159 1317 1464 1809 2017],0.040014992550114446,94.93982224486028,3.148450279742168
984,9,49,0,"[   0  370  453  513  548  728  838  906 1052 1109 1159 1317 1464 1545
 2017]",0.03986409596849566,95.96964985747505,3.2191620814559236
985,9,49,20,"[   0  370  453  513  548  728  838  906 1052 1109 1159 1317 1464 1545
 2017]",0.03986409596849566,95.96964985747505,3.2191620814559236
986,9,49,40,[   0  370  453  548  728  838  906 1052 1109 1159 1317 1464 1545 2017],0.03986409596849566,95.96964985747505,3.2191620814559236
987,9,49,60,[   0  370  453  548  728  838  906 1052 1159 1317 1464 1545 2017],0.03986409596849566,95.96964985747505,3.2191620814559236
988,9,50,0,"[   0  370  446  513  548  728  838  906 1052 1109 1159 1317 1464 1545
 2017]",0.039497424256084684,96.55051503585709,3.254020642221739
989,9,50,20,"[   0  370  446  513  548  728  838  906 1052 1109 1159 1317 1464 1545
 2017]",0.039497424256084684,96.55051503585709,3.254020642221739
990,9,50,40,[   0  370  446  548  728  838  906 1052 1109 1159 1317 1464 1545 2017],0.039497424256084684,96.55051503585709,3.254020642221739
991,9,50,60,[   0  370  446  548  728  838  906 1052 1159 1317 1464 1545 2017],0.039497424256084684,96.55051503585709,3.254020642221739
992,10,20,0,"[   0  157  241  370  459  531  548  728  738  992 1052 1242 1273 1494
 1538 1741 1746 1848 2017]",0.015893283938377314,75.40113916805765,4.451112831679009
993,10,20,20,"[   0  157  241  370  459  531  728  992 1052 1242 1273 1494 1538 1746
 1848 2017]",0.015893283938377314,75.40113916805765,4.451112831679009
994,10,20,40,[   0  157  241  370  459  531  728 1052 1273 1494 1538 1746 1848 2017],0.015893283938377314,75.40113916805765,4.451112831679009
995,10,20,60,[   0  157  370  459  531  728 1052 1273 1494 1746 1848 2017],0.015893283938377314,75.40113916805765,4.451112831679009
996,10,21,0,"[   0  348  459  531  573  684  728  765  856  906 1052 1109 1275 1741
 1746 1873 2017]",0.028241571517526428,78.34105288551316,3.5594650424735415
997,10,21,20,"[   0  348  459  531  573  728  765  856  906 1052 1109 1275 1746 1873
 2017]",0.028241571517526428,78.34105288551316,3.5594650424735415
998,10,21,40,"[   0  348  459  531  573  684  765  856  906 1052 1109 1275 1746 1873
 2017]",0.028241571517526428,78.34105288551316,3.5594650424735415
999,10,21,60,[   0  348  459  531  684  765  906 1052 1275 1746 1873 2017],0.028241571517526428,78.34105288551316,3.5594650424735415
1000,10,22,0,"[   0  348  459  531  573  728  765  838 1052 1109 1275 1741 1746 1873
 2017]",0.02737588785096009,78.07194228841217,3.5767333121829425
1001,10,22,20,[   0  348  459  531  573  728  765  838 1052 1109 1275 1746 1873 2017],0.02737588785096009,78.07194228841217,3.5767333121829425
1002,10,22,40,[   0  348  459  531  573  684  765  838 1052 1109 1275 1746 1873 2017],0.02737588785096009,78.07194228841217,3.5767333121829425
1003,10,22,60,[   0  348  459  531  684  765  838 1052 1275 1746 1873 2017],0.02737588785096009,78.07194228841217,3.5767333121829425
1004,10,23,0,"[   0  348  459  531  573  684  728  765  856  957 1052 1109 1275 1741
 1746 1873 2017]",0.02826337363946736,78.69234485306171,3.5592282515156057
1005,10,23,20,[   0  348  459  531  573  728  765  856 1052 1109 1275 1746 1873 2017],0.02826337363946736,78.69234485306171,3.5592282515156057
1006,10,23,40,"[   0  348  459  531  573  684  765  856  957 1052 1109 1275 1746 1873
 2017]",0.02826337363946736,78.69234485306171,3.5592282515156057
1007,10,23,60,[   0  348  459  531  684  765  856  957 1109 1275 1746 1873 2017],0.02826337363946736,78.69234485306171,3.5592282515156057
1008,10,24,0,"[   0  197  345  370  513  531  548  722  728  765 1052 1109 1211 1273
 1741 1746 1873 2017]",0.019726389445234332,79.64201161612753,3.4402293451877752
1009,10,24,20,[   0  197  345  370  531  728  765 1052 1109 1273 1746 1873 2017],0.019726389445234332,79.64201161612753,3.4402293451877752
1010,10,24,40,[   0  197  370  531  728 1052 1109 1273 1746 1873 2017],0.019726389445234332,79.64201161612753,3.4402293451877752
1011,10,24,60,[   0  197  370  531  728 1052 1273 1746 1873 2017],0.019726389445234332,79.64201161612753,3.4402293451877752
1012,10,25,0,"[   0  348  459  491  548  728  765  844  957 1052 1109 1211 1273 1741
 1746 1873 2017]",0.027874368567439547,80.32832409055312,3.5391547052231616
1013,10,25,20,"[   0  348  459  491  548  728  765  844  957 1052 1109 1211 1273 1746
 1873 2017]",0.027874368567439547,80.32832409055312,3.5391547052231616
1014,10,25,40,[   0  348  491  548  728  844  957 1052 1109 1211 1273 1746 1873 2017],0.027874368567439547,80.32832409055312,3.5391547052231616
1015,10,25,60,[   0  348  548  728 1052 1273 1746 1873 2017],0.027874368567439547,80.32832409055312,3.5391547052231616
1016,10,26,0,"[   0  348  459  491  548  728  765  844  906 1052 1109 1249 1275 1416
 1873 2017]",0.03280047356077186,80.02266143104228,3.462292829337553
1017,10,26,20,"[   0  348  459  491  548  728  765  844  906 1052 1109 1249 1275 1416
 1873 2017]",0.03280047356077186,80.02266143104228,3.462292829337553
1018,10,26,40,[   0  348  491  548  728  906 1052 1109 1275 1416 1873 2017],0.03280047356077186,80.02266143104228,3.462292829337553
1019,10,26,60,[   0  348  548  728  906 1052 1275 1416 1873 2017],0.03280047356077186,80.02266143104228,3.462292829337553
1020,10,27,0,"[   0  312  459  491  548  567  722 1052 1109 1211 1276 1416 1558 1680
 1741 1746 1873 1915 2017]",0.02813520497366059,79.44794114408799,3.635333231014483
1021,10,27,20,"[   0  312  459  491  567  722 1052 1109 1211 1276 1416 1558 1680 1746
 1873 1915 2017]",0.02813520497366059,79.44794114408799,3.635333231014483
1022,10,27,40,"[   0  312  491  567  722 1052 1109 1211 1276 1416 1558 1680 1746 1873
 2017]",0.02813520497366059,79.44794114408799,3.635333231014483
1023,10,27,60,[   0  312  491  567  722 1052 1211 1276 1416 1558 1680 1746 1873 2017],0.02813520497366059,79.44794114408799,3.635333231014483
1024,10,28,0,[   0  312  459  491  548  728  765  838  906 1052 1275 1416 1873 2017],0.03467412198761691,80.53328886683717,3.519192071933959
1025,10,28,20,[   0  312  459  491  548  728  765  838  906 1052 1275 1416 1873 2017],0.03467412198761691,80.53328886683717,3.519192071933959
1026,10,28,40,[   0  312  459  548  728  906 1052 1275 1416 1873 2017],0.03467412198761691,80.53328886683717,3.519192071933959
1027,10,28,60,[   0  312  459  548  728  906 1052 1275 1416 1873 2017],0.03467412198761691,80.53328886683717,3.519192071933959
1028,10,29,0,[   0  198  459  531  722 1010 1168 1276 1416 1494 1558 1748 1873 2017],0.03216526806158361,82.16331142112465,3.539020734906038
1029,10,29,20,[   0  198  459  531  722 1010 1168 1276 1416 1494 1558 1748 1873 2017],0.03216526806158361,82.16331142112465,3.539020734906038
1030,10,29,40,[   0  198  459  531  722 1010 1168 1276 1416 1494 1558 1748 1873 2017],0.03216526806158361,82.16331142112465,3.539020734906038
1031,10,29,60,[   0  198  459  531  722 1010 1168 1276 1416 1494 1558 1748 1873 2017],0.03216526806158361,82.16331142112465,3.539020734906038
1032,10,30,0,[   0  198  459  531  722 1010 1168 1276 1416 1494 1558 1748 1847 2017],0.030516040315237438,81.77218524201352,3.4966957528218274
1033,10,30,20,[   0  198  459  531  722 1010 1168 1276 1416 1494 1558 1748 1847 2017],0.030516040315237438,81.77218524201352,3.4966957528218274
1034,10,30,40,[   0  198  459  531  722 1010 1168 1276 1416 1494 1558 1748 1847 2017],0.030516040315237438,81.77218524201352,3.4966957528218274
1035,10,30,60,[   0  198  459  531  722 1010 1168 1276 1416 1494 1558 1748 1847 2017],0.030516040315237438,81.77218524201352,3.4966957528218274
1036,10,31,0,"[   0  198  459  491  548  728  765  856  932 1052 1168 1193 1416 1494
 1558 1748 1847 2017]",0.033171345327430504,81.21810191638541,3.6386607956594523
1037,10,31,20,"[   0  198  459  491  548  728  765  856  932 1052 1168 1193 1416 1494
 1558 1748 1847 2017]",0.033171345327430504,81.21810191638541,3.6386607956594523
1038,10,31,40,[   0  198  459  548  728  932 1052 1193 1494 1558 1748 1847 2017],0.033171345327430504,81.21810191638541,3.6386607956594523
1039,10,31,60,[   0  198  459  548  728  932 1052 1193 1494 1558 1748 1847 2017],0.033171345327430504,81.21810191638541,3.6386607956594523
1040,10,32,0,"[   0  162  459  491  548  728  765  844  906 1052 1168 1193 1416 1494
 1558 1748 1847 2017]",0.033946136716145846,81.43448894647459,3.652439104878372
1041,10,32,20,"[   0  162  459  491  548  728  765  844  906 1052 1168 1193 1416 1494
 1558 1748 1847 2017]",0.033946136716145846,81.43448894647459,3.652439104878372
1042,10,32,40,[   0  162  459  548  728  906 1052 1193 1494 1558 1748 1847 2017],0.033946136716145846,81.43448894647459,3.652439104878372
1043,10,32,60,[   0  162  459  548  728  906 1052 1193 1494 1558 1748 1847 2017],0.033946136716145846,81.43448894647459,3.652439104878372
1044,10,33,0,"[   0  312  498  531  722  838 1052 1168 1193 1416 1494 1558 1748 1847
 2017]",0.03417800808777622,81.46344126570403,3.774370889968195
1045,10,33,20,"[   0  312  498  531  722  838 1052 1168 1193 1416 1494 1558 1748 1847
 2017]",0.03417800808777622,81.46344126570403,3.774370889968195
1046,10,33,40,[   0  312  531  722 1052 1193 1494 1558 1748 1847 2017],0.03417800808777622,81.46344126570403,3.774370889968195
1047,10,33,60,[   0  312  531  722 1052 1193 1494 1558 1748 1847 2017],0.03417800808777622,81.46344126570403,3.774370889968195
1048,10,34,0,"[   0  312  446  531  722  838 1052 1109 1193 1321 1494 1558 1748 1847
 2017]",0.035503933961897514,82.84290313890865,3.7103501946266135
1049,10,34,20,"[   0  312  446  531  722  838 1052 1109 1193 1321 1494 1558 1748 1847
 2017]",0.035503933961897514,82.84290313890865,3.7103501946266135
1050,10,34,40,"[   0  312  446  531  722  838 1052 1109 1193 1321 1494 1558 1748 1847
 2017]",0.035503933961897514,82.84290313890865,3.7103501946266135
1051,10,34,60,[   0  312  446  531  722  838 1052 1193 1321 1494 1558 1748 1847 2017],0.035503933961897514,82.84290313890865,3.7103501946266135
1052,10,35,0,"[   0  312  446  531  728  838 1052 1109 1203 1416 1493 1558 1748 1873
 2017]",0.03171696708042668,81.97974220983974,3.6959755794994975
1053,10,35,20,"[   0  312  446  531  728  838 1052 1109 1203 1416 1493 1558 1748 1873
 2017]",0.03171696708042668,81.97974220983974,3.6959755794994975
1054,10,35,40,"[   0  312  446  531  728  838 1052 1109 1203 1416 1493 1558 1748 1873
 2017]",0.03171696708042668,81.97974220983974,3.6959755794994975
1055,10,35,60,[   0  312  446  531  728  838 1052 1203 1493 1558 1748 1873 2017],0.03171696708042668,81.97974220983974,3.6959755794994975
1056,10,36,0,"[   0   54  167  229  446  531  722 1052 1242 1275 1485 1558 1748 1873
 2017]",0.03682274864855279,82.01577555179264,3.2989979831680776
1057,10,36,20,"[   0   54  167  229  446  531  722 1052 1242 1275 1493 1558 1748 1873
 2017]",0.03682274864855279,82.01577555179264,3.2989979831680776
1058,10,36,40,"[   0   54  167  229  446  531  722 1052 1242 1321 1493 1558 1748 1873
 2017]",0.03682274864855279,82.01577555179264,3.2989979831680776
1059,10,36,60,[   0  167  229  446  531  722 1052 1242 1321 1493 1558 1748 1873 2017],0.03682274864855279,82.01577555179264,3.2989979831680776
1060,10,37,0,"[   0  167  312  446  513  548  667  728  788 1046 1321 1493 1558 1748
 1873 2017]",0.033274190678654114,82.54202020137696,3.686847638756061
1061,10,37,20,"[   0  167  312  446  513  548  667  728  788 1046 1321 1493 1558 1748
 1873 2017]",0.033274190678654114,82.54202020137696,3.686847638756061
1062,10,37,40,"[   0  167  312  446  548  667  728  788 1046 1321 1493 1558 1748 1873
 2017]",0.033274190678654114,82.54202020137696,3.686847638756061
1063,10,37,60,[   0  167  312  446  548  667  728 1046 1321 1493 1558 1748 1873 2017],0.033274190678654114,82.54202020137696,3.686847638756061
1064,10,38,0,"[   0  312  446  513  548  728  838  906 1052 1109 1159 1321 1416 1485
 1493 1558 1748 1873 2017]",0.03235695810048411,84.98021688148239,3.594790020669077
1065,10,38,20,"[   0  312  446  513  548  728  838  906 1052 1109 1159 1321 1416 1493
 1558 1748 1873 2017]",0.03235695810048411,84.98021688148239,3.594790020669077
1066,10,38,40,"[   0  312  446  548  728  838  906 1052 1109 1159 1321 1416 1493 1558
 1748 1873 2017]",0.03235695810048411,84.98021688148239,3.594790020669077
1067,10,38,60,"[   0  312  446  548  728  838  906 1052 1159 1321 1416 1493 1558 1748
 1873 2017]",0.03235695810048411,84.98021688148239,3.594790020669077
1068,10,39,0,"[   0  198  437  498  548  728  838  906 1052 1109 1159 1321 1416 1485
 1493 1558 1748 1873 1995 2017]",0.028209153596506106,84.62539903941956,3.6658266549573937
1069,10,39,20,"[   0  198  437  498  548  728  838  906 1052 1109 1159 1321 1416 1493
 1558 1748 1873 1995 2017]",0.028209153596506106,84.62539903941956,3.6658266549573937
1070,10,39,40,"[   0  198  437  498  548  728  838  906 1052 1109 1159 1321 1416 1493
 1558 1748 1873 2017]",0.028209153596506106,84.62539903941956,3.6658266549573937
1071,10,39,60,"[   0  198  437  548  728  906 1052 1159 1321 1416 1493 1558 1748 1873
 2017]",0.028209153596506106,84.62539903941956,3.6658266549573937
1072,10,40,0,"[   0  167  198  437  498  548  728  957  999 1052 1109 1159 1321 1416
 1487 1748 1873 1995 2017]",0.02908950061799944,84.66191537283606,3.5058167888214937
1073,10,40,20,"[   0  167  198  437  498  548  728  957  999 1052 1109 1159 1321 1416
 1487 1748 1873 1995 2017]",0.02908950061799944,84.66191537283606,3.5058167888214937
1074,10,40,40,"[   0  198  437  498  548  728  957  999 1052 1109 1159 1321 1416 1487
 1748 1873 2017]",0.02908950061799944,84.66191537283606,3.5058167888214937
1075,10,40,60,[   0  198  437  548  728  957 1052 1159 1321 1416 1487 1748 1873 2017],0.02908950061799944,84.66191537283606,3.5058167888214937
1076,10,41,0,"[   0  167  198  437  498  548  722  999 1052 1109 1159 1321 1416 1487
 1724 1809 2017]",0.030543468431244017,81.95345040585218,3.188253636562506
1077,10,41,20,"[   0  167  198  437  498  548  722  999 1052 1109 1159 1321 1416 1487
 1724 1809 2017]",0.030543468431244017,81.95345040585218,3.188253636562506
1078,10,41,40,"[   0  198  437  498  548  722  999 1052 1109 1159 1321 1416 1487 1724
 1809 2017]",0.030543468431244017,81.95345040585218,3.188253636562506
1079,10,41,60,[   0  198  437  548  722 1052 1159 1321 1416 1487 1724 1809 2017],0.030543468431244017,81.95345040585218,3.188253636562506
1080,10,42,0,"[   0   54  167  229  535  548  572  722  999 1052 1109 1159 1321 1382
 1416 1848 1873 2017]",0.03788224936548334,82.45726824859996,3.186074265457602
1081,10,42,20,"[   0   54  167  229  535  572  722  999 1052 1109 1159 1321 1382 1416
 1848 1873 2017]",0.03788224936548334,82.45726824859996,3.186074265457602
1082,10,42,40,[   0  167  229  535  722 1052 1159 1321 1382 1873 2017],0.03788224936548334,82.45726824859996,3.186074265457602
1083,10,42,60,[   0  167  229  535  722 1052 1159 1321 1382 1873 2017],0.03788224936548334,82.45726824859996,3.186074265457602
1084,10,43,0,"[   0   54  167  229  535  548  572  722  838 1052 1109 1159 1321 1382
 1416 1848 1873 2017]",0.03838620531112889,83.76131812291105,3.2017073006908134
1085,10,43,20,"[   0   54  167  229  535  572  722  838 1052 1109 1159 1321 1382 1416
 1848 1873 2017]",0.03838620531112889,83.76131812291105,3.2017073006908134
1086,10,43,40,[   0   54  167  229  535  722  838 1052 1159 1321 1382 1873 2017],0.03838620531112889,83.76131812291105,3.2017073006908134
1087,10,43,60,[   0  167  229  535  722 1052 1159 1321 1382 1873 2017],0.03838620531112889,83.76131812291105,3.2017073006908134
1088,10,44,0,"[   0   54  167  229  535  548  572  722  838 1052 1109 1159 1321 1382
 1416 1848 1873 2017]",0.03649072720565359,82.84618176131254,3.2385705598015044
1089,10,44,20,"[   0   54  167  229  535  572  722  838 1052 1109 1159 1321 1382 1416
 1848 1873 2017]",0.03649072720565359,82.84618176131254,3.2385705598015044
1090,10,44,40,[   0   54  167  229  535  722  838 1052 1159 1321 1382 1873 2017],0.03649072720565359,82.84618176131254,3.2385705598015044
1091,10,44,60,[   0  167  229  535  722 1052 1159 1321 1382 1873 2017],0.03649072720565359,82.84618176131254,3.2385705598015044
1092,10,45,0,"[   0  370  456  513  531  728  838  906 1052 1109 1159 1321 1382 1416
 1848 1873 2017]",0.037525851092476956,88.33584839021432,3.255571592228894
1093,10,45,20,"[   0  370  456  531  728  838  906 1052 1109 1159 1321 1382 1416 1848
 1873 2017]",0.037525851092476956,88.33584839021432,3.255571592228894
1094,10,45,40,[   0  370  456  531  728  838  906 1052 1109 1159 1321 1382 1873 2017],0.037525851092476956,88.33584839021432,3.255571592228894
1095,10,45,60,[   0  370  456  531  728  906 1052 1159 1321 1382 1873 2017],0.037525851092476956,88.33584839021432,3.255571592228894
1096,10,46,0,"[   0  370  456  513  531  728  838  906 1052 1109 1159 1317 1382 1464
 1773 1848 2017]",0.0384184127606445,88.07184692936158,3.239734089438522
1097,10,46,20,"[   0  370  456  531  728  838  906 1052 1109 1159 1317 1382 1464 1773
 1848 2017]",0.0384184127606445,88.07184692936158,3.239734089438522
1098,10,46,40,"[   0  370  456  531  728  838  906 1052 1109 1159 1317 1382 1464 1773
 1848 2017]",0.0384184127606445,88.07184692936158,3.239734089438522
1099,10,46,60,"[   0  370  456  531  728  838  906 1052 1159 1317 1382 1464 1773 1848
 2017]",0.0384184127606445,88.07184692936158,3.239734089438522
1100,10,47,0,"[   0  370  453  513  548  728  838  906 1052 1109 1159 1317 1382 1464
 1773 1848 2017]",0.03884874812750118,87.64866581827549,3.2272011981286988
1101,10,47,20,"[   0  370  453  513  548  728  838  906 1052 1109 1159 1317 1382 1464
 1773 1848 2017]",0.03884874812750118,87.64866581827549,3.2272011981286988
1102,10,47,40,"[   0  370  453  548  728  838  906 1052 1109 1159 1317 1382 1464 1773
 1848 2017]",0.03884874812750118,87.64866581827549,3.2272011981286988
1103,10,47,60,"[   0  370  453  548  728  838  906 1052 1159 1317 1382 1464 1773 1848
 2017]",0.03884874812750118,87.64866581827549,3.2272011981286988
1104,10,48,0,"[   0  370  453  513  548  728  838  906 1052 1109 1159 1317 1382 1464
 1773 1809 2017]",0.03986595150515279,88.61035336523288,3.2234372127089066
1105,10,48,20,"[   0  370  453  513  548  728  838  906 1052 1109 1159 1317 1382 1464
 1773 1809 2017]",0.03986595150515279,88.61035336523288,3.2234372127089066
1106,10,48,40,"[   0  370  453  548  728  838  906 1052 1109 1159 1317 1382 1464 1809
 2017]",0.03986595150515279,88.61035336523288,3.2234372127089066
1107,10,48,60,[   0  370  453  548  728  838  906 1052 1159 1317 1382 1464 1809 2017],0.03986595150515279,88.61035336523288,3.2234372127089066
1108,10,49,0,"[   0  370  453  513  548  728  838  906 1052 1109 1159 1317 1464 1545
 1558 1746 2017]",0.039552172457541494,88.75180342047103,3.456262105215461
1109,10,49,20,"[   0  370  453  513  548  728  838  906 1052 1109 1159 1317 1464 1558
 1746 2017]",0.039552172457541494,88.75180342047103,3.456262105215461
1110,10,49,40,"[   0  370  453  548  728  838  906 1052 1109 1159 1317 1464 1558 1746
 2017]",0.039552172457541494,88.75180342047103,3.456262105215461
1111,10,49,60,[   0  370  453  548  728  838  906 1052 1159 1317 1464 1558 1746 2017],0.039552172457541494,88.75180342047103,3.456262105215461
1112,10,50,0,"[   0  370  446  513  548  728  838  906 1052 1109 1159 1317 1464 1545
 1558 1746 2017]",0.03784996494010271,89.57811428309124,3.3130800914067478
1113,10,50,20,"[   0  370  446  513  548  728  838  906 1052 1109 1159 1317 1464 1558
 1746 2017]",0.03784996494010271,89.57811428309124,3.3130800914067478
1114,10,50,40,"[   0  370  446  548  728  838  906 1052 1109 1159 1317 1464 1558 1746
 2017]",0.03784996494010271,89.57811428309124,3.3130800914067478
1115,10,50,60,[   0  370  446  548  728  838  906 1052 1159 1317 1464 1558 1746 2017],0.03784996494010271,89.57811428309124,3.3130800914067478
1116,11,20,0,"[   0  157  241  370  459  531  548  728  738  992 1052 1242 1273 1494
 1538 1591 1603 1741 1746 1848 2017]",0.016074692976526157,70.42614938438102,4.274057029765431
1117,11,20,20,"[   0  157  241  370  459  531  728  992 1052 1242 1273 1494 1538 1591
 1746 1848 2017]",0.016074692976526157,70.42614938438102,4.274057029765431
1118,11,20,40,[   0  157  370  459  531  728 1052 1273 1494 1591 1746 1848 2017],0.016074692976526157,70.42614938438102,4.274057029765431
1119,11,20,60,[   0  157  370  459  531  728 1052 1273 1494 1591 1746 1848 2017],0.016074692976526157,70.42614938438102,4.274057029765431
1120,11,21,0,"[   0  348  459  531  573  684  728  765  856  906 1052 1109 1275 1494
 1538 1741 1746 1873 2017]",0.030096112717615323,72.48774122415863,3.890865020149097
1121,11,21,20,"[   0  348  459  531  573  684  728  765  856  906 1052 1109 1275 1494
 1538 1746 1873 2017]",0.030096112717615323,72.48774122415863,3.890865020149097
1122,11,21,40,"[   0  348  459  531  573  684  765  856  906 1052 1109 1275 1494 1538
 1746 1873 2017]",0.030096112717615323,72.48774122415863,3.890865020149097
1123,11,21,60,[   0  348  459  531  684  765  906 1052 1275 1494 1746 1873 2017],0.030096112717615323,72.48774122415863,3.890865020149097
1124,11,22,0,"[   0  348  459  531  573  684  728  765  838 1052 1109 1275 1494 1538
 1741 1746 1873 2017]",0.029181219684371457,72.24204999231736,3.934962762368933
1125,11,22,20,"[   0  348  459  531  573  728  765  838 1052 1109 1275 1494 1538 1746
 1873 2017]",0.029181219684371457,72.24204999231736,3.934962762368933
1126,11,22,40,"[   0  348  459  531  573  684  765  838 1052 1109 1275 1494 1538 1746
 1873 2017]",0.029181219684371457,72.24204999231736,3.934962762368933
1127,11,22,60,[   0  348  459  531  684  765  838 1052 1275 1494 1746 1873 2017],0.029181219684371457,72.24204999231736,3.934962762368933
1128,11,23,0,"[   0  348  459  531  573  684  728  765  856  957 1052 1109 1275 1494
 1538 1741 1746 1873 2017]",0.03010186389536442,72.80846689855221,3.891421088596667
1129,11,23,20,"[   0  348  459  531  573  684  728  765  856  957 1052 1109 1275 1494
 1538 1746 1873 2017]",0.03010186389536442,72.80846689855221,3.891421088596667
1130,11,23,40,"[   0  348  459  531  573  684  765  856  957 1052 1109 1275 1494 1538
 1746 1873 2017]",0.03010186389536442,72.80846689855221,3.891421088596667
1131,11,23,60,[   0  348  459  531  684  765  856  957 1109 1275 1494 1746 1873 2017],0.03010186389536442,72.80846689855221,3.891421088596667
1132,11,24,0,"[   0  197  345  370  513  531  548  722  728  765  856  957 1052 1109
 1211 1273 1741 1746 1873 2017]",0.01956892655727387,74.9837957976792,3.612526522815932
1133,11,24,20,[   0  197  345  370  531  728  765  856 1052 1109 1273 1746 1873 2017],0.01956892655727387,74.9837957976792,3.612526522815932
1134,11,24,40,[   0  197  370  531  728  856 1052 1109 1273 1746 1873 2017],0.01956892655727387,74.9837957976792,3.612526522815932
1135,11,24,60,[   0  197  370  531  728 1052 1273 1746 1873 2017],0.01956892655727387,74.9837957976792,3.612526522815932
1136,11,25,0,"[   0  348  459  491  548  728  765  844  957 1052 1109 1211 1273 1321
 1396 1741 1746 1873 2017]",0.029685304183799884,75.49598851286561,3.590414862283758
1137,11,25,20,"[   0  348  459  491  548  728  765  844  957 1052 1109 1211 1273 1321
 1396 1746 1873 2017]",0.029685304183799884,75.49598851286561,3.590414862283758
1138,11,25,40,"[   0  348  491  548  728  844  957 1052 1109 1211 1273 1321 1396 1746
 1873 2017]",0.029685304183799884,75.49598851286561,3.590414862283758
1139,11,25,60,[   0  348  548  728 1052 1211 1321 1396 1746 1873 2017],0.029685304183799884,75.49598851286561,3.590414862283758
1140,11,26,0,"[   0  348  459  491  548  728  765  844  906 1052 1109 1249 1275 1416
 1741 1746 1873 2017]",0.027509324887259216,74.79850090396017,3.7306105271766814
1141,11,26,20,"[   0  348  459  491  548  728  765  844  906 1052 1109 1249 1275 1416
 1746 1873 2017]",0.027509324887259216,74.79850090396017,3.7306105271766814
1142,11,26,40,[   0  348  491  548  728  906 1052 1109 1275 1416 1746 1873 2017],0.027509324887259216,74.79850090396017,3.7306105271766814
1143,11,26,60,[   0  348  548  728  906 1052 1275 1416 1746 1873 2017],0.027509324887259216,74.79850090396017,3.7306105271766814
1144,11,27,0,"[   0  312  459  491  548  567  722 1052 1109 1211 1276 1416 1494 1517
 1558 1680 1741 1746 1873 1915 2017]",0.02770836408034916,74.72186778997158,3.774484508651548
1145,11,27,20,"[   0  312  459  491  567  722 1052 1109 1211 1276 1416 1494 1558 1680
 1746 1873 1915 2017]",0.02770836408034916,74.72186778997158,3.774484508651548
1146,11,27,40,"[   0  312  491  567  722 1052 1109 1211 1276 1416 1494 1558 1680 1746
 1873 1915 2017]",0.02770836408034916,74.72186778997158,3.774484508651548
1147,11,27,60,"[   0  312  491  567  722 1052 1211 1276 1416 1494 1558 1680 1746 1873
 2017]",0.02770836408034916,74.72186778997158,3.774484508651548
1148,11,28,0,"[   0  312  459  491  548  728  765  838  906 1052 1275 1416 1558 1748
 1873 2017]",0.03323883283745738,75.69166793404253,3.5303959181684488
1149,11,28,20,"[   0  312  459  491  548  728  765  838  906 1052 1275 1416 1558 1748
 1873 2017]",0.03323883283745738,75.69166793404253,3.5303959181684488
1150,11,28,40,[   0  312  459  548  728  906 1052 1275 1416 1558 1748 1873 2017],0.03323883283745738,75.69166793404253,3.5303959181684488
1151,11,28,60,[   0  312  459  548  728  906 1052 1275 1416 1558 1748 1873 2017],0.03323883283745738,75.69166793404253,3.5303959181684488
1152,11,29,0,"[   0  198  370  459  513  531  548  615  722 1010 1168 1203 1276 1321
 1416 1494 1517 1558 1748 1873 2017]",0.028949913056294383,76.77754551638654,3.447875243757481
1153,11,29,20,"[   0  198  370  459  531  615  722 1010 1168 1203 1276 1321 1416 1494
 1558 1748 1873 2017]",0.028949913056294383,76.77754551638654,3.447875243757481
1154,11,29,40,"[   0  198  370  459  531  615  722 1010 1168 1276 1321 1416 1494 1558
 1748 1873 2017]",0.028949913056294383,76.77754551638654,3.447875243757481
1155,11,29,60,"[   0  198  370  459  531  615  722 1010 1168 1276 1416 1494 1558 1748
 1873 2017]",0.028949913056294383,76.77754551638654,3.447875243757481
1156,11,30,0,"[   0  198  459  531  728  765 1010 1168 1276 1416 1494 1558 1748 1847
 2017]",0.030556802026251103,76.33580993187584,3.4288380462137495
1157,11,30,20,"[   0  198  459  531  728  765 1010 1168 1276 1416 1494 1558 1748 1847
 2017]",0.030556802026251103,76.33580993187584,3.4288380462137495
1158,11,30,40,[   0  198  459  531  728 1010 1168 1276 1416 1494 1558 1748 1847 2017],0.030556802026251103,76.33580993187584,3.4288380462137495
1159,11,30,60,[   0  198  459  531  728 1010 1168 1276 1416 1494 1558 1748 1847 2017],0.030556802026251103,76.33580993187584,3.4288380462137495
1160,11,31,0,"[   0  198  459  491  548  728  765  856  932 1052 1168 1203 1416 1494
 1558 1748 1847 2017]",0.02814517644076634,76.64082680481964,3.6071552228182657
1161,11,31,20,"[   0  198  459  491  548  728  765  856  932 1052 1168 1203 1416 1494
 1558 1748 1847 2017]",0.02814517644076634,76.64082680481964,3.6071552228182657
1162,11,31,40,[   0  198  459  548  728  932 1052 1203 1494 1558 1748 1847 2017],0.02814517644076634,76.64082680481964,3.6071552228182657
1163,11,31,60,[   0  198  459  548  728  932 1052 1203 1494 1558 1748 1847 2017],0.02814517644076634,76.64082680481964,3.6071552228182657
1164,11,32,0,"[   0  162  459  491  548  728  765  844  906 1052 1168 1203 1416 1494
 1558 1748 1847 2017]",0.029058844645948247,76.8406074764695,3.609522377663201
1165,11,32,20,"[   0  162  459  491  548  728  765  844  906 1052 1168 1203 1416 1494
 1558 1748 1847 2017]",0.029058844645948247,76.8406074764695,3.609522377663201
1166,11,32,40,[   0  162  459  548  728  906 1052 1203 1494 1558 1748 1847 2017],0.029058844645948247,76.8406074764695,3.609522377663201
1167,11,32,60,[   0  162  459  548  728  906 1052 1203 1494 1558 1748 1847 2017],0.029058844645948247,76.8406074764695,3.609522377663201
1168,11,33,0,"[   0  312  498  531  722  838 1052 1168 1203 1416 1494 1558 1748 1847
 2017]",0.03167215804798875,76.8128863087455,3.7077265812137337
1169,11,33,20,"[   0  312  498  531  722  838 1052 1168 1203 1416 1494 1558 1748 1847
 2017]",0.03167215804798875,76.8128863087455,3.7077265812137337
1170,11,33,40,[   0  312  531  722 1052 1203 1494 1558 1748 1847 2017],0.03167215804798875,76.8128863087455,3.7077265812137337
1171,11,33,60,[   0  312  531  722 1052 1203 1494 1558 1748 1847 2017],0.03167215804798875,76.8128863087455,3.7077265812137337
1172,11,34,0,"[   0   54  167  312  446  531  722  838 1052 1109 1193 1321 1494 1558
 1748 1847 2017]",0.034784079910221324,78.00168821682053,3.516858163336768
1173,11,34,20,"[   0   54  167  312  446  531  722  838 1052 1109 1193 1321 1494 1558
 1748 1847 2017]",0.034784079910221324,78.00168821682053,3.516858163336768
1174,11,34,40,"[   0   54  167  312  446  531  722  838 1052 1109 1193 1321 1494 1558
 1748 1847 2017]",0.034784079910221324,78.00168821682053,3.516858163336768
1175,11,34,60,"[   0  167  312  446  531  722  838 1052 1193 1321 1494 1558 1748 1847
 2017]",0.034784079910221324,78.00168821682053,3.516858163336768
1176,11,35,0,"[   0  312  446  531  722  838 1052 1109 1203 1416 1493 1558 1748 1873
 2017]",0.03359091231360328,77.31215209249775,3.710229317771766
1177,11,35,20,"[   0  312  446  531  722  838 1052 1109 1203 1416 1493 1558 1748 1873
 2017]",0.03359091231360328,77.31215209249775,3.710229317771766
1178,11,35,40,"[   0  312  446  531  722  838 1052 1109 1203 1416 1493 1558 1748 1873
 2017]",0.03359091231360328,77.31215209249775,3.710229317771766
1179,11,35,60,[   0  312  446  531  722  838 1052 1203 1493 1558 1748 1873 2017],0.03359091231360328,77.31215209249775,3.710229317771766
1180,11,36,0,"[   0   54  167  229  370  446  513  531  722 1052 1242 1275 1485 1493
 1558 1748 1873 2017]",0.03528439081874137,76.85793024312936,3.264154280802608
1181,11,36,20,"[   0   54  167  370  446  531  722 1052 1242 1275 1493 1558 1748 1873
 2017]",0.03528439081874137,76.85793024312936,3.264154280802608
1182,11,36,40,"[   0   54  167  370  446  531  722 1052 1242 1321 1493 1558 1748 1873
 2017]",0.03528439081874137,76.85793024312936,3.264154280802608
1183,11,36,60,[   0  167  370  446  531  722 1052 1242 1321 1493 1558 1748 1873 2017],0.03528439081874137,76.85793024312936,3.264154280802608
1184,11,37,0,"[   0  167  312  446  513  548  667  728  788 1014 1046 1275 1321 1416
 1485 1493 1558 1748 1873 2017]",0.029501643499212523,77.04142800352231,3.706272188077347
1185,11,37,20,"[   0  167  312  446  513  548  667  728  788 1014 1046 1275 1321 1416
 1493 1558 1748 1873 2017]",0.029501643499212523,77.04142800352231,3.706272188077347
1186,11,37,40,"[   0  167  312  446  548  667  728  788 1046 1275 1416 1493 1558 1748
 1873 2017]",0.029501643499212523,77.04142800352231,3.706272188077347
1187,11,37,60,"[   0  167  312  446  548  667  728 1046 1275 1416 1493 1558 1748 1873
 2017]",0.029501643499212523,77.04142800352231,3.706272188077347
1188,11,38,0,"[   0  167  312  446  513  548  728  838  906 1052 1109 1159 1321 1416
 1485 1493 1558 1748 1873 2017]",0.029708392133792314,79.71404237308082,3.4737086655707343
1189,11,38,20,"[   0  167  312  446  513  548  728  838  906 1052 1109 1159 1321 1416
 1493 1558 1748 1873 2017]",0.029708392133792314,79.71404237308082,3.4737086655707343
1190,11,38,40,"[   0  167  312  446  548  728  838  906 1052 1109 1159 1321 1416 1493
 1558 1748 1873 2017]",0.029708392133792314,79.71404237308082,3.4737086655707343
1191,11,38,60,"[   0  167  312  446  548  728  838  906 1052 1159 1321 1416 1493 1558
 1748 1873 2017]",0.029708392133792314,79.71404237308082,3.4737086655707343
1192,11,39,0,"[   0  167  198  437  498  548  728  838  906 1052 1109 1159 1321 1416
 1485 1493 1558 1748 1873 1995 2017]",0.02600485292820318,79.31955667669753,3.5233216685793654
1193,11,39,20,"[   0  167  198  437  498  548  728  838  906 1052 1109 1159 1321 1416
 1493 1558 1748 1873 1995 2017]",0.02600485292820318,79.31955667669753,3.5233216685793654
1194,11,39,40,"[   0  198  437  498  548  728  838  906 1052 1109 1159 1321 1416 1493
 1558 1748 1873 2017]",0.02600485292820318,79.31955667669753,3.5233216685793654
1195,11,39,60,"[   0  198  437  548  728  906 1052 1159 1321 1416 1493 1558 1748 1873
 2017]",0.02600485292820318,79.31955667669753,3.5233216685793654
1196,11,40,0,"[   0  167  198  229  437  498  548  728  957  999 1052 1109 1159 1321
 1416 1487 1748 1873 1995 2017]",0.027477084246277577,79.2465852920291,3.495279033992578
1197,11,40,20,"[   0  167  198  229  437  498  548  728  957  999 1052 1109 1159 1321
 1416 1487 1748 1873 1995 2017]",0.027477084246277577,79.2465852920291,3.495279033992578
1198,11,40,40,"[   0  167  229  437  498  548  728  957  999 1052 1109 1159 1321 1416
 1487 1748 1873 2017]",0.027477084246277577,79.2465852920291,3.495279033992578
1199,11,40,60,"[   0  167  229  437  548  728  957 1052 1159 1321 1416 1487 1748 1873
 2017]",0.027477084246277577,79.2465852920291,3.495279033992578
1200,11,41,0,"[   0  167  198  229  437  498  548  722  999 1052 1109 1159 1321 1416
 1487 1724 1809 2017]",0.029042759690504568,76.75089279109298,3.1985768651178024
1201,11,41,20,"[   0  167  198  229  437  498  548  722  999 1052 1109 1159 1321 1416
 1487 1724 1809 2017]",0.029042759690504568,76.75089279109298,3.1985768651178024
1202,11,41,40,"[   0  167  229  437  498  548  722  999 1052 1109 1159 1321 1416 1487
 1724 1809 2017]",0.029042759690504568,76.75089279109298,3.1985768651178024
1203,11,41,60,[   0  167  229  437  548  722 1052 1159 1321 1416 1487 1724 1809 2017],0.029042759690504568,76.75089279109298,3.1985768651178024
1204,11,42,0,"[   0   54  167  229  241  535  548  572  722  999 1052 1109 1159 1321
 1382 1416 1848 1873 2017]",0.02245688461672216,77.18885206614061,3.3746438064435464
1205,11,42,20,"[   0   54  167  241  535  572  722  999 1052 1109 1159 1321 1382 1416
 1848 1873 2017]",0.02245688461672216,77.18885206614061,3.3746438064435464
1206,11,42,40,[   0  241  535  722 1052 1159 1321 1382 1873 2017],0.02245688461672216,77.18885206614061,3.3746438064435464
1207,11,42,60,[   0  241  535  722 1052 1159 1321 1382 1873 2017],0.02245688461672216,77.18885206614061,3.3746438064435464
1208,11,43,0,"[   0   54  167  229  241  535  548  572  722  838 1052 1109 1159 1321
 1382 1416 1848 1873 2017]",0.022895600750397108,78.38784652219317,3.3888556566555574
1209,11,43,20,"[   0   54  167  241  535  572  722  838 1052 1109 1159 1321 1382 1416
 1848 1873 2017]",0.022895600750397108,78.38784652219317,3.3888556566555574
1210,11,43,40,[   0   54  167  241  535  722  838 1052 1159 1321 1382 1873 2017],0.022895600750397108,78.38784652219317,3.3888556566555574
1211,11,43,60,[   0  241  535  722 1052 1159 1321 1382 1873 2017],0.022895600750397108,78.38784652219317,3.3888556566555574
1212,11,44,0,"[   0   54  167  229  241  535  548  572  722  838 1052 1109 1159 1321
 1382 1416 1848 1873 2017]",0.021998079776520532,77.84140297953978,3.3925521363844853
1213,11,44,20,"[   0   54  167  241  535  572  722  838 1052 1109 1159 1321 1382 1416
 1848 1873 2017]",0.021998079776520532,77.84140297953978,3.3925521363844853
1214,11,44,40,[   0   54  167  241  535  722  838 1052 1159 1321 1382 1873 2017],0.021998079776520532,77.84140297953978,3.3925521363844853
1215,11,44,60,[   0  241  535  722 1052 1159 1321 1382 1873 2017],0.021998079776520532,77.84140297953978,3.3925521363844853
1216,11,45,0,"[   0  370  453  456  513  531  537  722  728  838  906 1052 1109 1159
 1321 1382 1416 1848 1873 2017]",0.0367101089485195,82.81942014220425,3.4471262701443313
1217,11,45,20,"[   0  370  456  531  722  838  906 1052 1109 1159 1321 1382 1416 1848
 1873 2017]",0.0367101089485195,82.81942014220425,3.4471262701443313
1218,11,45,40,[   0  370  456  531  722  838  906 1052 1109 1159 1321 1382 1873 2017],0.0367101089485195,82.81942014220425,3.4471262701443313
1219,11,45,60,[   0  370  456  531  722  906 1052 1159 1321 1382 1873 2017],0.0367101089485195,82.81942014220425,3.4471262701443313
1220,11,46,0,"[   0  370  456  513  531  728  838  906 1052 1109 1159 1317 1382 1464
 1558 1746 1773 1848 2017]",0.03732294373925778,82.90326046952003,3.3187858900600404
1221,11,46,20,"[   0  370  456  531  728  838  906 1052 1109 1159 1317 1382 1464 1558
 1746 1773 1848 2017]",0.03732294373925778,82.90326046952003,3.3187858900600404
1222,11,46,40,"[   0  370  456  531  728  838  906 1052 1109 1159 1317 1382 1464 1558
 1746 1848 2017]",0.03732294373925778,82.90326046952003,3.3187858900600404
1223,11,46,60,"[   0  370  456  531  728  838  906 1052 1159 1317 1382 1464 1558 1746
 1848 2017]",0.03732294373925778,82.90326046952003,3.3187858900600404
1224,11,47,0,"[   0  370  453  513  548  728  838  906 1052 1109 1159 1317 1382 1464
 1558 1746 1773 1848 2017]",0.037908182195219964,82.50785122739616,3.311186209764472
1225,11,47,20,"[   0  370  453  513  548  728  838  906 1052 1109 1159 1317 1382 1464
 1558 1746 1773 1848 2017]",0.037908182195219964,82.50785122739616,3.311186209764472
1226,11,47,40,"[   0  370  453  548  728  838  906 1052 1109 1159 1317 1382 1464 1558
 1746 1848 2017]",0.037908182195219964,82.50785122739616,3.311186209764472
1227,11,47,60,"[   0  370  453  548  728  838  906 1052 1159 1317 1382 1464 1558 1746
 1848 2017]",0.037908182195219964,82.50785122739616,3.311186209764472
1228,11,48,0,"[   0  370  453  513  548  728  838  906 1052 1109 1159 1317 1382 1464
 1558 1746 1809 2017]",0.03855466691271398,83.13769190519334,3.295639663933793
1229,11,48,20,"[   0  370  453  513  548  728  838  906 1052 1109 1159 1317 1382 1464
 1558 1746 1809 2017]",0.03855466691271398,83.13769190519334,3.295639663933793
1230,11,48,40,"[   0  370  453  548  728  838  906 1052 1109 1159 1317 1382 1464 1558
 1746 1809 2017]",0.03855466691271398,83.13769190519334,3.295639663933793
1231,11,48,60,"[   0  370  453  548  728  838  906 1052 1159 1317 1382 1464 1558 1746
 1809 2017]",0.03855466691271398,83.13769190519334,3.295639663933793
1232,11,49,0,"[   0  370  453  513  548  728  838  906 1052 1109 1159 1317 1464 1545
 1558 1746 1848 1873 2017]",0.04084889670786383,83.02267630278317,3.406366110528936
1233,11,49,20,"[   0  370  453  513  548  728  838  906 1052 1109 1159 1317 1464 1558
 1746 1848 1873 2017]",0.04084889670786383,83.02267630278317,3.406366110528936
1234,11,49,40,"[   0  370  453  548  728  838  906 1052 1109 1159 1317 1464 1558 1746
 1848 2017]",0.04084889670786383,83.02267630278317,3.406366110528936
1235,11,49,60,"[   0  370  453  548  728  838  906 1052 1159 1317 1464 1558 1746 1848
 2017]",0.04084889670786383,83.02267630278317,3.406366110528936
1236,11,50,0,"[   0  370  446  513  548  728  838  906 1052 1109 1159 1317 1464 1545
 1558 1746 1873 1990 2017]",0.03900196159185159,83.92406111806939,3.271951136299624
1237,11,50,20,"[   0  370  446  513  548  728  838  906 1052 1109 1159 1317 1464 1558
 1746 1873 1990 2017]",0.03900196159185159,83.92406111806939,3.271951136299624
1238,11,50,40,"[   0  370  446  548  728  838  906 1052 1109 1159 1317 1464 1558 1746
 1873 2017]",0.03900196159185159,83.92406111806939,3.271951136299624
1239,11,50,60,"[   0  370  446  548  728  838  906 1052 1159 1317 1464 1558 1746 1873
 2017]",0.03900196159185159,83.92406111806939,3.271951136299624
1240,12,20,0,"[   0  157  241  370  459  531  548  728  738  992 1052 1242 1273 1332
 1396 1494 1538 1591 1603 1741 1746 1848 2017]",0.014852474529348273,66.32652667808392,4.122907554230305
1241,12,20,20,"[   0  157  241  370  459  531  728  992 1052 1242 1273 1332 1396 1494
 1538 1591 1746 1848 2017]",0.014852474529348273,66.32652667808392,4.122907554230305
1242,12,20,40,"[   0  157  241  370  459  531  728  992 1052 1273 1332 1396 1494 1538
 1591 1746 1848 2017]",0.014852474529348273,66.32652667808392,4.122907554230305
1243,12,20,60,"[   0  157  241  370  459  531  728 1052 1273 1396 1494 1591 1746 1848
 2017]",0.014852474529348273,66.32652667808392,4.122907554230305
1244,12,21,0,"[   0  348  459  531  573  684  728  765  856  906 1052 1109 1275 1494
 1538 1591 1603 1741 1746 1873 2017]",0.030832887940544618,68.30971263717898,3.757931518554346
1245,12,21,20,"[   0  348  459  531  573  684  728  765  856  906 1052 1109 1275 1494
 1538 1591 1746 1873 2017]",0.030832887940544618,68.30971263717898,3.757931518554346
1246,12,21,40,"[   0  348  459  531  573  684  765  856  906 1052 1109 1275 1494 1538
 1591 1746 1873 2017]",0.030832887940544618,68.30971263717898,3.757931518554346
1247,12,21,60,[   0  348  459  531  684  765  906 1052 1275 1494 1591 1746 1873 2017],0.030832887940544618,68.30971263717898,3.757931518554346
1248,12,22,0,"[   0  348  459  531  573  684  728  765  838 1052 1109 1275 1494 1538
 1591 1603 1741 1746 1873 2017]",0.029954892904204868,68.08204992678655,3.798861747583596
1249,12,22,20,"[   0  348  459  531  573  728  765  838 1052 1109 1275 1494 1538 1591
 1746 1873 2017]",0.029954892904204868,68.08204992678655,3.798861747583596
1250,12,22,40,"[   0  348  459  531  573  684  765  838 1052 1109 1275 1494 1538 1591
 1746 1873 2017]",0.029954892904204868,68.08204992678655,3.798861747583596
1251,12,22,60,[   0  348  459  531  684  765  838 1052 1275 1494 1591 1746 1873 2017],0.029954892904204868,68.08204992678655,3.798861747583596
1252,12,23,0,"[   0  348  459  531  573  684  728  765  856  957 1052 1109 1275 1494
 1538 1591 1603 1741 1746 1873 2017]",0.030974676426737933,68.60690992755188,3.754513899705661
1253,12,23,20,"[   0  348  459  531  573  684  728  765  856  957 1052 1109 1275 1494
 1538 1591 1746 1873 2017]",0.030974676426737933,68.60690992755188,3.754513899705661
1254,12,23,40,"[   0  348  459  531  573  684  765  856  957 1052 1109 1275 1494 1538
 1591 1746 1873 2017]",0.030974676426737933,68.60690992755188,3.754513899705661
1255,12,23,60,"[   0  348  459  531  684  765  856  957 1109 1275 1494 1591 1746 1873
 2017]",0.030974676426737933,68.60690992755188,3.754513899705661
1256,12,24,0,"[   0  197  345  370  513  531  548  722  728  765  856  957 1052 1109
 1211 1273 1321 1396 1741 1746 1873 2017]",0.021617528360617578,71.13330120312513,3.663934365836109
1257,12,24,20,"[   0  197  345  370  531  728  765  856  957 1052 1109 1211 1273 1321
 1396 1746 1873 2017]",0.021617528360617578,71.13330120312513,3.663934365836109
1258,12,24,40,[   0  197  370  531  728  856 1052 1109 1211 1321 1396 1746 1873 2017],0.021617528360617578,71.13330120312513,3.663934365836109
1259,12,24,60,[   0  197  370  531  728  856 1052 1211 1321 1396 1746 1873 2017],0.021617528360617578,71.13330120312513,3.663934365836109
1260,12,25,0,"[   0   34  320  348  459  491  548  728  765  844  957 1052 1109 1211
 1273 1321 1396 1741 1746 1873 2017]",0.02440188429604273,71.53717961442254,3.704372314877741
1261,12,25,20,"[   0   34  320  348  459  491  548  728  765  844  957 1052 1109 1211
 1273 1321 1396 1746 1873 2017]",0.02440188429604273,71.53717961442254,3.704372314877741
1262,12,25,40,"[   0  348  491  548  728  844  957 1052 1109 1211 1273 1321 1396 1746
 1873 2017]",0.02440188429604273,71.53717961442254,3.704372314877741
1263,12,25,60,[   0  348  548  728 1052 1211 1321 1396 1746 1873 2017],0.02440188429604273,71.53717961442254,3.704372314877741
1264,12,26,0,"[   0  348  459  491  548  728  765  844  906 1052 1109 1249 1275 1416
 1558 1680 1741 1746 1873 2017]",0.028908740837028473,70.42287257207435,3.7492263714755314
1265,12,26,20,"[   0  348  459  491  548  728  765  844  906 1052 1109 1249 1275 1416
 1558 1680 1746 1873 2017]",0.028908740837028473,70.42287257207435,3.7492263714755314
1266,12,26,40,"[   0  348  491  548  728  906 1052 1109 1275 1416 1558 1680 1746 1873
 2017]",0.028908740837028473,70.42287257207435,3.7492263714755314
1267,12,26,60,[   0  348  548  728  906 1052 1275 1416 1558 1746 1873 2017],0.028908740837028473,70.42287257207435,3.7492263714755314
1268,12,27,0,"[   0  312  459  491  548  567  722  728  765 1052 1109 1211 1276 1416
 1494 1517 1558 1680 1741 1746 1873 1915 2017]",0.028209290548079687,70.25912215309657,3.669292480635507
1269,12,27,20,"[   0  312  459  491  567  728  765 1052 1109 1211 1276 1416 1494 1558
 1680 1746 1873 1915 2017]",0.028209290548079687,70.25912215309657,3.669292480635507
1270,12,27,40,"[   0  312  491  567  728 1052 1109 1211 1276 1416 1494 1558 1680 1746
 1873 1915 2017]",0.028209290548079687,70.25912215309657,3.669292480635507
1271,12,27,60,"[   0  312  491  567  728 1052 1211 1276 1416 1494 1558 1680 1746 1873
 2017]",0.028209290548079687,70.25912215309657,3.669292480635507
1272,12,28,0,"[   0  312  459  491  548  728  765  838  906 1052 1275 1416 1494 1558
 1748 1873 2017]",0.03211022823218948,71.64238216054017,3.687304707939712
1273,12,28,20,"[   0  312  459  491  548  728  765  838  906 1052 1275 1416 1494 1558
 1748 1873 2017]",0.03211022823218948,71.64238216054017,3.687304707939712
1274,12,28,40,[   0  312  459  548  728  906 1052 1275 1416 1494 1558 1748 1873 2017],0.03211022823218948,71.64238216054017,3.687304707939712
1275,12,28,60,[   0  312  459  548  728  906 1052 1275 1416 1494 1558 1748 1873 2017],0.03211022823218948,71.64238216054017,3.687304707939712
1276,12,29,0,"[   0  198  370  459  513  531  615  722  796  838 1010 1168 1203 1276
 1321 1416 1494 1558 1748 1873 2017]",0.01905837132531343,72.2671810533316,3.4147996687518734
1277,12,29,20,"[   0  198  370  459  531  615  722  796  838 1010 1168 1276 1321 1416
 1494 1558 1748 1873 2017]",0.01905837132531343,72.2671810533316,3.4147996687518734
1278,12,29,40,"[   0  198  370  459  531  615  722  796  838 1010 1168 1276 1321 1416
 1494 1558 1748 1873 2017]",0.01905837132531343,72.2671810533316,3.4147996687518734
1279,12,29,60,"[   0  198  370  459  531  615  722  796 1010 1168 1276 1416 1494 1558
 1748 1873 2017]",0.01905837132531343,72.2671810533316,3.4147996687518734
1280,12,30,0,"[   0  198  459  531  728  765  851  906 1010 1168 1276 1416 1494 1558
 1748 1847 2017]",0.03305203609365765,72.54566473359442,3.651220610795292
1281,12,30,20,"[   0  198  459  531  728  765  851  906 1010 1168 1276 1416 1494 1558
 1748 1847 2017]",0.03305203609365765,72.54566473359442,3.651220610795292
1282,12,30,40,"[   0  198  459  531  728  906 1010 1168 1276 1416 1494 1558 1748 1847
 2017]",0.03305203609365765,72.54566473359442,3.651220610795292
1283,12,30,60,"[   0  198  459  531  728  906 1010 1168 1276 1416 1494 1558 1748 1847
 2017]",0.03305203609365765,72.54566473359442,3.651220610795292
1284,12,31,0,"[   0  198  459  491  548  728  765  856  932 1052 1168 1203 1416 1494
 1558 1748 1847 2017]",0.030929249236447947,72.81152141108163,3.670047478257768
1285,12,31,20,"[   0  198  459  491  548  728  765  856  932 1052 1168 1203 1416 1494
 1558 1748 1847 2017]",0.030929249236447947,72.81152141108163,3.670047478257768
1286,12,31,40,[   0  198  459  548  728  932 1052 1203 1494 1558 1748 1847 2017],0.030929249236447947,72.81152141108163,3.670047478257768
1287,12,31,60,[   0  198  459  548  728  932 1052 1203 1494 1558 1748 1847 2017],0.030929249236447947,72.81152141108163,3.670047478257768
1288,12,32,0,"[   0  162  370  459  491  548  728  765  844  906 1052 1168 1203 1416
 1494 1558 1748 1847 2017]",0.026442303119560175,72.98647285415076,3.4924990394393163
1289,12,32,20,"[   0  162  370  459  491  548  728  765  844  906 1052 1168 1203 1416
 1494 1558 1748 1847 2017]",0.026442303119560175,72.98647285415076,3.4924990394393163
1290,12,32,40,"[   0  162  370  491  548  728  906 1052 1203 1416 1494 1558 1748 1847
 2017]",0.026442303119560175,72.98647285415076,3.4924990394393163
1291,12,32,60,[   0  162  370  548  728  906 1052 1203 1494 1558 1748 1847 2017],0.026442303119560175,72.98647285415076,3.4924990394393163
1292,12,33,0,"[   0   54  167  312  498  531  722  838 1052 1168 1203 1416 1494 1558
 1748 1847 2017]",0.03120310302692305,73.04991723334217,3.529956812843308
1293,12,33,20,"[   0   54  167  312  498  531  722  838 1052 1168 1203 1416 1494 1558
 1748 1847 2017]",0.03120310302692305,73.04991723334217,3.529956812843308
1294,12,33,40,[   0   54  167  312  531  722  838 1052 1203 1494 1558 1748 1847 2017],0.03120310302692305,73.04991723334217,3.529956812843308
1295,12,33,60,[   0  167  312  531  722 1052 1203 1494 1558 1748 1847 2017],0.03120310302692305,73.04991723334217,3.529956812843308
1296,12,34,0,"[   0   54  167  312  446  531  722  838 1052 1109 1193 1275 1321 1416
 1494 1558 1748 1847 2017]",0.033489137923486144,73.68277200431773,3.519595499618348
1297,12,34,20,"[   0   54  167  312  446  531  722  838 1052 1109 1193 1275 1321 1416
 1494 1558 1748 1847 2017]",0.033489137923486144,73.68277200431773,3.519595499618348
1298,12,34,40,"[   0   54  167  312  446  531  722  838 1052 1109 1193 1275 1321 1416
 1494 1558 1748 1847 2017]",0.033489137923486144,73.68277200431773,3.519595499618348
1299,12,34,60,"[   0  167  312  446  531  722  838 1052 1193 1275 1416 1494 1558 1748
 1847 2017]",0.033489137923486144,73.68277200431773,3.519595499618348
1300,12,35,0,"[   0  167  312  446  531  722  838 1052 1109 1203 1416 1493 1558 1748
 1873 2017]",0.03165069607227401,73.36346157283758,3.5807120487926265
1301,12,35,20,"[   0  167  312  446  531  722  838 1052 1109 1203 1416 1493 1558 1748
 1873 2017]",0.03165069607227401,73.36346157283758,3.5807120487926265
1302,12,35,40,"[   0  167  312  446  531  722  838 1052 1109 1203 1416 1493 1558 1748
 1873 2017]",0.03165069607227401,73.36346157283758,3.5807120487926265
1303,12,35,60,[   0  167  312  446  531  722  838 1052 1203 1493 1558 1748 1873 2017],0.03165069607227401,73.36346157283758,3.5807120487926265
1304,12,36,0,"[   0   54  167  229  370  446  513  531  548  722 1052 1242 1275 1321
 1416 1485 1493 1558 1748 1873 2017]",0.029550804407387353,72.65721652941143,3.269185031740451
1305,12,36,20,"[   0   54  167  370  446  531  722 1052 1242 1275 1416 1493 1558 1748
 1873 2017]",0.029550804407387353,72.65721652941143,3.269185031740451
1306,12,36,40,"[   0   54  167  370  446  531  722 1052 1242 1321 1416 1493 1558 1748
 1873 2017]",0.029550804407387353,72.65721652941143,3.269185031740451
1307,12,36,60,"[   0  167  370  446  531  722 1052 1242 1321 1416 1493 1558 1748 1873
 2017]",0.029550804407387353,72.65721652941143,3.269185031740451
1308,12,37,0,"[   0  167  312  446  513  548  667  728  788  838 1014 1046 1275 1321
 1416 1485 1493 1558 1748 1873 2017]",0.017421270047517565,72.47988261687341,3.500633467067028
1309,12,37,20,"[   0  167  312  446  513  548  667  728  788  838 1046 1275 1416 1493
 1558 1748 1873 2017]",0.017421270047517565,72.47988261687341,3.500633467067028
1310,12,37,40,"[   0  167  312  446  548  667  728  788  838 1046 1275 1416 1493 1558
 1748 1873 2017]",0.017421270047517565,72.47988261687341,3.500633467067028
1311,12,37,60,"[   0  167  312  446  548  667  728 1046 1275 1416 1493 1558 1748 1873
 2017]",0.017421270047517565,72.47988261687341,3.500633467067028
1312,12,38,0,"[   0  167  312  446  513  548  722  838  906 1052 1109 1159 1321 1416
 1485 1493 1558 1748 1873 2017]",0.031595480173736847,75.14808601950013,3.510781106791933
1313,12,38,20,"[   0  167  312  446  513  548  722  838  906 1052 1109 1159 1321 1416
 1493 1558 1748 1873 2017]",0.031595480173736847,75.14808601950013,3.510781106791933
1314,12,38,40,"[   0  167  312  446  548  722  838  906 1052 1109 1159 1321 1416 1493
 1558 1748 1873 2017]",0.031595480173736847,75.14808601950013,3.510781106791933
1315,12,38,60,"[   0  167  312  446  548  722  838  906 1052 1159 1321 1416 1493 1558
 1748 1873 2017]",0.031595480173736847,75.14808601950013,3.510781106791933
1316,12,39,0,"[   0  167  198  229  437  498  548  728  838  906 1052 1109 1159 1321
 1416 1485 1493 1558 1748 1873 1995 2017]",0.02485177313372576,74.94422617800636,3.5112533795028686
1317,12,39,20,"[   0  167  198  229  437  498  548  728  838  906 1052 1109 1159 1321
 1416 1493 1558 1748 1873 1995 2017]",0.02485177313372576,74.94422617800636,3.5112533795028686
1318,12,39,40,"[   0  167  229  437  498  548  728  838  906 1052 1109 1159 1321 1416
 1493 1558 1748 1873 2017]",0.02485177313372576,74.94422617800636,3.5112533795028686
1319,12,39,60,"[   0  167  229  437  548  728  838  906 1052 1159 1321 1416 1493 1558
 1748 1873 2017]",0.02485177313372576,74.94422617800636,3.5112533795028686
1320,12,40,0,"[   0  167  198  229  437  498  548  722  957  999 1052 1109 1159 1321
 1416 1487 1748 1873 1995 2017]",0.0287524233362324,74.52047537811934,3.5422882371071256
1321,12,40,20,"[   0  167  198  229  437  498  548  722  957  999 1052 1109 1159 1321
 1416 1487 1748 1873 1995 2017]",0.0287524233362324,74.52047537811934,3.5422882371071256
1322,12,40,40,"[   0  167  229  437  498  548  722  957  999 1052 1109 1159 1321 1416
 1487 1748 1873 2017]",0.0287524233362324,74.52047537811934,3.5422882371071256
1323,12,40,60,"[   0  167  229  437  548  722  957 1052 1159 1321 1416 1487 1748 1873
 2017]",0.0287524233362324,74.52047537811934,3.5422882371071256
1324,12,41,0,"[   0  167  198  229  437  498  548  722  999 1052 1109 1159 1321 1416
 1487 1724 1809 1848 1873 2017]",0.02586603389379832,72.55052350210492,3.080178995567182
1325,12,41,20,"[   0  167  198  229  437  498  548  722  999 1052 1109 1159 1321 1416
 1487 1724 1809 1848 1873 2017]",0.02586603389379832,72.55052350210492,3.080178995567182
1326,12,41,40,"[   0  167  229  437  498  548  722  999 1052 1109 1159 1321 1416 1487
 1724 1848 2017]",0.02586603389379832,72.55052350210492,3.080178995567182
1327,12,41,60,[   0  167  229  437  548  722 1052 1159 1321 1416 1487 1724 1848 2017],0.02586603389379832,72.55052350210492,3.080178995567182
1328,12,42,0,"[   0   54  167  229  241  535  548  572  722  999 1052 1109 1159 1321
 1382 1416 1773 1809 1848 1873 2017]",0.019223027535664808,72.85664967054825,3.2531984572186263
1329,12,42,20,"[   0   54  167  241  535  572  722  999 1052 1109 1159 1321 1382 1416
 1773 1809 1848 1873 2017]",0.019223027535664808,72.85664967054825,3.2531984572186263
1330,12,42,40,[   0  241  535  722 1052 1159 1321 1382 1809 2017],0.019223027535664808,72.85664967054825,3.2531984572186263
1331,12,42,60,[   0  241  535  722 1052 1159 1321 1382 1809 2017],0.019223027535664808,72.85664967054825,3.2531984572186263
1332,12,43,0,"[   0   54  167  229  241  535  548  572  722  838 1052 1109 1159 1321
 1382 1416 1773 1809 1848 1873 2017]",0.019978585542149062,73.96975925585566,3.2594710423100426
1333,12,43,20,"[   0   54  167  241  535  572  722  838 1052 1109 1159 1321 1382 1416
 1773 1809 1848 1873 2017]",0.019978585542149062,73.96975925585566,3.2594710423100426
1334,12,43,40,[   0   54  167  241  535  722  838 1052 1159 1321 1382 1809 2017],0.019978585542149062,73.96975925585566,3.2594710423100426
1335,12,43,60,[   0  241  535  722 1052 1159 1321 1382 1809 2017],0.019978585542149062,73.96975925585566,3.2594710423100426
1336,12,44,0,"[   0   54  167  229  241  370  513  535  548  572  722  838 1052 1109
 1159 1321 1382 1416 1848 1873 2017]",0.022824944724371292,73.5201295329118,3.316189132357447
1337,12,44,20,"[   0   54  167  241  370  513  548  572  722  838 1052 1109 1159 1321
 1382 1416 1848 1873 2017]",0.022824944724371292,73.5201295329118,3.316189132357447
1338,12,44,40,"[   0   54  167  241  370  513  572  722  838 1052 1109 1159 1321 1382
 1873 2017]",0.022824944724371292,73.5201295329118,3.316189132357447
1339,12,44,60,[   0  167  370  513  722  838 1052 1159 1321 1382 1873 2017],0.022824944724371292,73.5201295329118,3.316189132357447
1340,12,45,0,"[   0  370  456  513  531  722  838  906 1052 1109 1159 1321 1382 1416
 1558 1746 1848 1873 2017]",0.037538193555349646,78.09965781155971,3.613087232500206
1341,12,45,20,"[   0  370  456  531  722  838  906 1052 1109 1159 1321 1382 1416 1558
 1746 1848 1873 2017]",0.037538193555349646,78.09965781155971,3.613087232500206
1342,12,45,40,"[   0  370  456  531  722  838  906 1052 1109 1159 1321 1382 1558 1746
 1848 2017]",0.037538193555349646,78.09965781155971,3.613087232500206
1343,12,45,60,[   0  370  456  531  722  906 1052 1159 1321 1382 1558 1746 1848 2017],0.037538193555349646,78.09965781155971,3.613087232500206
1344,12,46,0,"[   0  370  456  513  531  722  838  906 1052 1109 1159 1317 1382 1464
 1558 1746 1773 1848 2017]",0.03820370591391866,78.45497897528696,3.421967974134244
1345,12,46,20,"[   0  370  456  531  722  838  906 1052 1109 1159 1317 1382 1464 1558
 1746 1773 1848 2017]",0.03820370591391866,78.45497897528696,3.421967974134244
1346,12,46,40,"[   0  370  456  531  722  838  906 1052 1109 1159 1317 1382 1464 1558
 1746 1848 2017]",0.03820370591391866,78.45497897528696,3.421967974134244
1347,12,46,60,"[   0  370  456  531  722  838  906 1052 1159 1317 1382 1464 1558 1746
 1848 2017]",0.03820370591391866,78.45497897528696,3.421967974134244
1348,12,47,0,"[   0  370  453  513  548  722  838  906 1052 1109 1159 1317 1382 1464
 1558 1746 1773 1848 2017]",0.03827305874274587,78.05253918661508,3.413151798330251
1349,12,47,20,"[   0  370  453  513  548  722  838  906 1052 1109 1159 1317 1382 1464
 1558 1746 1773 1848 2017]",0.03827305874274587,78.05253918661508,3.413151798330251
1350,12,47,40,"[   0  370  453  548  722  838  906 1052 1109 1159 1317 1382 1464 1558
 1746 1848 2017]",0.03827305874274587,78.05253918661508,3.413151798330251
1351,12,47,60,"[   0  370  453  548  722  838  906 1052 1159 1317 1382 1464 1558 1746
 1848 2017]",0.03827305874274587,78.05253918661508,3.413151798330251
1352,12,48,0,"[   0  370  453  513  548  722  838  906 1052 1109 1159 1317 1382 1464
 1558 1746 1809 2017]",0.03890093796085712,78.6386508150196,3.4242570349258146
1353,12,48,20,"[   0  370  453  513  548  722  838  906 1052 1109 1159 1317 1382 1464
 1558 1746 1809 2017]",0.03890093796085712,78.6386508150196,3.4242570349258146
1354,12,48,40,"[   0  370  453  548  722  838  906 1052 1109 1159 1317 1382 1464 1558
 1746 1809 2017]",0.03890093796085712,78.6386508150196,3.4242570349258146
1355,12,48,60,"[   0  370  453  548  722  838  906 1052 1159 1317 1382 1464 1558 1746
 1809 2017]",0.03890093796085712,78.6386508150196,3.4242570349258146
1356,12,49,0,"[   0  370  453  513  548  722  838  906 1052 1109 1159 1317 1464 1545
 1558 1746 1848 1873 2017]",0.04122613378883359,78.22580438295826,3.4630083516997474
1357,12,49,20,"[   0  370  453  513  548  722  838  906 1052 1109 1159 1317 1464 1558
 1746 1848 1873 2017]",0.04122613378883359,78.22580438295826,3.4630083516997474
1358,12,49,40,"[   0  370  453  548  722  838  906 1052 1109 1159 1317 1464 1558 1746
 1848 2017]",0.04122613378883359,78.22580438295826,3.4630083516997474
1359,12,49,60,"[   0  370  453  548  722  838  906 1052 1159 1317 1464 1558 1746 1848
 2017]",0.04122613378883359,78.22580438295826,3.4630083516997474
1360,12,50,0,"[   0  370  446  513  548  722  838  906 1052 1109 1159 1317 1464 1545
 1558 1746 1873 1990 2017]",0.03988393121932009,79.06268414566476,3.345507811900644
1361,12,50,20,"[   0  370  446  513  548  722  838  906 1052 1109 1159 1317 1464 1558
 1746 1873 1990 2017]",0.03988393121932009,79.06268414566476,3.345507811900644
1362,12,50,40,"[   0  370  446  548  722  838  906 1052 1109 1159 1317 1464 1558 1746
 1873 2017]",0.03988393121932009,79.06268414566476,3.345507811900644
1363,12,50,60,"[   0  370  446  548  722  838  906 1052 1159 1317 1464 1558 1746 1873
 2017]",0.03988393121932009,79.06268414566476,3.345507811900644
1364,13,20,0,"[   0  157  241  370  459  531  548  728  765  992 1052 1242 1273 1332
 1396 1494 1538 1591 1603 1741 1746 1848 2017]",0.015557470110883206,62.646819242177365,4.0501503142335515
1365,13,20,20,"[   0  157  241  370  459  531  728  765 1052 1242 1273 1332 1396 1494
 1538 1591 1746 1848 2017]",0.015557470110883206,62.646819242177365,4.0501503142335515
1366,13,20,40,"[   0  157  241  370  459  531  728  992 1052 1273 1332 1396 1494 1538
 1591 1746 1848 2017]",0.015557470110883206,62.646819242177365,4.0501503142335515
1367,13,20,60,"[   0  157  241  370  459  531  728 1052 1273 1396 1494 1591 1746 1848
 2017]",0.015557470110883206,62.646819242177365,4.0501503142335515
1368,13,21,0,"[   0  197  348  459  531  573  684  728  765  856  906 1052 1109 1275
 1494 1538 1591 1603 1741 1746 1873 2017]",0.015751051584283086,64.74313405419062,3.9847383140927755
1369,13,21,20,"[   0  197  348  459  531  573  684  728  765  856  906 1052 1109 1275
 1494 1538 1591 1746 1873 2017]",0.015751051584283086,64.74313405419062,3.9847383140927755
1370,13,21,40,"[   0  197  348  459  531  573  684  765  856  906 1052 1109 1275 1494
 1538 1591 1746 1873 2017]",0.015751051584283086,64.74313405419062,3.9847383140927755
1371,13,21,60,"[   0  197  348  459  531  684  765  906 1052 1275 1494 1591 1746 1873
 2017]",0.015751051584283086,64.74313405419062,3.9847383140927755
1372,13,22,0,"[   0  348  459  531  573  684  728  765  838 1052 1109 1275 1350 1396
 1494 1538 1591 1603 1741 1746 1873 2017]",0.030733205686797313,64.36807858571342,3.7512015036307442
1373,13,22,20,"[   0  348  459  531  573  684  728  765  838 1052 1109 1275 1350 1396
 1494 1538 1591 1746 1873 2017]",0.030733205686797313,64.36807858571342,3.7512015036307442
1374,13,22,40,"[   0  348  459  531  573  684  765  838 1052 1109 1275 1350 1396 1494
 1538 1591 1746 1873 2017]",0.030733205686797313,64.36807858571342,3.7512015036307442
1375,13,22,60,"[   0  348  459  531  684  765  838 1052 1275 1396 1494 1591 1746 1873
 2017]",0.030733205686797313,64.36807858571342,3.7512015036307442
1376,13,23,0,"[   0  197  348  459  531  573  684  728  765  856  957 1052 1109 1275
 1494 1538 1591 1603 1741 1746 1873 2017]",0.015997786454305368,64.99467965270186,3.9800231445184835
1377,13,23,20,"[   0  197  348  459  531  573  684  728  765  856  957 1052 1109 1275
 1494 1538 1591 1746 1873 2017]",0.015997786454305368,64.99467965270186,3.9800231445184835
1378,13,23,40,"[   0  197  348  459  531  573  684  765  856  957 1052 1109 1275 1494
 1538 1591 1746 1873 2017]",0.015997786454305368,64.99467965270186,3.9800231445184835
1379,13,23,60,"[   0  197  348  459  531  684  765  856  957 1109 1275 1494 1591 1746
 1873 2017]",0.015997786454305368,64.99467965270186,3.9800231445184835
1380,13,24,0,"[   0  197  345  370  513  531  548  722  728  765  856  957 1052 1109
 1211 1273 1321 1396 1457 1493 1741 1746 1873 2017]",0.021810159666683888,67.01705104516607,3.889151950441179
1381,13,24,20,"[   0  197  345  370  531  728  765  856  957 1052 1109 1211 1273 1321
 1396 1493 1746 1873 2017]",0.021810159666683888,67.01705104516607,3.889151950441179
1382,13,24,40,"[   0  197  370  531  728  856  957 1052 1109 1211 1273 1321 1396 1493
 1746 1873 2017]",0.021810159666683888,67.01705104516607,3.889151950441179
1383,13,24,60,[   0  197  370  531  728  856 1052 1211 1321 1396 1493 1746 1873 2017],0.021810159666683888,67.01705104516607,3.889151950441179
1384,13,25,0,"[   0   34  320  348  459  491  548  728  765  844  957 1052 1109 1211
 1273 1321 1396 1493 1741 1746 1873 2017]",0.02449975986210731,67.39299445597233,3.929498370424237
1385,13,25,20,"[   0   34  320  348  459  491  548  728  765  844  957 1052 1109 1211
 1273 1321 1396 1493 1746 1873 2017]",0.02449975986210731,67.39299445597233,3.929498370424237
1386,13,25,40,"[   0  348  491  548  728  844  957 1052 1109 1211 1273 1321 1396 1493
 1746 1873 2017]",0.02449975986210731,67.39299445597233,3.929498370424237
1387,13,25,60,[   0  348  548  728  844 1052 1211 1321 1396 1493 1746 1873 2017],0.02449975986210731,67.39299445597233,3.929498370424237
1388,13,26,0,"[   0  348  459  491  548  728  765  844  906 1052 1109 1249 1275 1416
 1494 1558 1680 1741 1746 1873 2017]",0.0293201014636008,66.70518619044954,3.820185882511713
1389,13,26,20,"[   0  348  459  491  548  728  765  844  906 1052 1109 1249 1275 1416
 1494 1558 1680 1746 1873 2017]",0.0293201014636008,66.70518619044954,3.820185882511713
1390,13,26,40,"[   0  348  491  548  728  906 1052 1109 1275 1416 1494 1558 1680 1746
 1873 2017]",0.0293201014636008,66.70518619044954,3.820185882511713
1391,13,26,60,[   0  348  548  728  906 1052 1275 1416 1494 1558 1746 1873 2017],0.0293201014636008,66.70518619044954,3.820185882511713
1392,13,27,0,"[   0  312  370  459  491  513  548  567  722  728  765 1052 1109 1211
 1276 1416 1494 1517 1558 1680 1741 1746 1873 1915 2017]",0.022778819999035912,66.55727417516681,3.582752910308298
1393,13,27,20,"[   0  312  370  459  491  513  567  728  765 1052 1109 1211 1276 1416
 1494 1517 1558 1680 1746 1873 1915 2017]",0.022778819999035912,66.55727417516681,3.582752910308298
1394,13,27,40,"[   0  312  370  491  567  728 1052 1109 1211 1276 1416 1494 1558 1680
 1746 1873 1915 2017]",0.022778819999035912,66.55727417516681,3.582752910308298
1395,13,27,60,"[   0  370  491  567  728 1052 1211 1276 1416 1494 1558 1680 1746 1873
 2017]",0.022778819999035912,66.55727417516681,3.582752910308298
1396,13,28,0,"[   0  312  370  459  491  548  728  765  838  906 1010 1052 1275 1321
 1416 1494 1558 1748 1873 2017]",0.02703827479097223,67.8487491252336,3.5993795816660255
1397,13,28,20,"[   0  312  370  459  491  548  728  765  838  906 1010 1052 1275 1321
 1416 1494 1558 1748 1873 2017]",0.02703827479097223,67.8487491252336,3.5993795816660255
1398,13,28,40,"[   0  312  370  491  548  728  838  906 1010 1052 1275 1321 1416 1494
 1558 1748 1873 2017]",0.02703827479097223,67.8487491252336,3.5993795816660255
1399,13,28,60,[   0  370  548  728  906 1052 1275 1416 1494 1558 1748 1873 2017],0.02703827479097223,67.8487491252336,3.5993795816660255
1400,13,29,0,"[   0  198  370  459  513  531  548  615  722  796  838 1010 1037 1168
 1203 1276 1321 1416 1494 1517 1558 1748 1873 2017]",0.01752653515247508,68.3792864402858,3.5527768850526944
1401,13,29,20,"[   0  198  370  459  531  615  722  796  838 1010 1037 1168 1203 1276
 1321 1416 1494 1558 1748 1873 2017]",0.01752653515247508,68.3792864402858,3.5527768850526944
1402,13,29,40,"[   0  198  370  459  531  615  722  796  838 1037 1168 1276 1321 1416
 1494 1558 1748 1873 2017]",0.01752653515247508,68.3792864402858,3.5527768850526944
1403,13,29,60,"[   0  198  370  459  531  615  722  796 1037 1168 1276 1416 1494 1558
 1748 1873 2017]",0.01752653515247508,68.3792864402858,3.5527768850526944
1404,13,30,0,"[   0  198  370  459  513  531  728  765  851  906 1010 1168 1203 1276
 1321 1416 1494 1558 1748 1847 2017]",0.030428605511296718,69.06104739252686,3.5619075147563555
1405,13,30,20,"[   0  198  370  459  531  728  765  851  906 1010 1168 1276 1416 1494
 1558 1748 1847 2017]",0.030428605511296718,69.06104739252686,3.5619075147563555
1406,13,30,40,"[   0  198  370  459  531  728  851  906 1010 1168 1276 1321 1416 1494
 1558 1748 1847 2017]",0.030428605511296718,69.06104739252686,3.5619075147563555
1407,13,30,60,"[   0  198  370  459  531  728  906 1010 1168 1276 1416 1494 1558 1748
 1847 2017]",0.030428605511296718,69.06104739252686,3.5619075147563555
1408,13,31,0,"[   0  198  370  459  491  548  728  765  856  932 1052 1168 1203 1416
 1494 1558 1748 1847 2017]",0.027176772069973074,69.23765364821641,3.5797759617719853
1409,13,31,20,"[   0  198  370  459  491  548  728  765  856  932 1052 1168 1203 1416
 1494 1558 1748 1847 2017]",0.027176772069973074,69.23765364821641,3.5797759617719853
1410,13,31,40,"[   0  198  370  491  548  728  856  932 1052 1203 1416 1494 1558 1748
 1847 2017]",0.027176772069973074,69.23765364821641,3.5797759617719853
1411,13,31,60,[   0  198  370  548  728  932 1052 1203 1494 1558 1748 1847 2017],0.027176772069973074,69.23765364821641,3.5797759617719853
1412,13,32,0,"[   0  162  370  459  491  548  575  728  765  844  906 1052 1168 1203
 1416 1494 1558 1748 1847 2017]",0.02903271174783421,69.37259843034312,3.4861996243701703
1413,13,32,20,"[   0  162  370  459  491  548  575  728  765  844  906 1052 1168 1203
 1416 1494 1558 1748 1847 2017]",0.02903271174783421,69.37259843034312,3.4861996243701703
1414,13,32,40,"[   0  162  370  491  548  728  906 1052 1203 1416 1494 1558 1748 1847
 2017]",0.02903271174783421,69.37259843034312,3.4861996243701703
1415,13,32,60,[   0  162  370  548  728  906 1052 1203 1494 1558 1748 1847 2017],0.02903271174783421,69.37259843034312,3.4861996243701703
1416,13,33,0,"[   0   54  167  312  370  498  531  722  838 1052 1168 1203 1416 1494
 1558 1748 1847 2017]",0.029654480428743576,69.11883428251829,3.48555526462233
1417,13,33,20,"[   0   54  167  312  370  498  531  722  838 1052 1168 1203 1416 1494
 1558 1748 1847 2017]",0.029654480428743576,69.11883428251829,3.48555526462233
1418,13,33,40,[   0   54  167  370  531  722  838 1052 1203 1494 1558 1748 1847 2017],0.029654480428743576,69.11883428251829,3.48555526462233
1419,13,33,60,[   0  167  370  531  722 1052 1203 1494 1558 1748 1847 2017],0.029654480428743576,69.11883428251829,3.48555526462233
1420,13,34,0,"[   0   54  167  312  370  446  513  531  548  722  728  838 1052 1109
 1193 1275 1321 1416 1494 1517 1558 1748 1847 2017]",0.03185411293888356,69.75206583997004,3.472530391706795
1421,13,34,20,"[   0   54  167  312  370  446  531  722  838 1052 1109 1193 1275 1321
 1416 1494 1558 1748 1847 2017]",0.03185411293888356,69.75206583997004,3.472530391706795
1422,13,34,40,"[   0   54  167  312  370  446  531  722  838 1052 1109 1193 1275 1321
 1416 1494 1558 1748 1847 2017]",0.03185411293888356,69.75206583997004,3.472530391706795
1423,13,34,60,"[   0  167  370  446  531  722  838 1052 1193 1275 1416 1494 1558 1748
 1847 2017]",0.03185411293888356,69.75206583997004,3.472530391706795
1424,13,35,0,"[   0  167  312  370  446  513  531  548  722  728  838 1052 1109 1193
 1203 1416 1493 1558 1748 1873 2017]",0.030404119800297426,69.45389046821802,3.5523434814878856
1425,13,35,20,"[   0  167  370  446  531  722  838 1052 1109 1203 1416 1493 1558 1748
 1873 2017]",0.030404119800297426,69.45389046821802,3.5523434814878856
1426,13,35,40,"[   0  167  370  446  531  722  838 1052 1109 1203 1416 1493 1558 1748
 1873 2017]",0.030404119800297426,69.45389046821802,3.5523434814878856
1427,13,35,60,[   0  167  370  446  531  722  838 1052 1203 1493 1558 1748 1873 2017],0.030404119800297426,69.45389046821802,3.5523434814878856
1428,13,36,0,"[   0   54  167  229  370  446  513  531  548  722  728  765 1052 1242
 1275 1321 1416 1485 1493 1558 1748 1873 2017]",0.029389727183331188,69.13917633326638,3.2102679423694065
1429,13,36,20,"[   0   54  167  229  370  446  531  728  765 1052 1242 1275 1321 1416
 1493 1558 1748 1873 2017]",0.029389727183331188,69.13917633326638,3.2102679423694065
1430,13,36,40,"[   0   54  167  370  446  531  728 1052 1242 1321 1416 1493 1558 1748
 1873 2017]",0.029389727183331188,69.13917633326638,3.2102679423694065
1431,13,36,60,"[   0  167  370  446  531  728 1052 1242 1321 1416 1493 1558 1748 1873
 2017]",0.029389727183331188,69.13917633326638,3.2102679423694065
1432,13,37,0,"[   0  167  312  370  446  513  548  667  728  788  838 1014 1046 1275
 1321 1416 1485 1493 1558 1748 1873 2017]",0.015933136241480107,68.53817410754071,3.4900953544173023
1433,13,37,20,"[   0  167  312  370  446  513  548  667  728  788  838 1014 1046 1275
 1321 1416 1493 1558 1748 1873 2017]",0.015933136241480107,68.53817410754071,3.4900953544173023
1434,13,37,40,"[   0  167  370  446  548  667  728  788  838 1046 1275 1416 1493 1558
 1748 1873 2017]",0.015933136241480107,68.53817410754071,3.4900953544173023
1435,13,37,60,"[   0  167  370  446  548  667  728 1046 1275 1416 1493 1558 1748 1873
 2017]",0.015933136241480107,68.53817410754071,3.4900953544173023
1436,13,38,0,"[   0  167  312  370  446  513  548  722  838  906 1052 1109 1159 1321
 1416 1485 1493 1558 1748 1873 2017]",0.029954924500591514,71.04908766454598,3.5011091268391223
1437,13,38,20,"[   0  167  312  370  446  513  548  722  838  906 1052 1109 1159 1321
 1416 1493 1558 1748 1873 2017]",0.029954924500591514,71.04908766454598,3.5011091268391223
1438,13,38,40,"[   0  167  312  370  446  548  722  838  906 1052 1109 1159 1321 1416
 1493 1558 1748 1873 2017]",0.029954924500591514,71.04908766454598,3.5011091268391223
1439,13,38,60,"[   0  167  370  446  548  722  838  906 1052 1159 1321 1416 1493 1558
 1748 1873 2017]",0.029954924500591514,71.04908766454598,3.5011091268391223
1440,13,39,0,"[   0  167  198  229  437  498  548  722  838  906 1052 1109 1159 1321
 1416 1485 1493 1558 1748 1873 1995 2017]",0.02703687023331883,71.1986676950849,3.5430374001383003
1441,13,39,20,"[   0  167  198  229  437  498  548  722  838  906 1052 1109 1159 1321
 1416 1493 1558 1748 1873 1995 2017]",0.02703687023331883,71.1986676950849,3.5430374001383003
1442,13,39,40,"[   0  167  229  437  498  548  722  838  906 1052 1109 1159 1321 1416
 1493 1558 1748 1873 2017]",0.02703687023331883,71.1986676950849,3.5430374001383003
1443,13,39,60,"[   0  167  229  437  548  722  838  906 1052 1159 1321 1416 1493 1558
 1748 1873 2017]",0.02703687023331883,71.1986676950849,3.5430374001383003
1444,13,40,0,"[   0   23   40  167  198  229  437  498  548  722  957  999 1052 1109
 1159 1321 1416 1487 1748 1873 1995 2017]",0.028854089634012266,70.42799506860744,3.4341844277068896
1445,13,40,20,"[   0   40  167  198  229  437  498  548  722  957  999 1052 1109 1159
 1321 1416 1487 1748 1873 1995 2017]",0.028854089634012266,70.42799506860744,3.4341844277068896
1446,13,40,40,"[   0  167  229  437  498  548  722  957  999 1052 1109 1159 1321 1416
 1487 1748 1873 2017]",0.028854089634012266,70.42799506860744,3.4341844277068896
1447,13,40,60,"[   0  167  229  437  548  722  957 1052 1159 1321 1416 1487 1748 1873
 2017]",0.028854089634012266,70.42799506860744,3.4341844277068896
1448,13,41,0,"[   0  167  198  229  437  498  548  728  765  999 1052 1109 1159 1321
 1416 1487 1724 1809 1848 1873 2017]",0.026613846199362506,68.915977241071,3.0381855828444677
1449,13,41,20,"[   0  167  198  229  437  498  548  728  765  999 1052 1109 1159 1321
 1416 1487 1724 1809 1848 1873 2017]",0.026613846199362506,68.915977241071,3.0381855828444677
1450,13,41,40,"[   0  167  229  437  498  548  728  999 1052 1109 1159 1321 1416 1487
 1724 1848 2017]",0.026613846199362506,68.915977241071,3.0381855828444677
1451,13,41,60,[   0  167  229  437  548  728 1052 1159 1321 1416 1487 1724 1848 2017],0.026613846199362506,68.915977241071,3.0381855828444677
1452,13,42,0,"[   0   54  167  229  241  370  513  548  572  722  999 1052 1109 1159
 1321 1382 1416 1773 1809 1848 1873 2017]",0.01977129016831409,69.2187868297031,3.199470421899929
1453,13,42,20,"[   0   54  167  241  370  513  548  572  722  999 1052 1109 1159 1321
 1382 1416 1773 1809 1848 1873 2017]",0.01977129016831409,69.2187868297031,3.199470421899929
1454,13,42,40,"[   0   54  167  241  370  513  572  722 1052 1109 1159 1321 1382 1809
 2017]",0.01977129016831409,69.2187868297031,3.199470421899929
1455,13,42,60,[   0  167  370  513  722 1052 1159 1321 1382 1809 2017],0.01977129016831409,69.2187868297031,3.199470421899929
1456,13,43,0,"[   0   54  167  229  241  535  548  572  722  838 1052 1109 1159 1321
 1382 1416 1558 1746 1809 1848 1873 2017]",0.020682185743379114,70.3304420863649,3.4661067414626894
1457,13,43,20,"[   0   54  167  241  535  572  722  838 1052 1109 1159 1321 1382 1416
 1558 1746 1809 1848 1873 2017]",0.020682185743379114,70.3304420863649,3.4661067414626894
1458,13,43,40,"[   0   54  167  241  535  722  838 1052 1159 1321 1382 1558 1746 1848
 2017]",0.020682185743379114,70.3304420863649,3.4661067414626894
1459,13,43,60,[   0  167  241  535  722  838 1052 1159 1321 1382 1558 1746 1848 2017],0.020682185743379114,70.3304420863649,3.4661067414626894
1460,13,44,0,"[   0   54  167  229  241  370  513  548  572  722  838 1052 1109 1159
 1321 1382 1416 1773 1809 1848 1873 2017]",0.01983665987367954,69.91950720405335,3.2023469132922107
1461,13,44,20,"[   0   54  167  241  370  513  548  572  722  838 1052 1109 1159 1321
 1382 1416 1773 1809 1848 1873 2017]",0.01983665987367954,69.91950720405335,3.2023469132922107
1462,13,44,40,"[   0   54  167  241  370  513  572  722  838 1052 1109 1159 1321 1382
 1809 2017]",0.01983665987367954,69.91950720405335,3.2023469132922107
1463,13,44,60,[   0  167  370  513  722  838 1052 1159 1321 1382 1809 2017],0.01983665987367954,69.91950720405335,3.2023469132922107
1464,13,45,0,"[   0  370  456  513  531  722  838  906 1052 1109 1159 1321 1382 1416
 1558 1746 1809 1848 1873 2017]",0.03589870825285761,74.20830639279436,3.4900063652924156
1465,13,45,20,"[   0  370  456  531  722  838  906 1052 1109 1159 1321 1382 1416 1558
 1746 1809 1848 1873 2017]",0.03589870825285761,74.20830639279436,3.4900063652924156
1466,13,45,40,"[   0  370  456  531  722  838  906 1052 1109 1159 1321 1382 1558 1746
 1848 2017]",0.03589870825285761,74.20830639279436,3.4900063652924156
1467,13,45,60,[   0  370  456  531  722  906 1052 1159 1321 1382 1558 1746 1848 2017],0.03589870825285761,74.20830639279436,3.4900063652924156
1468,13,46,0,"[   0  370  456  513  531  722  838  906 1052 1109 1159 1317 1382 1464
 1558 1746 1773 1848 2017]",0.03057705129541858,74.3244239009711,3.6065275105302823
1469,13,46,20,"[   0  370  456  531  722  838  906 1052 1109 1159 1317 1382 1464 1558
 1746 1773 1848 2017]",0.03057705129541858,74.3244239009711,3.6065275105302823
1470,13,46,40,"[   0  370  456  531  722  838  906 1052 1109 1159 1317 1382 1464 1558
 1746 1848 2017]",0.03057705129541858,74.3244239009711,3.6065275105302823
1471,13,46,60,"[   0  370  456  531  722  838  906 1052 1159 1317 1382 1464 1558 1746
 1848 2017]",0.03057705129541858,74.3244239009711,3.6065275105302823
1472,13,47,0,"[   0  370  453  513  548  722  838  906 1052 1109 1159 1317 1382 1464
 1558 1746 1773 1848 2017]",0.030701908109371397,73.95073092416372,3.5932477778720346
1473,13,47,20,"[   0  370  453  513  548  722  838  906 1052 1109 1159 1317 1382 1464
 1558 1746 1773 1848 2017]",0.030701908109371397,73.95073092416372,3.5932477778720346
1474,13,47,40,"[   0  370  453  548  722  838  906 1052 1109 1159 1317 1382 1464 1558
 1746 1848 2017]",0.030701908109371397,73.95073092416372,3.5932477778720346
1475,13,47,60,"[   0  370  453  548  722  838  906 1052 1159 1317 1382 1464 1558 1746
 1848 2017]",0.030701908109371397,73.95073092416372,3.5932477778720346
1476,13,48,0,"[   0  370  453  513  548  722  838  906 1052 1109 1159 1317 1382 1464
 1558 1746 1809 1848 1873 2017]",0.03690320552248857,74.62337409314584,3.29585723332079
1477,13,48,20,"[   0  370  453  513  548  722  838  906 1052 1109 1159 1317 1382 1464
 1558 1746 1809 1848 1873 2017]",0.03690320552248857,74.62337409314584,3.29585723332079
1478,13,48,40,"[   0  370  453  548  722  838  906 1052 1109 1159 1317 1382 1464 1558
 1746 1848 2017]",0.03690320552248857,74.62337409314584,3.29585723332079
1479,13,48,60,"[   0  370  453  548  722  838  906 1052 1159 1317 1382 1464 1558 1746
 1848 2017]",0.03690320552248857,74.62337409314584,3.29585723332079
1480,13,49,0,"[   0   20  101  370  453  513  548  722  838  906 1052 1109 1159 1317
 1464 1545 1558 1746 1848 1873 2017]",0.035720040614234706,73.50837815440728,3.36891774617355
1481,13,49,20,"[   0  101  370  453  513  548  722  838  906 1052 1109 1159 1317 1464
 1558 1746 1848 1873 2017]",0.035720040614234706,73.50837815440728,3.36891774617355
1482,13,49,40,"[   0  101  370  453  548  722  838  906 1052 1109 1159 1317 1464 1558
 1746 1848 2017]",0.035720040614234706,73.50837815440728,3.36891774617355
1483,13,49,60,"[   0  101  370  453  548  722  838  906 1052 1159 1317 1464 1558 1746
 1848 2017]",0.035720040614234706,73.50837815440728,3.36891774617355
1484,13,50,0,"[   0  370  446  513  548  722  838  906 1052 1109 1159 1317 1464 1545
 1558 1746 1809 1847 1873 1990 2017]",0.03645191114548459,74.68653931900937,3.262841153494523
1485,13,50,20,"[   0  370  446  513  548  722  838  906 1052 1109 1159 1317 1464 1558
 1746 1809 1847 1873 1990 2017]",0.03645191114548459,74.68653931900937,3.262841153494523
1486,13,50,40,"[   0  370  446  548  722  838  906 1052 1109 1159 1317 1464 1558 1746
 1847 2017]",0.03645191114548459,74.68653931900937,3.262841153494523
1487,13,50,60,"[   0  370  446  548  722  838  906 1052 1159 1317 1464 1558 1746 1847
 2017]",0.03645191114548459,74.68653931900937,3.262841153494523
1488,14,20,0,"[   0  157  241  370  459  531  548  728  765  838  992 1052 1242 1273
 1332 1396 1494 1538 1591 1603 1741 1746 1848 2017]",0.008166775530859071,59.73681808963996,3.980122603409884
1489,14,20,20,"[   0  157  241  370  459  531  728  765  838 1052 1242 1273 1332 1396
 1494 1538 1591 1746 1848 2017]",0.008166775530859071,59.73681808963996,3.980122603409884
1490,14,20,40,"[   0  157  241  370  459  531  728  838 1052 1273 1332 1396 1494 1538
 1591 1746 1848 2017]",0.008166775530859071,59.73681808963996,3.980122603409884
1491,14,20,60,"[   0  157  241  370  459  531  728  838 1052 1273 1396 1494 1591 1746
 1848 2017]",0.008166775530859071,59.73681808963996,3.980122603409884
1492,14,21,0,"[   0  130  197  348  459  531  573  684  728  765  856  906 1052 1109
 1275 1494 1538 1591 1603 1741 1746 1873 2017]",0.016618689551710388,61.7073071883908,3.838003767351878
1493,14,21,20,"[   0  130  197  348  459  531  573  684  728  765  856  906 1052 1109
 1275 1494 1538 1591 1746 1873 2017]",0.016618689551710388,61.7073071883908,3.838003767351878
1494,14,21,40,"[   0  130  197  348  459  531  573  684  765  856  906 1052 1109 1275
 1494 1538 1591 1746 1873 2017]",0.016618689551710388,61.7073071883908,3.838003767351878
1495,14,21,60,"[   0  130  197  348  459  531  684  765  906 1052 1275 1494 1591 1746
 1873 2017]",0.016618689551710388,61.7073071883908,3.838003767351878
1496,14,22,0,"[   0  348  459  531  573  684  728  765  838 1052 1109 1275 1350 1396
 1494 1538 1591 1603 1630 1680 1741 1746 1873 2017]",0.030639258449863316,61.23166719627726,3.641155391515517
1497,14,22,20,"[   0  348  459  531  573  684  728  765  838 1052 1109 1275 1350 1396
 1494 1538 1591 1630 1680 1746 1873 2017]",0.030639258449863316,61.23166719627726,3.641155391515517
1498,14,22,40,"[   0  348  459  531  573  684  765  838 1052 1109 1275 1350 1396 1494
 1538 1591 1680 1746 1873 2017]",0.030639258449863316,61.23166719627726,3.641155391515517
1499,14,22,60,"[   0  348  459  531  684  765  838 1052 1275 1396 1494 1591 1746 1873
 2017]",0.030639258449863316,61.23166719627726,3.641155391515517
1500,14,23,0,"[   0  130  197  348  459  531  573  684  728  765  856  957 1052 1109
 1275 1494 1538 1591 1603 1741 1746 1873 2017]",0.016860825188525084,61.94369528467412,3.8330983151544555
1501,14,23,20,"[   0  130  197  348  459  531  573  684  728  765  856  957 1052 1109
 1275 1494 1538 1591 1746 1873 2017]",0.016860825188525084,61.94369528467412,3.8330983151544555
1502,14,23,40,"[   0  130  197  348  459  531  573  684  765  856  957 1052 1109 1275
 1494 1538 1591 1746 1873 2017]",0.016860825188525084,61.94369528467412,3.8330983151544555
1503,14,23,60,"[   0  130  197  348  459  531  684  765  856  957 1109 1275 1494 1591
 1746 1873 2017]",0.016860825188525084,61.94369528467412,3.8330983151544555
1504,14,24,0,"[   0  197  345  370  513  531  548  722  728  765  856  957 1052 1109
 1211 1273 1321 1396 1457 1493 1558 1603 1741 1746 1873 2017]",0.023340667570212137,63.948472968989314,3.8669103585370124
1505,14,24,20,"[   0  197  345  370  531  728  765  856  957 1052 1109 1211 1273 1321
 1396 1493 1558 1603 1746 1873 2017]",0.023340667570212137,63.948472968989314,3.8669103585370124
1506,14,24,40,"[   0  197  370  531  728  856  957 1052 1109 1211 1273 1321 1396 1493
 1558 1603 1746 1873 2017]",0.023340667570212137,63.948472968989314,3.8669103585370124
1507,14,24,60,"[   0  197  370  531  728  856 1052 1211 1321 1396 1493 1603 1746 1873
 2017]",0.023340667570212137,63.948472968989314,3.8669103585370124
1508,14,25,0,"[   0   34  320  348  459  491  548  728  765  844  957 1052 1109 1211
 1273 1321 1396 1493 1558 1603 1741 1746 1873 2017]",0.025933190837152516,64.30216669598641,3.918383196808897
1509,14,25,20,"[   0   34  320  348  459  491  548  728  765  844  957 1052 1109 1211
 1273 1321 1396 1493 1558 1603 1746 1873 2017]",0.025933190837152516,64.30216669598641,3.918383196808897
1510,14,25,40,"[   0  348  491  548  728  844  957 1052 1109 1211 1273 1321 1396 1493
 1558 1603 1746 1873 2017]",0.025933190837152516,64.30216669598641,3.918383196808897
1511,14,25,60,[   0  348  548  728  844 1052 1211 1321 1396 1493 1603 1746 1873 2017],0.025933190837152516,64.30216669598641,3.918383196808897
1512,14,26,0,"[   0  183  241  348  459  491  548  728  765  844  906 1052 1109 1249
 1275 1416 1494 1558 1680 1741 1746 1873 2017]",0.016342011195416513,63.45434673866314,4.0267293872441465
1513,14,26,20,"[   0  183  241  348  459  491  548  728  765  844  906 1052 1109 1249
 1275 1416 1494 1558 1680 1746 1873 2017]",0.016342011195416513,63.45434673866314,4.0267293872441465
1514,14,26,40,"[   0  183  348  491  548  728  844  906 1052 1109 1275 1416 1494 1558
 1680 1746 1873 2017]",0.016342011195416513,63.45434673866314,4.0267293872441465
1515,14,26,60,"[   0  183  348  548  728  906 1052 1275 1416 1494 1558 1680 1746 1873
 2017]",0.016342011195416513,63.45434673866314,4.0267293872441465
1516,14,27,0,"[   0  183  241  312  370  459  491  513  548  567  722  728  765 1052
 1109 1211 1276 1416 1494 1517 1558 1680 1741 1746 1873 1915 2017]",0.013409196311558317,63.226983361178696,3.776918170208505
1517,14,27,20,"[   0  183  241  312  370  459  491  513  567  728  765 1052 1109 1211
 1276 1416 1494 1517 1558 1680 1746 1873 1915 2017]",0.013409196311558317,63.226983361178696,3.776918170208505
1518,14,27,40,"[   0  183  241  312  370  491  567  728 1052 1109 1211 1276 1416 1494
 1558 1680 1746 1873 1915 2017]",0.013409196311558317,63.226983361178696,3.776918170208505
1519,14,27,60,"[   0  183  370  491  567  728 1052 1211 1276 1416 1494 1558 1680 1746
 1873 2017]",0.013409196311558317,63.226983361178696,3.776918170208505
1520,14,28,0,"[   0  183  312  370  459  491  548  728  765  838  906 1010 1052 1275
 1321 1416 1494 1558 1748 1873 2017]",0.01677310970658347,64.4387902515504,3.7923572221835373
1521,14,28,20,"[   0  183  312  370  459  491  548  728  765  838  906 1010 1052 1275
 1321 1416 1494 1558 1748 1873 2017]",0.01677310970658347,64.4387902515504,3.7923572221835373
1522,14,28,40,"[   0  183  241  312  370  491  548  728  838  906 1010 1052 1275 1321
 1416 1494 1558 1748 1873 2017]",0.01677310970658347,64.4387902515504,3.7923572221835373
1523,14,28,60,[   0  183  370  548  728  906 1052 1275 1416 1494 1558 1748 1873 2017],0.01677310970658347,64.4387902515504,3.7923572221835373
1524,14,29,0,"[   0   54  130  198  370  459  513  531  548  615  722  796  838 1010
 1037 1168 1203 1276 1321 1416 1494 1517 1558 1748 1873 2017]",0.015808958516296923,65.058248848645,3.4446738505696737
1525,14,29,20,"[   0   54  130  198  370  459  531  615  722  796  838 1010 1037 1168
 1203 1276 1321 1416 1494 1558 1748 1873 2017]",0.015808958516296923,65.058248848645,3.4446738505696737
1526,14,29,40,"[   0   54  130  198  370  459  531  615  722  796  838 1037 1168 1276
 1321 1416 1494 1558 1748 1873 2017]",0.015808958516296923,65.058248848645,3.4446738505696737
1527,14,29,60,"[   0  130  198  370  459  531  615  722  796 1037 1168 1276 1416 1494
 1558 1748 1873 2017]",0.015808958516296923,65.058248848645,3.4446738505696737
1528,14,30,0,"[   0   54  130  198  370  459  513  531  548  722  728  765  851  906
 1010 1168 1203 1276 1321 1416 1494 1517 1558 1748 1847 2017]",0.02867358498223451,65.69873553264141,3.453857610813415
1529,14,30,20,"[   0   54  130  198  370  459  531  728  765  851  906 1010 1168 1276
 1321 1416 1494 1558 1748 1847 2017]",0.02867358498223451,65.69873553264141,3.453857610813415
1530,14,30,40,"[   0   54  130  198  370  459  531  728  851  906 1010 1168 1276 1321
 1416 1494 1558 1748 1847 2017]",0.02867358498223451,65.69873553264141,3.453857610813415
1531,14,30,60,"[   0  130  198  370  459  531  728  906 1010 1168 1276 1416 1494 1558
 1748 1847 2017]",0.02867358498223451,65.69873553264141,3.453857610813415
1532,14,31,0,"[   0   54  130  198  370  459  491  548  728  765  856  932 1052 1168
 1203 1416 1494 1558 1748 1847 2017]",0.026581873004825098,65.9141206247477,3.475011235191897
1533,14,31,20,"[   0   54  130  198  370  459  491  548  728  765  856  932 1052 1168
 1203 1416 1494 1558 1748 1847 2017]",0.026581873004825098,65.9141206247477,3.475011235191897
1534,14,31,40,"[   0   54  130  198  370  491  548  728  856  932 1052 1203 1416 1494
 1558 1748 1847 2017]",0.026581873004825098,65.9141206247477,3.475011235191897
1535,14,31,60,[   0  130  198  370  548  728  932 1052 1203 1494 1558 1748 1847 2017],0.026581873004825098,65.9141206247477,3.475011235191897
1536,14,32,0,"[   0   54  130  162  370  459  491  548  575  728  765  844  906 1052
 1168 1203 1416 1494 1558 1748 1847 2017]",0.028122749179409462,66.11424676126403,3.394659605091891
1537,14,32,20,"[   0   54  130  162  370  459  491  548  575  728  765  844  906 1052
 1168 1203 1416 1494 1558 1748 1847 2017]",0.028122749179409462,66.11424676126403,3.394659605091891
1538,14,32,40,"[   0   54  162  370  491  548  728  906 1052 1203 1416 1494 1558 1748
 1847 2017]",0.028122749179409462,66.11424676126403,3.394659605091891
1539,14,32,60,[   0  162  370  548  728  906 1052 1203 1494 1558 1748 1847 2017],0.028122749179409462,66.11424676126403,3.394659605091891
1540,14,33,0,"[   0   42   54  167  241  312  370  498  531  548  722  728  838 1052
 1168 1193 1203 1416 1494 1517 1558 1748 1847 2017]",0.014774814526071689,65.6990976915139,3.581463748284866
1541,14,33,20,"[   0   42  167  241  312  370  498  531  722  838 1052 1168 1203 1416
 1494 1558 1748 1847 2017]",0.014774814526071689,65.6990976915139,3.581463748284866
1542,14,33,40,[   0   42  167  370  531  722  838 1052 1203 1494 1558 1748 1847 2017],0.014774814526071689,65.6990976915139,3.581463748284866
1543,14,33,60,[   0  167  370  531  722 1052 1203 1494 1558 1748 1847 2017],0.014774814526071689,65.6990976915139,3.581463748284866
1544,14,34,0,"[   0   54  167  312  370  446  513  531  548  722  728  838 1052 1109
 1193 1275 1321 1416 1494 1517 1558 1748 1847 2017]",0.029983990422980163,66.22378462974322,3.4932416119407543
1545,14,34,20,"[   0   54  167  312  370  446  531  722  838 1052 1109 1193 1275 1321
 1416 1494 1558 1748 1847 2017]",0.029983990422980163,66.22378462974322,3.4932416119407543
1546,14,34,40,"[   0   54  167  312  370  446  531  722  838 1052 1109 1193 1275 1321
 1416 1494 1558 1748 1847 2017]",0.029983990422980163,66.22378462974322,3.4932416119407543
1547,14,34,60,"[   0  167  370  446  531  722  838 1052 1193 1275 1416 1494 1558 1748
 1847 2017]",0.029983990422980163,66.22378462974322,3.4932416119407543
1548,14,35,0,"[   0  167  198  312  332  370  446  513  531  548  722  728  838 1052
 1109 1193 1203 1416 1493 1558 1748 1873 2017]",0.02166334243856318,65.87606353142743,3.588616829462891
1549,14,35,20,"[   0  167  198  312  370  446  531  722  838 1052 1109 1203 1416 1493
 1558 1748 1873 2017]",0.02166334243856318,65.87606353142743,3.588616829462891
1550,14,35,40,"[   0  198  312  370  446  531  722  838 1052 1109 1203 1416 1493 1558
 1748 1873 2017]",0.02166334243856318,65.87606353142743,3.588616829462891
1551,14,35,60,[   0  198  370  446  531  722  838 1052 1203 1493 1558 1748 1873 2017],0.02166334243856318,65.87606353142743,3.588616829462891
1552,14,36,0,"[   0   54  167  229  370  446  513  531  548  728  765  838  906 1052
 1242 1275 1321 1416 1485 1493 1558 1748 1873 2017]",0.029390596334471424,66.02725020125374,3.464283985007992
1553,14,36,20,"[   0   54  167  229  370  446  531  728  765  838  906 1052 1242 1275
 1321 1416 1493 1558 1748 1873 2017]",0.029390596334471424,66.02725020125374,3.464283985007992
1554,14,36,40,"[   0   54  167  229  370  446  531  728  838  906 1052 1242 1321 1416
 1493 1558 1748 1873 2017]",0.029390596334471424,66.02725020125374,3.464283985007992
1555,14,36,60,"[   0  167  229  370  446  531  728  838  906 1052 1242 1321 1416 1493
 1558 1748 1873 2017]",0.029390596334471424,66.02725020125374,3.464283985007992
1556,14,37,0,"[   0  167  312  370  446  513  548  667  728  788  838 1014 1046 1275
 1321 1416 1485 1493 1558 1748 1873 2017]",0.017883356948487358,65.20745832848878,3.4098199143107064
1557,14,37,20,"[   0  167  312  370  446  513  548  667  728  788  838 1014 1046 1275
 1321 1416 1493 1558 1748 1873 2017]",0.017883356948487358,65.20745832848878,3.4098199143107064
1558,14,37,40,"[   0  167  370  446  548  667  728  788  838 1046 1275 1416 1493 1558
 1748 1873 2017]",0.017883356948487358,65.20745832848878,3.4098199143107064
1559,14,37,60,"[   0  167  370  446  548  667  728 1046 1275 1416 1493 1558 1748 1873
 2017]",0.017883356948487358,65.20745832848878,3.4098199143107064
1560,14,38,0,"[   0  167  171  241  312  370  446  513  548  722  838  906 1052 1109
 1159 1321 1416 1485 1493 1558 1748 1873 2017]",0.019266422889411397,67.22823861693477,3.7007230078389113
1561,14,38,20,"[   0  167  241  312  370  446  513  548  722  838  906 1052 1109 1159
 1321 1416 1493 1558 1748 1873 2017]",0.019266422889411397,67.22823861693477,3.7007230078389113
1562,14,38,40,"[   0  167  241  312  370  446  548  722  838  906 1052 1109 1159 1321
 1416 1493 1558 1748 1873 2017]",0.019266422889411397,67.22823861693477,3.7007230078389113
1563,14,38,60,"[   0  167  241  370  446  548  722  838  906 1052 1159 1321 1416 1493
 1558 1748 1873 2017]",0.019266422889411397,67.22823861693477,3.7007230078389113
1564,14,39,0,"[   0   20   40  167  198  229  437  498  548  722  838  906 1052 1109
 1159 1321 1416 1485 1493 1558 1748 1873 1995 2017]",0.026243792904219104,67.66692825038247,3.456514829053333
1565,14,39,20,"[   0   40  167  198  229  437  498  548  722  838  906 1052 1109 1159
 1321 1416 1493 1558 1748 1873 1995 2017]",0.026243792904219104,67.66692825038247,3.456514829053333
1566,14,39,40,"[   0  167  229  437  498  548  722  838  906 1052 1109 1159 1321 1416
 1493 1558 1748 1873 2017]",0.026243792904219104,67.66692825038247,3.456514829053333
1567,14,39,60,"[   0  167  229  437  548  722  838  906 1052 1159 1321 1416 1493 1558
 1748 1873 2017]",0.026243792904219104,67.66692825038247,3.456514829053333
1568,14,40,0,"[   0   23   40  167  198  229  437  498  548  722  957  999 1052 1109
 1159 1321 1416 1487 1558 1603 1748 1873 1995 2017]",0.02700288277647628,66.97899149847599,3.4106162871440375
1569,14,40,20,"[   0   40  167  198  229  437  498  548  722  957  999 1052 1109 1159
 1321 1416 1487 1558 1603 1748 1873 1995 2017]",0.02700288277647628,66.97899149847599,3.4106162871440375
1570,14,40,40,"[   0  167  229  437  498  548  722  957  999 1052 1109 1159 1321 1416
 1487 1558 1603 1748 1873 2017]",0.02700288277647628,66.97899149847599,3.4106162871440375
1571,14,40,60,"[   0  167  229  437  548  722  957 1052 1159 1321 1416 1487 1603 1748
 1873 2017]",0.02700288277647628,66.97899149847599,3.4106162871440375
1572,14,41,0,"[   0  167  198  437  498  548  728  765  925  999 1052 1109 1159 1321
 1416 1487 1724 1809 1848 1873 2017]",0.027168195217474028,66.03834354073938,3.1799466187243213
1573,14,41,20,"[   0  167  198  437  498  548  728  765  925  999 1052 1109 1159 1321
 1416 1487 1724 1809 1848 1873 2017]",0.027168195217474028,66.03834354073938,3.1799466187243213
1574,14,41,40,"[   0  167  229  437  498  548  728  925  999 1052 1109 1159 1321 1416
 1487 1724 1848 2017]",0.027168195217474028,66.03834354073938,3.1799466187243213
1575,14,41,60,"[   0  167  229  437  548  728  925 1052 1159 1321 1416 1487 1724 1848
 2017]",0.027168195217474028,66.03834354073938,3.1799466187243213
1576,14,42,0,"[   0   54  167  229  241  370  513  548  572  722  999 1052 1109 1159
 1321 1382 1416 1558 1746 1809 1848 1873 2017]",0.019597552558946178,66.13498849367397,3.2935879938693433
1577,14,42,20,"[   0   54  167  241  370  513  548  572  722  999 1052 1109 1159 1321
 1382 1416 1558 1746 1809 1848 1873 2017]",0.019597552558946178,66.13498849367397,3.2935879938693433
1578,14,42,40,"[   0   54  167  241  370  513  572  722 1052 1109 1159 1321 1382 1558
 1746 1848 2017]",0.019597552558946178,66.13498849367397,3.2935879938693433
1579,14,42,60,[   0  167  370  513  722 1052 1159 1321 1382 1558 1746 1848 2017],0.019597552558946178,66.13498849367397,3.2935879938693433
1580,14,43,0,"[   0   54  167  229  241  370  513  548  572  722  838 1052 1109 1159
 1321 1382 1416 1558 1746 1809 1848 1873 2017]",0.021410699806511165,67.2345508196402,3.4010086883636093
1581,14,43,20,"[   0   54  167  241  370  513  548  572  722  838 1052 1109 1159 1321
 1382 1416 1558 1746 1809 1848 1873 2017]",0.021410699806511165,67.2345508196402,3.4010086883636093
1582,14,43,40,"[   0   54  167  241  370  513  572  722  838 1052 1109 1159 1321 1382
 1558 1746 1848 2017]",0.021410699806511165,67.2345508196402,3.4010086883636093
1583,14,43,60,[   0  167  370  513  722  838 1052 1159 1321 1382 1558 1746 1848 2017],0.021410699806511165,67.2345508196402,3.4010086883636093
1584,14,44,0,"[   0   54  167  229  241  370  513  548  572  722  838 1052 1109 1159
 1321 1382 1416 1558 1746 1809 1848 1873 2017]",0.020849853688330585,66.91315565679763,3.3960239369591187
1585,14,44,20,"[   0   54  167  241  370  513  548  572  722  838 1052 1109 1159 1321
 1382 1416 1558 1746 1809 1848 1873 2017]",0.020849853688330585,66.91315565679763,3.3960239369591187
1586,14,44,40,"[   0   54  167  241  370  513  572  722  838 1052 1109 1159 1321 1382
 1558 1746 1848 2017]",0.020849853688330585,66.91315565679763,3.3960239369591187
1587,14,44,60,[   0  167  370  513  722  838 1052 1159 1321 1382 1558 1746 1848 2017],0.020849853688330585,66.91315565679763,3.3960239369591187
1588,14,45,0,"[   0   20  101  370  453  456  513  531  537  722  728  838  906 1052
 1109 1159 1321 1382 1416 1558 1746 1773 1809 1848 1873 2017]",0.0324727555894028,70.44296257324034,3.3854074462109156
1589,14,45,20,"[   0  101  370  456  531  722  838  906 1052 1109 1159 1321 1382 1416
 1558 1746 1809 1848 1873 2017]",0.0324727555894028,70.44296257324034,3.3854074462109156
1590,14,45,40,"[   0  101  370  456  531  722  838  906 1052 1109 1159 1321 1382 1558
 1746 1848 2017]",0.0324727555894028,70.44296257324034,3.3854074462109156
1591,14,45,60,"[   0  101  370  456  531  722  838  906 1052 1159 1321 1382 1558 1746
 1848 2017]",0.0324727555894028,70.44296257324034,3.3854074462109156
1592,14,46,0,"[   0   20  101  370  453  456  513  531  537  722  728  838  906 1052
 1109 1159 1317 1382 1464 1558 1746 1773 1848 2017]",0.026764605553224654,70.52265373758149,3.496758327930226
1593,14,46,20,"[   0  101  370  456  531  722  838  906 1052 1109 1159 1317 1382 1464
 1558 1746 1773 1848 2017]",0.026764605553224654,70.52265373758149,3.496758327930226
1594,14,46,40,"[   0  101  370  456  531  722  838  906 1052 1109 1159 1317 1382 1464
 1558 1746 1848 2017]",0.026764605553224654,70.52265373758149,3.496758327930226
1595,14,46,60,"[   0  101  370  456  531  722  838  906 1052 1159 1317 1382 1464 1558
 1746 1848 2017]",0.026764605553224654,70.52265373758149,3.496758327930226
1596,14,47,0,"[   0  184  345  370  453  513  548  722  838  906 1052 1109 1159 1317
 1382 1464 1558 1746 1773 1848 2017]",0.021502977873873542,70.34880883208035,3.7394910118669635
1597,14,47,20,"[   0  184  345  370  453  513  548  722  838  906 1052 1109 1159 1317
 1382 1464 1558 1746 1773 1848 2017]",0.021502977873873542,70.34880883208035,3.7394910118669635
1598,14,47,40,"[   0  184  345  453  548  722  838  906 1052 1109 1159 1317 1382 1464
 1558 1746 1848 2017]",0.021502977873873542,70.34880883208035,3.7394910118669635
1599,14,47,60,"[   0  184  345  453  548  722  838  906 1052 1159 1317 1382 1464 1558
 1746 1848 2017]",0.021502977873873542,70.34880883208035,3.7394910118669635
1600,14,48,0,"[   0   20  101  370  453  513  548  722  838  906 1052 1109 1159 1317
 1382 1464 1558 1746 1809 1848 1873 2017]",0.031576493677913986,70.58608654387534,3.220426750930675
1601,14,48,20,"[   0  101  370  453  513  548  722  838  906 1052 1109 1159 1317 1382
 1464 1558 1746 1809 1848 1873 2017]",0.031576493677913986,70.58608654387534,3.220426750930675
1602,14,48,40,"[   0  101  370  453  548  722  838  906 1052 1109 1159 1317 1382 1464
 1558 1746 1848 2017]",0.031576493677913986,70.58608654387534,3.220426750930675
1603,14,48,60,"[   0  101  370  453  548  722  838  906 1052 1159 1317 1382 1464 1558
 1746 1848 2017]",0.031576493677913986,70.58608654387534,3.220426750930675
1604,14,49,0,"[   0   20  101  198  370  403  453  513  548  722  728  838  906 1052
 1109 1159 1317 1464 1545 1558 1746 1848 1873 2017]",0.03223335151313715,69.91708266377647,3.4652283402585016
1605,14,49,20,"[   0  101  198  370  403  453  513  548  722  838  906 1052 1109 1159
 1317 1464 1558 1746 1848 1873 2017]",0.03223335151313715,69.91708266377647,3.4652283402585016
1606,14,49,40,"[   0  101  198  370  453  548  722  838  906 1052 1109 1159 1317 1464
 1558 1746 1848 2017]",0.03223335151313715,69.91708266377647,3.4652283402585016
1607,14,49,60,"[   0  101  198  370  453  548  722  838  906 1052 1159 1317 1464 1558
 1746 1848 2017]",0.03223335151313715,69.91708266377647,3.4652283402585016
1608,14,50,0,"[   0   20  101  370  446  513  548  722  728  838  906 1052 1109 1159
 1317 1464 1545 1558 1746 1809 1847 1873 1990 2017]",0.031583328749469446,70.79885572224106,3.1783350579690177
1609,14,50,20,"[   0  101  370  446  513  548  722  838  906 1052 1109 1159 1317 1464
 1558 1746 1809 1847 1873 1990 2017]",0.031583328749469446,70.79885572224106,3.1783350579690177
1610,14,50,40,"[   0  101  370  446  548  722  838  906 1052 1109 1159 1317 1464 1558
 1746 1847 2017]",0.031583328749469446,70.79885572224106,3.1783350579690177
1611,14,50,60,"[   0  101  370  446  548  722  838  906 1052 1159 1317 1464 1558 1746
 1847 2017]",0.031583328749469446,70.79885572224106,3.1783350579690177
1612,15,20,0,"[   0  157  241  370  459  531  548  684  728  765  838  992 1052 1242
 1273 1332 1396 1494 1538 1591 1603 1741 1746 1848 2017]",0.008407995020650158,57.188113477707766,4.078130585062388
1613,15,20,20,"[   0  157  241  370  459  531  684  728  765  838 1052 1242 1273 1332
 1396 1494 1538 1591 1746 1848 2017]",0.008407995020650158,57.188113477707766,4.078130585062388
1614,15,20,40,"[   0  157  241  370  459  531  684  765  838 1052 1273 1332 1396 1494
 1538 1591 1746 1848 2017]",0.008407995020650158,57.188113477707766,4.078130585062388
1615,15,20,60,"[   0  157  241  370  459  531  684  765  838 1052 1273 1396 1494 1591
 1746 1848 2017]",0.008407995020650158,57.188113477707766,4.078130585062388
1616,15,21,0,"[   0  130  197  348  459  531  573  684  728  765  856  906 1052 1109
 1275 1494 1538 1591 1603 1741 1746 1848 1873 2017]",0.01654148181843654,59.11572444868292,3.7755261557561766
1617,15,21,20,"[   0  130  197  348  459  531  573  684  728  765  856  906 1052 1109
 1275 1494 1538 1591 1746 1848 1873 2017]",0.01654148181843654,59.11572444868292,3.7755261557561766
1618,15,21,40,"[   0  130  197  348  459  531  573  684  765  856  906 1052 1109 1275
 1494 1538 1591 1746 1848 2017]",0.01654148181843654,59.11572444868292,3.7755261557561766
1619,15,21,60,"[   0  130  197  348  459  531  684  765  906 1052 1275 1494 1591 1746
 1848 2017]",0.01654148181843654,59.11572444868292,3.7755261557561766
1620,15,22,0,"[   0  348  370  459  513  531  573  684  728  765  838 1052 1109 1275
 1350 1396 1494 1538 1591 1603 1630 1680 1741 1746 1873 2017]",0.024566574433253843,58.521118864369114,3.5664510684836954
1621,15,22,20,"[   0  348  370  459  531  573  684  728  765  838 1052 1109 1275 1350
 1396 1494 1538 1591 1630 1680 1746 1873 2017]",0.024566574433253843,58.521118864369114,3.5664510684836954
1622,15,22,40,"[   0  348  459  531  573  684  765  838 1052 1109 1275 1350 1396 1494
 1538 1591 1680 1746 1873 2017]",0.024566574433253843,58.521118864369114,3.5664510684836954
1623,15,22,60,"[   0  348  459  531  684  765  838 1052 1275 1396 1494 1591 1746 1873
 2017]",0.024566574433253843,58.521118864369114,3.5664510684836954
1624,15,23,0,"[   0  130  197  348  459  531  573  684  728  765  856  957 1052 1109
 1275 1350 1396 1494 1538 1591 1603 1741 1746 1873 2017]",0.017744170448274837,59.26683246827668,3.8055552604551934
1625,15,23,20,"[   0  130  197  348  459  531  573  684  728  765  856  957 1052 1109
 1275 1350 1396 1494 1538 1591 1746 1873 2017]",0.017744170448274837,59.26683246827668,3.8055552604551934
1626,15,23,40,"[   0  130  197  348  459  531  573  684  765  856  957 1052 1109 1275
 1350 1396 1494 1538 1591 1746 1873 2017]",0.017744170448274837,59.26683246827668,3.8055552604551934
1627,15,23,60,"[   0  130  197  348  459  531  684  765  856  957 1109 1275 1396 1494
 1591 1746 1873 2017]",0.017744170448274837,59.26683246827668,3.8055552604551934
1628,15,24,0,"[   0  197  345  370  513  531  548  722  728  765  856  957 1052 1109
 1211 1273 1321 1396 1457 1493 1558 1603 1630 1680 1741 1746 1873 2017]",0.02462416225304165,61.148211483080054,3.79854181766568
1629,15,24,20,"[   0  197  345  370  531  728  765  856  957 1052 1109 1211 1273 1321
 1396 1493 1558 1603 1630 1680 1746 1873 2017]",0.02462416225304165,61.148211483080054,3.79854181766568
1630,15,24,40,"[   0  197  370  531  728  856  957 1052 1109 1211 1273 1321 1396 1493
 1558 1630 1680 1746 1873 2017]",0.02462416225304165,61.148211483080054,3.79854181766568
1631,15,24,60,"[   0  197  370  531  728  856 1052 1211 1321 1396 1493 1558 1630 1746
 1873 2017]",0.02462416225304165,61.148211483080054,3.79854181766568
1632,15,25,0,"[   0   34  320  348  370  459  491  513  548  722  728  765  844  957
 1052 1109 1211 1273 1321 1396 1457 1493 1558 1603 1741 1746 1873 2017]",0.02372973524156862,61.65178118547847,3.856291492479706
1633,15,25,20,"[   0   34  320  348  370  459  491  548  728  765  844  957 1052 1109
 1211 1273 1321 1396 1493 1558 1603 1746 1873 2017]",0.02372973524156862,61.65178118547847,3.856291492479706
1634,15,25,40,"[   0  348  491  548  728  844  957 1052 1109 1211 1273 1321 1396 1493
 1558 1603 1746 1873 2017]",0.02372973524156862,61.65178118547847,3.856291492479706
1635,15,25,60,[   0  348  548  728  844 1052 1211 1321 1396 1493 1603 1746 1873 2017],0.02372973524156862,61.65178118547847,3.856291492479706
1636,15,26,0,"[   0   20  130  183  241  348  459  491  548  722  728  765  844  906
 1052 1109 1249 1275 1416 1494 1517 1558 1680 1741 1746 1873 2017]",0.017426228741149605,60.795318812264604,3.8846892178414962
1637,15,26,20,"[   0  130  183  241  348  459  491  548  728  765  844  906 1052 1109
 1249 1275 1416 1494 1558 1680 1746 1873 2017]",0.017426228741149605,60.795318812264604,3.8846892178414962
1638,15,26,40,"[   0  130  183  348  491  548  728  844  906 1052 1109 1275 1416 1494
 1558 1680 1746 1873 2017]",0.017426228741149605,60.795318812264604,3.8846892178414962
1639,15,26,60,"[   0  130  241  348  548  728  906 1052 1275 1416 1494 1558 1680 1746
 1873 2017]",0.017426228741149605,60.795318812264604,3.8846892178414962
1640,15,27,0,"[   0   20  130  183  241  312  370  459  491  513  548  567  722  728
  765 1052 1109 1211 1276 1416 1494 1517 1558 1680 1741 1746 1873 1915
 2017]",0.01545827411116487,60.580306756576746,3.663754720522216
1641,15,27,20,"[   0  130  183  241  312  370  459  491  513  567  728  765 1052 1109
 1211 1276 1416 1494 1517 1558 1680 1746 1873 1915 2017]",0.01545827411116487,60.580306756576746,3.663754720522216
1642,15,27,40,"[   0  130  183  241  312  370  491  567  728 1052 1109 1211 1276 1416
 1494 1558 1680 1746 1873 1915 2017]",0.01545827411116487,60.580306756576746,3.663754720522216
1643,15,27,60,"[   0  130  241  370  491  567  728 1052 1211 1276 1416 1494 1558 1680
 1746 1873 2017]",0.01545827411116487,60.580306756576746,3.663754720522216
1644,15,28,0,"[   0   20  130  183  241  312  370  459  491  548  722  728  765  838
  906 1010 1052 1275 1321 1416 1494 1517 1558 1748 1873 2017]",0.01872582313783831,61.726332151603,3.678164502365581
1645,15,28,20,"[   0  130  183  312  370  459  491  548  728  765  838  906 1010 1052
 1275 1321 1416 1494 1558 1748 1873 2017]",0.01872582313783831,61.726332151603,3.678164502365581
1646,15,28,40,"[   0  130  183  241  312  370  491  548  728  838  906 1010 1052 1275
 1321 1416 1494 1558 1748 1873 2017]",0.01872582313783831,61.726332151603,3.678164502365581
1647,15,28,60,"[   0  130  241  370  548  728  906 1052 1275 1416 1494 1558 1748 1873
 2017]",0.01872582313783831,61.726332151603,3.678164502365581
1648,15,29,0,"[   0   54  130  198  370  459  513  531  548  615  722  796  838 1010
 1037 1168 1203 1276 1321 1416 1494 1517 1558 1748 1848 1873 2017]",0.015949329552913064,62.1678062016433,3.462007698985547
1649,15,29,20,"[   0   54  130  198  370  459  531  615  722  796  838 1010 1037 1168
 1203 1276 1321 1416 1494 1517 1558 1748 1848 1873 2017]",0.015949329552913064,62.1678062016433,3.462007698985547
1650,15,29,40,"[   0   54  130  198  370  459  531  615  722  796  838 1037 1168 1276
 1321 1416 1494 1558 1748 1848 2017]",0.015949329552913064,62.1678062016433,3.462007698985547
1651,15,29,60,"[   0  130  198  370  459  531  615  722  796 1037 1168 1276 1416 1494
 1558 1748 1848 2017]",0.015949329552913064,62.1678062016433,3.462007698985547
1652,15,30,0,"[   0   54  130  198  370  459  513  531  548  722  728  765  851  906
 1010 1168 1203 1276 1321 1416 1494 1517 1558 1748 1847 2017]",0.027503360789156,62.73202256516135,3.471558658286701
1653,15,30,20,"[   0   54  130  198  370  459  531  728  765  851  906 1010 1168 1276
 1321 1416 1494 1558 1748 1847 2017]",0.027503360789156,62.73202256516135,3.471558658286701
1654,15,30,40,"[   0   54  130  198  370  459  531  728  851  906 1010 1168 1276 1321
 1416 1494 1558 1748 1847 2017]",0.027503360789156,62.73202256516135,3.471558658286701
1655,15,30,60,"[   0  130  198  370  459  531  728  906 1010 1168 1276 1416 1494 1558
 1748 1847 2017]",0.027503360789156,62.73202256516135,3.471558658286701
1656,15,31,0,"[   0   54  130  198  370  459  491  548  728  765  856  932 1052 1168
 1203 1416 1494 1558 1748 1847 2017]",0.024644942966835556,62.93538253835528,3.51363558506745
1657,15,31,20,"[   0   54  130  198  370  459  491  548  728  765  856  932 1052 1168
 1203 1416 1494 1558 1748 1847 2017]",0.024644942966835556,62.93538253835528,3.51363558506745
1658,15,31,40,"[   0   54  130  198  370  491  548  728  856  932 1052 1203 1416 1494
 1558 1748 1847 2017]",0.024644942966835556,62.93538253835528,3.51363558506745
1659,15,31,60,[   0  130  198  370  548  728  932 1052 1203 1494 1558 1748 1847 2017],0.024644942966835556,62.93538253835528,3.51363558506745
1660,15,32,0,"[   0   54  130  162  370  459  491  548  575  728  765  844  906 1052
 1168 1203 1416 1494 1558 1748 1847 2017]",0.02612615258125311,63.12433855179554,3.4386407303074447
1661,15,32,20,"[   0   54  130  162  370  459  491  548  575  728  765  844  906 1052
 1168 1203 1416 1494 1558 1748 1847 2017]",0.02612615258125311,63.12433855179554,3.4386407303074447
1662,15,32,40,"[   0   54  162  370  491  548  728  906 1052 1203 1416 1494 1558 1748
 1847 2017]",0.02612615258125311,63.12433855179554,3.4386407303074447
1663,15,32,60,[   0  162  370  548  728  906 1052 1203 1494 1558 1748 1847 2017],0.02612615258125311,63.12433855179554,3.4386407303074447
1664,15,33,0,"[   0   42   54  167  241  312  370  498  531  548  722  728  838 1052
 1168 1193 1203 1416 1494 1517 1558 1748 1847 2017]",0.01357640316952763,62.732364501538555,3.612991263954221
1665,15,33,20,"[   0   42  167  241  312  370  498  531  722  838 1052 1168 1203 1416
 1494 1558 1748 1847 2017]",0.01357640316952763,62.732364501538555,3.612991263954221
1666,15,33,40,[   0   42  167  370  531  722  838 1052 1203 1494 1558 1748 1847 2017],0.01357640316952763,62.732364501538555,3.612991263954221
1667,15,33,60,[   0  167  370  531  722 1052 1203 1494 1558 1748 1847 2017],0.01357640316952763,62.732364501538555,3.612991263954221
1668,15,34,0,"[   0   54  167  198  312  332  370  446  513  531  548  722  728  838
 1052 1109 1193 1275 1321 1416 1494 1517 1558 1748 1847 2017]",0.020775127324811113,63.08889902380221,3.5488438215826665
1669,15,34,20,"[   0   54  167  198  312  370  446  531  722  838 1052 1109 1193 1275
 1321 1416 1494 1558 1748 1847 2017]",0.020775127324811113,63.08889902380221,3.5488438215826665
1670,15,34,40,"[   0   54  198  312  370  446  531  722  838 1052 1109 1193 1275 1321
 1416 1494 1558 1748 1847 2017]",0.020775127324811113,63.08889902380221,3.5488438215826665
1671,15,34,60,"[   0  198  370  446  531  722  838 1052 1193 1275 1416 1494 1558 1748
 1847 2017]",0.020775127324811113,63.08889902380221,3.5488438215826665
1672,15,35,0,"[   0   20   40  167  198  312  332  370  446  513  531  548  722  728
  838 1052 1109 1193 1203 1416 1493 1558 1748 1873 2017]",0.023944794611844056,62.9840176943205,3.509621366197746
1673,15,35,20,"[   0   40  167  198  312  370  446  531  722  838 1052 1109 1203 1416
 1493 1558 1748 1873 2017]",0.023944794611844056,62.9840176943205,3.509621366197746
1674,15,35,40,"[   0  198  312  370  446  531  722  838 1052 1109 1203 1416 1493 1558
 1748 1873 2017]",0.023944794611844056,62.9840176943205,3.509621366197746
1675,15,35,60,[   0  198  370  446  531  722  838 1052 1203 1493 1558 1748 1873 2017],0.023944794611844056,62.9840176943205,3.509621366197746
1676,15,36,0,"[   0   54  167  229  370  446  513  531  548  728  765  838  906 1052
 1242 1275 1321 1416 1485 1493 1558 1748 1873 2017]",0.027758444841566917,63.12837761124302,3.3983398218335585
1677,15,36,20,"[   0   54  167  229  370  446  531  728  765  838  906 1052 1242 1275
 1321 1416 1493 1558 1748 1873 2017]",0.027758444841566917,63.12837761124302,3.3983398218335585
1678,15,36,40,"[   0   54  167  229  370  446  531  728  838  906 1052 1242 1321 1416
 1493 1558 1748 1873 2017]",0.027758444841566917,63.12837761124302,3.3983398218335585
1679,15,36,60,"[   0  167  229  370  446  531  728  838  906 1052 1242 1321 1416 1493
 1558 1748 1873 2017]",0.027758444841566917,63.12837761124302,3.3983398218335585
1680,15,37,0,"[   0  167  171  241  312  370  446  513  548  667  722  728  788  838
 1014 1046 1275 1321 1416 1485 1493 1558 1748 1873 2017]",0.008168834324907276,62.07128296268537,3.599862630251082
1681,15,37,20,"[   0  167  241  312  370  446  513  548  667  728  788  838 1014 1046
 1275 1321 1416 1493 1558 1748 1873 2017]",0.008168834324907276,62.07128296268537,3.599862630251082
1682,15,37,40,"[   0  167  370  446  548  667  728  788  838 1046 1275 1416 1493 1558
 1748 1873 2017]",0.008168834324907276,62.07128296268537,3.599862630251082
1683,15,37,60,"[   0  167  370  446  548  667  728 1046 1275 1416 1493 1558 1748 1873
 2017]",0.008168834324907276,62.07128296268537,3.599862630251082
1684,15,38,0,"[   0   20   40  167  171  241  312  370  446  513  548  722  838  906
 1052 1109 1159 1321 1416 1485 1493 1558 1748 1873 2017]",0.019743995394859604,64.24992867042602,3.521510294297878
1685,15,38,20,"[   0   40  167  241  312  370  446  513  548  722  838  906 1052 1109
 1159 1321 1416 1493 1558 1748 1873 2017]",0.019743995394859604,64.24992867042602,3.521510294297878
1686,15,38,40,"[   0  167  241  312  370  446  548  722  838  906 1052 1109 1159 1321
 1416 1493 1558 1748 1873 2017]",0.019743995394859604,64.24992867042602,3.521510294297878
1687,15,38,60,"[   0  167  241  370  446  548  722  838  906 1052 1159 1321 1416 1493
 1558 1748 1873 2017]",0.019743995394859604,64.24992867042602,3.521510294297878
1688,15,39,0,"[   0   20   40  167  198  332  370  437  498  548  722  838  906 1052
 1109 1159 1321 1416 1485 1493 1558 1748 1873 1995 2017]",0.023555855586513526,64.48685647094865,3.489958767488179
1689,15,39,20,"[   0   40  167  198  332  370  437  498  548  722  838  906 1052 1109
 1159 1321 1416 1493 1558 1748 1873 1995 2017]",0.023555855586513526,64.48685647094865,3.489958767488179
1690,15,39,40,"[   0  167  229  370  437  498  548  722  838  906 1052 1109 1159 1321
 1416 1493 1558 1748 1873 2017]",0.023555855586513526,64.48685647094865,3.489958767488179
1691,15,39,60,"[   0  167  229  370  437  548  722  838  906 1052 1159 1321 1416 1493
 1558 1748 1873 2017]",0.023555855586513526,64.48685647094865,3.489958767488179
1692,15,40,0,"[   0   23   40  167  198  229  437  498  548  722  957  999 1052 1109
 1159 1321 1416 1487 1558 1603 1748 1809 1848 1873 1995 2017]",0.025318314386232537,63.986662501450915,3.366885118042453
1693,15,40,20,"[   0   40  167  198  229  437  498  548  722  957  999 1052 1109 1159
 1321 1416 1487 1558 1603 1748 1809 1848 1873 1995 2017]",0.025318314386232537,63.986662501450915,3.366885118042453
1694,15,40,40,"[   0  167  229  437  498  548  722  957  999 1052 1109 1159 1321 1416
 1487 1558 1603 1748 1848 2017]",0.025318314386232537,63.986662501450915,3.366885118042453
1695,15,40,60,"[   0  167  229  437  548  722  957 1052 1159 1321 1416 1487 1603 1748
 1848 2017]",0.025318314386232537,63.986662501450915,3.366885118042453
1696,15,41,0,"[   0  101  167  198  229  437  498  548  728  765  925  999 1052 1109
 1159 1321 1416 1487 1724 1809 1848 1873 2017]",0.026359675414175988,63.37985062981222,3.1308566548285355
1697,15,41,20,"[   0  101  167  198  229  437  498  548  728  765  925  999 1052 1109
 1159 1321 1416 1487 1724 1809 1848 1873 2017]",0.026359675414175988,63.37985062981222,3.1308566548285355
1698,15,41,40,"[   0  101  167  229  437  498  548  728  925  999 1052 1109 1159 1321
 1416 1487 1724 1848 2017]",0.026359675414175988,63.37985062981222,3.1308566548285355
1699,15,41,60,"[   0  101  167  229  437  548  728  925 1052 1159 1321 1416 1487 1724
 1848 2017]",0.026359675414175988,63.37985062981222,3.1308566548285355
1700,15,42,0,"[   0   54  167  229  241  370  513  535  548  572  722  728  765  999
 1052 1109 1159 1321 1382 1416 1558 1746 1809 1848 1873 2017]",0.02039224976800243,63.48266528143133,3.242535021307746
1701,15,42,20,"[   0   54  167  241  370  513  548  572  728  765  999 1052 1109 1159
 1321 1382 1416 1558 1746 1809 1848 1873 2017]",0.02039224976800243,63.48266528143133,3.242535021307746
1702,15,42,40,"[   0   54  167  241  370  513  572  728 1052 1109 1159 1321 1382 1558
 1746 1848 2017]",0.02039224976800243,63.48266528143133,3.242535021307746
1703,15,42,60,[   0  167  370  513  728 1052 1159 1321 1382 1558 1746 1848 2017],0.02039224976800243,63.48266528143133,3.242535021307746
1704,15,43,0,"[   0   54  167  241  370  513  548  572  728  765  838 1052 1109 1159
 1321 1382 1416 1558 1746 1809 1848 1873 2017]",0.02237608668543175,64.60688659630429,3.3378949563491696
1705,15,43,20,"[   0   54  167  241  370  513  548  572  728  765  838 1052 1109 1159
 1321 1382 1416 1558 1746 1809 1848 1873 2017]",0.02237608668543175,64.60688659630429,3.3378949563491696
1706,15,43,40,"[   0   54  167  241  370  513  572  728  838 1052 1109 1159 1321 1382
 1558 1746 1848 2017]",0.02237608668543175,64.60688659630429,3.3378949563491696
1707,15,43,60,[   0  167  370  513  728  838 1052 1159 1321 1382 1558 1746 1848 2017],0.02237608668543175,64.60688659630429,3.3378949563491696
1708,15,44,0,"[   0   54  167  229  241  300  370  471  513  548  572  722  838 1052
 1109 1159 1321 1382 1416 1558 1746 1809 1848 1873 2017]",0.016723426684559766,64.18985145098826,3.3133611194418555
1709,15,44,20,"[   0   54  167  241  300  370  471  513  548  572  722  838 1052 1109
 1159 1321 1382 1416 1558 1746 1809 1848 1873 2017]",0.016723426684559766,64.18985145098826,3.3133611194418555
1710,15,44,40,"[   0   54  167  241  370  471  513  572  722  838 1052 1109 1159 1321
 1382 1558 1746 1848 2017]",0.016723426684559766,64.18985145098826,3.3133611194418555
1711,15,44,60,[   0  167  370  513  722  838 1052 1159 1321 1382 1558 1746 1848 2017],0.016723426684559766,64.18985145098826,3.3133611194418555
1712,15,45,0,"[   0   20  101  370  453  456  513  531  537  722  728  838  906 1052
 1109 1159 1321 1382 1416 1558 1603 1746 1773 1809 1848 1873 2017]",0.027780616314987787,67.24596109638117,3.5301989573918684
1713,15,45,20,"[   0  101  370  456  531  722  838  906 1052 1109 1159 1321 1382 1416
 1558 1603 1746 1809 1848 1873 2017]",0.027780616314987787,67.24596109638117,3.5301989573918684
1714,15,45,40,"[   0  101  370  456  531  722  838  906 1052 1109 1159 1321 1382 1558
 1603 1746 1848 2017]",0.027780616314987787,67.24596109638117,3.5301989573918684
1715,15,45,60,"[   0  101  370  456  531  722  838  906 1052 1159 1321 1382 1603 1746
 1848 2017]",0.027780616314987787,67.24596109638117,3.5301989573918684
1716,15,46,0,"[   0   20  101  157  345  370  453  456  513  531  537  722  728  838
  906 1052 1109 1159 1317 1382 1464 1558 1746 1773 1848 2017]",0.02094552987480413,67.37785254676162,3.5985813281751238
1717,15,46,20,"[   0  101  157  345  370  456  531  722  838  906 1052 1109 1159 1317
 1382 1464 1558 1746 1773 1848 2017]",0.02094552987480413,67.37785254676162,3.5985813281751238
1718,15,46,40,"[   0  101  157  345  456  531  722  838  906 1052 1109 1159 1317 1382
 1464 1558 1746 1848 2017]",0.02094552987480413,67.37785254676162,3.5985813281751238
1719,15,46,60,"[   0  157  345  456  531  722  838  906 1052 1159 1317 1382 1464 1558
 1746 1848 2017]",0.02094552987480413,67.37785254676162,3.5985813281751238
1720,15,47,0,"[   0   20  101  184  345  370  453  513  548  722  838  906 1052 1109
 1159 1317 1382 1464 1558 1746 1773 1848 2017]",0.022358161446167712,67.3287329637699,3.5914588383357686
1721,15,47,20,"[   0  101  184  345  370  453  513  548  722  838  906 1052 1109 1159
 1317 1382 1464 1558 1746 1773 1848 2017]",0.022358161446167712,67.3287329637699,3.5914588383357686
1722,15,47,40,"[   0  101  184  345  453  548  722  838  906 1052 1109 1159 1317 1382
 1464 1558 1746 1848 2017]",0.022358161446167712,67.3287329637699,3.5914588383357686
1723,15,47,60,"[   0  101  184  345  453  548  722  838  906 1052 1159 1317 1382 1464
 1558 1746 1848 2017]",0.022358161446167712,67.3287329637699,3.5914588383357686
1724,15,48,0,"[   0   20  101  198  370  403  453  513  548  722  838  906 1052 1109
 1159 1317 1382 1464 1558 1746 1809 1848 1873 2017]",0.02845490719039363,67.50685333216506,3.321584185838267
1725,15,48,20,"[   0  101  198  370  403  453  513  548  722  838  906 1052 1109 1159
 1317 1382 1464 1558 1746 1809 1848 1873 2017]",0.02845490719039363,67.50685333216506,3.321584185838267
1726,15,48,40,"[   0  101  198  370  453  548  722  838  906 1052 1109 1159 1317 1382
 1464 1558 1746 1848 2017]",0.02845490719039363,67.50685333216506,3.321584185838267
1727,15,48,60,"[   0  101  198  370  453  548  722  838  906 1052 1159 1317 1382 1464
 1558 1746 1848 2017]",0.02845490719039363,67.50685333216506,3.321584185838267
1728,15,49,0,"[   0   20  101  198  370  403  453  513  537  548  722  728  838  906
 1052 1109 1159 1317 1464 1545 1558 1746 1773 1809 1848 1873 2017]",0.029592434521517375,66.8374286018629,3.3646415307359527
1729,15,49,20,"[   0  101  198  370  403  453  513  548  722  838  906 1052 1109 1159
 1317 1464 1558 1746 1809 1848 1873 2017]",0.029592434521517375,66.8374286018629,3.3646415307359527
1730,15,49,40,"[   0  101  198  370  453  548  722  838  906 1052 1109 1159 1317 1464
 1558 1746 1848 2017]",0.029592434521517375,66.8374286018629,3.3646415307359527
1731,15,49,60,"[   0  101  198  370  453  548  722  838  906 1052 1159 1317 1464 1558
 1746 1848 2017]",0.029592434521517375,66.8374286018629,3.3646415307359527
1732,15,50,0,"[   0   20  101  197  345  370  446  513  548  722  728  838  906 1052
 1109 1159 1317 1464 1545 1558 1746 1809 1847 1873 1990 2017]",0.024608013089096832,67.65533727982681,3.3054925188245954
1733,15,50,20,"[   0  101  197  345  370  446  513  548  722  838  906 1052 1109 1159
 1317 1464 1558 1746 1809 1847 1873 1990 2017]",0.024608013089096832,67.65533727982681,3.3054925188245954
1734,15,50,40,"[   0  101  197  345  446  548  722  838  906 1052 1109 1159 1317 1464
 1558 1746 1847 2017]",0.024608013089096832,67.65533727982681,3.3054925188245954
1735,15,50,60,"[   0  101  197  345  446  548  722  838  906 1052 1159 1317 1464 1558
 1746 1847 2017]",0.024608013089096832,67.65533727982681,3.3054925188245954
1736,16,20,0,"[   0  157  241  370  459  531  548  684  728  765  838  992 1052 1242
 1273 1332 1396 1494 1538 1591 1603 1630 1680 1741 1746 1848 2017]",0.009885302538968698,54.979697132097954,3.9335016844139754
1737,16,20,20,"[   0  157  241  370  459  531  684  728  765  838 1052 1242 1273 1332
 1396 1494 1538 1591 1630 1680 1746 1848 2017]",0.009885302538968698,54.979697132097954,3.9335016844139754
1738,16,20,40,"[   0  157  241  370  459  531  684  765  838  992 1052 1273 1332 1396
 1494 1538 1591 1680 1746 1848 2017]",0.009885302538968698,54.979697132097954,3.9335016844139754
1739,16,20,60,"[   0  157  241  370  459  531  684  765  838 1052 1273 1396 1494 1591
 1746 1848 2017]",0.009885302538968698,54.979697132097954,3.9335016844139754
1740,16,21,0,"[   0  130  197  348  459  531  573  684  728  765  856  906 1052 1109
 1275 1350 1396 1494 1538 1591 1603 1741 1746 1848 1873 2017]",0.01795787460659707,56.83136221598024,3.734846337506512
1741,16,21,20,"[   0  130  197  348  459  531  573  684  728  765  856  906 1052 1109
 1275 1350 1396 1494 1538 1591 1746 1848 1873 2017]",0.01795787460659707,56.83136221598024,3.734846337506512
1742,16,21,40,"[   0  130  197  348  459  531  573  684  765  856  906 1052 1109 1275
 1350 1396 1494 1538 1591 1746 1848 2017]",0.01795787460659707,56.83136221598024,3.734846337506512
1743,16,21,60,"[   0  130  197  348  459  531  684  765  906 1052 1275 1396 1494 1591
 1746 1848 2017]",0.01795787460659707,56.83136221598024,3.734846337506512
1744,16,22,0,"[   0   34  130  348  370  459  513  531  573  684  728  765  838 1052
 1109 1275 1350 1396 1494 1538 1591 1603 1630 1680 1741 1746 1873 2017]",0.027178504334375624,56.132585208371,3.577854049736249
1745,16,22,20,"[   0  130  348  370  459  531  573  684  728  765  838 1052 1109 1275
 1350 1396 1494 1538 1591 1630 1680 1746 1873 2017]",0.027178504334375624,56.132585208371,3.577854049736249
1746,16,22,40,"[   0  130  348  459  531  573  684  765  838 1052 1109 1275 1350 1396
 1494 1538 1591 1680 1746 1873 2017]",0.027178504334375624,56.132585208371,3.577854049736249
1747,16,22,60,"[   0  130  348  459  531  684  765  838 1052 1275 1396 1494 1591 1746
 1873 2017]",0.027178504334375624,56.132585208371,3.577854049736249
1748,16,23,0,"[   0  130  197  348  459  531  573  684  728  765  856  957 1052 1109
 1275 1350 1396 1494 1538 1591 1603 1630 1680 1741 1746 1873 2017]",0.018535647407412117,56.953060166457895,3.7096454492280566
1749,16,23,20,"[   0  130  197  348  459  531  573  684  728  765  856  957 1052 1109
 1275 1350 1396 1494 1538 1591 1630 1680 1746 1873 2017]",0.018535647407412117,56.953060166457895,3.7096454492280566
1750,16,23,40,"[   0  130  197  348  459  531  573  684  765  856  957 1052 1109 1275
 1350 1396 1494 1538 1591 1680 1746 1873 2017]",0.018535647407412117,56.953060166457895,3.7096454492280566
1751,16,23,60,"[   0  130  197  348  459  531  684  765  856  957 1109 1275 1396 1494
 1591 1746 1873 2017]",0.018535647407412117,56.953060166457895,3.7096454492280566
1752,16,24,0,"[   0   20  130  197  345  370  513  531  548  722  728  765  856  957
 1052 1109 1211 1273 1321 1396 1457 1493 1558 1603 1630 1680 1741 1746
 1873 2017]",0.025808100423759427,58.69775292156319,3.742910080589315
1753,16,24,20,"[   0  130  197  345  370  531  728  765  856  957 1052 1109 1211 1273
 1321 1396 1493 1558 1603 1630 1680 1746 1873 2017]",0.025808100423759427,58.69775292156319,3.742910080589315
1754,16,24,40,"[   0  130  197  370  531  728  856  957 1052 1109 1211 1273 1321 1396
 1493 1558 1630 1680 1746 1873 2017]",0.025808100423759427,58.69775292156319,3.742910080589315
1755,16,24,60,"[   0  130  197  370  531  728  856  957 1052 1211 1321 1396 1493 1558
 1630 1746 1873 2017]",0.025808100423759427,58.69775292156319,3.742910080589315
1756,16,25,0,"[   0   34  320  348  370  459  491  548  722  728  765  844  957 1052
 1109 1211 1273 1321 1396 1457 1493 1558 1603 1630 1680 1741 1746 1873
 2017]",0.025033635022698116,59.2279188725565,3.7928596645414148
1757,16,25,20,"[   0   34  320  348  370  459  491  548  728  765  844  957 1052 1109
 1211 1273 1321 1396 1493 1558 1603 1630 1680 1746 1873 2017]",0.025033635022698116,59.2279188725565,3.7928596645414148
1758,16,25,40,"[   0  348  491  548  728  844  957 1052 1109 1211 1273 1321 1396 1493
 1558 1630 1680 1746 1873 2017]",0.025033635022698116,59.2279188725565,3.7928596645414148
1759,16,25,60,"[   0  348  548  728  844 1052 1211 1321 1396 1493 1558 1630 1746 1873
 2017]",0.025033635022698116,59.2279188725565,3.7928596645414148
1760,16,26,0,"[   0   20  130  183  241  348  370  459  491  513  548  722  728  765
  844  906 1052 1109 1249 1275 1416 1494 1517 1558 1680 1741 1746 1873
 2017]",0.01681711580938081,58.479981056389,3.779500248297255
1761,16,26,20,"[   0  130  183  241  348  370  459  491  548  728  765  844  906 1052
 1109 1249 1275 1416 1494 1558 1680 1746 1873 2017]",0.01681711580938081,58.479981056389,3.779500248297255
1762,16,26,40,"[   0  130  183  348  491  548  728  844  906 1052 1109 1275 1416 1494
 1558 1680 1746 1873 2017]",0.01681711580938081,58.479981056389,3.779500248297255
1763,16,26,60,"[   0  130  241  348  548  728  906 1052 1275 1416 1494 1558 1680 1746
 1873 2017]",0.01681711580938081,58.479981056389,3.779500248297255
1764,16,27,0,"[   0   20  130  183  241  312  370  459  491  513  548  567  722  728
  765  796  906 1052 1109 1211 1276 1416 1494 1517 1558 1680 1741 1746
 1873 1915 2017]",0.008814624792442119,58.08649157685026,3.721901718414787
1765,16,27,20,"[   0  130  183  241  312  370  459  491  513  567  728  765  796  906
 1052 1109 1211 1276 1416 1494 1517 1558 1680 1746 1873 1915 2017]",0.008814624792442119,58.08649157685026,3.721901718414787
1766,16,27,40,"[   0  130  183  241  312  370  491  567  728  906 1052 1109 1211 1276
 1416 1494 1558 1680 1746 1873 1915 2017]",0.008814624792442119,58.08649157685026,3.721901718414787
1767,16,27,60,"[   0  130  241  370  491  567  728  906 1052 1211 1276 1416 1494 1558
 1680 1746 1873 2017]",0.008814624792442119,58.08649157685026,3.721901718414787
1768,16,28,0,"[   0   20  130  183  241  312  370  459  491  513  548  722  728  765
  838  906 1010 1052 1275 1321 1416 1494 1517 1558 1748 1848 1873 2017]",0.0189330419109504,59.27147427352814,3.687255004330787
1769,16,28,20,"[   0  130  183  241  312  370  459  491  548  728  765  838  906 1010
 1052 1275 1321 1416 1494 1558 1748 1848 1873 2017]",0.0189330419109504,59.27147427352814,3.687255004330787
1770,16,28,40,"[   0  130  183  241  312  370  491  548  728  838  906 1010 1052 1275
 1321 1416 1494 1558 1748 1848 2017]",0.0189330419109504,59.27147427352814,3.687255004330787
1771,16,28,60,"[   0  130  241  370  548  728  906 1052 1275 1416 1494 1558 1748 1848
 2017]",0.0189330419109504,59.27147427352814,3.687255004330787
1772,16,29,0,"[   0   34   39   54  130  198  370  459  513  531  548  615  722  796
  838 1010 1037 1168 1203 1276 1321 1416 1494 1517 1558 1748 1848 1873
 2017]",0.01819529367140933,59.55209795876806,3.3017270635836358
1773,16,29,20,"[   0   54  130  198  370  459  531  615  722  796  838 1010 1037 1168
 1203 1276 1321 1416 1494 1517 1558 1748 1848 1873 2017]",0.01819529367140933,59.55209795876806,3.3017270635836358
1774,16,29,40,"[   0   54  130  198  370  459  531  615  722  796  838 1037 1168 1276
 1321 1416 1494 1558 1748 1848 2017]",0.01819529367140933,59.55209795876806,3.3017270635836358
1775,16,29,60,"[   0  130  198  370  459  531  615  722  796 1037 1168 1276 1416 1494
 1558 1748 1848 2017]",0.01819529367140933,59.55209795876806,3.3017270635836358
1776,16,30,0,"[   0   34   39   54  130  198  370  459  513  531  548  722  728  765
  851  906 1010 1168 1203 1276 1321 1416 1494 1517 1558 1748 1847 2017]",0.02969745518742444,60.087051647972366,3.30972953659572
1777,16,30,20,"[   0   54  130  198  370  459  531  728  765  851  906 1010 1168 1276
 1321 1416 1494 1558 1748 1847 2017]",0.02969745518742444,60.087051647972366,3.30972953659572
1778,16,30,40,"[   0   54  130  198  370  459  531  728  851  906 1010 1168 1276 1321
 1416 1494 1558 1748 1847 2017]",0.02969745518742444,60.087051647972366,3.30972953659572
1779,16,30,60,"[   0  130  198  370  459  531  728  906 1010 1168 1276 1416 1494 1558
 1748 1847 2017]",0.02969745518742444,60.087051647972366,3.30972953659572
1780,16,31,0,"[   0   34   39   54  130  198  370  459  491  548  728  765  856  932
 1052 1168 1203 1416 1494 1558 1748 1847 2017]",0.02685213939443536,60.26116656455415,3.3525861585623344
1781,16,31,20,"[   0   54  130  198  370  459  491  548  728  765  856  932 1052 1168
 1203 1416 1494 1558 1748 1847 2017]",0.02685213939443536,60.26116656455415,3.3525861585623344
1782,16,31,40,"[   0   54  130  198  370  491  548  728  856  932 1052 1203 1416 1494
 1558 1748 1847 2017]",0.02685213939443536,60.26116656455415,3.3525861585623344
1783,16,31,60,[   0  130  198  370  548  728  932 1052 1203 1494 1558 1748 1847 2017],0.02685213939443536,60.26116656455415,3.3525861585623344
1784,16,32,0,"[   0   34   39   54  130  162  370  459  491  548  575  728  765  844
  906 1052 1168 1203 1416 1494 1558 1748 1847 2017]",0.02825335740870957,60.432094326058134,3.282427020432672
1785,16,32,20,"[   0   54  130  162  370  459  491  548  575  728  765  844  906 1052
 1168 1203 1416 1494 1558 1748 1847 2017]",0.02825335740870957,60.432094326058134,3.282427020432672
1786,16,32,40,"[   0   54  162  370  491  548  728  906 1052 1203 1416 1494 1558 1748
 1847 2017]",0.02825335740870957,60.432094326058134,3.282427020432672
1787,16,32,60,[   0  162  370  548  728  906 1052 1203 1494 1558 1748 1847 2017],0.02825335740870957,60.432094326058134,3.282427020432672
1788,16,33,0,"[   0   42   54  167  241  312  370  498  531  548  722  728  765  788
  838 1052 1168 1203 1416 1494 1517 1558 1748 1847 2017]",0.013655611421581993,60.131907308261596,3.566671304951682
1789,16,33,20,"[   0   42  167  241  312  370  498  531  728  765  788  838 1052 1168
 1203 1416 1494 1558 1748 1847 2017]",0.013655611421581993,60.131907308261596,3.566671304951682
1790,16,33,40,[   0   42  167  370  531  728  838 1052 1203 1494 1558 1748 1847 2017],0.013655611421581993,60.131907308261596,3.566671304951682
1791,16,33,60,[   0  167  370  531  728 1052 1203 1494 1558 1748 1847 2017],0.013655611421581993,60.131907308261596,3.566671304951682
1792,16,34,0,"[   0   34   39   54  167  198  312  332  370  446  513  531  548  722
  728  838 1052 1109 1193 1275 1321 1416 1494 1517 1558 1748 1847 2017]",0.023532345145885068,60.525102418282955,3.3709872317418457
1793,16,34,20,"[   0   54  167  198  312  370  446  531  722  838 1052 1109 1193 1275
 1321 1416 1494 1558 1748 1847 2017]",0.023532345145885068,60.525102418282955,3.3709872317418457
1794,16,34,40,"[   0   54  198  312  370  446  531  722  838 1052 1109 1193 1275 1321
 1416 1494 1558 1748 1847 2017]",0.023532345145885068,60.525102418282955,3.3709872317418457
1795,16,34,60,"[   0  198  370  446  531  722  838 1052 1193 1275 1416 1494 1558 1748
 1847 2017]",0.023532345145885068,60.525102418282955,3.3709872317418457
1796,16,35,0,"[   0   20   40  167  198  312  332  370  446  513  531  548  722  728
  838  844 1052 1109 1193 1203 1416 1493 1558 1748 1873 2017]",0.023144668578118813,60.34464431757465,3.54768826837806
1797,16,35,20,"[   0   40  167  198  312  370  446  531  722  844 1052 1109 1203 1416
 1493 1558 1748 1873 2017]",0.023144668578118813,60.34464431757465,3.54768826837806
1798,16,35,40,"[   0  198  312  370  446  531  722  844 1052 1109 1203 1416 1493 1558
 1748 1873 2017]",0.023144668578118813,60.34464431757465,3.54768826837806
1799,16,35,60,[   0  198  370  446  531  722  844 1052 1203 1493 1558 1748 1873 2017],0.023144668578118813,60.34464431757465,3.54768826837806
1800,16,36,0,"[   0   34   39   54  167  229  370  446  513  531  548  728  765  838
  906 1052 1242 1275 1321 1416 1485 1493 1558 1748 1873 2017]",0.029677834042706366,60.39918491373356,3.2437669414005983
1801,16,36,20,"[   0   54  167  229  370  446  531  728  765  838  906 1052 1242 1275
 1321 1416 1493 1558 1748 1873 2017]",0.029677834042706366,60.39918491373356,3.2437669414005983
1802,16,36,40,"[   0   54  167  229  370  446  531  728  838  906 1052 1242 1321 1416
 1493 1558 1748 1873 2017]",0.029677834042706366,60.39918491373356,3.2437669414005983
1803,16,36,60,"[   0  167  229  370  446  531  728  838  906 1052 1242 1321 1416 1493
 1558 1748 1873 2017]",0.029677834042706366,60.39918491373356,3.2437669414005983
1804,16,37,0,"[   0   20   40  167  171  241  312  370  446  513  548  667  722  728
  788  838 1014 1046 1275 1321 1416 1485 1493 1558 1748 1873 2017]",0.008678887446824912,59.62913476312866,3.4381544849056027
1805,16,37,20,"[   0   40  167  241  312  370  446  513  548  667  728  788  838 1014
 1046 1275 1321 1416 1493 1558 1748 1873 2017]",0.008678887446824912,59.62913476312866,3.4381544849056027
1806,16,37,40,"[   0  167  370  446  548  667  728  788  838 1046 1275 1416 1493 1558
 1748 1873 2017]",0.008678887446824912,59.62913476312866,3.4381544849056027
1807,16,37,60,"[   0  167  370  446  548  667  728 1046 1275 1416 1493 1558 1748 1873
 2017]",0.008678887446824912,59.62913476312866,3.4381544849056027
1808,16,38,0,"[   0   20   40  167  171  241  312  370  446  513  548  728  769  838
  906 1052 1109 1159 1321 1416 1485 1493 1558 1748 1873 2017]",0.01936359818670891,61.53195495758219,3.467561536632938
1809,16,38,20,"[   0   40  167  241  312  370  446  513  548  728  769  838  906 1052
 1109 1159 1321 1416 1493 1558 1748 1873 2017]",0.01936359818670891,61.53195495758219,3.467561536632938
1810,16,38,40,"[   0  167  241  370  446  548  728  769  838  906 1052 1109 1159 1321
 1416 1493 1558 1748 1873 2017]",0.01936359818670891,61.53195495758219,3.467561536632938
1811,16,38,60,"[   0  167  241  370  446  548  728  838  906 1052 1159 1321 1416 1493
 1558 1748 1873 2017]",0.01936359818670891,61.53195495758219,3.467561536632938
1812,16,39,0,"[   0   20   40  167  198  332  370  437  498  548  728  769  838  906
 1052 1109 1159 1321 1416 1485 1493 1558 1748 1873 1995 2017]",0.023247336574252712,61.7528691252647,3.4402100088315253
1813,16,39,20,"[   0   40  167  198  332  370  437  498  548  728  769  838  906 1052
 1109 1159 1321 1416 1493 1558 1748 1873 1995 2017]",0.023247336574252712,61.7528691252647,3.4402100088315253
1814,16,39,40,"[   0  167  229  370  437  498  548  728  769  838  906 1052 1109 1159
 1321 1416 1493 1558 1748 1873 2017]",0.023247336574252712,61.7528691252647,3.4402100088315253
1815,16,39,60,"[   0  167  229  370  437  548  728  838  906 1052 1159 1321 1416 1493
 1558 1748 1873 2017]",0.023247336574252712,61.7528691252647,3.4402100088315253
1816,16,40,0,"[   0   23   40  167  198  229  437  498  548  722  957  999 1052 1109
 1159 1321 1416 1487 1558 1603 1724 1748 1809 1848 1873 1995 2017]",0.023122461569114027,61.39122700110667,3.337729684483584
1817,16,40,20,"[   0   40  167  198  229  437  498  548  722  957  999 1052 1109 1159
 1321 1416 1487 1558 1603 1724 1748 1809 1848 1873 1995 2017]",0.023122461569114027,61.39122700110667,3.337729684483584
1818,16,40,40,"[   0  167  229  437  498  548  722  957  999 1052 1109 1159 1321 1416
 1487 1558 1603 1748 1848 2017]",0.023122461569114027,61.39122700110667,3.337729684483584
1819,16,40,60,"[   0  167  229  437  548  722  957 1052 1159 1321 1416 1487 1603 1748
 1848 2017]",0.023122461569114027,61.39122700110667,3.337729684483584
1820,16,41,0,"[   0   20  101  167  198  229  370  437  471  498  548  722  728  765
  925  999 1052 1109 1159 1321 1416 1487 1724 1809 1848 1873 2017]",0.025250199299127703,61.041255216069075,3.148531031811782
1821,16,41,20,"[   0  101  167  198  370  437  498  548  728  765  925  999 1052 1109
 1159 1321 1416 1487 1724 1809 1848 1873 2017]",0.025250199299127703,61.041255216069075,3.148531031811782
1822,16,41,40,"[   0  101  167  229  370  437  498  548  728  925  999 1052 1109 1159
 1321 1416 1487 1724 1848 2017]",0.025250199299127703,61.041255216069075,3.148531031811782
1823,16,41,60,"[   0  101  167  229  370  437  548  728  925 1052 1159 1321 1416 1487
 1724 1848 2017]",0.025250199299127703,61.041255216069075,3.148531031811782
1824,16,42,0,"[   0   54  167  229  241  300  370  471  513  535  548  572  722  728
  765  999 1052 1109 1159 1321 1382 1416 1558 1746 1773 1809 1848 1873
 2017]",0.016430931647178116,61.12241789058788,3.1741767168768598
1825,16,42,20,"[   0   54  167  241  300  370  471  513  548  572  728  765  999 1052
 1109 1159 1321 1382 1416 1558 1746 1809 1848 1873 2017]",0.016430931647178116,61.12241789058788,3.1741767168768598
1826,16,42,40,"[   0   54  167  241  370  471  513  572  728  999 1052 1109 1159 1321
 1382 1558 1746 1848 2017]",0.016430931647178116,61.12241789058788,3.1741767168768598
1827,16,42,60,[   0  167  370  513  728 1052 1159 1321 1382 1558 1746 1848 2017],0.016430931647178116,61.12241789058788,3.1741767168768598
1828,16,43,0,"[   0   54  167  229  241  300  370  471  513  548  572  722  728  765
  838 1052 1109 1159 1321 1382 1416 1558 1746 1809 1848 1873 2017]",0.01857239271402894,62.192032902979555,3.263143958897908
1829,16,43,20,"[   0   54  167  241  370  471  513  548  572  728  765  838 1052 1109
 1159 1321 1382 1416 1558 1746 1809 1848 1873 2017]",0.01857239271402894,62.192032902979555,3.263143958897908
1830,16,43,40,"[   0   54  167  241  370  471  513  572  728  838 1052 1109 1159 1321
 1382 1558 1746 1848 2017]",0.01857239271402894,62.192032902979555,3.263143958897908
1831,16,43,60,[   0  167  370  513  728  838 1052 1159 1321 1382 1558 1746 1848 2017],0.01857239271402894,62.192032902979555,3.263143958897908
1832,16,44,0,"[   0   54  167  229  241  300  370  471  513  548  572  722  796  838
 1052 1109 1159 1321 1382 1416 1558 1746 1809 1848 1873 2017]",0.007860805483309728,61.56949378181606,3.3040086566458653
1833,16,44,20,"[   0   54  167  241  300  370  471  513  548  572  722  796  838 1052
 1109 1159 1321 1382 1416 1558 1746 1809 1848 1873 2017]",0.007860805483309728,61.56949378181606,3.3040086566458653
1834,16,44,40,"[   0   54  167  241  370  471  513  572  722  796  838 1052 1109 1159
 1321 1382 1558 1746 1848 2017]",0.007860805483309728,61.56949378181606,3.3040086566458653
1835,16,44,60,[   0  167  370  513  722  796 1052 1159 1321 1382 1558 1746 1848 2017],0.007860805483309728,61.56949378181606,3.3040086566458653
1836,16,45,0,"[   0   20  101  370  453  456  513  531  537  722  728  765  769  838
  906 1052 1109 1159 1321 1382 1416 1558 1603 1746 1773 1809 1848 1873
 2017]",0.029026890986137064,64.35911572001774,3.4775832715221195
1837,16,45,20,"[   0  101  370  456  531  728  769  838  906 1052 1109 1159 1321 1382
 1416 1558 1603 1746 1809 1848 1873 2017]",0.029026890986137064,64.35911572001774,3.4775832715221195
1838,16,45,40,"[   0  101  370  456  531  728  769  838  906 1052 1109 1159 1321 1382
 1558 1603 1746 1848 2017]",0.029026890986137064,64.35911572001774,3.4775832715221195
1839,16,45,60,"[   0  101  370  456  531  728  838  906 1052 1159 1321 1382 1603 1746
 1848 2017]",0.029026890986137064,64.35911572001774,3.4775832715221195
1840,16,46,0,"[   0   20  101  157  345  370  453  456  513  531  537  722  728  838
  906 1052 1109 1159 1317 1382 1464 1558 1746 1773 1848 1873 1990 2014
 2017]",0.022279572627660428,64.49917665569032,3.5649639305920267
1841,16,46,20,"[   0  101  157  345  370  456  531  722  838  906 1052 1109 1159 1317
 1382 1464 1558 1746 1773 1848 1873 1990 2017]",0.022279572627660428,64.49917665569032,3.5649639305920267
1842,16,46,40,"[   0  101  157  345  456  531  722  838  906 1052 1109 1159 1317 1382
 1464 1558 1746 1848 2017]",0.022279572627660428,64.49917665569032,3.5649639305920267
1843,16,46,60,"[   0  157  345  456  531  722  838  906 1052 1159 1317 1382 1464 1558
 1746 1848 2017]",0.022279572627660428,64.49917665569032,3.5649639305920267
1844,16,47,0,"[   0   20  101  184  345  370  453  513  548  722  728  838  906 1052
 1109 1159 1317 1382 1464 1558 1746 1773 1848 1873 1990 2017]",0.02370561548749144,64.45258351684066,3.5582865963676307
1845,16,47,20,"[   0  101  184  345  370  453  513  548  722  838  906 1052 1109 1159
 1317 1382 1464 1558 1746 1773 1848 1873 1990 2017]",0.02370561548749144,64.45258351684066,3.5582865963676307
1846,16,47,40,"[   0  101  184  345  453  548  722  838  906 1052 1109 1159 1317 1382
 1464 1558 1746 1848 2017]",0.02370561548749144,64.45258351684066,3.5582865963676307
1847,16,47,60,"[   0  101  184  345  453  548  722  838  906 1052 1159 1317 1382 1464
 1558 1746 1848 2017]",0.02370561548749144,64.45258351684066,3.5582865963676307
1848,16,48,0,"[   0  101  198  370  403  453  513  548  728  769  838  906 1052 1109
 1159 1317 1382 1464 1558 1746 1809 1848 1873 2017]",0.029203225484182038,64.60655208920318,3.2862852460316327
1849,16,48,20,"[   0  101  198  370  403  453  513  548  728  769  838  906 1052 1109
 1159 1317 1382 1464 1558 1746 1809 1848 1873 2017]",0.029203225484182038,64.60655208920318,3.2862852460316327
1850,16,48,40,"[   0  101  198  370  453  548  728  769  838  906 1052 1109 1159 1317
 1382 1464 1558 1746 1848 2017]",0.029203225484182038,64.60655208920318,3.2862852460316327
1851,16,48,60,"[   0  101  198  370  453  548  728  838  906 1052 1159 1317 1382 1464
 1558 1746 1848 2017]",0.029203225484182038,64.60655208920318,3.2862852460316327
1852,16,49,0,"[   0   20  101  198  370  403  453  513  537  548  722  728  765  769
  838  906 1052 1109 1159 1317 1464 1545 1558 1746 1773 1809 1848 1873
 2017]",0.0301372023024887,63.97166407360742,3.3228291639112997
1853,16,49,20,"[   0  101  198  370  403  453  513  548  728  769  838  906 1052 1109
 1159 1317 1464 1558 1746 1809 1848 1873 2017]",0.0301372023024887,63.97166407360742,3.3228291639112997
1854,16,49,40,"[   0  101  198  370  453  548  728  769  838  906 1052 1109 1159 1317
 1464 1558 1746 1848 2017]",0.0301372023024887,63.97166407360742,3.3228291639112997
1855,16,49,60,"[   0  101  198  370  453  548  728  838  906 1052 1159 1317 1464 1558
 1746 1848 2017]",0.0301372023024887,63.97166407360742,3.3228291639112997
1856,16,50,0,"[   0   20  101  197  345  370  446  513  537  548  722  728  765  769
  838  906 1052 1109 1159 1317 1464 1545 1558 1746 1809 1847 1873 1990
 2017]",0.025263219492250986,64.74738005382271,3.2673769652444022
1857,16,50,20,"[   0  101  197  345  370  446  513  548  728  769  838  906 1052 1109
 1159 1317 1464 1558 1746 1809 1847 1873 1990 2017]",0.025263219492250986,64.74738005382271,3.2673769652444022
1858,16,50,40,"[   0  101  197  345  446  548  728  769  838  906 1052 1109 1159 1317
 1464 1558 1746 1847 2017]",0.025263219492250986,64.74738005382271,3.2673769652444022
1859,16,50,60,"[   0  101  197  345  446  548  728  838  906 1052 1159 1317 1464 1558
 1746 1847 2017]",0.025263219492250986,64.74738005382271,3.2673769652444022
1860,17,20,0,"[   0   34  130  157  241  370  459  531  548  684  728  765  838  992
 1052 1242 1273 1332 1396 1494 1538 1591 1603 1630 1680 1741 1746 1848
 2017]",0.01017232241127646,53.070176989409944,3.8065465072143883
1861,17,20,20,"[   0  130  241  370  459  531  684  728  765  838 1052 1242 1273 1332
 1396 1494 1538 1591 1630 1680 1746 1848 2017]",0.01017232241127646,53.070176989409944,3.8065465072143883
1862,17,20,40,"[   0  130  241  370  459  531  684  765  838  992 1052 1273 1332 1396
 1494 1538 1591 1680 1746 1848 2017]",0.01017232241127646,53.070176989409944,3.8065465072143883
1863,17,20,60,"[   0  130  241  370  459  531  684  765  838 1052 1273 1396 1494 1591
 1746 1848 2017]",0.01017232241127646,53.070176989409944,3.8065465072143883
1864,17,21,0,"[   0  130  197  241  348  459  531  573  684  728  765  856  906 1052
 1109 1275 1350 1396 1494 1538 1591 1603 1630 1680 1741 1746 1848 1873
 2017]",0.019161307458238186,54.83865406341902,3.630321949312017
1865,17,21,20,"[   0  130  197  348  459  531  573  684  728  765  856  906 1052 1109
 1275 1350 1396 1494 1538 1591 1630 1680 1746 1848 1873 2017]",0.019161307458238186,54.83865406341902,3.630321949312017
1866,17,21,40,"[   0  130  197  348  459  531  573  684  765  856  906 1052 1109 1275
 1350 1396 1494 1538 1591 1680 1746 1848 2017]",0.019161307458238186,54.83865406341902,3.630321949312017
1867,17,21,60,"[   0  130  197  348  459  531  684  765  906 1052 1275 1396 1494 1591
 1746 1848 2017]",0.019161307458238186,54.83865406341902,3.630321949312017
1868,17,22,0,"[   0   34  130  160  241  348  370  459  513  531  573  684  728  765
  838 1052 1109 1275 1350 1396 1494 1538 1591 1603 1630 1680 1741 1746
 1873 2017]",0.015405117453167099,54.089731750141134,3.7113440458043234
1869,17,22,20,"[   0  130  160  241  348  370  459  531  573  684  728  765  838 1052
 1109 1275 1350 1396 1494 1538 1591 1630 1680 1746 1873 2017]",0.015405117453167099,54.089731750141134,3.7113440458043234
1870,17,22,40,"[   0  130  241  348  459  531  573  684  765  838 1052 1109 1275 1350
 1396 1494 1538 1591 1680 1746 1873 2017]",0.015405117453167099,54.089731750141134,3.7113440458043234
1871,17,22,60,"[   0  130  241  348  459  531  684  765  838 1052 1275 1396 1494 1591
 1746 1873 2017]",0.015405117453167099,54.089731750141134,3.7113440458043234
1872,17,23,0,"[   0  130  197  241  348  370  459  513  531  573  684  728  765  856
  957 1052 1109 1275 1350 1396 1494 1538 1591 1603 1630 1680 1741 1746
 1873 2017]",0.018081318159566123,54.954419335711655,3.629441073080222
1873,17,23,20,"[   0  130  197  348  370  459  531  573  684  728  765  856  957 1052
 1109 1275 1350 1396 1494 1538 1591 1630 1680 1746 1873 2017]",0.018081318159566123,54.954419335711655,3.629441073080222
1874,17,23,40,"[   0  130  197  348  459  531  573  684  765  856  957 1052 1109 1275
 1350 1396 1494 1538 1591 1680 1746 1873 2017]",0.018081318159566123,54.954419335711655,3.629441073080222
1875,17,23,60,"[   0  130  197  348  459  531  684  765  856  957 1109 1275 1396 1494
 1591 1746 1873 2017]",0.018081318159566123,54.954419335711655,3.629441073080222
1876,17,24,0,"[   0   20  130  197  345  370  513  531  548  722  728  765  856  957
 1052 1109 1211 1273 1321 1396 1457 1493 1558 1603 1630 1680 1741 1746
 1848 1873 2017]",0.026124932504705156,56.55534423177278,3.6410188924829074
1877,17,24,20,"[   0  130  197  345  370  531  728  765  856  957 1052 1109 1211 1273
 1321 1396 1493 1558 1603 1630 1680 1746 1848 1873 2017]",0.026124932504705156,56.55534423177278,3.6410188924829074
1878,17,24,40,"[   0  130  197  370  531  728  856  957 1052 1109 1211 1273 1321 1396
 1493 1558 1630 1680 1746 1848 2017]",0.026124932504705156,56.55534423177278,3.6410188924829074
1879,17,24,60,"[   0  130  197  370  531  728  856 1052 1211 1321 1396 1493 1558 1630
 1746 1848 2017]",0.026124932504705156,56.55534423177278,3.6410188924829074
1880,17,25,0,"[   0   34  241  320  348  370  459  491  548  722  728  765  844  957
 1052 1109 1211 1273 1321 1396 1457 1493 1558 1603 1630 1680 1741 1746
 1873 2017]",0.017462195964017165,57.02565320479701,3.77152468933787
1881,17,25,20,"[   0   34  241  320  348  370  459  491  548  728  765  844  957 1052
 1109 1211 1273 1321 1396 1493 1558 1603 1630 1680 1746 1873 2017]",0.017462195964017165,57.02565320479701,3.77152468933787
1882,17,25,40,"[   0  241  348  491  548  728  844  957 1052 1109 1211 1273 1321 1396
 1493 1558 1630 1680 1746 1873 2017]",0.017462195964017165,57.02565320479701,3.77152468933787
1883,17,25,60,"[   0  241  348  548  728  844  957 1052 1211 1321 1396 1493 1558 1630
 1746 1873 2017]",0.017462195964017165,57.02565320479701,3.77152468933787
1884,17,26,0,"[   0   20  130  183  241  348  370  459  491  513  537  548  722  728
  765  844  906 1052 1109 1249 1275 1416 1494 1517 1558 1680 1741 1746
 1848 1873 2017]",0.016936545546149418,56.309438537594374,3.709192775750656
1885,17,26,20,"[   0  130  183  241  348  370  459  491  548  728  765  844  906 1052
 1109 1249 1275 1416 1494 1558 1680 1746 1848 1873 2017]",0.016936545546149418,56.309438537594374,3.709192775750656
1886,17,26,40,"[   0  130  183  348  491  548  728  844  906 1052 1109 1275 1416 1494
 1558 1680 1746 1848 2017]",0.016936545546149418,56.309438537594374,3.709192775750656
1887,17,26,60,"[   0  130  241  348  548  728  906 1052 1275 1416 1494 1558 1680 1746
 1848 2017]",0.016936545546149418,56.309438537594374,3.709192775750656
1888,17,27,0,"[   0   20  130  183  241  312  370  459  491  513  548  567  722  728
  765  796  906 1052 1109 1211 1276 1416 1494 1517 1558 1680 1741 1746
 1873 1915 1942 2017]",0.01028748070772902,55.87024009556752,3.7234349056849254
1889,17,27,20,"[   0  130  183  241  312  370  459  491  513  567  728  765  796  906
 1052 1109 1211 1276 1416 1494 1517 1558 1680 1746 1873 1915 1942 2017]",0.01028748070772902,55.87024009556752,3.7234349056849254
1890,17,27,40,"[   0  130  183  241  312  370  491  567  728  906 1052 1109 1211 1276
 1416 1494 1558 1680 1746 1873 1942 2017]",0.01028748070772902,55.87024009556752,3.7234349056849254
1891,17,27,60,"[   0  130  241  370  491  567  728  906 1052 1211 1276 1416 1494 1558
 1680 1746 1873 1942 2017]",0.01028748070772902,55.87024009556752,3.7234349056849254
1892,17,28,0,"[   0   20  130  183  241  312  370  459  491  513  537  548  722  728
  765  838  851  906 1010 1052 1275 1321 1416 1494 1517 1558 1748 1848
 1873 2017]",0.017184237851257108,56.942400432709135,3.615877510043644
1893,17,28,20,"[   0  130  183  241  312  370  459  491  548  728  765  838  906 1010
 1052 1275 1321 1416 1494 1558 1748 1848 1873 2017]",0.017184237851257108,56.942400432709135,3.615877510043644
1894,17,28,40,"[   0  130  183  241  312  370  491  548  728  838  906 1010 1052 1275
 1321 1416 1494 1558 1748 1848 2017]",0.017184237851257108,56.942400432709135,3.615877510043644
1895,17,28,60,"[   0  130  241  370  548  728  906 1052 1275 1416 1494 1558 1748 1848
 2017]",0.017184237851257108,56.942400432709135,3.615877510043644
1896,17,29,0,"[   0   34   39   54  130  198  370  459  513  531  575  615  722  796
  838 1010 1037 1168 1203 1276 1321 1416 1494 1517 1558 1748 1848 1873
 2017]",0.020068390058170207,57.20787104568448,3.2700084420274074
1897,17,29,20,"[   0   54  130  198  370  459  531  575  615  722  796  838 1010 1037
 1168 1203 1276 1321 1416 1494 1517 1558 1748 1848 1873 2017]",0.020068390058170207,57.20787104568448,3.2700084420274074
1898,17,29,40,"[   0   54  130  198  370  459  531  575  722  796  838 1037 1168 1276
 1321 1416 1494 1558 1748 1848 2017]",0.020068390058170207,57.20787104568448,3.2700084420274074
1899,17,29,60,"[   0  130  198  370  459  531  722  796 1037 1168 1276 1416 1494 1558
 1748 1848 2017]",0.020068390058170207,57.20787104568448,3.2700084420274074
1900,17,30,0,"[   0   34   39   54  130  197  232  370  459  513  531  548  722  728
  765  851  906 1010 1168 1203 1276 1321 1416 1494 1517 1558 1748 1847
 2017]",0.018746632335640407,57.70811155089895,3.503153174992725
1901,17,30,20,"[   0   54  130  197  370  459  531  728  765  851  906 1010 1168 1276
 1321 1416 1494 1558 1748 1847 2017]",0.018746632335640407,57.70811155089895,3.503153174992725
1902,17,30,40,"[   0   54  130  197  370  459  531  728  851  906 1010 1168 1276 1321
 1416 1494 1558 1748 1847 2017]",0.018746632335640407,57.70811155089895,3.503153174992725
1903,17,30,60,"[   0  130  197  370  459  531  728  906 1010 1168 1276 1416 1494 1558
 1748 1847 2017]",0.018746632335640407,57.70811155089895,3.503153174992725
1904,17,31,0,"[   0   34   39   54  130  198  370  459  491  548  728  765  856  932
 1052 1168 1203 1416 1494 1558 1724 1748 1847 2017]",0.025849747643258005,57.81097639262693,3.3765772133106187
1905,17,31,20,"[   0   54  130  198  370  459  491  548  728  765  856  932 1052 1168
 1203 1416 1494 1558 1724 1748 1847 2017]",0.025849747643258005,57.81097639262693,3.3765772133106187
1906,17,31,40,"[   0   54  130  198  370  491  548  728  856  932 1052 1203 1416 1494
 1558 1748 1847 2017]",0.025849747643258005,57.81097639262693,3.3765772133106187
1907,17,31,60,[   0  130  198  370  548  728  932 1052 1203 1494 1558 1748 1847 2017],0.025849747643258005,57.81097639262693,3.3765772133106187
1908,17,32,0,"[   0   34   39   54  130  162  370  459  491  548  575  728  765  844
  906 1052 1168 1203 1416 1494 1558 1724 1748 1847 2017]",0.027251903245141113,57.97352404841572,3.31054508330623
1909,17,32,20,"[   0   54  130  162  370  459  491  548  575  728  765  844  906 1052
 1168 1203 1416 1494 1558 1724 1748 1847 2017]",0.027251903245141113,57.97352404841572,3.31054508330623
1910,17,32,40,"[   0   54  162  370  491  548  728  906 1052 1203 1416 1494 1558 1748
 1847 2017]",0.027251903245141113,57.97352404841572,3.31054508330623
1911,17,32,60,[   0  162  370  548  728  906 1052 1203 1494 1558 1748 1847 2017],0.027251903245141113,57.97352404841572,3.31054508330623
1912,17,33,0,"[   0   34   39   54  167  241  312  370  498  531  728  765  788  838
 1052 1168 1203 1416 1494 1558 1748 1847 2017]",0.015261959591343324,57.71190543355705,3.4201914664652073
1913,17,33,20,"[   0   54  167  241  312  370  498  531  728  765  788  838 1052 1168
 1203 1416 1494 1558 1748 1847 2017]",0.015261959591343324,57.71190543355705,3.4201914664652073
1914,17,33,40,[   0   54  167  370  531  728  838 1052 1203 1494 1558 1748 1847 2017],0.015261959591343324,57.71190543355705,3.4201914664652073
1915,17,33,60,[   0  167  370  531  728 1052 1203 1494 1558 1748 1847 2017],0.015261959591343324,57.71190543355705,3.4201914664652073
1916,17,34,0,"[   0   34   39   54  167  198  312  332  370  446  513  531  548  722
  728  838  844 1052 1109 1193 1275 1321 1416 1494 1517 1558 1748 1847
 2017]",0.022907161751380193,58.19966288551676,3.422029501567942
1917,17,34,20,"[   0   54  167  198  312  370  446  531  722  844 1052 1109 1193 1275
 1321 1416 1494 1558 1748 1847 2017]",0.022907161751380193,58.19966288551676,3.422029501567942
1918,17,34,40,"[   0   54  198  312  370  446  531  722  844 1052 1109 1193 1275 1321
 1416 1494 1558 1748 1847 2017]",0.022907161751380193,58.19966288551676,3.422029501567942
1919,17,34,60,"[   0  198  370  446  531  722  844 1052 1193 1275 1416 1494 1558 1748
 1847 2017]",0.022907161751380193,58.19966288551676,3.422029501567942
1920,17,35,0,"[   0   20   40  167  198  312  332  370  446  513  531  548  722  728
  765  788  838  844 1052 1109 1193 1203 1416 1493 1558 1748 1873 2017]",0.02244067209550221,58.13599624030302,3.4476659008114092
1921,17,35,20,"[   0   40  167  198  312  370  446  531  728  765  788  838 1052 1109
 1203 1416 1493 1558 1748 1873 2017]",0.02244067209550221,58.13599624030302,3.4476659008114092
1922,17,35,40,"[   0  198  370  446  531  728  838 1052 1109 1203 1416 1493 1558 1748
 1873 2017]",0.02244067209550221,58.13599624030302,3.4476659008114092
1923,17,35,60,[   0  198  370  446  531  728  838 1052 1203 1493 1558 1748 1873 2017],0.02244067209550221,58.13599624030302,3.4476659008114092
1924,17,36,0,"[   0   34   39   54  167  198  332  370  446  513  531  548  728  765
  838  906 1052 1242 1275 1321 1416 1485 1493 1558 1748 1873 2017]",0.022069837038015586,58.140785628182506,3.2689049943824506
1925,17,36,20,"[   0   54  167  198  370  446  531  728  765  838  906 1052 1242 1275
 1416 1493 1558 1748 1873 2017]",0.022069837038015586,58.140785628182506,3.2689049943824506
1926,17,36,40,"[   0   54  167  229  370  446  531  728  838  906 1052 1242 1321 1416
 1493 1558 1748 1873 2017]",0.022069837038015586,58.140785628182506,3.2689049943824506
1927,17,36,60,"[   0  167  229  370  446  531  728  838  906 1052 1242 1321 1416 1493
 1558 1748 1873 2017]",0.022069837038015586,58.140785628182506,3.2689049943824506
1928,17,37,0,"[   0   20   40  167  171  241  312  370  446  513  548  667  722  728
  788  838 1014 1046 1275 1321 1416 1485 1493 1558 1748 1848 1873 2017]",0.009341726368473085,57.37014041774956,3.476257722539447
1929,17,37,20,"[   0   40  167  241  312  370  446  513  548  667  728  788  838 1014
 1046 1275 1321 1416 1493 1558 1748 1848 1873 2017]",0.009341726368473085,57.37014041774956,3.476257722539447
1930,17,37,40,"[   0  167  370  446  548  667  728  788  838 1046 1275 1416 1493 1558
 1748 1848 2017]",0.009341726368473085,57.37014041774956,3.476257722539447
1931,17,37,60,"[   0  167  370  446  548  667  728 1046 1275 1416 1493 1558 1748 1848
 2017]",0.009341726368473085,57.37014041774956,3.476257722539447
1932,17,38,0,"[   0   20   40  167  171  241  312  370  446  513  548  722  728  765
  769  838  906 1052 1109 1159 1321 1416 1485 1493 1558 1748 1848 1873
 2017]",0.018370344766866394,59.00858676032918,3.5256500602713503
1933,17,38,20,"[   0   40  167  241  312  370  446  513  548  728  769  838  906 1052
 1109 1159 1321 1416 1493 1558 1748 1848 1873 2017]",0.018370344766866394,59.00858676032918,3.5256500602713503
1934,17,38,40,"[   0  167  241  370  446  548  728  769  838  906 1052 1109 1159 1321
 1416 1493 1558 1748 1848 2017]",0.018370344766866394,59.00858676032918,3.5256500602713503
1935,17,38,60,"[   0  167  241  370  446  548  728  838  906 1052 1159 1321 1416 1493
 1558 1748 1848 2017]",0.018370344766866394,59.00858676032918,3.5256500602713503
1936,17,39,0,"[   0   20   40  167  198  229  332  370  437  498  537  548  722  728
  765  769  838  906 1052 1109 1159 1321 1416 1485 1493 1558 1724 1748
 1873 1995 2017]",0.02216455402556929,59.07424521266138,3.600505939460301
1937,17,39,20,"[   0   40  167  198  332  370  437  498  548  728  769  838  906 1052
 1109 1159 1321 1416 1493 1558 1724 1748 1873 1995 2017]",0.02216455402556929,59.07424521266138,3.600505939460301
1938,17,39,40,"[   0  167  229  370  437  498  548  728  769  838  906 1052 1109 1159
 1321 1416 1493 1558 1748 1873 2017]",0.02216455402556929,59.07424521266138,3.600505939460301
1939,17,39,60,"[   0  167  229  370  437  548  728  838  906 1052 1159 1321 1416 1493
 1558 1748 1873 2017]",0.02216455402556929,59.07424521266138,3.600505939460301
1940,17,40,0,"[   0   23   40  167  198  229  332  370  437  498  537  548  722  728
  957  999 1052 1109 1159 1321 1416 1487 1558 1603 1724 1748 1809 1848
 1873 1995 2017]",0.02045820465891677,59.04163665021703,3.367378947320267
1941,17,40,20,"[   0   40  167  198  229  332  370  437  498  548  722  957  999 1052
 1109 1159 1321 1416 1487 1558 1603 1724 1748 1809 1848 1873 1995 2017]",0.02045820465891677,59.04163665021703,3.367378947320267
1942,17,40,40,"[   0  167  229  370  437  498  548  722  957  999 1052 1109 1159 1321
 1416 1487 1558 1603 1748 1848 2017]",0.02045820465891677,59.04163665021703,3.367378947320267
1943,17,40,60,"[   0  167  370  437  548  722  957 1052 1159 1321 1416 1487 1603 1748
 1848 2017]",0.02045820465891677,59.04163665021703,3.367378947320267
1944,17,41,0,"[   0   20  101  167  198  229  370  437  471  498  548  722  728  765
  925  999 1052 1109 1159 1321 1416 1487 1558 1603 1724 1809 1848 1873
 2017]",0.023262597967996165,58.932133996994494,3.3383671056774173
1945,17,41,20,"[   0  101  167  198  370  437  498  548  728  765  925  999 1052 1109
 1159 1321 1416 1487 1558 1603 1724 1809 1848 1873 2017]",0.023262597967996165,58.932133996994494,3.3383671056774173
1946,17,41,40,"[   0  101  167  229  370  437  498  548  728  925  999 1052 1109 1159
 1321 1416 1487 1558 1603 1724 1848 2017]",0.023262597967996165,58.932133996994494,3.3383671056774173
1947,17,41,60,"[   0  101  167  229  370  437  548  728  925 1052 1159 1321 1416 1487
 1603 1724 1848 2017]",0.023262597967996165,58.932133996994494,3.3383671056774173
1948,17,42,0,"[   0   54  167  229  241  300  370  471  513  535  548  572  722  728
  765  925  999 1052 1109 1159 1321 1382 1416 1558 1746 1773 1809 1848
 1873 2017]",0.016762302995017554,58.96846202946839,3.2948768400294135
1949,17,42,20,"[   0   54  167  241  300  370  471  513  548  572  728  765  925  999
 1052 1109 1159 1321 1382 1416 1558 1746 1809 1848 1873 2017]",0.016762302995017554,58.96846202946839,3.2948768400294135
1950,17,42,40,"[   0   54  167  241  370  471  513  572  728  925  999 1052 1109 1159
 1321 1382 1558 1746 1848 2017]",0.016762302995017554,58.96846202946839,3.2948768400294135
1951,17,42,60,[   0  167  370  513  728  925 1052 1159 1321 1382 1558 1746 1848 2017],0.016762302995017554,58.96846202946839,3.2948768400294135
1952,17,43,0,"[   0   54  167  229  241  300  370  471  513  535  548  572  722  728
  765  838  925 1037 1052 1109 1159 1321 1382 1416 1558 1746 1773 1809
 1848 1873 2017]",0.01853645259020028,59.97922701659574,3.3837876679980394
1953,17,43,20,"[   0   54  167  241  300  370  471  513  548  572  728  765  838  925
 1052 1109 1159 1321 1382 1416 1558 1746 1809 1848 1873 2017]",0.01853645259020028,59.97922701659574,3.3837876679980394
1954,17,43,40,"[   0   54  167  241  370  471  513  572  728  838  925 1052 1109 1159
 1321 1382 1558 1746 1848 2017]",0.01853645259020028,59.97922701659574,3.3837876679980394
1955,17,43,60,[   0  167  370  513  728  925 1052 1159 1321 1382 1558 1746 1848 2017],0.01853645259020028,59.97922701659574,3.3837876679980394
1956,17,44,0,"[   0   54  167  229  241  300  370  471  513  548  572  667  722  796
  838 1052 1109 1159 1321 1382 1416 1558 1746 1809 1848 1873 2017]",0.009816783434175304,59.55961175369074,3.3469126481151905
1957,17,44,20,"[   0   54  167  241  300  370  471  513  548  572  667  722  796  838
 1052 1109 1159 1321 1382 1416 1558 1746 1809 1848 1873 2017]",0.009816783434175304,59.55961175369074,3.3469126481151905
1958,17,44,40,"[   0   54  167  241  370  471  513  572  667  722  796  838 1052 1109
 1159 1321 1382 1558 1746 1848 2017]",0.009816783434175304,59.55961175369074,3.3469126481151905
1959,17,44,60,[   0  167  370  513  722  796 1052 1159 1321 1382 1558 1746 1848 2017],0.009816783434175304,59.55961175369074,3.3469126481151905
1960,17,45,0,"[   0   20  101  197  241  370  453  456  513  531  537  722  728  765
  769  838  906 1052 1109 1159 1321 1382 1416 1558 1603 1746 1773 1809
 1848 1873 2017]",0.022159486092909835,61.83617111545636,3.5784866783738556
1961,17,45,20,"[   0  101  197  370  456  531  728  769  838  906 1052 1109 1159 1321
 1382 1416 1558 1603 1746 1809 1848 1873 2017]",0.022159486092909835,61.83617111545636,3.5784866783738556
1962,17,45,40,"[   0  101  197  370  456  531  728  769  838  906 1052 1109 1159 1321
 1382 1558 1603 1746 1848 2017]",0.022159486092909835,61.83617111545636,3.5784866783738556
1963,17,45,60,"[   0  101  197  370  456  531  728  838  906 1052 1159 1321 1382 1603
 1746 1848 2017]",0.022159486092909835,61.83617111545636,3.5784866783738556
1964,17,46,0,"[   0   20  101  157  345  370  453  456  513  531  537  722  728  765
  769  838  906 1052 1109 1159 1317 1382 1464 1558 1746 1773 1848 1873
 1990 2014 2017]",0.02254313214742295,61.990571980014145,3.516047570733415
1965,17,46,20,"[   0  101  157  345  370  456  531  728  769  838  906 1052 1109 1159
 1317 1382 1464 1558 1746 1773 1848 1873 1990 2017]",0.02254313214742295,61.990571980014145,3.516047570733415
1966,17,46,40,"[   0  157  345  456  531  728  769  838  906 1052 1109 1159 1317 1382
 1464 1558 1746 1848 2017]",0.02254313214742295,61.990571980014145,3.516047570733415
1967,17,46,60,"[   0  157  345  456  531  728  838  906 1052 1159 1317 1382 1464 1558
 1746 1848 2017]",0.02254313214742295,61.990571980014145,3.516047570733415
1968,17,47,0,"[   0   20  101  184  345  370  453  513  548  728  769  838  906 1052
 1109 1159 1317 1382 1464 1558 1746 1773 1848 1873 1990 2017]",0.02407186786588598,61.9461785834512,3.5105038783925386
1969,17,47,20,"[   0  101  184  345  370  453  513  548  728  769  838  906 1052 1109
 1159 1317 1382 1464 1558 1746 1773 1848 1873 1990 2017]",0.02407186786588598,61.9461785834512,3.5105038783925386
1970,17,47,40,"[   0  101  184  345  453  548  728  769  838  906 1052 1109 1159 1317
 1382 1464 1558 1746 1848 2017]",0.02407186786588598,61.9461785834512,3.5105038783925386
1971,17,47,60,"[   0  101  184  345  453  548  728  838  906 1052 1159 1317 1382 1464
 1558 1746 1848 2017]",0.02407186786588598,61.9461785834512,3.5105038783925386
1972,17,48,0,"[   0  101  198  370  403  453  513  548  728  769  838  906 1052 1109
 1159 1317 1382 1464 1558 1746 1809 1848 1873 2017]",0.024254104992566524,61.920746094111415,3.4745101800665856
1973,17,48,20,"[   0  101  198  370  403  453  513  548  728  769  838  906 1052 1109
 1159 1317 1382 1464 1558 1746 1809 1848 1873 2017]",0.024254104992566524,61.920746094111415,3.4745101800665856
1974,17,48,40,"[   0  101  198  370  453  548  728  769  838  906 1052 1109 1159 1317
 1382 1464 1558 1746 1848 2017]",0.024254104992566524,61.920746094111415,3.4745101800665856
1975,17,48,60,"[   0  101  198  370  453  548  728  838  906 1052 1159 1317 1382 1464
 1558 1746 1848 2017]",0.024254104992566524,61.920746094111415,3.4745101800665856
1976,17,49,0,"[   0   20  101  198  370  403  453  513  537  548  722  728  765  769
  838  906 1052 1109 1159 1317 1464 1545 1558 1746 1773 1809 1848 1873
 2017]",0.02592587395450554,61.39254610094333,3.5066935665517573
1977,17,49,20,"[   0  101  198  370  403  453  513  548  728  769  838  906 1052 1109
 1159 1317 1464 1558 1746 1809 1848 1873 2017]",0.02592587395450554,61.39254610094333,3.5066935665517573
1978,17,49,40,"[   0  101  198  370  453  548  728  769  838  906 1052 1109 1159 1317
 1464 1558 1746 1848 2017]",0.02592587395450554,61.39254610094333,3.5066935665517573
1979,17,49,60,"[   0  101  198  370  453  548  728  838  906 1052 1159 1317 1464 1558
 1746 1848 2017]",0.02592587395450554,61.39254610094333,3.5066935665517573
1980,17,50,0,"[   0   20  101  197  345  370  415  446  513  537  548  722  728  765
  769  838  906 1052 1109 1159 1317 1464 1545 1558 1746 1809 1847 1873
 1990 2014 2017]",0.026536185966254608,62.20283783895648,3.2528363091736066
1981,17,50,20,"[   0  101  197  345  370  446  513  548  728  769  838  906 1052 1109
 1159 1317 1464 1558 1746 1809 1847 1873 1990 2017]",0.026536185966254608,62.20283783895648,3.2528363091736066
1982,17,50,40,"[   0  101  197  345  415  548  728  769  838  906 1052 1109 1159 1317
 1464 1558 1746 1847 2017]",0.026536185966254608,62.20283783895648,3.2528363091736066
1983,17,50,60,"[   0  101  197  345  415  548  728  838  906 1052 1159 1317 1464 1558
 1746 1847 2017]",0.026536185966254608,62.20283783895648,3.2528363091736066
1984,18,20,0,"[   0   34  130  157  241  348  370  456  531  548  684  728  765  838
  992 1052 1242 1273 1332 1396 1494 1538 1591 1603 1630 1680 1741 1746
 1848 2017]",0.007413751558794453,51.337233948886144,3.800425168658757
1985,18,20,20,"[   0  130  241  348  370  456  531  684  728  765  838  992 1052 1242
 1273 1332 1396 1494 1538 1591 1630 1680 1746 1848 2017]",0.007413751558794453,51.337233948886144,3.800425168658757
1986,18,20,40,"[   0  130  241  348  456  531  684  765  838  992 1052 1273 1332 1396
 1494 1538 1591 1680 1746 1848 2017]",0.007413751558794453,51.337233948886144,3.800425168658757
1987,18,20,60,"[   0  130  241  348  456  531  684  765  838 1052 1273 1396 1494 1591
 1746 1848 2017]",0.007413751558794453,51.337233948886144,3.800425168658757
1988,18,21,0,"[   0   20  130  197  241  348  370  459  513  531  573  684  728  765
  856  906 1052 1109 1275 1350 1396 1494 1538 1591 1603 1630 1680 1741
 1746 1848 1873 2017]",0.018670965259992022,53.06178079303913,3.558017618388772
1989,18,21,20,"[   0  130  197  348  370  459  531  573  684  728  765  856  906 1052
 1109 1275 1350 1396 1494 1538 1591 1630 1680 1746 1848 1873 2017]",0.018670965259992022,53.06178079303913,3.558017618388772
1990,18,21,40,"[   0  130  197  348  459  531  573  684  765  856  906 1052 1109 1275
 1350 1396 1494 1538 1591 1680 1746 1848 2017]",0.018670965259992022,53.06178079303913,3.558017618388772
1991,18,21,60,"[   0  130  197  348  459  531  684  765  906 1052 1275 1396 1494 1591
 1746 1848 2017]",0.018670965259992022,53.06178079303913,3.558017618388772
1992,18,22,0,"[   0   34  130  160  241  348  370  459  513  531  573  684  728  765
  838 1052 1109 1275 1350 1396 1494 1538 1591 1603 1630 1680 1741 1746
 1848 1873 2017]",0.015189779967162005,52.22627372849677,3.651746496266539
1993,18,22,20,"[   0  130  160  241  348  370  459  531  573  684  728  765  838 1052
 1109 1275 1350 1396 1494 1538 1591 1630 1680 1746 1848 1873 2017]",0.015189779967162005,52.22627372849677,3.651746496266539
1994,18,22,40,"[   0  130  241  348  459  531  573  684  765  838 1052 1109 1275 1350
 1396 1494 1538 1591 1680 1746 1848 2017]",0.015189779967162005,52.22627372849677,3.651746496266539
1995,18,22,60,"[   0  130  241  348  459  531  684  765  838 1052 1275 1396 1494 1591
 1746 1848 2017]",0.015189779967162005,52.22627372849677,3.651746496266539
1996,18,23,0,"[   0   20  130  197  241  348  370  459  513  531  573  684  728  765
  856  957 1052 1109 1275 1350 1396 1494 1538 1591 1603 1630 1680 1741
 1746 1848 1873 2017]",0.01828747231169818,53.15675175589092,3.5744721535048947
1997,18,23,20,"[   0  130  197  348  370  459  531  573  684  728  765  856  957 1052
 1109 1275 1350 1396 1494 1538 1591 1630 1680 1746 1848 1873 2017]",0.01828747231169818,53.15675175589092,3.5744721535048947
1998,18,23,40,"[   0  130  197  348  459  531  573  684  765  856  957 1052 1109 1275
 1350 1396 1494 1538 1591 1680 1746 1848 2017]",0.01828747231169818,53.15675175589092,3.5744721535048947
1999,18,23,60,"[   0  130  197  348  459  531  684  765  856  957 1109 1275 1396 1494
 1591 1746 1848 2017]",0.01828747231169818,53.15675175589092,3.5744721535048947
2000,18,24,0,"[   0   20  130  197  241  345  370  513  531  548  722  728  765  856
  957 1052 1109 1211 1273 1321 1396 1457 1493 1558 1603 1630 1680 1741
 1746 1848 1873 2017]",0.017148555039212005,54.58854706650405,3.616170727965085
2001,18,24,20,"[   0  130  197  345  370  531  728  765  856  957 1052 1109 1211 1273
 1321 1396 1493 1558 1603 1630 1680 1746 1848 1873 2017]",0.017148555039212005,54.58854706650405,3.616170727965085
2002,18,24,40,"[   0  130  197  370  531  728  856  957 1052 1109 1211 1273 1321 1396
 1493 1558 1630 1680 1746 1848 2017]",0.017148555039212005,54.58854706650405,3.616170727965085
2003,18,24,60,"[   0  130  197  370  531  728  856 1052 1211 1321 1396 1493 1558 1630
 1746 1848 2017]",0.017148555039212005,54.58854706650405,3.616170727965085
2004,18,25,0,"[   0   34  241  320  348  370  459  491  513  548  722  728  765  844
  957 1052 1109 1211 1273 1321 1396 1457 1493 1558 1603 1630 1680 1741
 1746 1848 1873 2017]",0.017880816874147828,55.10219706112473,3.6743473310852917
2005,18,25,20,"[   0   34  241  320  348  370  459  491  548  728  765  844  957 1052
 1109 1211 1273 1321 1396 1457 1493 1558 1603 1630 1680 1746 1848 1873
 2017]",0.017880816874147828,55.10219706112473,3.6743473310852917
2006,18,25,40,"[   0  241  348  491  548  728  844  957 1052 1109 1211 1273 1321 1396
 1493 1558 1630 1680 1746 1848 2017]",0.017880816874147828,55.10219706112473,3.6743473310852917
2007,18,25,60,"[   0  241  348  548  728  844  957 1052 1211 1321 1396 1493 1558 1630
 1746 1848 2017]",0.017880816874147828,55.10219706112473,3.6743473310852917
2008,18,26,0,"[   0   20  130  183  241  348  370  459  491  513  537  548  722  728
  765  844  856  906 1052 1109 1249 1275 1416 1494 1517 1558 1680 1741
 1746 1848 1873 2017]",0.016070982695719393,54.37322086006821,3.659004326072522
2009,18,26,20,"[   0  130  183  241  348  370  459  491  548  728  765  844  906 1052
 1109 1249 1275 1416 1494 1558 1680 1746 1848 1873 2017]",0.016070982695719393,54.37322086006821,3.659004326072522
2010,18,26,40,"[   0  130  183  348  491  548  728  844  906 1052 1109 1275 1416 1494
 1558 1680 1746 1848 2017]",0.016070982695719393,54.37322086006821,3.659004326072522
2011,18,26,60,"[   0  130  241  348  548  728  906 1052 1275 1416 1494 1558 1680 1746
 1848 2017]",0.016070982695719393,54.37322086006821,3.659004326072522
2012,18,27,0,"[   0   20  130  183  241  312  370  459  491  513  537  548  567  722
  728  765  796  906 1052 1109 1211 1276 1416 1494 1517 1558 1680 1741
 1746 1873 1915 1942 2017]",0.01173349802257504,53.91364504686998,3.719911637516223
2013,18,27,20,"[   0  130  183  241  312  370  459  491  513  567  728  765  796  906
 1052 1109 1211 1276 1416 1494 1517 1558 1680 1746 1873 1915 1942 2017]",0.01173349802257504,53.91364504686998,3.719911637516223
2014,18,27,40,"[   0  130  183  241  312  370  491  567  728  906 1052 1109 1211 1276
 1416 1494 1558 1680 1746 1873 1942 2017]",0.01173349802257504,53.91364504686998,3.719911637516223
2015,18,27,60,"[   0  130  241  370  491  567  728  906 1052 1211 1276 1416 1494 1558
 1680 1746 1873 1942 2017]",0.01173349802257504,53.91364504686998,3.719911637516223
2016,18,28,0,"[   0   20  130  183  241  312  370  459  491  513  537  548  722  728
  765  838  851  906 1010 1052 1230 1275 1321 1416 1494 1517 1558 1748
 1848 1873 2017]",0.014400714650352737,54.895793219469134,3.5859189193437313
2017,18,28,20,"[   0  130  183  241  312  370  459  491  548  728  765  838  906 1010
 1052 1230 1275 1321 1416 1494 1517 1558 1748 1848 1873 2017]",0.014400714650352737,54.895793219469134,3.5859189193437313
2018,18,28,40,"[   0  130  183  241  312  370  491  548  728  838  906 1010 1052 1230
 1275 1321 1416 1494 1558 1748 1848 2017]",0.014400714650352737,54.895793219469134,3.5859189193437313
2019,18,28,60,"[   0  130  241  370  548  728  906 1052 1230 1321 1416 1494 1558 1748
 1848 2017]",0.014400714650352737,54.895793219469134,3.5859189193437313
2020,18,29,0,"[   0   34   39   54  130  197  232  370  459  513  531  548  575  615
  722  796  838 1010 1037 1168 1203 1276 1321 1416 1494 1517 1558 1748
 1848 1873 2017]",0.010082164986872297,55.15041296688686,3.4550832618908527
2021,18,29,20,"[   0   54  130  197  232  370  459  531  575  615  722  796  838 1010
 1037 1168 1203 1276 1321 1416 1494 1517 1558 1748 1848 1873 2017]",0.010082164986872297,55.15041296688686,3.4550832618908527
2022,18,29,40,"[   0   54  130  197  370  459  531  575  722  796  838 1037 1168 1276
 1321 1416 1494 1558 1748 1848 2017]",0.010082164986872297,55.15041296688686,3.4550832618908527
2023,18,29,60,"[   0  130  197  370  459  531  722  796 1037 1168 1276 1416 1494 1558
 1748 1848 2017]",0.010082164986872297,55.15041296688686,3.4550832618908527
2024,18,30,0,"[   0   34   39   54  130  197  232  370  459  513  531  548  722  728
  765  851  906 1010 1037 1168 1203 1276 1321 1416 1494 1517 1558 1748
 1847 2017]",0.018461748028790668,55.57816500616626,3.488593421028764
2025,18,30,20,"[   0   54  130  197  370  459  531  728  765  851  906 1010 1037 1168
 1203 1276 1321 1416 1494 1558 1748 1847 2017]",0.018461748028790668,55.57816500616626,3.488593421028764
2026,18,30,40,"[   0   54  130  197  370  459  531  728  851  906 1037 1168 1276 1321
 1416 1494 1558 1748 1847 2017]",0.018461748028790668,55.57816500616626,3.488593421028764
2027,18,30,60,"[   0  130  197  370  459  531  728  906 1037 1168 1276 1416 1494 1558
 1748 1847 2017]",0.018461748028790668,55.57816500616626,3.488593421028764
2028,18,31,0,"[   0   34   39   54  130  198  370  459  491  548  728  765  856  906
  932 1052 1168 1203 1416 1494 1558 1724 1748 1847 2017]",0.02514820570954179,55.66276330632149,3.3495431970975456
2029,18,31,20,"[   0   54  130  198  370  459  491  548  728  765  856  906  932 1052
 1168 1203 1416 1494 1558 1724 1748 1847 2017]",0.02514820570954179,55.66276330632149,3.3495431970975456
2030,18,31,40,"[   0   54  130  198  370  491  548  728  856  906 1052 1203 1416 1494
 1558 1748 1847 2017]",0.02514820570954179,55.66276330632149,3.3495431970975456
2031,18,31,60,[   0  130  198  370  548  728  906 1052 1203 1494 1558 1748 1847 2017],0.02514820570954179,55.66276330632149,3.3495431970975456
2032,18,32,0,"[   0   34   39   54  130  162  370  459  491  548  575  728  765  844
  906 1052 1168 1203 1416 1494 1558 1724 1748 1847 2017]",0.02643812724377354,55.79550047953508,3.301336379828864
2033,18,32,20,"[   0   54  130  162  370  459  491  548  575  728  765  844  906 1052
 1168 1203 1416 1494 1558 1724 1748 1847 2017]",0.02643812724377354,55.79550047953508,3.301336379828864
2034,18,32,40,"[   0   54  162  370  491  548  728  906 1052 1203 1416 1494 1558 1748
 1847 2017]",0.02643812724377354,55.79550047953508,3.301336379828864
2035,18,32,60,[   0  162  370  548  728  906 1052 1203 1494 1558 1748 1847 2017],0.02643812724377354,55.79550047953508,3.301336379828864
2036,18,33,0,"[   0   34   39   54  167  241  312  370  498  531  548  722  728  765
  788  838  844 1052 1168 1203 1416 1494 1517 1558 1748 1847 2017]",0.014776402500723061,55.58126603855663,3.429117608607856
2037,18,33,20,"[   0   54  167  241  312  370  498  531  728  765  788  838 1052 1168
 1203 1416 1494 1558 1748 1847 2017]",0.014776402500723061,55.58126603855663,3.429117608607856
2038,18,33,40,[   0   54  167  370  531  728  838 1052 1203 1494 1558 1748 1847 2017],0.014776402500723061,55.58126603855663,3.429117608607856
2039,18,33,60,[   0  167  370  531  728 1052 1203 1494 1558 1748 1847 2017],0.014776402500723061,55.58126603855663,3.429117608607856
2040,18,34,0,"[   0   34   39   54  167  198  312  332  370  446  513  531  548  722
  728  765  788  838  844 1052 1109 1193 1275 1321 1416 1494 1517 1558
 1748 1847 2017]",0.02295401165693546,56.17359694248559,3.3287968415925038
2041,18,34,20,"[   0   54  167  198  312  370  446  531  728  765  788  838 1052 1109
 1193 1275 1321 1416 1494 1558 1748 1847 2017]",0.02295401165693546,56.17359694248559,3.3287968415925038
2042,18,34,40,"[   0   54  198  312  370  446  531  728  838 1052 1109 1193 1275 1321
 1416 1494 1558 1748 1847 2017]",0.02295401165693546,56.17359694248559,3.3287968415925038
2043,18,34,60,"[   0  198  370  446  531  728  838 1052 1193 1275 1416 1494 1558 1748
 1847 2017]",0.02295401165693546,56.17359694248559,3.3287968415925038
2044,18,35,0,"[   0   20   40  167  198  312  332  370  446  513  531  548  722  728
  765  788  838  844 1052 1109 1193 1203 1416 1493 1558 1748 1848 1873
 2017]",0.02144884335932172,56.14495247404545,3.501943251669633
2045,18,35,20,"[   0   40  167  198  312  370  446  531  728  765  788  838 1052 1109
 1203 1416 1493 1558 1748 1848 1873 2017]",0.02144884335932172,56.14495247404545,3.501943251669633
2046,18,35,40,"[   0  198  370  446  531  728  838 1052 1109 1203 1416 1493 1558 1748
 1848 2017]",0.02144884335932172,56.14495247404545,3.501943251669633
2047,18,35,60,[   0  198  370  446  531  728  838 1052 1203 1493 1558 1748 1848 2017],0.02144884335932172,56.14495247404545,3.501943251669633
2048,18,36,0,"[   0   34   39   54  167  198  229  332  370  446  513  531  548  722
  728  765  838  844  906 1052 1242 1275 1321 1416 1485 1493 1558 1748
 1848 1873 2017]",0.021942756763227614,56.13608532858236,3.318813911554517
2049,18,36,20,"[   0   54  167  198  332  370  446  531  728  765  838  906 1052 1242
 1275 1321 1416 1493 1558 1748 1848 1873 2017]",0.021942756763227614,56.13608532858236,3.318813911554517
2050,18,36,40,"[   0   54  167  229  370  446  531  728  838  906 1052 1242 1321 1416
 1493 1558 1748 1848 2017]",0.021942756763227614,56.13608532858236,3.318813911554517
2051,18,36,60,"[   0  167  229  370  446  531  728  838  906 1052 1242 1321 1416 1493
 1558 1748 1848 2017]",0.021942756763227614,56.13608532858236,3.318813911554517
2052,18,37,0,"[   0   20   40  167  171  241  312  370  446  513  537  548  667  722
  728  788  838 1014 1046 1275 1321 1416 1485 1493 1558 1724 1748 1848
 1873 2017]",0.008985187169465792,55.26890273735411,3.489376943654563
2053,18,37,20,"[   0   40  167  241  312  370  446  513  548  667  728  788  838 1014
 1046 1275 1321 1416 1493 1558 1724 1748 1848 1873 2017]",0.008985187169465792,55.26890273735411,3.489376943654563
2054,18,37,40,"[   0  167  370  446  548  667  728  788  838 1046 1275 1416 1493 1558
 1748 1848 2017]",0.008985187169465792,55.26890273735411,3.489376943654563
2055,18,37,60,"[   0  167  370  446  548  667  728 1046 1275 1416 1493 1558 1748 1848
 2017]",0.008985187169465792,55.26890273735411,3.489376943654563
2056,18,38,0,"[   0   20   40  167  171  241  312  370  446  513  537  548  722  728
  765  769  838  906 1052 1109 1159 1321 1416 1485 1493 1558 1724 1748
 1848 1873 2017]",0.018670334957637615,56.83376138100368,3.5251941194228174
2057,18,38,20,"[   0   40  167  241  312  370  446  513  548  728  769  838  906 1052
 1109 1159 1321 1416 1493 1558 1724 1748 1848 1873 2017]",0.018670334957637615,56.83376138100368,3.5251941194228174
2058,18,38,40,"[   0  167  241  370  446  548  728  769  838  906 1052 1109 1159 1321
 1416 1493 1558 1748 1848 2017]",0.018670334957637615,56.83376138100368,3.5251941194228174
2059,18,38,60,"[   0  167  241  370  446  548  728  838  906 1052 1159 1321 1416 1493
 1558 1748 1848 2017]",0.018670334957637615,56.83376138100368,3.5251941194228174
2060,18,39,0,"[   0   20   40  167  198  229  332  370  437  498  537  548  722  728
  765  769  838  906 1052 1109 1159 1321 1416 1485 1493 1558 1724 1748
 1848 1873 1995 2017]",0.020904400333878668,56.880401535902074,3.502512682402118
2061,18,39,20,"[   0   40  167  198  332  370  437  498  548  728  769  838  906 1052
 1109 1159 1321 1416 1493 1558 1724 1748 1848 1873 1995 2017]",0.020904400333878668,56.880401535902074,3.502512682402118
2062,18,39,40,"[   0  167  229  370  437  498  548  728  769  838  906 1052 1109 1159
 1321 1416 1493 1558 1748 1848 2017]",0.020904400333878668,56.880401535902074,3.502512682402118
2063,18,39,60,"[   0  167  370  437  548  728  838  906 1052 1159 1321 1416 1493 1558
 1748 1848 2017]",0.020904400333878668,56.880401535902074,3.502512682402118
2064,18,40,0,"[   0   23   40  167  198  229  332  370  437  498  537  548  722  728
  765  769  957  999 1052 1109 1159 1321 1416 1487 1558 1603 1724 1748
 1809 1848 1873 1995 2017]",0.021480961390464303,56.97509657866449,3.327848638751668
2065,18,40,20,"[   0   40  167  198  332  370  437  498  548  728  765  957  999 1052
 1109 1159 1321 1416 1487 1558 1603 1724 1748 1809 1848 1873 1995 2017]",0.021480961390464303,56.97509657866449,3.327848638751668
2066,18,40,40,"[   0  167  229  370  437  498  548  728  957  999 1052 1109 1159 1321
 1416 1487 1558 1603 1748 1848 2017]",0.021480961390464303,56.97509657866449,3.327848638751668
2067,18,40,60,"[   0  167  370  437  548  728  957 1052 1159 1321 1416 1487 1603 1748
 1848 2017]",0.021480961390464303,56.97509657866449,3.327848638751668
2068,18,41,0,"[   0   20  101  167  198  229  370  437  471  498  537  548  722  728
  765  925  999 1052 1109 1159 1321 1416 1487 1558 1603 1724 1748 1809
 1848 1873 2017]",0.02289149817215188,57.034975529668216,3.3435598414946486
2069,18,41,20,"[   0  101  167  198  370  437  498  548  728  765  925  999 1052 1109
 1159 1321 1416 1487 1558 1603 1724 1748 1809 1848 1873 2017]",0.02289149817215188,57.034975529668216,3.3435598414946486
2070,18,41,40,"[   0  101  167  229  370  437  498  548  728  925  999 1052 1109 1159
 1321 1416 1487 1558 1603 1748 1848 2017]",0.02289149817215188,57.034975529668216,3.3435598414946486
2071,18,41,60,"[   0  101  167  370  437  548  728  925 1052 1159 1321 1416 1487 1603
 1748 1848 2017]",0.02289149817215188,57.034975529668216,3.3435598414946486
2072,18,42,0,"[   0   54  167  229  241  300  370  471  513  535  548  572  722  728
  765  925  999 1052 1109 1159 1321 1382 1416 1558 1746 1773 1809 1848
 1873 2017]",0.01533281542332708,57.00891415329779,3.454702779121435
2073,18,42,20,"[   0   54  167  241  300  370  471  513  548  572  728  765  925  999
 1052 1109 1159 1321 1382 1416 1558 1746 1809 1848 1873 2017]",0.01533281542332708,57.00891415329779,3.454702779121435
2074,18,42,40,"[   0   54  167  241  370  471  513  572  728  925  999 1052 1109 1159
 1321 1382 1558 1746 1848 2017]",0.01533281542332708,57.00891415329779,3.454702779121435
2075,18,42,60,[   0  167  370  513  728  925 1052 1159 1321 1382 1558 1746 1848 2017],0.01533281542332708,57.00891415329779,3.454702779121435
2076,18,43,0,"[   0   54  167  229  241  300  370  471  513  535  548  572  722  728
  765  838  925 1037 1052 1109 1159 1321 1382 1416 1558 1603 1746 1773
 1809 1848 1873 2017]",0.018245684431283615,57.98548288688812,3.553566437063365
2077,18,43,20,"[   0   54  167  241  300  370  471  513  548  572  728  765  838  925
 1052 1109 1159 1321 1382 1416 1558 1603 1746 1809 1848 1873 2017]",0.018245684431283615,57.98548288688812,3.553566437063365
2078,18,43,40,"[   0   54  167  241  370  471  513  572  728  838  925 1052 1109 1159
 1321 1382 1558 1603 1746 1848 2017]",0.018245684431283615,57.98548288688812,3.553566437063365
2079,18,43,60,[   0  167  370  513  728  925 1052 1159 1321 1382 1603 1746 1848 2017],0.018245684431283615,57.98548288688812,3.553566437063365
2080,18,44,0,"[   0   54  167  229  241  300  370  471  513  548  572  667  722  796
  838 1052 1109 1159 1321 1382 1416 1558 1603 1746 1809 1848 1873 2017]",0.01044263494027673,57.58363502482802,3.4922946974076177
2081,18,44,20,"[   0   54  167  241  300  370  471  513  548  572  667  722  796  838
 1052 1109 1159 1321 1382 1416 1558 1603 1746 1809 1848 1873 2017]",0.01044263494027673,57.58363502482802,3.4922946974076177
2082,18,44,40,"[   0   54  167  241  370  471  513  572  667  722  796  838 1052 1109
 1159 1321 1382 1558 1603 1746 1848 2017]",0.01044263494027673,57.58363502482802,3.4922946974076177
2083,18,44,60,[   0  167  370  513  722  796 1052 1159 1321 1382 1603 1746 1848 2017],0.01044263494027673,57.58363502482802,3.4922946974076177
2084,18,45,0,"[   0   20  101  197  236  241  370  453  456  513  531  537  722  728
  765  769  838  906 1052 1109 1159 1321 1382 1416 1558 1603 1746 1773
 1809 1848 1873 2017]",0.022030869672729353,59.405675794771156,3.582723989322116
2085,18,45,20,"[   0  101  197  370  456  531  728  769  838  906 1052 1109 1159 1321
 1382 1416 1558 1603 1746 1809 1848 1873 2017]",0.022030869672729353,59.405675794771156,3.582723989322116
2086,18,45,40,"[   0  101  197  370  456  531  728  769  838  906 1052 1109 1159 1321
 1382 1558 1603 1746 1848 2017]",0.022030869672729353,59.405675794771156,3.582723989322116
2087,18,45,60,"[   0  101  197  370  456  531  728  838  906 1052 1159 1321 1382 1603
 1746 1848 2017]",0.022030869672729353,59.405675794771156,3.582723989322116
2088,18,46,0,"[   0   20  101  157  345  370  453  456  513  531  537  722  728  765
  769  838  906 1052 1109 1159 1317 1382 1464 1558 1746 1773 1848 1857
 1873 1990 2014 2017]",0.018939585138281364,59.69514967108785,3.525852937510521
2089,18,46,20,"[   0  101  157  345  370  456  531  728  769  838  906 1052 1109 1159
 1317 1382 1464 1558 1746 1773 1848 1873 1990 2017]",0.018939585138281364,59.69514967108785,3.525852937510521
2090,18,46,40,"[   0  157  345  456  531  728  769  838  906 1052 1109 1159 1317 1382
 1464 1558 1746 1848 2017]",0.018939585138281364,59.69514967108785,3.525852937510521
2091,18,46,60,"[   0  157  345  456  531  728  838  906 1052 1159 1317 1382 1464 1558
 1746 1848 2017]",0.018939585138281364,59.69514967108785,3.525852937510521
2092,18,47,0,"[   0   20  101  184  345  370  453  513  548  722  728  765  769  838
  906 1052 1109 1159 1317 1382 1464 1558 1746 1773 1848 1857 1873 1990
 2017]",0.02034452336812978,59.65273067791574,3.524897944890567
2093,18,47,20,"[   0  101  184  345  370  453  513  548  728  769  838  906 1052 1109
 1159 1317 1382 1464 1558 1746 1773 1848 1873 1990 2017]",0.02034452336812978,59.65273067791574,3.524897944890567
2094,18,47,40,"[   0  101  184  345  453  548  728  769  838  906 1052 1109 1159 1317
 1382 1464 1558 1746 1848 2017]",0.02034452336812978,59.65273067791574,3.524897944890567
2095,18,47,60,"[   0  101  184  345  453  548  728  838  906 1052 1159 1317 1382 1464
 1558 1746 1848 2017]",0.02034452336812978,59.65273067791574,3.524897944890567
2096,18,48,0,"[   0  101  198  370  403  453  513  548  728  769  838  906 1052 1109
 1159 1317 1382 1464 1558 1746 1809 1848 1873 2017]",0.018430519249896454,59.49321597726132,3.411561850406139
2097,18,48,20,"[   0  101  198  370  403  453  513  548  728  769  838  906 1052 1109
 1159 1317 1382 1464 1558 1746 1809 1848 1873 2017]",0.018430519249896454,59.49321597726132,3.411561850406139
2098,18,48,40,"[   0  101  198  370  453  548  728  769  838  906 1052 1109 1159 1317
 1382 1464 1558 1746 1848 2017]",0.018430519249896454,59.49321597726132,3.411561850406139
2099,18,48,60,"[   0  101  198  370  453  548  728  838  906 1052 1159 1317 1382 1464
 1558 1746 1848 2017]",0.018430519249896454,59.49321597726132,3.411561850406139
2100,18,49,0,"[   0   20  101  198  370  403  453  513  537  548  722  728  765  769
  838  906 1052 1109 1159 1317 1464 1545 1558 1746 1773 1809 1848 1873
 2017]",0.01955658273898621,58.989289726100274,3.4444433353851966
2101,18,49,20,"[   0  101  198  370  403  453  513  548  728  769  838  906 1052 1109
 1159 1317 1464 1558 1746 1809 1848 1873 2017]",0.01955658273898621,58.989289726100274,3.4444433353851966
2102,18,49,40,"[   0  101  198  370  453  548  728  769  838  906 1052 1109 1159 1317
 1464 1558 1746 1848 2017]",0.01955658273898621,58.989289726100274,3.4444433353851966
2103,18,49,60,"[   0  101  198  370  453  548  728  838  906 1052 1159 1317 1464 1558
 1746 1848 2017]",0.01955658273898621,58.989289726100274,3.4444433353851966
2104,18,50,0,"[   0   20  101  197  345  370  415  446  513  537  548  722  728  765
  769  838  906 1052 1109 1159 1317 1464 1545 1558 1746 1809 1847 1873
 1990 2014 2017]",0.020727203247064802,59.845338074697224,3.393887412310565
2105,18,50,20,"[   0  101  197  345  370  446  513  548  728  769  838  906 1052 1109
 1159 1317 1464 1558 1746 1809 1847 1873 1990 2017]",0.020727203247064802,59.845338074697224,3.393887412310565
2106,18,50,40,"[   0  101  197  345  415  548  728  769  838  906 1052 1109 1159 1317
 1464 1558 1746 1847 2017]",0.020727203247064802,59.845338074697224,3.393887412310565
2107,18,50,60,"[   0  101  197  345  415  548  728  838  906 1052 1159 1317 1464 1558
 1746 1847 2017]",0.020727203247064802,59.845338074697224,3.393887412310565
2108,19,20,0,"[   0   34   39   54  130  157  241  348  370  456  531  548  684  728
  765  838  992 1052 1242 1273 1332 1396 1494 1538 1591 1603 1630 1680
 1741 1746 1848 2017]",0.008678365204887099,49.67579462199277,3.6501640600422554
2109,19,20,20,"[   0   54  130  241  348  370  456  531  684  728  765  838  992 1052
 1242 1273 1332 1396 1494 1538 1591 1630 1680 1746 1848 2017]",0.008678365204887099,49.67579462199277,3.6501640600422554
2110,19,20,40,"[   0   54  130  241  348  456  531  684  765  838  992 1052 1273 1332
 1396 1494 1538 1591 1680 1746 1848 2017]",0.008678365204887099,49.67579462199277,3.6501640600422554
2111,19,20,60,"[   0  130  241  348  456  531  684  765  838 1052 1273 1396 1494 1591
 1746 1848 2017]",0.008678365204887099,49.67579462199277,3.6501640600422554
2112,19,21,0,"[   0   20   40   54  130  197  241  348  370  459  513  531  573  684
  728  765  856  906 1052 1109 1275 1350 1396 1494 1538 1591 1603 1630
 1680 1741 1746 1848 1873 2017]",0.018628952762539373,51.31430679722375,3.480930656156697
2113,19,21,20,"[   0   40  130  197  348  370  459  531  573  684  728  765  856  906
 1052 1109 1275 1350 1396 1494 1538 1591 1630 1680 1746 1848 1873 2017]",0.018628952762539373,51.31430679722375,3.480930656156697
2114,19,21,40,"[   0  130  197  348  459  531  573  684  765  856  906 1052 1109 1275
 1350 1396 1494 1538 1591 1680 1746 1848 2017]",0.018628952762539373,51.31430679722375,3.480930656156697
2115,19,21,60,"[   0  130  197  348  459  531  684  765  906 1052 1275 1396 1494 1591
 1746 1848 2017]",0.018628952762539373,51.31430679722375,3.480930656156697
2116,19,22,0,"[   0   34   39   54  130  160  241  348  370  459  513  531  573  684
  728  765  838 1052 1109 1275 1350 1396 1494 1538 1591 1603 1630 1680
 1741 1746 1848 1873 2017]",0.016300943681587594,50.52789380025177,3.5021304926075585
2117,19,22,20,"[   0   54  130  160  241  348  370  459  531  573  684  728  765  838
 1052 1109 1275 1350 1396 1494 1538 1591 1630 1680 1746 1848 1873 2017]",0.016300943681587594,50.52789380025177,3.5021304926075585
2118,19,22,40,"[   0   54  130  241  348  459  531  573  684  765  838 1052 1109 1275
 1350 1396 1494 1538 1591 1680 1746 1848 2017]",0.016300943681587594,50.52789380025177,3.5021304926075585
2119,19,22,60,"[   0  130  241  348  459  531  684  765  838 1052 1275 1396 1494 1591
 1746 1848 2017]",0.016300943681587594,50.52789380025177,3.5021304926075585
2120,19,23,0,"[   0   20  130  197  241  348  370  459  513  531  573  684  728  765
  856  906  957 1052 1109 1275 1350 1396 1494 1538 1591 1603 1630 1680
 1741 1746 1848 1873 2017]",0.017688052226565568,51.44173684513028,3.5231927760169754
2121,19,23,20,"[   0  130  197  348  370  459  531  573  684  728  765  856  906  957
 1052 1109 1275 1350 1396 1494 1538 1591 1630 1680 1746 1848 1873 2017]",0.017688052226565568,51.44173684513028,3.5231927760169754
2122,19,23,40,"[   0  130  197  348  459  531  573  684  765  856  906  957 1052 1109
 1275 1350 1396 1494 1538 1591 1680 1746 1848 2017]",0.017688052226565568,51.44173684513028,3.5231927760169754
2123,19,23,60,"[   0  130  197  348  459  531  684  765  856  957 1109 1275 1396 1494
 1591 1746 1848 2017]",0.017688052226565568,51.44173684513028,3.5231927760169754
2124,19,24,0,"[   0   20   40   54  130  197  241  345  370  513  531  548  722  728
  765  856  957 1052 1109 1211 1273 1321 1396 1457 1493 1558 1603 1630
 1680 1741 1746 1848 1873 2017]",0.017018119934080447,52.77764242738374,3.510697326527268
2125,19,24,20,"[   0   40  130  197  345  370  531  728  765  856  957 1052 1109 1211
 1273 1321 1396 1493 1558 1603 1630 1680 1746 1848 1873 2017]",0.017018119934080447,52.77764242738374,3.510697326527268
2126,19,24,40,"[   0  130  197  370  531  728  856  957 1052 1109 1211 1273 1321 1396
 1493 1558 1630 1680 1746 1848 2017]",0.017018119934080447,52.77764242738374,3.510697326527268
2127,19,24,60,"[   0  130  197  370  531  728  856 1052 1211 1321 1396 1493 1558 1630
 1746 1848 2017]",0.017018119934080447,52.77764242738374,3.510697326527268
2128,19,25,0,"[   0   34   39   54  241  320  348  370  459  491  513  548  722  728
  765  844  957 1052 1109 1211 1273 1321 1396 1457 1493 1558 1603 1630
 1680 1741 1746 1848 1873 2017]",0.019889021252361794,53.34160513501778,3.5363028332030013
2129,19,25,20,"[   0   39  241  320  348  370  459  491  548  728  765  844  957 1052
 1109 1211 1273 1321 1396 1457 1493 1558 1603 1630 1680 1746 1848 1873
 2017]",0.019889021252361794,53.34160513501778,3.5363028332030013
2130,19,25,40,"[   0  241  348  491  548  728  844  957 1052 1109 1211 1273 1321 1396
 1493 1558 1630 1680 1746 1848 2017]",0.019889021252361794,53.34160513501778,3.5363028332030013
2131,19,25,60,"[   0  241  348  548  728  844  957 1052 1211 1321 1396 1493 1558 1630
 1746 1848 2017]",0.019889021252361794,53.34160513501778,3.5363028332030013
2132,19,26,0,"[   0   20   40   54  130  183  241  348  370  459  491  513  537  548
  722  728  765  844  856  906 1052 1109 1249 1275 1416 1494 1517 1558
 1680 1741 1746 1848 1873 2017]",0.016348849240229536,52.571250042466616,3.5781383829303817
2133,19,26,20,"[   0   40  130  183  241  348  370  459  491  548  728  765  844  906
 1052 1109 1249 1275 1416 1494 1517 1558 1680 1746 1848 1873 2017]",0.016348849240229536,52.571250042466616,3.5781383829303817
2134,19,26,40,"[   0  130  183  348  491  548  728  844  906 1052 1109 1275 1416 1494
 1558 1680 1746 1848 2017]",0.016348849240229536,52.571250042466616,3.5781383829303817
2135,19,26,60,"[   0  130  241  348  548  728  906 1052 1275 1416 1494 1558 1680 1746
 1848 2017]",0.016348849240229536,52.571250042466616,3.5781383829303817
2136,19,27,0,"[   0   20  130  183  241  312  370  459  491  513  537  548  567  722
  728  765  796  825  906  965 1052 1109 1211 1276 1416 1494 1517 1558
 1680 1741 1746 1873 1915 1942 2017]",0.009745704914704287,52.1701638119753,3.691761415352923
2137,19,27,20,"[   0  130  183  241  312  370  459  491  513  567  728  765  796  825
  906  965 1052 1109 1211 1276 1416 1494 1517 1558 1680 1746 1873 1915
 1942 2017]",0.009745704914704287,52.1701638119753,3.691761415352923
2138,19,27,40,"[   0  130  183  241  312  370  491  567  728  825  906  965 1052 1109
 1211 1276 1416 1494 1558 1680 1746 1873 1942 2017]",0.009745704914704287,52.1701638119753,3.691761415352923
2139,19,27,60,"[   0  130  241  370  491  567  728  825  906 1109 1211 1276 1416 1494
 1558 1680 1746 1873 1942 2017]",0.009745704914704287,52.1701638119753,3.691761415352923
2140,19,28,0,"[   0   20   40   54  130  183  241  312  370  459  491  513  537  548
  722  728  765  838  851  906 1010 1052 1230 1275 1321 1416 1494 1517
 1558 1748 1848 1873 2017]",0.014583051565155615,53.07214788820058,3.515415262184981
2141,19,28,20,"[   0   40  130  183  241  312  370  459  491  548  728  765  838  906
 1010 1052 1230 1275 1321 1416 1494 1517 1558 1748 1848 1873 2017]",0.014583051565155615,53.07214788820058,3.515415262184981
2142,19,28,40,"[   0  130  183  241  312  370  491  548  728  838  906 1010 1052 1230
 1275 1321 1416 1494 1558 1748 1848 2017]",0.014583051565155615,53.07214788820058,3.515415262184981
2143,19,28,60,"[   0  130  241  370  548  728  906 1052 1230 1321 1416 1494 1558 1748
 1848 2017]",0.014583051565155615,53.07214788820058,3.515415262184981
2144,19,29,0,"[   0   34   39   54  130  197  232  370  459  513  531  548  575  615
  722  728  765  796  838 1010 1037 1168 1203 1276 1321 1416 1494 1517
 1558 1748 1848 1873 2017]",0.010423538799296765,53.296789323593536,3.4094856534967746
2145,19,29,20,"[   0   54  130  197  232  370  459  531  575  615  728  765  796  838
 1010 1037 1168 1203 1276 1321 1416 1494 1517 1558 1748 1848 1873 2017]",0.010423538799296765,53.296789323593536,3.4094856534967746
2146,19,29,40,"[   0   54  130  197  370  459  531  615  765  838 1037 1168 1276 1321
 1416 1494 1558 1748 1848 2017]",0.010423538799296765,53.296789323593536,3.4094856534967746
2147,19,29,60,"[   0  130  197  370  459  531  615  765  838 1037 1168 1276 1416 1494
 1558 1748 1848 2017]",0.010423538799296765,53.296789323593536,3.4094856534967746
2148,19,30,0,"[   0   34   39   54  130  197  232  370  459  513  531  548  722  728
  765  851  906 1010 1037 1168 1203 1276 1321 1416 1494 1517 1558 1724
 1748 1847 2017]",0.01821044646052122,53.692809399359795,3.510364069565434
2149,19,30,20,"[   0   54  130  197  370  459  531  728  765  851  906 1010 1037 1168
 1203 1276 1321 1416 1494 1558 1724 1748 1847 2017]",0.01821044646052122,53.692809399359795,3.510364069565434
2150,19,30,40,"[   0   54  130  197  370  459  531  728  851  906 1037 1168 1276 1321
 1416 1494 1558 1748 1847 2017]",0.01821044646052122,53.692809399359795,3.510364069565434
2151,19,30,60,"[   0  130  197  370  459  531  728  906 1037 1168 1276 1416 1494 1558
 1748 1847 2017]",0.01821044646052122,53.692809399359795,3.510364069565434
2152,19,31,0,"[   0   34   39   54  130  198  370  459  491  548  728  765  856  906
  932 1052 1168 1203 1416 1494 1558 1724 1748 1809 1847 2017]",0.017573361542561537,53.72842236622668,3.2704943585152684
2153,19,31,20,"[   0   54  130  198  370  459  491  548  728  765  856  906  932 1052
 1168 1203 1416 1494 1558 1724 1748 1809 1847 2017]",0.017573361542561537,53.72842236622668,3.2704943585152684
2154,19,31,40,"[   0   54  130  198  370  491  548  728  856  906 1052 1203 1416 1494
 1558 1748 1847 2017]",0.017573361542561537,53.72842236622668,3.2704943585152684
2155,19,31,60,[   0  130  198  370  548  728  906 1052 1203 1494 1558 1748 1847 2017],0.017573361542561537,53.72842236622668,3.2704943585152684
2156,19,32,0,"[   0   34   39   54  130  162  370  459  491  548  575  722  728  765
  844  906 1052 1168 1203 1416 1494 1517 1558 1724 1748 1809 1847 2017]",0.01883357053686801,53.85554458177996,3.224824742155465
2157,19,32,20,"[   0   54  130  162  370  459  491  548  575  728  765  844  906 1052
 1168 1203 1416 1494 1558 1724 1748 1809 1847 2017]",0.01883357053686801,53.85554458177996,3.224824742155465
2158,19,32,40,"[   0   54  162  370  491  548  728  906 1052 1203 1416 1494 1558 1748
 1847 2017]",0.01883357053686801,53.85554458177996,3.224824742155465
2159,19,32,60,[   0  162  370  548  728  906 1052 1203 1494 1558 1748 1847 2017],0.01883357053686801,53.85554458177996,3.224824742155465
2160,19,33,0,"[   0   34   39   54  167  241  312  370  498  531  548  722  728  765
  788  838  844 1052 1168 1193 1203 1416 1494 1517 1558 1724 1748 1847
 2017]",0.014210373931716253,53.69578085514624,3.446555318117083
2161,19,33,20,"[   0   54  167  241  312  370  498  531  728  765  788  838 1052 1168
 1203 1416 1494 1558 1724 1748 1847 2017]",0.014210373931716253,53.69578085514624,3.446555318117083
2162,19,33,40,[   0   54  167  370  531  728  838 1052 1203 1494 1558 1748 1847 2017],0.014210373931716253,53.69578085514624,3.446555318117083
2163,19,33,60,[   0  167  370  531  728 1052 1203 1494 1558 1748 1847 2017],0.014210373931716253,53.69578085514624,3.446555318117083
2164,19,34,0,"[   0   34   39   54  167  198  312  332  370  446  513  531  537  548
  722  728  765  788  838  844 1052 1109 1193 1275 1321 1416 1494 1517
 1558 1724 1748 1847 2017]",0.022457337668949088,54.263375887398496,3.359702730496678
2165,19,34,20,"[   0   54  167  198  312  370  446  531  728  765  788  838 1052 1109
 1193 1275 1321 1416 1494 1558 1724 1748 1847 2017]",0.022457337668949088,54.263375887398496,3.359702730496678
2166,19,34,40,"[   0   54  198  312  370  446  531  728  838 1052 1109 1193 1275 1321
 1416 1494 1558 1748 1847 2017]",0.022457337668949088,54.263375887398496,3.359702730496678
2167,19,34,60,"[   0  198  370  446  531  728  838 1052 1193 1275 1416 1494 1558 1748
 1847 2017]",0.022457337668949088,54.263375887398496,3.359702730496678
2168,19,35,0,"[   0   20   40  167  198  312  332  370  446  513  531  537  548  722
  728  765  788  838  844 1052 1109 1193 1203 1416 1493 1558 1724 1748
 1848 1873 2017]",0.0209620598077678,54.25896637037467,3.502417836671019
2169,19,35,20,"[   0   40  167  198  312  370  446  531  728  765  788  838 1052 1109
 1203 1416 1493 1558 1724 1748 1848 1873 2017]",0.0209620598077678,54.25896637037467,3.502417836671019
2170,19,35,40,"[   0  198  370  446  531  728  838 1052 1109 1203 1416 1493 1558 1748
 1848 2017]",0.0209620598077678,54.25896637037467,3.502417836671019
2171,19,35,60,[   0  198  370  446  531  728  838 1052 1203 1493 1558 1748 1848 2017],0.0209620598077678,54.25896637037467,3.502417836671019
2172,19,36,0,"[   0   34   39   54  167  198  229  332  370  446  513  531  548  722
  728  765  838  844  906 1052 1242 1275 1321 1416 1485 1493 1558 1724
 1748 1848 1873 2017]",0.021706695851524724,54.24984199591317,3.3383476561860204
2173,19,36,20,"[   0   54  167  198  332  370  446  531  728  765  838  906 1052 1242
 1275 1321 1416 1493 1558 1724 1748 1848 1873 2017]",0.021706695851524724,54.24984199591317,3.3383476561860204
2174,19,36,40,"[   0   54  167  229  370  446  531  728  838  906 1052 1242 1321 1416
 1493 1558 1748 1848 2017]",0.021706695851524724,54.24984199591317,3.3383476561860204
2175,19,36,60,"[   0  167  229  370  446  531  728  838  906 1052 1242 1321 1416 1493
 1558 1748 1848 2017]",0.021706695851524724,54.24984199591317,3.3383476561860204
2176,19,37,0,"[   0   20   40  167  171  241  312  370  446  513  537  548  667  722
  728  788  838 1014 1046 1275 1320 1416 1485 1493 1558 1724 1748 1848
 1873 2017]",0.008727257300718329,53.38735749819009,3.5567133384159244
2177,19,37,20,"[   0   40  167  241  312  370  446  513  548  667  728  788  838 1014
 1046 1275 1320 1416 1493 1558 1724 1748 1848 1873 2017]",0.008727257300718329,53.38735749819009,3.5567133384159244
2178,19,37,40,"[   0  167  370  446  548  667  728  788  838 1046 1275 1416 1493 1558
 1748 1848 2017]",0.008727257300718329,53.38735749819009,3.5567133384159244
2179,19,37,60,"[   0  167  370  446  548  667  728 1046 1275 1416 1493 1558 1748 1848
 2017]",0.008727257300718329,53.38735749819009,3.5567133384159244
2180,19,38,0,"[   0   20   40  167  171  241  312  370  446  513  537  548  722  728
  765  769  838  906 1052 1109 1159 1321 1416 1485 1493 1558 1724 1748
 1809 1848 1873 2017]",0.014936808989631376,54.85537688270598,3.4482406272772064
2181,19,38,20,"[   0   40  167  241  312  370  446  513  548  728  769  838  906 1052
 1109 1159 1321 1416 1493 1558 1724 1748 1809 1848 1873 2017]",0.014936808989631376,54.85537688270598,3.4482406272772064
2182,19,38,40,"[   0  167  241  370  446  548  728  769  838  906 1052 1109 1159 1321
 1416 1493 1558 1748 1848 2017]",0.014936808989631376,54.85537688270598,3.4482406272772064
2183,19,38,60,"[   0  167  241  370  446  548  728  838  906 1052 1159 1321 1416 1493
 1558 1748 1848 2017]",0.014936808989631376,54.85537688270598,3.4482406272772064
2184,19,39,0,"[   0   20   40  167  198  229  332  370  437  498  537  548  722  728
  765  769  838  906 1052 1109 1159 1321 1416 1485 1493 1558 1724 1748
 1848 1873 1888 1939 1995 2017]",0.021744297304108054,54.90030700913839,3.4405386101364757
2185,19,39,20,"[   0   40  167  198  332  370  437  498  548  728  769  838  906 1052
 1109 1159 1321 1416 1493 1558 1724 1748 1848 1888 1939 1995 2017]",0.021744297304108054,54.90030700913839,3.4405386101364757
2186,19,39,40,"[   0  167  229  370  437  498  548  728  769  838  906 1052 1109 1159
 1321 1416 1493 1558 1748 1848 1939 2017]",0.021744297304108054,54.90030700913839,3.4405386101364757
2187,19,39,60,"[   0  167  229  370  437  548  728  838  906 1052 1159 1321 1416 1493
 1558 1748 1848 1939 2017]",0.021744297304108054,54.90030700913839,3.4405386101364757
2188,19,40,0,"[   0   23   40  167  198  229  332  370  437  498  537  548  722  728
  765  769  957  999 1052 1109 1159 1321 1416 1487 1558 1603 1724 1748
 1809 1848 1873 1888 1939 1995 2017]",0.02264549007983874,54.991011650287646,3.299585681996974
2189,19,40,20,"[   0   40  167  198  332  370  437  498  548  728  765  957  999 1052
 1109 1159 1321 1416 1487 1558 1603 1724 1748 1809 1848 1888 1939 1995
 2017]",0.02264549007983874,54.991011650287646,3.299585681996974
2190,19,40,40,"[   0  167  229  370  437  498  548  728  957  999 1052 1109 1159 1321
 1416 1487 1558 1603 1748 1848 1939 2017]",0.02264549007983874,54.991011650287646,3.299585681996974
2191,19,40,60,"[   0  167  229  370  437  548  728  957 1052 1159 1321 1416 1487 1603
 1748 1848 1939 2017]",0.02264549007983874,54.991011650287646,3.299585681996974
2192,19,41,0,"[   0   20  101  167  198  229  370  437  471  498  537  548  722  728
  765  838  925  957  999 1052 1109 1159 1321 1416 1487 1558 1603 1724
 1748 1809 1848 1873 2017]",0.020607786003964793,55.08982574097782,3.494468113245682
2193,19,41,20,"[   0  101  167  198  229  370  437  471  498  548  728  765  838  925
  957  999 1052 1109 1159 1321 1416 1487 1558 1603 1724 1748 1809 1848
 1873 2017]",0.020607786003964793,55.08982574097782,3.494468113245682
2194,19,41,40,"[   0  101  167  229  370  437  498  548  728  838  925  999 1052 1109
 1159 1321 1416 1487 1558 1603 1748 1848 2017]",0.020607786003964793,55.08982574097782,3.494468113245682
2195,19,41,60,"[   0  101  167  229  370  437  548  728  838  925 1052 1159 1321 1416
 1487 1603 1748 1848 2017]",0.020607786003964793,55.08982574097782,3.494468113245682
2196,19,42,0,"[   0   54  167  229  241  300  370  471  513  535  548  572  722  728
  765  838  925  957  999 1052 1109 1159 1321 1382 1416 1558 1746 1773
 1809 1848 1873 2017]",0.013775993621357827,55.14198920196361,3.530750601344795
2197,19,42,20,"[   0   54  167  241  300  370  471  513  548  572  728  765  838  925
  957  999 1052 1109 1159 1321 1382 1416 1558 1746 1809 1848 1873 2017]",0.013775993621357827,55.14198920196361,3.530750601344795
2198,19,42,40,"[   0   54  167  241  370  471  513  572  728  838  925  999 1052 1109
 1159 1321 1382 1558 1746 1848 2017]",0.013775993621357827,55.14198920196361,3.530750601344795
2199,19,42,60,[   0  167  370  513  728  925 1052 1159 1321 1382 1558 1746 1848 2017],0.013775993621357827,55.14198920196361,3.530750601344795
2200,19,43,0,"[   0   20   54  101  167  229  241  300  370  471  513  535  548  572
  722  728  765  838  925 1037 1052 1109 1159 1321 1382 1416 1558 1603
 1746 1773 1809 1848 1873 2017]",0.01847464652783963,55.88065411792741,3.496598269271353
2201,19,43,20,"[   0   54  101  167  241  300  370  471  513  548  572  728  765  838
  925 1052 1109 1159 1321 1382 1416 1558 1603 1746 1809 1848 1873 2017]",0.01847464652783963,55.88065411792741,3.496598269271353
2202,19,43,40,"[   0   54  167  241  370  471  513  572  728  838  925 1052 1109 1159
 1321 1382 1558 1603 1746 1848 2017]",0.01847464652783963,55.88065411792741,3.496598269271353
2203,19,43,60,[   0  167  370  513  728  925 1052 1159 1321 1382 1603 1746 1848 2017],0.01847464652783963,55.88065411792741,3.496598269271353
2204,19,44,0,"[   0   54  167  229  241  300  370  471  513  535  548  572  667  720
  728  765  796  838 1052 1109 1159 1321 1382 1416 1558 1603 1746 1773
 1809 1848 1873 2017]",0.01192658810678421,55.74860489573892,3.4640318998009096
2205,19,44,20,"[   0   54  167  241  300  370  471  513  548  572  667  728  765  796
  838 1052 1109 1159 1321 1382 1416 1558 1603 1746 1809 1848 1873 2017]",0.01192658810678421,55.74860489573892,3.4640318998009096
2206,19,44,40,"[   0   54  167  241  370  471  513  572  667  765  838 1052 1109 1159
 1321 1382 1558 1603 1746 1848 2017]",0.01192658810678421,55.74860489573892,3.4640318998009096
2207,19,44,60,"[   0  167  370  513  667  765  838 1052 1159 1321 1382 1603 1746 1848
 2017]",0.01192658810678421,55.74860489573892,3.4640318998009096
2208,19,45,0,"[   0   20  101  197  236  241  370  453  456  513  531  537  722  728
  765  769  838  906 1052 1109 1159 1282 1321 1382 1416 1558 1603 1746
 1773 1809 1848 1873 2014 2017]",0.021075850609766626,57.114837361262346,3.5323444855092823
2209,19,45,20,"[   0  101  197  370  456  531  728  769  838  906 1052 1109 1159 1282
 1321 1382 1416 1558 1603 1746 1809 1848 1873 2017]",0.021075850609766626,57.114837361262346,3.5323444855092823
2210,19,45,40,"[   0  101  197  370  456  531  728  769  838  906 1052 1109 1159 1321
 1382 1558 1603 1746 1848 2017]",0.021075850609766626,57.114837361262346,3.5323444855092823
2211,19,45,60,"[   0  101  197  370  456  531  728  838  906 1052 1159 1321 1382 1603
 1746 1848 2017]",0.021075850609766626,57.114837361262346,3.5323444855092823
2212,19,46,0,"[   0   20  101  157  198  295  345  370  453  456  513  531  537  722
  728  765  769  838  906 1052 1109 1159 1317 1382 1464 1558 1746 1773
 1848 1857 1873 1990 2014 2017]",0.019434299655630836,57.59993696660723,3.5128360821951636
2213,19,46,20,"[   0  101  157  198  295  345  370  456  531  728  769  838  906 1052
 1109 1159 1317 1382 1464 1558 1746 1773 1848 1873 1990 2017]",0.019434299655630836,57.59993696660723,3.5128360821951636
2214,19,46,40,"[   0  157  198  295  345  456  531  728  769  838  906 1052 1109 1159
 1317 1382 1464 1558 1746 1848 2017]",0.019434299655630836,57.59993696660723,3.5128360821951636
2215,19,46,60,"[   0  101  198  345  456  531  728  838  906 1052 1159 1317 1382 1464
 1558 1746 1848 2017]",0.019434299655630836,57.59993696660723,3.5128360821951636
2216,19,47,0,"[   0  101  184  345  370  453  513  548  728  769  838  906 1052 1109
 1159 1317 1382 1464 1558 1746 1809 1848 1857 1873 1990 2017]",0.017219518479623237,57.528079127905485,3.467778488332439
2217,19,47,20,"[   0  101  184  345  370  453  513  548  728  769  838  906 1052 1109
 1159 1317 1382 1464 1558 1746 1809 1848 1873 1990 2017]",0.017219518479623237,57.528079127905485,3.467778488332439
2218,19,47,40,"[   0  101  184  345  453  548  728  769  838  906 1052 1109 1159 1317
 1382 1464 1558 1746 1848 2017]",0.017219518479623237,57.528079127905485,3.467778488332439
2219,19,47,60,"[   0  101  184  345  453  548  728  838  906 1052 1159 1317 1382 1464
 1558 1746 1848 2017]",0.017219518479623237,57.528079127905485,3.467778488332439
2220,19,48,0,"[   0   20   53  101  198  345  370  403  453  513  548  728  769  838
  906 1052 1109 1159 1317 1382 1464 1558 1746 1809 1848 1873 2017]",0.01536384368519118,57.287899385953345,3.5026705918784447
2221,19,48,20,"[   0   53  101  198  345  370  403  453  513  548  728  769  838  906
 1052 1109 1159 1317 1382 1464 1558 1746 1809 1848 1873 2017]",0.01536384368519118,57.287899385953345,3.5026705918784447
2222,19,48,40,"[   0   53  198  345  453  548  728  769  838  906 1052 1109 1159 1317
 1382 1464 1558 1746 1848 2017]",0.01536384368519118,57.287899385953345,3.5026705918784447
2223,19,48,60,"[   0  198  345  453  548  728  838  906 1052 1159 1317 1382 1464 1558
 1746 1848 2017]",0.01536384368519118,57.287899385953345,3.5026705918784447
2224,19,49,0,"[   0   20  101  198  370  403  453  513  537  548  722  728  765  769
  838  906 1052 1109 1159 1317 1464 1494 1545 1558 1746 1773 1809 1848
 1873 2014 2017]",0.01770357296657864,56.82315040332271,3.499537447694009
2225,19,49,20,"[   0  101  198  370  403  453  513  548  728  769  838  906 1052 1109
 1159 1317 1464 1494 1558 1746 1809 1848 1873 2017]",0.01770357296657864,56.82315040332271,3.499537447694009
2226,19,49,40,"[   0  101  198  370  453  548  728  769  838  906 1052 1109 1159 1317
 1494 1558 1746 1848 2017]",0.01770357296657864,56.82315040332271,3.499537447694009
2227,19,49,60,"[   0  101  198  370  453  548  728  838  906 1052 1159 1317 1494 1558
 1746 1848 2017]",0.01770357296657864,56.82315040332271,3.499537447694009
2228,19,50,0,"[   0   20  101  197  345  370  415  446  513  548  722  728  765  769
  838  906 1052 1109 1159 1317 1382 1464 1545 1558 1603 1748 1809 1847
 1873 1990 2017]",0.019841235667761116,57.62202794352609,3.428601164875631
2229,19,50,20,"[   0  101  197  345  370  446  513  548  728  769  838  906 1052 1109
 1159 1317 1382 1464 1545 1603 1748 1809 1847 1873 1990 2017]",0.019841235667761116,57.62202794352609,3.428601164875631
2230,19,50,40,"[   0  101  197  345  415  548  728  769  838  906 1052 1109 1159 1317
 1382 1464 1545 1603 1748 1847 2017]",0.019841235667761116,57.62202794352609,3.428601164875631
2231,19,50,60,"[   0  101  197  345  415  548  728  838  906 1052 1159 1317 1382 1464
 1603 1748 1847 2017]",0.019841235667761116,57.62202794352609,3.428601164875631
2232,20,20,0,"[   0   34   39   54  130  157  241  348  370  456  531  548  684  728
  765  838  992 1052 1242 1273 1332 1396 1494 1538 1591 1603 1630 1680
 1741 1746 1809 1848 2017]",0.005045488410987766,48.15355772294687,3.574469459092581
2233,20,20,20,"[   0   54  130  241  348  370  456  531  684  728  765  838  992 1052
 1242 1273 1332 1396 1494 1538 1591 1630 1680 1746 1809 1848 2017]",0.005045488410987766,48.15355772294687,3.574469459092581
2234,20,20,40,"[   0   54  130  241  348  456  531  684  765  838  992 1052 1273 1332
 1396 1494 1538 1591 1680 1746 1848 2017]",0.005045488410987766,48.15355772294687,3.574469459092581
2235,20,20,60,"[   0  130  241  348  456  531  684  765  838 1052 1273 1396 1494 1591
 1746 1848 2017]",0.005045488410987766,48.15355772294687,3.574469459092581
2236,20,21,0,"[   0   20   40   54  130  197  241  348  370  459  513  531  573  684
  728  765  856  906 1052 1109 1275 1350 1396 1494 1538 1591 1603 1630
 1680 1741 1746 1809 1848 1873 2017]",0.013626674705239311,49.72801440740253,3.425277426719507
2237,20,21,20,"[   0   40  130  197  348  370  459  531  573  684  728  765  856  906
 1052 1109 1275 1350 1396 1494 1538 1591 1630 1680 1746 1809 1848 1873
 2017]",0.013626674705239311,49.72801440740253,3.425277426719507
2238,20,21,40,"[   0  130  197  348  459  531  573  684  765  856  906 1052 1109 1275
 1350 1396 1494 1538 1591 1680 1746 1848 2017]",0.013626674705239311,49.72801440740253,3.425277426719507
2239,20,21,60,"[   0  130  197  348  459  531  684  765  906 1052 1275 1396 1494 1591
 1746 1848 2017]",0.013626674705239311,49.72801440740253,3.425277426719507
2240,20,22,0,"[   0   34   39   54  130  160  241  320  348  370  459  513  531  573
  684  728  765  838 1052 1109 1275 1350 1396 1494 1538 1591 1603 1630
 1680 1741 1746 1848 1873 2017]",0.01583715167977723,48.988631645911596,3.487137050614092
2241,20,22,20,"[   0   54  130  160  241  320  348  370  459  531  573  684  728  765
  838 1052 1109 1275 1350 1396 1494 1538 1591 1630 1680 1746 1848 1873
 2017]",0.01583715167977723,48.988631645911596,3.487137050614092
2242,20,22,40,"[   0   54  130  241  348  459  531  573  684  765  838 1052 1109 1275
 1350 1396 1494 1538 1591 1680 1746 1848 2017]",0.01583715167977723,48.988631645911596,3.487137050614092
2243,20,22,60,"[   0  130  241  348  459  531  684  765  838 1052 1275 1396 1494 1591
 1746 1848 2017]",0.01583715167977723,48.988631645911596,3.487137050614092
2244,20,23,0,"[   0   20   40   54  130  197  241  348  370  459  513  531  573  684
  728  765  856  906  957 1052 1109 1275 1350 1396 1494 1538 1591 1603
 1630 1680 1741 1746 1848 1873 2017]",0.01762965512823752,49.88992640057316,3.4544294553153905
2245,20,23,20,"[   0   40  130  197  348  370  459  531  573  684  728  765  856  906
  957 1052 1109 1275 1350 1396 1494 1538 1591 1630 1680 1746 1848 1873
 2017]",0.01762965512823752,49.88992640057316,3.4544294553153905
2246,20,23,40,"[   0  130  197  348  459  531  573  684  765  856  906  957 1052 1109
 1275 1350 1396 1494 1538 1591 1680 1746 1848 2017]",0.01762965512823752,49.88992640057316,3.4544294553153905
2247,20,23,60,"[   0  130  197  348  459  531  684  765  856  957 1109 1275 1396 1494
 1591 1746 1848 2017]",0.01762965512823752,49.88992640057316,3.4544294553153905
2248,20,24,0,"[   0   20   40   54  130  197  241  345  370  513  531  548  722  728
  765  856  957 1052 1109 1211 1273 1321 1396 1457 1493 1558 1603 1630
 1680 1741 1746 1809 1848 1873 2017]",0.01309732276247545,51.13434195960565,3.431325906456329
2249,20,24,20,"[   0   40  130  197  345  370  531  728  765  856  957 1052 1109 1211
 1273 1321 1396 1493 1558 1603 1630 1680 1746 1809 1848 1873 2017]",0.01309732276247545,51.13434195960565,3.431325906456329
2250,20,24,40,"[   0  130  197  370  531  728  856  957 1052 1109 1211 1273 1321 1396
 1493 1558 1630 1680 1746 1848 2017]",0.01309732276247545,51.13434195960565,3.431325906456329
2251,20,24,60,"[   0  130  197  370  531  728  856 1052 1211 1321 1396 1493 1558 1630
 1746 1848 2017]",0.01309732276247545,51.13434195960565,3.431325906456329
2252,20,25,0,"[   0   34   39   54  241  320  348  370  459  491  548  722  728  765
  844  957 1052 1109 1211 1273 1321 1396 1457 1493 1558 1603 1630 1680
 1741 1746 1809 1848 1873 2017]",0.01586366831881341,51.6763841832245,3.4566355448363026
2253,20,25,20,"[   0   39  241  320  348  370  459  491  548  728  765  844  957 1052
 1109 1211 1273 1321 1396 1457 1493 1558 1603 1630 1680 1746 1809 1848
 1873 2017]",0.01586366831881341,51.6763841832245,3.4566355448363026
2254,20,25,40,"[   0  241  348  491  548  728  844  957 1052 1109 1211 1273 1321 1396
 1493 1558 1630 1680 1746 1848 2017]",0.01586366831881341,51.6763841832245,3.4566355448363026
2255,20,25,60,"[   0  241  348  548  728  844  957 1052 1211 1321 1396 1493 1558 1630
 1746 1848 2017]",0.01586366831881341,51.6763841832245,3.4566355448363026
2256,20,26,0,"[   0   20   40   54  130  183  241  348  370  459  491  513  537  548
  722  728  765  844  856  906 1052 1109 1249 1275 1416 1494 1517 1558
 1680 1741 1746 1809 1848 1873 2017]",0.011984550421060247,50.935978749761624,3.497760348530398
2257,20,26,20,"[   0   40  130  183  241  348  370  459  491  548  728  765  844  906
 1052 1109 1249 1275 1416 1494 1517 1558 1680 1746 1809 1848 1873 2017]",0.011984550421060247,50.935978749761624,3.497760348530398
2258,20,26,40,"[   0  130  183  348  491  548  728  844  906 1052 1109 1275 1416 1494
 1558 1680 1746 1848 2017]",0.011984550421060247,50.935978749761624,3.497760348530398
2259,20,26,60,"[   0  130  241  348  548  728  906 1052 1275 1416 1494 1558 1680 1746
 1848 2017]",0.011984550421060247,50.935978749761624,3.497760348530398
2260,20,27,0,"[   0   20   40   54  130  183  241  312  370  459  491  513  537  548
  567  722  728  765  796  825  906  965 1052 1109 1211 1276 1416 1494
 1517 1558 1680 1741 1746 1873 1915 1942 2017]",0.009926912300794498,50.59031756952216,3.6194908162516493
2261,20,27,20,"[   0   40  130  183  241  312  370  459  491  513  567  728  765  796
  825  906  965 1052 1109 1211 1276 1416 1494 1517 1558 1680 1746 1873
 1915 1942 2017]",0.009926912300794498,50.59031756952216,3.6194908162516493
2262,20,27,40,"[   0  130  183  241  312  370  491  567  728  825  906  965 1052 1109
 1211 1276 1416 1494 1558 1680 1746 1873 1942 2017]",0.009926912300794498,50.59031756952216,3.6194908162516493
2263,20,27,60,"[   0  130  241  370  491  567  728  825  906 1109 1211 1276 1416 1494
 1558 1680 1746 1873 1942 2017]",0.009926912300794498,50.59031756952216,3.6194908162516493
2264,20,28,0,"[   0   20   40   54  130  183  241  312  370  459  491  513  537  548
  722  728  765  838  851  906 1010 1052 1230 1275 1321 1416 1494 1517
 1558 1724 1748 1848 1873 2014 2017]",0.014189475401572746,51.406519080173865,3.5403872287999185
2265,20,28,20,"[   0   40  130  183  241  312  370  459  491  513  548  728  765  838
  906 1010 1052 1230 1275 1321 1416 1494 1517 1558 1724 1748 1848 1873
 2017]",0.014189475401572746,51.406519080173865,3.5403872287999185
2266,20,28,40,"[   0  130  183  241  312  370  491  548  728  838  906 1010 1052 1230
 1275 1321 1416 1494 1558 1748 1848 2017]",0.014189475401572746,51.406519080173865,3.5403872287999185
2267,20,28,60,"[   0  130  241  370  548  728  906 1052 1230 1321 1416 1494 1558 1748
 1848 2017]",0.014189475401572746,51.406519080173865,3.5403872287999185
2268,20,29,0,"[   0   34   39   54  130  197  232  370  459  513  531  548  575  615
  720  722  728  765  796  838 1010 1037 1168 1203 1276 1321 1416 1494
 1517 1558 1724 1748 1848 1873 2017]",0.010231209251571765,51.62240143134762,3.4397541005461227
2269,20,29,20,"[   0   54  130  197  232  370  459  531  575  615  728  765  796  838
 1010 1037 1168 1203 1276 1321 1416 1494 1517 1558 1724 1748 1848 1873
 2017]",0.010231209251571765,51.62240143134762,3.4397541005461227
2270,20,29,40,"[   0   54  130  197  370  459  531  615  765  838 1037 1168 1276 1321
 1416 1494 1558 1748 1848 2017]",0.010231209251571765,51.62240143134762,3.4397541005461227
2271,20,29,60,"[   0  130  197  370  459  531  615  765  838 1037 1168 1276 1416 1494
 1558 1748 1848 2017]",0.010231209251571765,51.62240143134762,3.4397541005461227
2272,20,30,0,"[   0   34   39   54  130  197  232  370  459  513  531  548  722  728
  765  851  906 1010 1037 1168 1203 1276 1321 1416 1494 1517 1558 1724
 1748 1809 1847 2017]",0.01412584738619264,51.97871837995067,3.430437887820279
2273,20,30,20,"[   0   54  130  197  370  459  531  728  765  851  906 1010 1037 1168
 1203 1276 1321 1416 1494 1558 1724 1748 1809 1847 2017]",0.01412584738619264,51.97871837995067,3.430437887820279
2274,20,30,40,"[   0   54  130  197  370  459  531  728  851  906 1037 1168 1276 1321
 1416 1494 1558 1748 1847 2017]",0.01412584738619264,51.97871837995067,3.430437887820279
2275,20,30,60,"[   0  130  197  370  459  531  728  906 1037 1168 1276 1416 1494 1558
 1748 1847 2017]",0.01412584738619264,51.97871837995067,3.430437887820279
2276,20,31,0,"[   0   34   39   54  130  162  167  198  370  459  491  548  722  728
  765  856  906  932 1052 1168 1203 1416 1494 1517 1558 1724 1748 1809
 1847 2017]",0.019057229664033157,51.968857840070115,3.17082693266575
2277,20,31,20,"[   0   54  130  162  198  370  459  491  548  728  765  856  906  932
 1052 1168 1203 1416 1494 1558 1724 1748 1809 1847 2017]",0.019057229664033157,51.968857840070115,3.17082693266575
2278,20,31,40,"[   0   54  198  370  491  548  728  856  906 1052 1203 1416 1494 1558
 1748 1847 2017]",0.019057229664033157,51.968857840070115,3.17082693266575
2279,20,31,60,[   0  198  370  548  728  906 1052 1203 1494 1558 1748 1847 2017],0.019057229664033157,51.968857840070115,3.17082693266575
2280,20,32,0,"[   0   34   39   54  130  162  167  367  459  491  548  575  728  765
  844  906 1052 1168 1203 1416 1494 1558 1724 1748 1809 1847 2017]",0.012233767163185907,51.9519890032846,3.3746700662357574
2281,20,32,20,"[   0   54  167  367  459  491  548  575  728  765  844  906 1052 1168
 1203 1416 1494 1558 1724 1748 1809 1847 2017]",0.012233767163185907,51.9519890032846,3.3746700662357574
2282,20,32,40,"[   0   54  167  367  491  548  728  906 1052 1203 1416 1494 1558 1748
 1847 2017]",0.012233767163185907,51.9519890032846,3.3746700662357574
2283,20,32,60,[   0  167  367  548  728  906 1052 1203 1494 1558 1748 1847 2017],0.012233767163185907,51.9519890032846,3.3746700662357574
2284,20,33,0,"[   0   34   39   54  167  241  312  370  498  531  548  722  728  765
  788  838  844 1052 1168 1193 1203 1416 1494 1517 1558 1724 1748 1809
 1847 2017]",0.009891440516510887,51.981573223873,3.366608315412943
2285,20,33,20,"[   0   54  167  241  312  370  498  531  728  765  788  838 1052 1168
 1203 1416 1494 1558 1724 1748 1809 1847 2017]",0.009891440516510887,51.981573223873,3.366608315412943
2286,20,33,40,[   0   54  167  370  531  728  838 1052 1203 1494 1558 1748 1847 2017],0.009891440516510887,51.981573223873,3.366608315412943
2287,20,33,60,[   0  167  370  531  728 1052 1203 1494 1558 1748 1847 2017],0.009891440516510887,51.981573223873,3.366608315412943
2288,20,34,0,"[   0   34   39   54  167  198  312  332  370  446  513  531  537  548
  722  728  765  788  838  844 1052 1109 1193 1275 1321 1416 1494 1517
 1558 1724 1748 1809 1847 2017]",0.017381996625111182,52.52690732479337,3.289993475951037
2289,20,34,20,"[   0   54  167  198  312  370  446  531  728  765  788  838 1052 1109
 1193 1275 1321 1416 1494 1558 1724 1748 1809 1847 2017]",0.017381996625111182,52.52690732479337,3.289993475951037
2290,20,34,40,"[   0   54  198  312  370  446  531  728  838 1052 1109 1193 1275 1321
 1416 1494 1558 1748 1847 2017]",0.017381996625111182,52.52690732479337,3.289993475951037
2291,20,34,60,"[   0  198  370  446  531  728  838 1052 1193 1275 1416 1494 1558 1748
 1847 2017]",0.017381996625111182,52.52690732479337,3.289993475951037
2292,20,35,0,"[   0   20   40  167  198  312  332  370  446  513  531  537  548  722
  728  765  788  838  844 1052 1109 1193 1203 1416 1493 1558 1724 1748
 1809 1848 1873 2017]",0.015573463888764395,52.52786265228445,3.427353641386346
2293,20,35,20,"[   0   40  167  198  312  370  446  531  728  765  788  838 1052 1109
 1203 1416 1493 1558 1724 1748 1809 1848 1873 2017]",0.015573463888764395,52.52786265228445,3.427353641386346
2294,20,35,40,"[   0  198  370  446  531  728  838 1052 1109 1203 1416 1493 1558 1748
 1848 2017]",0.015573463888764395,52.52786265228445,3.427353641386346
2295,20,35,60,[   0  198  370  446  531  728  838 1052 1203 1493 1558 1748 1848 2017],0.015573463888764395,52.52786265228445,3.427353641386346
2296,20,36,0,"[   0   34   39   54  167  198  229  332  370  446  513  531  537  548
  722  728  765  838  844  906  992 1037 1052 1242 1275 1321 1416 1485
 1493 1558 1724 1748 1848 1873 2017]",0.019747082999590233,52.579137084431736,3.3774040643398195
2297,20,36,20,"[   0   54  167  198  332  370  446  531  728  765  838  906  992 1052
 1242 1275 1321 1416 1493 1558 1724 1748 1848 1873 2017]",0.019747082999590233,52.579137084431736,3.3774040643398195
2298,20,36,40,"[   0   54  167  229  370  446  531  728  838  906  992 1052 1242 1321
 1416 1493 1558 1748 1848 2017]",0.019747082999590233,52.579137084431736,3.3774040643398195
2299,20,36,60,"[   0  167  229  370  446  531  728  838  906 1052 1242 1321 1416 1493
 1558 1748 1848 2017]",0.019747082999590233,52.579137084431736,3.3774040643398195
2300,20,37,0,"[   0   20   40  167  171  241  312  370  446  513  537  548  667  722
  728  765  796  838 1014 1046 1275 1320 1416 1485 1493 1558 1724 1748
 1848 1873 2017]",0.008988832309906542,51.71248489223089,3.5181207279616955
2301,20,37,20,"[   0   40  167  241  312  370  446  513  548  667  728  765  796  838
 1014 1046 1275 1320 1416 1493 1558 1724 1748 1848 1873 2017]",0.008988832309906542,51.71248489223089,3.5181207279616955
2302,20,37,40,"[   0  167  241  370  446  548  667  765  838 1046 1275 1320 1416 1493
 1558 1748 1848 2017]",0.008988832309906542,51.71248489223089,3.5181207279616955
2303,20,37,60,"[   0  167  370  446  548  667  765  838 1046 1275 1416 1493 1558 1748
 1848 2017]",0.008988832309906542,51.71248489223089,3.5181207279616955
2304,20,38,0,"[   0   20   40  167  171  241  312  370  446  513  537  548  722  728
  765  769  838  906 1052 1109 1159 1321 1416 1485 1493 1558 1724 1748
 1809 1848 1873 1888 1939 2017]",0.015508535841035401,52.99395494778471,3.407166700031867
2305,20,38,20,"[   0   40  167  241  312  370  446  513  548  728  769  838  906 1052
 1109 1159 1321 1416 1493 1558 1724 1748 1809 1848 1888 1939 2017]",0.015508535841035401,52.99395494778471,3.407166700031867
2306,20,38,40,"[   0  167  241  370  446  548  728  769  838  906 1052 1109 1159 1321
 1416 1493 1558 1748 1848 1939 2017]",0.015508535841035401,52.99395494778471,3.407166700031867
2307,20,38,60,"[   0  167  241  370  446  548  728  838  906 1052 1159 1321 1416 1493
 1558 1748 1848 1939 2017]",0.015508535841035401,52.99395494778471,3.407166700031867
2308,20,39,0,"[   0   20   40  167  198  229  332  370  437  498  537  548  722  728
  765  769  838  906 1052 1109 1159 1321 1416 1485 1493 1558 1724 1748
 1809 1848 1873 1888 1939 1995 2017]",0.01802745025753331,53.14412349866953,3.3709925802455416
2309,20,39,20,"[   0   40  167  198  332  370  437  498  548  728  769  838  906 1052
 1109 1159 1321 1416 1493 1558 1724 1748 1809 1848 1888 1939 1995 2017]",0.01802745025753331,53.14412349866953,3.3709925802455416
2310,20,39,40,"[   0  167  229  370  437  498  548  728  769  838  906 1052 1109 1159
 1321 1416 1493 1558 1748 1848 1939 2017]",0.01802745025753331,53.14412349866953,3.3709925802455416
2311,20,39,60,"[   0  167  229  370  437  548  728  838  906 1052 1159 1321 1416 1493
 1558 1748 1848 1939 2017]",0.01802745025753331,53.14412349866953,3.3709925802455416
2312,20,40,0,"[   0   23   40  167  198  229  332  370  437  498  537  548  722  728
  765  769  838  906  957  999 1052 1109 1159 1321 1416 1487 1558 1603
 1724 1748 1809 1848 1873 1888 1939 1995 2017]",0.020479962936002696,53.22170342064111,3.4423279605092985
2313,20,40,20,"[   0   40  167  198  332  370  437  498  548  728  769  838  906  957
  999 1052 1109 1159 1321 1416 1487 1558 1603 1724 1748 1809 1848 1888
 1939 1995 2017]",0.020479962936002696,53.22170342064111,3.4423279605092985
2314,20,40,40,"[   0  167  229  370  437  498  548  728  769  838  906  957  999 1052
 1109 1159 1321 1416 1487 1558 1603 1748 1848 1939 2017]",0.020479962936002696,53.22170342064111,3.4423279605092985
2315,20,40,60,"[   0  167  229  370  437  548  728  838  906 1052 1159 1321 1416 1487
 1603 1748 1848 1939 2017]",0.020479962936002696,53.22170342064111,3.4423279605092985
2316,20,41,0,"[   0   20  101  167  198  229  370  437  471  498  537  548  722  728
  765  838  925  957  999 1052 1109 1159 1321 1350 1370 1416 1487 1558
 1603 1724 1748 1809 1848 1873 2017]",0.021291896175618184,53.192159070640464,3.437445448303565
2317,20,41,20,"[   0  101  167  198  229  370  437  471  498  548  728  765  838  925
  957  999 1052 1109 1159 1321 1370 1416 1487 1558 1603 1724 1748 1809
 1848 1873 2017]",0.021291896175618184,53.192159070640464,3.437445448303565
2318,20,41,40,"[   0  101  167  229  370  437  498  548  728  838  925  999 1052 1109
 1159 1321 1370 1416 1487 1558 1603 1748 1848 2017]",0.021291896175618184,53.192159070640464,3.437445448303565
2319,20,41,60,"[   0  101  167  229  370  437  548  728  838  925 1052 1159 1321 1487
 1603 1748 1848 2017]",0.021291896175618184,53.192159070640464,3.437445448303565
2320,20,42,0,"[   0   20   54  101  167  229  241  300  370  471  513  535  548  572
  722  728  765  838  925  957  999 1052 1109 1159 1321 1382 1416 1558
 1746 1773 1809 1848 1873 2017]",0.014037559279290693,53.302186891827766,3.477771633728312
2321,20,42,20,"[   0   54  101  167  241  300  370  471  513  548  572  728  765  838
  925  957  999 1052 1109 1159 1321 1382 1416 1558 1746 1809 1848 1873
 2017]",0.014037559279290693,53.302186891827766,3.477771633728312
2322,20,42,40,"[   0   54  167  241  370  471  513  572  728  838  925  999 1052 1109
 1159 1321 1382 1558 1746 1848 2017]",0.014037559279290693,53.302186891827766,3.477771633728312
2323,20,42,60,[   0  167  370  513  728  925 1052 1159 1321 1382 1558 1746 1848 2017],0.014037559279290693,53.302186891827766,3.477771633728312
2324,20,43,0,"[   0   20   54  101  167  198  229  241  300  370  437  471  513  535
  548  572  722  728  765  838  925 1037 1052 1109 1159 1321 1382 1416
 1558 1603 1746 1773 1809 1848 1873 2017]",0.018912382879830637,54.103215772544075,3.518767993556531
2325,20,43,20,"[   0   54  101  167  198  300  370  437  513  548  572  728  765  838
  925 1052 1109 1159 1321 1382 1416 1558 1603 1746 1809 1848 1873 2017]",0.018912382879830637,54.103215772544075,3.518767993556531
2326,20,43,40,"[   0   54  167  241  370  437  513  572  728  838  925 1052 1109 1159
 1321 1382 1558 1603 1746 1848 2017]",0.018912382879830637,54.103215772544075,3.518767993556531
2327,20,43,60,"[   0  167  241  370  437  513  728  838  925 1052 1159 1321 1382 1603
 1746 1848 2017]",0.018912382879830637,54.103215772544075,3.518767993556531
2328,20,44,0,"[   0   20   54  101  167  229  241  300  370  471  513  535  548  572
  667  720  728  765  796  838 1052 1109 1159 1321 1382 1416 1558 1603
 1746 1773 1809 1848 1873 2017]",0.012071546477344212,53.835501614499854,3.4190974643115988
2329,20,44,20,"[   0   54  101  167  241  300  370  471  513  548  572  667  728  765
  796  838 1052 1109 1159 1321 1382 1416 1558 1603 1746 1809 1848 1873
 2017]",0.012071546477344212,53.835501614499854,3.4190974643115988
2330,20,44,40,"[   0   54  167  241  370  471  513  572  667  765  838 1052 1109 1159
 1321 1382 1558 1603 1746 1848 2017]",0.012071546477344212,53.835501614499854,3.4190974643115988
2331,20,44,60,"[   0  167  370  513  667  765  838 1052 1159 1321 1382 1603 1746 1848
 2017]",0.012071546477344212,53.835501614499854,3.4190974643115988
2332,20,45,0,"[   0   20  101  197  236  241  370  453  456  513  531  537  722  728
  765  769  838  906 1052 1109 1159 1282 1321 1382 1416 1558 1603 1746
 1773 1809 1848 1873 2014 2017]",0.018133029344304556,54.94055379553187,3.532245481226913
2333,20,45,20,"[   0  101  197  370  456  531  728  769  838  906 1052 1109 1159 1282
 1321 1382 1416 1558 1603 1746 1809 1848 1873 2017]",0.018133029344304556,54.94055379553187,3.532245481226913
2334,20,45,40,"[   0  101  197  370  456  531  728  769  838  906 1052 1109 1159 1321
 1382 1558 1603 1746 1848 2017]",0.018133029344304556,54.94055379553187,3.532245481226913
2335,20,45,60,"[   0  101  197  370  456  531  728  838  906 1052 1159 1321 1382 1603
 1746 1848 2017]",0.018133029344304556,54.94055379553187,3.532245481226913
2336,20,46,0,"[   0   20  101  157  198  295  345  370  453  456  513  531  537  722
  728  765  769  838  906 1052 1109 1159 1317 1382 1464 1558 1746 1773
 1809 1848 1857 1873 1990 2014 2017]",0.016620199821203486,55.711866936674504,3.4589615479554268
2337,20,46,20,"[   0  101  157  198  295  345  370  456  531  728  769  838  906 1052
 1109 1159 1317 1382 1464 1558 1746 1809 1848 1873 1990 2017]",0.016620199821203486,55.711866936674504,3.4589615479554268
2338,20,46,40,"[   0  157  198  295  345  456  531  728  769  838  906 1052 1109 1159
 1317 1382 1464 1558 1746 1848 2017]",0.016620199821203486,55.711866936674504,3.4589615479554268
2339,20,46,60,"[   0  101  198  345  456  531  728  838  906 1052 1159 1317 1382 1464
 1558 1746 1848 2017]",0.016620199821203486,55.711866936674504,3.4589615479554268
2340,20,47,0,"[   0   20  101  184  345  370  453  513  537  548  722  728  765  769
  838  906 1052 1109 1159 1317 1350 1370 1382 1464 1558 1746 1773 1809
 1848 1857 1873 1990 2014 2017]",0.01786084478591355,55.52565792895289,3.396828679051108
2341,20,47,20,"[   0  101  184  345  370  453  513  548  728  769  838  906 1052 1109
 1159 1317 1350 1382 1464 1558 1746 1809 1848 1873 1990 2017]",0.01786084478591355,55.52565792895289,3.396828679051108
2342,20,47,40,"[   0  101  184  345  453  548  728  769  838  906 1052 1109 1159 1317
 1382 1464 1558 1746 1848 2017]",0.01786084478591355,55.52565792895289,3.396828679051108
2343,20,47,60,"[   0  101  184  345  453  548  728  838  906 1052 1159 1317 1382 1464
 1558 1746 1848 2017]",0.01786084478591355,55.52565792895289,3.396828679051108
2344,20,48,0,"[   0   20   53  101  198  345  370  403  453  513  537  548  722  728
  765  769  838  906 1052 1109 1159 1276 1320 1382 1464 1558 1746 1773
 1809 1848 1873 2017]",0.014683761260083791,55.31172381703115,3.487332055337754
2345,20,48,20,"[   0   53  101  198  345  370  403  453  513  548  728  769  838  906
 1052 1109 1159 1276 1320 1382 1464 1558 1746 1809 1848 1873 2017]",0.014683761260083791,55.31172381703115,3.487332055337754
2346,20,48,40,"[   0   53  198  345  403  453  548  728  769  838  906 1052 1109 1159
 1276 1320 1382 1464 1558 1746 1848 2017]",0.014683761260083791,55.31172381703115,3.487332055337754
2347,20,48,60,"[   0  198  345  453  548  728  906 1052 1276 1382 1464 1558 1746 1848
 2017]",0.014683761260083791,55.31172381703115,3.487332055337754
2348,20,49,0,"[   0   20  101  198  370  403  453  513  537  548  722  728  765  769
  838  906 1052 1109 1159 1317 1350 1370 1464 1494 1545 1558 1746 1773
 1809 1848 1873 2017]",0.018002116861474918,54.84934841403146,3.4246032635853942
2349,20,49,20,"[   0  101  198  370  403  453  513  548  728  769  838  906 1052 1109
 1159 1317 1370 1464 1494 1558 1746 1809 1848 1873 2017]",0.018002116861474918,54.84934841403146,3.4246032635853942
2350,20,49,40,"[   0  101  198  370  453  548  728  769  838  906 1052 1109 1159 1317
 1370 1494 1558 1746 1848 2017]",0.018002116861474918,54.84934841403146,3.4246032635853942
2351,20,49,60,"[   0  101  198  370  453  548  728  838  906 1052 1159 1317 1494 1558
 1746 1848 2017]",0.018002116861474918,54.84934841403146,3.4246032635853942
2352,20,50,0,"[   0   20  101  197  345  370  415  446  513  537  548  722  728  765
  769  838  906 1052 1109 1159 1317 1350 1370 1382 1464 1545 1558 1603
 1748 1809 1847 1873 1990 2014 2017]",0.020409890191872643,55.61579536060355,3.36724303022347
2353,20,50,20,"[   0  101  197  345  370  446  513  548  728  769  838  906 1052 1109
 1159 1317 1350 1382 1464 1545 1603 1748 1809 1847 1873 1990 2017]",0.020409890191872643,55.61579536060355,3.36724303022347
2354,20,50,40,"[   0  101  197  345  415  548  728  769  838  906 1052 1109 1159 1317
 1382 1464 1545 1603 1748 1847 2017]",0.020409890191872643,55.61579536060355,3.36724303022347
2355,20,50,60,"[   0  101  197  345  415  548  728  838  906 1052 1159 1317 1382 1464
 1603 1748 1847 2017]",0.020409890191872643,55.61579536060355,3.36724303022347
