,Silh,Cal-Har,Dav-Bold,Ward,Centr
0,0.10371799309074785,26.7674482770153,2.3490930861715236,7.49978858923078,0.39136538510835944
1,0.13225067844697588,40.10424776266408,1.7422570613853505,9.525352399608117,0.49112229363833393
2,0.09265343005079343,32.70445616698803,2.024236485234953,10.810055161858829,0.47184151882449793
3,0.07118421815091666,28.91699735404486,2.905956850085152,10.387748300385343,0.3560168362103203
4,0.16717000209589178,65.18231326709072,1.6090288488646514,29.522684623269914,0.7069489906692081
5,0.1174928967256576,43.404431344693045,2.153204128290987,18.452991974720753,0.5192354015550779
6,0.048974570976690744,28.29162924523692,2.7052052544878307,8.38493415328706,0.33714206930414975
7,0.2682758005212653,86.15475633713059,1.2882183855112521,27.174696953902895,0.7724740787763468
8,0.18564938374376758,47.43625676671187,1.4295797410788424,17.357801441196273,0.6992511374843337
