,St_len_min,K_nb_max,N_cl_max,Cl_cen,Len_min,St_edges,N_stages,Longest_stage,Shortest_stage,Avg_stage_length,Ward_dist,Cen_dist,Silh,Cal-Har,Dav-Bold,Avg-Silh,Avg-Cal-Har,Avg-Dav-Bold
0,0,35,10,Median,40,[   0  532 1257 2017],3,760,532,672.3333333333334,189979.76070552383,22.965936002864815,0.11809851049990241,386.33583945469167,2.244530087902788,0.21510824150310465,392.7895234067568,1.8909698176365504
1,0,35,10,Mode,40,[   0  722 1114 2017],3,903,392,672.3333333333334,118979.51312188075,20.476806953947033,0.07605134286985368,220.7335571959405,2.6062586329832276,0.17581734246689407,226.46446860987197,2.0835241914364384
2,0,35,10,Median,40,[   0  520 1156 2017],3,861,520,672.3333333333334,187938.2733626143,23.354653718958808,0.12620139343626757,383.1668259087276,2.3200243847666377,0.22498556787033835,390.65296647199494,1.9331462991024855
3,0,35,10,Mode,40,[   0  722 1114 1746 2017],4,722,271,504.25,87279.47247958985,17.879765018442228,0.015991933847717146,174.396094359394,2.593571343637862,0.1327616641452875,174.21647839585998,2.2514158866030383
4,0,35,10,Median,40,[   0  494  742 1168 1761 2017],5,593,248,403.4,57272.01833385563,16.362939747980082,0.05541362017797666,225.98589595502986,2.925533031275708,0.14354696161367253,131.86943344103042,2.629804589603587
5,0,35,10,Mode,40,[   0  415  722 1114 1746 2017],5,632,271,403.4,63625.51716756957,17.732812222832287,0.05951551723115395,222.82421998898738,2.520521871295926,0.14583831528445254,141.12206585587805,2.262464960261877
6,0,35,10,Median,40,[   0  372  547  742 1168 1761 2017],6,593,175,336.1666666666667,36534.20024903341,15.716944927422015,0.0478050425468499,204.31247464027516,2.9831612001139654,0.13337198201077982,86.4190149769504,2.659490717928289
7,0,35,10,Mode,40,[   0  415  572  722 1114 1746 2017],6,632,150,336.1666666666667,35443.210077584576,16.29587394464078,0.0578204286047261,206.03103057630804,2.5629162498983677,0.13649512120217613,84.61150118255429,2.4136130429254825
8,0,35,10,Median,40,[   0  372  547  742 1114 1288 1761 2017],7,473,174,288.14285714285717,31845.79125644683,15.887407837552958,0.04327104456363336,188.85101158657864,3.0495474542980836,0.1403042586275802,76.66956340953374,2.5969788076380818
9,0,35,10,Mode,40,[   0  415  572  722 1114 1377 1746 2017],7,415,150,288.14285714285717,26838.735315724512,14.76556083497819,0.040950402549674046,183.2171946628599,2.8672566418333507,0.12530637106865009,64.11898258579795,2.7037470410395663
10,0,35,10,Median,40,[   0  372  547  742 1114 1288 1761 2017],7,473,174,288.14285714285717,31845.79125644683,15.887407837552958,0.04327104456363336,188.85101158657864,3.0495474542980836,0.1403042586275802,76.66956340953374,2.5969788076380818
11,0,35,10,Mode,40,[   0  201  415  572  722 1114 1377 1746 2017],8,392,150,252.125,21191.28901730294,13.360596801689068,-0.009880437301161333,161.29425813998802,3.143656585097963,0.10119879200283922,49.742186225419665,2.8630607211227184
12,0,35,10,Median,40,[   0  201  372  547  722  838 1114 1288 1761 2017],9,473,116,224.11111111111111,22901.093277601285,14.490213179702588,-0.007962136302134208,152.3303932732176,3.3190484976781978,0.11047226672427723,54.53755033116613,2.715797908931501
13,0,35,10,Mode,40,[   0  201  415  572  722  838 1114 1377 1746 2017],9,369,116,224.11111111111111,19868.138759472793,13.674947074069884,-0.012181863914614724,146.10659906097302,3.26794477507901,0.10041552899405518,46.617120538178355,2.816543654040408
14,0,35,10,Median,40,[   0  201  372  547  722  838 1108 1187 1288 1761 2017],10,473,79,201.7,18076.464127594052,14.291883289257505,-0.017809105522844145,139.92864840612842,3.312231005140378,0.10970984621175224,41.90836243167108,2.7604333057291965
15,0,35,10,Mode,40,[   0  201  415  572  722  838 1114 1156 1377 1746 2017],10,369,42,201.7,17397.297624708037,15.288567020897753,-0.012940248327586229,137.39843923116413,3.2900690956087795,0.12593074049103506,41.182512253055506,2.6927977089641373
16,0,35,10,Median,40,[   0  201  372  494  550  722  838 1108 1187 1288 1761 2017],11,473,56,183.36363636363637,12364.457098461176,13.284645302458841,-0.01775115607253471,129.35737332645564,3.33397295602412,0.0987555286614734,30.903839743266815,2.8816074808303016
17,0,35,10,Mode,40,[   0  201  415  494  572  722  838 1114 1156 1377 1746 2017],11,369,42,183.36363636363637,13553.858234908426,14.84596125109538,-0.012905527706216648,128.29598092867818,3.267665980925513,0.12097905643786182,33.89740262982252,2.7216170425970416
18,0,35,10,Median,40,[   0  201  372  494  550  722  838 1108 1187 1322 1761 2017],11,439,56,183.36363636363637,12623.952648997463,13.31300377766263,-0.018459678720399633,129.9051701698956,3.354423196847671,0.10022368846140473,31.779220918075104,2.8895757229286074
19,0,35,10,Mode,40,[   0  201  415  494  572  722  838 1114 1156 1259 1377 1746 2017],12,369,42,168.08333333333334,12079.186629821028,14.148485033673033,-0.0178322577957757,120.43519073875447,3.2969288074682375,0.11436794561683943,30.442153091619844,2.775797881707836
20,0,35,10,Median,40,[   0   54  201  372  494  550  722  838 1108 1187 1275 1377 1761 2017],13,384,54,155.15384615384616,11013.044844520386,12.856392605843908,-0.04262645423601749,111.53131423014183,3.2444522553987336,0.09397022314615966,28.812727258472943,2.8430287126384317
21,0,35,10,Mode,40,[   0   54  201  415  494  572  722  838 1114 1156 1259 1377 1746 2017],13,369,42,155.15384615384616,11260.285755384766,13.704206814429881,-0.03518691743457665,111.41359107738225,3.246990023760946,0.10792068525062942,28.89681545632962,2.7807668940872996
22,0,35,10,Median,40,[   0   54  201  372  505  558  722  838 1108 1187 1322 1746 1819 2017],13,424,53,155.15384615384616,11619.354904238773,13.419174205912952,-0.07889405063276698,113.40803978291555,3.1351390159136745,0.08439519776880433,31.21083202310741,2.61111002417142
23,0,35,10,Mode,40,"[   0   54  201  415  494  572  722  838 1114 1156 1259 1377 1746 1819
 2017]",14,369,42,144.07142857142858,10819.941864858589,13.906793481869803,-0.08207727217844413,106.56441749457069,3.1309698708443237,0.09885194210116119,28.97230299314396,2.6036706411674304
24,0,35,10,Median,40,"[   0   54  201  372  494  550  722  838 1040 1112 1187 1322 1746 1819
 2017]",14,424,54,144.07142857142858,9355.751179818748,12.664672067743725,-0.08255312035647423,107.26006158397001,3.190106481550426,0.07998466230024143,25.952280617360604,2.7392066000508186
25,0,35,10,Mode,40,"[   0   54  201  415  494  572  722  838 1040 1114 1156 1259 1377 1746
 1819 2017]",15,369,42,134.46666666666667,9357.266275120988,13.174059958025564,-0.08538206434299418,101.26508279539321,3.1820921329281404,0.091756274941842,25.457008904833295,2.6931485809168083
26,0,35,10,Median,40,"[   0   54  201  372  415  505  558  722  838 1040 1112 1187 1322 1746
 1819 2017]",15,424,43,134.46666666666667,8095.361837244721,12.282498541900157,-0.08471866719187744,101.1586151261221,3.28237685307712,0.07122458001208488,22.396707671335868,2.8453418373030623
27,0,35,10,Mode,40,"[   0   54  201  372  415  494  572  722  838 1040 1114 1156 1259 1377
 1746 1819 2017]",16,369,42,126.0625,7853.699287487415,12.381305120719938,-0.08735934803325449,95.18572262005453,3.3512087922568146,0.07993582454040823,21.26194404459868,2.877443607233573
28,0,35,15,Median,40,[   0  547 1259 2017],3,758,547,672.3333333333334,187431.17735091533,22.815015630347215,0.11535253530148212,377.7930558750712,2.249596935144598,0.21298741113350558,385.62895484731797,1.8946459014420018
29,0,35,15,Mode,40,[   0  722 1746 2017],3,1024,271,672.3333333333334,103057.93824077507,16.709927222982838,0.019647904691389006,203.15927812916362,2.387876300781363,0.10404470121390447,203.9845291490779,2.3159751567787064
30,0,35,15,Median,40,[   0  547 1168 2017],3,849,547,672.3333333333334,188063.54649436602,23.392709027948563,0.12320879934370076,375.64767101580907,2.274852268709223,0.22518315303573627,387.97515663147374,1.8896957805580727
31,0,35,15,Mode,40,[   0  722 1114 1746 2017],4,722,271,504.25,87279.47247958985,17.879765018442228,0.015991933847717146,174.396094359394,2.593571343637862,0.1327616641452875,174.21647839585998,2.2514158866030383
32,0,35,15,Median,40,[   0  486  776 1168 1761 2017],5,593,256,403.4,59804.12677484697,15.9196267911191,0.05202946853699135,218.17621676020707,3.3471272896635407,0.1390821322165265,135.03521954793027,2.8728649389805487
33,0,35,15,Mode,40,[   0  372  722 1114 1746 2017],5,632,271,403.4,64204.734102375296,17.692543262548885,0.05047669269303944,213.07180546079127,2.5707184603478956,0.13775941391578672,138.28886557310597,2.242753085890973
34,0,35,15,Median,40,[   0  372  532  776 1168 1761 2017],6,593,160,336.1666666666667,37337.17732102955,15.69217093749595,0.04522567261251569,202.74716879919953,3.4343545108168763,0.13596890117586477,87.78704333995532,2.9074359230296705
35,0,35,15,Mode,40,[   0  372  572  722 1114 1746 2017],6,632,150,336.1666666666667,37863.10894976319,16.428123814615784,0.05189654377271809,206.33940538404983,2.560961000048843,0.13477910868204207,89.39598885963929,2.3920348987923417
36,0,35,15,Median,40,[   0  372  532 1114 1288 1761 2017],6,582,160,336.1666666666667,45048.60849590045,17.758786378438785,0.04584105885766478,218.71661324703075,2.612339364975514,0.1640225770486082,104.97982651856357,2.27968711539613
37,0,35,15,Mode,40,[   0  372  572  722 1114 1377 1746 2017],7,392,150,288.14285714285717,28855.317709206694,14.875769059957364,0.03551066242854862,183.48595655430395,2.8715243260082075,0.12387636063520506,68.10605565003544,2.685765254261949
38,0,35,15,Median,40,[   0  372  532 1114 1288 1761 2017],6,582,160,336.1666666666667,45048.60849590045,17.758786378438785,0.04584105885766478,218.71661324703075,2.612339364975514,0.1640225770486082,104.97982651856357,2.27968711539613
39,0,35,15,Mode,40,[   0  201  372  572  722 1114 1377 1746 2017],8,392,150,252.125,22162.48558630561,13.30615780648155,-0.014296899988956835,159.98215519062558,3.2757389183561036,0.09766543836355447,50.8407689770407,2.919556468573398
40,0,35,15,Median,40,[   0  201  372  532  722  838 1114 1288 1761 2017],9,473,116,224.11111111111111,23241.819278477982,14.57658506105623,-0.006465374511152033,154.32867926679052,3.3131368674663233,0.11256160191880216,55.6094048154653,2.7089860973485154
41,0,35,15,Mode,40,[   0  201  372  572  722  838 1114 1377 1746 2017],9,369,116,224.11111111111111,20717.935757350133,13.627312953263306,-0.01661606678666303,144.9294062852057,3.3853512935306904,0.09732384455968102,47.578380445846776,2.8659774330597525
42,0,35,15,Median,40,[   0  201  372  532  722  838 1108 1187 1288 1761 2017],10,473,79,201.7,18379.331683928893,14.368658294905186,-0.01634587515150798,141.74991983973982,3.305335860857226,0.11156703305132996,42.86112197327034,2.7543783620998763
43,0,35,15,Mode,40,[   0  201  372  572  722  838 1114 1190 1377 1746 2017],10,369,76,201.7,19234.239835745546,14.639963568877931,-0.015025131372198575,138.82563269753598,3.60156016704313,0.11637916392759141,44.62726503544533,2.8828160485832544
44,0,35,15,Median,40,[   0  201  372  494  550  722  838 1108 1190 1318 1761 2017],11,443,56,183.36363636363637,12590.072503073434,13.255419313938148,-0.018508921968140843,129.7513113471278,3.3569209223184373,0.09902548931074819,31.60926421530607,2.8976848245072286
45,0,35,15,Mode,40,[   0  201  372  494  572  722  838 1114 1190 1377 1746 2017],11,369,76,183.36363636363637,14179.804510327998,13.829790434013507,-0.01342849195561971,129.9413536454811,3.5638825209626877,0.10690028282178221,35.07163311507259,2.938202836698509
46,0,35,15,Median,40,[   0  201  372  532  722  838 1108 1187 1322 1746 1819 2017],11,424,73,183.36363636363637,17595.795838049817,14.720382243898396,-0.063930125913747,132.87363890412385,3.175461478732728,0.10119901151491853,43.24064043158905,2.496890790154745
47,0,35,15,Mode,40,[   0  201  372  572  722  838 1114 1190 1259 1377 1746 1819 2017],12,369,69,168.08333333333334,15524.497661072477,14.113689541248608,-0.07195643579571064,119.75460884352934,3.323894195690802,0.09515519329225172,37.564450433241035,2.6501016494141973
48,0,35,15,Median,40,[   0   54  201  372  494  550  722  838 1108 1190 1318 1746 1819 2017],13,428,54,155.15384615384616,11364.13214440247,13.249672723473708,-0.07860629971575889,113.15615594336357,3.156703443484017,0.08539502647481167,30.604192751489393,2.653696895043988
49,0,35,15,Mode,40,[   0   54  201  372  494  572  722  838 1114 1190 1377 1746 1819 2017],13,369,54,155.15384615384616,12502.117234020618,13.627709624299243,-0.07497961279623593,113.25401102410989,3.3292265212264223,0.09177616164774167,32.869956006962326,2.716614356245969
50,0,35,15,Median,40,[   0   54  201  372  494  550  722  838 1108 1187 1322 1746 1819 2017],13,424,54,155.15384615384616,11406.674228014403,13.302427372477725,-0.07839651269946342,113.2893950537492,3.1542268720137514,0.08647718262912381,30.79497429058596,2.644533812732426
51,0,35,15,Mode,40,"[   0   54  201  372  494  572  722  838 1114 1190 1259 1377 1746 1819
 2017]",14,369,54,144.07142857142858,10934.685183060792,13.129661141098106,-0.08308006185011967,106.29892370519572,3.249798910989981,0.0854293512562926,28.932683699636552,2.7174331057791923
52,0,35,15,Median,40,"[   0   54  201  372  421  514  567  722  838 1108 1187 1322 1746 1819
 2017]",14,424,49,144.07142857142858,10079.768173897128,12.973482837508074,-0.07965540416535802,106.49784749142803,3.256724977130073,0.08157917496914707,27.10026678861989,2.7403080624526246
53,0,35,15,Mode,40,"[   0   54  201  372  415  494  572  722  838 1114 1190 1259 1377 1746
 1819 2017]",15,369,43,134.46666666666667,9427.867115192417,12.613860788875554,-0.08542756979824777,99.93979719214073,3.365509028645928,0.07852177441369426,24.87710207103435,2.859259925901735
54,0,35,15,Median,40,"[   0   54  201  372  421  514  567  722  838 1040 1114 1187 1322 1746
 1819 2017]",15,424,49,134.46666666666667,8344.551374416627,12.466109215588956,-0.0833103284871819,101.63466240561068,3.3038132902924944,0.07661124882213335,23.085975819486144,2.8116096429397492
55,0,35,15,Mode,40,"[   0   54  201  372  415  494  572  722  838 1040 1114 1190 1259 1377
 1746 1819 2017]",16,369,43,126.0625,7695.901627737099,12.049537366633157,-0.08872191535620191,95.4528233119883,3.3987774519869065,0.07278488936994645,20.825354470125436,2.93209317530638
56,0,35,20,Median,40,[   0  547 1273 2017],3,744,547,672.3333333333334,187621.95908435876,22.791330836361574,0.11551697595127908,380.54805469020084,2.221066251962213,0.2114430212961244,385.87677637953954,1.8828014330508887
57,0,35,20,Mode,40,[   0  722 1746 2017],3,1024,271,672.3333333333334,103057.93824077507,16.709927222982838,0.019647904691389006,203.15927812916362,2.387876300781363,0.10404470121390447,203.9845291490779,2.3159751567787064
58,0,35,20,Median,40,[   0  521 1115 1761 2017],4,646,256,504.25,124218.40840916337,19.38682821766154,0.06375952826491077,279.4304832948591,2.5033257884179054,0.16197235505172253,270.651024139727,2.22684685353033
59,0,35,20,Mode,40,[   0  722 1114 1746 2017],4,722,271,504.25,87279.47247958985,17.879765018442228,0.015991933847717146,174.396094359394,2.593571343637862,0.1327616641452875,174.21647839585998,2.2514158866030383
60,0,35,20,Median,40,[   0  466  776 1187 1761 2017],5,574,256,403.4,58237.955794783826,15.787932369177405,0.04773964351862811,209.89035479798935,3.1930896593723235,0.13723080777220115,128.4237494050402,2.8060531513151066
61,0,35,20,Mode,40,[   0  372  722 1114 1746 2017],5,632,271,403.4,64204.734102375296,17.692543262548885,0.05047669269303944,213.07180546079127,2.5707184603478956,0.13775941391578672,138.28886557310597,2.242753085890973
62,0,35,20,Median,40,[   0  346  523  776 1187 1761 2017],6,574,177,336.1666666666667,36727.879893027864,15.242910716351536,0.0398784977693228,201.19359912915755,3.432224817524389,0.1305290129574394,85.82313749007852,2.916266349805896
63,0,35,20,Mode,40,[   0  372  572  722 1114 1746 2017],6,632,150,336.1666666666667,37863.10894976319,16.428123814615784,0.05189654377271809,206.33940538404983,2.560961000048843,0.13477910868204207,89.39598885963929,2.3920348987923417
64,0,35,20,Median,40,[   0  346  523 1114 1318 1790 2017],6,591,177,336.1666666666667,45845.22875936048,17.184057053070116,0.04280521316119676,216.42559408631982,2.628606880948602,0.15477430833960276,106.18370712619836,2.3176230517157714
65,0,35,20,Mode,40,[   0  372  572  722 1114 1377 1746 2017],7,392,150,288.14285714285717,28855.317709206694,14.875769059957364,0.03551066242854862,183.48595655430395,2.8715243260082075,0.12387636063520506,68.10605565003544,2.685765254261949
66,0,35,20,Median,40,[   0  372  532 1114 1318 1790 2017],6,582,160,336.1666666666667,45399.38185020922,17.529049525203217,0.04656583615186598,218.31526648874362,2.5928557815794613,0.16026351056585034,106.02180382356316,2.294313232557087
67,0,35,20,Mode,40,[   0  201  372  572  722 1114 1377 1746 2017],8,392,150,252.125,22162.48558630561,13.30615780648155,-0.014296899988956835,159.98215519062558,3.2757389183561036,0.09766543836355447,50.8407689770407,2.919556468573398
68,0,35,20,Median,40,[   0  201  372  532  724  850 1114 1318 1790 2017],9,472,126,224.11111111111111,23856.80954032491,14.548721842895933,-0.005626416377367793,155.13819901257142,3.2805784885377443,0.11150642151738213,57.391940011425234,2.678695686299796
69,0,35,20,Mode,40,[   0  201  372  572  722  838 1114 1377 1746 2017],9,369,116,224.11111111111111,20717.935757350133,13.627312953263306,-0.01661606678666303,144.9294062852057,3.3853512935306904,0.09732384455968102,47.578380445846776,2.8659774330597525
70,0,35,20,Median,40,[   0  201  372  532  724  850 1108 1190 1321 1790 2017],10,469,82,201.7,19034.879657302896,14.481978257961085,-0.015941222792838314,143.67093734189194,3.2649374368272874,0.11388712141987495,44.90256575264988,2.709382258997888
71,0,35,20,Mode,40,[   0  201  372  572  722  838 1114 1259 1377 1746 2017],10,369,116,201.7,19131.069375393483,13.92946375573612,-0.017799485687530935,137.11673216593553,3.4933482214019755,0.10255528776410892,44.14961790245522,2.8814169595737056
72,0,35,20,Median,40,[   0  201  372  532  724  850 1108 1211 1325 1746 1819 2017],11,421,73,183.36363636363637,17422.355168620637,14.274360063217495,-0.06396748392785451,132.2233609591238,3.2378573886790236,0.09250611734762314,42.46227818347661,2.56217250176165
73,0,35,20,Mode,40,[   0  201  372  572  722  838 1114 1259 1377 1746 1819 2017],11,369,73,183.36363636363637,17771.54395570858,14.170300729277391,-0.06594117641616286,127.94976932192961,3.323290008813453,0.09130246141845227,42.7224714557013,2.6411268242292354
74,0,35,20,Median,40,[   0  201  372  532  724  850 1108 1187 1275 1377 1746 1819 2017],12,369,73,168.08333333333334,16210.772508184185,14.395246407659236,-0.0710754516965134,124.04891827279299,3.1574647194395276,0.09869833780229226,40.17799711881909,2.518280473237887
75,0,35,20,Mode,40,[   0  201  372  572  722  838 1114 1190 1321 1377 1746 1819 2017],12,369,56,168.08333333333334,16829.90998265379,15.30485416363739,-0.07720238256898382,122.44448597256047,3.2224497189168475,0.1107038084860641,42.130894584197456,2.3333130962753574
76,0,35,20,Median,40,[   0  201  372  532  724  850 1041 1156 1275 1377 1746 1819 2017],12,369,73,168.08333333333334,15561.336551253067,13.8316407192989,-0.07178707747376838,122.25080468997511,3.1754763368360965,0.09015180386161488,38.513063397981185,2.605926726114905
77,0,35,20,Mode,40,[   0  201  372  572  722  838 1040 1114 1321 1377 1746 1819 2017],12,369,56,168.08333333333334,14933.241212950612,14.32933906653487,-0.07926008851570329,119.71235066304284,3.276137287719447,0.09251890652510829,36.82095550408177,2.513757721239433
78,0,35,20,Median,40,"[   0   54  201  372  486  548  724  850 1108 1187 1275 1377 1746 1819
 2017]",14,369,54,144.07142857142858,10717.385190092904,13.119042869422108,-0.08551330003057275,107.19054373557006,3.1759471920646436,0.08663024809909309,29.08187555931182,2.663095223455184
79,0,35,20,Mode,40,"[   0   54  201  372  433  572  722  838 1114 1190 1321 1377 1746 1819
 2017]",14,369,54,144.07142857142858,12333.35760319727,13.8011170216113,-0.09212754464897488,106.07094740379664,3.3279460623547084,0.09450373858782439,32.33219494096299,2.5894940261990738
80,0,35,20,Median,40,[   0   54  201  372  494  550  724  850 1108 1187 1322 1746 1819 2017],13,424,54,155.15384615384616,11553.726227750836,13.33774776159611,-0.07786510642257694,114.05044734198324,3.142368918970736,0.08650505927140924,31.16228556166948,2.6238661188714665
81,0,35,20,Mode,40,"[   0   54  201  372  494  572  722  838 1114 1190 1259 1377 1494 1746
 1819 2017]",15,276,54,134.46666666666667,10296.651984500573,12.721286078311582,-0.08374795037344207,99.78870080490981,3.469930585011495,0.08247259980856655,27.477654942295715,2.8051270873586156
82,0,35,20,Median,40,"[   0   54  201  370  454  548  724  850 1040 1114 1187 1322 1746 1819
 2017]",14,424,54,144.07142857142858,10345.106520985013,12.809874611710207,-0.08364541532994114,107.622433702082,3.263369965407225,0.08222206888833858,27.319866347544398,2.7508036085269247
83,0,35,20,Mode,40,"[   0   54  201  372  433  572  722  838 1040 1114 1190 1259 1377 1422
 1746 1819 2017]",16,324,45,126.0625,8706.53033815842,12.079452481553295,-0.09326383529651049,92.58385793745029,3.5299035970488877,0.07067919130159375,22.55410129951816,2.9095404532263314
84,0,40,10,Median,40,[   0  529 1244 2017],3,773,529,672.3333333333334,190657.5162327832,23.046840874701157,0.11966288673949323,386.3049222294561,2.2647764947989177,0.2177518057628209,397.8688278603071,1.8951091543270515
85,0,40,10,Mode,40,[   0  415 1746 2017],3,1331,271,672.3333333333334,143533.75879024412,21.018957169146937,0.05384261843121369,298.9590499381269,2.0898033189087295,0.12150836123520704,292.99185630277145,1.8881783283761522
86,0,40,10,Median,40,[   0  514 1156 2017],3,861,514,672.3333333333334,186485.37616535887,23.254565073361324,0.12552535965258357,380.07783302479817,2.3366377915810492,0.2231453612399178,386.19800105754643,1.9493948852551153
87,0,40,10,Mode,40,[   0  415 1114 1746 2017],4,699,271,504.25,105775.99816137909,18.134654723300187,0.04703704804577265,235.74320179580675,2.8728406798377333,0.13645821358576318,215.39783475539798,2.5199265044667256
88,0,40,10,Median,40,[   0  494  742 1168 1761 2017],5,593,248,403.4,57272.01833385563,16.362939747980082,0.05541362017797666,225.98589595502986,2.925533031275708,0.14354696161367253,131.86943344103042,2.629804589603587
89,0,40,10,Mode,40,[   0  415  722 1114 1746 2017],5,632,271,403.4,63625.51716756957,17.732812222832287,0.05951551723115395,222.82421998898738,2.520521871295926,0.14583831528445254,141.12206585587805,2.262464960261877
90,0,40,10,Median,40,[   0  372  547  742 1168 1761 2017],6,593,175,336.1666666666667,36534.20024903341,15.716944927422015,0.0478050425468499,204.31247464027516,2.9831612001139654,0.13337198201077982,86.4190149769504,2.659490717928289
91,0,40,10,Mode,40,[   0  415  572  722 1114 1746 2017],6,632,150,336.1666666666667,35443.210077584576,16.29587394464078,0.0578204286047261,206.03103057630804,2.5629162498983677,0.13649512120217613,84.61150118255429,2.4136130429254825
92,0,40,10,Median,40,[   0  372  547  742 1114 1275 1761 2017],7,486,161,288.14285714285717,32809.29777844924,16.267154195212882,0.04523432565369198,191.18637067909603,3.025299222361052,0.14584214840936485,79.62278657330444,2.543900985487259
93,0,40,10,Mode,40,[   0  415  572  722 1114 1275 1746 2017],7,471,150,288.14285714285717,31028.42502633816,16.493893267363056,0.05181646055247375,194.57622581475553,2.74191321873027,0.14841696050606187,76.24715266062155,2.4072412854393392
94,0,40,10,Median,40,[   0  201  415  547  742 1114 1275 1761 2017],8,486,132,252.125,24682.73314599807,14.718035289977207,-0.0011830866988165555,168.13803867493505,3.2920917259558538,0.12233466883847534,59.8244887068283,2.722627875692581
95,0,40,10,Mode,40,[   0  201  415  572  722 1114 1275 1746 2017],8,471,150,252.125,24782.451626400347,14.842024600876096,0.00044218291388945543,171.21855506912837,3.0359675465743967,0.12100786866347787,60.13776057526847,2.6089129306082377
96,0,40,10,Median,40,[   0  201  415  547  722  838 1114 1275 1761 2017],9,486,116,224.11111111111111,22786.820172103617,14.938718001381435,-0.0017485218795863578,155.52387463290097,3.182272682178873,0.11990097226911564,55.8917334815261,2.6196550398420744
97,0,40,10,Mode,40,[   0  201  415  572  722  838 1114 1275 1746 2017],9,471,116,224.11111111111111,22730.956608946,14.89796505961976,-0.0018034692887182772,155.01335391436155,3.1855105005925535,0.11805624761659969,55.36483225917168,2.6166434255814277
98,0,40,10,Median,40,[   0  201  415  547  722  838 1108 1187 1279 1761 2017],10,482,79,201.7,17363.792742121816,14.49344552490092,-0.0136619861708197,141.79968845214927,3.178434845064478,0.11453069921311693,41.30836184591588,2.6774707697772158
99,0,40,10,Mode,40,[   0  201  415  572  722  838 1114 1200 1275 1746 2017],10,471,75,201.7,17353.380080361578,14.337637431315812,-0.011926484484013854,141.04491687538925,3.222741543652674,0.11019910204779772,40.920818412329915,2.699486825371777
100,0,40,10,Median,40,[   0  201  415  547  722  838 1040 1114 1187 1279 1761 2017],11,482,73,183.36363636363637,14206.964667870789,13.625860433952903,-0.018053518582091862,131.2208345527125,3.205076641335579,0.10427551461909275,34.23971944179268,2.7822477177754674
101,0,40,10,Mode,40,[   0  201  415  572  722  838 1040 1114 1200 1275 1746 2017],11,471,74,183.36363636363637,13878.847455765796,13.343189099086981,-0.016574452993502655,129.9616476784894,3.284110839875302,0.09904440004901753,33.03710361237279,2.826478836668408
102,0,40,10,Median,40,[   0  201  415  495  548  722  838 1040 1114 1259 1321 1761 2017],12,440,53,168.08333333333334,9377.097232158874,12.292962370107654,-0.026068172053618655,118.76473921864013,3.3844921701096573,0.08062711220466369,23.824198925425105,3.0244764611084167
103,0,40,10,Mode,40,[   0  201  415  494  572  722  838 1040 1114 1275 1377 1746 2017],12,369,74,168.08333333333334,11918.876888230983,13.310593672378252,-0.021087003411292247,121.95674886892446,3.294001097717576,0.09760104370510966,30.47673268046947,2.8440112485144238
104,0,40,10,Median,40,[   0  201  415  505  548  722  838 1040 1114 1187 1275 1377 1761 2017],13,384,43,155.15384615384616,9827.662839727125,12.910383944979039,-0.028806234462929837,114.01898326081903,3.243006683293626,0.09391363734412406,26.083087133640305,2.8603545806084454
105,0,40,10,Mode,40,[   0  201  415  494  572  722  838 1040 1114 1200 1275 1377 1746 2017],13,369,74,155.15384615384616,10313.90665803683,13.012031460501634,-0.02609624086201522,114.38894047192808,3.291919931750856,0.09577934128325762,26.650673174777705,2.850067492718806
106,0,40,10,Median,40,"[   0   54  201  415  495  548  722  838 1040 1114 1187 1275 1321 1761
 2017]",14,440,46,144.07142857142858,8308.138396533443,12.00091574048717,-0.0527816127266357,104.91306154281428,3.390919930290257,0.07831221252498452,21.645795897714216,3.0331346952131266
107,0,40,10,Mode,40,"[   0   54  201  415  494  572  722  838 1040 1114 1200 1275 1377 1746
 2017]",14,369,54,144.07142857142858,9693.788925617531,12.689347994521142,-0.04335654315753654,106.55310673652971,3.245905980859612,0.09125791666318547,25.515859966574588,2.8489412263759286
108,0,40,10,Median,40,"[   0   54  201  415  495  548  722  838 1040 1114 1187 1275 1321 1746
 1812 2017]",15,425,46,134.46666666666667,8231.70310643756,12.430033716743575,-0.09727887824426243,100.89009392702259,3.2741292074491914,0.07084940401919057,22.589542308125765,2.8156187470405953
109,0,40,10,Mode,40,"[   0   54  201  415  494  572  722  838 1040 1114 1200 1275 1377 1746
 1812 2017]",15,369,54,134.46666666666667,9333.852060110103,12.972155097415337,-0.09222330384127762,102.39787284120354,3.1428901406992455,0.0825326773060741,25.5482673912299,2.671512360364084
110,0,40,10,Median,40,"[   0   54  201  372  415  505  548  722  838 1040 1114 1187 1275 1321
 1746 1812 2017]",16,425,43,126.0625,6636.814150840078,11.69411923275209,-0.09905257533308591,94.78214303881623,3.3860629879293525,0.05843138204812184,18.26549157319088,2.97913714568396
111,0,40,10,Mode,40,"[   0   54  201  372  415  494  572  722  838 1040 1114 1200 1275 1377
 1746 1812 2017]",16,369,43,126.0625,7831.846020143921,12.192860584150395,-0.09409279646368009,96.24915874224064,3.3144569245422257,0.07132713341369153,21.347118631902173,2.857249801384364
112,0,40,15,Median,40,[   0  547 1259 2017],3,758,547,672.3333333333334,187431.17735091533,22.815015630347215,0.11535253530148212,377.7930558750712,2.249596935144598,0.21298741113350558,385.62895484731797,1.8946459014420018
113,0,40,15,Mode,40,[   0  838 1746 2017],3,908,271,672.3333333333334,81074.81032039621,15.328866271757667,-0.0011588745226741172,150.73577941029956,2.520023176594633,0.0844370579115902,158.44354145113752,2.500384593996917
114,0,40,15,Median,40,[   0  521 1131 1761 2017],4,630,256,504.25,124671.69289257651,19.203213301756183,0.06124223521360453,278.91922920787647,2.5328959545643834,0.16060928192604848,269.4904880273646,2.260158210604393
115,0,40,15,Mode,40,[   0  722 1114 1746 2017],4,722,271,504.25,87279.47247958985,17.879765018442228,0.015991933847717146,174.396094359394,2.593571343637862,0.1327616641452875,174.21647839585998,2.2514158866030383
116,0,40,15,Median,40,[   0  486  776 1168 1761 2017],5,593,256,403.4,59804.12677484697,15.9196267911191,0.05202946853699135,218.17621676020707,3.3471272896635407,0.1390821322165265,135.03521954793027,2.8728649389805487
117,0,40,15,Mode,40,[   0  415  838 1114 1746 2017],5,632,271,403.4,66923.57874293468,17.7557432330534,0.05073267901139033,209.12744290802755,2.9214000839763545,0.13664129202252928,145.4503058413341,2.228356053285741
118,0,40,15,Median,40,[   0  365  521  776 1168 1761 2017],6,593,156,336.1666666666667,37149.38435496174,15.677179847938826,0.04359275702679105,202.64826114728845,3.396084545130448,0.13568705219211669,87.15910258973194,2.8788563930726774
119,0,40,15,Mode,40,[   0  415  838 1114 1746 2017],5,632,271,403.4,66923.57874293468,17.7557432330534,0.05073267901139033,209.12744290802755,2.9214000839763545,0.13664129202252928,145.4503058413341,2.228356053285741
120,0,40,15,Median,40,[   0  365  521 1114 1275 1761 2017],6,593,156,336.1666666666667,46086.53150097359,18.213398417914128,0.04554278185133076,220.78270411140676,2.605922457971475,0.1697392721141298,107.74622743711947,2.2120457953269734
121,0,40,15,Mode,40,[   0  372  415  838 1114 1377 1746 2017],7,423,43,288.14285714285717,21177.380609102915,14.008325168367136,-0.0062451316441769515,152.29824207910372,3.159153281940995,0.09464276224909564,47.01008853565636,2.7210108352356728
122,0,40,15,Median,40,[   0  201  415  547  776 1114 1275 1761 2017],8,486,132,252.125,24136.838946436637,14.225365222257276,-0.005351164481269873,163.5685961021349,3.976460093045821,0.11855497429643413,58.003174849676306,3.1221779265817338
123,0,40,15,Mode,40,[   0  201  415  572  838 1114 1377 1746 2017],8,369,157,252.125,21375.801656278058,12.86173939037232,-0.01354269073477341,156.58556315643526,3.5164344632549,0.09646881635870821,49.86629858261198,3.041265270082171
124,0,40,15,Median,40,[   0  201  415  547  724  838 1114 1279 1761 2017],9,482,114,224.11111111111111,22631.163616167425,14.86590535191932,-0.0024066443313198456,155.15597816169162,3.180445358891325,0.11916617427570102,55.41518384628836,2.630716922087756
125,0,40,15,Mode,40,[   0  201  415  572  722  838 1114 1377 1746 2017],9,369,116,224.11111111111111,19868.138759472793,13.674947074069884,-0.012181863914614724,146.10659906097302,3.26794477507901,0.10041552899405518,46.617120538178355,2.816543654040408
126,0,40,15,Median,40,[   0  201  415  547  724  838 1108 1187 1280 1761 2017],10,481,79,201.7,17354.70369613632,14.486223372162208,-0.013846192823274345,141.70173002498274,3.17178184958913,0.1146546828719167,41.28972578906912,2.681124260282386
127,0,40,15,Mode,40,[   0  201  415  572  722  838 1114 1163 1377 1746 2017],10,369,49,201.7,17588.428052267016,15.091345060027585,-0.011991293587774912,138.15979628239717,3.3496497494568502,0.12328621851154613,41.703042180875585,2.7313341968674605
128,0,40,15,Median,40,[   0  201  415  547  724  838 1040 1114 1257 1322 1761 2017],11,439,65,183.36363636363637,13287.920471577312,12.862866789886258,-0.025110795499620593,127.85753179720217,3.323384934089043,0.08822325635990423,31.370968425200203,2.9470703642907217
129,0,40,15,Mode,40,[   0  201  415  572  722  838 1040 1114 1275 1377 1746 2017],11,369,74,183.36363636363637,15214.474204382885,13.555402107328678,-0.021829692376847475,129.35080590770104,3.319764388737815,0.09971975807969034,36.691264346443845,2.8303132688365484
130,0,40,15,Median,40,[   0  201  415  547  724  838 1108 1187 1273 1746 1812 2017],11,473,66,183.36363636363637,16163.525640232081,14.83437953451932,-0.0676038576966494,132.26869632886718,3.012848898669139,0.10000833136216362,40.05258044719387,2.4128128367186097
131,0,40,15,Mode,40,[   0  201  415  572  722  838 1114 1163 1275 1377 1746 1812 2017],12,369,49,168.08333333333334,15096.79179912918,14.95380926926187,-0.07254156785642879,122.61028951777412,3.0452786713706335,0.10584088582395151,37.92230092928245,2.4194766872179927
132,0,40,15,Median,40,[   0  201  388  495  550  724  838 1040 1114 1257 1322 1746 1812 2017],13,424,55,155.15384615384616,9063.644589831738,12.548360260330737,-0.0779171089166794,112.5570645918793,3.282679986607911,0.06855550750459273,24.258347549100005,2.8045877074984475
133,0,40,15,Mode,40,[   0  201  415  494  572  722  838 1040 1114 1275 1377 1746 1812 2017],13,369,66,155.15384615384616,11313.526548254527,13.58876481926672,-0.07352612727311977,115.72251001551739,3.1714370423896177,0.08689300386831939,30.101135283076093,2.637421736322396
134,0,40,15,Median,40,"[   0  201  388  495  550  724  838 1040 1114 1187 1275 1377 1746 1812
 2017]",14,369,55,144.07142857142858,9291.835256657185,12.970762412423614,-0.07910437205871423,108.67016091316337,3.219205908252502,0.08236594884646574,25.47989996700793,2.721007736083246
135,0,40,15,Mode,40,"[   0  201  415  494  572  722  838 1040 1114 1163 1275 1377 1746 1812
 2017]",14,369,49,144.07142857142858,10296.37745658349,13.764434935163827,-0.07451418050984662,110.07517797619687,3.103696625360295,0.09539700140448423,27.82462006298679,2.577206140946195
136,0,40,15,Median,40,"[   0   54  201  388  495  550  724  838 1040 1114 1187 1273 1322 1746
 1812 2017]",15,424,49,134.46666666666667,8127.176486096816,12.246144786590136,-0.0961547927023934,100.63184394701875,3.28733249825852,0.06905503491397742,22.247258871222492,2.8370939419157075
137,0,40,15,Mode,40,"[   0   54  201  415  494  572  722  838 1040 1114 1163 1275 1377 1746
 1812 2017]",15,369,49,134.46666666666667,9721.805933726524,13.411057182848925,-0.09023979292768623,103.13791876461765,3.0732984916211716,0.09122584567718676,26.6870115919261,2.5956504187544245
138,0,40,15,Median,40,"[   0   54  201  372  421  514  567  722  838 1040 1114 1187 1273 1322
 1746 1812 2017]",16,424,49,126.0625,7117.639413380707,11.959040368363,-0.09672322350000678,95.50676342831663,3.3955963210853204,0.065364187216752,19.358185232510017,2.920332986758315
139,0,40,15,Mode,40,"[   0   54  201  372  415  494  572  722  838 1040 1114 1163 1275 1377
 1746 1812 2017]",16,369,43,126.0625,8193.936302185914,12.602502530555077,-0.09210928555008871,96.94391290793766,3.2492147535315308,0.07944075722673001,22.40994655255196,2.786445322548682
140,0,40,20,Median,40,[   0  547 1275 2017],3,742,547,672.3333333333334,187696.303054477,22.79167667597019,0.11563843289043028,381.01839484084826,2.2165318414291213,0.21117713253211554,386.14995305589565,1.8805115133571764
141,0,40,20,Mode,40,[   0  201 1746 2017],3,1545,201,672.3333333333334,84767.8671435439,20.049682095282463,-0.024012324217500734,160.8775063950797,2.321501860668396,0.06118648122455852,154.50166470618285,2.062849585382273
142,0,40,20,Median,40,[   0  521 1115 1761 2017],4,646,256,504.25,124218.40840916337,19.38682821766154,0.06375952826491077,279.4304832948591,2.5033257884179054,0.16197235505172253,270.651024139727,2.22684685353033
143,0,40,20,Mode,40,[   0  201 1114 1746 2017],4,913,201,504.25,59007.13372096218,15.979914180195758,-0.03184762259901393,123.83180868218072,3.8068028146610464,0.06837916361542018,108.58555654916302,3.1406612783592323
144,0,40,20,Median,40,[   0  466  776 1187 1761 2017],5,574,256,403.4,58237.955794783826,15.787932369177405,0.04773964351862811,209.89035479798935,3.1930896593723235,0.13723080777220115,128.4237494050402,2.8060531513151066
145,0,40,20,Mode,40,[   0  201  838 1114 1746 2017],5,637,201,403.4,62208.47768873716,18.266760381220273,-0.011486530725074858,153.3931808963103,2.837372661532601,0.10324033707705757,124.01705652729494,2.090105626404965
146,0,40,20,Median,40,[   0  346  521  776 1187 1761 2017],6,574,175,336.1666666666667,36736.8922512016,15.263600043269165,0.03971399671034236,201.69796562333113,3.4187667691122523,0.1307743793203539,85.85245690334861,2.905536864743037
147,0,40,20,Mode,40,[   0  415  838 1114 1746 2017],5,632,271,403.4,66923.57874293468,17.7557432330534,0.05073267901139033,209.12744290802755,2.9214000839763545,0.13664129202252928,145.4503058413341,2.228356053285741
148,0,40,20,Median,40,[   0  346  521 1114 1318 1771 2017],6,593,175,336.1666666666667,45334.62660747109,17.037647054907616,0.040874046988342884,215.79073527680526,2.728822432666361,0.15177036712262829,104.34465315403358,2.3768103184687184
149,0,40,20,Mode,40,[   0  201  415  838 1114 1377 1746 2017],7,423,201,288.14285714285717,31693.490831381496,13.833235561865576,-0.023457903032041903,153.85351695408337,3.3314622142359935,0.09437353566962274,67.51338168430826,2.791472605323806
150,0,40,20,Median,40,[   0  372  532 1114 1318 1771 2017],6,582,160,336.1666666666667,44946.22650270511,17.37322657541671,0.044817491847245726,217.29736659174193,2.6877114681236036,0.1572840118849589,104.28927728264622,2.354150682134191
151,0,40,20,Mode,40,[   0  201  372  572  838 1114 1377 1746 2017],8,369,171,252.125,22722.68795857593,12.748445103988276,-0.017943805882281977,155.30083951197096,3.6485167965130407,0.09202718288921072,51.51307934351941,3.100746816756428
152,0,40,20,Median,40,[   0  201  372  532  776 1095 1211 1377 1771 2017],9,394,116,224.11111111111111,20146.025047250434,13.159193605858825,-0.019877914002870672,141.94240133425288,4.235310453001773,0.10570102001674758,44.91990098685428,3.3560451349955374
153,0,40,20,Mode,40,[   0  201  372  572  838 1114 1275 1377 1746 2017],9,369,102,224.11111111111111,21820.01121008597,13.671673598017613,-0.023248170974592607,147.10132110538018,3.6135722277174174,0.10206789525232589,50.47797057308277,2.944844259005748
154,0,40,20,Median,40,[   0  201  372  532  724  850 1112 1259 1377 1781 2017],10,404,118,201.7,19800.951448467953,14.08498219168981,-0.014676944447976759,140.70083083042965,3.343991865457698,0.1062632916626213,46.48796248522373,2.7992622519701937
155,0,40,20,Mode,40,[   0  201  372  572  722  838 1114 1275 1377 1746 2017],10,369,102,201.7,20138.306669939702,14.350308520258823,-0.02068935727599131,139.26908292684897,3.330828012698678,0.10566040425239782,47.09547252742228,2.7534828688032236
156,0,40,20,Median,40,[   0  201  372  532  724  850 1108 1198 1318 1781 2017],10,463,90,201.7,18722.23545059675,14.209124685153087,-0.016525492860213525,142.481881851693,3.312080181429579,0.10885947739345142,43.79796474965153,2.760376807068916
157,0,40,20,Mode,40,[   0  201  372  572  722  838 1114 1259 1377 1746 2017],10,369,116,201.7,19131.069375393483,13.92946375573612,-0.017799485687530935,137.11673216593553,3.4933482214019755,0.10255528776410892,44.14961790245522,2.8814169595737056
158,0,40,20,Median,40,[   0  201  372  532  724  850 1040 1114 1244 1377 1746 1819 2017],12,369,73,168.08333333333334,14220.217051540374,13.152836828615495,-0.06926850271547282,120.16830171091603,3.4366081504852914,0.0853355065567229,34.82953906036191,2.833845037442478
159,0,40,20,Mode,40,[   0  201  372  572  722  838 1040 1114 1275 1377 1746 1812 2017],12,369,66,168.08333333333334,14872.526439578278,13.801963231079453,-0.07777087710861122,120.8055296081941,3.272894610052934,0.08559715190777605,36.41566242159407,2.642140002066394
160,0,40,20,Median,40,[   0  201  372  532  724  850 1108 1187 1275 1377 1746 1819 2017],12,369,73,168.08333333333334,16210.772508184185,14.395246407659236,-0.0710754516965134,124.04891827279299,3.1574647194395276,0.09869833780229226,40.17799711881909,2.518280473237887
161,0,40,20,Mode,40,[   0  201  372  572  722  838 1114 1190 1275 1377 1746 1812 2017],12,369,66,168.08333333333334,15944.522111972741,14.510225482306947,-0.0778049984687247,121.53142652977213,3.185717805055244,0.09686604183438466,39.016163237367515,2.5085611093345883
162,0,40,20,Median,40,[   0  201  372  532  724  850 1108 1187 1275 1377 1494 1746 1819 2017],13,258,73,155.15384615384616,15106.294298097238,13.895240742080588,-0.07160438797938064,114.96198435214367,3.4963010471604385,0.09703680650864972,37.88023826147705,2.6273001054090357
163,0,40,20,Mode,40,[   0  201  372  572  722  838 1114 1190 1275 1377 1489 1746 1812 2017],13,276,66,155.15384615384616,14836.667048940952,13.981661030724576,-0.07795557855211338,112.55721196119994,3.5413121173214153,0.09502776040034079,36.706189340421766,2.631152653680803
164,0,40,20,Median,40,"[   0   54  201  372  433  548  724  850 1040 1114 1187 1275 1377 1746
 1819 2017]",15,369,54,134.46666666666667,9822.936953779348,12.575389624447249,-0.09030399044115409,101.57218513491996,3.2544315115603255,0.07939445175272337,25.88538322662044,2.791367914054437
165,0,40,20,Mode,40,"[   0   54  201  372  415  572  722  838 1040 1114 1190 1275 1377 1746
 1812 2017]",15,369,43,134.46666666666667,9712.991873833298,12.529659997340849,-0.09597090853339252,100.10709576522032,3.3203813682254895,0.07529744677980443,25.16701918057814,2.807848709753517
166,0,40,20,Median,40,"[   0   54  201  372  433  548  724  850 1040 1114 1187 1273 1494 1746
 1819 2017]",15,252,54,134.46666666666667,9329.326272126653,12.02105945095928,-0.08659245833617352,100.63544815991652,3.6590288762684677,0.07488497327021568,24.289560184352464,3.0392122419794325
167,0,40,20,Mode,40,"[   0   54  201  372  415  572  722  838 1040 1114 1190 1275 1377 1489
 1746 1812 2017]",16,257,43,126.0625,9242.143172617161,12.238846135072693,-0.0960284767394291,94.39139889085847,3.600885274243613,0.07526472796954135,24.242316333474164,2.8859694385358936
168,0,45,10,Median,40,[   0  521 1211 2017],3,806,521,672.3333333333334,191506.40634133082,23.290554246506023,0.1240504509002359,390.63611529644226,2.2555275284165823,0.2208808331599332,396.46925865447173,1.8945798018375872
169,0,45,10,Mode,40,[   0  415 1114 2017],3,903,415,672.3333333333334,150668.0225754577,21.23788686289555,0.10908748975260363,306.7453315104935,2.786406295509117,0.1899356722564982,295.18547775660977,2.3445688377362606
170,0,45,10,Median,40,[   0  517 1156 2017],3,861,517,672.3333333333334,187747.49288261274,23.33759131565007,0.12615486147295132,383.0074539240382,2.324445272795014,0.22451098423338858,390.09253755717845,1.9376734760404628
171,0,45,10,Mode,40,[   0  415 1114 1746 2017],4,699,271,504.25,105775.99816137909,18.134654723300187,0.04703704804577265,235.74320179580675,2.8728406798377333,0.13645821358576318,215.39783475539798,2.5199265044667256
172,0,45,10,Median,40,[   0  494  742 1163 1746 2017],5,583,248,403.4,56673.89006655414,16.26428529122331,0.054789456877116255,225.45620002162613,2.9375587285051568,0.14188020890912537,130.1946720595009,2.6542723347438972
173,0,45,10,Mode,40,[   0  415  722 1114 1746 2017],5,632,271,403.4,63625.51716756957,17.732812222832287,0.05951551723115395,222.82421998898738,2.520521871295926,0.14583831528445254,141.12206585587805,2.262464960261877
174,0,45,10,Median,40,[   0  201  495  742 1163 1746 2017],6,583,201,336.1666666666667,40204.2534596037,15.021280851438979,0.008651049072179987,193.20893523125525,3.037258008305208,0.11126454311686076,91.07389546291915,2.6624635892813218
175,0,45,10,Mode,40,[   0  415  722 1114 1746 2017],5,632,271,403.4,63625.51716756957,17.732812222832287,0.05951551723115395,222.82421998898738,2.520521871295926,0.14583831528445254,141.12206585587805,2.262464960261877
176,0,45,10,Median,40,[   0  372  531  724 1114 1275 1746 2017],7,471,159,288.14285714285717,33608.09082198177,16.78307642193037,0.047534500962408605,198.48308734055095,2.7677208450103525,0.1512326048463017,82.5161591704268,2.3855153625656427
177,0,45,10,Mode,40,[   0  415  494  722 1114 1259 1746 2017],7,487,79,288.14285714285717,28728.28493564849,17.215801602704783,0.048923099538285664,191.00577432314182,2.62623591775404,0.15722537122534813,70.31145477370339,2.3268751279940494
178,0,45,10,Median,40,[   0  201  415  532  724 1114 1275 1746 2017],8,471,117,252.125,25609.9850778512,15.234543892059957,0.0022350151326229937,174.1603151405814,3.0629423816832984,0.12830124847986482,62.4487997664948,2.577118117065409
179,0,45,10,Mode,40,[   0  201  415  494  722 1114 1259 1746 2017],8,487,79,252.125,24064.231404463007,15.465238222012962,-0.00012470676302240823,168.09862221278706,2.9671034388524795,0.13025159855282506,58.259538578016574,2.5306194192522335
180,0,45,10,Median,40,[   0  201  415  532  722  838 1114 1275 1746 2017],9,471,116,224.11111111111111,22981.605828634347,15.089880925372103,-0.00033727861316040807,157.560051647078,3.1751452651261554,0.12239782085965462,56.45905185906481,2.6079483413470874
181,0,45,10,Mode,40,[   0  201  415  494  722  838 1114 1259 1746 2017],9,487,79,224.11111111111111,21027.358871614313,15.171011900780591,-0.003408678588335696,152.21276208021504,3.12459373011726,0.12166094167108762,51.5558660471753,2.594501937838065
182,0,45,10,Median,40,[   0  201  415  532  722  838 1108 1168 1280 1746 2017],10,466,60,201.7,17456.53620286383,14.862916624858952,-0.008505454992695243,143.56043762018027,3.1273454592928163,0.12302671832935125,42.316725419856986,2.6180368704084014
183,0,45,10,Mode,40,[   0  201  415  494  722  838 1114 1163 1259 1746 2017],10,487,49,201.7,16393.98041304412,15.357102420351575,-0.010243358086099767,139.36838004080192,3.076639130284451,0.12800113779019048,39.74811860817092,2.559004323989968
184,0,45,10,Median,40,[   0  201  415  532  722  838 1040 1114 1168 1280 1746 2017],11,466,54,183.36363636363637,14771.22188204315,13.982455870965842,-0.013172159374054838,132.78039089569182,3.1501001844610177,0.11266608821244879,36.20668171567054,2.7265649291513308
185,0,45,10,Mode,40,[   0  201  415  494  722  838 1040 1114 1163 1259 1746 2017],11,487,49,183.36363636363637,13637.111713584953,14.179716465553934,-0.016261732181727676,128.4250393513551,3.1043855250977272,0.115150761434724,33.397640204953376,2.6939484143519143
186,0,45,10,Median,40,[   0  201  415  495  548  722  838 1040 1114 1168 1280 1746 2017],12,466,53,168.08333333333334,10544.46232400339,13.192914835127679,-0.014852902931768774,121.9312210887781,3.2298321656354374,0.10134318674716494,27.665741805357296,2.830930379878949
187,0,45,10,Mode,40,[   0  201  415  494  548  722  838 1040 1114 1163 1259 1746 2017],12,487,49,168.08333333333334,10387.029041354417,13.278272297489735,-0.014773063086038552,120.61176084965635,3.2123611895895974,0.10361480463509086,27.127819684732057,2.8080231946323764
188,0,45,10,Median,40,[   0  201  415  495  548  722  838 1040 1114 1168 1269 1321 1746 2017],13,425,52,155.15384615384616,8782.594234535862,12.420509864849317,-0.02793066049426384,112.51240235701903,3.3822949418150188,0.08828496500073517,22.50203850395019,3.0073381102736345
189,0,45,10,Mode,40,[   0  201  415  494  548  722  838 1040 1114 1163 1259 1377 1746 2017],13,369,49,155.15384615384616,9487.166242447985,12.821493333712569,-0.022239343484069644,112.25998897872057,3.3690161316104574,0.09942411622474905,24.729333781033436,2.9470964693620965
190,0,45,10,Median,40,"[   0  201  415  495  548  722  838 1040 1114 1168 1269 1321 1746 1812
 2017]",14,425,52,144.07142857142858,8653.719108109572,12.85700906219835,-0.07787835883837883,107.50262050715067,3.249778239797784,0.07973435904789998,23.419261124145617,2.7708866710664135
191,0,45,10,Mode,40,"[   0  201  415  494  548  722  838 1040 1114 1163 1259 1377 1746 1812
 2017]",14,369,49,144.07142857142858,9115.43597829918,13.115889803045437,-0.0743887208258891,107.26301819150088,3.24166567533466,0.08939953541235499,24.824736098780782,2.74846882573502
192,0,45,10,Median,40,"[   0   54  201  415  495  548  722  838 1040 1114 1168 1269 1321 1746
 1812 2017]",15,425,52,134.46666666666667,8196.480324429313,12.568447443666699,-0.09363494517046576,100.73134758399708,3.209641331762828,0.07668196348892994,22.596321148716438,2.7754966252946276
193,0,45,10,Mode,40,"[   0   54  201  415  494  548  722  838 1040 1114 1163 1259 1377 1746
 1812 2017]",15,369,49,134.46666666666667,8625.217418176804,12.808836703024708,-0.09014620466895731,100.50721436632439,3.2020696049305792,0.08565677011306673,23.90140505373481,2.7546800546297616
194,0,45,10,Median,40,"[   0   54  201  372  415  495  548  722  838 1040 1114 1168 1269 1321
 1746 1812 2017]",16,425,43,126.0625,6730.28326808281,11.81897725801186,-0.09529067531490075,94.6846755909681,3.337379627422939,0.06549933019807662,18.51091430305337,2.950482622077334
195,0,45,10,Mode,40,"[   0   54  201  372  415  494  548  722  838 1040 1114 1163 1259 1377
 1746 1812 2017]",16,369,43,126.0625,7170.453687672844,12.040430082719142,-0.09180056909735712,94.47427129077239,3.3365381859589935,0.07424295336688465,19.810047116906755,2.934872982698997
196,0,45,15,Median,40,[   0  532 1259 2017],3,758,532,672.3333333333334,189632.4035408748,22.93215294288891,0.1177801531860862,385.8414227163237,2.2470695977341535,0.2144229807643751,391.7292724400785,1.8943885003131697
197,0,45,15,Mode,40,[   0  201 1746 2017],3,1545,201,672.3333333333334,84767.8671435439,20.049682095282463,-0.024012324217500734,160.8775063950797,2.321501860668396,0.06118648122455852,154.50166470618285,2.062849585382273
198,0,45,15,Median,40,[   0  521 1115 1761 2017],4,646,256,504.25,124218.40840916337,19.38682821766154,0.06375952826491077,279.4304832948591,2.5033257884179054,0.16197235505172253,270.651024139727,2.22684685353033
199,0,45,15,Mode,40,[   0  201 1114 1746 2017],4,913,201,504.25,59007.13372096218,15.979914180195758,-0.03184762259901393,123.83180868218072,3.8068028146610464,0.06837916361542018,108.58555654916302,3.1406612783592323
200,0,45,15,Median,40,[   0  494  776 1168 1761 2017],5,593,256,403.4,59748.392002479566,15.884384808106322,0.05156608892814464,219.2839007867034,3.41695950992151,0.1389923716311187,135.4335422626163,2.918078110538743
201,0,45,15,Mode,40,[   0  201  838 1114 1746 2017],5,637,201,403.4,62208.47768873716,18.266760381220273,-0.011486530725074858,153.3931808963103,2.837372661532601,0.10324033707705757,124.01705652729494,2.090105626404965
202,0,45,15,Median,40,[   0  346  520  776 1168 1761 2017],6,593,174,336.1666666666667,36816.8974006271,15.30530068478769,0.04144347146065128,201.40655136357137,3.420619916731743,0.13086152381286548,86.22718135702571,2.902465263095245
203,0,45,15,Mode,40,[   0  415  838 1114 1746 2017],5,632,271,403.4,66923.57874293468,17.7557432330534,0.05073267901139033,209.12744290802755,2.9214000839763545,0.13664129202252928,145.4503058413341,2.228356053285741
204,0,45,15,Median,40,[   0  346  520  776 1114 1280 1761 2017],7,481,166,288.14285714285717,32044.677725514684,15.449015956986324,0.03673848185869446,186.3268712199635,3.6578134662974584,0.13777871822582702,76.97369335413292,2.926047622086261
205,0,45,15,Mode,40,[   0  201  415  838 1114 1259 1746 2017],7,487,145,288.14285714285717,34620.07460318073,15.448563923670639,-0.014100399307195631,161.77494050095214,3.212488158020675,0.1159155352203738,76.56554193121556,2.5095395906151396
206,0,45,15,Median,40,[   0  201  415  531  776 1114 1280 1761 2017],8,481,116,252.125,24394.543044265174,14.452956934511084,-0.005083754948704129,165.14706968881978,3.891647722729905,0.12164090090318325,58.64750438264032,3.060103639273933
207,0,45,15,Mode,40,[   0  201  415  494  838 1114 1259 1746 2017],8,487,79,252.125,24189.418605029834,15.477838340200325,-0.005280985007314791,163.74105030592276,3.133935512112747,0.13109489817252237,58.50024936457873,2.580618320982686
208,0,45,15,Median,40,[   0  201  415  531  722  838 1114 1280 1761 2017],9,481,116,224.11111111111111,22910.391718887415,15.04082718420956,-0.0013244376708147914,157.10205326018598,3.1813625780824215,0.12183809945091216,56.28559498879051,2.615579106934212
209,0,45,15,Mode,40,[   0  201  415  494  722  838 1114 1259 1746 2017],9,487,79,224.11111111111111,21027.358871614313,15.171011900780591,-0.003408678588335696,152.21276208021504,3.12459373011726,0.12166094167108762,51.5558660471753,2.594501937838065
210,0,45,15,Median,40,[   0  201  415  531  722  838 1108 1187 1317 1761 2017],10,444,79,201.7,17896.456390901847,14.634126582267097,-0.013155549700249292,143.60812686154495,3.20703520327778,0.1186098156613616,42.92703145946925,2.6999011180571157
211,0,45,15,Mode,40,[   0  201  415  494  722  838 1114 1163 1259 1746 2017],10,487,49,201.7,16393.98041304412,15.357102420351575,-0.010243358086099767,139.36838004080192,3.076639130284451,0.12800113779019048,39.74811860817092,2.559004323989968
212,0,45,15,Median,40,[   0  201  415  531  722  838 1040 1114 1174 1284 1761 2017],11,477,60,183.36363636363637,14762.753709253273,13.966774288730798,-0.014921482478447568,132.8322109988804,3.163998560416063,0.1111917864108511,36.08666096246979,2.737897045527834
213,0,45,15,Mode,40,[   0  201  415  494  722  838 1040 1114 1163 1259 1746 2017],11,487,49,183.36363636363637,13637.111713584953,14.179716465553934,-0.016261732181727676,128.4250393513551,3.1043855250977272,0.115150761434724,33.397640204953376,2.6939484143519143
214,0,45,15,Median,40,[   0  201  415  531  722  838 1040 1114 1259 1321 1746 1812 2017],12,425,62,168.08333333333334,12953.19130454383,13.463357207282804,-0.07553903069121032,121.98154008310294,3.1735441244795113,0.07962978199803672,32.33697714035188,2.668998189475704
215,0,45,15,Mode,40,[   0  201  415  494  722  838 1040 1114 1259 1377 1746 1812 2017],12,369,66,168.08333333333334,12936.569909802762,13.696709054387243,-0.07510927737190769,119.22382614480841,3.2312940448491823,0.0890038151145843,32.56982504947627,2.7058494516307023
216,0,45,15,Median,40,[   0  201  415  495  550  722  838 1108 1174 1266 1321 1746 1812 2017],13,425,55,155.15384615384616,10415.722291288466,13.435585264839554,-0.07377864154709488,113.60000614381921,3.219139418248069,0.08539925435698818,27.514746371705197,2.6983514952631267
217,0,45,15,Mode,40,[   0  201  415  494  569  722  838 1114 1163 1259 1377 1746 1812 2017],13,369,49,155.15384615384616,11469.333349331731,14.213367962912448,-0.07005578295542148,114.56223522824655,3.170584772136328,0.10012950563495047,30.201175343731027,2.5879094634331476
218,0,45,15,Median,40,"[   0  201  415  505  567  722  838 1040 1114 1174 1266 1321 1746 1812
 2017]",14,425,55,144.07142857142858,9378.582909805828,13.150766996523705,-0.07590746061325253,108.86099130266396,3.2365410876150142,0.08253764573774144,24.957071639152858,2.714236492711911
219,0,45,15,Mode,40,"[   0  201  415  494  569  722  838 1040 1114 1163 1259 1377 1746 1812
 2017]",14,369,49,144.07142857142858,9727.484123879478,13.395666032871121,-0.07337896523219017,108.22475398861874,3.2220081181240685,0.09238857245037932,26.050572207751376,2.689489137600554
220,0,45,15,Median,40,"[   0   54  201  415  494  548  722  838 1040 1114 1174 1266 1321 1746
 1812 2017]",15,425,54,134.46666666666667,8204.469895335083,12.515768818751416,-0.09309200084667953,100.94766333797995,3.214294908292185,0.07710131766302973,22.651695403661186,2.7943066881184633
221,0,45,15,Mode,40,"[   0   54  201  415  494  569  722  838 1040 1114 1163 1259 1377 1746
 1812 2017]",15,369,49,134.46666666666667,9193.547839072795,13.06862891643427,-0.08913514603678532,101.40686879896792,3.183722551534027,0.08843230450551791,25.03968144063607,2.6999132013620435
222,0,45,15,Median,40,"[   0   54  201  415  494  548  722  776  838 1040 1114 1174 1266 1321
 1746 1812 2017]",16,425,54,126.0625,10192.610671863156,14.633974037875596,-0.0976205231083237,100.53222597477166,3.1379026788170896,0.10621371248421818,28.38187525757747,2.47621802028877
223,0,45,15,Mode,40,"[   0   54  201  415  494  569  722  776  838 1040 1114 1163 1259 1377
 1746 1812 2017]",16,369,49,126.0625,11027.042758997657,15.106854696913626,-0.0950853654618497,100.98491179063953,3.127826965160992,0.11610999117610708,30.43471337580904,2.3988761940490466
224,0,45,20,Median,40,[   0  532 1273 2017],3,744,532,672.3333333333334,189872.2450838407,22.915849129976138,0.11796429581077486,388.7078533430802,2.2175323350521103,0.21289629598192017,392.03323888126243,1.8812008513449303
225,0,45,20,Mode,40,[   0  201 1746 2017],3,1545,201,672.3333333333334,84767.8671435439,20.049682095282463,-0.024012324217500734,160.8775063950797,2.321501860668396,0.06118648122455852,154.50166470618285,2.062849585382273
226,0,45,20,Median,40,[   0  521 1115 1761 2017],4,646,256,504.25,124218.40840916337,19.38682821766154,0.06375952826491077,279.4304832948591,2.5033257884179054,0.16197235505172253,270.651024139727,2.22684685353033
227,0,45,20,Mode,40,[   0  201 1114 1746 2017],4,913,201,504.25,59007.13372096218,15.979914180195758,-0.03184762259901393,123.83180868218072,3.8068028146610464,0.06837916361542018,108.58555654916302,3.1406612783592323
228,0,45,20,Median,40,[   0  486  776 1174 1761 2017],5,587,256,403.4,59791.364218741204,15.896222570316045,0.0514084416467167,218.61121576410807,3.344791870741939,0.13926724210498834,135.09003418215718,2.8758709705853738
229,0,45,20,Mode,40,[   0  201  838 1114 1746 2017],5,637,201,403.4,62208.47768873716,18.266760381220273,-0.011486530725074858,153.3931808963103,2.837372661532601,0.10324033707705757,124.01705652729494,2.090105626404965
230,0,45,20,Median,40,[   0  332  520  776 1174 1761 2017],6,587,188,336.1666666666667,36236.24793689674,14.92910251572252,0.034747886999271234,197.66364117257734,3.4858861769868614,0.1245746438734661,83.32768140726132,2.941807394639409
231,0,45,20,Mode,40,[   0  201  569  838 1114 1746 2017],6,632,201,336.1666666666667,44787.139019912065,15.662248312982735,0.010190170805946974,189.43486720875353,3.2107065539512702,0.11080679674037348,101.04991857447497,2.6204379953376438
232,0,45,20,Median,40,[   0  332  520  776 1114 1318 1761 2017],7,443,188,288.14285714285717,30649.07980531904,14.571905454303069,0.028172927391340013,180.13295875312784,3.7944896383142264,0.12312511479160516,71.53038826397284,3.0588268080361476
233,0,45,20,Mode,40,[   0  201  569  838 1114 1377 1746 2017],7,369,201,288.14285714285717,34096.393169699375,14.080230073481113,-0.006462605564873753,168.7621324756004,3.3619493178761144,0.10199854374784806,76.08622618581761,2.898573495153524
234,0,45,20,Median,40,[   0  201  401  531  776 1114 1318 1761 2017],8,443,130,252.125,23433.221013094815,13.658192520252246,-0.009054089917241062,161.4976007924419,3.9911057068567244,0.10901923795140248,55.219104921026485,3.179660641282218
235,0,45,20,Mode,40,[   0  201  372  569  838 1114 1377 1746 2017],8,369,171,252.125,22887.02851586688,12.791049090980097,-0.0174639436718845,155.94898193863318,3.6432926627795794,0.09290057227684376,51.883425856406234,3.093567166100931
236,0,45,20,Median,40,[   0  201  401  531  724  850 1114 1318 1761 2017],9,443,126,224.11111111111111,22525.40809287948,14.482191892239051,-0.004797850180569633,154.78691153881257,3.2370396062691666,0.11175411895316113,54.43554248478513,2.6781296192575064
237,0,45,20,Mode,40,[   0  201  372  569  722  838 1114 1377 1746 2017],9,369,116,224.11111111111111,20726.402799061656,13.604974421599525,-0.01628326102697281,145.26432390772356,3.3888490690703175,0.09725228878680314,47.64955264322532,2.868923143637189
238,0,45,20,Median,40,[   0  201  415  531  724  850 1114 1275 1377 1761 2017],10,384,102,201.7,19963.71570644532,14.683512362096401,-0.01452550506539086,143.9137081125366,3.165291489608753,0.11367447976790689,48.18620098667743,2.6583078193440848
239,0,45,20,Mode,40,[   0  201  372  569  722  838 1114 1259 1377 1746 2017],10,369,116,201.7,19138.595634692614,13.909607283146094,-0.017459067482045357,137.4285971873965,3.49649621938764,0.10249168263266194,44.21288207790282,2.884035368975871
240,0,45,20,Median,40,[   0  201  415  531  724  850 1108 1187 1318 1781 2017],10,463,79,201.7,18211.156670880373,14.742313706033295,-0.012525861895948015,144.8269582693544,3.1600612319137693,0.11967550212797305,43.84300355179087,2.65105188404948
241,0,45,20,Mode,40,[   0  201  372  569  722  838 1114 1244 1489 1746 2017],10,276,116,201.7,17946.749334904816,13.283725204426501,-0.020701219521035638,135.7667620380156,3.7811025110023166,0.09455383351205628,41.04995909300262,3.089314084385216
242,0,45,20,Median,40,[   0  201  401  531  724  850 1040 1114 1275 1377 1746 1819 2017],12,369,73,168.08333333333334,14591.349813911971,13.840995733170775,-0.06946780793664674,123.80477376008868,3.1364876478957364,0.09035822164460033,36.86354675500345,2.603360873030162
243,0,45,20,Mode,40,[   0  201  372  569  722  838 1040 1114 1259 1377 1746 1812 2017],12,369,66,168.08333333333334,14314.011187109503,13.43886090324014,-0.07613352635602921,119.22969475796583,3.4002360667415417,0.08300224913551436,34.6664117994621,2.7516468660071562
244,0,45,20,Median,40,[   0  201  415  531  724  850 1108 1174 1275 1377 1746 1819 2017],12,369,66,168.08333333333334,15503.506139880996,14.769948229843692,-0.06629642626423789,125.55668888239298,3.0251159171961635,0.10752354554358144,39.55396648891114,2.4409615797839463
245,0,45,20,Mode,40,[   0  201  372  569  722  838 1114 1163 1259 1377 1746 1812 2017],12,369,49,168.08333333333334,15176.45691188745,14.529378571613607,-0.07403559808275044,119.92374919991175,3.263129205829727,0.10076582942877822,36.828279497770886,2.5796954606954383
246,0,45,20,Median,40,"[   0   54  201  372  494  550  724  850 1108 1174 1275 1377 1746 1819
 2017]",14,369,54,144.07142857142858,10592.344875760666,13.275054907834857,-0.0834478678691552,107.66628388690314,3.108186644319918,0.08898208816845479,29.09346974016558,2.629209413534016
247,0,45,20,Mode,40,"[   0   54  201  372  494  569  722  838 1114 1163 1259 1377 1746 1812
 2017]",14,369,49,144.07142857142858,10521.136246216676,13.445539154214421,-0.0853815999347642,106.14874572427689,3.19778423856435,0.08969645711773924,28.040929908558585,2.6650807427792413
248,0,45,20,Median,40,"[   0   54  201  372  433  532  722  838 1040 1114 1187 1275 1377 1746
 1819 2017]",15,369,54,134.46666666666667,9910.212493001138,12.65809420480056,-0.09004902371019133,102.0648138822008,3.2458144283176655,0.08153758969924908,26.006763470126632,2.7987581961672205
249,0,45,20,Mode,40,"[   0   54  201  372  415  569  722  838 1040 1114 1163 1259 1377 1746
 1812 2017]",15,369,43,134.46666666666667,9488.59127865658,12.501860946399372,-0.09272146904035256,98.76973832116994,3.3836398489038926,0.07878496813407652,24.295025158408524,2.862182667364305
250,0,45,20,Median,40,"[   0   54  201  372  494  550  724  850 1040 1114 1174 1266 1322 1494
 1746 1819 2017]",16,252,54,126.0625,7574.458143073047,11.553763366261137,-0.08841996313712099,95.01148205441909,3.8818472677943228,0.07132437507113697,20.98574700645759,3.238567369385868
251,0,45,20,Mode,40,"[   0   54  201  372  494  569  722  838 1040 1114 1163 1259 1377 1489
 1746 1812 2017]",16,257,49,126.0625,8487.142852170286,12.367713258601132,-0.08976967271210076,95.11104627192744,3.4394240585644225,0.08035192924680183,23.216232053535023,2.8469578605812993
252,0,50,10,Median,40,[   0  521 1200 2017],3,817,521,672.3333333333334,191194.71419090213,23.329117752163345,0.12443831585290645,389.8354782183341,2.2627985240508512,0.22147751620534495,394.50891591276593,1.9000661622980863
253,0,50,10,Mode,40,[   0  415 1114 2017],3,903,415,672.3333333333334,150668.0225754577,21.23788686289555,0.10908748975260363,306.7453315104935,2.786406295509117,0.1899356722564982,295.18547775660977,2.3445688377362606
254,0,50,10,Median,40,[   0  514 1156 2017],3,861,514,672.3333333333334,186485.37616535887,23.254565073361324,0.12552535965258357,380.07783302479817,2.3366377915810492,0.2231453612399178,386.19800105754643,1.9493948852551153
255,0,50,10,Mode,40,[   0  415 1114 1746 2017],4,699,271,504.25,105775.99816137909,18.134654723300187,0.04703704804577265,235.74320179580675,2.8728406798377333,0.13645821358576318,215.39783475539798,2.5199265044667256
256,0,50,10,Median,40,[   0  494  724 1163 1746 2017],5,583,230,403.4,56330.10514153842,16.680685890850363,0.05645840872427513,231.04909120543547,2.709013504009191,0.14480271473244202,131.39071837311576,2.5126778038642468
257,0,50,10,Mode,40,[   0  415  722 1114 1746 2017],5,632,271,403.4,63625.51716756957,17.732812222832287,0.05951551723115395,222.82421998898738,2.520521871295926,0.14583831528445254,141.12206585587805,2.262464960261877
258,0,50,10,Median,40,[   0  201  505  724 1163 1746 2017],6,583,201,336.1666666666667,40361.64325664114,15.372171094743061,0.010274394962114755,197.98069078834428,2.845783647399085,0.11299900196016692,92.73853580689529,2.5505905978673256
259,0,50,10,Mode,40,[   0  415  722 1114 1746 2017],5,632,271,403.4,63625.51716756957,17.732812222832287,0.05951551723115395,222.82421998898738,2.520521871295926,0.14583831528445254,141.12206585587805,2.262464960261877
260,0,50,10,Median,40,[   0  201  505  722 1114 1288 1746 2017],7,458,174,288.14285714285717,35399.61470309094,15.712313597464176,0.006435261341043334,184.07219643172968,2.927311662396463,0.12462059682633471,82.87124114228638,2.4915354363074385
261,0,50,10,Mode,40,[   0  201  415  722 1114 1318 1746 2017],7,428,201,288.14285714285717,35289.181177696875,14.963381591966524,-0.007363492374336413,170.94196597751005,3.0946153567523256,0.11298698137450904,77.84545850161346,2.609783974078516
262,0,50,10,Median,40,[   0  201  415  531  722 1114 1279 1746 2017],8,467,116,252.125,25444.5694730218,15.173386540945216,0.0016174621946138553,173.88575287621026,3.0779541716542367,0.12753215554271163,61.94150592685202,2.5906039512310417
263,0,50,10,Mode,40,[   0  201  415  494  722 1114 1318 1746 2017],8,428,79,252.125,23835.50759049091,14.856533112521584,-0.0020232530207636005,167.29854039107718,3.090755941196191,0.1219331472335007,57.22116174805857,2.6403885911496374
264,0,50,10,Median,40,[   0  201  415  531  722  838 1114 1288 1746 2017],9,458,116,224.11111111111111,22337.97436606687,14.833291291234183,-0.002124251937762441,155.884846075273,3.191491818593528,0.1185048787616394,54.406266462919966,2.644380461542875
265,0,50,10,Mode,40,[   0  201  415  494  722  838 1114 1318 1746 2017],9,428,79,224.11111111111111,20920.28984382512,14.684019860583861,-0.005054868455180597,151.49465352367085,3.206275571536015,0.11485347381140935,50.91227985859463,2.68328507543068
266,0,50,10,Median,40,[   0  201  415  531  722  838 1040 1156 1317 1746 2017],10,429,116,201.7,17456.728634697207,13.955928928299452,-0.011263696216204632,141.98714558900693,3.19853090433408,0.1094846098630526,41.97552615161357,2.77974165473066
267,0,50,10,Mode,40,[   0  201  415  494  722  838 1040 1114 1318 1746 2017],10,428,74,201.7,16112.95696235668,13.824180384621057,-0.014297639245259286,137.90276983777977,3.2259570999541993,0.10648433830120763,39.70905158978848,2.8117971214693593
268,0,50,10,Median,40,[   0  201  415  531  722  838 1024 1114 1163 1317 1746 2017],11,429,49,183.36363636363637,15008.212750901283,14.094827355390748,-0.01415927524327685,132.1467724282231,3.2216084489156334,0.11478502778700668,36.740412062400786,2.764965198056193
269,0,50,10,Mode,40,[   0  201  415  494  722  838 1040 1114 1163 1318 1746 2017],11,428,49,183.36363636363637,13851.830258698723,14.166090280989655,-0.016666859342336932,129.42296706667565,3.159224044507528,0.11558575158613729,34.08423950601149,2.7308546766592543
270,0,50,10,Median,40,[   0  201  415  494  548  722  838 1024 1114 1163 1317 1746 2017],12,429,49,168.08333333333334,10658.887785708843,13.251981475028147,-0.015838067209123948,121.24628155353689,3.287597406320662,0.10350379468742293,27.908417738312757,2.8724568248454214
271,0,50,10,Mode,40,[   0  201  415  494  548  722  838 1040 1114 1163 1318 1746 2017],12,428,49,168.08333333333334,10582.227718730574,13.265884856976752,-0.015082524533808941,121.54248665850997,3.2626298323819154,0.10401025022728477,27.752000867512162,2.8415743421845034
272,0,50,10,Median,40,[   0  201  415  494  548  722  838 1024 1114 1163 1273 1318 1746 2017],13,428,45,155.15384615384616,8839.521240134809,12.522362576877185,-0.03328923075616674,112.40865149136697,3.44010869881247,0.08684708311985485,22.63276598443876,3.0202453727031497
273,0,50,10,Mode,40,[   0  201  415  494  548  722  838 1040 1114 1163 1259 1318 1746 2017],13,428,49,155.15384615384616,8812.756894032747,12.475784368701582,-0.02406806846449671,112.13435547300946,3.4659215429131276,0.09164817619862864,22.66525778051886,3.0331318088366603
274,0,50,10,Median,40,"[   0  201  415  494  548  722  838 1024 1114 1163 1273 1318 1746 1812
 2017]",14,428,45,144.07142857142858,8694.253234649585,12.947430997826551,-0.08148787371950546,107.40413469247797,3.3037243022597322,0.07833990544569848,23.49744187770525,2.784403274924208
275,0,50,10,Mode,40,"[   0  201  415  494  548  722  838 1040 1114 1163 1259 1318 1746 1812
 2017]",14,428,49,144.07142857142858,8669.547684401527,12.90443572874138,-0.0756841842402739,107.14376343781363,3.327693371781772,0.08277168367225887,23.527434304856115,2.7962984467397556
276,0,50,10,Median,40,"[   0  201  372  415  514  567  722  838 1024 1114 1163 1273 1318 1746
 1812 2017]",15,428,43,134.46666666666667,7380.104754328049,12.31925769673444,-0.08509275564337797,101.13556279565607,3.4649309781117377,0.06661608886151865,19.582516578537287,2.931939703264629
277,0,50,10,Mode,40,"[   0  201  372  415  494  548  722  838 1040 1114 1163 1259 1318 1746
 1812 2017]",15,428,43,134.46666666666667,7076.336497714302,12.068626472466239,-0.08067808369132727,100.20006950014543,3.4566780282510616,0.07037129575960603,19.031485423905337,2.993289393693499
278,0,50,10,Median,40,"[   0   54  201  372  415  495  548  722  838 1024 1114 1163 1273 1318
 1746 1812 2017]",16,428,43,126.0625,6810.852838799273,11.916839758427091,-0.09889049119280659,94.54130534450422,3.3868559053972933,0.06388281822871886,18.67090311802634,2.958262935901433
279,0,50,10,Mode,40,"[   0   54  201  372  415  494  548  722  838 1040 1114 1163 1259 1318
 1746 1812 2017]",16,428,43,126.0625,6784.01716629488,11.857169884988958,-0.09314752591239253,94.36954998035358,3.4118124203502163,0.06849881519213467,18.685718895505378,2.9763253209031015
280,0,50,15,Median,40,[   0  531 1259 2017],3,758,531,672.3333333333334,189765.81200524286,22.937574778372642,0.11799991521463331,386.5057276649895,2.2473266395784304,0.21464147405181744,392.20240990922963,1.894707488570044
281,0,50,15,Mode,40,[   0  201 1746 2017],3,1545,201,672.3333333333334,84767.8671435439,20.049682095282463,-0.024012324217500734,160.8775063950797,2.321501860668396,0.06118648122455852,154.50166470618285,2.062849585382273
282,0,50,15,Median,40,[   0  521 1115 1761 2017],4,646,256,504.25,124218.40840916337,19.38682821766154,0.06375952826491077,279.4304832948591,2.5033257884179054,0.16197235505172253,270.651024139727,2.22684685353033
283,0,50,15,Mode,40,[   0  201 1114 1746 2017],4,913,201,504.25,59007.13372096218,15.979914180195758,-0.03184762259901393,123.83180868218072,3.8068028146610464,0.06837916361542018,108.58555654916302,3.1406612783592323
284,0,50,15,Median,40,[   0  494  776 1163 1761 2017],5,598,256,403.4,59417.32261056058,15.83005743092161,0.051475897431007,218.2860151861254,3.4424602847465464,0.13805126697377276,134.4074375301344,2.9402888153025497
285,0,50,15,Mode,40,[   0  201  838 1114 1746 2017],5,637,201,403.4,62208.47768873716,18.266760381220273,-0.011486530725074858,153.3931808963103,2.837372661532601,0.10324033707705757,124.01705652729494,2.090105626404965
286,0,50,15,Median,40,[   0  242  520  776 1163 1761 2017],6,598,242,336.1666666666667,40906.30883596906,14.896100724952117,0.015839030936051483,193.88711447053453,3.55363108521324,0.11569528111256851,92.3290210207586,2.964548088824153
287,0,50,15,Mode,40,[   0  415  838 1114 1746 2017],5,632,271,403.4,66923.57874293468,17.7557432330534,0.05073267901139033,209.12744290802755,2.9214000839763545,0.13664129202252928,145.4503058413341,2.228356053285741
288,0,50,15,Median,40,[   0  242  520 1114 1302 1761 2017],6,594,188,336.1666666666667,54139.59120015048,16.62766407377931,0.014763633307457205,207.8530429950878,2.787121625145478,0.13325052145779545,119.6681170747758,2.4007047876902012
289,0,50,15,Mode,40,[   0  201  415  838 1114 1318 1746 2017],7,428,201,288.14285714285717,34477.315899461806,14.799241203408336,-0.01600128524738082,160.95811495576905,3.3070353088153936,0.10683891140746944,75.707427013108,2.6279171074052923
290,0,50,15,Median,40,[   0  201  415  531  776 1114 1302 1761 2017],8,459,116,252.125,23318.328412827606,14.005397865158344,-0.007442829710111722,162.38872017913585,3.917248724349977,0.11429207847828167,55.38498477999671,3.126011949291987
291,0,50,15,Mode,40,[   0  201  415  494  838 1114 1318 1746 2017],8,428,79,252.125,24067.05400184219,14.921276008546924,-0.007161286218364185,162.9562034966275,3.268600400953452,0.12331493490431865,57.764722291915106,2.6820847639456744
292,0,50,15,Median,40,[   0  201  415  531  722  850 1114 1302 1761 2017],9,459,116,224.11111111111111,22364.21729036696,14.750054057908962,-0.003337015179326576,155.62727769823934,3.17951907629884,0.11574899732210472,54.34617086239963,2.631172699660262
293,0,50,15,Mode,40,[   0  201  415  494  722  838 1114 1318 1746 2017],9,428,79,224.11111111111111,20920.28984382512,14.684019860583861,-0.005054868455180597,151.49465352367085,3.206275571536015,0.11485347381140935,50.91227985859463,2.68328507543068
294,0,50,15,Median,40,[   0  201  415  531  722  838 1040 1151 1317 1761 2017],10,444,111,201.7,17410.265263276015,13.943064380775468,-0.011234006457784542,141.56796304314568,3.1899255591463525,0.10982990420541151,42.045018084337265,2.7765107707960928
295,0,50,15,Mode,40,[   0  201  415  494  722  838 1040 1114 1318 1746 2017],10,428,74,201.7,16112.95696235668,13.824180384621057,-0.014297639245259286,137.90276983777977,3.2259570999541993,0.10648433830120763,39.70905158978848,2.8117971214693593
296,0,50,15,Median,40,[   0  201  415  531  722  838 1024 1114 1168 1317 1761 2017],11,444,54,183.36363636363637,14948.3151406591,13.942287976681822,-0.015539826988826264,132.13775861830186,3.228450479896891,0.11270975199598636,36.61453204459734,2.785749720572256
297,0,50,15,Mode,40,[   0  201  415  494  722  838 1040 1114 1163 1318 1746 2017],11,428,49,183.36363636363637,13851.830258698723,14.166090280989655,-0.016666859342336932,129.42296706667565,3.159224044507528,0.11558575158613729,34.08423950601149,2.7308546766592543
298,0,50,15,Median,40,[   0  201  415  531  722  838 1024 1114 1168 1266 1321 1761 2017],12,440,54,168.08333333333334,12575.579352171195,13.067698967640895,-0.02763601516590522,121.27592887401997,3.3429418349407363,0.09833418542379563,30.06061598186507,2.955134952035753
299,0,50,15,Mode,40,[   0  201  415  494  722  838 1040 1114 1163 1318 1746 2017],11,428,49,183.36363636363637,13851.830258698723,14.166090280989655,-0.016666859342336932,129.42296706667565,3.159224044507528,0.11558575158613729,34.08423950601149,2.7308546766592543
300,0,50,15,Median,40,[   0  201  415  494  548  722  838 1032 1114 1168 1266 1321 1761 2017],13,440,54,155.15384615384616,8746.58191288802,12.375216735131204,-0.02830434856991775,112.20491119606096,3.38279522867012,0.08933663360323219,22.410287286849343,3.029047657406456
301,0,50,15,Mode,40,[   0  201  415  494  569  722  838 1040 1114 1163 1259 1318 1746 2017],13,428,49,155.15384615384616,9475.809051744736,12.77887528434607,-0.022794566754804887,113.14656084575198,3.439857822697264,0.09488629965648833,23.993246898570337,2.9692371466909893
302,0,50,15,Median,40,"[   0  201  415  494  548  722  838 1024 1114 1168 1266 1321 1746 1812
 2017]",14,425,54,144.07142857142858,8668.89768777351,12.811614491532206,-0.0782608986644576,107.2659282024555,3.269100797102085,0.08045937555461798,23.457437879965394,2.8032720897771446
303,0,50,15,Mode,40,"[   0  201  415  494  569  722  838 1040 1114 1163 1259 1318 1746 1812
 2017]",14,428,49,144.07142857142858,9281.595829981825,13.184211958567062,-0.07460196455583795,108.1046201022768,3.3034913458670414,0.0857607207102832,24.75327041382671,2.7373187586052903
304,0,50,15,Median,40,"[   0   54  201  415  494  548  722  838 1024 1114 1168 1266 1321 1746
 1812 2017]",15,425,54,134.46666666666667,8210.574719831538,12.526295342333851,-0.09402719563731525,100.50993649273515,3.227675718580176,0.07735519310231094,22.631770993406235,2.8055687998117342
305,0,50,15,Mode,40,"[   0   54  201  415  494  569  722  838 1040 1114 1163 1259 1318 1746
 1812 2017]",15,428,49,134.46666666666667,8779.508709024974,12.8722787045805,-0.09039471507701957,101.29448829395469,3.259773564094135,0.08227787074685723,23.835044060563167,2.744326420866441
306,0,50,15,Median,40,"[   0  201  372  421  514  569  722  838  954 1040 1114 1168 1266 1321
 1746 1812 2017]",16,425,49,126.0625,6825.984084689201,11.95932761837532,-0.08668950044911938,95.6878868988087,3.539637064821931,0.0690149387879885,18.24910911019015,3.025180543104613
307,0,50,15,Mode,40,"[   0  201  372  415  494  569  722  838  936 1040 1114 1163 1259 1318
 1746 1812 2017]",16,428,43,126.0625,7151.987374903051,12.062571248663998,-0.08758080911518726,96.20461579119184,3.6214183764793253,0.07027450799890063,18.931775707835747,3.039920504863902
308,0,50,20,Median,40,[   0  532 1273 2017],3,744,532,672.3333333333334,189872.2450838407,22.915849129976138,0.11796429581077486,388.7078533430802,2.2175323350521103,0.21289629598192017,392.03323888126243,1.8812008513449303
309,0,50,20,Mode,40,[   0  201 1746 2017],3,1545,201,672.3333333333334,84767.8671435439,20.049682095282463,-0.024012324217500734,160.8775063950797,2.321501860668396,0.06118648122455852,154.50166470618285,2.062849585382273
310,0,50,20,Median,40,[   0  521 1114 1761 2017],4,647,256,504.25,124122.39682135046,19.38860234769317,0.0637104746412852,279.32233375862677,2.503693494331887,0.16196720664432343,270.38484570300426,2.2267838071566604
311,0,50,20,Mode,40,[   0  201 1114 1746 2017],4,913,201,504.25,59007.13372096218,15.979914180195758,-0.03184762259901393,123.83180868218072,3.8068028146610464,0.06837916361542018,108.58555654916302,3.1406612783592323
312,0,50,20,Median,40,[   0  486  776 1168 1761 2017],5,593,256,403.4,59804.12677484697,15.9196267911191,0.05202946853699135,218.17621676020707,3.3471272896635407,0.1390821322165265,135.03521954793027,2.8728649389805487
313,0,50,20,Mode,40,[   0  201  838 1114 1746 2017],5,637,201,403.4,62208.47768873716,18.266760381220273,-0.011486530725074858,153.3931808963103,2.837372661532601,0.10324033707705757,124.01705652729494,2.090105626404965
314,0,50,20,Median,40,[   0  201  495  776 1168 1761 2017],6,593,201,336.1666666666667,41398.755702578244,14.756219343138692,0.004770216179289824,188.1731972585724,3.4403701313315125,0.10936527650209449,92.63268993204778,2.873740857987257
315,0,50,20,Mode,40,[   0  372  838 1114 1746 2017],5,632,271,403.4,66187.88161120725,17.88797525529658,0.040764394406712604,197.58678276439923,2.929207277414714,0.13005864311208426,140.26658237403365,2.1811337172191676
316,0,50,20,Median,40,[   0  201  495  776 1114 1318 1761 2017],7,443,201,288.14285714285717,34957.45565220968,14.46906655563813,-0.0025578418657060532,172.05688888233846,3.6340053461685504,0.11042403922849618,79.39628857315141,2.935623457269033
317,0,50,20,Mode,40,[   0  372  838 1114 1318 1746 2017],6,466,204,336.1666666666667,52419.42815438936,16.703614749283176,0.029796132595806258,177.89208148218142,2.9767613634182997,0.13059682113212764,112.29967314229278,2.406490575119703
318,0,50,20,Median,40,[   0  201  415  531  776 1114 1318 1761 2017],8,443,116,252.125,23616.652155767806,13.965097168748681,-0.007282604845976049,162.91546613386421,3.9550151926549963,0.11366990153221797,56.10967602152048,3.1403814950612854
319,0,50,20,Mode,40,[   0  372  494  838 1114 1318 1746 2017],7,428,122,288.14285714285717,31424.02887266237,16.013493373086508,0.036004464465506404,185.87224609839083,3.0244622978991296,0.1391331673893841,75.063788413526,2.5360326909471937
320,0,50,20,Median,40,[   0  201  401  531  724  850 1114 1318 1761 2017],9,443,126,224.11111111111111,22525.40809287948,14.482191892239051,-0.004797850180569633,154.78691153881257,3.2370396062691666,0.11175411895316113,54.43554248478513,2.6781296192575064
321,0,50,20,Mode,40,[   0  201  372  494  776  838 1114 1318 1746 2017],9,428,62,224.11111111111111,23936.848232663877,15.473650411686865,-0.03392131144373845,146.98594418269553,3.4162852458385897,0.1036920730501599,55.786459781738664,2.510786092435323
322,0,50,20,Median,40,[   0  201  388  531  724  850 1108 1187 1318 1761 2017],10,443,79,201.7,18620.258363551708,14.522350524942134,-0.015243234294777634,144.04039579123784,3.2605394796064404,0.11513911187297257,44.03654593613193,2.7108138255277403
323,0,50,20,Mode,40,[   0  201  372  494  776  838 1114 1163 1318 1746 2017],10,428,49,201.7,19313.941808804986,16.043856038482822,-0.034816929987742606,136.31979731823168,3.3297276368253,0.1185632150595391,44.84361109658574,2.446678852780028
324,0,50,20,Median,40,[   0  201  401  531  724  850 1040 1115 1280 1377 1761 2017],11,384,75,183.36363636363637,15340.24842267204,13.543457242678873,-0.022981422667640052,130.8050242482105,3.251166026266821,0.09922308156367897,37.06786334464334,2.818015508902948
325,0,50,20,Mode,40,[   0  201  372  494  776  838 1040 1114 1318 1377 1746 2017],11,369,59,183.36363636363637,16860.07797910938,15.01415885919217,-0.05562724054452537,123.44518553695536,3.2533122357987576,0.10295425841374113,39.63020230081265,2.532714957190896
326,0,50,20,Median,40,[   0  201  388  531  724  850 1108 1168 1322 1746 1812 2017],11,424,60,183.36363636363637,17166.460076077095,15.042893203238544,-0.06537460206895203,133.94656262274538,3.0712588213995917,0.105383475117201,42.738726482065445,2.391813917632228
327,0,50,20,Mode,40,[   0  201  372  494  776  838 1114 1163 1318 1746 1812 2017],11,428,49,183.36363636363637,18077.651344807175,16.244295639556434,-0.07675985353889295,127.08505230019978,3.1255485634575164,0.10433227088916734,43.74660524661748,2.197440777659715
328,0,50,20,Median,40,[   0  201  372  494  548  724  850 1108 1168 1280 1377 1746 1812 2017],13,369,54,155.15384615384616,10906.866422375751,13.616607722970521,-0.07488056253731058,114.78625746094752,3.1772127603924827,0.09067865625578973,29.236681403613435,2.6271431376176455
329,0,50,20,Mode,40,[   0  201  372  494  569  776  838 1114 1163 1318 1377 1746 1812 2017],13,369,49,155.15384615384616,12783.00530032498,15.617072138163829,-0.08460624817566148,114.19020182683448,3.4433892653814366,0.10326589479760108,33.93487264346983,2.2264085529399362
330,0,50,20,Median,40,"[   0  201  372  494  548  724  850 1040 1114 1168 1280 1377 1746 1812
 2017]",14,369,54,144.07142857142858,9352.163746856535,13.054350502997266,-0.07791925735216239,108.82581730474101,3.2000112639452936,0.08540818896756759,25.595503074429374,2.703124455573331
331,0,50,20,Mode,40,"[   0  201  372  494  569  776  838 1040 1114 1163 1318 1377 1746 1812
 2017]",14,369,49,144.07142857142858,11084.801402095558,14.788894977056234,-0.08716446464911505,107.87480193262878,3.371673299188579,0.09805836084319049,30.12509777159411,2.3368514622817265
332,0,50,20,Median,40,"[   0  201  372  494  548  724  850 1040 1114 1168 1266 1494 1746 1812
 2017]",14,252,54,144.07142857142858,8840.656432339463,12.492633162223232,-0.07491755266847315,107.7126075969397,3.5705415743396185,0.08157684173700187,24.107073845851076,2.9227247612033525
333,0,50,20,Mode,40,"[   0  201  372  494  569  776  838 1040 1114 1163 1259 1318 1489 1746
 1812 2017]",15,257,49,134.46666666666667,8976.096164372255,12.838062397934538,-0.0820524260077815,99.03490387117381,4.096339338345654,0.07756140443864736,23.94273812161719,3.0285883968625456
334,0,50,20,Median,40,"[   0   54  201  372  494  548  724  850 1040 1114 1168 1266 1321 1494
 1746 1812 2017]",16,252,54,126.0625,7434.44749803728,11.584683815328923,-0.09239227820860403,94.65628346718601,3.8663442789031977,0.0706796178890709,20.555865935762757,3.225065562653609
335,0,50,20,Mode,40,"[   0   54  201  372  494  569  776  838 1040 1114 1163 1259 1318 1489
 1746 1812 2017]",16,257,49,126.0625,8557.12618850897,12.575310082092704,-0.09495451934722769,93.27402170326404,3.9937262023506572,0.07520958329257323,23.2695547467031,3.009271057194211
336,40,35,10,Median,40,[   0  539 1259 2017],3,758,539,672.3333333333334,188757.94739124426,22.89314247096785,0.116475361760122,381.8376872523292,2.246264094137329,0.21333548369932,388.7751115403456,1.8929263504278224
337,40,35,10,Mode,40,[   0  722 1114 2017],3,903,392,672.3333333333334,118979.51312188075,20.476806953947033,0.07605134286985368,220.7335571959405,2.6062586329832276,0.17581734246689407,226.46446860987197,2.0835241914364384
338,40,35,10,Median,40,[   0  532 1168 2017],3,849,532,672.3333333333334,190059.99104719935,23.46403119977556,0.12547770018414006,383.3425549868319,2.2777586326143946,0.22617823109378385,393.776686698244,1.8954432928772662
339,40,35,10,Mode,40,[   0  722 1114 1746 2017],4,722,271,504.25,87279.47247958985,17.879765018442228,0.015991933847717146,174.396094359394,2.593571343637862,0.1327616641452875,174.21647839585998,2.2514158866030383
340,40,35,10,Median,40,[   0  486  742 1177 1761 2017],5,584,256,403.4,57295.540325997856,16.305276472410284,0.05478567355451078,225.27169810158065,2.9091442268839076,0.14343544745123776,131.3877803097281,2.6301724629010392
341,40,35,10,Mode,40,[   0  372  722 1114 1746 2017],5,632,271,403.4,64204.734102375296,17.692543262548885,0.05047669269303944,213.07180546079127,2.5707184603478956,0.13775941391578672,138.28886557310597,2.242753085890973
342,40,35,10,Median,40,[   0  372  532  742 1177 1761 2017],6,584,160,336.1666666666667,36703.6733157944,15.877284400611208,0.0471786512327629,206.82295004277987,2.97693988323651,0.13667634736474282,87.34848316600474,2.643804533155073
343,40,35,10,Mode,40,[   0  372  548  722 1114 1746 2017],6,632,174,336.1666666666667,38066.4935530166,16.448580074046475,0.05252588823270723,207.4019207700253,2.5698906474856473,0.13606377664608177,90.34211465911648,2.407775314390547
344,40,35,10,Median,40,[   0  372  532  742 1114 1318 1761 2017],7,443,160,288.14285714285717,32036.37091891936,15.759136295260731,0.04269225398137854,190.41166448674937,3.0817272784840553,0.13750728380998248,77.23941851164345,2.6243583158402632
345,40,35,10,Mode,40,[   0  372  548  722 1114 1377 1746 2017],7,392,174,288.14285714285717,29024.80487858453,14.892815942816272,0.03632495769282492,184.41203218912975,2.88035240381818,0.12494691727190478,68.89449381626643,2.6988822672604535
346,40,35,10,Median,40,[   0  372  532  742 1114 1318 1761 2017],7,443,160,288.14285714285717,32036.37091891936,15.759136295260731,0.04269225398137854,190.41166448674937,3.0817272784840553,0.13750728380998248,77.23941851164345,2.6243583158402632
347,40,35,10,Mode,40,[   0  201  372  548  722 1114 1377 1746 2017],8,392,171,252.125,22438.655524237987,13.31843787947648,-0.013333571757394875,160.78553443909738,3.3028859820577035,0.09850026971899327,51.60399532010056,2.9256671549786843
348,40,35,10,Median,40,[   0  201  372  532  722  838 1114 1279 1761 2017],9,482,116,224.11111111111111,23778.642377166812,14.77970884931667,-0.005170425759353624,155.82655891630336,3.3059404748469996,0.11580144587184302,57.30916689512635,2.6828650183652782
349,40,35,10,Mode,40,[   0  201  372  548  722  838 1114 1377 1746 2017],9,369,116,224.11111111111111,20703.283158032507,13.53696322232913,-0.015771140371938105,145.65017170982077,3.3778226624267282,0.09688812527793642,47.78366235485301,2.8801706188836382
350,40,35,10,Median,40,[   0  201  372  532  722  838 1112 1187 1318 1761 2017],10,443,75,201.7,18754.88689695143,14.51700520053927,-0.016773128646886543,142.73365200127094,3.313212737378676,0.11486196242389829,44.080934047771684,2.744878021326505
351,40,35,10,Mode,40,[   0  201  372  548  722  838 1114 1156 1377 1746 2017],10,369,42,201.7,18139.64820120556,15.165914708239306,-0.016594625212164274,136.97530186824937,3.3889591942217256,0.12279527052115172,42.21943831232186,2.7493550110470086
352,40,35,10,Median,40,[   0  201  372  494  548  722  838 1112 1187 1318 1761 2017],11,443,54,183.36363636363637,12636.0408722151,13.39890045836008,-0.018218569835245432,130.17814640636809,3.3495931203262383,0.1018184313790694,31.871941969857836,2.878956153585842
353,40,35,10,Mode,40,[   0  201  372  494  548  722  838 1114 1156 1377 1746 2017],11,369,42,183.36363636363637,12292.785837421086,14.034930206868045,-0.016902555852562964,126.37194291035183,3.4122978710722394,0.11034639979055891,30.900891868643914,2.8801308603653277
354,40,35,10,Median,40,[   0  201  372  494  548  722  838 1112 1187 1279 1377 1761 2017],12,384,54,168.08333333333334,11763.622994254374,13.257776064229512,-0.028103614746473878,120.61363445888071,3.3279958499705895,0.0996991350005414,30.120823347648283,2.8558191075021537
355,40,35,10,Mode,40,[   0  201  372  494  548  722  838 1114 1156 1321 1377 1746 2017],12,369,42,168.08333333333334,12000.358690081926,14.61506629145827,-0.03186017738841021,120.76009603484727,3.201802217110997,0.11732638052998441,31.28359541097227,2.622122264495719
356,40,35,10,Median,40,[   0  201  372  494  548  722  838 1112 1187 1279 1377 1746 1815 2017],13,369,54,155.15384615384616,11133.086030201288,13.475246868778802,-0.07405729131473383,114.33536848249274,3.2358303532068864,0.0887648382409133,29.60002207419889,2.668659103458739
357,40,35,10,Mode,40,[   0  201  372  494  548  722  838 1114 1156 1321 1377 1746 1819 2017],13,369,42,155.15384615384616,11461.646730787137,14.758630224765819,-0.0764426066162564,114.70756385506338,3.183423843396999,0.10671810084478091,31.166475246300923,2.443488376298493
358,40,35,10,Median,40,"[   0  201  372  494  548  722  838 1040 1114 1187 1275 1322 1746 1819
 2017]",14,424,47,144.07142857142858,8473.062583617446,12.382590074179753,-0.08040531434724175,107.31710066011182,3.366756801448425,0.07096439267049723,22.78644632778763,2.8700712194808258
359,40,35,10,Mode,40,"[   0  201  372  494  548  722  838 1040 1114 1156 1259 1377 1746 1819
 2017]",14,369,42,144.07142857142858,8933.740595402653,12.885337120563795,-0.07313791382481345,106.48209821000891,3.3062271497824143,0.08778926626849531,24.194993506749444,2.80413786771206
360,40,35,10,Median,40,"[   0  201  372  415  494  548  722  838 1040 1114 1187 1275 1322 1746
 1815 2017]",15,424,43,134.46666666666667,7048.982392993678,11.840838740964838,-0.08457098350374471,100.71097140258249,3.4340658247290596,0.06249950838465903,18.80659564974644,3.012367168167274
361,40,35,10,Mode,40,"[   0  201  372  415  494  548  722  838 1040 1114 1156 1259 1377 1746
 1819 2017]",15,369,42,134.46666666666667,7553.678546040154,12.321476349094363,-0.07550506833257387,100.11161340659218,3.376356265067629,0.07923613726069982,20.455669587385643,2.950419294103082
362,40,35,10,Median,40,"[   0  201  372  415  494  548  722  838 1040 1114 1187 1275 1321 1377
 1746 1819 2017]",16,369,43,126.0625,7220.1809762176445,12.242450589191835,-0.0882699525115963,96.58742945260381,3.43402819555633,0.07370332456339337,20.12020817419333,2.8496310448689504
363,40,35,10,Mode,40,"[   0  201  372  415  494  548  722  838 1040 1114 1156 1259 1321 1377
 1746 1819 2017]",16,369,42,126.0625,7305.713760414906,12.595453226108111,-0.08550959036808305,95.84822620432,3.42194516435936,0.08132602417890142,20.429131291800477,2.840411022109898
364,40,35,15,Median,40,[   0  548 1273 2017],3,744,548,672.3333333333334,187757.89139618602,22.799889930302832,0.11555090058509447,380.79463468691205,2.219758960349674,0.2116390775738888,386.25613280665664,1.8814182946779305
365,40,35,15,Mode,40,[   0  722 1114 2017],3,903,392,672.3333333333334,118979.51312188075,20.476806953947033,0.07605134286985368,220.7335571959405,2.6062586329832276,0.17581734246689407,226.46446860987197,2.0835241914364384
366,40,35,15,Median,40,[   0  548 1168 2017],3,849,548,672.3333333333334,188255.59731966394,23.408268863559137,0.12326692382343118,375.9815550308344,2.27259640742124,0.22546991373162334,388.5197253789866,1.8874043916673635
367,40,35,15,Mode,40,[   0  722 1114 1746 2017],4,722,271,504.25,87279.47247958985,17.879765018442228,0.015991933847717146,174.396094359394,2.593571343637862,0.1327616641452875,174.21647839585998,2.2514158866030383
368,40,35,15,Median,40,[   0  486  776 1187 1761 2017],5,574,256,403.4,59208.96980844435,15.742300601587353,0.04930413547367041,218.01743844258334,3.3691418078592847,0.1382913765981151,133.5139661347268,2.915456032431474
369,40,35,15,Mode,40,[   0  372  722 1114 1746 2017],5,632,271,403.4,64204.734102375296,17.692543262548885,0.05047669269303944,213.07180546079127,2.5707184603478956,0.13775941391578672,138.28886557310597,2.242753085890973
370,40,35,15,Median,40,[   0  372  531  776 1187 1761 2017],6,574,159,336.1666666666667,37050.09616149436,15.63240454141248,0.04311943445815264,202.97569492741,3.4228943464459114,0.13597672531357435,87.04484024829608,2.9034348377650794
371,40,35,15,Mode,40,[   0  372  548  722 1114 1746 2017],6,632,174,336.1666666666667,38066.4935530166,16.448580074046475,0.05252588823270723,207.4019207700253,2.5698906474856473,0.13606377664608177,90.34211465911648,2.407775314390547
372,40,35,15,Median,40,[   0  372  531 1114 1318 1761 2017],6,583,159,336.1666666666667,44959.12148487912,17.39180100594476,0.044986439929057896,217.99532654269308,2.6786933733667113,0.15722870294183483,104.26282704005561,2.3494080371774
373,40,35,15,Mode,40,[   0  372  548  722 1114 1377 1746 2017],7,392,174,288.14285714285717,29024.80487858453,14.892815942816272,0.03632495769282492,184.41203218912975,2.88035240381818,0.12494691727190478,68.89449381626643,2.6988822672604535
374,40,35,15,Median,40,[   0  372  531 1114 1318 1761 2017],6,583,159,336.1666666666667,44959.12148487912,17.39180100594476,0.044986439929057896,217.99532654269308,2.6786933733667113,0.15722870294183483,104.26282704005561,2.3494080371774
375,40,35,15,Mode,40,[   0  201  372  548  722 1114 1377 1746 2017],8,392,171,252.125,22438.655524237987,13.31843787947648,-0.013333571757394875,160.78553443909738,3.3028859820577035,0.09850026971899327,51.60399532010056,2.9256671549786843
376,40,35,15,Median,40,[   0  201  372  531  722  838 1114 1318 1761 2017],9,443,116,224.11111111111111,23200.74890495555,14.361198447408368,-0.007275572839693853,153.758418065175,3.347280796580754,0.10880634482036798,55.32891715587815,2.748338867397844
377,40,35,15,Mode,40,[   0  201  372  548  722  838 1114 1377 1746 2017],9,369,116,224.11111111111111,20703.283158032507,13.53696322232913,-0.015771140371938105,145.65017170982077,3.3778226624267282,0.09688812527793642,47.78366235485301,2.8801706188836382
378,40,35,15,Median,40,[   0  201  372  531  722  838 1112 1190 1318 1761 2017],10,443,78,201.7,18801.579371154916,14.470274779639148,-0.01659798818784383,142.81843239327816,3.3226570739681094,0.11403242692961031,44.15847079699045,2.754759895689518
379,40,35,15,Mode,40,[   0  201  372  548  722  838 1114 1190 1377 1746 2017],10,369,76,201.7,19221.215303018766,14.559652696936443,-0.014182978153684668,139.50319395596404,3.5947843990495643,0.115991857899374,44.809737843450876,2.895432213760042
380,40,35,15,Median,40,[   0  201  372  494  550  722  838 1112 1190 1318 1761 2017],11,443,56,183.36363636363637,12712.438081525976,13.368590782846132,-0.018156626466468314,130.16203528226788,3.3501193792061796,0.10074629473355692,31.970451218747137,2.8823506530534413
381,40,35,15,Mode,40,[   0  201  372  494  548  722  838 1114 1190 1377 1746 2017],11,369,54,183.36363636363637,13266.196229052974,13.489294396695467,-0.014333866535596249,128.69060655701017,3.599411693643002,0.10422332843095897,33.23216144666002,3.011600342807058
382,40,35,15,Median,40,[   0  201  372  531  722  838 1112 1187 1279 1377 1746 1819 2017],12,369,73,168.08333333333334,16126.195090388512,14.423460595446164,-0.07083817846669294,123.48575024548829,3.1970209413425827,0.0999462908928202,39.90770837869874,2.5380909358373414
383,40,35,15,Mode,40,[   0  201  372  548  722  838 1114 1190 1321 1377 1746 1819 2017],12,369,56,168.08333333333334,16819.253546786433,15.239145268412534,-0.07637870494885962,123.03245131629451,3.216803245588876,0.1103869217357044,42.28019051802017,2.3436354132381836
384,40,35,15,Median,40,[   0  201  372  494  567  722  838 1112 1187 1279 1377 1746 1819 2017],13,369,73,155.15384615384616,11829.290754101617,13.717385192126967,-0.07090067539281357,115.58918722369522,3.201339313050316,0.09207000444347167,31.23420514344919,2.6181993878875556
385,40,35,15,Mode,40,[   0  201  372  494  548  722  838 1114 1190 1321 1377 1746 1819 2017],13,369,54,155.15384615384616,12056.901131500961,14.290555637255382,-0.07622315917266713,115.55303495966973,3.2497941220495297,0.10104689185899769,32.843005797813696,2.486425254154185
386,40,35,15,Median,40,"[   0  201  372  505  567  722  838 1040 1114 1187 1279 1377 1746 1819
 2017]",14,369,62,144.07142857142858,9764.185471205215,13.093160534680852,-0.07424210747898836,109.24273297563852,3.2501497251906377,0.08299719410168802,26.371731637341483,2.6951985755978187
387,40,35,15,Mode,40,"[   0  201  372  494  548  722  838 1040 1114 1190 1321 1377 1746 1819
 2017]",14,369,54,144.07142857142858,9856.246029336477,13.510436700177245,-0.0787560309534745,109.15679055579753,3.283039695375385,0.09269470777426533,27.55515058701269,2.599143208986279
388,40,35,15,Median,40,"[   0  201  372  415  494  550  722  838 1040 1114 1187 1273 1322 1746
 1819 2017]",15,424,43,134.46666666666667,7178.313917302357,11.873684955676968,-0.08187005948155104,100.92855075793138,3.429763974761535,0.06467783719418423,19.251798287406448,3.008397783353928
389,40,35,15,Mode,40,"[   0  201  372  415  494  548  722  838 1040 1114 1190 1259 1377 1746
 1819 2017]",15,369,43,134.46666666666667,7384.609624879101,11.966010898287093,-0.07689584211554126,100.39345431467837,3.4270961687797272,0.07157442100663365,19.98789504330717,3.008972402752517
390,40,35,15,Median,40,"[   0  201  372  415  505  567  722  838 1040 1114 1187 1273 1321 1377
 1746 1819 2017]",16,369,43,126.0625,7713.036715875903,12.556537182859184,-0.08638877464084554,97.57051198278104,3.440735680338417,0.07584951520866218,21.13404478188298,2.781515704190455
391,40,35,15,Mode,40,"[   0  201  372  415  494  548  722  838 1040 1114 1190 1321 1377 1746
 1819 2017]",15,369,43,134.46666666666667,8410.29073469299,12.901925958735422,-0.08109006692101602,102.62059954563789,3.3547146409544024,0.08379119008748624,23.575815447630085,2.7600671110005712
392,40,35,20,Median,40,[   0  548 1275 2017],3,742,548,672.3333333333334,187831.07516364174,22.800105743952464,0.11567149291069785,381.2632869544889,2.215247810472112,0.21137141958676003,386.5261826672487,1.8791505884884212
393,40,35,20,Mode,40,[   0  722 1746 2017],3,1024,271,672.3333333333334,103057.93824077507,16.709927222982838,0.019647904691389006,203.15927812916362,2.387876300781363,0.10404470121390447,203.9845291490779,2.3159751567787064
394,40,35,20,Median,40,[   0  548 1168 2017],3,849,548,672.3333333333334,188255.59731966394,23.408268863559137,0.12326692382343118,375.9815550308344,2.27259640742124,0.22546991373162334,388.5197253789866,1.8874043916673635
395,40,35,20,Mode,40,[   0  722 1114 1746 2017],4,722,271,504.25,87279.47247958985,17.879765018442228,0.015991933847717146,174.396094359394,2.593571343637862,0.1327616641452875,174.21647839585998,2.2514158866030383
396,40,35,20,Median,40,[   0  466  776 1187 1761 2017],5,574,256,403.4,58237.955794783826,15.787932369177405,0.04773964351862811,209.89035479798935,3.1930896593723235,0.13723080777220115,128.4237494050402,2.8060531513151066
397,40,35,20,Mode,40,[   0  372  722 1114 1746 2017],5,632,271,403.4,64204.734102375296,17.692543262548885,0.05047669269303944,213.07180546079127,2.5707184603478956,0.13775941391578672,138.28886557310597,2.242753085890973
398,40,35,20,Median,40,[   0  466  776 1114 1321 1761 2017],6,466,207,336.1666666666667,47687.949627448,15.455327229951862,0.041083117759725396,184.89547772540692,3.320335435423995,0.1326527559462935,106.72623473734568,2.7946351592983656
399,40,35,20,Mode,40,[   0  372  722 1114 1377 1746 2017],6,392,263,336.1666666666667,48127.05958318507,15.57683366737216,0.03109834873595134,182.70866411667606,2.8610337277154305,0.12408005521283336,102.962370378888,2.625085875034776
400,40,35,20,Median,40,[   0  365  517  776 1114 1321 1761 2017],7,440,152,288.14285714285717,30932.87727123436,15.120538707878383,0.03565089930225747,183.90461368807175,3.686641883871578,0.1314906593114428,73.53550410520346,2.989289501243127
401,40,35,20,Mode,40,[   0  372  433  722 1114 1377 1746 2017],7,392,61,288.14285714285717,23483.916927288243,13.940075038879323,0.009905812283371281,163.92025820794237,2.9620910649632703,0.10110575274004753,52.06081073233948,2.736823026363665
402,40,35,20,Median,40,[   0  372  531 1114 1321 1761 2017],6,583,159,336.1666666666667,44933.38766950537,17.353062848449728,0.044750620244892104,217.77419695469445,2.6868205350918775,0.1567214469950079,104.09839993832755,2.3583178735430947
403,40,35,20,Mode,40,[   0  201  372  572  722 1114 1377 1746 2017],8,392,150,252.125,22162.48558630561,13.30615780648155,-0.014296899988956835,159.98215519062558,3.2757389183561036,0.09766543836355447,50.8407689770407,2.919556468573398
404,40,35,20,Median,40,[   0  201  372  531  724  850 1114 1321 1761 2017],9,440,126,224.11111111111111,23554.106484269694,14.431388434474684,-0.007071585491694117,154.6904716366195,3.33919569085033,0.10923897305169766,56.157066207096904,2.7192874101828
405,40,35,20,Mode,40,[   0  201  372  572  722  838 1114 1377 1746 2017],9,369,116,224.11111111111111,20717.935757350133,13.627312953263306,-0.01661606678666303,144.9294062852057,3.3853512935306904,0.09732384455968102,47.578380445846776,2.8659774330597525
406,40,35,20,Median,40,[   0  201  372  531  724  850 1112 1190 1321 1761 2017],10,440,78,201.7,19049.68556335597,14.52754744782296,-0.016051710513631856,143.86235208855015,3.3129383183301697,0.11415125156610251,44.80824057453571,2.729623672692079
407,40,35,20,Mode,40,[   0  201  372  572  722  838 1114 1190 1377 1746 2017],10,369,76,201.7,19234.239835745546,14.639963568877931,-0.015025131372198575,138.82563269753598,3.60156016704313,0.11637916392759141,44.62726503544533,2.8828160485832544
408,40,35,20,Median,40,[   0  201  372  531  724  850 1112 1190 1321 1746 1819 2017],11,425,73,183.36363636363637,17936.76325924391,14.833706065190176,-0.06283436171864978,134.27207689428866,3.162110780750369,0.10204392088458339,44.10917428626248,2.4674150316064085
409,40,35,20,Mode,40,[   0  201  372  572  722  838 1114 1190 1377 1746 1819 2017],11,369,73,183.36363636363637,17864.397370025436,14.809750561105025,-0.06329267989343557,129.53114755497324,3.4216645048508667,0.10374394996558652,43.15235387539241,2.6423860043378293
410,40,35,20,Median,40,[   0  201  372  531  724  850 1112 1187 1279 1377 1746 1819 2017],12,369,73,168.08333333333334,16300.34086754422,14.461490332142551,-0.07022302350789156,124.33901326782512,3.17383210277896,0.09985240834843666,40.35358668641374,2.5163382811774464
411,40,35,20,Mode,40,[   0  201  372  572  722  838 1114 1190 1321 1377 1746 1819 2017],12,369,56,168.08333333333334,16829.90998265379,15.30485416363739,-0.07720238256898382,122.44448597256047,3.2224497189168475,0.1107038084860641,42.130894584197456,2.3333130962753574
412,40,35,20,Median,40,[   0  201  372  505  569  724  850 1112 1187 1279 1377 1746 1819 2017],13,369,64,155.15384615384616,12031.285034302013,13.818426381723176,-0.0710473786390057,116.22515249195061,3.182124994238272,0.08991742304547445,31.71855596875928,2.576468195611986
413,40,35,20,Mode,40,[   0  201  372  494  572  722  838 1114 1190 1321 1377 1746 1819 2017],13,369,56,155.15384615384616,12818.241365896816,14.574302335020414,-0.07516247300764019,116.65934252738921,3.209157409279806,0.10327768718468372,34.375898854824165,2.4252606657303937
414,40,35,20,Median,40,"[   0  201  372  433  548  724  850 1040 1114 1187 1279 1377 1746 1819
 2017]",14,369,61,144.07142857142858,10332.144021520402,12.826894287368534,-0.07723615339671908,108.17615692621092,3.3305607928818186,0.08174830388943063,26.625897723599913,2.8050875800650323
415,40,35,20,Mode,40,"[   0  201  372  433  572  722  838 1040 1114 1190 1321 1377 1746 1819
 2017]",14,369,56,144.07142857142858,10853.114393731092,13.435904082759963,-0.0815664072303253,107.57399154870639,3.4404378797535276,0.09067177024243527,28.505725753231822,2.6827963619786024
416,40,35,20,Median,40,"[   0  201  372  433  514  569  724  850 1040 1114 1187 1279 1377 1746
 1819 2017]",15,369,55,134.46666666666667,8415.76415082146,12.681201639790329,-0.07553211815803458,103.3992402793884,3.31760564023169,0.07888760359605228,22.8767549628928,2.8017604167915016
417,40,35,20,Mode,40,"[   0  201  372  433  494  572  722  838 1040 1114 1190 1321 1377 1746
 1819 2017]",15,369,56,134.46666666666667,9377.358910392548,13.539234425856668,-0.07936741098332228,104.02991389906909,3.315469094183945,0.0933989624381781,25.645240884366427,2.630042926572178
418,40,35,20,Median,40,"[   0  201  372  433  494  567  722  776  850 1040 1114 1187 1279 1377
 1746 1819 2017]",16,369,54,126.0625,10542.281562157335,14.775495698646914,-0.0798434834210055,103.211274366716,3.2629216759562247,0.11021386893106908,28.96778268690335,2.4889017049113304
419,40,35,20,Mode,40,"[   0  201  372  433  494  572  722  776  838 1040 1114 1190 1321 1377
 1746 1819 2017]",16,369,54,126.0625,11185.36757524524,15.54051079961218,-0.08342926073929252,103.57162938698707,3.263838141363892,0.12061810262792362,30.967715688171378,2.335600336903591
420,40,40,10,Median,40,[   0  531 1257 2017],3,760,531,672.3333333333334,190112.79467061587,22.97129899784767,0.11831836834565461,387.000012455896,2.2447836147082296,0.2153269707701556,393.2629656269137,1.8912909927386228
421,40,40,10,Mode,40,[   0  415 1746 2017],3,1331,271,672.3333333333334,143533.75879024412,21.018957169146937,0.05384261843121369,298.9590499381269,2.0898033189087295,0.12150836123520704,292.99185630277145,1.8881783283761522
422,40,40,10,Median,40,[   0  517 1156 2017],3,861,517,672.3333333333334,187747.49288261274,23.33759131565007,0.12615486147295132,383.0074539240382,2.324445272795014,0.22451098423338858,390.09253755717845,1.9376734760404628
423,40,40,10,Mode,40,[   0  415 1114 1746 2017],4,699,271,504.25,105775.99816137909,18.134654723300187,0.04703704804577265,235.74320179580675,2.8728406798377333,0.13645821358576318,215.39783475539798,2.5199265044667256
424,40,40,10,Median,40,[   0  486  742 1168 1761 2017],5,593,256,403.4,57769.53134970129,16.430014803935837,0.056184290154869455,225.63586476306435,2.866003466507699,0.1442893330176204,132.50748783668067,2.5985219289155284
425,40,40,10,Mode,40,[   0  415  722 1114 1746 2017],5,632,271,403.4,63625.51716756957,17.732812222832287,0.05951551723115395,222.82421998898738,2.520521871295926,0.14583831528445254,141.12206585587805,2.262464960261877
426,40,40,10,Median,40,[   0  372  547  742 1168 1761 2017],6,593,175,336.1666666666667,36534.20024903341,15.716944927422015,0.0478050425468499,204.31247464027516,2.9831612001139654,0.13337198201077982,86.4190149769504,2.659490717928289
427,40,40,10,Mode,40,[   0  415  548  722 1114 1746 2017],6,632,133,336.1666666666667,35737.138812268335,16.53099435879711,0.05841136705859569,207.26707137562713,2.555886189038324,0.14093422974644354,85.77363337780078,2.414139753132636
428,40,40,10,Median,40,[   0  372  547  742 1114 1275 1761 2017],7,486,161,288.14285714285717,32809.29777844924,16.267154195212882,0.04523432565369198,191.18637067909603,3.025299222361052,0.14584214840936485,79.62278657330444,2.543900985487259
429,40,40,10,Mode,40,[   0  415  548  722 1114 1275 1746 2017],7,471,133,288.14285714285717,31273.365638574614,16.689826945826663,0.05236849432437318,195.70132263219276,2.755478144744224,0.1521162176262847,77.2155961566603,2.4076802106119675
430,40,40,10,Median,40,[   0  201  388  547  742 1114 1275 1761 2017],8,486,159,252.125,25362.324872799298,14.56882582134106,-0.00411051627370782,167.38794041622853,3.375766761688485,0.11867673390464693,60.50118095736146,2.76577957068711
431,40,40,10,Mode,40,[   0  201  415  548  722 1114 1275 1746 2017],8,471,133,252.125,25123.29594392583,14.997284217946923,0.00107677459454193,172.20177434751176,3.0693696611560544,0.12413453089126249,61.06523097067007,2.6029836196941725
432,40,40,10,Median,40,[   0  201  388  547  722  838 1114 1275 1761 2017],9,486,116,224.11111111111111,23322.45324359354,14.822694065570802,-0.004693353333309223,154.83965278694595,3.2566504917189896,0.11672506566054427,56.42363972991437,2.655951897383678
433,40,40,10,Mode,40,[   0  201  415  548  722  838 1114 1275 1746 2017],9,471,116,224.11111111111111,22772.894091772338,14.932722429751994,-0.001270460628110709,155.89603965813723,3.1835419147153097,0.11962588034815769,55.713827713976954,2.6203016137508808
434,40,40,10,Median,40,[   0  201  388  547  722  838 1108 1177 1280 1761 2017],10,481,69,201.7,17668.024415514392,14.45128724704714,-0.014770489005239354,140.90485380826055,3.2237583084748467,0.11440235066695653,41.67230387231701,2.6909067087347727
435,40,40,10,Mode,40,[   0  201  415  548  722  838 1114 1156 1275 1746 2017],10,471,42,201.7,17566.345060137683,15.334963569167233,-0.007930880973785179,142.4566217084176,3.106724710119244,0.12888092702641946,42.608594864185676,2.5567007838350317
436,40,40,10,Median,40,[   0  201  388  547  722  838 1040 1114 1177 1280 1761 2017],11,481,63,183.36363636363637,14760.745431742525,13.590793239140561,-0.019277657249302672,130.34446043009493,3.2461355434157526,0.10402519784307133,35.179130353336305,2.79682431092821
437,40,40,10,Mode,40,[   0  201  415  548  722  838 1040 1114 1156 1275 1746 2017],11,471,42,183.36363636363637,14843.958914977125,14.166319627055554,-0.012587348397839778,131.25563101915577,3.1500789496269417,0.11594409451084678,36.32355395344657,2.6866668852173996
438,40,40,10,Median,40,[   0  201  388  494  548  722  838 1040 1114 1177 1280 1761 2017],12,481,54,168.08333333333334,10096.864198763215,12.76809764691595,-0.019451997239809577,121.42573175066175,3.2969498230974157,0.09477652512913116,26.246827600159676,2.908776753308701
439,40,40,10,Mode,40,[   0  201  415  494  548  722  838 1040 1114 1156 1275 1746 2017],12,471,42,168.08333333333334,10700.413624776942,13.447774215381878,-0.013575084313543926,121.87729243202858,3.207359526604497,0.1068954930915015,28.188199360824914,2.791039882080784
440,40,40,10,Median,40,[   0  201  388  494  548  722  838 1040 1114 1177 1275 1321 1761 2017],13,440,46,155.15384615384616,8483.615428389923,12.035869827201422,-0.03741912674018476,112.24456441226509,3.4781877744345024,0.08003539920029737,21.5301135184572,3.0822616154031395
441,40,40,10,Mode,40,[   0  201  415  494  548  722  838 1040 1114 1156 1275 1377 1746 2017],13,369,42,155.15384615384616,9985.538266549856,13.257874867596888,-0.024817570746153435,113.78337033020185,3.237716103506576,0.10336225845295859,26.34685193829459,2.8283872580014706
442,40,40,10,Median,40,"[   0  201  388  494  548  722  838 1040 1114 1177 1275 1321 1746 1812
 2017]",14,425,46,144.07142857142858,8387.802267374629,12.495308102653375,-0.08278751550256762,107.31090017155546,3.346821439665915,0.07186597568057211,22.55535445115094,2.844234677356567
443,40,40,10,Mode,40,"[   0  201  415  494  548  722  838 1040 1114 1156 1275 1377 1746 1812
 2017]",14,369,42,144.07142857142858,9575.471692854753,13.518703526630961,-0.07632985865354798,108.70917566560553,3.127926980288543,0.09303474362300995,26.317829782406463,2.6388910921713653
444,40,40,10,Median,40,"[   0  201  372  415  494  548  722  838 1040 1114 1177 1279 1377 1746
 1812 2017]",15,369,43,134.46666666666667,7727.7510715830185,12.315893296416032,-0.08155237809031596,101.60193733545069,3.3102983326306448,0.07454312018991778,21.160771502483502,2.898684930522237
445,40,40,10,Mode,40,"[   0  201  372  415  494  548  722  838 1040 1114 1156 1275 1377 1746
 1812 2017]",15,369,42,134.46666666666667,7917.551648420868,12.639017999077993,-0.08125235354897856,101.66208065706537,3.2702293961907145,0.07990127999958918,21.62256693877352,2.847125421594279
446,40,40,10,Median,40,"[   0  201  372  415  494  548  722  838 1040 1114 1177 1275 1321 1377
 1746 1812 2017]",16,369,43,126.0625,7089.283935507282,12.286252461945134,-0.09217701075896864,96.37430128458416,3.402728940897595,0.0733244973011225,19.693825389732613,2.8300327431754506
447,40,40,10,Mode,40,"[   0  201  372  415  494  548  722  838 1040 1114 1156 1275 1321 1377
 1746 1812 2017]",16,369,42,126.0625,7136.0550759440175,12.591950077840805,-0.09267625540662275,96.20603231626814,3.3767332442234674,0.07709426663550076,19.81818505996151,2.7767216616035997
448,40,40,15,Median,40,[   0  548 1273 2017],3,744,548,672.3333333333334,187757.89139618602,22.799889930302832,0.11555090058509447,380.79463468691205,2.219758960349674,0.2116390775738888,386.25613280665664,1.8814182946779305
449,40,40,15,Mode,40,[   0  838 1746 2017],3,908,271,672.3333333333334,81074.81032039621,15.328866271757667,-0.0011588745226741172,150.73577941029956,2.520023176594633,0.0844370579115902,158.44354145113752,2.500384593996917
450,40,40,15,Median,40,[   0  547 1168 2017],3,849,547,672.3333333333334,188063.54649436602,23.392709027948563,0.12320879934370076,375.64767101580907,2.274852268709223,0.22518315303573627,387.97515663147374,1.8896957805580727
451,40,40,15,Mode,40,[   0  838 1114 1746 2017],4,838,271,504.25,75432.25070368401,18.50198690967326,-0.0054551080929673935,139.97707868375738,2.7258131280493907,0.1304862794583974,151.24158192967533,2.116375804878021
452,40,40,15,Median,40,[   0  480  776 1168 1761 2017],5,593,256,403.4,59689.70807719449,15.955173520795219,0.05187337492033376,216.3947166915946,3.2796398882092985,0.1390270650821902,134.07133526280737,2.83109557166986
453,40,40,15,Mode,40,[   0  372  838 1114 1746 2017],5,632,271,403.4,66187.88161120725,17.88797525529658,0.040764394406712604,197.58678276439923,2.929207277414714,0.13005864311208426,140.26658237403365,2.1811337172191676
454,40,40,15,Median,40,[   0  372  531  776 1168 1761 2017],6,593,159,336.1666666666667,37450.16060853419,15.726973051248748,0.04536457230130132,203.11558705811612,3.432758997127911,0.13658307193268915,88.10663820103814,2.9046189442519164
455,40,40,15,Mode,40,[   0  372  548  838 1114 1746 2017],6,632,176,336.1666666666667,40381.06534770674,16.34544576075506,0.04933589937212422,202.88482580627593,3.017222901036897,0.13650276981910198,95.19778092408396,2.5178910843556244
456,40,40,15,Median,40,[   0  372  531 1114 1318 1761 2017],6,583,159,336.1666666666667,44959.12148487912,17.39180100594476,0.044986439929057896,217.99532654269308,2.6786933733667113,0.15722870294183483,104.26282704005561,2.3494080371774
457,40,40,15,Mode,40,[   0  372  548  838 1114 1377 1746 2017],7,372,176,288.14285714285717,30424.66510952827,14.64956127995805,0.033055968859735246,180.47549893081202,3.18045511916434,0.12341185464678846,71.20944481049175,2.813117736001841
458,40,40,15,Median,40,[   0  201  415  547  776 1114 1318 1761 2017],8,443,132,252.125,23094.58882262922,13.621889887795223,-0.008422041507275626,160.74461776780183,4.049340560699079,0.10882322267746856,54.64541557174215,3.219943264913994
459,40,40,15,Mode,40,[   0  201  372  548  838 1114 1377 1746 2017],8,369,171,252.125,23638.535722189765,13.109933882740862,-0.016625750525886555,157.37067952162604,3.565475857985594,0.09718450175460783,53.588239029436544,3.0235832710427313
460,40,40,15,Median,40,[   0  201  415  532  724  838 1114 1318 1761 2017],9,443,114,224.11111111111111,22310.405014992237,14.619856882257086,-0.0035718561502752306,154.80358712543557,3.213003418488336,0.11506526905374356,54.270682263491366,2.6801567231206933
461,40,40,15,Mode,40,[   0  201  372  548  722  838 1114 1377 1746 2017],9,369,116,224.11111111111111,20703.283158032507,13.53696322232913,-0.015771140371938105,145.65017170982077,3.3778226624267282,0.09688812527793642,47.78366235485301,2.8801706188836382
462,40,40,15,Median,40,[   0  201  415  532  724  838 1112 1190 1318 1761 2017],10,443,78,201.7,18010.034234137805,14.70005862444728,-0.012879074478540165,143.77941198829237,3.2019223173462437,0.11959498830103904,43.21749664787279,2.694198870812174
463,40,40,15,Mode,40,[   0  201  372  548  722  838 1114 1163 1377 1746 2017],10,369,49,201.7,18330.77862876454,14.968692747369134,-0.015640625983281305,137.7348702936342,3.448539848069797,0.12015074854166279,42.73996824014194,2.7878914989503327
464,40,40,15,Median,40,[   0  201  415  547  724  838 1040 1114 1200 1318 1761 2017],11,443,74,183.36363636363637,14081.109348514889,13.320258882577154,-0.019102500169050157,130.21157640671112,3.27442641275931,0.10092540915807457,33.79244991433513,2.8701129695797176
465,40,40,15,Mode,40,[   0  201  372  548  722  838 1040 1114 1200 1377 1746 2017],11,369,74,183.36363636363637,15474.903001003575,13.324143336759724,-0.020284083634384206,128.02366965238602,3.663776230257575,0.10085599506793123,36.24178750606134,3.0352351297940343
466,40,40,15,Median,40,[   0  201  415  547  724  838 1040 1114 1190 1318 1746 1812 2017],12,428,66,168.08333333333334,13691.230770587817,13.95306176063616,-0.07082551957845633,123.38627514293348,3.1150814265444917,0.09277906994645942,34.60964969714777,2.571158885620331
467,40,40,15,Mode,40,[   0  201  372  548  722  838 1040 1114 1163 1377 1746 1812 2017],12,369,49,168.08333333333334,14405.179444167892,14.08637500306702,-0.07424590452634941,119.49190147057821,3.331769263670066,0.09545078879764701,35.17023751354745,2.6694914382156836
468,40,40,15,Median,40,[   0  201  388  505  567  724  838 1040 1114 1259 1322 1746 1812 2017],13,424,62,155.15384615384616,9628.547398110217,12.831865339507916,-0.07758085241006175,113.554827367843,3.2710494580419676,0.06964654116397449,25.387633328606075,2.7398941877639076
469,40,40,15,Mode,40,[   0  201  372  494  548  722  838 1040 1114 1275 1377 1746 1812 2017],13,369,54,155.15384615384616,10262.632883681743,12.91290561574394,-0.07712306253119576,114.01505594996355,3.2721907556060974,0.07803245666223363,27.60404298209391,2.7695165844626355
470,40,40,15,Median,40,"[   0  201  388  494  550  724  838 1040 1114 1187 1279 1377 1746 1812
 2017]",14,369,56,144.07142857142858,9225.27604823404,12.930995281317031,-0.07874909260169842,108.56953962648878,3.232388297050732,0.0826560034473455,25.251487830645445,2.733575410347204
471,40,40,15,Mode,40,"[   0  201  372  494  548  722  838 1040 1114 1163 1275 1377 1746 1812
 2017]",14,369,49,144.07142857142858,9326.321766208614,13.140564901142797,-0.07818765510724689,108.45977080002105,3.197253644775597,0.08721803475271275,25.519611785157085,2.6991398469218004
472,40,40,15,Median,40,"[   0  201  372  415  505  567  724  838 1040 1114 1187 1279 1377 1746
 1812 2017]",15,369,43,134.46666666666667,8211.011865021836,12.609532523320839,-0.08125073473891016,102.77711981064016,3.3341424539815923,0.07478842717869134,22.110923567455668,2.8259191630889036
473,40,40,15,Mode,40,"[   0  201  372  415  494  548  722  838 1040 1114 1163 1275 1377 1746
 1812 2017]",15,369,43,134.46666666666667,7918.218204645689,12.558473573917722,-0.08052214057060494,101.96673614708716,3.2746476603946,0.07870570799604458,21.685672274478446,2.852921131940698
474,40,40,15,Median,40,"[   0  201  372  415  494  550  722  776  838 1040 1114 1187 1275 1322
 1746 1812 2017]",16,424,43,126.0625,9174.512747727738,14.064983467114114,-0.09054118474033039,100.4384080840803,3.3497654202946423,0.09250748740741796,24.948224313470273,2.6656447495946782
475,40,40,15,Mode,40,"[   0  201  372  415  494  548  722  776  838 1040 1114 1163 1275 1377
 1746 1812 2017]",16,369,43,126.0625,9925.44242721972,14.673831809364147,-0.08611734981155326,101.53689478768406,3.220528598882084,0.10771114346169872,27.480253670340247,2.5309248345228563
476,40,40,20,Median,40,[   0  548 1275 2017],3,742,548,672.3333333333334,187831.07516364174,22.800105743952464,0.11567149291069785,381.2632869544889,2.215247810472112,0.21137141958676003,386.5261826672487,1.8791505884884212
477,40,40,20,Mode,40,[   0  838 1746 2017],3,908,271,672.3333333333334,81074.81032039621,15.328866271757667,-0.0011588745226741172,150.73577941029956,2.520023176594633,0.0844370579115902,158.44354145113752,2.500384593996917
478,40,40,20,Median,40,[   0  547 1168 2017],3,849,547,672.3333333333334,188063.54649436602,23.392709027948563,0.12320879934370076,375.64767101580907,2.274852268709223,0.22518315303573627,387.97515663147374,1.8896957805580727
479,40,40,20,Mode,40,[   0  838 1114 1746 2017],4,838,271,504.25,75432.25070368401,18.50198690967326,-0.0054551080929673935,139.97707868375738,2.7258131280493907,0.1304862794583974,151.24158192967533,2.116375804878021
480,40,40,20,Median,40,[   0  460  784 1168 1761 2017],5,593,256,403.4,59810.25589482278,16.049298052840513,0.04996248759450738,208.96983792609427,3.1347549705101327,0.1372249666007331,131.5970387334749,2.7361276792159517
481,40,40,20,Mode,40,[   0  201  838 1114 1746 2017],5,637,201,403.4,62208.47768873716,18.266760381220273,-0.011486530725074858,153.3931808963103,2.837372661532601,0.10324033707705757,124.01705652729494,2.090105626404965
482,40,40,20,Median,40,[   0  460  776 1114 1318 1761 2017],6,460,204,336.1666666666667,47990.56333711727,15.559649268015011,0.04150811380178865,184.75567542687475,3.2556862542168106,0.1332094909008802,107.16206255287186,2.7551582809290656
483,40,40,20,Mode,40,[   0  201  838 1114 1377 1746 2017],6,637,201,336.1666666666667,45895.31493471692,15.847436080170818,-0.030157951359763704,133.0004025302091,3.1260201855593315,0.09418372541869022,89.4671980703421,2.529934699970557
484,40,40,20,Median,40,[   0  365  514  776 1114 1318 1761 2017],7,443,149,288.14285714285717,30436.65902696403,15.091542888552041,0.03506466916105101,182.4348910002605,3.653088607845305,0.13076259363438794,72.31901530314846,2.970439187299298
485,40,40,20,Mode,40,[   0  201  415  838 1114 1377 1746 2017],7,423,201,288.14285714285717,31693.490831381496,13.833235561865576,-0.023457903032041903,153.85351695408337,3.3314622142359935,0.09437353566962274,67.51338168430826,2.791472605323806
486,40,40,20,Median,40,[   0  201  388  531  776 1114 1318 1761 2017],8,443,143,252.125,24489.378801247123,13.712433754746266,-0.009910441144496716,162.23272092333343,4.041492282237575,0.1090545543965067,57.1153725222826,3.193230019829353
487,40,40,20,Mode,40,[   0  201  372  569  838 1114 1377 1746 2017],8,369,171,252.125,22887.02851586688,12.791049090980097,-0.0174639436718845,155.94898193863318,3.6432926627795794,0.09290057227684376,51.883425856406234,3.093567166100931
488,40,40,20,Median,40,[   0  201  388  531  724  850 1114 1318 1761 2017],9,443,126,224.11111111111111,23269.913019363456,14.537656425921693,-0.005673894624689632,155.47503584484247,3.281827673274368,0.1118394213577587,55.85952277720635,2.6883704436280396
489,40,40,20,Mode,40,[   0  201  372  569  722  838 1114 1377 1746 2017],9,369,116,224.11111111111111,20726.402799061656,13.604974421599525,-0.01628326102697281,145.26432390772356,3.3888490690703175,0.09725228878680314,47.64955264322532,2.868923143637189
490,40,40,20,Median,40,[   0  201  415  531  724  850 1040 1151 1318 1761 2017],10,443,111,201.7,17618.718056647696,14.02377754057128,-0.01088614478174352,142.50479683591647,3.177194600530547,0.11002098640655694,42.60632129597675,2.7385042840753693
491,40,40,20,Mode,40,[   0  201  372  569  722  838 1040 1114 1377 1746 2017],10,369,74,201.7,16540.31465721017,13.05650592551526,-0.024121113245757855,132.2653822065165,3.4390153237597554,0.09222809075586864,38.35566519787515,2.958069639214937
492,40,40,20,Median,40,[   0  201  388  531  724  850 1040 1151 1280 1377 1761 2017],11,384,97,183.36363636363637,16408.47811620385,13.694122742583053,-0.024245727116018193,130.8052046487623,3.2652909318819883,0.10235973618045699,39.195985378086064,2.7956806583593545
493,40,40,20,Mode,40,[   0  201  372  569  722  838 1040 1114 1275 1377 1746 2017],11,369,74,183.36363636363637,15901.085436053976,13.49942398535239,-0.025969494382185286,128.62328673389305,3.4180231578091678,0.09718916591388874,37.51721003048142,2.8722168605139733
494,40,40,20,Median,40,[   0  201  415  531  724  850 1040 1151 1280 1377 1746 1812 2017],12,369,66,168.08333333333334,14907.413529937377,14.078284768559511,-0.07310206462656195,123.58532491963776,3.101448631436409,0.0926708713652606,37.454157369600146,2.553406630182389
495,40,40,20,Mode,40,[   0  201  372  569  722  838 1040 1114 1275 1377 1746 1812 2017],12,369,66,168.08333333333334,14878.684288095752,13.785717026233067,-0.07744383946062182,121.07579096653573,3.2749102595295803,0.08554511134568306,36.467424019687556,2.644282337031802
496,40,40,20,Median,40,[   0  201  388  531  722  838 1040 1114 1187 1280 1377 1746 1812 2017],13,369,66,155.15384615384616,13237.423399418933,13.695585799715962,-0.07787950657953717,116.25320921456087,3.175708783105328,0.09095896967100459,33.274006954399134,2.624916297763125
497,40,40,20,Mode,40,[   0  201  372  569  722  838 1040 1114 1163 1275 1377 1746 1812 2017],13,369,49,155.15384615384616,13479.676293798693,13.95961363454107,-0.07864551221743239,114.39468131557173,3.1939995629487736,0.09487009972008136,33.47067513653985,2.5784770586484664
498,40,40,20,Median,40,"[   0  201  372  512  569  724  850 1040 1114 1187 1280 1377 1746 1812
 2017]",14,369,57,144.07142857142858,9676.113077500855,13.091258539491566,-0.0783080621832593,109.4676508071438,3.2339468881959186,0.08052138902524902,26.113711429028413,2.6763632173456346
499,40,40,20,Mode,40,"[   0  201  372  494  569  722  838 1040 1114 1163 1275 1377 1746 1812
 2017]",14,369,49,144.07142857142858,9915.254936093554,13.352879282401819,-0.07697779703167422,109.43035126407625,3.183050668492156,0.08875284063134543,26.70954834433493,2.6517150761864916
500,40,40,20,Median,40,"[   0  201  372  421  514  569  724  850 1040 1114 1187 1280 1377 1746
 1812 2017]",15,369,49,134.46666666666667,8220.874420790828,12.608934247392478,-0.08022261388135153,102.9304137747629,3.331173655105241,0.07647082159217326,22.318830481628986,2.808173196116066
501,40,40,20,Mode,40,"[   0  201  372  415  494  569  722  838 1040 1114 1163 1275 1377 1746
 1812 2017]",15,369,43,134.46666666666667,8486.548625541678,12.818265787327283,-0.07967059912496455,102.87722767267415,3.278971751083591,0.08148124238849576,22.823948661379713,2.798154278672981
502,40,40,20,Median,40,"[   0  201  372  494  567  722  776  850 1040 1114 1187 1280 1377 1530
 1746 1812 2017]",16,216,54,126.0625,11064.537141629193,14.586515630722522,-0.08104140507266827,102.14143487596579,3.603114349851199,0.11043264818590902,30.72056138649611,2.572544244959325
503,40,40,20,Mode,40,"[   0  201  372  494  569  722  776  838 1040 1114 1163 1275 1377 1489
 1746 1812 2017]",16,257,49,126.0625,11216.30314418355,15.02645989054445,-0.0815639923987888,102.2138118637373,3.409330622586043,0.11547941315984693,30.96571769457354,2.442420914905376
504,40,45,10,Median,40,[   0  521 1211 2017],3,806,521,672.3333333333334,191506.40634133082,23.290554246506023,0.1240504509002359,390.63611529644226,2.2555275284165823,0.2208808331599332,396.46925865447173,1.8945798018375872
505,40,45,10,Mode,40,[   0  415 1114 2017],3,903,415,672.3333333333334,150668.0225754577,21.23788686289555,0.10908748975260363,306.7453315104935,2.786406295509117,0.1899356722564982,295.18547775660977,2.3445688377362606
506,40,45,10,Median,40,[   0  517 1156 2017],3,861,517,672.3333333333334,187747.49288261274,23.33759131565007,0.12615486147295132,383.0074539240382,2.324445272795014,0.22451098423338858,390.09253755717845,1.9376734760404628
507,40,45,10,Mode,40,[   0  415 1114 1746 2017],4,699,271,504.25,105775.99816137909,18.134654723300187,0.04703704804577265,235.74320179580675,2.8728406798377333,0.13645821358576318,215.39783475539798,2.5199265044667256
508,40,45,10,Median,40,[   0  480  728 1163 1748 2017],5,585,248,403.4,57749.74835166567,16.76359469380389,0.05718869089702201,229.13273909691193,2.6582020398372306,0.1458604873814994,133.2736085179605,2.4911964306642247
509,40,45,10,Mode,40,[   0  415  722 1114 1746 2017],5,632,271,403.4,63625.51716756957,17.732812222832287,0.05951551723115395,222.82421998898738,2.520521871295926,0.14583831528445254,141.12206585587805,2.262464960261877
510,40,45,10,Median,40,[   0  365  517  742 1163 1748 2017],6,585,152,336.1666666666667,35993.25761196458,15.797094292703786,0.04571210197376056,205.8072361140042,2.9476345245187545,0.1354159196074979,85.14725453202233,2.6302717938944817
511,40,45,10,Mode,40,[   0  415  722 1114 1746 2017],5,632,271,403.4,63625.51716756957,17.732812222832287,0.05951551723115395,222.82421998898738,2.520521871295926,0.14583831528445254,141.12206585587805,2.262464960261877
512,40,45,10,Median,40,[   0  365  517  724 1114 1288 1748 2017],7,460,152,288.14285714285717,32126.420544488672,16.289124073362633,0.043582679968866694,195.18264428853786,2.807329965706956,0.14481865829854965,78.06210455970269,2.4438129382723957
513,40,45,10,Mode,40,[   0  201  415  722 1114 1275 1746 2017],7,471,161,288.14285714285717,36470.971327735926,15.67771480106368,-0.004528699548631179,174.05507358249372,3.0167515157570257,0.12449868982516506,81.63803494998788,2.4976532043455255
514,40,45,10,Median,40,[   0  201  415  531  724 1114 1288 1748 2017],8,460,116,252.125,24844.280573320615,14.936743940180602,0.00030180727180360124,172.22526074892085,3.0893694815227857,0.12406922770065436,60.123602842785665,2.6226524956843558
515,40,45,10,Mode,40,[   0  201  415  494  722 1114 1275 1746 2017],8,471,79,252.125,24848.47057623867,15.468818720319144,0.0007722479103888094,170.22921011293397,3.0192383308543285,0.13180032590549157,60.47194156095092,2.5442765028070746
516,40,45,10,Median,40,[   0  201  415  547  722  838 1114 1288 1748 2017],9,460,116,224.11111111111111,22003.05409216384,14.63432978225142,-0.003547546433320913,153.6855442930592,3.1995695986305845,0.11500192100253023,53.332169160894836,2.662838360579555
517,40,45,10,Mode,40,[   0  201  415  494  722  838 1114 1275 1746 2017],9,471,79,224.11111111111111,21695.238892238092,15.18253361497667,-0.002249980608727843,154.12521913555037,3.153727474642076,0.12314516063056882,53.51445758298813,2.6060514704105846
518,40,45,10,Median,40,[   0  201  415  531  722  838 1040 1156 1317 1748 2017],10,431,116,201.7,17455.61407407818,13.956221187007015,-0.01146506617578452,141.92986364211274,3.196512306643565,0.10948356679005973,41.97065019738159,2.780403587881114
519,40,45,10,Mode,40,[   0  201  415  494  722  838 1040 1114 1275 1746 2017],10,471,74,201.7,16806.69657058833,14.1644933715909,-0.01123035501306958,140.28346863674724,3.1951391650075838,0.11185352801054226,42.095458960321146,2.7517409849528787
520,40,45,10,Median,40,[   0  201  415  547  722  838 1040 1114 1168 1317 1748 2017],11,431,54,183.36363636363637,14562.920213653333,13.783865683542507,-0.015271766675045163,130.6786836829037,3.220790481097025,0.10991339111818887,35.45346485900619,2.772990440244151
521,40,45,10,Mode,40,[   0  201  415  494  722  838 1040 1114 1163 1275 1746 2017],11,471,49,183.36363636363637,13863.88177262937,14.225352620997487,-0.01479284809833933,130.17792580018875,3.1032441891284264,0.11654862062197058,34.25225373559945,2.689716951241737
522,40,45,10,Median,40,[   0  201  415  494  548  722  838 1040 1114 1168 1317 1748 2017],12,431,54,168.08333333333334,10505.313027158298,13.115426288647042,-0.015930505099046588,121.54230075665461,3.273070006329178,0.10163722181123251,27.543540632196347,2.8668528348968865
523,40,45,10,Mode,40,[   0  201  415  494  548  722  838 1040 1114 1163 1275 1746 2017],12,471,49,168.08333333333334,10593.183640485706,13.319759711529326,-0.013259768292003541,122.24665455882929,3.2113149649510717,0.10488558571440594,27.90474107622849,2.804176409986761
524,40,45,10,Median,40,[   0  201  415  494  548  722  838 1040 1114 1168 1275 1321 1748 2017],13,427,46,155.15384615384616,8703.504189881998,12.410918179494933,-0.03391232033764791,112.76354565773701,3.410746799820463,0.08564955084182092,22.297046771668303,3.0121838137944192
525,40,45,10,Mode,40,[   0  201  415  494  548  722  838 1040 1114 1163 1275 1377 1746 2017],13,369,49,155.15384615384616,9986.315915478812,13.163906371576571,-0.024342984024892263,114.12695095055217,3.242814100664906,0.10196742444882323,26.42047482995034,2.835148920072293
526,40,45,10,Median,40,"[   0  201  415  494  548  722  838 1040 1114 1168 1275 1321 1746 1812
 2017]",14,425,46,144.07142857142858,8589.53205247174,12.85027535297108,-0.08072788810893813,107.78480600004401,3.276550179286033,0.07732650194281404,23.261745005707077,2.774415833629003
527,40,45,10,Mode,40,"[   0  201  415  494  548  722  838 1040 1114 1163 1275 1377 1746 1812
 2017]",14,369,49,144.07142857142858,9576.189522635328,13.431963376458363,-0.07559964567517435,109.03537058816129,3.1326608347927065,0.09174720454226962,26.38578937470408,2.645132626390586
528,40,45,10,Median,40,"[   0  201  372  415  494  548  722  838 1040 1114 1168 1275 1321 1746
 1812 2017]",15,425,43,134.46666666666667,7002.036268065215,12.018334694965246,-0.08566708744405085,100.798762277159,3.408944381921705,0.0653150555822644,18.784773931838373,2.9729698243763716
529,40,45,10,Mode,40,"[   0  201  372  415  494  548  722  838 1040 1114 1163 1275 1377 1746
 1812 2017]",15,369,43,134.46666666666667,7918.218204645689,12.558473573917722,-0.08052214057060494,101.96673614708716,3.2746476603946,0.07870570799604458,21.685672274478446,2.852921131940698
530,40,45,10,Median,40,"[   0  201  372  415  494  548  722  838  957 1040 1114 1168 1275 1321
 1746 1812 2017]",16,425,43,126.0625,6498.6125461174515,11.763440881244899,-0.09105049717934012,95.32823386663468,3.5312574179433005,0.06378561751892385,17.453528146075744,3.0713025872990287
531,40,45,10,Mode,40,"[   0  201  372  415  494  548  722  838  957 1040 1114 1163 1275 1377
 1746 1812 2017]",16,369,43,126.0625,7353.715686925892,12.267570501600543,-0.08540386394566499,96.43028502299842,3.4176611739371463,0.07628355977178534,20.161033265873144,2.9592571410257325
532,40,45,15,Median,40,[   0  547 1259 2017],3,758,547,672.3333333333334,187431.17735091533,22.815015630347215,0.11535253530148212,377.7930558750712,2.249596935144598,0.21298741113350558,385.62895484731797,1.8946459014420018
533,40,45,15,Mode,40,[   0  201 1114 2017],3,913,201,672.3333333333334,76310.9286790205,17.69213745123408,0.03297510008481399,149.5360557625729,3.960473870958566,0.08667554725850266,125.2790038990044,3.3100423056412716
534,40,45,15,Median,40,[   0  547 1163 2017],3,854,547,672.3333333333334,186704.69515118105,23.33688959530103,0.12325863436646474,374.00527092141,2.2852334318445586,0.22475907405892864,385.99200311492245,1.8988826333340927
535,40,45,15,Mode,40,[   0  201 1114 1746 2017],4,913,201,504.25,59007.13372096218,15.979914180195758,-0.03184762259901393,123.83180868218072,3.8068028146610464,0.06837916361542018,108.58555654916302,3.1406612783592323
536,40,45,15,Median,40,[   0  466  776 1168 1761 2017],5,593,256,403.4,58912.49318418007,15.997287311692832,0.05042235656783398,210.045573503937,3.152065359891769,0.13796746083862646,130.08673443562722,2.750692167264089
537,40,45,15,Mode,40,[   0  201  838 1114 1746 2017],5,637,201,403.4,62208.47768873716,18.266760381220273,-0.011486530725074858,153.3931808963103,2.837372661532601,0.10324033707705757,124.01705652729494,2.090105626404965
538,40,45,15,Median,40,[   0  201  494  776 1168 1761 2017],6,593,201,336.1666666666667,41538.69606460499,14.773000602419202,0.004799656743581465,188.7128234619427,3.4242318653108854,0.1097953237555855,93.0691974269793,2.8645531746057937
539,40,45,15,Mode,40,[   0  415  838 1114 1746 2017],5,632,271,403.4,66923.57874293468,17.7557432330534,0.05073267901139033,209.12744290802755,2.9214000839763545,0.13664129202252928,145.4503058413341,2.228356053285741
540,40,45,15,Median,40,[   0  353  514  776 1114 1317 1761 2017],7,444,161,288.14285714285717,30398.3067258798,14.917816150248463,0.03483201819440743,182.4187990563654,3.659829571259143,0.12858744917029477,72.33822617053852,2.9801801516176005
541,40,45,15,Mode,40,[   0  201  415  838 1114 1377 1746 2017],7,423,201,288.14285714285717,31693.490831381496,13.833235561865576,-0.023457903032041903,153.85351695408337,3.3314622142359935,0.09437353566962274,67.51338168430826,2.791472605323806
542,40,45,15,Median,40,[   0  201  415  532  776 1114 1318 1761 2017],8,443,117,252.125,23518.357629222035,13.924913542993627,-0.007460186316515526,162.5981080285828,3.9527278309202005,0.11301632573546225,55.86376924220035,3.1422183446772527
543,40,45,15,Mode,40,[   0  201  415  494  838 1114 1377 1746 2017],8,369,79,252.125,21680.91822920192,14.093271172938845,-0.014587186500577835,156.13617601812595,3.2814452500151585,0.11263032712902143,50.74125486722961,2.8222751907329715
544,40,45,15,Median,40,[   0  201  415  531  722  838 1114 1318 1761 2017],9,443,116,224.11111111111111,22366.83015432615,14.639388663372722,-0.0034316238115587845,155.02362680002358,3.2220331675290557,0.11509803374093978,54.410520002957405,2.6783626554229683
545,40,45,15,Mode,40,[   0  201  415  494  722  838 1114 1377 1746 2017],9,369,79,224.11111111111111,18832.421042764887,13.959515629426793,-0.012414838696281173,145.25696230839637,3.2324679663867766,0.10550444200802431,44.76674586199481,2.8059516988695647
546,40,45,15,Median,40,[   0  201  415  532  722  838 1040 1156 1318 1761 2017],10,443,116,201.7,17466.524802092918,13.962197321312363,-0.012036192084969801,141.69567338241853,3.191999692741241,0.10961637669147618,42.028535963673875,2.7747810238433814
547,40,45,15,Mode,40,[   0  201  415  494  722  838 1040 1114 1377 1746 2017],10,369,74,201.7,14856.775318279708,13.371653665806164,-0.022120531900249044,132.25872216716917,3.245037854602912,0.09956333806362078,35.79317028122581,2.902095021643716
548,40,45,15,Median,40,[   0  201  415  531  722  838 1040 1114 1174 1318 1761 2017],11,443,60,183.36363636363637,14888.533381913681,13.93614239366759,-0.015633386711575117,132.901042328019,3.206350985120102,0.11161514147309064,36.50089854708844,2.7633875467113738
549,40,45,15,Mode,40,[   0  201  415  494  722  838 1040 1114 1163 1377 1746 2017],11,369,49,183.36363636363637,13883.540415519234,14.168189685547869,-0.01942770096654347,126.59254040051113,3.356458307814483,0.11497846449511939,33.67677167944074,2.8405717358049833
550,40,45,15,Median,40,[   0  201  415  532  722  838 1040 1114 1174 1318 1746 1812 2017],12,428,60,168.08333333333334,14114.428000759646,14.28196110656005,-0.0688768035150576,124.96395326052198,3.0734065518382105,0.0986916865933262,36.08043081832702,2.5131432404671545
551,40,45,15,Mode,40,[   0  201  415  494  722  838 1040 1114 1163 1377 1746 1812 2017],12,369,49,168.08333333333334,13044.552451245987,14.393685844592596,-0.07338640268855723,119.17851749594439,3.2089292608090507,0.10171720096498366,32.976116427832395,2.6155140418418115
552,40,45,15,Median,40,[   0  201  415  494  548  722  838 1040 1114 1174 1318 1746 1812 2017],13,428,54,155.15384615384616,10237.831236352924,13.508885358820402,-0.0702029474953476,115.7713579349418,3.1501066928838597,0.08998687561105512,28.14646660629189,2.6315143062569724
553,40,45,15,Mode,40,[   0  201  415  494  569  722  838 1040 1114 1163 1377 1746 1812 2017],13,369,49,155.15384615384616,10777.742097941567,13.85262215792501,-0.07111588215839527,113.8617224648036,3.263611226076674,0.09550016072899135,28.591897050441077,2.6627241259957395
554,40,45,15,Median,40,"[   0  201  415  494  567  722  838 1040 1114 1174 1275 1321 1746 1812
 2017]",14,425,46,144.07142857142858,9240.505200126996,13.10006670337187,-0.07919144577683955,108.9820710159744,3.261437926078591,0.0800790673370706,24.61022509637331,2.7254129655039376
555,40,45,15,Mode,40,"[   0  201  415  494  569  722  838 1040 1114 1163 1275 1377 1746 1812
 2017]",14,369,49,144.07142857142858,10188.237668215626,13.711739606284043,-0.07454418943513573,110.0102195264073,3.104704372799088,0.09473624158029394,27.611625483674672,2.5861529382561197
556,40,45,15,Median,40,"[   0  201  372  421  512  567  722  838 1040 1114 1174 1280 1377 1746
 1812 2017]",15,369,49,134.46666666666667,8246.44701146617,12.737531232651335,-0.07923672825823506,102.54129143711441,3.314827909942284,0.08016804637581766,22.446296044277062,2.8056490247051173
557,40,45,15,Mode,40,"[   0  201  372  415  494  569  722  838 1040 1114 1163 1275 1377 1746
 1812 2017]",15,369,43,134.46666666666667,8486.548625541678,12.818265787327283,-0.07967059912496455,102.87722767267415,3.278971751083591,0.08148124238849576,22.823948661379713,2.798154278672981
558,40,45,15,Median,40,"[   0  201  372  415  494  567  722  776  838 1040 1114 1174 1280 1377
 1746 1812 2017]",16,369,43,126.0625,10275.71318809009,14.741696836040918,-0.0848786554217015,102.35320716602163,3.2538185995782847,0.10755427796571279,28.174332968170308,2.519583350150983
559,40,45,15,Mode,40,"[   0  201  372  415  494  569  722  776  838 1040 1114 1163 1275 1377
 1746 1812 2017]",16,369,43,126.0625,10367.176826368617,14.873182443080436,-0.08528009831435462,102.43471556474455,3.224582433903013,0.10962233320021975,28.36669611516977,2.490567866205921
560,40,45,20,Median,40,[   0  548 1275 2017],3,742,548,672.3333333333334,187831.07516364174,22.800105743952464,0.11567149291069785,381.2632869544889,2.215247810472112,0.21137141958676003,386.5261826672487,1.8791505884884212
561,40,45,20,Mode,40,[   0  201 1114 2017],3,913,201,672.3333333333334,76310.9286790205,17.69213745123408,0.03297510008481399,149.5360557625729,3.960473870958566,0.08667554725850266,125.2790038990044,3.3100423056412716
562,40,45,20,Median,40,[   0  547 1163 2017],3,854,547,672.3333333333334,186704.69515118105,23.33688959530103,0.12325863436646474,374.00527092141,2.2852334318445586,0.22475907405892864,385.99200311492245,1.8988826333340927
563,40,45,20,Mode,40,[   0  201 1114 1746 2017],4,913,201,504.25,59007.13372096218,15.979914180195758,-0.03184762259901393,123.83180868218072,3.8068028146610464,0.06837916361542018,108.58555654916302,3.1406612783592323
564,40,45,20,Median,40,[   0  460  776 1168 1761 2017],5,593,256,403.4,59258.89107628646,16.071083879671228,0.05065772753813791,209.64705804231605,3.098158560623598,0.13814480227727222,130.4225647298801,2.718663765359253
565,40,45,20,Mode,40,[   0  201  838 1114 1746 2017],5,637,201,403.4,62208.47768873716,18.266760381220273,-0.011486530725074858,153.3931808963103,2.837372661532601,0.10324033707705757,124.01705652729494,2.090105626404965
566,40,45,20,Median,40,[   0  346  514  776 1168 1761 2017],6,593,168,336.1666666666667,36004.98570307549,15.222461526943729,0.040379743396640556,199.14501892264224,3.3890772935551965,0.12936988020968937,84.04850932621669,2.8882520928395783
567,40,45,20,Mode,40,[   0  415  838 1114 1746 2017],5,632,271,403.4,66923.57874293468,17.7557432330534,0.05073267901139033,209.12744290802755,2.9214000839763545,0.13664129202252928,145.4503058413341,2.228356053285741
568,40,45,20,Median,40,[   0  346  514  776 1114 1318 1761 2017],7,443,168,288.14285714285717,30460.03864349369,14.822997365755706,0.0334050612111989,181.77960719922217,3.67331266757941,0.12719336347117297,72.20692506670096,2.9897226950090907
569,40,45,20,Mode,40,[   0  201  415  838 1114 1377 1746 2017],7,423,201,288.14285714285717,31693.490831381496,13.833235561865576,-0.023457903032041903,153.85351695408337,3.3314622142359935,0.09437353566962274,67.51338168430826,2.791472605323806
570,40,45,20,Median,40,[   0  201  415  531  776 1114 1318 1761 2017],8,443,116,252.125,23616.652155767806,13.965097168748681,-0.007282604845976049,162.91546613386421,3.9550151926549963,0.11366990153221797,56.10967602152048,3.1403814950612854
571,40,45,20,Mode,40,[   0  201  372  569  838 1114 1377 1746 2017],8,369,171,252.125,22887.02851586688,12.791049090980097,-0.0174639436718845,155.94898193863318,3.6432926627795794,0.09290057227684376,51.883425856406234,3.093567166100931
572,40,45,20,Median,40,[   0  201  415  531  724  850 1114 1318 1761 2017],9,443,116,224.11111111111111,22712.777956652928,14.728467979831144,-0.0030168582345900903,156.1142033175257,3.204959149200964,0.11582375424394505,55.27251344860513,2.6445346397406477
573,40,45,20,Mode,40,[   0  201  372  569  722  838 1114 1377 1746 2017],9,369,116,224.11111111111111,20726.402799061656,13.604974421599525,-0.01628326102697281,145.26432390772356,3.3888490690703175,0.09725228878680314,47.64955264322532,2.868923143637189
574,40,45,20,Median,40,[   0  201  415  531  724  850 1040 1151 1318 1761 2017],10,443,111,201.7,17618.718056647696,14.02377754057128,-0.01088614478174352,142.50479683591647,3.177194600530547,0.11002098640655694,42.60632129597675,2.7385042840753693
575,40,45,20,Mode,40,[   0  201  372  569  722  838 1040 1114 1377 1746 2017],10,369,74,201.7,16540.31465721017,13.05650592551526,-0.024121113245757855,132.2653822065165,3.4390153237597554,0.09222809075586864,38.35566519787515,2.958069639214937
576,40,45,20,Median,40,[   0  201  415  531  724  843 1040 1131 1317 1377 1761 2017],11,384,60,183.36363636363637,15636.403689884988,14.243647673414662,-0.025874925625923403,130.1489678647875,3.1253903716603393,0.10981768226551294,38.136681663970286,2.6636114533800948
577,40,45,20,Mode,40,[   0  201  372  569  722  838 1040 1114 1318 1377 1746 2017],11,369,59,183.36363636363637,15773.910552586787,13.972068834908958,-0.031748589034600476,127.19227667332507,3.317959234844939,0.10167459853029,37.220657313972836,2.745719184723902
578,40,45,20,Median,40,[   0  201  415  531  724  843 1040 1131 1317 1377 1746 1812 2017],12,369,60,168.08333333333334,14612.571684978675,14.439334100115495,-0.07743728726270009,122.47541011520316,3.0955330830542196,0.09649682641414392,36.91806825228757,2.4616420546330713
579,40,45,20,Mode,40,[   0  201  372  569  722  838 1040 1114 1318 1377 1746 1812 2017],12,369,59,168.08333333333334,14763.070757671034,14.215394162193586,-0.08263192822069172,119.73880127045176,3.269953579555431,0.0896227773605933,36.19783064104339,2.5292844499499196
580,40,45,20,Median,40,[   0  201  415  531  722  776  850 1040 1151 1317 1377 1746 1812 2017],13,369,54,155.15384615384616,17124.430082303687,16.915196161156523,-0.08275717455438351,120.6985908470984,3.040431269163148,0.1330204896277539,44.36567713844402,2.076368408788639
581,40,45,20,Mode,40,[   0  201  372  569  722  776  838 1040 1114 1318 1377 1746 1812 2017],13,369,54,155.15384615384616,16590.81249769393,16.667612617312837,-0.08969747034500106,117.21257231365963,3.140807473551416,0.12412067962757349,42.01177479330898,2.16720725342635
582,40,45,20,Median,40,"[   0  201  388  495  569  724  850 1040 1114 1174 1317 1377 1746 1812
 2017]",14,369,60,144.07142857142858,10530.713257670006,13.889540873289812,-0.07828340673068003,110.5866253993975,3.1996040856961487,0.09554521290898925,28.787159071470544,2.5123201678454277
583,40,45,20,Mode,40,"[   0  201  372  494  569  722  838 1040 1114 1163 1318 1377 1746 1812
 2017]",14,369,49,144.07142857142858,10288.438974563285,13.9139692445417,-0.08041409212548706,109.43121340175473,3.2068744417461024,0.09580877700985416,27.92911803959685,2.525975940959569
584,40,45,20,Median,40,"[   0  201  372  427  514  569  724  850 1040 1114 1174 1317 1377 1746
 1812 2017]",15,369,55,134.46666666666667,8835.56445762075,13.303063655191396,-0.08114890597778046,103.65228503647889,3.3110232769452685,0.08742805655568574,24.319105487214348,2.660115991721344
585,40,45,20,Mode,40,"[   0  201  372  415  494  569  722  838 1040 1114 1163 1318 1377 1746
 1812 2017]",15,369,43,134.46666666666667,8833.076661263574,13.339277895028602,-0.08309917641915522,102.87803645116105,3.301207272787275,0.08803318331139674,23.956406235551494,2.681396510247981
586,40,45,20,Median,40,"[   0  201  372  427  514  569  722  776  843 1040 1114 1174 1317 1377
 1746 1812 2017]",16,369,54,126.0625,10635.867126227484,15.260045375648572,-0.08534476506275698,102.86113060238979,3.250871555726316,0.11494789941801643,29.629957425798118,2.3841893620349874
587,40,45,20,Mode,40,"[   0  201  372  415  494  569  722  776  838 1040 1114 1163 1318 1377
 1746 1812 2017]",16,369,43,126.0625,10690.602993042385,15.359460410268333,-0.08810985660995717,102.43551317126052,3.2085224554285143,0.115737478061594,29.423656517730098,2.3815939490092553
588,40,50,10,Median,40,[   0  521 1200 2017],3,817,521,672.3333333333334,191194.71419090213,23.329117752163345,0.12443831585290645,389.8354782183341,2.2627985240508512,0.22147751620534495,394.50891591276593,1.9000661622980863
589,40,50,10,Mode,40,[   0  201 1114 2017],3,913,201,672.3333333333334,76310.9286790205,17.69213745123408,0.03297510008481399,149.5360557625729,3.960473870958566,0.08667554725850266,125.2790038990044,3.3100423056412716
590,40,50,10,Median,40,[   0  514 1156 2017],3,861,514,672.3333333333334,186485.37616535887,23.254565073361324,0.12552535965258357,380.07783302479817,2.3366377915810492,0.2231453612399178,386.19800105754643,1.9493948852551153
591,40,50,10,Mode,40,[   0  201 1114 1746 2017],4,913,201,504.25,59007.13372096218,15.979914180195758,-0.03184762259901393,123.83180868218072,3.8068028146610464,0.06837916361542018,108.58555654916302,3.1406612783592323
592,40,50,10,Median,40,[   0  480  724 1163 1746 2017],5,583,244,403.4,57504.82406788873,16.81359583253869,0.057697315787948136,230.26889881453732,2.6279711764935243,0.1466987008240255,132.86906288152494,2.4740749119057237
593,40,50,10,Mode,40,[   0  201  722 1114 1746 2017],5,632,201,403.4,64321.24730660806,17.536677465606545,0.0009954813904360673,173.13059705216855,2.598629093772408,0.10370142547317782,128.9885815315385,2.210308987021814
594,40,50,10,Median,40,[   0  201  494  724 1163 1746 2017],6,583,201,336.1666666666667,40678.28311379829,15.357434277315207,0.010475272817853794,198.56471613383894,2.8360411199810684,0.1142356135448985,93.4125444624826,2.544811277126157
595,40,50,10,Mode,40,[   0  415  722 1114 1746 2017],5,632,271,403.4,63625.51716756957,17.732812222832287,0.05951551723115395,222.82421998898738,2.520521871295926,0.14583831528445254,141.12206585587805,2.262464960261877
596,40,50,10,Median,40,[   0  201  494  722 1114 1318 1746 2017],7,428,201,288.14285714285717,35470.212613104806,15.372741002413042,0.00538768315844691,183.66706491936225,2.979601325059953,0.11961220703017728,82.64897748772893,2.545367428313766
597,40,50,10,Mode,40,[   0  201  415  722 1114 1318 1746 2017],7,428,201,288.14285714285717,35289.181177696875,14.963381591966524,-0.007363492374336413,170.94196597751005,3.0946153567523256,0.11298698137450904,77.84545850161346,2.609783974078516
598,40,50,10,Median,40,[   0  201  415  531  722 1114 1317 1746 2017],8,429,116,252.125,24604.44297671143,14.652997189320008,-0.000472721355098696,171.40270336139216,3.1355608212236588,0.11888223093850785,59.26524158854712,2.67189683219154
599,40,50,10,Mode,40,[   0  201  415  494  722 1114 1318 1746 2017],8,428,79,252.125,23835.50759049091,14.856533112521584,-0.0020232530207636005,167.29854039107718,3.090755941196191,0.1219331472335007,57.22116174805857,2.6403885911496374
600,40,50,10,Median,40,[   0  201  415  531  722  838 1114 1318 1746 2017],9,428,116,224.11111111111111,22260.3603669832,14.614058353764559,-0.0029955179570692815,155.1162475549399,3.225180155601483,0.1145489454298061,54.01742235673043,2.683459813518091
601,40,50,10,Mode,40,[   0  201  415  494  722  838 1114 1318 1746 2017],9,428,79,224.11111111111111,20920.28984382512,14.684019860583861,-0.005054868455180597,151.49465352367085,3.206275571536015,0.11485347381140935,50.91227985859463,2.68328507543068
602,40,50,10,Median,40,[   0  201  415  531  722  838 1024 1156 1318 1746 2017],10,428,116,201.7,17241.606972811078,13.781689551134987,-0.012821438600069582,140.6345952970201,3.2130611409351397,0.10618768330682718,41.33385438064372,2.8131457250601835
603,40,50,10,Mode,40,[   0  201  415  494  722  838 1040 1114 1318 1746 2017],10,428,74,201.7,16112.95696235668,13.824180384621057,-0.014297639245259286,137.90276983777977,3.2259570999541993,0.10648433830120763,39.70905158978848,2.8117971214693593
604,40,50,10,Median,40,[   0  201  415  531  722  838 1024 1114 1163 1318 1746 2017],11,428,49,183.36363636363637,15019.820226018875,14.101242077112104,-0.014161847931306343,132.1580071683942,3.2228729763961823,0.11486519791945997,36.77247602857473,2.7649062147551726
605,40,50,10,Mode,40,[   0  201  415  494  722  838 1040 1114 1163 1318 1746 2017],11,428,49,183.36363636363637,13851.830258698723,14.166090280989655,-0.016666859342336932,129.42296706667565,3.159224044507528,0.11558575158613729,34.08423950601149,2.7308546766592543
606,40,50,10,Median,40,[   0  201  415  495  550  722  838 1024 1114 1163 1318 1746 2017],12,428,49,168.08333333333334,10806.4707873403,13.323166584801601,-0.015994003174991802,121.26853953349908,3.2784109652993454,0.10330847156913404,28.2081961506336,2.8572584740586895
607,40,50,10,Mode,40,[   0  201  415  494  548  722  838 1040 1114 1163 1318 1746 2017],12,428,49,168.08333333333334,10582.227718730574,13.265884856976752,-0.015082524533808941,121.54248665850997,3.2626298323819154,0.10401025022728477,27.752000867512162,2.8415743421845034
608,40,50,10,Median,40,[   0  201  415  494  548  722  838 1024 1114 1163 1275 1318 1746 2017],13,428,43,155.15384615384616,8840.204837357827,12.535226004313033,-0.035386689100607036,112.4337530674652,3.4382795156027317,0.08558722509546957,22.626880959940078,3.015430436972931
609,40,50,10,Mode,40,[   0  201  415  494  548  722  838 1040 1114 1163 1275 1318 1746 2017],13,428,43,155.15384615384616,8760.260213363088,12.54262516966479,-0.0344842946375111,112.69824007682713,3.4048313883254133,0.08598466756329852,22.456778856561247,2.987170647284606
610,40,50,10,Median,40,"[   0  201  415  494  548  722  838 1024 1114 1163 1275 1318 1746 1812
 2017]",14,428,43,144.07142857142858,8694.88424747083,12.95930493084426,-0.08244265497229866,107.42796234137731,3.3020257749935467,0.07717695957703513,23.492009547398773,2.779958718865544
611,40,50,10,Mode,40,"[   0  201  415  494  548  722  838 1040 1114 1163 1275 1318 1746 1812
 2017]",14,428,43,144.07142857142858,8621.089209937227,12.966134929630497,-0.08157078569607576,107.67903012985012,3.270966799664609,0.07754382954733877,23.33499222120293,2.753872759153244
612,40,50,10,Median,40,"[   0  201  372  415  505  550  722  838 1024 1114 1163 1275 1318 1746
 1812 2017]",15,428,43,134.46666666666667,7045.195676594611,12.19155068715826,-0.08744871186617237,100.45912974562452,3.4097273775441894,0.06297092247631994,18.89959179528562,2.9499523421622174
613,40,50,10,Mode,40,"[   0  201  372  415  494  548  722  838 1040 1114 1163 1275 1318 1746
 1812 2017]",15,428,43,134.46666666666667,7031.339342854595,12.125918587577559,-0.08652179787679938,100.69997374188506,3.403733227608376,0.06551685978646594,18.85278920337024,2.9538941123631672
614,40,50,10,Median,40,"[   0  201  372  415  505  550  722  838  954 1040 1114 1163 1275 1318
 1746 1812 2017]",16,428,43,126.0625,6426.221771426905,11.873646586907856,-0.09203229056075206,95.23568447203094,3.5200926672204083,0.06103028775121456,17.316950305280905,3.0455294424171537
615,40,50,10,Mode,40,"[   0  201  372  415  494  548  722  838  957 1040 1114 1163 1275 1318
 1746 1812 2017]",16,428,43,126.0625,6525.962082587538,11.863852514349727,-0.09174803922723625,95.23502390885182,3.5278425182925988,0.06397396810951196,17.51700906617215,3.0534985894200375
616,40,50,15,Median,40,[   0  547 1259 2017],3,758,547,672.3333333333334,187431.17735091533,22.815015630347215,0.11535253530148212,377.7930558750712,2.249596935144598,0.21298741113350558,385.62895484731797,1.8946459014420018
617,40,50,15,Mode,40,[   0  201 1114 2017],3,913,201,672.3333333333334,76310.9286790205,17.69213745123408,0.03297510008481399,149.5360557625729,3.960473870958566,0.08667554725850266,125.2790038990044,3.3100423056412716
618,40,50,15,Median,40,[   0  520 1115 1761 2017],4,646,256,504.25,124398.85673555745,19.397871441469373,0.0639395018417974,279.9618591850057,2.503777153042713,0.1619448780831009,271.04740471750773,2.2275170564952442
619,40,50,15,Mode,40,[   0  201 1114 1746 2017],4,913,201,504.25,59007.13372096218,15.979914180195758,-0.03184762259901393,123.83180868218072,3.8068028146610464,0.06837916361542018,108.58555654916302,3.1406612783592323
620,40,50,15,Median,40,[   0  466  776 1163 1761 2017],5,598,256,403.4,58574.018096772714,15.950178252095135,0.050279570650030636,209.07303425568472,3.1657558873995955,0.13696199384737853,129.06260155541122,2.7655972247771823
621,40,50,15,Mode,40,[   0  201  838 1114 1746 2017],5,637,201,403.4,62208.47768873716,18.266760381220273,-0.011486530725074858,153.3931808963103,2.837372661532601,0.10324033707705757,124.01705652729494,2.090105626404965
622,40,50,15,Median,40,[   0  201  494  776 1163 1761 2017],6,598,201,336.1666666666667,41273.84055106981,14.729538700671432,0.004458551376968302,187.87755950449736,3.4463535831473853,0.10904244002970873,92.24831364099376,2.8823217384168394
623,40,50,15,Mode,40,[   0  415  838 1114 1746 2017],5,632,271,403.4,66923.57874293468,17.7557432330534,0.05073267901139033,209.12744290802755,2.9214000839763545,0.13664129202252928,145.4503058413341,2.228356053285741
624,40,50,15,Median,40,[   0  201  494  776 1114 1318 1761 2017],7,443,201,288.14285714285717,35063.633654316975,14.482617859275697,-0.002552918619265964,172.53481720712784,3.6191244731012593,0.11074910212337602,79.74669872891212,2.926517278546901
625,40,50,15,Mode,40,[   0  201  415  838 1114 1318 1746 2017],7,428,201,288.14285714285717,34477.315899461806,14.799241203408336,-0.01600128524738082,160.95811495576905,3.3070353088153936,0.10683891140746944,75.707427013108,2.6279171074052923
626,40,50,15,Median,40,[   0  201  415  531  776 1114 1318 1761 2017],8,443,116,252.125,23616.652155767806,13.965097168748681,-0.007282604845976049,162.91546613386421,3.9550151926549963,0.11366990153221797,56.10967602152048,3.1403814950612854
627,40,50,15,Mode,40,[   0  201  415  494  838 1114 1318 1746 2017],8,428,79,252.125,24067.05400184219,14.921276008546924,-0.007161286218364185,162.9562034966275,3.268600400953452,0.12331493490431865,57.764722291915106,2.6820847639456744
628,40,50,15,Median,40,[   0  201  415  531  722  850 1114 1318 1761 2017],9,443,116,224.11111111111111,22723.45634500293,14.730274041899694,-0.0030024164573397667,156.1204239010814,3.212655594587379,0.11562266234986945,55.27101023694041,2.6437194032056586
629,40,50,15,Mode,40,[   0  201  415  494  722  838 1114 1318 1746 2017],9,428,79,224.11111111111111,20920.28984382512,14.684019860583861,-0.005054868455180597,151.49465352367085,3.206275571536015,0.11485347381140935,50.91227985859463,2.68328507543068
630,40,50,15,Median,40,[   0  201  415  531  722  838 1040 1156 1318 1761 2017],10,443,116,201.7,17514.261323658986,13.982367261565932,-0.011887172841432828,141.90595849381657,3.1919964008672794,0.11000998681530814,42.171245494393105,2.7732502390886333
631,40,50,15,Mode,40,[   0  201  415  494  722  838 1040 1114 1318 1746 2017],10,428,74,201.7,16112.95696235668,13.824180384621057,-0.014297639245259286,137.90276983777977,3.2259570999541993,0.10648433830120763,39.70905158978848,2.8117971214693593
632,40,50,15,Median,40,[   0  201  415  531  722  838 1024 1114 1168 1318 1761 2017],11,443,54,183.36363636363637,14962.659386156922,13.949799852964642,-0.01554775754350533,132.15530285199515,3.230530683824439,0.1128028314856671,36.655725337887596,2.785589097711255
633,40,50,15,Mode,40,[   0  201  415  494  722  838 1040 1114 1163 1318 1746 2017],11,428,49,183.36363636363637,13851.830258698723,14.166090280989655,-0.016666859342336932,129.42296706667565,3.159224044507528,0.11558575158613729,34.08423950601149,2.7308546766592543
634,40,50,15,Median,40,[   0  201  415  505  569  722  838 1040 1114 1168 1318 1761 2017],12,443,54,168.08333333333334,11407.896464938849,13.544568511681758,-0.016797052735967186,122.80336083812115,3.2459543608407913,0.10450767030232383,29.46492507055559,2.7711643492813653
635,40,50,15,Mode,40,[   0  201  415  494  569  722  838 1040 1114 1163 1318 1746 2017],12,428,49,168.08333333333334,11305.557345325471,13.596529492225283,-0.014226472645500315,122.64111675235804,3.2343941354813968,0.10754274854494988,29.200716269022863,2.771871074389226
636,40,50,15,Median,40,[   0  201  415  505  569  722  838 1024 1114 1168 1318 1746 1812 2017],13,428,54,155.15384615384616,11088.281748185873,13.893838769342471,-0.07108673343613195,116.31653821087941,3.134452026119948,0.09322029966539341,29.89176597395301,2.5670367101427503
637,40,50,15,Mode,40,[   0  201  415  494  569  722  838 1040 1114 1163 1318 1746 1812 2017],13,428,49,155.15384615384616,10942.680663950588,13.967506371974755,-0.06946139324780855,116.36760995828537,3.103342828680839,0.09660200061252254,29.59011929634622,2.5370733266548653
638,40,50,15,Median,40,"[   0  201  415  494  550  722  838 1024 1114 1168 1317 1377 1746 1812
 2017]",14,369,54,144.07142857142858,9970.370498999535,13.830344793663944,-0.0786665472151394,108.75588925566326,3.1929206937873675,0.09733079775049537,27.617557381363742,2.5718126068837885
639,40,50,15,Mode,40,"[   0  201  415  494  569  722  838 1040 1114 1163 1318 1377 1746 1812
 2017]",14,369,49,144.07142857142858,10561.421706685358,14.272829568423923,-0.07801091141294553,110.01108546266907,3.128528146053035,0.10179217795880269,28.83119517893659,2.4604138030291973
640,40,50,15,Median,40,"[   0  201  372  415  494  550  722  838 1024 1114 1168 1317 1377 1746
 1812 2017]",15,369,43,134.46666666666667,8284.243396983878,12.92839917560862,-0.08356927256254928,101.70570949065402,3.3357947117956326,0.0838904731179685,22.829456852090992,2.7848382566843872
641,40,50,15,Mode,40,"[   0  201  372  415  494  569  722  838 1040 1114 1163 1318 1377 1746
 1812 2017]",15,369,43,134.46666666666667,8833.076661263574,13.339277895028602,-0.08309917641915522,102.87803645116105,3.301207272787275,0.08803318331139674,23.956406235551494,2.681396510247981
642,40,50,15,Median,40,"[   0  201  415  494  550  722  776  838  936 1040 1114 1168 1275 1746
 1812 2017]",15,471,54,134.46666666666667,11164.958125563791,15.388974827684303,-0.08091620026390287,108.27405097654548,2.963189897983695,0.1203935053936088,31.56629933768141,2.309122856834289
643,40,50,15,Mode,40,"[   0  201  415  494  569  722  776  838  936 1040 1114 1163 1275 1746
 1812 2017]",15,471,49,134.46666666666667,11638.685484250213,15.67267110536615,-0.08023303885876977,109.12469768403297,2.9404340758214462,0.12420496732806063,32.55165678129692,2.2546888419068853
644,40,50,20,Median,40,[   0  548 1275 2017],3,742,548,672.3333333333334,187831.07516364174,22.800105743952464,0.11567149291069785,381.2632869544889,2.215247810472112,0.21137141958676003,386.5261826672487,1.8791505884884212
645,40,50,20,Mode,40,[   0  201 1114 2017],3,913,201,672.3333333333334,76310.9286790205,17.69213745123408,0.03297510008481399,149.5360557625729,3.960473870958566,0.08667554725850266,125.2790038990044,3.3100423056412716
646,40,50,20,Median,40,[   0  520 1114 1761 2017],4,647,256,504.25,124303.7006045921,19.39971380786192,0.06389234925390583,279.85503317291824,2.5041335088489554,0.16194151343273766,270.7837074540084,2.2274448810663503
647,40,50,20,Mode,40,[   0  201 1114 1746 2017],4,913,201,504.25,59007.13372096218,15.979914180195758,-0.03184762259901393,123.83180868218072,3.8068028146610464,0.06837916361542018,108.58555654916302,3.1406612783592323
648,40,50,20,Median,40,[   0  460  776 1163 1761 2017],5,598,256,403.4,58920.14016903217,16.025609992947764,0.0505028464428764,208.6756048385536,3.1100842789762333,0.13713304760660336,129.40032521529122,2.7324913741312233
649,40,50,20,Mode,40,[   0  201  838 1114 1746 2017],5,637,201,403.4,62208.47768873716,18.266760381220273,-0.011486530725074858,153.3931808963103,2.837372661532601,0.10324033707705757,124.01705652729494,2.090105626404965
650,40,50,20,Median,40,[   0  201  494  776 1163 1761 2017],6,598,201,336.1666666666667,41273.84055106981,14.729538700671432,0.004458551376968302,187.87755950449736,3.4463535831473853,0.10904244002970873,92.24831364099376,2.8823217384168394
651,40,50,20,Mode,40,[   0  372  838 1114 1746 2017],5,632,271,403.4,66187.88161120725,17.88797525529658,0.040764394406712604,197.58678276439923,2.929207277414714,0.13005864311208426,140.26658237403365,2.1811337172191676
652,40,50,20,Median,40,[   0  201  494  776 1114 1318 1761 2017],7,443,201,288.14285714285717,35063.633654316975,14.482617859275697,-0.002552918619265964,172.53481720712784,3.6191244731012593,0.11074910212337602,79.74669872891212,2.926517278546901
653,40,50,20,Mode,40,[   0  372  838 1114 1318 1746 2017],6,466,204,336.1666666666667,52419.42815438936,16.703614749283176,0.029796132595806258,177.89208148218142,2.9767613634182997,0.13059682113212764,112.29967314229278,2.406490575119703
654,40,50,20,Median,40,[   0  201  415  531  776 1114 1318 1761 2017],8,443,116,252.125,23616.652155767806,13.965097168748681,-0.007282604845976049,162.91546613386421,3.9550151926549963,0.11366990153221797,56.10967602152048,3.1403814950612854
655,40,50,20,Mode,40,[   0  372  569  838 1114 1318 1746 2017],7,428,197,288.14285714285717,32438.79810344189,15.23945280254288,0.040018281758589444,186.69165403950518,3.286950454149618,0.13076679368037303,77.41683480562345,2.7255914518714506
656,40,50,20,Median,40,[   0  201  415  531  724  850 1114 1318 1761 2017],9,443,116,224.11111111111111,22712.777956652928,14.728467979831144,-0.0030168582345900903,156.1142033175257,3.204959149200964,0.11582375424394505,55.27251344860513,2.6445346397406477
657,40,50,20,Mode,40,[   0  372  569  776  838 1114 1318 1746 2017],8,428,62,252.125,31666.53290163137,17.331488055253427,0.015595961235917851,167.76056147159994,3.495425843548033,0.13175618133306227,74.47608585071778,2.209051283486034
658,40,50,20,Median,40,[   0  201  415  531  724  850 1040 1156 1318 1761 2017],10,443,116,201.7,17704.61924602647,14.057556076702735,-0.011529551727800767,142.85594578431932,3.178455661005621,0.11010916459082822,42.693263644585684,2.73584664901589
659,40,50,20,Mode,40,[   0  201  372  569  776  838 1040 1114 1318 1746 2017],10,428,62,201.7,20386.71631397972,14.825563089549169,-0.04044295264555916,135.89172388016954,3.658738407952238,0.1042656223320573,47.49194836237278,2.59745134276906
660,40,50,20,Median,40,[   0  201  415  531  724  850 1040 1156 1318 1746 1812 2017],11,428,66,183.36363636363637,16596.40248525253,14.440035676884767,-0.06657060964348432,133.20778459698553,3.0349314064894846,0.09635180803497384,41.67866170926823,2.4626062399392894
661,40,50,20,Mode,40,[   0  201  372  569  776  838 1040 1114 1318 1746 1812 2017],11,428,62,183.36363636363637,19043.148399464437,15.147831985516145,-0.08209584447528046,126.68928851731206,3.4246492644820052,0.09146443743443373,46.13010878582582,2.333136018649844
662,40,50,20,Median,40,[   0  201  415  531  724  850 1040 1156 1317 1377 1746 1812 2017],12,369,60,168.08333333333334,15439.046831224603,14.660052493153113,-0.07581690373503064,123.89800397896252,3.079484710669585,0.10147933609110059,39.04108073240023,2.40310676059673
663,40,50,20,Mode,40,[   0  201  372  569  776  838 1040 1114 1318 1377 1746 1812 2017],12,369,59,168.08333333333334,16882.341677146782,15.2925554355546,-0.09122997390739998,118.01026185558436,3.4432859137763305,0.09380903027399477,40.469068523172,2.3081132166368574
664,40,50,20,Median,40,[   0  201  415  531  722  776  850 1040 1131 1317 1377 1746 1812 2017],13,369,54,155.15384615384616,16628.064083999307,16.791178965359457,-0.08441283922607887,120.072457826594,3.0493797591214955,0.12937104134913516,43.10433244608699,2.103518347317232
665,40,50,20,Mode,40,[   0  201  372  569  722  776  838 1040 1114 1318 1377 1746 1812 2017],13,369,54,155.15384615384616,16590.81249769393,16.667612617312837,-0.08969747034500106,117.21257231365963,3.140807473551416,0.12412067962757349,42.01177479330898,2.16720725342635
666,40,50,20,Median,40,"[   0  201  401  505  569  724  850 1040 1114 1168 1317 1377 1746 1812
 2017]",14,369,54,144.07142857142858,10354.667761170109,13.921688820523714,-0.07828700175483978,109.69143056316115,3.16265501775736,0.09506169087760798,28.30472727857567,2.4978788248407735
667,40,50,20,Mode,40,"[   0  201  372  494  569  776  838 1040 1114 1163 1318 1377 1746 1812
 2017]",14,369,49,144.07142857142858,11084.801402095558,14.788894977056234,-0.08716446464911505,107.87480193262878,3.371673299188579,0.09805836084319049,30.12509777159411,2.3368514622817265
668,40,50,20,Median,40,"[   0  201  372  486  548  722  838  936 1040 1114 1168 1317 1377 1746
 1812 2017]",15,369,54,134.46666666666667,8992.440066699293,13.151634467104973,-0.08640214520303849,102.48959363119982,3.462260726836406,0.08932540095695411,24.7805583110601,2.747268385018541
669,40,50,20,Mode,40,"[   0  201  372  494  569  776  838  936 1040 1114 1163 1318 1377 1746
 1812 2017]",15,369,49,134.46666666666667,10017.951005320498,14.29256123475243,-0.09202223486850133,102.13357923128648,3.446403305469475,0.09601806188160579,27.80854030930556,2.3981981852980567
670,40,50,20,Median,40,"[   0  201  401  505  569  722  776  838  936 1040 1114 1168 1317 1377
 1746 1812 2017]",16,369,54,126.0625,11049.50867297789,15.463826511922532,-0.08531291438433465,102.77498937587772,3.0704700439802823,0.12057404072443743,31.10793282837444,2.27817167039959
671,40,50,20,Mode,40,"[   0  201  372  494  569  722  776  838  936 1040 1114 1163 1318 1377
 1746 1812 2017]",16,369,49,126.0625,11106.304943634213,15.490922559164646,-0.08710063670619489,103.14973552224352,3.10017933987071,0.12124039207156427,31.115799218836266,2.281183393910123
672,20,35,10,Median,40,[   0  532 1257 2017],3,760,532,672.3333333333334,189979.76070552383,22.965936002864815,0.11809851049990241,386.33583945469167,2.244530087902788,0.21510824150310465,392.7895234067568,1.8909698176365504
673,20,35,10,Mode,40,[   0  722 1114 2017],3,903,392,672.3333333333334,118979.51312188075,20.476806953947033,0.07605134286985368,220.7335571959405,2.6062586329832276,0.17581734246689407,226.46446860987197,2.0835241914364384
674,20,35,10,Median,40,[   0  520 1156 2017],3,861,520,672.3333333333334,187938.2733626143,23.354653718958808,0.12620139343626757,383.1668259087276,2.3200243847666377,0.22498556787033835,390.65296647199494,1.9331462991024855
675,20,35,10,Mode,40,[   0  722 1114 1746 2017],4,722,271,504.25,87279.47247958985,17.879765018442228,0.015991933847717146,174.396094359394,2.593571343637862,0.1327616641452875,174.21647839585998,2.2514158866030383
676,20,35,10,Median,40,[   0  494  742 1168 1761 2017],5,593,248,403.4,57272.01833385563,16.362939747980082,0.05541362017797666,225.98589595502986,2.925533031275708,0.14354696161367253,131.86943344103042,2.629804589603587
677,20,35,10,Mode,40,[   0  415  722 1114 1746 2017],5,632,271,403.4,63625.51716756957,17.732812222832287,0.05951551723115395,222.82421998898738,2.520521871295926,0.14583831528445254,141.12206585587805,2.262464960261877
678,20,35,10,Median,40,[   0  372  547  742 1168 1761 2017],6,593,175,336.1666666666667,36534.20024903341,15.716944927422015,0.0478050425468499,204.31247464027516,2.9831612001139654,0.13337198201077982,86.4190149769504,2.659490717928289
679,20,35,10,Mode,40,[   0  415  572  722 1114 1746 2017],6,632,150,336.1666666666667,35443.210077584576,16.29587394464078,0.0578204286047261,206.03103057630804,2.5629162498983677,0.13649512120217613,84.61150118255429,2.4136130429254825
680,20,35,10,Median,40,[   0  372  547  742 1114 1288 1761 2017],7,473,174,288.14285714285717,31845.79125644683,15.887407837552958,0.04327104456363336,188.85101158657864,3.0495474542980836,0.1403042586275802,76.66956340953374,2.5969788076380818
681,20,35,10,Mode,40,[   0  415  572  722 1114 1377 1746 2017],7,415,150,288.14285714285717,26838.735315724512,14.76556083497819,0.040950402549674046,183.2171946628599,2.8672566418333507,0.12530637106865009,64.11898258579795,2.7037470410395663
682,20,35,10,Median,40,[   0  372  547  742 1114 1288 1761 2017],7,473,174,288.14285714285717,31845.79125644683,15.887407837552958,0.04327104456363336,188.85101158657864,3.0495474542980836,0.1403042586275802,76.66956340953374,2.5969788076380818
683,20,35,10,Mode,40,[   0  201  415  572  722 1114 1377 1746 2017],8,392,150,252.125,21191.28901730294,13.360596801689068,-0.009880437301161333,161.29425813998802,3.143656585097963,0.10119879200283922,49.742186225419665,2.8630607211227184
684,20,35,10,Median,40,[   0  201  372  547  722  838 1114 1288 1761 2017],9,473,116,224.11111111111111,22901.093277601285,14.490213179702588,-0.007962136302134208,152.3303932732176,3.3190484976781978,0.11047226672427723,54.53755033116613,2.715797908931501
685,20,35,10,Mode,40,[   0  201  415  572  722  838 1114 1377 1746 2017],9,369,116,224.11111111111111,19868.138759472793,13.674947074069884,-0.012181863914614724,146.10659906097302,3.26794477507901,0.10041552899405518,46.617120538178355,2.816543654040408
686,20,35,10,Median,40,[   0  201  372  547  722  838 1108 1187 1288 1761 2017],10,473,79,201.7,18076.464127594052,14.291883289257505,-0.017809105522844145,139.92864840612842,3.312231005140378,0.10970984621175224,41.90836243167108,2.7604333057291965
687,20,35,10,Mode,40,[   0  201  415  572  722  838 1114 1156 1377 1746 2017],10,369,42,201.7,17397.297624708037,15.288567020897753,-0.012940248327586229,137.39843923116413,3.2900690956087795,0.12593074049103506,41.182512253055506,2.6927977089641373
688,20,35,10,Median,40,[   0  201  372  494  548  722  838 1108 1187 1288 1761 2017],11,473,54,183.36363636363637,12298.041180494818,13.265388243289404,-0.017796228994271454,129.28363012232896,3.3422419572795223,0.09885299494375789,30.774111102806632,2.887506460281876
689,20,35,10,Mode,40,[   0  201  415  494  572  722  838 1114 1156 1377 1746 2017],11,369,42,183.36363636363637,13553.858234908426,14.84596125109538,-0.012905527706216648,128.29598092867818,3.267665980925513,0.12097905643786182,33.89740262982252,2.7216170425970416
690,20,35,10,Median,40,[   0  201  372  494  548  722  838 1108 1187 1273 1322 1761 2017],12,439,49,168.08333333333334,10567.524355990126,12.499439355280403,-0.034439053808587826,118.9683156747753,3.49580553714229,0.084599048879774,26.093456411071084,3.0470540953926393
691,20,35,10,Mode,40,[   0  201  415  494  572  722  838 1114 1156 1259 1377 1746 2017],12,369,42,168.08333333333334,12079.186629821028,14.148485033673033,-0.0178322577957757,120.43519073875447,3.2969288074682375,0.11436794561683943,30.442153091619844,2.775797881707836
692,20,35,10,Median,40,[   0   54  201  372  494  548  722  838 1108 1187 1275 1377 1761 2017],13,384,54,155.15384615384616,10957.698246215086,12.840345056536044,-0.04273581467048808,111.46819415817637,3.251449102614844,0.09405144504806338,28.704620058089457,2.847944528848077
693,20,35,10,Mode,40,[   0   54  201  415  494  572  722  838 1114 1156 1259 1377 1746 2017],13,369,42,155.15384615384616,11260.285755384766,13.704206814429881,-0.03518691743457665,111.41359107738225,3.246990023760946,0.10792068525062942,28.89681545632962,2.7807668940872996
694,20,35,10,Median,40,"[   0   54  201  372  505  550  722  838 1108 1187 1273 1322 1746 1819
 2017]",14,424,45,144.07142857142858,9766.572940677375,12.6505596427401,-0.08986032730529808,105.11064423622324,3.272840959276234,0.07136658406669558,26.09278440541525,2.7799750325817545
695,20,35,10,Mode,40,"[   0   54  201  415  494  572  722  838 1114 1156 1259 1377 1746 1819
 2017]",14,369,42,144.07142857142858,10819.941864858589,13.906793481869803,-0.08207727217844413,106.56441749457069,3.1309698708443237,0.09885194210116119,28.97230299314396,2.6036706411674304
696,20,35,10,Median,40,"[   0   54  201  372  415  494  548  722  838 1108 1187 1273 1322 1746
 1819 2017]",15,424,43,134.46666666666667,8335.927311309633,12.072286713061413,-0.09147147626798607,99.04023919357765,3.3830589904037254,0.06670608379694579,22.247069724744726,2.944031694019202
697,20,35,10,Mode,40,"[   0   54  201  372  415  494  572  722  838 1114 1156 1259 1377 1746
 1819 2017]",15,369,42,134.46666666666667,9104.500407412792,13.005075190196333,-0.08405455586870442,99.65900533630486,3.31476912493383,0.08568034044538793,24.226498208013247,2.8075208793460646
698,20,35,10,Median,40,"[   0   54  201  372  415  494  548  722  838 1040 1112 1187 1273 1322
 1746 1819 2017]",16,424,43,126.0625,6760.253397755032,11.59473409770478,-0.09478826127163706,94.80196105948815,3.3860084237512247,0.06234114979939438,18.60253759417954,3.0063632947266776
699,20,35,10,Mode,40,"[   0   54  201  372  415  494  572  722  838 1040 1114 1156 1259 1377
 1746 1819 2017]",16,369,42,126.0625,7853.699287487415,12.381305120719938,-0.08735934803325449,95.18572262005453,3.3512087922568146,0.07993582454040823,21.26194404459868,2.877443607233573
700,20,35,15,Median,40,[   0  547 1259 2017],3,758,547,672.3333333333334,187431.17735091533,22.815015630347215,0.11535253530148212,377.7930558750712,2.249596935144598,0.21298741113350558,385.62895484731797,1.8946459014420018
701,20,35,15,Mode,40,[   0  722 1746 2017],3,1024,271,672.3333333333334,103057.93824077507,16.709927222982838,0.019647904691389006,203.15927812916362,2.387876300781363,0.10404470121390447,203.9845291490779,2.3159751567787064
702,20,35,15,Median,40,[   0  547 1168 2017],3,849,547,672.3333333333334,188063.54649436602,23.392709027948563,0.12320879934370076,375.64767101580907,2.274852268709223,0.22518315303573627,387.97515663147374,1.8896957805580727
703,20,35,15,Mode,40,[   0  722 1114 1746 2017],4,722,271,504.25,87279.47247958985,17.879765018442228,0.015991933847717146,174.396094359394,2.593571343637862,0.1327616641452875,174.21647839585998,2.2514158866030383
704,20,35,15,Median,40,[   0  486  776 1168 1761 2017],5,593,256,403.4,59804.12677484697,15.9196267911191,0.05202946853699135,218.17621676020707,3.3471272896635407,0.1390821322165265,135.03521954793027,2.8728649389805487
705,20,35,15,Mode,40,[   0  372  722 1114 1746 2017],5,632,271,403.4,64204.734102375296,17.692543262548885,0.05047669269303944,213.07180546079127,2.5707184603478956,0.13775941391578672,138.28886557310597,2.242753085890973
706,20,35,15,Median,40,[   0  372  532  776 1168 1761 2017],6,593,160,336.1666666666667,37337.17732102955,15.69217093749595,0.04522567261251569,202.74716879919953,3.4343545108168763,0.13596890117586477,87.78704333995532,2.9074359230296705
707,20,35,15,Mode,40,[   0  372  572  722 1114 1746 2017],6,632,150,336.1666666666667,37863.10894976319,16.428123814615784,0.05189654377271809,206.33940538404983,2.560961000048843,0.13477910868204207,89.39598885963929,2.3920348987923417
708,20,35,15,Median,40,[   0  372  532 1114 1318 1761 2017],6,582,160,336.1666666666667,44839.408049312326,17.35276599264923,0.044819788420728035,217.58830946612193,2.6807288401628533,0.15655310350887183,103.90807013727564,2.3525833997124
709,20,35,15,Mode,40,[   0  372  572  722 1114 1377 1746 2017],7,392,150,288.14285714285717,28855.317709206694,14.875769059957364,0.03551066242854862,183.48595655430395,2.8715243260082075,0.12387636063520506,68.10605565003544,2.685765254261949
710,20,35,15,Median,40,[   0  372  547 1114 1318 1761 2017],6,567,175,336.1666666666667,44836.14104476329,17.112903208474698,0.04516505122845748,215.51615860944216,2.6795971563618157,0.15325704613376698,103.21864829527935,2.3691669880782653
711,20,35,15,Mode,40,[   0  201  372  572  722 1114 1377 1746 2017],8,392,150,252.125,22162.48558630561,13.30615780648155,-0.014296899988956835,159.98215519062558,3.2757389183561036,0.09766543836355447,50.8407689770407,2.919556468573398
712,20,35,15,Median,40,[   0  201  372  547  722  838 1114 1318 1761 2017],9,443,116,224.11111111111111,22819.970484780577,14.265439871213134,-0.00895863722984624,151.5675813439323,3.352220882877978,0.106431899102882,54.13080958924427,2.755650418971407
713,20,35,15,Mode,40,[   0  201  372  572  722  838 1114 1377 1746 2017],9,369,116,224.11111111111111,20717.935757350133,13.627312953263306,-0.01661606678666303,144.9294062852057,3.3853512935306904,0.09732384455968102,47.578380445846776,2.8659774330597525
714,20,35,15,Median,40,[   0  201  372  547  722  838 1108 1190 1318 1761 2017],10,443,82,201.7,18327.14791049656,14.259409968678957,-0.018587781421482624,140.3573699579879,3.3374737680641267,0.11000980248872422,42.692167400603594,2.7782970209257822
715,20,35,15,Mode,40,[   0  201  372  572  722  838 1114 1190 1377 1746 2017],10,369,76,201.7,19234.239835745546,14.639963568877931,-0.015025131372198575,138.82563269753598,3.60156016704313,0.11637916392759141,44.62726503544533,2.8828160485832544
716,20,35,15,Median,40,[   0  201  372  547  722  838 1108 1190 1318 1746 1819 2017],11,428,73,183.36363636363637,17272.164537014138,14.587979160010661,-0.06552873059761875,131.02604041200516,3.184656648909544,0.09822895597412405,42.15421899723384,2.513335938195008
717,20,35,15,Mode,40,[   0  201  372  572  722  838 1114 1190 1377 1746 1819 2017],11,369,73,183.36363636363637,17864.397370025436,14.809750561105025,-0.06329267989343557,129.53114755497324,3.4216645048508667,0.10374394996558652,43.15235387539241,2.6423860043378293
718,20,35,15,Median,40,[   0  201  372  494  550  722  838 1108 1190 1318 1746 1819 2017],12,428,56,168.08333333333334,12152.54901876424,13.645390456488862,-0.0653875976168579,122.32248659768406,3.215217966905543,0.08931420276820042,32.12775686545152,2.645957676244575
719,20,35,15,Mode,40,[   0  201  372  494  572  722  838 1114 1190 1377 1746 1819 2017],12,369,73,168.08333333333334,13393.987298347674,14.05779434829854,-0.061769352234127134,122.428466467785,3.4021179677931497,0.0962754411386695,34.59949859869473,2.714594906646736
720,20,35,15,Median,40,[   0  201  372  421  514  567  722  838 1108 1190 1318 1746 1819 2017],13,428,49,155.15384615384616,10652.911227574708,13.26045361993748,-0.06695266981901726,114.19528283487405,3.3223998811737134,0.08377160945830257,28.014091857082818,2.7495944581487777
721,20,35,15,Mode,40,[   0  201  415  494  572  722  838 1114 1190 1377 1746 1819 2017],12,369,73,168.08333333333334,13709.863767631601,14.485553445488808,-0.059203461585699745,123.08383682501675,3.3108093458593593,0.10350789773546919,35.65135231939114,2.63721644150152
722,20,35,15,Median,40,"[   0   54  201  372  505  567  722  838 1108 1187 1273 1322 1746 1819
 2017]",14,424,49,144.07142857142858,10367.232279255519,12.892430061817464,-0.08845729332808872,106.22199990475762,3.2696960148354752,0.07448983815480517,27.3232661409095,2.7317308765317585
723,20,35,15,Mode,40,"[   0   54  201  372  494  572  722  838 1114 1190 1259 1377 1746 1819
 2017]",14,369,54,144.07142857142858,10934.685183060792,13.129661141098106,-0.08308006185011967,106.29892370519572,3.249798910989981,0.0854293512562926,28.932683699636552,2.7174331057791923
724,20,35,15,Median,40,"[   0   54  201  372  421  514  567  722  838 1108 1187 1275 1377 1746
 1819 2017]",15,369,49,134.46666666666667,9394.307235641782,12.812548876037669,-0.08637299981806155,100.8498211550346,3.2482822855121634,0.08108922296250916,25.50348149943153,2.7573715986508796
725,20,35,15,Mode,40,"[   0   54  201  372  415  494  572  722  838 1114 1190 1321 1377 1746
 1819 2017]",15,369,43,134.46666666666667,10453.548225006305,13.549775849323883,-0.09056471906733012,102.1586100379583,3.2772684105928236,0.09073854349454688,28.465022475357255,2.610354634149789
726,20,35,15,Median,40,"[   0   54  201  372  421  514  567  722  838 1040 1114 1187 1273 1322
 1746 1819 2017]",16,424,49,126.0625,7176.7524341418375,11.933644686994965,-0.09287270288849202,95.60019616310915,3.3989143696650785,0.06663334580861861,19.61042459238472,2.9284863950564795
727,20,35,15,Mode,40,"[   0   54  201  372  415  494  572  722  838 1040 1114 1190 1259 1377
 1746 1819 2017]",16,369,43,126.0625,7695.901627737099,12.049537366633157,-0.08872191535620191,95.4528233119883,3.3987774519869065,0.07278488936994645,20.825354470125436,2.93209317530638
728,20,35,20,Median,40,[   0  547 1275 2017],3,742,547,672.3333333333334,187696.303054477,22.79167667597019,0.11563843289043028,381.01839484084826,2.2165318414291213,0.21117713253211554,386.14995305589565,1.8805115133571764
729,20,35,20,Mode,40,[   0  722 1746 2017],3,1024,271,672.3333333333334,103057.93824077507,16.709927222982838,0.019647904691389006,203.15927812916362,2.387876300781363,0.10404470121390447,203.9845291490779,2.3159751567787064
730,20,35,20,Median,40,[   0  521 1115 1781 2017],4,666,236,504.25,124847.3441158678,19.513023143715202,0.06501370367323357,278.37202485335916,2.469701819843414,0.16335609611849236,271.96341027762224,2.199284997128963
731,20,35,20,Mode,40,[   0  722 1114 1746 2017],4,722,271,504.25,87279.47247958985,17.879765018442228,0.015991933847717146,174.396094359394,2.593571343637862,0.1327616641452875,174.21647839585998,2.2514158866030383
732,20,35,20,Median,40,[   0  480  776 1187 1781 2017],5,594,236,403.4,59774.95486399841,15.911340274063765,0.05058438531234422,216.24892282838135,3.2799879897870716,0.14044847929152776,134.47321230362311,2.8457363311092707
733,20,35,20,Mode,40,[   0  372  722 1114 1746 2017],5,632,271,403.4,64204.734102375296,17.692543262548885,0.05047669269303944,213.07180546079127,2.5707184603478956,0.13775941391578672,138.28886557310597,2.242753085890973
734,20,35,20,Median,40,[   0  365  521  776 1187 1781 2017],6,594,156,336.1666666666667,37303.57497694248,15.690105697360574,0.042408710044900204,202.5193712089836,3.3754915582150566,0.13684628309520577,87.65260789040592,2.8583132995888887
735,20,35,20,Mode,40,[   0  372  572  722 1114 1746 2017],6,632,150,336.1666666666667,37863.10894976319,16.428123814615784,0.05189654377271809,206.33940538404983,2.560961000048843,0.13477910868204207,89.39598885963929,2.3920348987923417
736,20,35,20,Median,40,[   0  365  521 1114 1319 1790 2017],6,593,156,336.1666666666667,45229.58810993003,17.50507933227238,0.044254858085230483,217.64567803878745,2.612451554179263,0.15946519402305398,105.29401403226534,2.2990206090019703
737,20,35,20,Mode,40,[   0  372  572  722 1114 1377 1746 2017],7,392,150,288.14285714285717,28855.317709206694,14.875769059957364,0.03551066242854862,183.48595655430395,2.8715243260082075,0.12387636063520506,68.10605565003544,2.685765254261949
738,20,35,20,Median,40,[   0  372  532 1114 1319 1790 2017],6,582,160,336.1666666666667,45413.70084448956,17.52076349180838,0.046511111763210225,218.30552954543074,2.5951910223663837,0.16022705167843926,106.0350866404738,2.296419835237476
739,20,35,20,Mode,40,[   0  201  372  572  722 1114 1377 1746 2017],8,392,150,252.125,22162.48558630561,13.30615780648155,-0.014296899988956835,159.98215519062558,3.2757389183561036,0.09766543836355447,50.8407689770407,2.919556468573398
740,20,35,20,Median,40,[   0  201  372  532  724  850 1114 1319 1790 2017],9,471,126,224.11111111111111,23872.97718870471,14.5460356230234,-0.005665512935419138,155.13151505954028,3.2837622951851224,0.11150241983882644,57.42172306719911,2.679751025470214
741,20,35,20,Mode,40,[   0  201  372  572  722  838 1114 1377 1746 2017],9,369,116,224.11111111111111,20717.935757350133,13.627312953263306,-0.01661606678666303,144.9294062852057,3.3853512935306904,0.09732384455968102,47.578380445846776,2.8659774330597525
742,20,35,20,Median,40,[   0  201  372  532  724  850 1108 1203 1325 1790 2017],10,465,95,201.7,18779.45869735713,14.160455633282384,-0.01632898621603159,142.62444481285777,3.311846553298788,0.10812377595720371,44.0309865906637,2.764990725616382
743,20,35,20,Mode,40,[   0  201  372  572  722  838 1114 1190 1377 1746 2017],10,369,76,201.7,19234.239835745546,14.639963568877931,-0.015025131372198575,138.82563269753598,3.60156016704313,0.11637916392759141,44.62726503544533,2.8828160485832544
744,20,35,20,Median,40,[   0  201  372  532  724  850 1112 1211 1325 1790 2017],10,465,99,201.7,18744.899460468816,14.085360249787376,-0.01546110105046245,142.54580747348103,3.329157963324998,0.10698584760661764,43.88137927594663,2.780703651344611
745,20,35,20,Mode,40,[   0  201  372  572  722  838 1114 1190 1377 1746 2017],10,369,76,201.7,19234.239835745546,14.639963568877931,-0.015025131372198575,138.82563269753598,3.60156016704313,0.11637916392759141,44.62726503544533,2.8828160485832544
746,20,35,20,Median,40,[   0  201  372  532  724  850 1108 1190 1279 1377 1746 1819 2017],12,369,73,168.08333333333334,16171.674711238209,14.312504835731362,-0.07066060398412646,123.6659546838239,3.18905216149242,0.09708842814318595,39.92109887753375,2.536876382945127
747,20,35,20,Mode,40,[   0  201  372  572  722  838 1114 1190 1321 1377 1746 1819 2017],12,369,56,168.08333333333334,16829.90998265379,15.30485416363739,-0.07720238256898382,122.44448597256047,3.2224497189168475,0.1107038084860641,42.130894584197456,2.3333130962753574
748,20,35,20,Median,40,[   0  201  372  532  724  850 1108 1190 1279 1377 1746 1819 2017],12,369,73,168.08333333333334,16171.674711238209,14.312504835731362,-0.07066060398412646,123.6659546838239,3.18905216149242,0.09708842814318595,39.92109887753375,2.536876382945127
749,20,35,20,Mode,40,[   0  201  372  572  722  838 1114 1190 1321 1377 1746 1819 2017],12,369,56,168.08333333333334,16829.90998265379,15.30485416363739,-0.07720238256898382,122.44448597256047,3.2224497189168475,0.1107038084860641,42.130894584197456,2.3333130962753574
750,20,35,20,Median,40,"[   0   54  201  372  480  548  724  850 1108 1190 1279 1377 1746 1819
 2017]",14,369,54,144.07142857142858,10745.435168597776,13.028830950827505,-0.08565299166617307,106.57500392642494,3.243660441265445,0.08575028640969196,28.851900522414248,2.696448952526517
751,20,35,20,Mode,40,"[   0   54  201  372  433  572  722  838 1114 1190 1321 1377 1746 1819
 2017]",14,369,54,144.07142857142858,12333.35760319727,13.8011170216113,-0.09212754464897488,106.07094740379664,3.3279460623547084,0.09450373858782439,32.33219494096299,2.5894940261990738
752,20,35,20,Median,40,"[   0   54  201  372  480  548  724  850 1040 1114 1190 1279 1377 1746
 1819 2017]",15,369,54,134.46666666666667,8922.27141347624,12.525812938449446,-0.08872543554535893,101.68804318873299,3.258249688017921,0.08072990713185223,24.63808587246272,2.76368268620936
753,20,35,20,Mode,40,"[   0   54  201  372  433  572  722  838 1040 1114 1190 1321 1377 1746
 1819 2017]",15,369,54,134.46666666666667,10270.145260351941,13.111680766870462,-0.09439306468301785,100.79811111313629,3.374710631931672,0.08721550717137101,27.45853016356569,2.686798643397097
754,20,35,20,Median,40,"[   0   54  201  372  480  548  724  850 1040 1114 1187 1273 1491 1746
 1819 2017]",15,255,54,134.46666666666667,8494.341529267116,12.031241574931828,-0.08537807030794282,101.0497310657683,3.6366770069468903,0.0771948637867819,23.316387148977668,2.999211765267554
755,20,35,20,Mode,40,"[   0   54  201  372  433  572  722  838 1040 1114 1190 1275 1377 1422
 1746 1819 2017]",16,324,45,126.0625,9072.504660342087,12.37085337025936,-0.0939539030605296,94.0353585569439,3.445493988456729,0.07639471864896229,23.9346721289319,2.835599759876454
756,20,40,10,Median,40,[   0  529 1227 2017],3,790,529,672.3333333333334,191537.5049186843,23.20224622972379,0.1217290355346774,387.86777422379043,2.2546229235272066,0.22030404289724878,398.3958731645656,1.8866654411828663
757,20,40,10,Mode,40,[   0  415 1746 2017],3,1331,271,672.3333333333334,143533.75879024412,21.018957169146937,0.05384261843121369,298.9590499381269,2.0898033189087295,0.12150836123520704,292.99185630277145,1.8881783283761522
758,20,40,10,Median,40,[   0  514 1156 2017],3,861,514,672.3333333333334,186485.37616535887,23.254565073361324,0.12552535965258357,380.07783302479817,2.3366377915810492,0.2231453612399178,386.19800105754643,1.9493948852551153
759,20,40,10,Mode,40,[   0  415 1114 1746 2017],4,699,271,504.25,105775.99816137909,18.134654723300187,0.04703704804577265,235.74320179580675,2.8728406798377333,0.13645821358576318,215.39783475539798,2.5199265044667256
760,20,40,10,Median,40,[   0  494  742 1168 1761 2017],5,593,248,403.4,57272.01833385563,16.362939747980082,0.05541362017797666,225.98589595502986,2.925533031275708,0.14354696161367253,131.86943344103042,2.629804589603587
761,20,40,10,Mode,40,[   0  415  722 1114 1746 2017],5,632,271,403.4,63625.51716756957,17.732812222832287,0.05951551723115395,222.82421998898738,2.520521871295926,0.14583831528445254,141.12206585587805,2.262464960261877
762,20,40,10,Median,40,[   0  372  547  742 1168 1761 2017],6,593,175,336.1666666666667,36534.20024903341,15.716944927422015,0.0478050425468499,204.31247464027516,2.9831612001139654,0.13337198201077982,86.4190149769504,2.659490717928289
763,20,40,10,Mode,40,[   0  415  572  722 1114 1746 2017],6,632,150,336.1666666666667,35443.210077584576,16.29587394464078,0.0578204286047261,206.03103057630804,2.5629162498983677,0.13649512120217613,84.61150118255429,2.4136130429254825
764,20,40,10,Median,40,[   0  372  547  742 1114 1275 1761 2017],7,486,161,288.14285714285717,32809.29777844924,16.267154195212882,0.04523432565369198,191.18637067909603,3.025299222361052,0.14584214840936485,79.62278657330444,2.543900985487259
765,20,40,10,Mode,40,[   0  415  572  722 1114 1275 1746 2017],7,471,150,288.14285714285717,31028.42502633816,16.493893267363056,0.05181646055247375,194.57622581475553,2.74191321873027,0.14841696050606187,76.24715266062155,2.4072412854393392
766,20,40,10,Median,40,[   0  201  415  547  742 1114 1275 1761 2017],8,486,132,252.125,24682.73314599807,14.718035289977207,-0.0011830866988165555,168.13803867493505,3.2920917259558538,0.12233466883847534,59.8244887068283,2.722627875692581
767,20,40,10,Mode,40,[   0  201  415  572  722 1114 1275 1746 2017],8,471,150,252.125,24782.451626400347,14.842024600876096,0.00044218291388945543,171.21855506912837,3.0359675465743967,0.12100786866347787,60.13776057526847,2.6089129306082377
768,20,40,10,Median,40,[   0  201  415  547  722  838 1114 1275 1761 2017],9,486,116,224.11111111111111,22786.820172103617,14.938718001381435,-0.0017485218795863578,155.52387463290097,3.182272682178873,0.11990097226911564,55.8917334815261,2.6196550398420744
769,20,40,10,Mode,40,[   0  201  415  572  722  838 1114 1275 1746 2017],9,471,116,224.11111111111111,22730.956608946,14.89796505961976,-0.0018034692887182772,155.01335391436155,3.1855105005925535,0.11805624761659969,55.36483225917168,2.6166434255814277
770,20,40,10,Median,40,[   0  201  415  547  722  838 1108 1177 1280 1761 2017],10,481,69,201.7,17191.906129745577,14.554419634434367,-0.011822493374868386,141.52406573759356,3.1568182798887414,0.11722537876346444,41.1994983181941,2.6586428353644584
771,20,40,10,Mode,40,[   0  201  415  572  722  838 1114 1156 1275 1746 2017],10,471,42,201.7,17529.067297625377,15.304068129049691,-0.008479795948624495,141.65518465421135,3.1174406688603673,0.12748569793170128,42.29837668213654,2.5534490610177403
772,20,40,10,Median,40,[   0  201  415  547  722  838 1040 1114 1177 1280 1761 2017],11,481,63,183.36363636363637,14332.23897455059,13.683612387789065,-0.016313156433868593,130.91377971618812,3.1852809719738393,0.10656592312992845,34.75360535462569,2.7677868248949276
773,20,40,10,Mode,40,[   0  201  415  572  722  838 1040 1114 1156 1275 1746 2017],11,471,42,183.36363636363637,14810.408928716055,14.138513730949768,-0.012795335703951707,130.5210138760739,3.1883827718822957,0.11468838832560038,36.04435758960235,2.683740334681837
774,20,40,10,Median,40,[   0  201  415  500  548  722  838 1108 1177 1275 1761 2017],11,486,48,183.36363636363637,12511.035936144297,13.767545754090893,-0.01294230330868769,130.0552004990618,3.2509440602412285,0.10662253386689666,32.03718493775361,2.767323966613964
775,20,40,10,Mode,40,[   0  201  415  494  572  722  838 1114 1156 1275 1377 1746 2017],12,369,42,168.08333333333334,12622.40170285384,14.524373138753019,-0.02055649912233599,122.44186278045483,3.1489172176191786,0.11711653261578188,32.28262149549233,2.6546582715983518
776,20,40,10,Median,40,[   0  201  415  500  548  722  838 1040 1114 1177 1275 1321 1761 2017],13,440,46,155.15384615384616,8677.253758345867,12.26177129622023,-0.035328390562611736,112.09143029286217,3.4638264649387502,0.08254618175774418,22.10042112034844,3.0446371489565536
777,20,40,10,Mode,40,[   0  201  415  494  572  722  838 1040 1114 1156 1275 1377 1746 2017],13,369,42,155.15384615384616,10765.741861660365,13.618052389527803,-0.023556610840472076,114.87583662215204,3.2065238779639786,0.10731620505369109,27.905585183934193,2.7548002321033813
778,20,40,10,Median,40,"[   0   54  201  415  500  548  722  838 1040 1114 1177 1275 1321 1761
 2017]",14,440,46,144.07142857142858,8183.032402825872,11.996800150569074,-0.05259065466519584,104.41683103696835,3.405533475962657,0.07904269248578845,21.315627300947572,3.0285439859800034
779,20,40,10,Mode,40,"[   0   54  201  415  494  572  722  838 1040 1114 1156 1275 1377 1746
 2017]",14,369,42,144.07142857142858,10110.867575116177,13.248751929006838,-0.04082312597245515,107.00585106099473,3.1666096452003694,0.10190732937435482,26.674240282719037,2.7610022165770753
780,20,40,10,Median,40,"[   0   54  201  415  500  548  722  838 1040 1114 1177 1275 1321 1746
 1812 2017]",15,425,46,134.46666666666667,8115.533255137673,12.426212097533915,-0.09715234111745566,100.41596634884809,3.2877685167434314,0.07152770683993706,22.282957182556732,2.811355945609838
781,20,40,10,Mode,40,"[   0   54  201  415  494  572  722  838 1040 1114 1156 1275 1377 1746
 1812 2017]",15,369,42,134.46666666666667,9721.139377501702,13.491601608009196,-0.09097475649403344,102.83034503217452,3.068880227417286,0.09242141768073135,26.623906256221172,2.5898547084080055
782,20,40,10,Median,40,"[   0   54  201  372  415  505  548  722  838 1040 1114 1177 1275 1321
 1746 1812 2017]",16,425,43,126.0625,6564.659934798445,11.717200175912657,-0.0986852410342072,94.66501744836236,3.3704692275797825,0.05944738536211204,18.09968142360797,2.9671107442517206
783,20,40,10,Mode,40,"[   0   54  201  372  415  494  572  722  838 1040 1114 1156 1275 1377
 1746 1812 2017]",16,369,42,126.0625,8193.31418304275,12.677677327371327,-0.09284424911643592,96.65516146876567,3.2450726308403883,0.08055662443003829,22.35104823922736,2.7810359928920247
784,20,40,15,Median,40,[   0  547 1259 2017],3,758,547,672.3333333333334,187431.17735091533,22.815015630347215,0.11535253530148212,377.7930558750712,2.249596935144598,0.21298741113350558,385.62895484731797,1.8946459014420018
785,20,40,15,Mode,40,[   0  838 1746 2017],3,908,271,672.3333333333334,81074.81032039621,15.328866271757667,-0.0011588745226741172,150.73577941029956,2.520023176594633,0.0844370579115902,158.44354145113752,2.500384593996917
786,20,40,15,Median,40,[   0  521 1115 1761 2017],4,646,256,504.25,124218.40840916337,19.38682821766154,0.06375952826491077,279.4304832948591,2.5033257884179054,0.16197235505172253,270.651024139727,2.22684685353033
787,20,40,15,Mode,40,[   0  722 1114 1746 2017],4,722,271,504.25,87279.47247958985,17.879765018442228,0.015991933847717146,174.396094359394,2.593571343637862,0.1327616641452875,174.21647839585998,2.2514158866030383
788,20,40,15,Median,40,[   0  486  776 1168 1761 2017],5,593,256,403.4,59804.12677484697,15.9196267911191,0.05202946853699135,218.17621676020707,3.3471272896635407,0.1390821322165265,135.03521954793027,2.8728649389805487
789,20,40,15,Mode,40,[   0  372  838 1114 1746 2017],5,632,271,403.4,66187.88161120725,17.88797525529658,0.040764394406712604,197.58678276439923,2.929207277414714,0.13005864311208426,140.26658237403365,2.1811337172191676
790,20,40,15,Median,40,[   0  372  532  776 1168 1761 2017],6,593,160,336.1666666666667,37337.17732102955,15.69217093749595,0.04522567261251569,202.74716879919953,3.4343545108168763,0.13596890117586477,87.78704333995532,2.9074359230296705
791,20,40,15,Mode,40,[   0  372  572  838 1114 1746 2017],6,632,200,336.1666666666667,39282.1317884993,15.83609731326365,0.04813036775425511,200.14592887111215,3.1408811033786357,0.12916661934112064,92.41494844460657,2.6187345937239965
792,20,40,15,Median,40,[   0  372  532 1114 1280 1761 2017],6,582,160,336.1666666666667,45858.325012665955,18.056801681936157,0.04693077828913596,220.60996647671945,2.599376479433344,0.1680232850096891,107.30905481290658,2.2360512788206686
793,20,40,15,Mode,40,[   0  372  572  838 1114 1377 1746 2017],7,372,200,288.14285714285717,29508.887143522068,14.225104240381876,0.031885588591751945,178.08927239903517,3.297556186758992,0.11729839591513734,68.8904177442606,2.8971539938088178
794,20,40,15,Median,40,[   0  201  415  547  776 1114 1275 1761 2017],8,486,132,252.125,24136.838946436637,14.225365222257276,-0.005351164481269873,163.5685961021349,3.976460093045821,0.11855497429643413,58.003174849676306,3.1221779265817338
795,20,40,15,Mode,40,[   0  201  372  572  838 1114 1377 1746 2017],8,369,171,252.125,22722.68795857593,12.748445103988276,-0.017943805882281977,155.30083951197096,3.6485167965130407,0.09202718288921072,51.51307934351941,3.100746816756428
796,20,40,15,Median,40,[   0  201  415  547  724  838 1114 1280 1761 2017],9,481,114,224.11111111111111,22556.77928921915,14.839446776006266,-0.0025818143998560463,154.9518044414093,3.1811648841815323,0.11862602841123732,55.18375601053854,2.6339069626221434
797,20,40,15,Mode,40,[   0  201  372  572  722  838 1114 1377 1746 2017],9,369,116,224.11111111111111,20717.935757350133,13.627312953263306,-0.01661606678666303,144.9294062852057,3.3853512935306904,0.09732384455968102,47.578380445846776,2.8659774330597525
798,20,40,15,Median,40,[   0  201  415  547  724  838 1108 1187 1280 1761 2017],10,481,79,201.7,17354.70369613632,14.486223372162208,-0.013846192823274345,141.70173002498274,3.17178184958913,0.1146546828719167,41.28972578906912,2.681124260282386
799,20,40,15,Mode,40,[   0  201  372  572  722  838 1114 1163 1377 1746 2017],10,369,49,201.7,18343.803161491316,15.049003619310623,-0.016468380697301548,137.06389720566733,3.4553156160633627,0.12053805456988018,42.55749543213639,2.775275333773545
800,20,40,15,Median,40,[   0  201  415  547  724  838 1108 1187 1280 1746 1812 2017],11,466,66,183.36363636363637,16177.650758750558,14.793801706979485,-0.06759295402092198,132.1442497085227,3.030038166356127,0.1000489847158185,40.05274277264973,2.428689802428997
801,20,40,15,Mode,40,[   0  201  372  572  722  838 1114 1163 1377 1746 1812 2017],11,369,49,183.36363636363637,16974.890126193535,15.208968000883548,-0.06993176272701991,127.7730207920999,3.285387809489357,0.1053947056792548,40.89870228009765,2.5342415106172
802,20,40,15,Median,40,[   0  201  415  547  724  838 1040 1114 1187 1280 1746 1812 2017],12,466,66,168.08333333333334,13416.57088713036,13.976557570595524,-0.07162379532903704,123.49543615324433,3.0656548318900163,0.09202208379521211,33.742988963984345,2.5473759269856475
803,20,40,15,Mode,40,[   0  201  372  572  722  838 1040 1114 1163 1377 1746 1812 2017],12,369,49,168.08333333333334,14415.83588003525,14.152083898291876,-0.07479586563621582,118.91748120769286,3.363597608447843,0.0957676755480067,35.02094157972473,2.659169121252857
804,20,40,15,Median,40,[   0  201  388  495  550  722  838 1040 1114 1190 1318 1746 1812 2017],13,428,55,155.15384615384616,9954.56126589234,13.123075437671014,-0.0731902727504166,115.31233274361645,3.231170813070339,0.08209116351353404,26.978318619882014,2.7064957526544267
805,20,40,15,Mode,40,[   0  201  372  494  572  722  838 1040 1114 1163 1377 1746 1812 2017],13,369,49,155.15384615384616,10605.340105163157,13.517596258453695,-0.07352587542530317,113.32407314343314,3.345920962232787,0.08958623199146443,27.858441934057495,2.7239620219597693
806,20,40,15,Median,40,"[   0  201  388  512  567  724  838 1040 1114 1187 1275 1322 1746 1812
 2017]",14,424,47,144.07142857142858,8900.53048240458,12.696968934470362,-0.08181692424638216,108.1495141983612,3.3433220846381935,0.07076754312815783,23.629297917658132,2.794377176281154
807,20,40,15,Mode,40,"[   0  201  372  494  572  722  838 1040 1114 1163 1275 1377 1746 1812
 2017]",14,369,49,144.07142857142858,10029.0973671894,13.402484929848981,-0.07693539931476967,109.49502472761972,3.181961158446401,0.08927723043796142,26.93458999162829,2.6426802268383014
808,20,40,15,Median,40,"[   0   54  201  388  495  550  724  838 1040 1114 1187 1275 1322 1746
 1812 2017]",15,424,47,134.46666666666667,8127.971365059357,12.252180310110559,-0.09684795911168062,100.65463919668473,3.286879119162283,0.0681371367040704,22.245364874294154,2.833741620045732
809,20,40,15,Mode,40,"[   0   54  201  372  494  572  722  838 1040 1114 1163 1275 1377 1746
 1812 2017]",15,369,49,134.46666666666667,9504.986592848942,13.080648696310268,-0.08979507126753607,102.59518180308626,3.133465692045021,0.08592057735293102,25.999618384933836,2.6495479464811034
810,20,40,15,Median,40,"[   0   54  201  372  421  514  567  724  838 1040 1114 1187 1275 1322
 1746 1812 2017]",16,424,47,126.0625,7093.079149213053,11.952377336650516,-0.09744859157053985,95.49202299005253,3.3926906868469757,0.06444492389441243,19.303886858778313,2.920188254706799
811,20,40,15,Mode,40,"[   0   54  201  372  415  494  572  722  838 1040 1114 1163 1275 1377
 1746 1812 2017]",16,369,43,126.0625,8193.936302185914,12.602502530555077,-0.09210928555008871,96.94391290793766,3.2492147535315308,0.07944075722673001,22.40994655255196,2.786445322548682
812,20,40,20,Median,40,[   0  547 1275 2017],3,742,547,672.3333333333334,187696.303054477,22.79167667597019,0.11563843289043028,381.01839484084826,2.2165318414291213,0.21117713253211554,386.14995305589565,1.8805115133571764
813,20,40,20,Mode,40,[   0  372 1746 2017],3,1374,271,672.3333333333334,132831.13951157298,20.820706602064117,0.04063678419486389,271.41636568145873,2.1264449657361335,0.10897515399573662,264.91066413973255,1.9174941278672875
814,20,40,20,Median,40,[   0  521 1115 1761 2017],4,646,256,504.25,124218.40840916337,19.38682821766154,0.06375952826491077,279.4304832948591,2.5033257884179054,0.16197235505172253,270.651024139727,2.22684685353033
815,20,40,20,Mode,40,[   0  372 1114 1746 2017],4,742,271,504.25,95796.54175696342,17.557866336490484,0.03327332739289996,210.93945433655267,3.059988596067463,0.12194242818564083,189.2749603180382,2.6638833591241813
816,20,40,20,Median,40,[   0  466  776 1187 1761 2017],5,574,256,403.4,58237.955794783826,15.787932369177405,0.04773964351862811,209.89035479798935,3.1930896593723235,0.13723080777220115,128.4237494050402,2.8060531513151066
817,20,40,20,Mode,40,[   0  372  838 1114 1746 2017],5,632,271,403.4,66187.88161120725,17.88797525529658,0.040764394406712604,197.58678276439923,2.929207277414714,0.13005864311208426,140.26658237403365,2.1811337172191676
818,20,40,20,Median,40,[   0  346  521  776 1187 1761 2017],6,574,175,336.1666666666667,36736.8922512016,15.263600043269165,0.03971399671034236,201.69796562333113,3.4187667691122523,0.1307743793203539,85.85245690334861,2.905536864743037
819,20,40,20,Mode,40,[   0  415  838 1114 1746 2017],5,632,271,403.4,66923.57874293468,17.7557432330534,0.05073267901139033,209.12744290802755,2.9214000839763545,0.13664129202252928,145.4503058413341,2.228356053285741
820,20,40,20,Median,40,[   0  346  521 1114 1318 1790 2017],6,593,175,336.1666666666667,45787.7819549752,17.193470004694127,0.04258069714234579,216.80368603640534,2.631483067128016,0.15474986580351968,106.07717969495052,2.3169728688916154
821,20,40,20,Mode,40,[   0  372  415  838 1114 1377 1746 2017],7,423,43,288.14285714285717,21177.380609102915,14.008325168367136,-0.0062451316441769515,152.29824207910372,3.159153281940995,0.09464276224909564,47.01008853565636,2.7210108352356728
822,20,40,20,Median,40,[   0  388  547 1114 1318 1790 2017],6,567,159,336.1666666666667,43604.03632655034,17.350224792455585,0.05011842321714077,216.5739032368088,2.5842308672368053,0.16014797363118088,101.91294765759444,2.3110484548767802
823,20,40,20,Mode,40,[   0  201  372  572  838 1114 1377 1746 2017],8,369,171,252.125,22722.68795857593,12.748445103988276,-0.017943805882281977,155.30083951197096,3.6485167965130407,0.09202718288921072,51.51307934351941,3.100746816756428
824,20,40,20,Median,40,[   0  201  388  547  724  850 1114 1318 1790 2017],9,472,126,224.11111111111111,23251.40246585283,14.518857664025564,-0.00582538491147997,153.77799415723405,3.2388100333247554,0.1114499241549985,56.02106038124888,2.66202190998925
825,20,40,20,Mode,40,[   0  201  372  572  722  838 1114 1377 1746 2017],9,369,116,224.11111111111111,20717.935757350133,13.627312953263306,-0.01661606678666303,144.9294062852057,3.3853512935306904,0.09732384455968102,47.578380445846776,2.8659774330597525
826,20,40,20,Median,40,[   0  201  388  547  724  850 1108 1190 1321 1790 2017],10,469,82,201.7,18496.740035549934,14.455432321187422,-0.016073719427337152,142.42310871918306,3.2295667276702553,0.11383690154220062,43.684006081382,2.6945611244996255
827,20,40,20,Mode,40,[   0  201  372  572  722  838 1114 1190 1377 1746 2017],10,369,76,201.7,19234.239835745546,14.639963568877931,-0.015025131372198575,138.82563269753598,3.60156016704313,0.11637916392759141,44.62726503544533,2.8828160485832544
828,20,40,20,Median,40,[   0  201  388  547  724  850 1040 1114 1244 1377 1790 2017],11,413,74,183.36363636363637,14906.755291276571,12.98985243562046,-0.019389138495369097,127.11371147289715,3.41424568463995,0.09799877363233328,35.35050245386843,2.9583674406986136
829,20,40,20,Mode,40,[   0  201  372  572  722  838 1040 1114 1275 1377 1746 2017],11,369,74,183.36363636363637,15894.311802684755,13.517294810683415,-0.026305329925112066,128.33403403678707,3.415824267471008,0.09724641053219102,37.460272272578585,2.869860292052024
830,20,40,20,Median,40,[   0  201  388  547  724  850 1108 1190 1279 1377 1746 1819 2017],12,369,73,168.08333333333334,15731.378657076695,14.290785432916545,-0.07080348835408974,122.60322410341158,3.159576570528227,0.0970473391523615,38.924095510132766,2.524750000173821
831,20,40,20,Mode,40,[   0  201  372  572  722  838 1114 1190 1275 1377 1746 1812 2017],12,369,66,168.08333333333334,15944.522111972741,14.510225482306947,-0.0778049984687247,121.53142652977213,3.185717805055244,0.09686604183438466,39.016163237367515,2.5085611093345883
832,20,40,20,Median,40,[   0  201  388  547  724  850 1040 1114 1190 1279 1377 1746 1819 2017],13,369,73,155.15384615384616,13188.858985394994,13.598768211634725,-0.07395122704884592,115.49787130282907,3.181862519509833,0.0902488089329927,33.168628836212775,2.61749760216653
833,20,40,20,Mode,40,[   0  201  372  572  722  838 1040 1114 1190 1275 1377 1746 1812 2017],13,369,66,155.15384615384616,13236.510669588568,13.646790813384667,-0.08078990918618302,114.02553806564737,3.2404936509818856,0.08816624657797568,32.77322363903695,2.62882757247099
834,20,40,20,Median,40,"[   0   54  201  388  547  724  850 1040 1114 1190 1279 1377 1746 1819
 2017]",14,369,54,144.07142857142858,12375.537573035586,13.237793418072831,-0.0876934299738284,107.58426396211085,3.1330359222957873,0.08651320989244735,31.656109965357665,2.6285138481445873
835,20,40,20,Mode,40,"[   0   54  201  372  572  722  838 1040 1114 1190 1275 1377 1746 1812
 2017]",14,369,54,144.07142857142858,12425.359581652754,13.281405186224848,-0.0936449822777453,106.21519806506488,3.184353330370729,0.08463684970640337,31.317205474334564,2.6372891670376473
836,20,40,20,Median,40,"[   0   54  201  372  461  548  722  838 1040 1114 1190 1279 1377 1746
 1819 2017]",15,369,54,134.46666666666667,9436.776837769483,12.609353494414085,-0.08929037210097371,101.15572209155651,3.2708755217322225,0.08173552264785243,25.051487436488458,2.791741065430512
837,20,40,20,Mode,40,"[   0   54  201  372  433  572  722  838 1040 1114 1190 1275 1377 1746
 1812 2017]",15,369,54,134.46666666666667,9574.48336195969,12.487329660110829,-0.09543977389325271,100.05316368332855,3.336551047248551,0.0763429762307657,25.011241248199305,2.824493510800779
838,20,40,20,Median,40,"[   0   54  201  372  494  550  724  850 1040 1114 1190 1279 1377 1512
 1746 1819 2017]",16,234,54,126.0625,8375.593648767126,12.163721149226278,-0.08757892047050021,95.98410492772491,3.6007604527151695,0.07892944790999071,23.59575824054964,2.9118824297453765
839,20,40,20,Mode,40,"[   0   54  201  372  494  572  722  838 1040 1114 1190 1275 1377 1489
 1746 1812 2017]",16,257,54,126.0625,8857.988166576475,12.49093011363168,-0.0915113400656311,96.63643941393356,3.47251125198243,0.07977840424524009,24.499406231472385,2.780073516180958
840,20,45,10,Median,40,[   0  521 1211 2017],3,806,521,672.3333333333334,191506.40634133082,23.290554246506023,0.1240504509002359,390.63611529644226,2.2555275284165823,0.2208808331599332,396.46925865447173,1.8945798018375872
841,20,45,10,Mode,40,[   0  415 1114 2017],3,903,415,672.3333333333334,150668.0225754577,21.23788686289555,0.10908748975260363,306.7453315104935,2.786406295509117,0.1899356722564982,295.18547775660977,2.3445688377362606
842,20,45,10,Median,40,[   0  517 1156 2017],3,861,517,672.3333333333334,187747.49288261274,23.33759131565007,0.12615486147295132,383.0074539240382,2.324445272795014,0.22451098423338858,390.09253755717845,1.9376734760404628
843,20,45,10,Mode,40,[   0  415 1114 1746 2017],4,699,271,504.25,105775.99816137909,18.134654723300187,0.04703704804577265,235.74320179580675,2.8728406798377333,0.13645821358576318,215.39783475539798,2.5199265044667256
844,20,45,10,Median,40,[   0  494  742 1163 1746 2017],5,583,248,403.4,56673.89006655414,16.26428529122331,0.054789456877116255,225.45620002162613,2.9375587285051568,0.14188020890912537,130.1946720595009,2.6542723347438972
845,20,45,10,Mode,40,[   0  415  722 1114 1746 2017],5,632,271,403.4,63625.51716756957,17.732812222832287,0.05951551723115395,222.82421998898738,2.520521871295926,0.14583831528445254,141.12206585587805,2.262464960261877
846,20,45,10,Median,40,[   0  201  495  742 1163 1746 2017],6,583,201,336.1666666666667,40204.2534596037,15.021280851438979,0.008651049072179987,193.20893523125525,3.037258008305208,0.11126454311686076,91.07389546291915,2.6624635892813218
847,20,45,10,Mode,40,[   0  415  722 1114 1746 2017],5,632,271,403.4,63625.51716756957,17.732812222832287,0.05951551723115395,222.82421998898738,2.520521871295926,0.14583831528445254,141.12206585587805,2.262464960261877
848,20,45,10,Median,40,[   0  372  531  724 1114 1275 1746 2017],7,471,159,288.14285714285717,33608.09082198177,16.78307642193037,0.047534500962408605,198.48308734055095,2.7677208450103525,0.1512326048463017,82.5161591704268,2.3855153625656427
849,20,45,10,Mode,40,[   0  415  494  722 1114 1259 1746 2017],7,487,79,288.14285714285717,28728.28493564849,17.215801602704783,0.048923099538285664,191.00577432314182,2.62623591775404,0.15722537122534813,70.31145477370339,2.3268751279940494
850,20,45,10,Median,40,[   0  201  415  532  724 1114 1275 1746 2017],8,471,117,252.125,25609.9850778512,15.234543892059957,0.0022350151326229937,174.1603151405814,3.0629423816832984,0.12830124847986482,62.4487997664948,2.577118117065409
851,20,45,10,Mode,40,[   0  201  415  494  722 1114 1259 1746 2017],8,487,79,252.125,24064.231404463007,15.465238222012962,-0.00012470676302240823,168.09862221278706,2.9671034388524795,0.13025159855282506,58.259538578016574,2.5306194192522335
852,20,45,10,Median,40,[   0  201  415  532  722  838 1114 1280 1746 2017],9,466,116,224.11111111111111,22752.696272180874,14.989289560032015,-0.0011629267737004307,156.96733096865273,3.184978324126572,0.12078782496923562,55.72510035947471,2.62229428073101
853,20,45,10,Mode,40,[   0  201  415  494  722  838 1114 1259 1746 2017],9,487,79,224.11111111111111,21027.358871614313,15.171011900780591,-0.003408678588335696,152.21276208021504,3.12459373011726,0.12166094167108762,51.5558660471753,2.594501937838065
854,20,45,10,Median,40,[   0  201  415  532  722  838 1108 1168 1288 1746 2017],10,458,60,201.7,17362.17059135735,14.799400702253044,-0.00882676467062778,142.772953638637,3.1450954650678646,0.12204254144501217,41.886765040716675,2.640242168133923
855,20,45,10,Mode,40,[   0  201  415  494  722  838 1114 1163 1259 1746 2017],10,487,49,201.7,16393.98041304412,15.357102420351575,-0.010243358086099767,139.36838004080192,3.076639130284451,0.12800113779019048,39.74811860817092,2.559004323989968
856,20,45,10,Median,40,[   0  201  415  532  722  838 1040 1114 1168 1288 1746 2017],11,458,54,183.36363636363637,14692.474857712106,13.932728625509446,-0.013593680453685017,132.05629800285752,3.170291665078062,0.11180992134121792,35.83537937734904,2.746076189636139
857,20,45,10,Mode,40,[   0  201  415  494  722  838 1040 1114 1163 1259 1746 2017],11,487,49,183.36363636363637,13637.111713584953,14.179716465553934,-0.016261732181727676,128.4250393513551,3.1043855250977272,0.115150761434724,33.397640204953376,2.6939484143519143
858,20,45,10,Median,40,[   0  201  415  495  548  722  838 1040 1114 1168 1288 1746 2017],12,458,53,168.08333333333334,10472.874120066079,13.14770824834914,-0.01525951789067985,121.2677085718933,3.2483410228677276,0.10056485322786414,27.328194225065022,2.8486678894105926
859,20,45,10,Mode,40,[   0  201  415  494  548  722  838 1040 1114 1163 1259 1746 2017],12,487,49,168.08333333333334,10387.029041354417,13.278272297489735,-0.014773063086038552,120.61176084965635,3.2123611895895974,0.10361480463509086,27.127819684732057,2.8080231946323764
860,20,45,10,Median,40,[   0  201  415  495  548  722  838 1040 1114 1168 1275 1321 1746 2017],13,425,46,155.15384615384616,8769.85825057211,12.437586041774926,-0.03367795421922121,112.74122791202228,3.4139243822733176,0.08516647124424652,22.44668624466838,3.0062437744839534
861,20,45,10,Mode,40,[   0  201  415  494  548  722  838 1040 1114 1163 1259 1377 1746 2017],13,369,49,155.15384615384616,9487.166242447985,12.821493333712569,-0.022239343484069644,112.25998897872057,3.3690161316104574,0.09942411622474905,24.729333781033436,2.9470964693620965
862,20,45,10,Median,40,"[   0  201  415  495  548  722  838 1040 1114 1168 1275 1321 1746 1812
 2017]",14,425,46,144.07142857142858,8641.962815219955,12.872771687052758,-0.08073047813420513,107.719837543944,3.2791484345090613,0.07685574942652584,23.368166730962407,2.7698765149528617
863,20,45,10,Mode,40,"[   0  201  415  494  548  722  838 1040 1114 1163 1259 1377 1746 1812
 2017]",14,369,49,144.07142857142858,9115.43597829918,13.115889803045437,-0.0743887208258891,107.26301819150088,3.24166567533466,0.08939953541235499,24.824736098780782,2.74846882573502
864,20,45,10,Median,40,"[   0   54  201  415  495  548  722  838 1040 1114 1168 1275 1321 1746
 1812 2017]",15,425,46,134.46666666666667,8185.563766746096,12.58308416674579,-0.09645799655386392,100.93454215050488,3.237053513493353,0.0740089688405111,22.54887635504632,2.774558623189186
865,20,45,10,Mode,40,"[   0   54  201  415  494  548  722  838 1040 1114 1163 1259 1377 1746
 1812 2017]",15,369,49,134.46666666666667,8625.217418176804,12.808836703024708,-0.09014620466895731,100.50721436632439,3.2020696049305792,0.08565677011306673,23.90140505373481,2.7546800546297616
866,20,45,10,Median,40,"[   0   54  201  372  415  495  548  722  838 1040 1114 1168 1275 1321
 1746 1812 2017]",16,425,43,126.0625,6720.094480911807,11.832638199552346,-0.098103625090949,94.87542485591952,3.3630785477953067,0.06300453519288568,18.466632495627927,2.9496071534455894
867,20,45,10,Mode,40,"[   0   54  201  372  415  494  548  722  838 1040 1114 1163 1259 1377
 1746 1812 2017]",16,369,43,126.0625,7170.453687672844,12.040430082719142,-0.09180056909735712,94.47427129077239,3.3365381859589935,0.07424295336688465,19.810047116906755,2.934872982698997
868,20,45,15,Median,40,[   0  532 1259 2017],3,758,532,672.3333333333334,189632.4035408748,22.93215294288891,0.1177801531860862,385.8414227163237,2.2470695977341535,0.2144229807643751,391.7292724400785,1.8943885003131697
869,20,45,15,Mode,40,[   0  201 1746 2017],3,1545,201,672.3333333333334,84767.8671435439,20.049682095282463,-0.024012324217500734,160.8775063950797,2.321501860668396,0.06118648122455852,154.50166470618285,2.062849585382273
870,20,45,15,Median,40,[   0  521 1115 1761 2017],4,646,256,504.25,124218.40840916337,19.38682821766154,0.06375952826491077,279.4304832948591,2.5033257884179054,0.16197235505172253,270.651024139727,2.22684685353033
871,20,45,15,Mode,40,[   0  201 1114 1746 2017],4,913,201,504.25,59007.13372096218,15.979914180195758,-0.03184762259901393,123.83180868218072,3.8068028146610464,0.06837916361542018,108.58555654916302,3.1406612783592323
872,20,45,15,Median,40,[   0  486  776 1168 1761 2017],5,593,256,403.4,59804.12677484697,15.9196267911191,0.05202946853699135,218.17621676020707,3.3471272896635407,0.1390821322165265,135.03521954793027,2.8728649389805487
873,20,45,15,Mode,40,[   0  201  838 1114 1746 2017],5,637,201,403.4,62208.47768873716,18.266760381220273,-0.011486530725074858,153.3931808963103,2.837372661532601,0.10324033707705757,124.01705652729494,2.090105626404965
874,20,45,15,Median,40,[   0  346  520  776 1168 1761 2017],6,593,174,336.1666666666667,36816.8974006271,15.30530068478769,0.04144347146065128,201.40655136357137,3.420619916731743,0.13086152381286548,86.22718135702571,2.902465263095245
875,20,45,15,Mode,40,[   0  415  838 1114 1746 2017],5,632,271,403.4,66923.57874293468,17.7557432330534,0.05073267901139033,209.12744290802755,2.9214000839763545,0.13664129202252928,145.4503058413341,2.228356053285741
876,20,45,15,Median,40,[   0  346  520  776 1114 1280 1761 2017],7,481,166,288.14285714285717,32044.677725514684,15.449015956986324,0.03673848185869446,186.3268712199635,3.6578134662974584,0.13777871822582702,76.97369335413292,2.926047622086261
877,20,45,15,Mode,40,[   0  201  415  838 1114 1377 1746 2017],7,423,201,288.14285714285717,31693.490831381496,13.833235561865576,-0.023457903032041903,153.85351695408337,3.3314622142359935,0.09437353566962274,67.51338168430826,2.791472605323806
878,20,45,15,Median,40,[   0  201  415  532  776 1114 1280 1761 2017],8,481,117,252.125,24296.2485177194,14.412773308756032,-0.005260732245047874,164.82655667260536,3.8894583911871417,0.12098732510642753,58.40159760332019,3.0619404888898996
879,20,45,15,Mode,40,[   0  201  415  494  838 1114 1377 1746 2017],8,369,79,252.125,21680.91822920192,14.093271172938845,-0.014587186500577835,156.13617601812595,3.2814452500151585,0.11263032712902143,50.74125486722961,2.8222751907329715
880,20,45,15,Median,40,[   0  201  415  532  722  838 1114 1280 1761 2017],9,481,116,224.11111111111111,22856.688132125593,15.018136001424296,-0.001479733293520834,156.86837575157904,3.1818962885725144,0.1213952880616012,56.12504676673138,2.6173012397833038
881,20,45,15,Mode,40,[   0  201  415  494  722  838 1114 1377 1746 2017],9,369,79,224.11111111111111,18832.421042764887,13.959515629426793,-0.012414838696281173,145.25696230839637,3.2324679663867766,0.10550444200802431,44.76674586199481,2.8059516988695647
882,20,45,15,Median,40,[   0  201  415  531  722  838 1108 1187 1317 1761 2017],10,444,79,201.7,17896.456390901847,14.634126582267097,-0.013155549700249292,143.60812686154495,3.20703520327778,0.1186098156613616,42.92703145946925,2.6999011180571157
883,20,45,15,Mode,40,[   0  201  415  494  722  838 1114 1163 1377 1746 2017],10,369,49,201.7,16667.79008185999,15.344294887011504,-0.012570032946778054,137.36881766570227,3.323677294252157,0.12780969674618536,40.05826469093465,2.7219191256044892
884,20,45,15,Median,40,[   0  201  415  531  722  838 1040 1114 1174 1317 1761 2017],11,444,60,183.36363636363637,14871.087857060596,13.927893333342386,-0.01563317366457683,132.87623752145313,3.2044374758931538,0.11150483831678433,36.448543881220594,2.7637213527203186
885,20,45,15,Mode,40,[   0  201  415  494  722  838 1040 1114 1163 1377 1746 2017],11,369,49,183.36363636363637,13883.540415519234,14.168189685547869,-0.01942770096654347,126.59254040051113,3.356458307814483,0.11497846449511939,33.67677167944074,2.8405717358049833
886,20,45,15,Median,40,[   0  201  415  532  722  838 1040 1114 1174 1317 1746 1812 2017],12,429,60,168.08333333333334,14089.24099653209,14.269902033233564,-0.06897275021074056,124.93624628409279,3.0721783816336257,0.09851499860147962,35.99906216973584,2.51467331486034
887,20,45,15,Mode,40,[   0  201  415  494  722  838 1040 1114 1163 1377 1746 1812 2017],12,369,49,168.08333333333334,13044.552451245987,14.393685844592596,-0.07338640268855723,119.17851749594439,3.2089292608090507,0.10171720096498366,32.976116427832395,2.6155140418418115
888,20,45,15,Median,40,[   0  201  415  505  567  722  838 1040 1114 1187 1317 1746 1812 2017],13,429,62,155.15384615384616,10843.121301962046,13.735821390660183,-0.07110437429869133,116.96556017886584,3.1551736452387216,0.08942684855079953,29.094231661560073,2.5835020304699756
889,20,45,15,Mode,40,[   0  201  415  494  569  722  838 1040 1114 1163 1377 1746 1812 2017],13,369,49,155.15384615384616,10777.742097941567,13.85262215792501,-0.07111588215839527,113.8617224648036,3.263611226076674,0.09550016072899135,28.591897050441077,2.6627241259957395
890,20,45,15,Median,40,"[   0  201  415  495  550  722  838 1040 1114 1174 1273 1321 1746 1812
 2017]",14,425,48,144.07142857142858,8762.960430648276,12.872253216217416,-0.07964473566739859,107.9913026403793,3.2763006201600477,0.07771413774439807,23.654355074962133,2.7722444612961423
891,20,45,15,Mode,40,"[   0  201  415  494  569  722  838 1040 1114 1163 1275 1377 1746 1812
 2017]",14,369,49,144.07142857142858,10188.237668215626,13.711739606284043,-0.07454418943513573,110.0102195264073,3.104704372799088,0.09473624158029394,27.611625483674672,2.5861529382561197
892,20,45,15,Median,40,"[   0   54  201  401  494  548  722  838 1040 1114 1174 1273 1321 1746
 1812 2017]",15,425,48,134.46666666666667,7934.74395633534,12.29506848586732,-0.0959001943830962,100.26531503841217,3.281197462124598,0.07199369235847657,21.910765327789058,2.8321748629223786
893,20,45,15,Mode,40,"[   0   54  201  415  494  569  722  838 1040 1114 1163 1275 1377 1746
 1812 2017]",15,369,49,134.46666666666667,9621.390415956363,13.362125806031983,-0.0902698303699778,103.07714926005798,3.0742390558973787,0.0906122829832958,26.489230911136275,2.6039581591136405
894,20,45,15,Median,40,"[   0  201  372  421  514  567  722  776  838 1040 1114 1174 1279 1377
 1746 1812 2017]",16,369,49,126.0625,10118.123556502225,14.788135638812475,-0.08413378516298545,102.1680234216399,3.2690038501630188,0.10847296390439347,28.00139279137247,2.4998305744617206
895,20,45,15,Mode,40,"[   0  201  372  415  494  569  722  776  838 1040 1114 1163 1275 1377
 1746 1812 2017]",16,369,43,126.0625,10367.176826368617,14.873182443080436,-0.08528009831435462,102.43471556474455,3.224582433903013,0.10962233320021975,28.36669611516977,2.490567866205921
896,20,45,20,Median,40,[   0  547 1275 2017],3,742,547,672.3333333333334,187696.303054477,22.79167667597019,0.11563843289043028,381.01839484084826,2.2165318414291213,0.21117713253211554,386.14995305589565,1.8805115133571764
897,20,45,20,Mode,40,[   0  201 1746 2017],3,1545,201,672.3333333333334,84767.8671435439,20.049682095282463,-0.024012324217500734,160.8775063950797,2.321501860668396,0.06118648122455852,154.50166470618285,2.062849585382273
898,20,45,20,Median,40,[   0  521 1115 1761 2017],4,646,256,504.25,124218.40840916337,19.38682821766154,0.06375952826491077,279.4304832948591,2.5033257884179054,0.16197235505172253,270.651024139727,2.22684685353033
899,20,45,20,Mode,40,[   0  201 1114 1746 2017],4,913,201,504.25,59007.13372096218,15.979914180195758,-0.03184762259901393,123.83180868218072,3.8068028146610464,0.06837916361542018,108.58555654916302,3.1406612783592323
900,20,45,20,Median,40,[   0  466  776 1174 1761 2017],5,587,256,403.4,58878.10169824753,15.962983050104613,0.04982265767765703,210.47081642585135,3.157910280018046,0.13818582994104395,130.0971719310187,2.759103075105894
901,20,45,20,Mode,40,[   0  201  838 1114 1746 2017],5,637,201,403.4,62208.47768873716,18.266760381220273,-0.011486530725074858,153.3931808963103,2.837372661532601,0.10324033707705757,124.01705652729494,2.090105626404965
902,20,45,20,Median,40,[   0  201  494  776 1174 1761 2017],6,587,201,336.1666666666667,41534.37690233178,14.757732986026559,0.00438615620635498,189.07806881247745,3.4184201970477335,0.10993945858101768,93.12579787212117,2.8646760566617564
903,20,45,20,Mode,40,[   0  372  838 1114 1746 2017],5,632,271,403.4,66187.88161120725,17.88797525529658,0.040764394406712604,197.58678276439923,2.929207277414714,0.13005864311208426,140.26658237403365,2.1811337172191676
904,20,45,20,Median,40,[   0  201  494  776 1114 1318 1781 2017],7,463,201,288.14285714285717,35353.36120387091,14.569743615501636,-0.002061362712780263,172.78848730873418,3.5832425639204515,0.11242777213426756,80.8040454302393,2.898916654917448
905,20,45,20,Mode,40,[   0  372  838 1114 1377 1746 2017],6,466,263,336.1666666666667,49078.83807269299,15.544407979431863,0.021464364900472658,169.79354449411522,3.0114467647748895,0.1156383702467116,102.46681874773306,2.6027571726219185
906,20,45,20,Median,40,[   0  201  415  532  776 1114 1318 1781 2017],8,463,117,252.125,23766.695528839693,13.999592762615862,-0.007046410202656737,162.8304656076658,3.921331160386993,0.11445518574479785,56.7700664147665,3.118560667280579
907,20,45,20,Mode,40,[   0  201  372  569  838 1114 1377 1746 2017],8,369,171,252.125,22887.02851586688,12.791049090980097,-0.0174639436718845,155.94898193863318,3.6432926627795794,0.09290057227684376,51.883425856406234,3.093567166100931
908,20,45,20,Median,40,[   0  201  415  532  724  850 1114 1318 1781 2017],9,463,117,224.11111111111111,22876.42461381609,14.770897973404242,-0.0026191299697262745,156.09744274532792,3.1775673733447265,0.11664703330194581,55.90560769577586,2.6255178171171165
909,20,45,20,Mode,40,[   0  201  372  569  722  838 1114 1377 1746 2017],9,369,116,224.11111111111111,20726.402799061656,13.604974421599525,-0.01628326102697281,145.26432390772356,3.3888490690703175,0.09725228878680314,47.64955264322532,2.868923143637189
910,20,45,20,Median,40,[   0  201  415  532  724  850 1108 1187 1318 1781 2017],10,463,79,201.7,18163.46866643389,14.721945418392089,-0.012681743051434581,144.6116298742685,3.1608623315723317,0.11928819239449047,43.70085619283563,2.652548457470421
911,20,45,20,Mode,40,[   0  201  372  569  722  838 1114 1163 1377 1746 2017],10,369,49,201.7,18351.329420790447,15.029147146720598,-0.01612910282477312,137.3756706829233,3.458463614049027,0.1204744494384332,42.62075960758399,2.7778937431757105
912,20,45,20,Median,40,[   0  201  415  532  722  838 1040 1115 1280 1377 1781 2017],11,404,75,183.36363636363637,15392.861022853966,13.73839279922529,-0.02058489712506149,131.23739833331598,3.21024124309034,0.10343817193536745,37.597168180699185,2.794164955306402
913,20,45,20,Mode,40,[   0  201  372  569  722  838 1040 1114 1318 1377 1746 2017],11,369,59,183.36363636363637,15773.910552586787,13.972068834908958,-0.031748589034600476,127.19227667332507,3.317959234844939,0.10167459853029,37.220657313972836,2.745719184723902
914,20,45,20,Median,40,[   0  201  415  532  724  850 1040 1114 1244 1325 1746 1819 2017],12,421,73,168.08333333333334,13203.912541042897,13.366165840050407,-0.06714613442630721,122.30780675256523,3.199866493804329,0.0862482778527761,33.34205141997743,2.684482950852318
915,20,45,20,Mode,40,[   0  201  372  569  722  838 1040 1114 1275 1377 1746 1812 2017],12,369,66,168.08333333333334,14878.684288095752,13.785717026233067,-0.07744383946062182,121.07579096653573,3.2749102595295803,0.08554511134568306,36.467424019687556,2.644282337031802
916,20,45,20,Median,40,[   0  201  372  494  550  724  850 1040 1156 1317 1746 1819 2017],12,429,56,168.08333333333334,11915.355207516923,13.193607884120423,-0.06630995231674636,121.73820017078954,3.1784029002631677,0.08298338278059544,31.743404707127493,2.668705696120831
917,20,45,20,Mode,40,[   0  201  372  494  569  722  838 1040 1114 1377 1489 1746 1812 2017],13,263,66,155.15384615384616,9285.774046442266,12.033937191051992,-0.0818458645410268,107.71406494155227,3.5852392560805817,0.06508015039048286,24.369945789375226,2.997080850749439
918,20,45,20,Median,40,"[   0  201  372  494  550  724  850 1040 1114 1187 1280 1377 1746 1819
 2017]",14,369,56,144.07142857142858,9356.373518346145,12.87487632153357,-0.07463706108301557,109.0180775156762,3.2367097725220555,0.08282219831693641,25.62851084394521,2.7325294765855306
919,20,45,20,Mode,40,"[   0  201  372  494  569  722  838 1040 1114 1163 1318 1377 1746 1812
 2017]",14,369,49,144.07142857142858,10288.438974563285,13.9139692445417,-0.08041409212548706,109.43121340175473,3.2068744417461024,0.09580877700985416,27.92911803959685,2.525975940959569
920,20,45,20,Median,40,"[   0  201  372  505  569  724  850 1040 1114 1187 1273 1322 1746 1819
 2017]",14,424,49,144.07142857142858,9219.52249264598,12.689880954462414,-0.0779892848619691,108.82969527555036,3.3439375028485503,0.0718723395039106,24.41633930132732,2.782856468000088
921,20,45,20,Mode,40,"[   0  201  372  494  569  722  838 1040 1114 1163 1275 1377 1489 1746
 1812 2017]",15,257,49,134.46666666666667,9396.326823200532,12.982491623895868,-0.07779314131821471,102.65322403049673,3.473953333088497,0.08775668520238207,25.60861463931233,2.7465682594223964
922,20,45,20,Median,40,"[   0   54  201  372  480  548  724  850 1040 1114 1187 1280 1377 1512
 1746 1819 2017]",16,234,54,126.0625,8468.270034110914,12.158257906355768,-0.08862312102583561,95.59225076639842,3.6598959254741903,0.08070909659392383,23.624708600784558,2.934718453039245
923,20,45,20,Mode,40,"[   0   54  201  372  494  569  722  838 1040 1114 1163 1318 1377 1489
 1746 1812 2017]",16,257,49,126.0625,9339.147691357528,13.250583192484704,-0.09460503913478198,96.67698383881563,3.436961490182111,0.0930180994268544,26.1421299811636,2.6543574169111084
924,20,50,10,Median,40,[   0  521 1200 2017],3,817,521,672.3333333333334,191194.71419090213,23.329117752163345,0.12443831585290645,389.8354782183341,2.2627985240508512,0.22147751620534495,394.50891591276593,1.9000661622980863
925,20,50,10,Mode,40,[   0  415 1114 2017],3,903,415,672.3333333333334,150668.0225754577,21.23788686289555,0.10908748975260363,306.7453315104935,2.786406295509117,0.1899356722564982,295.18547775660977,2.3445688377362606
926,20,50,10,Median,40,[   0  514 1156 2017],3,861,514,672.3333333333334,186485.37616535887,23.254565073361324,0.12552535965258357,380.07783302479817,2.3366377915810492,0.2231453612399178,386.19800105754643,1.9493948852551153
927,20,50,10,Mode,40,[   0  415 1114 1746 2017],4,699,271,504.25,105775.99816137909,18.134654723300187,0.04703704804577265,235.74320179580675,2.8728406798377333,0.13645821358576318,215.39783475539798,2.5199265044667256
928,20,50,10,Median,40,[   0  494  724 1163 1746 2017],5,583,230,403.4,56330.10514153842,16.680685890850363,0.05645840872427513,231.04909120543547,2.709013504009191,0.14480271473244202,131.39071837311576,2.5126778038642468
929,20,50,10,Mode,40,[   0  415  722 1114 1746 2017],5,632,271,403.4,63625.51716756957,17.732812222832287,0.05951551723115395,222.82421998898738,2.520521871295926,0.14583831528445254,141.12206585587805,2.262464960261877
930,20,50,10,Median,40,[   0  201  495  724 1163 1746 2017],6,583,201,336.1666666666667,40428.30147444937,15.326159917820792,0.010285819418305763,197.79867738053485,2.8399313301333495,0.11353648314495475,92.71657066271163,2.5489498348062822
931,20,50,10,Mode,40,[   0  415  722 1114 1746 2017],5,632,271,403.4,63625.51716756957,17.732812222832287,0.05951551723115395,222.82421998898738,2.520521871295926,0.14583831528445254,141.12206585587805,2.262464960261877
932,20,50,10,Median,40,[   0  201  495  722 1114 1288 1746 2017],7,458,174,288.14285714285717,35464.082067689254,15.676663889909072,0.00623278476417135,183.91291906943343,2.9277032388437916,0.12496472697549367,82.88864218849753,2.490637022151455
933,20,50,10,Mode,40,[   0  201  415  722 1114 1318 1746 2017],7,428,201,288.14285714285717,35289.181177696875,14.963381591966524,-0.007363492374336413,170.94196597751005,3.0946153567523256,0.11298698137450904,77.84545850161346,2.609783974078516
934,20,50,10,Median,40,[   0  201  415  531  722 1114 1280 1746 2017],8,466,116,252.125,25352.649972990264,15.141606373605603,0.0014690977913703856,173.65539730520143,3.0791948978283568,0.1269109730943508,61.66891870323655,2.594682148065464
935,20,50,10,Mode,40,[   0  201  415  494  722 1114 1318 1746 2017],8,428,79,252.125,23835.50759049091,14.856533112521584,-0.0020232530207636005,167.29854039107718,3.090755941196191,0.1219331472335007,57.22116174805857,2.6403885911496374
936,20,50,10,Median,40,[   0  201  415  531  722  838 1114 1317 1746 2017],9,429,116,224.11111111111111,22248.78885206015,14.617315740519281,-0.0029634647639890143,155.1786693704875,3.222902307210663,0.1145711583886575,54.014056465341206,2.6822825908796295
937,20,50,10,Mode,40,[   0  201  415  494  722  838 1114 1318 1746 2017],9,428,79,224.11111111111111,20920.28984382512,14.684019860583861,-0.005054868455180597,151.49465352367085,3.206275571536015,0.11485347381140935,50.91227985859463,2.68328507543068
938,20,50,10,Median,40,[   0  201  415  531  722  838 1040 1156 1317 1746 2017],10,429,116,201.7,17456.728634697207,13.955928928299452,-0.011263696216204632,141.98714558900693,3.19853090433408,0.1094846098630526,41.97552615161357,2.77974165473066
939,20,50,10,Mode,40,[   0  201  415  494  722  838 1040 1114 1318 1746 2017],10,428,74,201.7,16112.95696235668,13.824180384621057,-0.014297639245259286,137.90276983777977,3.2259570999541993,0.10648433830120763,39.70905158978848,2.8117971214693593
940,20,50,10,Median,40,[   0  201  415  531  722  838 1024 1114 1163 1317 1746 2017],11,429,49,183.36363636363637,15008.212750901283,14.094827355390748,-0.01415927524327685,132.1467724282231,3.2216084489156334,0.11478502778700668,36.740412062400786,2.764965198056193
941,20,50,10,Mode,40,[   0  201  415  494  722  838 1040 1114 1163 1318 1746 2017],11,428,49,183.36363636363637,13851.830258698723,14.166090280989655,-0.016666859342336932,129.42296706667565,3.159224044507528,0.11558575158613729,34.08423950601149,2.7308546766592543
942,20,50,10,Median,40,[   0  201  415  494  548  722  838 1024 1114 1163 1317 1746 2017],12,429,49,168.08333333333334,10658.887785708843,13.251981475028147,-0.015838067209123948,121.24628155353689,3.287597406320662,0.10350379468742293,27.908417738312757,2.8724568248454214
943,20,50,10,Mode,40,[   0  201  415  494  548  722  838 1040 1114 1163 1318 1746 2017],12,428,49,168.08333333333334,10582.227718730574,13.265884856976752,-0.015082524533808941,121.54248665850997,3.2626298323819154,0.10401025022728477,27.752000867512162,2.8415743421845034
944,20,50,10,Median,40,[   0  201  415  495  548  722  838 1024 1114 1163 1275 1318 1746 2017],13,428,43,155.15384615384616,8897.004830335058,12.559597032901516,-0.035392107933726887,112.36549735495899,3.441077636612147,0.08507724320282402,22.742171162300025,3.0105128417404443
945,20,50,10,Mode,40,[   0  201  415  494  548  722  838 1040 1114 1163 1259 1318 1746 2017],13,428,49,155.15384615384616,8812.756894032747,12.475784368701582,-0.02406806846449671,112.13435547300946,3.4659215429131276,0.09164817619862864,22.66525778051886,3.0331318088366603
946,20,50,10,Median,40,"[   0  201  415  495  548  722  838 1024 1114 1163 1275 1318 1746 1812
 2017]",14,428,43,144.07142857142858,8747.315010219045,12.981801264925934,-0.08245192017777847,107.36317081007797,3.3046240302165755,0.07670620706074692,23.59843127265411,2.7754194001894024
947,20,50,10,Mode,40,"[   0  201  415  494  548  722  838 1040 1114 1163 1259 1318 1746 1812
 2017]",14,428,49,144.07142857142858,8669.547684401527,12.90443572874138,-0.0756841842402739,107.14376343781363,3.327693371781772,0.08277168367225887,23.527434304856115,2.7962984467397556
948,20,50,10,Median,40,"[   0  201  372  415  514  567  722  838 1024 1114 1163 1275 1318 1746
 1812 2017]",15,428,43,134.46666666666667,7380.690694804922,12.330283491679454,-0.08605885028996402,101.15794302930163,3.4633456859966314,0.06553621055490269,19.57747227182414,2.92781261549587
949,20,50,10,Mode,40,"[   0  201  372  415  494  548  722  838 1040 1114 1163 1259 1318 1746
 1812 2017]",15,428,43,134.46666666666667,7076.336497714302,12.068626472466239,-0.08067808369132727,100.20006950014543,3.4566780282510616,0.07037129575960603,19.031485423905337,2.993289393693499
950,20,50,10,Median,40,"[   0   54  201  372  415  495  548  722  838 1024 1114 1163 1275 1318
 1746 1812 2017]",16,428,43,126.0625,6811.399716577686,11.927130500375767,-0.09984493655116926,94.56221894590178,3.385369694039381,0.06287493180921062,18.666195098427398,2.954410987317259
951,20,50,10,Mode,40,"[   0   54  201  372  415  494  548  722  838 1040 1114 1163 1259 1318
 1746 1812 2017]",16,428,43,126.0625,6784.01716629488,11.857169884988958,-0.09314752591239253,94.36954998035358,3.4118124203502163,0.06849881519213467,18.685718895505378,2.9763253209031015
952,20,50,15,Median,40,[   0  531 1257 2017],3,760,531,672.3333333333334,190112.79467061587,22.97129899784767,0.11831836834565461,387.000012455896,2.2447836147082296,0.2153269707701556,393.2629656269137,1.8912909927386228
953,20,50,15,Mode,40,[   0  201 1746 2017],3,1545,201,672.3333333333334,84767.8671435439,20.049682095282463,-0.024012324217500734,160.8775063950797,2.321501860668396,0.06118648122455852,154.50166470618285,2.062849585382273
954,20,50,15,Median,40,[   0  521 1115 1761 2017],4,646,256,504.25,124218.40840916337,19.38682821766154,0.06375952826491077,279.4304832948591,2.5033257884179054,0.16197235505172253,270.651024139727,2.22684685353033
955,20,50,15,Mode,40,[   0  201 1114 1746 2017],4,913,201,504.25,59007.13372096218,15.979914180195758,-0.03184762259901393,123.83180868218072,3.8068028146610464,0.06837916361542018,108.58555654916302,3.1406612783592323
956,20,50,15,Median,40,[   0  494  776 1163 1761 2017],5,598,256,403.4,59417.32261056058,15.83005743092161,0.051475897431007,218.2860151861254,3.4424602847465464,0.13805126697377276,134.4074375301344,2.9402888153025497
957,20,50,15,Mode,40,[   0  201  838 1114 1746 2017],5,637,201,403.4,62208.47768873716,18.266760381220273,-0.011486530725074858,153.3931808963103,2.837372661532601,0.10324033707705757,124.01705652729494,2.090105626404965
958,20,50,15,Median,40,[   0  201  495  776 1163 1761 2017],6,598,201,336.1666666666667,41135.23081788552,14.712760197181174,0.004430641918845652,187.3394570674738,3.4630325728732685,0.10861650527767389,91.81341022021755,2.891787573483336
959,20,50,15,Mode,40,[   0  415  838 1114 1746 2017],5,632,271,403.4,66923.57874293468,17.7557432330534,0.05073267901139033,209.12744290802755,2.9214000839763545,0.13664129202252928,145.4503058413341,2.228356053285741
960,20,50,15,Median,40,[   0  201  495  776 1114 1317 1761 2017],7,444,201,288.14285714285717,34959.37696819474,14.477153629150509,-0.0025054743289573515,172.13652584367892,3.6317064981444767,0.1105068049416672,79.43626214727321,2.93349711952562
961,20,50,15,Mode,40,[   0  201  415  838 1114 1318 1746 2017],7,428,201,288.14285714285717,34477.315899461806,14.799241203408336,-0.01600128524738082,160.95811495576905,3.3070353088153936,0.10683891140746944,75.707427013108,2.6279171074052923
962,20,50,15,Median,40,[   0  201  415  531  776 1114 1317 1761 2017],8,444,116,252.125,23618.29899804071,13.972028946045006,-0.007228207158383497,162.9886522156663,3.9531443007786047,0.11374084357207884,56.14393908505345,3.1385589198526462
963,20,50,15,Mode,40,[   0  201  415  494  838 1114 1318 1746 2017],8,428,79,252.125,24067.05400184219,14.921276008546924,-0.007161286218364185,162.9562034966275,3.268600400953452,0.12331493490431865,57.764722291915106,2.6820847639456744
964,20,50,15,Median,40,[   0  201  415  531  722  850 1114 1317 1761 2017],9,444,116,224.11111111111111,22712.937947854007,14.734053612931385,-0.0029634343750323806,156.188944800657,3.2100136683199856,0.11565300998600678,55.274203907701846,2.6422832858740324
965,20,50,15,Mode,40,[   0  201  415  494  722  838 1114 1318 1746 2017],9,428,79,224.11111111111111,20920.28984382512,14.684019860583861,-0.005054868455180597,151.49465352367085,3.206275571536015,0.11485347381140935,50.91227985859463,2.68328507543068
966,20,50,15,Median,40,[   0  201  415  531  722  838 1040 1156 1317 1761 2017],10,444,116,201.7,17495.569639727353,13.97537248962548,-0.011895486605130245,141.9081758853448,3.1912634109357048,0.10991188674438863,42.131139201343295,2.7739382801161567
967,20,50,15,Mode,40,[   0  201  415  494  722  838 1040 1114 1318 1746 2017],10,428,74,201.7,16112.95696235668,13.824180384621057,-0.014297639245259286,137.90276983777977,3.2259570999541993,0.10648433830120763,39.70905158978848,2.8117971214693593
968,20,50,15,Median,40,[   0  201  415  531  722  838 1024 1114 1168 1317 1761 2017],11,444,54,183.36363636363637,14948.3151406591,13.942287976681822,-0.015539826988826264,132.13775861830186,3.228450479896891,0.11270975199598636,36.61453204459734,2.785749720572256
969,20,50,15,Mode,40,[   0  201  415  494  722  838 1040 1114 1163 1318 1746 2017],11,428,49,183.36363636363637,13851.830258698723,14.166090280989655,-0.016666859342336932,129.42296706667565,3.159224044507528,0.11558575158613729,34.08423950601149,2.7308546766592543
970,20,50,15,Median,40,[   0  201  415  531  722  838 1032 1114 1168 1317 1746 1812 2017],12,429,54,168.08333333333334,14144.201538602663,14.29248557201615,-0.06897982822702471,124.43678347196443,3.0859661822074074,0.0998907662503501,36.12636058951353,2.5239543973279512
971,20,50,15,Mode,40,[   0  201  415  494  722  838 1040 1114 1163 1318 1746 1812 2017],12,428,49,168.08333333333334,13224.485432346737,14.519014078101412,-0.07181596659718034,121.82300176538193,3.0235159697214127,0.10291920811065404,34.06508615063801,2.478440442560858
972,20,50,15,Median,40,[   0  201  415  494  550  722  838 1032 1114 1168 1317 1746 1812 2017],13,429,54,155.15384615384616,10291.391059563986,13.532666115667894,-0.07045661046261545,115.18071741283676,3.1466529702363344,0.09096220611245794,28.200736679323285,2.6348753528069495
973,20,50,15,Mode,40,[   0  201  415  494  569  722  838 1040 1114 1163 1318 1746 1812 2017],13,428,49,155.15384615384616,10942.680663950588,13.967506371974755,-0.06946139324780855,116.36760995828537,3.103342828680839,0.09660200061252254,29.59011929634622,2.5370733266548653
974,20,50,15,Median,40,"[   0  201  415  512  569  722  838 1024 1114 1168 1273 1321 1746 1812
 2017]",14,425,48,144.07142857142858,9162.083875104348,13.0477640207644,-0.07927173983656148,108.2654689421555,3.289193921173553,0.07817652867779867,24.416017155105447,2.7458591659314067
975,20,50,15,Mode,40,[   0  201  415  494  569  722  838 1040 1114 1163 1275 1746 1812 2017],13,471,49,155.15384615384616,10841.394107859373,13.994596438891543,-0.06913627063505717,117.03623238186695,3.0570951776206496,0.09714814688729075,29.33872843086432,2.515465009209914
976,20,50,15,Median,40,"[   0  201  415  494  550  722  776  838 1032 1114 1168 1273 1746 1812
 2017]",14,473,54,144.07142857142858,12322.229814973893,15.954050214499407,-0.07670252688468794,114.04290649376279,2.9960379172412424,0.12417211139175509,34.14271364769552,2.257247908701401
977,20,50,15,Mode,40,"[   0  201  415  494  569  722  776  838 1040 1114 1163 1275 1746 1812
 2017]",14,471,49,144.07142857142858,12830.207764019866,16.275167145409473,-0.0760247365837436,115.28244856727832,2.9441524342059195,0.1284134897855265,35.23306935681557,2.182302938629696
978,20,50,15,Median,40,"[   0  201  372  421  514  569  722  838  954 1040 1114 1168 1273 1321
 1746 1812 2017]",16,425,48,126.0625,6813.4552035892875,11.97507521011639,-0.08877446744897914,95.90804453053516,3.569268772877597,0.0669672257058065,18.197732610948,3.023287701838643
979,20,50,15,Mode,40,"[   0  201  372  415  494  569  722  838  936 1040 1114 1163 1275 1318
 1746 1812 2017]",16,428,43,126.0625,7109.990030367324,12.116043889434566,-0.09162444913416501,96.6822678087086,3.571782625876807,0.06574370109063653,18.764992568669655,3.003151575622259
980,20,50,20,Median,40,[   0  547 1275 2017],3,742,547,672.3333333333334,187696.303054477,22.79167667597019,0.11563843289043028,381.01839484084826,2.2165318414291213,0.21117713253211554,386.14995305589565,1.8805115133571764
981,20,50,20,Mode,40,[   0  201 1746 2017],3,1545,201,672.3333333333334,84767.8671435439,20.049682095282463,-0.024012324217500734,160.8775063950797,2.321501860668396,0.06118648122455852,154.50166470618285,2.062849585382273
982,20,50,20,Median,40,[   0  521 1115 1761 2017],4,646,256,504.25,124218.40840916337,19.38682821766154,0.06375952826491077,279.4304832948591,2.5033257884179054,0.16197235505172253,270.651024139727,2.22684685353033
983,20,50,20,Mode,40,[   0  201 1114 1746 2017],4,913,201,504.25,59007.13372096218,15.979914180195758,-0.03184762259901393,123.83180868218072,3.8068028146610464,0.06837916361542018,108.58555654916302,3.1406612783592323
984,20,50,20,Median,40,[   0  486  776 1168 1761 2017],5,593,256,403.4,59804.12677484697,15.9196267911191,0.05202946853699135,218.17621676020707,3.3471272896635407,0.1390821322165265,135.03521954793027,2.8728649389805487
985,20,50,20,Mode,40,[   0  201  838 1114 1746 2017],5,637,201,403.4,62208.47768873716,18.266760381220273,-0.011486530725074858,153.3931808963103,2.837372661532601,0.10324033707705757,124.01705652729494,2.090105626404965
986,20,50,20,Median,40,[   0  201  494  776 1168 1761 2017],6,593,201,336.1666666666667,41538.69606460499,14.773000602419202,0.004799656743581465,188.7128234619427,3.4242318653108854,0.1097953237555855,93.0691974269793,2.8645531746057937
987,20,50,20,Mode,40,[   0  372  838 1114 1746 2017],5,632,271,403.4,66187.88161120725,17.88797525529658,0.040764394406712604,197.58678276439923,2.929207277414714,0.13005864311208426,140.26658237403365,2.1811337172191676
988,20,50,20,Median,40,[   0  201  494  776 1114 1318 1781 2017],7,463,201,288.14285714285717,35353.36120387091,14.569743615501636,-0.002061362712780263,172.78848730873418,3.5832425639204515,0.11242777213426756,80.8040454302393,2.898916654917448
989,20,50,20,Mode,40,[   0  372  838 1114 1318 1746 2017],6,466,204,336.1666666666667,52419.42815438936,16.703614749283176,0.029796132595806258,177.89208148218142,2.9767613634182997,0.13059682113212764,112.29967314229278,2.406490575119703
990,20,50,20,Median,40,[   0  201  415  531  776 1114 1318 1781 2017],8,463,116,252.125,23864.990055385464,14.039776388370914,-0.006868339737552439,163.1481519423916,3.9236185221217887,0.11510876154155357,57.01597319408662,3.1167238176646124
991,20,50,20,Mode,40,[   0  372  494  838 1114 1318 1746 2017],7,428,122,288.14285714285717,31424.02887266237,16.013493373086508,0.036004464465506404,185.87224609839083,3.0244622978991296,0.1391331673893841,75.063788413526,2.5360326909471937
992,20,50,20,Median,40,[   0  201  415  531  724  850 1114 1318 1781 2017],9,463,116,224.11111111111111,22930.073618818384,14.7938122970006,-0.0024606017124973777,156.33205279260278,3.1770278825127765,0.11708275675211369,56.06552347460051,2.623834172018558
993,20,50,20,Mode,40,[   0  201  372  494  776  838 1114 1318 1746 2017],9,428,62,224.11111111111111,23936.848232663877,15.473650411686865,-0.03392131144373845,146.98594418269553,3.4162852458385897,0.1036920730501599,55.786459781738664,2.510786092435323
994,20,50,20,Median,40,[   0  201  415  531  724  850 1108 1187 1318 1781 2017],10,463,79,201.7,18211.156670880373,14.742313706033295,-0.012525861895948015,144.8269582693544,3.1600612319137693,0.11967550212797305,43.84300355179087,2.65105188404948
995,20,50,20,Mode,40,[   0  201  372  494  776  838 1114 1163 1318 1746 2017],10,428,49,201.7,19313.941808804986,16.043856038482822,-0.034816929987742606,136.31979731823168,3.3297276368253,0.1185632150595391,44.84361109658574,2.446678852780028
996,20,50,20,Median,40,[   0  201  415  531  724  850 1024 1115 1281 1377 1781 2017],11,404,91,183.36363636363637,15813.602585024051,13.79115636252482,-0.02061604712699733,131.8866012373668,3.220331890130822,0.10361727909392049,38.681391546008214,2.7824472353548795
997,20,50,20,Mode,40,[   0  201  372  494  776  838 1040 1114 1318 1377 1746 2017],11,369,59,183.36363636363637,16860.07797910938,15.01415885919217,-0.05562724054452537,123.44518553695536,3.2533122357987576,0.10295425841374113,39.63020230081265,2.532714957190896
998,20,50,20,Median,40,[   0  201  415  531  724  850 1108 1168 1281 1377 1746 1812 2017],12,369,60,168.08333333333334,15232.379146931768,14.79772857230477,-0.07104174734546778,124.77881585162466,3.018432013976412,0.10535507514400914,38.58211666209851,2.431433299868015
999,20,50,20,Mode,40,[   0  201  372  494  776  838 1114 1163 1318 1377 1746 1812 2017],12,369,49,168.08333333333334,16978.43887887039,16.398151301943486,-0.088034765274494,118.37690897347778,3.1778106366060217,0.1097633650005307,41.562741657835986,2.1377188451016664
1000,20,50,20,Median,40,[   0  201  372  494  550  724  850 1108 1168 1281 1377 1746 1812 2017],13,369,56,155.15384615384616,11002.211661335348,13.665376659051498,-0.07498182167149132,114.87060328361525,3.1522982322627797,0.09088582371225679,29.473314252442304,2.6113402495857856
1001,20,50,20,Mode,40,[   0  201  372  494  569  776  838 1114 1163 1318 1377 1746 1812 2017],13,369,49,155.15384615384616,12783.00530032498,15.617072138163829,-0.08460624817566148,114.19020182683448,3.4433892653814366,0.10326589479760108,33.93487264346983,2.2264085529399362
1002,20,50,20,Median,40,"[   0  201  372  494  550  724  850 1040 1114 1168 1281 1377 1746 1812
 2017]",14,369,54,144.07142857142858,9439.48547072672,13.099214141592036,-0.0779863633744969,108.90539557991859,3.180294296629449,0.08559325428847385,25.812631497728532,2.6886942853124145
1003,20,50,20,Mode,40,"[   0  201  372  494  569  776  838 1040 1114 1163 1318 1377 1746 1812
 2017]",14,369,49,144.07142857142858,11084.801402095558,14.788894977056234,-0.08716446464911505,107.87480193262878,3.371673299188579,0.09805836084319049,30.12509777159411,2.3368514622817265
1004,20,50,20,Median,40,"[   0   54  201  372  460  548  724  850 1024 1114 1168 1281 1377 1746
 1812 2017]",15,369,54,134.46666666666667,9728.511117366113,12.871790014250209,-0.09277035319785912,101.45913957801672,3.236812275740505,0.08451566018398202,25.783765940014867,2.7482840358220266
1005,20,50,20,Mode,40,"[   0   54  201  372  494  569  776  838 1040 1114 1163 1318 1377 1746
 1812 2017]",15,369,49,134.46666666666667,10485.283196690372,14.36802945443129,-0.09998481671579346,101.07950360893388,3.3105303567377207,0.09407448415778656,28.96223275204495,2.3655640936785702
1006,20,50,20,Median,40,"[   0   54  201  372  494  550  724  850 1040 1114 1168 1273 1321 1746
 1819 2017]",15,425,48,134.46666666666667,8175.254498602364,12.319815212290377,-0.0909676736896973,101.2467840768206,3.261497070411801,0.0730325625887798,22.516609298490035,2.8045870124386463
1007,20,50,20,Mode,40,"[   0   54  201  372  494  569  776  838 1040 1114 1163 1275 1489 1746
 1812 2017]",15,257,49,134.46666666666667,9690.963525189776,13.317757857990694,-0.09213549681449783,100.21425060328582,3.6967758791668888,0.08416674201706058,26.529698799294785,2.7133290649291584
1008,60,35,10,Median,40,[   0  547 1259 2017],3,758,547,672.3333333333334,187431.17735091533,22.815015630347215,0.11535253530148212,377.7930558750712,2.249596935144598,0.21298741113350558,385.62895484731797,1.8946459014420018
1009,60,35,10,Mode,40,[   0  722 1746 2017],3,1024,271,672.3333333333334,103057.93824077507,16.709927222982838,0.019647904691389006,203.15927812916362,2.387876300781363,0.10404470121390447,203.9845291490779,2.3159751567787064
1010,60,35,10,Median,40,[   0  547 1190 2017],3,827,547,672.3333333333334,188648.28033595087,23.294045509187434,0.12199888600092766,378.06098456209793,2.2571126605868765,0.22237521708692826,386.2279414148104,1.8875011587288524
1011,60,35,10,Mode,40,[   0  722 1114 1746 2017],4,722,271,504.25,87279.47247958985,17.879765018442228,0.015991933847717146,174.396094359394,2.593571343637862,0.1327616641452875,174.21647839585998,2.2514158866030383
1012,60,35,10,Median,40,[   0  494  742 1190 1761 2017],5,571,248,403.4,56024.91244578796,16.04926421437011,0.051533687100712704,224.61362812551332,3.032441925807857,0.1409461327730597,128.69773179493765,2.711947397307097
1013,60,35,10,Mode,40,[   0  372  722 1114 1746 2017],5,632,271,403.4,64204.734102375296,17.692543262548885,0.05047669269303944,213.07180546079127,2.5707184603478956,0.13775941391578672,138.28886557310597,2.242753085890973
1014,60,35,10,Median,40,[   0  372  532  742 1190 1761 2017],6,571,160,336.1666666666667,36106.213703460075,15.734049072417282,0.044963714552612014,205.94247805648325,3.027387703064164,0.1352822676873422,85.7502424056863,2.682342794413743
1015,60,35,10,Mode,40,[   0  372  548  722 1114 1746 2017],6,632,174,336.1666666666667,38066.4935530166,16.448580074046475,0.05252588823270723,207.4019207700253,2.5698906474856473,0.13606377664608177,90.34211465911648,2.407775314390547
1016,60,35,10,Median,40,[   0  372  532  742 1114 1275 1761 2017],7,486,160,288.14285714285717,33208.78153759847,16.47019803703105,0.045673772697195254,193.7432557028035,2.9977494519442027,0.14898005149188318,81.0396357134591,2.5132323054661945
1017,60,35,10,Mode,40,[   0  372  548  722 1114 1321 1746 2017],7,425,174,288.14285714285717,32029.285324803568,15.88002826532671,0.04383901200242399,192.2479334377514,2.8542617852902032,0.13619022705391462,77.14287298150226,2.5211124329811763
1018,60,35,10,Median,40,[   0  372  532  722  838 1114 1275 1761 2017],8,486,116,252.125,29527.98634615524,16.41655290006838,0.045076030652556325,175.57458654502065,2.925988511229752,0.14164211696168674,73.07057549597421,2.4430434899427693
1019,60,35,10,Mode,40,[   0  372  548  722  838 1114 1321 1746 2017],8,425,116,252.125,28491.20104687999,15.72599910281796,0.041521801414910874,170.55842477657387,3.0005594136562044,0.12974701855451112,69.02949361396085,2.544410602775528
1020,60,35,10,Median,40,[   0  201  372  532  722  838 1114 1275 1761 2017],9,486,116,224.11111111111111,23926.136881987684,14.85207979911177,-0.004518175935056509,156.19500372116974,3.297577057972714,0.11684718095684321,57.79085553544532,2.6723939528933447
1021,60,35,10,Mode,40,[   0  201  372  548  722  838 1114 1321 1746 2017],9,425,116,224.11111111111111,22795.02084078983,14.244270402395433,-0.008527143569201324,151.7508376801026,3.362788482109334,0.10600618928538774,53.8834324551039,2.7621563375895963
1022,60,35,10,Median,40,[   0  201  372  532  722  838 1110 1195 1288 1761 2017],10,473,85,201.7,18330.119595887692,14.227099762515037,-0.015319984990969315,141.38164929844217,3.333616488645606,0.10914548749704173,42.62261414166073,2.783416252887558
1023,60,35,10,Mode,40,[   0  201  372  548  722  838 1114 1211 1321 1746 2017],10,425,97,201.7,18117.5001252508,13.89779127417661,-0.01657441882720568,139.67285713573702,3.4164666410453775,0.10317553738285962,41.89113566090873,2.8537505415306406
1024,60,35,10,Median,40,[   0  201  372  494  548  722  838 1110 1195 1288 1761 2017],11,473,54,183.36363636363637,12253.750301257736,13.13798556413827,-0.016844567604330375,128.94876519305873,3.3680786111644494,0.0966736039448985,30.559454054357985,2.9136405619907895
1025,60,35,10,Mode,40,[   0  201  372  494  548  722  838 1114 1211 1321 1746 2017],11,425,54,183.36363636363637,12272.852569061804,12.89361911621162,-0.016763827625337947,128.84623842877156,3.437304640911923,0.09268863996609601,30.605419482372092,2.974086837800597
1026,60,35,10,Median,40,[   0  201  372  494  548  722  838 1110 1190 1275 1761 2017],11,486,54,183.36363636363637,12381.75707987812,13.34803479962361,-0.017564117241564734,130.19871615832378,3.3140270038737936,0.09913124585198017,31.119159860460645,2.8495083261770158
1027,60,35,10,Mode,40,[   0  201  372  494  548  722  838 1114 1211 1275 1746 2017],11,471,54,183.36363636363637,11997.26038531994,12.934640787659367,-0.013730627278861008,128.97157573479075,3.394805432496325,0.09377438303387105,29.935008006224393,2.9392213221082106
1028,60,35,10,Median,40,[   0  201  372  494  548  722  838 1040 1114 1190 1275 1321 1761 2017],13,440,46,155.15384615384616,8470.79007409308,11.892556408749597,-0.038949136200214465,111.98028652949704,3.5226245145525117,0.07667987076139143,21.35305176588081,3.1205822531263165
1029,60,35,10,Mode,40,[   0  201  372  494  548  722  838 1040 1114 1211 1275 1321 1746 2017],13,425,46,155.15384615384616,8148.701306135324,11.548518337418386,-0.038197147345386394,110.71569015312694,3.588285692540061,0.07092974663710201,20.464299048649874,3.199621426819045
1030,60,35,10,Median,40,"[   0  201  372  494  548  722  838 1040 1114 1190 1275 1321 1746 1815
 2017]",14,425,46,144.07142857142858,8361.439980205809,12.318925292839332,-0.08190784829192324,106.9693941429946,3.393168214518956,0.06903551688974013,22.31598589708353,2.8897827627881956
1031,60,35,10,Mode,40,"[   0  201  372  494  548  722  838 1040 1114 1211 1275 1321 1746 1819
 2017]",14,425,46,144.07142857142858,8137.044547209035,12.022938537802984,-0.08036970471892813,105.90149554761186,3.444834935296586,0.06518181375538731,21.83032506584707,2.95776201017232
1032,60,35,10,Median,40,"[   0  201  372  415  494  548  722  838 1040 1114 1190 1275 1321 1746
 1815 2017]",15,425,43,134.46666666666667,7022.256546214514,11.795522509064503,-0.08426444690628354,100.56869932687239,3.4575012588217358,0.061821941408998556,18.710876806981577,3.0299466966737794
1033,60,35,10,Mode,40,"[   0  201  372  415  494  548  722  838 1040 1114 1211 1275 1321 1746
 1819 2017]",15,425,43,134.46666666666667,6813.889358431795,11.520677665102182,-0.08273887283313135,99.56701718508343,3.5057235315475235,0.05824350278424236,18.259906035119148,3.0930702835304666
1034,60,35,10,Median,40,"[   0  201  372  415  494  548  722  838 1040 1114 1190 1275 1321 1377
 1746 1815 2017]",16,369,43,126.0625,7139.435489083116,12.201156113125467,-0.09015774330436864,96.31615741508611,3.43196088882073,0.07206885945437515,19.76138492056648,2.8566849584529868
1035,60,35,10,Mode,40,"[   0  201  372  415  494  548  722  838 1040 1114 1211 1275 1321 1377
 1746 1819 2017]",16,369,43,126.0625,6942.184086907785,11.946085680519618,-0.08852293051417964,95.36109747570995,3.4866930616495813,0.06878016701440974,19.339262933999727,2.9152700504959994
1036,60,35,15,Median,40,[   0  548 1259 2017],3,758,548,672.3333333333334,187575.73101605012,22.824526289853797,0.11539139875751825,378.05237875465946,2.2481223655189986,0.2131956645936432,386.03282799293163,1.8931018182769832
1037,60,35,15,Mode,40,[   0  722 1114 2017],3,903,392,672.3333333333334,118979.51312188075,20.476806953947033,0.07605134286985368,220.7335571959405,2.6062586329832276,0.17581734246689407,226.46446860987197,2.0835241914364384
1038,60,35,15,Median,40,[   0  517 1114 1761 2017],4,647,256,504.25,124189.56277304878,19.385751545396875,0.06383249778261689,279.7619880757779,2.509087540736102,0.16161454931259203,270.46397108310583,2.23162723935244
1039,60,35,15,Mode,40,[   0  722 1114 1746 2017],4,722,271,504.25,87279.47247958985,17.879765018442228,0.015991933847717146,174.396094359394,2.593571343637862,0.1327616641452875,174.21647839585998,2.2514158866030383
1040,60,35,15,Median,40,[   0  486  742 1190 1761 2017],5,571,256,403.4,56487.31676283242,16.10744655308125,0.05232130120699213,224.26491319922536,2.974315552039637,0.14168298234604157,129.27051344948302,2.681561911613919
1041,60,35,15,Mode,40,[   0  372  722 1114 1746 2017],5,632,271,403.4,64204.734102375296,17.692543262548885,0.05047669269303944,213.07180546079127,2.5707184603478956,0.13775941391578672,138.28886557310597,2.242753085890973
1042,60,35,15,Median,40,[   0  372  531  742 1190 1761 2017],6,571,159,336.1666666666667,36195.161154535,15.760966783854595,0.04508503165583492,206.26737371760638,3.0292851345734193,0.13581633554602854,86.02385434405447,2.6816620231799333
1043,60,35,15,Mode,40,[   0  372  548  722 1114 1746 2017],6,632,174,336.1666666666667,38066.4935530166,16.448580074046475,0.05252588823270723,207.4019207700253,2.5698906474856473,0.13606377664608177,90.34211465911648,2.407775314390547
1044,60,35,15,Median,40,[   0  372  531  742 1114 1273 1761 2017],7,488,159,288.14285714285717,33269.86542827727,16.515728614549364,0.045863283943743845,193.94554590316133,2.992693766687197,0.14955129215141702,81.22993023396943,2.508064713501529
1045,60,35,15,Mode,40,[   0  372  548  722 1114 1321 1746 2017],7,425,174,288.14285714285717,32029.285324803568,15.88002826532671,0.04383901200242399,192.2479334377514,2.8542617852902032,0.13619022705391462,77.14287298150226,2.5211124329811763
1046,60,35,15,Median,40,[   0  372  531  722  850 1114 1273 1761 2017],8,488,128,252.125,29923.019524727857,16.53888280962617,0.04566559302768941,176.9665072504835,2.9113770064384905,0.14238074406287418,74.07143686560723,2.4010444222149094
1047,60,35,15,Mode,40,[   0  372  548  722  838 1114 1321 1746 2017],8,425,116,252.125,28491.20104687999,15.72599910281796,0.041521801414910874,170.55842477657387,3.0005594136562044,0.12974701855451112,69.02949361396085,2.544410602775528
1048,60,35,15,Median,40,[   0  372  531  722  850 1114 1273 1761 2017],8,488,128,252.125,29923.019524727857,16.53888280962617,0.04566559302768941,176.9665072504835,2.9113770064384905,0.14238074406287418,74.07143686560723,2.4010444222149094
1049,60,35,15,Mode,40,[   0  201  372  548  722  838 1114 1321 1746 2017],9,425,116,224.11111111111111,22795.02084078983,14.244270402395433,-0.008527143569201324,151.7508376801026,3.362788482109334,0.10600618928538774,53.8834324551039,2.7621563375895963
1050,60,35,15,Median,40,[   0  201  372  531  722  850 1112 1190 1288 1761 2017],10,473,78,201.7,18783.993075021863,14.503153998562283,-0.014994446656780475,143.2681568124437,3.298745315070029,0.11269255056618285,43.86704800013885,2.7202885164220394
1051,60,35,15,Mode,40,[   0  201  372  548  722  838 1114 1190 1321 1746 2017],10,425,76,201.7,18618.921052936013,14.465616765121435,-0.017241621544504794,141.32759878940058,3.3418075606408957,0.1125908537862095,43.52761453564402,2.7583388711230885
1052,60,35,15,Median,40,[   0  201  372  494  550  722  850 1112 1190 1288 1761 2017],11,473,56,183.36363636363637,12702.370168871192,13.400949547799252,-0.016585764430406817,130.5707528333846,3.329075595810742,0.09970094399887627,31.72791164049149,2.8504755216514943
1053,60,35,15,Mode,40,[   0  201  372  494  548  722  838 1114 1190 1321 1746 2017],11,425,54,183.36363636363637,12724.131403978494,13.404662058061962,-0.017354356809220574,130.36420633367248,3.369432749635121,0.10116242472911093,32.07825046963386,2.8882163344337997
1054,60,35,15,Median,40,[   0  201  372  494  550  722  850 1112 1190 1288 1746 1819 2017],12,458,56,168.08333333333334,12130.060131254613,13.736806536601472,-0.06500951410210251,123.08320883547056,3.1921430373939086,0.08944845424429997,31.80113379633609,2.619839618425728
1055,60,35,15,Mode,40,[   0  201  372  494  548  722  838 1114 1190 1321 1746 1819 2017],12,425,54,168.08333333333334,12294.407043625317,13.796600138457983,-0.06495074396114578,122.82392696194033,3.2203112780931455,0.0916209878605382,32.63683108805018,2.6306920322499656
1056,60,35,15,Median,40,[   0  201  372  494  550  722  850 1112 1190 1273 1746 1819 2017],12,473,56,168.08333333333334,12108.524779540558,13.807045203539836,-0.06529146309783154,123.66062232377419,3.1570792977932456,0.0894202225916235,31.879667158764164,2.5798678987786214
1057,60,35,15,Mode,40,[   0  201  372  494  548  722  838 1114 1190 1321 1746 1819 2017],12,425,54,168.08333333333334,12294.407043625317,13.796600138457983,-0.06495074396114578,122.82392696194033,3.2203112780931455,0.0916209878605382,32.63683108805018,2.6306920322499656
1058,60,35,15,Median,40,"[   0  201  372  505  567  722  850 1040 1114 1190 1273 1321 1746 1819
 2017]",14,425,48,144.07142857142858,9202.917977525858,12.660223266634748,-0.07745758232604412,108.74914379502891,3.3721173630972032,0.07166637952337641,24.348692431854168,2.7985293893328254
1059,60,35,15,Mode,40,[   0  201  372  494  548  722  838 1040 1114 1190 1321 1746 1819 2017],13,425,54,155.15384615384616,9890.571856936764,12.99263424818978,-0.06936600701987863,115.2326786483834,3.2583821142868663,0.0833582804352831,26.925502502162725,2.740780918476753
1060,60,35,15,Median,40,"[   0  201  372  415  494  550  722  850 1040 1114 1190 1273 1321 1746
 1819 2017]",15,425,43,134.46666666666667,7296.8735286412,11.877734843477642,-0.0811189329549884,101.45136122868442,3.436809490931959,0.0641139385344284,19.55516780612805,3.000433367460199
1061,60,35,15,Mode,40,"[   0  201  372  415  494  548  722  838 1040 1114 1190 1321 1746 1819
 2017]",14,425,43,144.07142857142858,8330.74878365914,12.3771459460207,-0.07181282877091504,107.69803544960808,3.3369379546278504,0.07448806349098117,22.68849912781607,2.903188373762108
1062,60,35,15,Median,40,"[   0  201  372  415  494  550  722  850 1040 1114 1190 1273 1321 1377
 1746 1819 2017]",16,369,43,126.0625,7395.127029238064,12.279381063626067,-0.08708685115974336,97.15780838989846,3.4221809036275825,0.07390041019923102,20.547067883843752,2.831835025927261
1063,60,35,15,Mode,40,"[   0  201  372  415  494  548  722  838 1040 1114 1190 1321 1377 1746
 1819 2017]",15,369,43,134.46666666666667,8410.29073469299,12.901925958735422,-0.08109006692101602,102.62059954563789,3.3547146409544024,0.08379119008748624,23.575815447630085,2.7600671110005712
1064,60,35,20,Median,40,[   0  532 1275 2017],3,743,532,672.3333333333334,189955.34694029493,22.91734563463649,0.11809006875702768,389.19790629376956,2.212837891548106,0.212638159334316,392.3234325741553,1.878710935466527
1065,60,35,20,Mode,40,[   0  722 1746 2017],3,1024,271,672.3333333333334,103057.93824077507,16.709927222982838,0.019647904691389006,203.15927812916362,2.387876300781363,0.10404470121390447,203.9845291490779,2.3159751567787064
1066,60,35,20,Median,40,[   0  514 1114 1761 2017],4,647,256,504.25,123353.5765743018,19.32268836925988,0.06313631866215678,277.68019059099834,2.52199100136531,0.16062118985088425,267.8375814249618,2.242182885682596
1067,60,35,20,Mode,40,[   0  722 1114 1746 2017],4,722,271,504.25,87279.47247958985,17.879765018442228,0.015991933847717146,174.396094359394,2.593571343637862,0.1327616641452875,174.21647839585998,2.2514158866030383
1068,60,35,20,Median,40,[   0  466  784 1190 1761 2017],5,571,256,403.4,58693.781426849426,15.730668156164555,0.04666397303300818,209.0738997041123,3.2368210957381884,0.13596089321901092,129.2866014600063,2.834180841206787
1069,60,35,20,Mode,40,[   0  372  722 1114 1746 2017],5,632,271,403.4,64204.734102375296,17.692543262548885,0.05047669269303944,213.07180546079127,2.5707184603478956,0.13775941391578672,138.28886557310597,2.242753085890973
1070,60,35,20,Median,40,[   0  372  530  784 1190 1761 2017],6,571,158,336.1666666666667,36942.630762714485,15.590045433790891,0.04210604699293655,202.27643824862622,3.4432658379723153,0.13544016095980688,86.61651448660395,2.9163735131639164
1071,60,35,20,Mode,40,[   0  372  572  722 1114 1746 2017],6,632,150,336.1666666666667,37863.10894976319,16.428123814615784,0.05189654377271809,206.33940538404983,2.560961000048843,0.13477910868204207,89.39598885963929,2.3920348987923417
1072,60,35,20,Median,40,[   0  372  530 1114 1283 1761 2017],6,584,158,336.1666666666667,45398.55114436212,17.950747400060525,0.04626268166796322,219.5190681783871,2.6062283136187125,0.16644844992120705,105.95249337376507,2.2519965692675097
1073,60,35,20,Mode,40,[   0  372  572  722 1114 1321 1746 2017],7,425,150,288.14285714285717,31859.79815542573,15.862981382467801,0.043047995451637996,191.2937309655593,2.8423715141308192,0.13511967041721487,76.35443481527128,2.5079954199826715
1074,60,35,20,Median,40,[   0  372  531 1114 1283 1761 2017],6,583,159,336.1666666666667,45664.00246790084,17.980190301171106,0.04665254298562319,220.0165825029591,2.601805470577565,0.16691622748044505,106.64960959296539,2.249331768946797
1075,60,35,20,Mode,40,[   0  372  572  722 1114 1321 1746 2017],7,425,150,288.14285714285717,31859.79815542573,15.862981382467801,0.043047995451637996,191.2937309655593,2.8423715141308192,0.13511967041721487,76.35443481527128,2.5079954199826715
1076,60,35,20,Median,40,[   0  201  372  531  722  850 1114 1283 1761 2017],9,478,128,224.11111111111111,23901.71027965127,14.780807177596165,-0.005274324073599444,156.23554927532308,3.30178316733552,0.11478465980878569,57.382624521143796,2.660613155811692
1077,60,35,20,Mode,40,[   0  201  372  572  722  838 1114 1321 1746 2017],9,425,116,224.11111111111111,22809.673440107457,14.334620133329608,-0.009328481062121943,151.00775109844724,3.3699164152875354,0.10644190856713233,53.67815054609767,2.74796315176571
1078,60,35,20,Median,40,[   0  201  372  531  722  850 1112 1190 1318 1761 2017],10,443,78,201.7,19026.63165069344,14.521873131648338,-0.016062250707875304,143.8223845480263,3.3139788890671666,0.11383285855901987,44.703107655859185,2.727182750812141
1079,60,35,20,Mode,40,[   0  201  372  572  722  838 1114 1190 1321 1746 2017],10,425,76,201.7,18631.945585662786,14.545927637062924,-0.018056579064911184,140.64320675103335,3.3485833286344615,0.11297815981442692,43.345141727638484,2.745722705946301
1080,60,35,20,Median,40,[   0  201  372  531  722  850 1112 1190 1318 1746 1819 2017],11,428,73,183.36363636363637,17901.699903191333,14.824196006683101,-0.06300320002170443,134.23503300995765,3.1632180843512674,0.10166970643739015,43.964065226963875,2.467333095092731
1081,60,35,20,Mode,40,[   0  201  372  572  722  838 1114 1190 1321 1746 1819 2017],11,425,73,183.36363636363637,17568.467371105868,14.862932967598448,-0.0657634860914927,131.21332405822295,3.18780076158873,0.10130100575046533,42.83289128209598,2.4766953363928335
1082,60,35,20,Median,40,[   0  201  372  531  722  850 1112 1190 1275 1377 1746 1819 2017],12,369,73,168.08333333333334,16366.979281106069,14.457945785829793,-0.07037238374632303,124.48116143874238,3.1623316485528163,0.09928885107150753,40.539968489496616,2.510731602436776
1083,60,35,20,Mode,40,[   0  201  372  572  722  838 1114 1190 1321 1377 1746 1819 2017],12,369,56,168.08333333333334,16829.90998265379,15.30485416363739,-0.07720238256898382,122.44448597256047,3.2224497189168475,0.1107038084860641,42.130894584197456,2.3333130962753574
1084,60,35,20,Median,40,[   0  201  372  486  548  722  850 1040 1114 1244 1321 1746 1819 2017],13,425,62,155.15384615384616,9187.197022243667,12.357880665381344,-0.07095642000856252,112.59221084953604,3.383982362805587,0.0754368398876205,24.698892989823776,2.8577152260503538
1085,60,35,20,Mode,40,[   0  201  372  433  572  722  838 1040 1114 1190 1321 1746 1819 2017],13,425,61,155.15384615384616,10970.512585030929,12.911890579321058,-0.07222701036244396,113.55384890129498,3.427887851309481,0.08116676477580052,27.955292265566783,2.8314051675517695
1086,60,35,20,Median,40,"[   0  201  372  433  531  722  850 1040 1114 1190 1273 1321 1746 1819
 2017]",14,425,48,144.07142857142858,9881.400195364826,12.497351785391317,-0.08052515167952708,108.38981836236762,3.432251383909033,0.07283828399861356,24.765443365532295,2.9140837420662153
1087,60,35,20,Mode,40,[   0  201  372  433  572  722  838 1040 1114 1190 1321 1746 1819 2017],13,425,61,155.15384615384616,10970.512585030929,12.911890579321058,-0.07222701036244396,113.55384890129498,3.427887851309481,0.08116676477580052,27.955292265566783,2.8314051675517695
1088,60,35,20,Median,40,"[   0  201  372  433  514  567  722  850 1040 1114 1190 1275 1377 1746
 1819 2017]",15,369,53,134.46666666666667,8433.820203102785,12.70185617771898,-0.0753268039978315,103.57429351459149,3.3086062860328833,0.07931309032503489,22.96082846658237,2.793556398116548
1089,60,35,20,Mode,40,"[   0  201  372  433  494  572  722  838 1040 1114 1190 1321 1377 1746
 1819 2017]",15,369,56,134.46666666666667,9377.358910392548,13.539234425856668,-0.07936741098332228,104.02991389906909,3.315469094183945,0.0933989624381781,25.645240884366427,2.630042926572178
1090,60,35,20,Median,40,"[   0  201  372  433  514  567  722  850 1040 1114 1190 1273 1489 1746
 1819 2017]",15,257,53,134.46666666666667,7939.7353566381125,12.146349006011022,-0.07185619478356467,102.64973066624255,3.718030110261141,0.07474380637530934,21.368219628090916,3.0382206917488483
1091,60,35,20,Mode,40,"[   0  201  372  433  494  572  722  838 1040 1114 1190 1321 1422 1746
 1819 2017]",15,324,61,134.46666666666667,8804.097461949475,12.723554309615754,-0.072048350966375,102.31442572107963,3.6164847077056126,0.0857975931090955,23.555377063793564,2.8975282430115845
1092,60,40,10,Median,40,[   0  531 1259 2017],3,758,531,672.3333333333334,189765.81200524286,22.937574778372642,0.11799991521463331,386.5057276649895,2.2473266395784304,0.21464147405181744,392.20240990922963,1.894707488570044
1093,60,40,10,Mode,40,[   0  722 1746 2017],3,1024,271,672.3333333333334,103057.93824077507,16.709927222982838,0.019647904691389006,203.15927812916362,2.387876300781363,0.10404470121390447,203.9845291490779,2.3159751567787064
1094,60,40,10,Median,40,[   0  517 1123 1761 2017],4,638,256,504.25,124678.29548066352,19.300757618517768,0.06277097410102327,279.95075907226493,2.520010310323163,0.1611430059422395,270.461928963229,2.246593164427726
1095,60,40,10,Mode,40,[   0  722 1114 1746 2017],4,722,271,504.25,87279.47247958985,17.879765018442228,0.015991933847717146,174.396094359394,2.593571343637862,0.1327616641452875,174.21647839585998,2.2514158866030383
1096,60,40,10,Median,40,[   0  486  742 1188 1761 2017],5,573,256,403.4,56587.34960742277,16.13307129998124,0.05262917250184378,224.3767987512842,2.9656213223053105,0.14192901165013633,129.55632973390877,2.675050418677291
1097,60,40,10,Mode,40,[   0  415  722 1114 1746 2017],5,632,271,403.4,63625.51716756957,17.732812222832287,0.05951551723115395,222.82421998898738,2.520521871295926,0.14583831528445254,141.12206585587805,2.262464960261877
1098,60,40,10,Median,40,[   0  372  547  742 1188 1761 2017],6,573,175,336.1666666666667,35679.54417573115,15.506199502691743,0.044728694754751906,203.22153171282096,3.0580589998509633,0.13144095989948745,84.24662250673694,2.716724389412626
1099,60,40,10,Mode,40,[   0  415  548  722 1114 1746 2017],6,632,133,336.1666666666667,35737.138812268335,16.53099435879711,0.05841136705859569,207.26707137562713,2.555886189038324,0.14093422974644354,85.77363337780078,2.414139753132636
1100,60,40,10,Median,40,[   0  372  547  742 1112 1275 1761 2017],7,486,163,288.14285714285717,32858.62503117179,16.260968921377366,0.04539836628040283,191.0756623268254,3.0199384015733157,0.14602974594629364,79.70528332635944,2.541031435692847
1101,60,40,10,Mode,40,[   0  415  548  722 1114 1275 1746 2017],7,471,133,288.14285714285717,31273.365638574614,16.689826945826663,0.05236849432437318,195.70132263219276,2.755478144744224,0.1521162176262847,77.2155961566603,2.4076802106119675
1102,60,40,10,Median,40,[   0  372  547  742 1112 1275 1761 2017],7,486,163,288.14285714285717,32858.62503117179,16.260968921377366,0.04539836628040283,191.0756623268254,3.0199384015733157,0.14602974594629364,79.70528332635944,2.541031435692847
1103,60,40,10,Mode,40,[   0  201  415  548  722 1114 1275 1746 2017],8,471,133,252.125,25123.29594392583,14.997284217946923,0.00107677459454193,172.20177434751176,3.0693696611560544,0.12413453089126249,61.06523097067007,2.6029836196941725
1104,60,40,10,Median,40,[   0  201  372  547  722  838 1114 1275 1761 2017],9,486,116,224.11111111111111,23585.410881110987,14.765707917758128,-0.006004384125344446,154.1783190379838,3.3040687432767495,0.11475784576231829,56.71900105114616,2.6792057644763303
1105,60,40,10,Mode,40,[   0  201  415  548  722  838 1114 1275 1746 2017],9,471,116,224.11111111111111,22772.894091772338,14.932722429751994,-0.001270460628110709,155.89603965813723,3.1835419147153097,0.11962588034815769,55.713827713976954,2.6203016137508808
1106,60,40,10,Median,40,[   0  201  372  547  722  838 1108 1190 1279 1761 2017],10,482,82,201.7,18064.77411363952,14.285348042614276,-0.017727135434753696,140.43764220805627,3.29857976598975,0.10902560029388492,41.95097680479915,2.7415131369589902
1107,60,40,10,Mode,40,[   0  201  415  548  722  838 1114 1211 1275 1746 2017],10,471,64,201.7,17106.21377377462,14.096918661894541,-0.009128954918036013,141.0345426983394,3.260111454434149,0.10891261763387786,40.419526143527406,2.761705500384631
1108,60,40,10,Median,40,[   0  201  372  547  722  838 1040 1114 1190 1279 1761 2017],11,482,74,183.36363636363637,14781.57546944232,13.439814326102518,-0.02214937111527144,129.97264280538113,3.314197272922807,0.09954478409170983,34.68570498309239,2.8392561874963835
1109,60,40,10,Mode,40,[   0  201  415  548  722  838 1040 1114 1211 1275 1746 2017],11,471,64,183.36363636363637,13610.040801389336,13.152100019946204,-0.014451510982376074,129.9521389497181,3.289521444458674,0.09867888786619519,32.4592553497866,2.8847424665167156
1110,60,40,10,Median,40,[   0  201  372  494  548  722  838 1040 1114 1190 1279 1761 2017],12,482,54,168.08333333333334,9827.999031911357,12.584097826418338,-0.022028965487929014,121.27577667460545,3.3427041313261108,0.09059901585899156,25.22026354308641,2.9476115205654385
1111,60,40,10,Mode,40,[   0  201  415  494  548  722  838 1040 1114 1211 1275 1746 2017],12,471,54,168.08333333333334,9578.669885151676,12.525756390737014,-0.015385242056242771,120.67231153853113,3.3351818135335844,0.09119985068727278,24.675200630224936,2.9711085923528895
1112,60,40,10,Median,40,[   0  201  372  415  494  548  722  838 1040 1114 1190 1279 1761 2017],13,482,43,155.15384615384616,8143.405104612714,11.95136353421612,-0.024524083572064037,112.56893039891035,3.4208164196133826,0.08038621955068877,20.772279800800558,3.1063170469505166
1113,60,40,10,Mode,40,[   0  201  372  415  494  548  722  838 1040 1114 1211 1275 1746 2017],13,471,43,155.15384615384616,7644.163317287402,11.582202203249715,-0.02147434922569076,111.41303507048679,3.483434229324933,0.07603038420459331,19.334279742001623,3.1863638516644968
1114,60,40,10,Median,40,"[   0  201  372  494  548  722  838 1040 1114 1190 1275 1321 1746 1812
 2017]",14,425,46,144.07142857142858,8375.963478792926,12.363018793313227,-0.08409296639253196,107.05992257572,3.3880841269183515,0.06876856481388972,22.39191283338812,2.879607573716422
1115,60,40,10,Mode,40,"[   0  201  415  494  548  722  838 1040 1114 1211 1275 1321 1746 1812
 2017]",14,425,46,144.07142857142858,8318.454930628097,12.343492281423824,-0.08179498189047589,106.36120569911877,3.3764625554881462,0.06824332727102621,22.40444844726155,2.8943717427309616
1116,60,40,10,Median,40,"[   0  201  372  415  494  548  722  838 1040 1114 1190 1275 1321 1746
 1812 2017]",15,425,43,134.46666666666667,7035.742652045408,11.836466473790264,-0.08643979980045631,100.65361643103746,3.4527561103945046,0.061574057338566024,18.781380390692984,3.0204983068214184
1117,60,40,10,Mode,40,"[   0  201  372  415  494  548  722  838 1040 1114 1211 1275 1321 1746
 1812 2017]",15,425,43,134.46666666666667,6750.321797781832,11.547750414242795,-0.08673418122558862,99.46922306520666,3.502195933043678,0.05688067910131857,17.988712841853243,3.0843574542567618
1118,60,40,10,Median,40,"[   0  201  372  415  494  548  722  838  957 1040 1114 1190 1275 1321
 1746 1812 2017]",16,425,43,126.0625,6530.071837832297,11.59369720814825,-0.09183427347906008,95.19128453857286,3.5723309133865504,0.0602940191581387,17.45036084100671,3.115662504247738
1119,60,40,10,Mode,40,"[   0  201  372  415  494  548  722  838  957 1040 1114 1211 1275 1321
 1746 1812 2017]",16,425,43,126.0625,6263.679040519625,11.324228885903945,-0.09213271984032037,94.07380968101987,3.61868074712015,0.05591353280337441,16.710537795422955,3.175264375187392
1120,60,40,15,Median,40,[   0  532 1273 2017],3,744,532,672.3333333333334,189872.2450838407,22.915849129976138,0.11796429581077486,388.7078533430802,2.2175323350521103,0.21289629598192017,392.03323888126243,1.8812008513449303
1121,60,40,15,Mode,40,[   0  722 1746 2017],3,1024,271,672.3333333333334,103057.93824077507,16.709927222982838,0.019647904691389006,203.15927812916362,2.387876300781363,0.10404470121390447,203.9845291490779,2.3159751567787064
1122,60,40,15,Median,40,[   0  514 1114 1761 2017],4,647,256,504.25,123353.5765743018,19.32268836925988,0.06313631866215678,277.68019059099834,2.52199100136531,0.16062118985088425,267.8375814249618,2.242182885682596
1123,60,40,15,Mode,40,[   0  722 1114 1746 2017],4,722,271,504.25,87279.47247958985,17.879765018442228,0.015991933847717146,174.396094359394,2.593571343637862,0.1327616641452875,174.21647839585998,2.2514158866030383
1124,60,40,15,Median,40,[   0  486  759 1190 1761 2017],5,571,256,403.4,57523.03684391235,15.835801699203522,0.050430142720971044,220.06346581834586,3.200046039431302,0.13956863012083195,130.19646207179315,2.821569029063859
1125,60,40,15,Mode,40,[   0  372  722 1114 1746 2017],5,632,271,403.4,64204.734102375296,17.692543262548885,0.05047669269303944,213.07180546079127,2.5707184603478956,0.13775941391578672,138.28886557310597,2.242753085890973
1126,60,40,15,Median,40,[   0  486  742 1112 1275 1761 2017],6,486,163,336.1666666666667,49081.30901199636,16.958593600305075,0.05139381440576985,203.53561224263854,2.953672814892879,0.15642796633699463,115.28710485839049,2.4710654653395823
1127,60,40,15,Mode,40,[   0  372  722 1114 1275 1746 2017],6,471,161,336.1666666666667,53154.68723592145,17.650832586234,0.04209720434613642,194.74589969854335,2.673027188015869,0.15181276253772746,117.51617446867631,2.269278968314503
1128,60,40,15,Median,40,[   0  372  531  742 1112 1275 1761 2017],7,486,159,288.14285714285717,33327.40127189141,16.484050593076095,0.045959061366811965,193.92621405666125,2.9955253809421696,0.14957586209931775,81.33925238121527,2.510720703814085
1129,60,40,15,Mode,40,[   0  372  548  722 1114 1275 1746 2017],7,471,161,288.14285714285717,33214.49458919817,16.621148375201138,0.04691486776307676,195.8240808212356,2.770056690436394,0.14805750670931653,81.02266389109003,2.4023765116602265
1130,60,40,15,Median,40,[   0  372  531  742 1112 1275 1761 2017],7,486,159,288.14285714285717,33327.40127189141,16.484050593076095,0.045959061366811965,193.92621405666125,2.9955253809421696,0.14957586209931775,81.33925238121527,2.510720703814085
1131,60,40,15,Mode,40,[   0  372  548  722 1114 1275 1746 2017],7,471,161,288.14285714285717,33214.49458919817,16.621148375201138,0.04691486776307676,195.8240808212356,2.770056690436394,0.14805750670931653,81.02266389109003,2.4023765116602265
1132,60,40,15,Median,40,[   0  372  531  722  850 1112 1275 1761 2017],8,486,128,252.125,29942.55235676296,16.50320769587993,0.045744811349460374,176.94159162912635,2.9156110183811546,0.14234269962936918,74.10171708373332,2.406786651706168
1133,60,40,15,Mode,40,[   0  201  372  548  722  838 1114 1275 1746 2017],9,471,116,224.11111111111111,23566.101007505713,14.759981207879006,-0.005496566492893112,154.53623471496078,3.305326422886498,0.11452884390048093,56.53137407584633,2.680270390424658
1134,60,40,15,Median,40,[   0  201  372  531  722  850 1110 1190 1280 1761 2017],10,481,80,201.7,18729.921694750978,14.489445499314067,-0.015409827095342705,143.71947782865553,3.2797928139219494,0.11187418906852858,43.83383942256308,2.698924590155681
1135,60,40,15,Mode,40,[   0  201  372  548  722  838 1114 1190 1275 1746 2017],10,471,76,201.7,18332.42035141688,14.499036443531459,-0.01660167626834818,141.50963580803432,3.2813798176101634,0.11126124567954737,42.72667976987688,2.705477592799999
1136,60,40,15,Median,40,[   0  201  372  531  722  838 1040 1114 1198 1280 1761 2017],11,481,74,183.36363636363637,14819.95134971735,13.295210842850977,-0.020260033375240998,130.8794991320618,3.3318955532385393,0.09837924693793364,34.823755857918925,2.8800892882209053
1137,60,40,15,Mode,40,[   0  201  372  548  722  838 1040 1114 1190 1275 1746 2017],11,471,74,183.36363636363637,14844.016796611459,13.464033744702272,-0.021367929292372138,130.38760345135555,3.308856320073232,0.09938197098734032,34.864100598629264,2.83010570021714
1138,60,40,15,Median,40,[   0  201  372  531  722  838 1040 1114 1198 1280 1746 1812 2017],12,466,66,168.08333333333334,13982.5749681517,13.682481846356819,-0.07356756495107057,123.26052547471382,3.188935468208328,0.08656786863608978,34.29724965804052,2.6329106529400828
1139,60,40,15,Mode,40,[   0  201  372  548  722  838 1040 1114 1190 1275 1746 1812 2017],12,471,66,168.08333333333334,14005.022847503675,13.856458809014983,-0.07444187759139581,122.72441321706526,3.1617165005101655,0.0879089589243737,34.347065991048495,2.582493868053095
1140,60,40,15,Median,40,[   0  201  372  495  548  722  838 1040 1114 1198 1280 1746 1812 2017],13,466,53,155.15384615384616,9264.083000873301,12.810301839243387,-0.07513098501172123,114.1554333083685,3.250503133358797,0.07676016397537827,24.85459309014563,2.753249249350846
1141,60,40,15,Mode,40,[   0  201  372  494  548  722  838 1040 1114 1190 1275 1746 1812 2017],13,471,54,155.15384615384616,9477.189657158435,13.023093049474292,-0.07450505544338645,115.26507186351951,3.198944818899951,0.08044209261527786,25.570974981422978,2.705378837734521
1142,60,40,15,Median,40,"[   0  201  372  495  548  722  838 1040 1114 1190 1275 1321 1746 1812
 2017]",14,425,46,144.07142857142858,8384.783791532078,12.359592450311766,-0.08430257457471521,106.89059301263428,3.3969315733824175,0.06774776826893823,22.392249928260917,2.878631923410633
1143,60,40,15,Mode,40,"[   0  201  372  494  548  722  838 1040 1114 1190 1275 1318 1746 1812
 2017]",14,428,43,144.07142857142858,8359.448812448029,12.361646643511218,-0.0848249513112305,107.00146503983639,3.3864253524755092,0.06811452525221737,22.33145874261389,2.878590078763227
1144,60,40,15,Median,40,"[   0  201  372  415  495  548  722  838 1040 1114 1190 1275 1321 1746
 1812 2017]",15,425,43,134.46666666666667,7041.554290212633,11.860474302609173,-0.08643991218833283,100.59301184442684,3.448506959331958,0.06074356894528373,18.79335645431982,3.012191268148354
1145,60,40,15,Mode,40,"[   0  201  372  415  494  548  722  838 1040 1114 1190 1275 1318 1746
 1812 2017]",15,428,43,134.46666666666667,7020.407604725145,11.835192334688397,-0.0871850672668166,100.59878230036182,3.4512079209145186,0.06096673488844171,18.72524444925977,3.019553490079166
1146,60,40,15,Median,40,"[   0  201  372  415  495  548  722  838  957 1040 1114 1190 1275 1321
 1746 1812 2017]",16,425,43,126.0625,6535.4960334550415,11.616104515045896,-0.09183436754907244,95.13410262321172,3.568347334265413,0.059518896657741883,17.46153850039176,3.107909268152879
1147,60,40,15,Mode,40,"[   0  201  372  415  494  548  722  838  957 1040 1114 1190 1275 1318
 1746 1812 2017]",16,428,43,126.0625,6515.759127000052,11.592508011653175,-0.09240811301638857,95.13954718307585,3.5723500432671074,0.059727184871356004,17.397967295669044,3.1147806752883027
1148,60,40,20,Median,40,[   0  531 1275 2017],3,744,531,672.3333333333334,190087.17370160864,22.922997745612513,0.11830845433887904,389.8628570872139,2.2130470511763973,0.21285063169636104,392.7871934344319,1.8789660433238424
1149,60,40,20,Mode,40,[   0  722 1746 2017],3,1024,271,672.3333333333334,103057.93824077507,16.709927222982838,0.019647904691389006,203.15927812916362,2.387876300781363,0.10404470121390447,203.9845291490779,2.3159751567787064
1150,60,40,20,Median,40,[   0  514 1114 1761 2017],4,647,256,504.25,123353.5765743018,19.32268836925988,0.06313631866215678,277.68019059099834,2.52199100136531,0.16062118985088425,267.8375814249618,2.242182885682596
1151,60,40,20,Mode,40,[   0  722 1114 1746 2017],4,722,271,504.25,87279.47247958985,17.879765018442228,0.015991933847717146,174.396094359394,2.593571343637862,0.1327616641452875,174.21647839585998,2.2514158866030383
1152,60,40,20,Median,40,[   0  433  784 1187 1761 2017],5,574,256,403.4,59065.62692549368,15.920102783167287,0.044009786551983836,203.42240524012882,3.048741936179398,0.13311129914254832,127.72611722988684,2.704499374266434
1153,60,40,20,Mode,40,[   0  372  722 1114 1746 2017],5,632,271,403.4,64204.734102375296,17.692543262548885,0.05047669269303944,213.07180546079127,2.5707184603478956,0.13775941391578672,138.28886557310597,2.242753085890973
1154,60,40,20,Median,40,[   0  372  530  784 1187 1761 2017],6,574,158,336.1666666666667,37044.2225112288,15.611293358128611,0.04255922289271652,202.49375970902435,3.4434104113913926,0.13578710941973307,86.94133062128431,2.914290964904051
1155,60,40,20,Mode,40,[   0  372  572  722 1114 1746 2017],6,632,150,336.1666666666667,37863.10894976319,16.428123814615784,0.05189654377271809,206.33940538404983,2.560961000048843,0.13477910868204207,89.39598885963929,2.3920348987923417
1156,60,40,20,Median,40,[   0  365  514  776 1112 1275 1761 2017],7,486,149,288.14285714285717,31672.25479941866,15.781452238480382,0.03825207563605532,185.49810089322034,3.5586190590812583,0.14217322087035816,76.24995200927916,2.852772557941192
1157,60,40,20,Mode,40,[   0  415  722 1114 1275 1746 2017],6,471,161,336.1666666666667,52691.31368807686,17.68304775446072,0.05067733058444632,203.22689305846097,2.647243803485965,0.15827588363266015,119.782734694894,2.285048467811227
1158,60,40,20,Median,40,[   0  372  531 1112 1275 1761 2017],6,581,159,336.1666666666667,46354.050372014295,18.23339941825228,0.047909177837336635,221.59824892783823,2.5890097491107933,0.17117603841408313,108.74886855067112,2.212023152982992
1159,60,40,20,Mode,40,[   0  372  572  722 1114 1275 1746 2017],7,471,150,288.14285714285717,33045.00741982033,16.60410149234223,0.04617206940742707,194.8569022475551,2.745839347651109,0.14698695007261683,80.23422572485906,2.389259498661722
1160,60,40,20,Median,40,[   0  372  531  722  850 1114 1275 1761 2017],8,486,128,252.125,29932.03491577507,16.518573590766483,0.045614806148138905,177.04965136638427,2.915517605694456,0.14224429862258536,74.09801765541825,2.4052250032084737
1161,60,40,20,Mode,40,[   0  201  372  572  722  838 1114 1275 1746 2017],9,471,116,224.11111111111111,23580.753606823335,14.850330938813183,-0.006266230059017093,153.7828439335627,3.302917019044234,0.11496456318222553,56.32609216684009,2.6660772046007724
1162,60,40,20,Median,40,[   0  201  372  531  722  850 1112 1190 1288 1761 2017],10,473,78,201.7,18783.993075021863,14.503153998562283,-0.014994446656780475,143.2681568124437,3.298745315070029,0.11269255056618285,43.86704800013885,2.7202885164220394
1163,60,40,20,Mode,40,[   0  201  372  572  722  838 1114 1190 1275 1746 2017],10,471,76,201.7,18345.444884143657,14.579347315472948,-0.017398913304737012,140.8245603260977,3.2881555856037297,0.11164855170776478,42.54420696187134,2.6928614276232117
1164,60,40,20,Median,40,[   0  201  372  531  722  850 1112 1190 1284 1746 1812 2017],11,462,66,183.36363636363637,17462.20931487679,14.828661294104577,-0.06812612845337672,133.82131898001228,3.1367054726916455,0.09816056443522278,42.42005084724272,2.4514368208754216
1165,60,40,20,Mode,40,[   0  201  372  572  722  838 1114 1190 1275 1746 1812 2017],11,471,66,183.36363636363637,17072.408731371874,14.899483529139863,-0.07096895369531614,131.2505985375655,3.1295213037594305,0.09780158036645906,41.20745825720828,2.434212839502155
1166,60,40,20,Median,40,[   0  201  372  531  722  850 1040 1114 1190 1284 1746 1812 2017],12,462,66,168.08333333333334,14418.130522348061,13.93011405475347,-0.07302913244700654,124.63085549198709,3.158962973950215,0.08915798552786584,35.5070145939361,2.5722747579654803
1167,60,40,20,Mode,40,[   0  201  372  572  722  838 1040 1114 1190 1275 1746 1812 2017],12,471,66,168.08333333333334,14015.679283371037,13.922167704239838,-0.07499902406017844,122.13763259159742,3.1935448452879425,0.0882258456747334,34.19777005722578,2.572171551090269
1168,60,40,20,Median,40,[   0  201  372  531  722  850 1040 1114 1190 1277 1377 1746 1812 2017],13,369,66,155.15384615384616,13610.165522853224,13.701997518262688,-0.07866124959376011,116.73009455481476,3.1725162404979397,0.08946356631194595,34.071901164506116,2.603426926602817
1169,60,40,20,Mode,40,[   0  201  372  572  722  838 1040 1114 1190 1275 1377 1746 1812 2017],13,369,66,155.15384615384616,13236.510669588568,13.646790813384667,-0.08078990918618302,114.02553806564737,3.2404936509818856,0.08816624657797568,32.77322363903695,2.62882757247099
1170,60,40,20,Median,40,"[   0  201  372  505  548  722  850 1040 1114 1190 1277 1377 1746 1812
 2017]",14,369,43,144.07142857142858,9193.495379479322,12.899283188661961,-0.08019437020726704,108.67463514235861,3.213071331112814,0.07825386214224282,25.206538793790052,2.7090736518387213
1171,60,40,20,Mode,40,"[   0  201  372  494  572  722  838 1040 1114 1190 1275 1377 1746 1812
 2017]",14,369,66,144.07142857142858,9809.847278202533,13.099978613911516,-0.07864791938593221,109.38516742096819,3.226861939742844,0.08304502398501598,26.33458688462779,2.6909703691836673
1172,60,40,20,Median,40,"[   0  201  372  421  514  567  722  850 1040 1114 1190 1277 1377 1746
 1812 2017]",15,369,49,134.46666666666667,8257.29646453359,12.641956813513497,-0.08004989908525803,103.14538992770228,3.318821769191468,0.0771988582897588,22.467845925391277,2.7956621968302535
1173,60,40,20,Mode,40,"[   0  201  372  415  494  572  722  838 1040 1114 1190 1275 1377 1746
 1812 2017]",15,369,43,134.46666666666667,8383.374774966893,12.58629844220229,-0.08139314661478364,102.83484037553912,3.325147912854478,0.0763077562332231,22.464583599954786,2.8346873847773195
1174,60,40,20,Median,40,"[   0  201  372  421  514  567  722  850  936 1040 1114 1190 1277 1377
 1746 1812 2017]",16,369,49,126.0625,7530.05601012438,12.255235109090808,-0.0864888866199495,97.6464693959361,3.4731844175356286,0.07227558562896365,20.577528233847616,2.9240593940911226
1175,60,40,20,Mode,40,"[   0  201  372  415  494  572  722  838  957 1040 1114 1190 1275 1377
 1746 1812 2017]",16,369,43,126.0625,7787.861819225682,12.29354037866614,-0.08617277778830194,97.24943075753954,3.4650051606182815,0.07404547145981864,20.888017169651057,2.94223897700658
1176,60,45,10,Median,40,[   0  525 1259 2017],3,758,525,672.3333333333334,189717.1699251872,22.936580002517267,0.11826153262190398,386.9869296203652,2.2513857746714567,0.21411726135024153,391.98919921579056,1.8993290211872205
1177,60,45,10,Mode,40,[   0  722 1746 2017],3,1024,271,672.3333333333334,103057.93824077507,16.709927222982838,0.019647904691389006,203.15927812916362,2.387876300781363,0.10404470121390447,203.9845291490779,2.3159751567787064
1178,60,45,10,Median,40,[   0  517 1131 1746 2017],4,615,271,504.25,124522.18518458576,19.16336342854412,0.06087406476449646,280.46263966209557,2.551784337182166,0.15989390207848792,269.2453736183066,2.273554823014405
1179,60,45,10,Mode,40,[   0  722 1114 1746 2017],4,722,271,504.25,87279.47247958985,17.879765018442228,0.015991933847717146,174.396094359394,2.593571343637862,0.1327616641452875,174.21647839585998,2.2514158866030383
1180,60,45,10,Median,40,[   0  486  724 1174 1746 2017],5,572,238,403.4,57170.735966449996,16.733933504948304,0.056649223502131925,232.22277355667538,2.684891193345229,0.146379595234739,133.05988180998565,2.4940956284050024
1181,60,45,10,Mode,40,[   0  201  722 1114 1746 2017],5,632,201,403.4,64321.24730660806,17.536677465606545,0.0009954813904360673,173.13059705216855,2.598629093772408,0.10370142547317782,128.9885815315385,2.210308987021814
1182,60,45,10,Median,40,[   0  372  531  724 1174 1746 2017],6,572,159,336.1666666666667,37057.10721323947,16.19109520859563,0.04858521587177367,212.14543620592895,2.7167147839636328,0.1382160137333035,89.00329736641336,2.493604895886047
1183,60,45,10,Mode,40,[   0  201  494  722 1114 1746 2017],6,632,201,336.1666666666667,42191.50336175143,15.807691077617344,0.014768623702677052,197.63495549754916,2.7145464786480367,0.11574346717190183,96.84478271313243,2.444807490695206
1184,60,45,10,Median,40,[   0  372  531  724 1112 1275 1746 2017],7,471,159,288.14285714285717,33667.477920844605,16.777830327140997,0.04770839226433391,198.3944004893031,2.7656200375075346,0.15146357023830312,82.6242667425908,2.3844258908241707
1185,60,45,10,Mode,40,[   0  201  494  722 1114 1275 1746 2017],7,471,161,288.14285714285717,36652.002763143864,16.087074211510195,0.008243828809569085,186.93924565194385,2.8978669132406814,0.13112391548083327,86.44155393610333,2.433236658580776
1186,60,45,10,Median,40,[   0  201  388  531  724 1112 1275 1746 2017],8,471,143,252.125,26363.366584269515,15.042157660896125,-7.279999641095314e-05,173.6283175949489,3.149582674691004,0.12448659439733356,63.40168190537755,2.624189718855957
1187,60,45,10,Mode,40,[   0  201  415  494  722 1114 1275 1746 2017],8,471,79,252.125,24848.47057623867,15.468818720319144,0.0007722479103888094,170.22921011293397,3.0192383308543285,0.13180032590549157,60.47194156095092,2.5442765028070746
1188,60,45,10,Median,40,[   0  201  388  531  722  838 1114 1275 1746 2017],9,471,116,224.11111111111111,23592.32990709337,14.923169595520921,-0.0028250919427404574,157.15007223810676,3.251455237759293,0.11889855884800063,57.203145367563735,2.6499645569124515
1189,60,45,10,Mode,40,[   0  201  415  494  722  838 1114 1275 1746 2017],9,471,79,224.11111111111111,21695.238892238092,15.18253361497667,-0.002249980608727843,154.12521913555037,3.153727474642076,0.12314516063056882,53.51445758298813,2.6060514704105846
1190,60,45,10,Median,40,[   0  201  388  531  722  838 1040 1131 1280 1746 2017],10,466,91,201.7,18056.706905053386,13.862308718158147,-0.012038246297373736,141.80050973263084,3.2661346245656246,0.10694832958008066,43.70592117308212,2.7916967180965937
1191,60,45,10,Mode,40,[   0  201  415  494  722  838 1040 1114 1275 1746 2017],10,471,74,201.7,16806.69657058833,14.1644933715909,-0.01123035501306958,140.28346863674724,3.1951391650075838,0.11185352801054226,42.095458960321146,2.7517409849528787
1192,60,45,10,Median,40,[   0  201  388  531  722  838 1040 1114 1187 1280 1746 2017],11,466,73,183.36363636363637,14921.467803008907,13.61310546748345,-0.019262474961190088,132.47334191493786,3.25430180515847,0.10341449111589467,35.53731081898153,2.810995310150688
1193,60,45,10,Mode,40,[   0  201  415  494  722  838 1040 1114 1163 1275 1746 2017],11,471,49,183.36363636363637,13863.88177262937,14.225352620997487,-0.01479284809833933,130.17792580018875,3.1032441891284264,0.11654862062197058,34.25225373559945,2.689716951241737
1194,60,45,10,Median,40,[   0  201  388  494  548  722  838 1040 1114 1187 1280 1746 2017],12,466,54,168.08333333333334,9976.184318997948,12.695610485983691,-0.020568333439984706,121.70228109092912,3.3225871440023957,0.09221636167615829,25.729815644284642,2.9291471511773755
1195,60,45,10,Mode,40,[   0  201  415  494  548  722  838 1040 1114 1163 1275 1746 2017],12,471,49,168.08333333333334,10593.183640485706,13.319759711529326,-0.013259768292003541,122.24665455882929,3.2113149649510717,0.10488558571440594,27.90474107622849,2.804176409986761
1196,60,45,10,Median,40,[   0  201  388  494  548  722  838 1040 1114 1187 1280 1746 1812 2017],13,466,54,155.15384615384616,9615.897203556417,13.115400759930631,-0.07380211307719652,115.4826537752133,3.1858279572710253,0.08225222727793953,26.02705994037667,2.693712956408031
1197,60,45,10,Mode,40,[   0  201  415  494  548  722  838 1040 1114 1163 1275 1746 1812 2017],13,471,49,155.15384615384616,10178.341950147382,13.691505523247057,-0.06967943562784001,115.9957763128984,3.082996774209946,0.09391002342943106,28.010739312812845,2.579359671355585
1198,60,45,10,Median,40,"[   0  201  388  494  548  722  838 1040 1114 1187 1275 1321 1746 1812
 2017]",14,425,46,144.07142857142858,8471.057132038051,12.468676245160413,-0.0831583765770023,107.4441055204723,3.3646428800654227,0.07069366416442958,22.746673854515834,2.8581112943937663
1199,60,45,10,Mode,40,"[   0  201  415  494  548  722  838 1040 1114 1163 1275 1318 1746 1812
 2017]",14,428,43,144.07142857142858,8621.089209937227,12.966134929630497,-0.08157078569607576,107.67903012985012,3.270966799664609,0.07754382954733877,23.33499222120293,2.753872759153244
1200,60,45,10,Median,40,"[   0  201  372  415  494  548  722  838 1040 1114 1187 1275 1321 1746
 1812 2017]",15,425,43,134.46666666666667,7048.1756077566815,11.865284244963027,-0.0864900431476804,100.7543635173173,3.4460200758775428,0.06215549076094388,18.825439884917817,3.014029948227781
1201,60,45,10,Mode,40,"[   0  201  372  415  494  548  722  838 1040 1114 1163 1275 1318 1746
 1812 2017]",15,428,43,134.46666666666667,7031.339342854595,12.125918587577559,-0.08652179787679938,100.69997374188506,3.403733227608376,0.06551685978646594,18.85278920337024,2.9538941123631672
1202,60,45,10,Median,40,"[   0  201  372  415  494  548  722  838  957 1040 1114 1187 1275 1321
 1746 1812 2017]",16,425,43,126.0625,6541.675929829486,11.620593794576163,-0.09188305475137286,95.28634224650307,3.5660158810268987,0.06083669035235803,17.491483035616557,3.1096253695603435
1203,60,45,10,Mode,40,"[   0  201  372  415  494  548  722  838  957 1040 1114 1163 1275 1318
 1746 1812 2017]",16,428,43,126.0625,6525.962082587538,11.863852514349727,-0.09174803922723625,95.23502390885182,3.5278425182925988,0.06397396810951196,17.51700906617215,3.0534985894200375
1204,60,45,15,Median,40,[   0  532 1259 2017],3,758,532,672.3333333333334,189632.4035408748,22.93215294288891,0.1177801531860862,385.8414227163237,2.2470695977341535,0.2144229807643751,391.7292724400785,1.8943885003131697
1205,60,45,15,Mode,40,[   0  201 1746 2017],3,1545,201,672.3333333333334,84767.8671435439,20.049682095282463,-0.024012324217500734,160.8775063950797,2.321501860668396,0.06118648122455852,154.50166470618285,2.062849585382273
1206,60,45,15,Median,40,[   0  514 1114 1761 2017],4,647,256,504.25,123353.5765743018,19.32268836925988,0.06313631866215678,277.68019059099834,2.52199100136531,0.16062118985088425,267.8375814249618,2.242182885682596
1207,60,45,15,Mode,40,[   0  201 1114 1746 2017],4,913,201,504.25,59007.13372096218,15.979914180195758,-0.03184762259901393,123.83180868218072,3.8068028146610464,0.06837916361542018,108.58555654916302,3.1406612783592323
1208,60,45,15,Median,40,[   0  466  742 1187 1761 2017],5,574,256,403.4,57007.27468665519,16.274440559964916,0.05190268597275836,218.56643999155568,2.8091290884330045,0.14288974451997422,127.49059561589019,2.5986490298079765
1209,60,45,15,Mode,40,[   0  201  722 1114 1746 2017],5,632,201,403.4,64321.24730660806,17.536677465606545,0.0009954813904360673,173.13059705216855,2.598629093772408,0.10370142547317782,128.9885815315385,2.210308987021814
1210,60,45,15,Median,40,[   0  372  521  742 1187 1761 2017],6,574,149,336.1666666666667,35762.79142392095,15.778181791227762,0.04488272965193698,206.28867653221116,3.0084233110235883,0.1365771555529069,84.87693696456175,2.66395513132032
1211,60,45,15,Mode,40,[   0  201  494  722 1114 1746 2017],6,632,201,336.1666666666667,42191.50336175143,15.807691077617344,0.014768623702677052,197.63495549754916,2.7145464786480367,0.11574346717190183,96.84478271313243,2.444807490695206
1212,60,45,15,Median,40,[   0  365  514  742 1112 1275 1761 2017],7,486,149,288.14285714285717,32289.993712393447,16.323892345612197,0.04286056541523246,191.40223287209002,2.983210309851622,0.14732123831282065,78.45203236438968,2.503916170877777
1213,60,45,15,Mode,40,[   0  201  415  722 1114 1275 1746 2017],7,471,161,288.14285714285717,36470.971327735926,15.67771480106368,-0.004528699548631179,174.05507358249372,3.0167515157570257,0.12449868982516506,81.63803494998788,2.4976532043455255
1214,60,45,15,Median,40,[   0  201  388  521  742 1112 1275 1761 2017],8,486,133,252.125,25834.614221170195,14.803917499692828,-0.0024600357390130645,169.40833268439997,3.34121051208212,0.12343106612512207,61.80690369032518,2.7261412995778107
1215,60,45,15,Mode,40,[   0  372  494  722 1114 1275 1746 2017],7,471,122,288.14285714285717,31897.376853947197,16.73978052753231,0.04390674678591203,194.22087280993185,2.739477074928703,0.15036661441124502,77.57827120769814,2.3696559520628155
1216,60,45,15,Median,40,[   0  201  388  521  722  843 1114 1275 1761 2017],9,486,121,224.11111111111111,23536.725950169348,14.932377651169976,-0.0027163642278792473,157.20108459094936,3.267974533664525,0.1196653551101138,57.2843712662671,2.6446207112932854
1217,60,45,15,Mode,40,[   0  201  372  494  722  838 1114 1275 1746 2017],9,471,116,224.11111111111111,22723.208758424124,14.705562619887438,-0.0053926543071832825,153.28743357701185,3.2913845062301754,0.11453593891345677,54.81347281679865,2.695765172671087
1218,60,45,15,Median,40,[   0  201  372  521  722  838 1040 1115 1280 1761 2017],10,481,75,201.7,18485.200111029015,13.774343309599105,-0.013278084625962274,141.69635815002113,3.3396182270973602,0.10516834377431689,45.04933191314133,2.8263125624791985
1219,60,45,15,Mode,40,[   0  201  372  494  722  838 1040 1114 1275 1746 2017],10,471,74,201.7,17720.447562753692,13.740519153733805,-0.014380329308613193,139.52522970604497,3.319030493436874,0.10420088648422043,43.25013916815272,2.8314864980733248
1220,60,45,15,Median,40,[   0  201  388  521  722  838 1040 1114 1190 1288 1761 2017],11,473,74,183.36363636363637,14693.810567227429,13.534062365101084,-0.019758341462647173,131.57798460966004,3.276129405934397,0.10332331687936058,34.88108756061705,2.843923386033167
1221,60,45,15,Mode,40,[   0  201  372  494  722  838 1040 1114 1190 1275 1746 2017],11,471,74,183.36363636363637,14169.702997346185,13.420498874309018,-0.022778739597248045,129.3467926012575,3.2706931459922903,0.099387646997721,33.48977959139113,2.8425015260142827
1222,60,45,15,Median,40,[   0  201  372  494  548  722  838 1040 1114 1190 1288 1761 2017],12,473,54,168.08333333333334,9846.707969600197,12.55335866253045,-0.02191976514019358,120.74316805164806,3.3631997272727197,0.09050817556442316,25.164562211933063,2.9725576230177095
1223,60,45,15,Mode,40,[   0  201  372  494  548  722  838 1040 1114 1190 1275 1746 2017],12,471,54,168.08333333333334,9828.29022995231,12.590582467413583,-0.021464572714410806,121.471439282882,3.336925346698577,0.09019329755351153,25.243179987439547,2.9416518642183274
1224,60,45,15,Median,40,[   0  201  372  494  548  722  838 1040 1114 1190 1288 1746 1812 2017],13,458,54,155.15384615384616,9480.469525911758,12.960521204542642,-0.07456811994723923,114.6400475254092,3.230613688154915,0.08025032702610331,25.4423774873042,2.741285911105889
1225,60,45,15,Mode,40,[   0  201  372  494  548  722  838 1040 1114 1190 1275 1746 1812 2017],13,471,54,155.15384615384616,9477.189657158435,13.023093049474292,-0.07450505544338645,115.26507186351951,3.198944818899951,0.08044209261527786,25.570974981422978,2.705378837734521
1226,60,45,15,Median,40,"[   0  201  372  494  548  722  838 1040 1114 1190 1273 1321 1746 1812
 2017]",14,425,48,144.07142857142858,8375.157563236178,12.357306326643734,-0.08342102094427692,107.0357416590472,3.3875738904283383,0.06976364141451802,22.39447183348205,2.882899853225113
1227,60,45,15,Mode,40,"[   0  201  372  494  548  722  838 1040 1114 1190 1275 1318 1746 1812
 2017]",14,428,43,144.07142857142858,8359.448812448029,12.361646643511218,-0.0848249513112305,107.00146503983639,3.3864253524755092,0.06811452525221737,22.33145874261389,2.878590078763227
1228,60,45,15,Median,40,"[   0  201  372  494  548  722  838  936 1040 1114 1190 1273 1321 1746
 1812 2017]",15,425,48,134.46666666666667,7795.108720362286,12.070406383861952,-0.08993936052176088,101.34190541397204,3.5585070453448013,0.06692780973167446,20.909150292965034,2.995513578494576
1229,60,45,15,Mode,40,"[   0  201  372  494  548  722  838  957 1040 1114 1190 1275 1318 1746
 1812 2017]",15,428,43,134.46666666666667,7723.1082143337935,12.064023846771846,-0.09004799706080245,100.68159210541758,3.5199624542142045,0.06627587949364157,20.651789342812823,2.9906880208670117
1230,60,45,15,Median,40,"[   0  201  372  415  494  548  722  838  936 1040 1114 1190 1273 1321
 1746 1812 2017]",16,425,43,126.0625,6582.959599293311,11.598465046270604,-0.09228849864802469,95.76215395040741,3.6084855974520416,0.060335653093520035,17.638170849144444,3.119284529074029
1231,60,45,15,Mode,40,"[   0  201  372  415  494  548  722  838  957 1040 1114 1190 1275 1318
 1746 1812 2017]",16,428,43,126.0625,6515.759127000052,11.592508011653175,-0.09240811301638857,95.13954718307585,3.5723500432671074,0.059727184871356004,17.397967295669044,3.1147806752883027
1232,60,45,20,Median,40,[   0  531 1275 2017],3,744,531,672.3333333333334,190087.17370160864,22.922997745612513,0.11830845433887904,389.8628570872139,2.2130470511763973,0.21285063169636104,392.7871934344319,1.8789660433238424
1233,60,45,20,Mode,40,[   0  201 1746 2017],3,1545,201,672.3333333333334,84767.8671435439,20.049682095282463,-0.024012324217500734,160.8775063950797,2.321501860668396,0.06118648122455852,154.50166470618285,2.062849585382273
1234,60,45,20,Median,40,[   0  514 1114 1761 2017],4,647,256,504.25,123353.5765743018,19.32268836925988,0.06313631866215678,277.68019059099834,2.52199100136531,0.16062118985088425,267.8375814249618,2.242182885682596
1235,60,45,20,Mode,40,[   0  201 1114 1746 2017],4,913,201,504.25,59007.13372096218,15.979914180195758,-0.03184762259901393,123.83180868218072,3.8068028146610464,0.06837916361542018,108.58555654916302,3.1406612783592323
1236,60,45,20,Median,40,[   0  433  776 1187 1761 2017],5,574,256,403.4,58635.99573272555,15.944603050374663,0.044777953732099744,204.29134595710295,3.0150006999899426,0.13401672993139344,126.83667928339553,2.688489779647452
1237,60,45,20,Mode,40,[   0  201  722 1114 1746 2017],5,632,201,403.4,64321.24730660806,17.536677465606545,0.0009954813904360673,173.13059705216855,2.598629093772408,0.10370142547317782,128.9885815315385,2.210308987021814
1238,60,45,20,Median,40,[   0  349  514  776 1187 1761 2017],6,574,165,336.1666666666667,35542.807331237535,15.155916693383379,0.03891977691199247,199.36126792487457,3.39163905994471,0.12947348965272457,83.0063793207721,2.8967539262283593
1239,60,45,20,Mode,40,[   0  415  722 1114 1746 2017],5,632,271,403.4,63625.51716756957,17.732812222832287,0.05951551723115395,222.82421998898738,2.520521871295926,0.14583831528445254,141.12206585587805,2.262464960261877
1240,60,45,20,Median,40,[   0  349  514  742 1112 1275 1761 2017],7,486,163,288.14285714285717,32313.18082875632,16.114877893160745,0.04197437176555804,191.04933928412976,2.9977634296942957,0.14453785919473436,78.43553226435677,2.51917400608493
1241,60,45,20,Mode,40,[   0  201  415  722 1114 1275 1746 2017],7,471,161,288.14285714285717,36470.971327735926,15.67771480106368,-0.004528699548631179,174.05507358249372,3.0167515157570257,0.12449868982516506,81.63803494998788,2.4976532043455255
1242,60,45,20,Median,40,[   0  201  388  529  742 1112 1275 1761 2017],8,486,141,252.125,25902.706739696278,14.771273949523442,-0.0025316345774814386,169.4650013198839,3.350282353484535,0.12264680507267664,61.95212113990778,2.733304564614059
1243,60,45,20,Mode,40,[   0  372  494  722 1114 1275 1746 2017],7,471,122,288.14285714285717,31897.376853947197,16.73978052753231,0.04390674678591203,194.22087280993185,2.739477074928703,0.15036661441124502,77.57827120769814,2.3696559520628155
1244,60,45,20,Median,40,[   0  201  372  521  722  850 1114 1280 1761 2017],9,481,128,224.11111111111111,23868.890273022018,14.811245832659313,-0.004659945631087528,156.78204543730772,3.300707390493953,0.11585898904718205,57.53547464626887,2.6580507920470375
1245,60,45,20,Mode,40,[   0  201  372  494  722  838 1114 1275 1746 2017],9,471,116,224.11111111111111,22723.208758424124,14.705562619887438,-0.0053926543071832825,153.28743357701185,3.2913845062301754,0.11453593891345677,54.81347281679865,2.695765172671087
1246,60,45,20,Median,40,[   0  201  372  521  722  850 1040 1114 1317 1761 2017],10,444,74,201.7,18190.340734759797,13.5802727915349,-0.01510663870129775,140.83043090636292,3.3544269285665784,0.10112178892231936,43.87708886142457,2.836000596926158
1247,60,45,20,Mode,40,[   0  201  372  494  722  838 1040 1114 1275 1746 2017],10,471,74,201.7,17720.447562753692,13.740519153733805,-0.014380329308613193,139.52522970604497,3.319030493436874,0.10420088648422043,43.25013916815272,2.8314864980733248
1248,60,45,20,Median,40,[   0  201  388  529  722  850 1040 1114 1302 1746 1812 2017],11,444,66,183.36363636363637,16626.035291006374,14.039505040657556,-0.07083419053186801,131.32567527438334,3.1405044580321886,0.0888660880872106,41.763757045646045,2.5421800623238715
1249,60,45,20,Mode,40,[   0  201  372  494  722  838 1040 1114 1275 1746 1812 2017],11,471,66,183.36363636363637,16509.911142120905,14.144538183574634,-0.07168306386144056,130.04896199541,3.157589401789562,0.09109868166526915,41.84279724286152,2.558975402907257
1250,60,45,20,Median,40,[   0  201  388  529  722  850 1040 1114 1190 1317 1746 1812 2017],12,429,66,168.08333333333334,14426.054269392584,13.994011025432718,-0.07156997647507532,125.19395772442775,3.1528695705116188,0.09191642047022702,36.041008306338,2.561189914825513
1251,60,45,20,Mode,40,[   0  201  372  494  722  838 1040 1114 1190 1275 1746 1812 2017],12,471,66,168.08333333333334,13392.010302717063,13.816881654112025,-0.07585600222701057,121.75182314729244,3.1267335909359697,0.08791411893381068,33.097683257195634,2.593762800595952
1252,60,45,20,Median,40,[   0  201  372  494  548  722  850 1040 1114 1190 1317 1746 1812 2017],13,429,54,155.15384615384616,9924.269159121819,13.058799025727618,-0.07356662323672854,115.82116312369509,3.2400345235816745,0.08147372192114692,26.87585368737851,2.7034489087173323
1253,60,45,20,Mode,40,[   0  201  372  494  572  722  838 1040 1114 1190 1275 1746 1812 2017],13,471,66,155.15384615384616,10238.529891554288,13.306839747239328,-0.0736198233139538,116.3691211945358,3.1869096779580084,0.0826728879409639,27.10386803843345,2.6442142493107297
1254,60,45,20,Median,40,"[   0  201  372  512  567  722  850 1040 1114 1190 1273 1321 1746 1812
 2017]",14,425,48,144.07142857142858,8959.450169736227,12.629820028725904,-0.08135792030521495,108.40707824415992,3.3802495576942415,0.06982858199041918,23.6955309877505,2.80265609082564
1255,60,45,20,Mode,40,[   0  201  372  494  572  722  838 1040 1114 1190 1275 1746 1812 2017],13,471,66,155.15384615384616,10238.529891554288,13.306839747239328,-0.0736198233139538,116.3691211945358,3.1869096779580084,0.0826728879409639,27.10386803843345,2.6442142493107297
1256,60,45,20,Median,40,"[   0  201  372  421  514  567  722  850 1040 1114 1190 1279 1377 1746
 1812 2017]",15,369,49,134.46666666666667,8208.075254363717,12.602287066343052,-0.07987633774673808,102.97203741726224,3.3377700497947624,0.07652690312775205,22.26706119257571,2.807742113064639
1257,60,45,20,Mode,40,"[   0  201  372  415  494  572  722  838 1040 1114 1190 1275 1377 1746
 1812 2017]",15,369,43,134.46666666666667,8383.374774966893,12.58629844220229,-0.08139314661478364,102.83484037553912,3.325147912854478,0.0763077562332231,22.464583599954786,2.8346873847773195
1258,60,45,20,Median,40,"[   0  201  372  421  514  567  722  850  936 1040 1114 1190 1273 1321
 1746 1812 2017]",16,425,48,126.0625,6882.254868998063,11.829393871346742,-0.09059295100519921,96.50274127885727,3.5962600918216747,0.062348893855519255,18.354833220612882,3.0441997570658015
1259,60,45,20,Mode,40,"[   0  201  372  415  494  572  722  838  936 1040 1114 1190 1275 1318
 1746 1812 2017]",16,428,43,126.0625,7193.508224698655,11.890368671767162,-0.09225099084072783,96.64248042491221,3.620465768720689,0.06206957636677883,18.830546100237047,3.0566797704885897
1260,60,50,10,Median,40,[   0  529 1259 2017],3,758,529,672.3333333333334,190076.2407167736,22.957530060330086,0.11826908352375308,387.4393247182479,2.246546127741185,0.21478788716585184,392.9975640511535,1.8943123432855393
1261,60,50,10,Mode,40,[   0  201 1114 2017],3,913,201,672.3333333333334,76310.9286790205,17.69213745123408,0.03297510008481399,149.5360557625729,3.960473870958566,0.08667554725850266,125.2790038990044,3.3100423056412716
1262,60,50,10,Median,40,[   0  517 1131 1746 2017],4,615,271,504.25,124522.18518458576,19.16336342854412,0.06087406476449646,280.46263966209557,2.551784337182166,0.15989390207848792,269.2453736183066,2.273554823014405
1263,60,50,10,Mode,40,[   0  201 1114 1746 2017],4,913,201,504.25,59007.13372096218,15.979914180195758,-0.03184762259901393,123.83180868218072,3.8068028146610464,0.06837916361542018,108.58555654916302,3.1406612783592323
1264,60,50,10,Median,40,[   0  486  722 1168 1746 2017],5,578,236,403.4,57236.02904633539,16.796648241691933,0.057475620151243675,231.99258840153433,2.6632937380860278,0.14681213691067702,133.11922225223938,2.4830878800295135
1265,60,50,10,Mode,40,[   0  201  722 1114 1746 2017],5,632,201,403.4,64321.24730660806,17.536677465606545,0.0009954813904360673,173.13059705216855,2.598629093772408,0.10370142547317782,128.9885815315385,2.210308987021814
1266,60,50,10,Median,40,[   0  346  517  722 1168 1746 2017],6,578,171,336.1666666666667,36571.361074429544,15.82506395483333,0.04578841742167267,210.2522035199075,2.732529588855513,0.13367980148991537,87.1068523127507,2.509586790828819
1267,60,50,10,Mode,40,[   0  415  722 1114 1746 2017],5,632,271,403.4,63625.51716756957,17.732812222832287,0.05951551723115395,222.82421998898738,2.520521871295926,0.14583831528445254,141.12206585587805,2.262464960261877
1268,60,50,10,Median,40,[   0  346  517  722 1114 1275 1746 2017],7,471,161,288.14285714285717,33103.9256075107,16.44521002071667,0.043872374141009036,196.84626608442696,2.801420453427962,0.14707388931031326,80.74724564151701,2.4074976099267187
1269,60,50,10,Mode,40,[   0  201  415  722 1114 1318 1746 2017],7,428,201,288.14285714285717,35289.181177696875,14.963381591966524,-0.007363492374336413,170.94196597751005,3.0946153567523256,0.11298698137450904,77.84545850161346,2.609783974078516
1270,60,50,10,Median,40,[   0  201  415  531  722 1114 1275 1746 2017],8,471,116,252.125,25624.432380459115,15.25942321711551,0.002297254837116563,174.31629704048106,3.0677978092588947,0.1286983835210491,62.504302947551686,2.577323646782286
1271,60,50,10,Mode,40,[   0  201  415  494  722 1114 1318 1746 2017],8,428,79,252.125,23835.50759049091,14.856533112521584,-0.0020232530207636005,167.29854039107718,3.090755941196191,0.1219331472335007,57.22116174805857,2.6403885911496374
1272,60,50,10,Median,40,[   0  201  415  531  722  838 1114 1279 1746 2017],9,467,116,224.11111111111111,22880.956732468567,15.038568017351988,-0.0008388446292850599,157.40794824193483,3.183695566088554,0.12177238084754022,56.11618478270434,2.6172995589118253
1273,60,50,10,Mode,40,[   0  201  415  494  722  838 1114 1318 1746 2017],9,428,79,224.11111111111111,20920.28984382512,14.684019860583861,-0.005054868455180597,151.49465352367085,3.206275571536015,0.11485347381140935,50.91227985859463,2.68328507543068
1274,60,50,10,Median,40,[   0  201  415  531  722  838 1024 1114 1302 1746 2017],10,444,90,201.7,17415.706052092268,13.692526751098896,-0.011558088988796301,140.3928283911145,3.2776547449113047,0.10522810739000252,42.671001817201756,2.8458032188280793
1275,60,50,10,Mode,40,[   0  201  415  494  722  838 1040 1114 1318 1746 2017],10,428,74,201.7,16112.95696235668,13.824180384621057,-0.014297639245259286,137.90276983777977,3.2259570999541993,0.10648433830120763,39.70905158978848,2.8117971214693593
1276,60,50,10,Median,40,[   0  201  415  531  722  838 1024 1114 1174 1302 1746 2017],11,444,60,183.36363636363637,14791.553276516375,13.846874564182036,-0.01602691609209947,131.74870330520653,3.237153793180788,0.10944218058353092,35.926644232060504,2.8115298756745526
1277,60,50,10,Mode,40,[   0  201  415  494  722  838 1040 1114 1163 1318 1746 2017],11,428,49,183.36363636363637,13851.830258698723,14.166090280989655,-0.016666859342336932,129.42296706667565,3.159224044507528,0.11558575158613729,34.08423950601149,2.7308546766592543
1278,60,50,10,Median,40,[   0  201  415  494  548  722  838 1024 1114 1174 1302 1746 2017],12,444,54,168.08333333333334,10461.924627177106,13.026569846656589,-0.017642571805988768,120.88177125658859,3.3018473052303867,0.09864666086608134,27.168628801639773,2.9147883499530214
1279,60,50,10,Mode,40,[   0  201  415  494  548  722  838 1040 1114 1163 1318 1746 2017],12,428,49,168.08333333333334,10582.227718730574,13.265884856976752,-0.015082524533808941,121.54248665850997,3.2626298323819154,0.10401025022728477,27.752000867512162,2.8415743421845034
1280,60,50,10,Median,40,[   0  201  415  494  548  722  838 1024 1114 1174 1275 1318 1746 2017],13,428,43,155.15384615384616,8850.327452158537,12.372118537979544,-0.035233073943124055,112.71094996477112,3.4473391282806554,0.0844027365336149,22.637383448117532,3.0448554174547913
1281,60,50,10,Mode,40,[   0  201  415  494  548  722  838 1040 1114 1163 1275 1318 1746 2017],13,428,43,155.15384615384616,8760.260213363088,12.54262516966479,-0.0344842946375111,112.69824007682713,3.4048313883254133,0.08598466756329852,22.456778856561247,2.987170647284606
1282,60,50,10,Median,40,"[   0  201  415  494  548  722  838 1024 1114 1174 1275 1318 1746 1812
 2017]",14,428,43,144.07142857142858,8704.228199594563,12.808744192690268,-0.08211487876278181,107.69109533045044,3.3104382724801904,0.07608358551993849,23.50170415187027,2.8071202393103385
1283,60,50,10,Mode,40,"[   0  201  415  494  548  722  838 1040 1114 1163 1275 1318 1746 1812
 2017]",14,428,43,144.07142857142858,8621.089209937227,12.966134929630497,-0.08157078569607576,107.67903012985012,3.270966799664609,0.07754382954733877,23.33499222120293,2.753872759153244
1284,60,50,10,Median,40,"[   0  201  372  415  494  548  722  838 1024 1114 1174 1275 1318 1746
 1812 2017]",15,428,43,134.46666666666667,7108.539833250694,11.979770046133066,-0.08706589094350545,100.71124192766403,3.4405732689029187,0.06416091890387998,19.00759313898991,3.0033382010804694
1285,60,50,10,Mode,40,"[   0  201  372  415  494  548  722  838 1040 1114 1163 1275 1318 1746
 1812 2017]",15,428,43,134.46666666666667,7031.339342854595,12.125918587577559,-0.08652179787679938,100.69997374188506,3.403733227608376,0.06551685978646594,18.85278920337024,2.9538941123631672
1286,60,50,10,Median,40,"[   0  201  372  415  494  548  722  838  954 1040 1114 1174 1275 1318
 1746 1812 2017]",16,428,43,126.0625,6483.35266725327,11.683042875753452,-0.09168517131043218,95.47403326015252,3.552429476683833,0.0619870690230762,17.42311896213471,3.096293259288968
1287,60,50,10,Mode,40,"[   0  201  372  415  494  548  722  838  957 1040 1114 1163 1275 1318
 1746 1812 2017]",16,428,43,126.0625,6525.962082587538,11.863852514349727,-0.09174803922723625,95.23502390885182,3.5278425182925988,0.06397396810951196,17.51700906617215,3.0534985894200375
1288,60,50,15,Median,40,[   0  531 1266 2017],3,751,531,672.3333333333334,190006.61369738507,22.93518553623906,0.11806913119972577,387.924614276113,2.2332300753945984,0.21407907979116864,392.6872075720357,1.8876956174789317
1289,60,50,15,Mode,40,[   0  201 1746 2017],3,1545,201,672.3333333333334,84767.8671435439,20.049682095282463,-0.024012324217500734,160.8775063950797,2.321501860668396,0.06118648122455852,154.50166470618285,2.062849585382273
1290,60,50,15,Median,40,[   0  514 1114 1761 2017],4,647,256,504.25,123353.5765743018,19.32268836925988,0.06313631866215678,277.68019059099834,2.52199100136531,0.16062118985088425,267.8375814249618,2.242182885682596
1291,60,50,15,Mode,40,[   0  201 1114 1746 2017],4,913,201,504.25,59007.13372096218,15.979914180195758,-0.03184762259901393,123.83180868218072,3.8068028146610464,0.06837916361542018,108.58555654916302,3.1406612783592323
1292,60,50,15,Median,40,[   0  466  742 1174 1761 2017],5,587,256,403.4,58002.064296171666,16.5083752232672,0.054415562785418835,219.77602912039742,2.750316862167339,0.14466622846911534,129.9839251090749,2.541977498508837
1293,60,50,15,Mode,40,[   0  201  722 1114 1746 2017],5,632,201,403.4,64321.24730660806,17.536677465606545,0.0009954813904360673,173.13059705216855,2.598629093772408,0.10370142547317782,128.9885815315385,2.210308987021814
1294,60,50,15,Median,40,[   0  201  494  742 1174 1761 2017],6,587,201,336.1666666666667,40782.68835492655,15.086279551449204,0.008090642340723615,194.509726676773,3.032483558860632,0.1130436962661957,92.79760143460953,2.64707162353079
1295,60,50,15,Mode,40,[   0  372  722 1114 1746 2017],5,632,271,403.4,64204.734102375296,17.692543262548885,0.05047669269303944,213.07180546079127,2.5707184603478956,0.13775941391578672,138.28886557310597,2.242753085890973
1296,60,50,15,Median,40,[   0  346  514  726 1112 1275 1761 2017],7,486,163,288.14285714285717,32930.70252382095,16.38714617137565,0.04316094619179383,194.95729952460155,2.8071214353175704,0.14666848987045158,80.31331274314728,2.4104075522167014
1297,60,50,15,Mode,40,[   0  201  415  722 1114 1318 1746 2017],7,428,201,288.14285714285717,35289.181177696875,14.963381591966524,-0.007363492374336413,170.94196597751005,3.0946153567523256,0.11298698137450904,77.84545850161346,2.609783974078516
1298,60,50,15,Median,40,[   0  201  415  531  726 1112 1275 1761 2017],8,486,116,252.125,25831.719607492425,15.278335346461633,0.0019220593459900414,174.00820964653826,3.070408765365166,0.1294550358543936,63.14118974586965,2.5738005099940446
1299,60,50,15,Mode,40,[   0  372  494  722 1114 1318 1746 2017],7,428,122,288.14285714285717,30715.586703908146,16.02544731843516,0.04109419885153177,190.85704836532457,2.821211486747974,0.13885490596058903,73.78569475932372,2.4817867217958054
1300,60,50,15,Median,40,[   0  201  415  531  722  850 1114 1279 1761 2017],9,482,116,224.11111111111111,23307.192212409478,15.149570062650533,-0.0007232435926269298,158.41758864528978,3.171518719503843,0.12268425354098486,57.289947758056044,2.579015956030949
1301,60,50,15,Mode,40,[   0  201  372  494  722  838 1114 1318 1746 2017],9,428,116,224.11111111111111,21948.259710011152,14.20704886549463,-0.008193839879747538,150.6677013838488,3.3439326031241148,0.1062442520942973,52.211295092405145,2.772998777691182
1302,60,50,15,Median,40,[   0  201  415  531  722  843 1040 1114 1317 1761 2017],10,444,74,201.7,17460.529399015515,13.801276788909252,-0.011183451353359646,141.5436801881808,3.2636767318108264,0.10677511082448955,43.03449441370444,2.7927900671607513
1303,60,50,15,Mode,40,[   0  201  372  494  722  838 1040 1114 1318 1746 2017],10,428,74,201.7,17026.70795452204,13.400206166763962,-0.01744399054028161,137.15442601452847,3.3498484283834893,0.0988316967748858,40.863731797620055,2.891542634589806
1304,60,50,15,Median,40,[   0  201  415  531  722  838 1040 1114 1187 1317 1761 2017],11,444,73,183.36363636363637,14688.039472014172,13.75845854416524,-0.017868774410599073,132.88424753116402,3.232117506813513,0.10796874513116586,35.72770055409542,2.8033798250630118
1305,60,50,15,Mode,40,[   0  201  372  494  722  838 1040 1114 1163 1318 1746 2017],11,428,49,183.36363636363637,14674.206151647548,13.78451348491827,-0.019838642532520444,128.72735339387344,3.2718525248977923,0.10869837421244766,35.12345169305991,2.8026256384676556
1306,60,50,15,Median,40,[   0  201  388  494  548  722  838 1040 1114 1187 1317 1761 2017],12,444,54,168.08333333333334,10169.082557509786,12.690002364686082,-0.02181419502151599,121.58705410332755,3.359902930241237,0.09348963012570305,26.32729379361712,2.9540336908536373
1307,60,50,15,Mode,40,[   0  201  372  531  722  838 1040 1114 1163 1318 1746 2017],11,428,49,183.36363636363637,15591.02167772871,13.887568902762728,-0.01729909893486995,131.40502762890853,3.290036951243269,0.11030877774439726,37.30307122685674,2.786975436709084
1308,60,50,15,Median,40,[   0  201  388  494  548  722  838 1040 1114 1187 1317 1746 1812 2017],13,429,54,155.15384615384616,9884.99628940463,13.121285057614253,-0.07309945000113004,115.43718934180608,3.225270927206101,0.08337978587154515,26.8874362086879,2.7095847349836775
1309,60,50,15,Mode,40,[   0  201  372  531  722  838 1040 1114 1163 1318 1746 1812 2017],12,428,49,168.08333333333334,14805.568540555816,14.26581282516784,-0.07150239285434616,123.67523304947503,3.1434278008958416,0.09812195916361767,36.99129680595186,2.5294593153334306
1310,60,50,15,Median,40,"[   0  201  388  494  548  722  838 1040 1114 1187 1273 1318 1746 1812
 2017]",14,428,45,144.07142857142858,8451.27800669519,12.456691723825088,-0.08305749624602654,107.35553114245509,3.36611006462688,0.07111794175757294,22.679871825616456,2.8630755896787417
1311,60,50,15,Mode,40,[   0  201  372  531  722  838 1040 1114 1163 1275 1746 1812 2017],12,471,49,168.08333333333334,14695.074115729036,14.2953656254407,-0.07098107255874912,124.38933361747635,3.0931505449851895,0.09871775509972842,36.71705222542615,2.505886605393483
1312,60,50,15,Median,40,"[   0  201  388  494  548  722  838  936 1040 1114 1187 1273 1318 1746
 1812 2017]",15,428,45,134.46666666666667,7865.791989288509,12.162692824101782,-0.08935351607474545,101.64362963025013,3.540042735949354,0.06818537433593976,21.17416457137555,2.9771053337729456
1313,60,50,15,Mode,40,[   0  201  372  531  722  936 1040 1114 1163 1275 1746 1812 2017],12,471,49,168.08333333333334,15100.829150655976,14.453524341117781,-0.07140245676373812,125.84451515625204,2.9631507768523235,0.10090841701723964,37.84171168404215,2.444905398119685
1314,60,50,15,Median,40,"[   0  201  372  421  514  567  722  838  936 1040 1114 1187 1273 1318
 1746 1812 2017]",16,428,45,126.0625,6925.332429464249,11.901754697959786,-0.09073048483509791,96.40362956075715,3.6333665832294013,0.06396916248573396,18.433620454224933,3.046598569885606
1315,60,50,15,Mode,40,"[   0  201  372  415  494  548  722  838  936 1040 1114 1163 1275 1318
 1746 1812 2017]",16,428,43,126.0625,6579.548304197733,11.873571156918976,-0.09266363499925152,95.82763254085614,3.564443659286851,0.06315320232434876,17.702601274228474,3.054267305338796
1316,60,50,20,Median,40,[   0  531 1275 2017],3,744,531,672.3333333333334,190087.17370160864,22.922997745612513,0.11830845433887904,389.8628570872139,2.2130470511763973,0.21285063169636104,392.7871934344319,1.8789660433238424
1317,60,50,20,Mode,40,[   0  201 1746 2017],3,1545,201,672.3333333333334,84767.8671435439,20.049682095282463,-0.024012324217500734,160.8775063950797,2.321501860668396,0.06118648122455852,154.50166470618285,2.062849585382273
1318,60,50,20,Median,40,[   0  514 1114 1761 2017],4,647,256,504.25,123353.5765743018,19.32268836925988,0.06313631866215678,277.68019059099834,2.52199100136531,0.16062118985088425,267.8375814249618,2.242182885682596
1319,60,50,20,Mode,40,[   0  201 1114 1746 2017],4,913,201,504.25,59007.13372096218,15.979914180195758,-0.03184762259901393,123.83180868218072,3.8068028146610464,0.06837916361542018,108.58555654916302,3.1406612783592323
1320,60,50,20,Median,40,[   0  433  776 1174 1761 2017],5,587,256,403.4,59334.78246384615,16.1360867479205,0.04682661538850913,204.86272189744682,2.976491630689417,0.13504059980370242,128.6101732753557,2.6393912730741724
1321,60,50,20,Mode,40,[   0  201  722 1114 1746 2017],5,632,201,403.4,64321.24730660806,17.536677465606545,0.0009954813904360673,173.13059705216855,2.598629093772408,0.10370142547317782,128.9885815315385,2.210308987021814
1322,60,50,20,Median,40,[   0  346  514  776 1174 1761 2017],6,587,168,336.1666666666667,36007.0477109666,15.21331563746943,0.039977785586557284,199.523278594759,3.380126015417705,0.12950984082980616,84.12133330176277,2.8830223846445895
1323,60,50,20,Mode,40,[   0  201  494  722 1114 1746 2017],6,632,201,336.1666666666667,42191.50336175143,15.807691077617344,0.014768623702677052,197.63495549754916,2.7145464786480367,0.11574346717190183,96.84478271313243,2.444807490695206
1324,60,50,20,Median,40,[   0  346  514  742 1112 1275 1761 2017],7,486,163,288.14285714285717,32339.32548610968,16.08165480512644,0.041206772933108975,190.72405451504858,3.003434369585727,0.14398163855320606,78.36838885015284,2.522182010842642
1325,60,50,20,Mode,40,[   0  201  494  722 1114 1318 1746 2017],7,428,201,288.14285714285717,35470.212613104806,15.372741002413042,0.00538768315844691,183.66706491936225,2.979601325059953,0.11961220703017728,82.64897748772893,2.545367428313766
1326,60,50,20,Median,40,[   0  201  388  531  742 1112 1275 1761 2017],8,486,143,252.125,26026.845046405226,14.795960628412427,-0.002413521804846912,169.73903575414215,3.3507498501963098,0.12288220937269027,62.25519335889116,2.731933732334462
1327,60,50,20,Mode,40,[   0  372  494  722 1114 1318 1746 2017],7,428,122,288.14285714285717,30715.586703908146,16.02544731843516,0.04109419885153177,190.85704836532457,2.821211486747974,0.13885490596058903,73.78569475932372,2.4817867217958054
1328,60,50,20,Median,40,[   0  201  388  531  722  850 1114 1288 1761 2017],9,473,128,224.11111111111111,23337.398267900808,14.7595572000433,-0.0046845577900190795,156.25896697385505,3.2549477280571053,0.11554676360135575,56.198546129647895,2.6483460133096304
1329,60,50,20,Mode,40,[   0  201  372  494  722  838 1114 1318 1746 2017],9,428,116,224.11111111111111,21948.259710011152,14.20704886549463,-0.008193839879747538,150.6677013838488,3.3439326031241148,0.1062442520942973,52.211295092405145,2.772998777691182
1330,60,50,20,Median,40,[   0  201  388  531  722  850 1040 1114 1317 1761 2017],10,444,74,201.7,18121.141927493667,13.689395149267582,-0.013800907267709522,141.53139751426156,3.3126130212626683,0.10321273267596451,43.97476220643517,2.8074067348521803
1331,60,50,20,Mode,40,[   0  201  372  494  722  838 1040 1114 1318 1746 2017],10,428,74,201.7,17026.70795452204,13.400206166763962,-0.01744399054028161,137.15442601452847,3.3498484283834893,0.0988316967748858,40.863731797620055,2.891542634589806
1332,60,50,20,Median,40,[   0  201  388  531  722  850 1040 1114 1317 1746 1812 2017],11,429,66,183.36363636363637,16908.6954419554,14.100298089441463,-0.069870293850774,131.9772295865345,3.153552619388687,0.08999732432280173,42.6125598106162,2.5273810258701883
1333,60,50,20,Mode,40,[   0  201  372  494  722  838 1040 1114 1318 1746 1812 2017],11,428,66,183.36363636363637,16019.140875952526,13.865010755009461,-0.07384516106201765,127.85672321518659,3.184473766446276,0.08657390443297938,40.164713877548365,2.597818181288515
1334,60,50,20,Median,40,[   0  201  388  531  722  850 1040 1114 1187 1317 1746 1812 2017],12,429,66,168.08333333333334,14551.866738585702,14.053363058820212,-0.07142146033179482,125.451574845478,3.146342540133761,0.09274574652041996,36.39723765065275,2.5508671812847172
1335,60,50,20,Mode,40,[   0  201  372  494  722  838 1040 1114 1163 1318 1746 1812 2017],12,428,49,168.08333333333334,13972.099880482034,14.172126081672879,-0.07399020732343924,121.17302659944077,3.126758743412488,0.09665795595275438,35.00982450250021,2.543686771477587
1336,60,50,20,Median,40,[   0  201  388  494  548  722  850 1040 1114 1187 1317 1746 1812 2017],13,429,54,155.15384615384616,10052.813306039261,13.177408714437277,-0.07260897702464514,116.20173511839806,3.2177482582581143,0.08347582585990032,27.347771813587713,2.680287260899963
1337,60,50,20,Mode,40,[   0  201  372  531  722  838 1040 1114 1163 1318 1746 1812 2017],12,428,49,168.08333333333334,14805.568540555816,14.26581282516784,-0.07150239285434616,123.67523304947503,3.1434278008958416,0.09812195916361767,36.99129680595186,2.5294593153334306
1338,60,50,20,Median,40,"[   0  201  388  494  548  722  850 1040 1114 1187 1273 1321 1746 1812
 2017]",14,425,48,144.07142857142858,8625.290383796864,12.51457961607807,-0.08203789478040657,108.1305261653383,3.3474305206420176,0.07177738919670978,23.174469232683215,2.8342089880720325
1339,60,50,20,Mode,40,[   0  201  372  531  722  838 1040 1114 1163 1275 1746 1812 2017],12,471,49,168.08333333333334,14695.074115729036,14.2953656254407,-0.07098107255874912,124.38933361747635,3.0931505449851895,0.09871775509972842,36.71705222542615,2.505886605393483
1340,60,50,20,Median,40,"[   0  201  372  421  531  722  838  936 1040 1114 1187 1273 1321 1746
 1812 2017]",15,425,48,134.46666666666667,9015.93302155685,12.167560076676457,-0.09191508790805009,101.64478175265728,3.614759051341095,0.06872015752552214,22.546980995900068,3.0365024918160812
1341,60,50,20,Mode,40,"[   0  201  372  415  494  722  838  936 1040 1114 1163 1275 1318 1746
 1812 2017]",15,428,43,134.46666666666667,8629.073017422637,12.417124052638352,-0.09548136489175063,99.43667924334623,3.5619179594137886,0.06850305701617657,21.507814616493448,2.990374184474639
1342,60,50,20,Median,40,"[   0  201  372  421  514  569  722  838  936 1040 1114 1187 1273 1321
 1746 1812 2017]",16,425,48,126.0625,6957.237500747434,11.900369950928336,-0.09047342719353128,96.45114940658263,3.6286196702345634,0.06402420199092922,18.522473575571365,3.0452400693927784
1343,60,50,20,Mode,40,"[   0  201  372  415  494  572  722  838  936 1040 1114 1163 1275 1318
 1746 1812 2017]",16,428,43,126.0625,7203.711180286142,12.161713174463712,-0.09160857953179008,96.73921730321996,3.5759582437461805,0.06631635960493479,18.949587870740157,2.995397684620324
