,N_clusters,K_neighb,Len_min,St_edges,Silh,Cal-Har,Dav-Bold
0,2,20,0,[   0  416  554 1046],0.0627471274083477,73.20121012025207,3.564361792309733
1,2,20,20,[   0  416  554 1046],0.0627471274083477,73.20121012025207,3.564361792309733
2,2,20,40,[   0  416  554 1046],0.0627471274083477,73.20121012025207,3.564361792309733
3,2,20,60,[   0  416  554 1046],0.0627471274083477,73.20121012025207,3.564361792309733
4,2,21,0,[   0  487  554 1046],0.06102815832102318,69.58232632776998,3.6674779234769566
5,2,21,20,[   0  487  554 1046],0.06102815832102318,69.58232632776998,3.6674779234769566
6,2,21,40,[   0  487  554 1046],0.06102815832102318,69.58232632776998,3.6674779234769566
7,2,21,60,[   0  487  554 1046],0.06102815832102318,69.58232632776998,3.6674779234769566
8,2,22,0,[   0   91  554 1046],0.06560642544870034,88.40392805661823,2.7220494095125733
9,2,22,20,[   0   91  554 1046],0.06560642544870034,88.40392805661823,2.7220494095125733
10,2,22,40,[   0   91  554 1046],0.06560642544870034,88.40392805661823,2.7220494095125733
11,2,22,60,[   0   91  554 1046],0.06560642544870034,88.40392805661823,2.7220494095125733
12,2,23,0,[   0   45  554 1046],0.10356062165973723,90.07945791764357,2.305061465487856
13,2,23,20,[   0   45  554 1046],0.10356062165973723,90.07945791764357,2.305061465487856
14,2,23,40,[   0   45  554 1046],0.10356062165973723,90.07945791764357,2.305061465487856
15,2,23,60,[   0  554 1046],0.10356062165973723,90.07945791764357,2.305061465487856
16,2,24,0,[   0   91  552 1046],0.06998192150484439,90.35227641876902,2.6157257322679928
17,2,24,20,[   0   91  552 1046],0.06998192150484439,90.35227641876902,2.6157257322679928
18,2,24,40,[   0   91  552 1046],0.06998192150484439,90.35227641876902,2.6157257322679928
19,2,24,60,[   0   91  552 1046],0.06998192150484439,90.35227641876902,2.6157257322679928
20,2,25,0,[   0   91  552 1046],0.07832084258954584,90.46663518712609,2.5132751041842996
21,2,25,20,[   0   91  552 1046],0.07832084258954584,90.46663518712609,2.5132751041842996
22,2,25,40,[   0   91  552 1046],0.07832084258954584,90.46663518712609,2.5132751041842996
23,2,25,60,[   0   91  552 1046],0.07832084258954584,90.46663518712609,2.5132751041842996
24,2,26,0,[   0  186  554 1046],0.06736663398547614,82.85777993050925,3.299872050277449
25,2,26,20,[   0  186  554 1046],0.06736663398547614,82.85777993050925,3.299872050277449
26,2,26,40,[   0  186  554 1046],0.06736663398547614,82.85777993050925,3.299872050277449
27,2,26,60,[   0  186  554 1046],0.06736663398547614,82.85777993050925,3.299872050277449
28,2,27,0,[   0  503  708 1046],0.16449718297199695,101.87619149353822,1.7474018946600205
29,2,27,20,[   0  503  708 1046],0.16449718297199695,101.87619149353822,1.7474018946600205
30,2,27,40,[   0  503  708 1046],0.16449718297199695,101.87619149353822,1.7474018946600205
31,2,27,60,[   0  503  708 1046],0.16449718297199695,101.87619149353822,1.7474018946600205
32,2,28,0,[   0  503  617 1046],0.05657740709783762,58.11599135247032,4.031403792786461
33,2,28,20,[   0  503  617 1046],0.05657740709783762,58.11599135247032,4.031403792786461
34,2,28,40,[   0  503  617 1046],0.05657740709783762,58.11599135247032,4.031403792786461
35,2,28,60,[   0  503  617 1046],0.05657740709783762,58.11599135247032,4.031403792786461
36,2,29,0,[   0   52  554 1046],0.06887342359246094,96.0280763970254,2.7657453305183104
37,2,29,20,[   0   52  554 1046],0.06887342359246094,96.0280763970254,2.7657453305183104
38,2,29,40,[   0   52  554 1046],0.06887342359246094,96.0280763970254,2.7657453305183104
39,2,29,60,[   0  554 1046],0.06887342359246094,96.0280763970254,2.7657453305183104
40,2,30,0,[   0  180  554 1046],0.06396525273732956,79.44259566157073,3.383374570083395
41,2,30,20,[   0  180  554 1046],0.06396525273732956,79.44259566157073,3.383374570083395
42,2,30,40,[   0  180  554 1046],0.06396525273732956,79.44259566157073,3.383374570083395
43,2,30,60,[   0  180  554 1046],0.06396525273732956,79.44259566157073,3.383374570083395
44,2,31,0,[   0   52  553 1046],0.06866256896376341,97.06265925940642,2.8067177213107106
45,2,31,20,[   0   52  553 1046],0.06866256896376341,97.06265925940642,2.8067177213107106
46,2,31,40,[   0   52  553 1046],0.06866256896376341,97.06265925940642,2.8067177213107106
47,2,31,60,[   0  553 1046],0.06866256896376341,97.06265925940642,2.8067177213107106
48,2,32,0,[   0  556  681 1046],0.17662067733432146,87.9131803332645,1.7070939640603067
49,2,32,20,[   0  556  681 1046],0.17662067733432146,87.9131803332645,1.7070939640603067
50,2,32,40,[   0  556  681 1046],0.17662067733432146,87.9131803332645,1.7070939640603067
51,2,32,60,[   0  556  681 1046],0.17662067733432146,87.9131803332645,1.7070939640603067
52,2,33,0,[   0  444  554 1046],0.061602894270467314,69.69559108647171,3.6657181742409053
53,2,33,20,[   0  444  554 1046],0.061602894270467314,69.69559108647171,3.6657181742409053
54,2,33,40,[   0  444  554 1046],0.061602894270467314,69.69559108647171,3.6657181742409053
55,2,33,60,[   0  444  554 1046],0.061602894270467314,69.69559108647171,3.6657181742409053
56,2,34,0,[   0  431  554 1046],0.060794795383577765,70.56545468713763,3.635477080108776
57,2,34,20,[   0  431  554 1046],0.060794795383577765,70.56545468713763,3.635477080108776
58,2,34,40,[   0  431  554 1046],0.060794795383577765,70.56545468713763,3.635477080108776
59,2,34,60,[   0  431  554 1046],0.060794795383577765,70.56545468713763,3.635477080108776
60,2,35,0,[   0  444  554 1046],0.06150897548284046,69.79291505932216,3.6628853324753554
61,2,35,20,[   0  444  554 1046],0.06150897548284046,69.79291505932216,3.6628853324753554
62,2,35,40,[   0  444  554 1046],0.06150897548284046,69.79291505932216,3.6628853324753554
63,2,35,60,[   0  444  554 1046],0.06150897548284046,69.79291505932216,3.6628853324753554
64,2,36,0,[   0   45  553 1046],0.07581419680051761,100.39847654090441,2.6973947858207588
65,2,36,20,[   0   45  553 1046],0.07581419680051761,100.39847654090441,2.6973947858207588
66,2,36,40,[   0   45  553 1046],0.07581419680051761,100.39847654090441,2.6973947858207588
67,2,36,60,[   0  553 1046],0.07581419680051761,100.39847654090441,2.6973947858207588
68,2,37,0,[   0  556  681 1046],0.18275697138689653,94.42503134865056,1.685667479160712
69,2,37,20,[   0  556  681 1046],0.18275697138689653,94.42503134865056,1.685667479160712
70,2,37,40,[   0  556  681 1046],0.18275697138689653,94.42503134865056,1.685667479160712
71,2,37,60,[   0  556  681 1046],0.18275697138689653,94.42503134865056,1.685667479160712
72,2,38,0,[   0  538  708 1046],0.16021314865035235,104.07984628093088,1.768190620769369
73,2,38,20,[   0  538  708 1046],0.16021314865035235,104.07984628093088,1.768190620769369
74,2,38,40,[   0  538  708 1046],0.16021314865035235,104.07984628093088,1.768190620769369
75,2,38,60,[   0  538  708 1046],0.16021314865035235,104.07984628093088,1.768190620769369
76,2,39,0,[   0  444  554 1046],0.06206848492788902,71.16971896367718,3.623068687013947
77,2,39,20,[   0  444  554 1046],0.06206848492788902,71.16971896367718,3.623068687013947
78,2,39,40,[   0  444  554 1046],0.06206848492788902,71.16971896367718,3.623068687013947
79,2,39,60,[   0  444  554 1046],0.06206848492788902,71.16971896367718,3.623068687013947
80,2,40,0,[   0  495  708 1046],0.16281661306119574,100.99265190870372,1.7982441350383822
81,2,40,20,[   0  495  708 1046],0.16281661306119574,100.99265190870372,1.7982441350383822
82,2,40,40,[   0  495  708 1046],0.16281661306119574,100.99265190870372,1.7982441350383822
83,2,40,60,[   0  495  708 1046],0.16281661306119574,100.99265190870372,1.7982441350383822
84,2,41,0,[   0  185 1046],0.08627284814927544,100.32060598370875,2.333185826952175
85,2,41,20,[   0  185 1046],0.08627284814927544,100.32060598370875,2.333185826952175
86,2,41,40,[   0  185 1046],0.08627284814927544,100.32060598370875,2.333185826952175
87,2,41,60,[   0  185 1046],0.08627284814927544,100.32060598370875,2.333185826952175
88,2,42,0,[   0  116  617 1046],0.06463799170524331,79.30000333363503,3.3637693206328034
89,2,42,20,[   0  116  617 1046],0.06463799170524331,79.30000333363503,3.3637693206328034
90,2,42,40,[   0  116  617 1046],0.06463799170524331,79.30000333363503,3.3637693206328034
91,2,42,60,[   0  116  617 1046],0.06463799170524331,79.30000333363503,3.3637693206328034
92,2,43,0,[   0  206 1046],0.13381834389595582,191.5723440365934,2.099296610814232
93,2,43,20,[   0  206 1046],0.13381834389595582,191.5723440365934,2.099296610814232
94,2,43,40,[   0  206 1046],0.13381834389595582,191.5723440365934,2.099296610814232
95,2,43,60,[   0  206 1046],0.13381834389595582,191.5723440365934,2.099296610814232
96,2,44,0,[   0  342  553 1046],0.06539509802227327,78.0982952058287,3.43828655493638
97,2,44,20,[   0  342  553 1046],0.06539509802227327,78.0982952058287,3.43828655493638
98,2,44,40,[   0  342  553 1046],0.06539509802227327,78.0982952058287,3.43828655493638
99,2,44,60,[   0  342  553 1046],0.06539509802227327,78.0982952058287,3.43828655493638
100,2,45,0,[   0  538  708 1046],0.16931423841606835,98.83453289783841,1.7440163321661446
101,2,45,20,[   0  538  708 1046],0.16931423841606835,98.83453289783841,1.7440163321661446
102,2,45,40,[   0  538  708 1046],0.16931423841606835,98.83453289783841,1.7440163321661446
103,2,45,60,[   0  538  708 1046],0.16931423841606835,98.83453289783841,1.7440163321661446
104,2,46,0,[   0  342 1046],0.0918125877993051,103.05598842270786,2.3395587431054112
105,2,46,20,[   0  342 1046],0.0918125877993051,103.05598842270786,2.3395587431054112
106,2,46,40,[   0  342 1046],0.0918125877993051,103.05598842270786,2.3395587431054112
107,2,46,60,[   0  342 1046],0.0918125877993051,103.05598842270786,2.3395587431054112
108,2,47,0,[   0  556  681 1046],0.22365893303145812,85.97423690123868,1.419863864372606
109,2,47,20,[   0  556  681 1046],0.22365893303145812,85.97423690123868,1.419863864372606
110,2,47,40,[   0  556  681 1046],0.22365893303145812,85.97423690123868,1.419863864372606
111,2,47,60,[   0  556  681 1046],0.22365893303145812,85.97423690123868,1.419863864372606
112,2,48,0,[   0   52  552 1046],0.11179467901453202,92.454597968533,2.1715905471265624
113,2,48,20,[   0   52  552 1046],0.11179467901453202,92.454597968533,2.1715905471265624
114,2,48,40,[   0   52  552 1046],0.11179467901453202,92.454597968533,2.1715905471265624
115,2,48,60,[   0  552 1046],0.11179467901453202,92.454597968533,2.1715905471265624
116,2,49,0,[   0   52  552 1046],0.08139133803908262,97.32485161711665,2.5141127196504924
117,2,49,20,[   0   52  552 1046],0.08139133803908262,97.32485161711665,2.5141127196504924
118,2,49,40,[   0   52  552 1046],0.08139133803908262,97.32485161711665,2.5141127196504924
119,2,49,60,[   0  552 1046],0.08139133803908262,97.32485161711665,2.5141127196504924
120,2,50,0,[   0  464  710 1046],0.13477481415589357,110.47840769849007,1.9506863186237346
121,2,50,20,[   0  464  710 1046],0.13477481415589357,110.47840769849007,1.9506863186237346
122,2,50,40,[   0  464  710 1046],0.13477481415589357,110.47840769849007,1.9506863186237346
123,2,50,60,[   0  464  710 1046],0.13477481415589357,110.47840769849007,1.9506863186237346
124,3,20,0,[   0   52  217  416  554 1046],0.03749186484923547,72.52131271281104,2.884745331286904
125,3,20,20,[   0   52  217  416  554 1046],0.03749186484923547,72.52131271281104,2.884745331286904
126,3,20,40,[   0   52  217  416  554 1046],0.03749186484923547,72.52131271281104,2.884745331286904
127,3,20,60,[   0  217  554 1046],0.03749186484923547,72.52131271281104,2.884745331286904
128,3,21,0,[   0  487  554  682  888 1046],0.05424068031225552,81.07822773112123,2.83954900680833
129,3,21,20,[   0  487  554  682  888 1046],0.05424068031225552,81.07822773112123,2.83954900680833
130,3,21,40,[   0  487  554  682  888 1046],0.05424068031225552,81.07822773112123,2.83954900680833
131,3,21,60,[   0  487  554  682  888 1046],0.05424068031225552,81.07822773112123,2.83954900680833
132,3,22,0,[   0   91  217  554 1046],0.04980407257366608,86.39188895678313,2.494357166626362
133,3,22,20,[   0   91  217  554 1046],0.04980407257366608,86.39188895678313,2.494357166626362
134,3,22,40,[   0   91  217  554 1046],0.04980407257366608,86.39188895678313,2.494357166626362
135,3,22,60,[   0   91  217  554 1046],0.04980407257366608,86.39188895678313,2.494357166626362
136,3,23,0,[   0   45  294  546 1046],0.033625014113484494,79.85172134172541,2.836682625971379
137,3,23,20,[   0   45  294  546 1046],0.033625014113484494,79.85172134172541,2.836682625971379
138,3,23,40,[   0   45  294  546 1046],0.033625014113484494,79.85172134172541,2.836682625971379
139,3,23,60,[   0  294  546 1046],0.033625014113484494,79.85172134172541,2.836682625971379
140,3,24,0,[   0   91  552 1046],0.006268679829467704,72.07970226328214,2.7334096788175977
141,3,24,20,[   0   91  552 1046],0.006268679829467704,72.07970226328214,2.7334096788175977
142,3,24,40,[   0   91  552 1046],0.006268679829467704,72.07970226328214,2.7334096788175977
143,3,24,60,[   0   91  552 1046],0.006268679829467704,72.07970226328214,2.7334096788175977
144,3,25,0,[   0   91  552  683  888 1046],0.08385158779602593,87.3519599660774,4.359764111495497
145,3,25,20,[   0   91  552  683  888 1046],0.08385158779602593,87.3519599660774,4.359764111495497
146,3,25,40,[   0   91  552  683  888 1046],0.08385158779602593,87.3519599660774,4.359764111495497
147,3,25,60,[   0   91  552  683  888 1046],0.08385158779602593,87.3519599660774,4.359764111495497
148,3,26,0,[   0  186  554  667 1046],0.06297098527879465,94.12331142247425,3.625514901138388
149,3,26,20,[   0  186  554  667 1046],0.06297098527879465,94.12331142247425,3.625514901138388
150,3,26,40,[   0  186  554  667 1046],0.06297098527879465,94.12331142247425,3.625514901138388
151,3,26,60,[   0  186  554  667 1046],0.06297098527879465,94.12331142247425,3.625514901138388
152,3,27,0,[   0  503  708  829 1046],0.10444933541559712,104.2488627497409,2.9080720545895082
153,3,27,20,[   0  503  708  829 1046],0.10444933541559712,104.2488627497409,2.9080720545895082
154,3,27,40,[   0  503  708  829 1046],0.10444933541559712,104.2488627497409,2.9080720545895082
155,3,27,60,[   0  503  708  829 1046],0.10444933541559712,104.2488627497409,2.9080720545895082
156,3,28,0,[   0  503  652 1046],0.03829583661813505,69.84148953245527,4.311658798207017
157,3,28,20,[   0  503  652 1046],0.03829583661813505,69.84148953245527,4.311658798207017
158,3,28,40,[   0  503  652 1046],0.03829583661813505,69.84148953245527,4.311658798207017
159,3,28,60,[   0  503  652 1046],0.03829583661813505,69.84148953245527,4.311658798207017
160,3,29,0,[   0   52  554  667 1046],0.08392003571360986,126.01872432322085,5.676050499130429
161,3,29,20,[   0   52  554  667 1046],0.08392003571360986,126.01872432322085,5.676050499130429
162,3,29,40,[   0   52  554  667 1046],0.08392003571360986,126.01872432322085,5.676050499130429
163,3,29,60,[   0  554  667 1046],0.08392003571360986,126.01872432322085,5.676050499130429
164,3,30,0,[   0  180  554  666 1046],0.03412413002672046,67.67111628830499,4.033962597703457
165,3,30,20,[   0  180  554  666 1046],0.03412413002672046,67.67111628830499,4.033962597703457
166,3,30,40,[   0  180  554  666 1046],0.03412413002672046,67.67111628830499,4.033962597703457
167,3,30,60,[   0  180  554  666 1046],0.03412413002672046,67.67111628830499,4.033962597703457
168,3,31,0,[   0   52  553  682 1046],0.07927409863763184,112.57157598375292,4.399662038931353
169,3,31,20,[   0   52  553  682 1046],0.07927409863763184,112.57157598375292,4.399662038931353
170,3,31,40,[   0   52  553  682 1046],0.07927409863763184,112.57157598375292,4.399662038931353
171,3,31,60,[   0  553  682 1046],0.07927409863763184,112.57157598375292,4.399662038931353
172,3,32,0,[   0  556  681  795 1046],0.10366724206167571,93.73716314055201,2.5843046180155267
173,3,32,20,[   0  556  681  795 1046],0.10366724206167571,93.73716314055201,2.5843046180155267
174,3,32,40,[   0  556  681  795 1046],0.10366724206167571,93.73716314055201,2.5843046180155267
175,3,32,60,[   0  556  681  795 1046],0.10366724206167571,93.73716314055201,2.5843046180155267
176,3,33,0,[   0  444  554  666  736 1046],0.03982725177603421,71.0109684801971,4.154998794416735
177,3,33,20,[   0  444  554  666  736 1046],0.03982725177603421,71.0109684801971,4.154998794416735
178,3,33,40,[   0  444  554  666  736 1046],0.03982725177603421,71.0109684801971,4.154998794416735
179,3,33,60,[   0  444  554  666  736 1046],0.03982725177603421,71.0109684801971,4.154998794416735
180,3,34,0,[   0  431  554  667 1046],0.06770342945122239,116.33141383445702,3.543492522234233
181,3,34,20,[   0  431  554  667 1046],0.06770342945122239,116.33141383445702,3.543492522234233
182,3,34,40,[   0  431  554  667 1046],0.06770342945122239,116.33141383445702,3.543492522234233
183,3,34,60,[   0  431  554  667 1046],0.06770342945122239,116.33141383445702,3.543492522234233
184,3,35,0,[   0  444  554  666  736 1046],0.03985125487972904,71.0497559218258,4.155310885193203
185,3,35,20,[   0  444  554  666  736 1046],0.03985125487972904,71.0497559218258,4.155310885193203
186,3,35,40,[   0  444  554  666  736 1046],0.03985125487972904,71.0497559218258,4.155310885193203
187,3,35,60,[   0  444  554  666  736 1046],0.03985125487972904,71.0497559218258,4.155310885193203
188,3,36,0,[   0   45  553  682 1046],0.09096532524575096,126.06530455692756,5.078428866303521
189,3,36,20,[   0   45  553  682 1046],0.09096532524575096,126.06530455692756,5.078428866303521
190,3,36,40,[   0   45  553  682 1046],0.09096532524575096,126.06530455692756,5.078428866303521
191,3,36,60,[   0  553  682 1046],0.09096532524575096,126.06530455692756,5.078428866303521
192,3,37,0,[   0  556  681  795 1046],0.11946405255730062,98.85960541522088,2.6093137148364125
193,3,37,20,[   0  556  681  795 1046],0.11946405255730062,98.85960541522088,2.6093137148364125
194,3,37,40,[   0  556  681  795 1046],0.11946405255730062,98.85960541522088,2.6093137148364125
195,3,37,60,[   0  556  681  795 1046],0.11946405255730062,98.85960541522088,2.6093137148364125
196,3,38,0,[   0  538  708  795 1046],0.12125895511721367,107.13961378230266,3.0368281258895493
197,3,38,20,[   0  538  708  795 1046],0.12125895511721367,107.13961378230266,3.0368281258895493
198,3,38,40,[   0  538  708  795 1046],0.12125895511721367,107.13961378230266,3.0368281258895493
199,3,38,60,[   0  538  708  795 1046],0.12125895511721367,107.13961378230266,3.0368281258895493
200,3,39,0,[   0  444  554  667  736 1046],0.03992799893612745,70.90740223393858,4.142556836278575
201,3,39,20,[   0  444  554  667  736 1046],0.03992799893612745,70.90740223393858,4.142556836278575
202,3,39,40,[   0  444  554  667  736 1046],0.03992799893612745,70.90740223393858,4.142556836278575
203,3,39,60,[   0  444  554  667  736 1046],0.03992799893612745,70.90740223393858,4.142556836278575
204,3,40,0,[   0  495  708  795 1046],0.11232870278635355,105.2103089054644,2.8306904912931814
205,3,40,20,[   0  495  708  795 1046],0.11232870278635355,105.2103089054644,2.8306904912931814
206,3,40,40,[   0  495  708  795 1046],0.11232870278635355,105.2103089054644,2.8306904912931814
207,3,40,60,[   0  495  708  795 1046],0.11232870278635355,105.2103089054644,2.8306904912931814
208,3,41,0,[   0  185  736  795 1046],0.08993568751535487,112.3984495257187,3.6382770213806137
209,3,41,20,[   0  185  736  795 1046],0.08993568751535487,112.3984495257187,3.6382770213806137
210,3,41,40,[   0  185  736  795 1046],0.08993568751535487,112.3984495257187,3.6382770213806137
211,3,41,60,[   0  185 1046],0.08993568751535487,112.3984495257187,3.6382770213806137
212,3,42,0,[   0  116  617  795 1046],0.018945502672437508,65.19792185291064,3.4480972688976474
213,3,42,20,[   0  116  617  795 1046],0.018945502672437508,65.19792185291064,3.4480972688976474
214,3,42,40,[   0  116  617  795 1046],0.018945502672437508,65.19792185291064,3.4480972688976474
215,3,42,60,[   0  116  617  795 1046],0.018945502672437508,65.19792185291064,3.4480972688976474
216,3,43,0,[   0   92  206  291 1046],0.11100282655818831,155.52837791463742,2.030315678297012
217,3,43,20,[   0   92  206  291 1046],0.11100282655818831,155.52837791463742,2.030315678297012
218,3,43,40,[   0   92  206  291 1046],0.11100282655818831,155.52837791463742,2.030315678297012
219,3,43,60,[   0   92  206  291 1046],0.11100282655818831,155.52837791463742,2.030315678297012
220,3,44,0,[   0  342  553  667 1046],0.07370729095158107,120.94372365353276,3.5602377563183283
221,3,44,20,[   0  342  553  667 1046],0.07370729095158107,120.94372365353276,3.5602377563183283
222,3,44,40,[   0  342  553  667 1046],0.07370729095158107,120.94372365353276,3.5602377563183283
223,3,44,60,[   0  342  553  667 1046],0.07370729095158107,120.94372365353276,3.5602377563183283
224,3,45,0,[   0  538  708  795 1046],0.1136970224097656,103.51155963633708,2.7913931364510063
225,3,45,20,[   0  538  708  795 1046],0.1136970224097656,103.51155963633708,2.7913931364510063
226,3,45,40,[   0  538  708  795 1046],0.1136970224097656,103.51155963633708,2.7913931364510063
227,3,45,60,[   0  538  708  795 1046],0.1136970224097656,103.51155963633708,2.7913931364510063
228,3,46,0,[   0  342  736  795 1046],0.09595039274346018,115.15728624227562,3.630939382895994
229,3,46,20,[   0  342  736  795 1046],0.09595039274346018,115.15728624227562,3.630939382895994
230,3,46,40,[   0  342  736  795 1046],0.09595039274346018,115.15728624227562,3.630939382895994
231,3,46,60,[   0  342 1046],0.09595039274346018,115.15728624227562,3.630939382895994
232,3,47,0,[   0  556  681  795 1046],0.10734860438536716,92.30701835228285,2.30747632439707
233,3,47,20,[   0  556  681  795 1046],0.10734860438536716,92.30701835228285,2.30747632439707
234,3,47,40,[   0  556  681  795 1046],0.10734860438536716,92.30701835228285,2.30747632439707
235,3,47,60,[   0  556  681  795 1046],0.10734860438536716,92.30701835228285,2.30747632439707
236,3,48,0,[   0   52  552  682 1046],0.12574829000994917,94.89332615233752,3.8491578842571244
237,3,48,20,[   0   52  552  682 1046],0.12574829000994917,94.89332615233752,3.8491578842571244
238,3,48,40,[   0   52  552  682 1046],0.12574829000994917,94.89332615233752,3.8491578842571244
239,3,48,60,[   0  552  682 1046],0.12574829000994917,94.89332615233752,3.8491578842571244
240,3,49,0,[   0   52  552  795 1046],0.013367244694285496,78.30132408360768,2.647049288935181
241,3,49,20,[   0   52  552  795 1046],0.013367244694285496,78.30132408360768,2.647049288935181
242,3,49,40,[   0   52  552  795 1046],0.013367244694285496,78.30132408360768,2.647049288935181
243,3,49,60,[   0  552  795 1046],0.013367244694285496,78.30132408360768,2.647049288935181
244,3,50,0,[   0  464  710  795 1046],0.11775201381013134,115.5832683850274,3.193495387944019
245,3,50,20,[   0  464  710  795 1046],0.11775201381013134,115.5832683850274,3.193495387944019
246,3,50,40,[   0  464  710  795 1046],0.11775201381013134,115.5832683850274,3.193495387944019
247,3,50,60,[   0  464  710  795 1046],0.11775201381013134,115.5832683850274,3.193495387944019
248,4,20,0,[   0   52  217  416  554  593  731 1046],0.033626722905939585,74.4710090048355,3.5787725821730443
249,4,20,20,[   0   52  217  416  554  593  731 1046],0.033626722905939585,74.4710090048355,3.5787725821730443
250,4,20,40,[   0   52  217  554  731 1046],0.033626722905939585,74.4710090048355,3.5787725821730443
251,4,20,60,[   0  217  554  731 1046],0.033626722905939585,74.4710090048355,3.5787725821730443
252,4,21,0,[   0   45  217  487  554  682  888 1046],0.0375519684934717,80.29907748275336,2.9416397798992633
253,4,21,20,[   0   45  217  487  554  682  888 1046],0.0375519684934717,80.29907748275336,2.9416397798992633
254,4,21,40,[   0   45  217  487  554  682  888 1046],0.0375519684934717,80.29907748275336,2.9416397798992633
255,4,21,60,[   0  217  487  554  682  888 1046],0.0375519684934717,80.29907748275336,2.9416397798992633
256,4,22,0,[   0   91  217  554  667  801 1046],0.039366157427841206,75.56712225201017,3.4184524437840893
257,4,22,20,[   0   91  217  554  667  801 1046],0.039366157427841206,75.56712225201017,3.4184524437840893
258,4,22,40,[   0   91  217  554  667  801 1046],0.039366157427841206,75.56712225201017,3.4184524437840893
259,4,22,60,[   0   91  217  554  667  801 1046],0.039366157427841206,75.56712225201017,3.4184524437840893
260,4,23,0,[   0   45  294  554  681 1046],0.03253514794027592,75.63719232480352,3.204023311000991
261,4,23,20,[   0   45  294  554  681 1046],0.03253514794027592,75.63719232480352,3.204023311000991
262,4,23,40,[   0   45  294  554  681 1046],0.03253514794027592,75.63719232480352,3.204023311000991
263,4,23,60,[   0  294  554  681 1046],0.03253514794027592,75.63719232480352,3.204023311000991
264,4,24,0,[   0   91  552  667  829 1046],0.015817869750645287,85.88607439914962,4.742139498212347
265,4,24,20,[   0   91  552  667  829 1046],0.015817869750645287,85.88607439914962,4.742139498212347
266,4,24,40,[   0   91  552  667  829 1046],0.015817869750645287,85.88607439914962,4.742139498212347
267,4,24,60,[   0   91  552  667  829 1046],0.015817869750645287,85.88607439914962,4.742139498212347
268,4,25,0,[   0   91  217  552  683  888 1046],0.060945523029492535,91.65021482037793,3.797976623161957
269,4,25,20,[   0   91  217  552  683  888 1046],0.060945523029492535,91.65021482037793,3.797976623161957
270,4,25,40,[   0   91  217  552  683  888 1046],0.060945523029492535,91.65021482037793,3.797976623161957
271,4,25,60,[   0   91  217  552  683  888 1046],0.060945523029492535,91.65021482037793,3.797976623161957
272,4,26,0,[   0   91  217  554  667 1046],0.06426630921666067,97.3858634593607,4.3907482793178305
273,4,26,20,[   0   91  217  554  667 1046],0.06426630921666067,97.3858634593607,4.3907482793178305
274,4,26,40,[   0   91  217  554  667 1046],0.06426630921666067,97.3858634593607,4.3907482793178305
275,4,26,60,[   0   91  217  554  667 1046],0.06426630921666067,97.3858634593607,4.3907482793178305
276,4,27,0,[   0   91  217  503  708  829 1046],0.06975271733664933,106.3411203144549,2.783048112043849
277,4,27,20,[   0   91  217  503  708  829 1046],0.06975271733664933,106.3411203144549,2.783048112043849
278,4,27,40,[   0   91  217  503  708  829 1046],0.06975271733664933,106.3411203144549,2.783048112043849
279,4,27,60,[   0   91  217  503  708  829 1046],0.06975271733664933,106.3411203144549,2.783048112043849
280,4,28,0,[   0  503  708  829 1046],0.019464845416283766,83.56698848281346,4.409269369096281
281,4,28,20,[   0  503  708  829 1046],0.019464845416283766,83.56698848281346,4.409269369096281
282,4,28,40,[   0  503  708  829 1046],0.019464845416283766,83.56698848281346,4.409269369096281
283,4,28,60,[   0  503  708  829 1046],0.019464845416283766,83.56698848281346,4.409269369096281
284,4,29,0,[   0  210  554  667 1046],0.06337922338222111,116.74777793551749,4.6898143586533285
285,4,29,20,[   0  210  554  667 1046],0.06337922338222111,116.74777793551749,4.6898143586533285
286,4,29,40,[   0  210  554  667 1046],0.06337922338222111,116.74777793551749,4.6898143586533285
287,4,29,60,[   0  210  554  667 1046],0.06337922338222111,116.74777793551749,4.6898143586533285
288,4,30,0,[   0  180  554  666  795 1046],0.016460965809849848,83.41391487089842,4.797927890092948
289,4,30,20,[   0  180  554  666  795 1046],0.016460965809849848,83.41391487089842,4.797927890092948
290,4,30,40,[   0  180  554  666  795 1046],0.016460965809849848,83.41391487089842,4.797927890092948
291,4,30,60,[   0  180  554  666  795 1046],0.016460965809849848,83.41391487089842,4.797927890092948
292,4,31,0,[   0  210  553  682 1046],0.049735321183150744,100.50554228944272,3.7692534108586018
293,4,31,20,[   0  210  553  682 1046],0.049735321183150744,100.50554228944272,3.7692534108586018
294,4,31,40,[   0  210  553  682 1046],0.049735321183150744,100.50554228944272,3.7692534108586018
295,4,31,60,[   0  210  553  682 1046],0.049735321183150744,100.50554228944272,3.7692534108586018
296,4,32,0,[   0  186  556  681  795 1046],0.07184737717141208,97.91065352567678,2.682591788687012
297,4,32,20,[   0  186  556  681  795 1046],0.07184737717141208,97.91065352567678,2.682591788687012
298,4,32,40,[   0  186  556  681  795 1046],0.07184737717141208,97.91065352567678,2.682591788687012
299,4,32,60,[   0  186  556  681  795 1046],0.07184737717141208,97.91065352567678,2.682591788687012
300,4,33,0,[   0  444  554  666  789 1046],0.023559431610932786,85.50096504924964,4.550946643492405
301,4,33,20,[   0  444  554  666  789 1046],0.023559431610932786,85.50096504924964,4.550946643492405
302,4,33,40,[   0  444  554  666  789 1046],0.023559431610932786,85.50096504924964,4.550946643492405
303,4,33,60,[   0  444  554  666  789 1046],0.023559431610932786,85.50096504924964,4.550946643492405
304,4,34,0,[   0   45  277  554  667 1046],0.05159937537218614,108.86447913635864,4.184524908736377
305,4,34,20,[   0   45  277  554  667 1046],0.05159937537218614,108.86447913635864,4.184524908736377
306,4,34,40,[   0   45  277  554  667 1046],0.05159937537218614,108.86447913635864,4.184524908736377
307,4,34,60,[   0  277  554  667 1046],0.05159937537218614,108.86447913635864,4.184524908736377
308,4,35,0,[   0  444  554  666  795 1046],0.021229862512604527,86.18712722449885,4.524901861147744
309,4,35,20,[   0  444  554  666  795 1046],0.021229862512604527,86.18712722449885,4.524901861147744
310,4,35,40,[   0  444  554  666  795 1046],0.021229862512604527,86.18712722449885,4.524901861147744
311,4,35,60,[   0  444  554  666  795 1046],0.021229862512604527,86.18712722449885,4.524901861147744
312,4,36,0,[   0   45  186  277  553  682 1046],0.055659509468910524,112.53915801864154,4.348254042056643
313,4,36,20,[   0   45  186  277  553  682 1046],0.055659509468910524,112.53915801864154,4.348254042056643
314,4,36,40,[   0   45  186  277  553  682 1046],0.055659509468910524,112.53915801864154,4.348254042056643
315,4,36,60,[   0  186  553  682 1046],0.055659509468910524,112.53915801864154,4.348254042056643
316,4,37,0,[   0   71  277  556  681  795 1046],0.07819271063676486,101.11738524691289,2.7197698173596008
317,4,37,20,[   0   71  277  556  681  795 1046],0.07819271063676486,101.11738524691289,2.7197698173596008
318,4,37,40,[   0   71  277  556  681  795 1046],0.07819271063676486,101.11738524691289,2.7197698173596008
319,4,37,60,[   0   71  277  556  681  795 1046],0.07819271063676486,101.11738524691289,2.7197698173596008
320,4,38,0,[   0   71  291  538  708  795 1046],0.07004568242096258,109.5887467944974,3.016350101731625
321,4,38,20,[   0   71  291  538  708  795 1046],0.07004568242096258,109.5887467944974,3.016350101731625
322,4,38,40,[   0   71  291  538  708  795 1046],0.07004568242096258,109.5887467944974,3.016350101731625
323,4,38,60,[   0   71  291  538  708  795 1046],0.07004568242096258,109.5887467944974,3.016350101731625
324,4,39,0,[   0  444  554  667  795 1046],0.022092927944294682,86.98411449140663,4.527308183172298
325,4,39,20,[   0  444  554  667  795 1046],0.022092927944294682,86.98411449140663,4.527308183172298
326,4,39,40,[   0  444  554  667  795 1046],0.022092927944294682,86.98411449140663,4.527308183172298
327,4,39,60,[   0  444  554  667  795 1046],0.022092927944294682,86.98411449140663,4.527308183172298
328,4,40,0,[   0  288  495  708  795 1046],0.0788529293027651,101.16700512016914,2.602561604902961
329,4,40,20,[   0  288  495  708  795 1046],0.0788529293027651,101.16700512016914,2.602561604902961
330,4,40,40,[   0  288  495  708  795 1046],0.0788529293027651,101.16700512016914,2.602561604902961
331,4,40,60,[   0  288  495  708  795 1046],0.0788529293027651,101.16700512016914,2.602561604902961
332,4,41,0,[   0   92  185  296  736  795 1046],0.07888648221987898,116.92643848428717,3.3569356907877053
333,4,41,20,[   0   92  185  296  736  795 1046],0.07888648221987898,116.92643848428717,3.3569356907877053
334,4,41,40,[   0   92  185  296  736  795 1046],0.07888648221987898,116.92643848428717,3.3569356907877053
335,4,41,60,[   0   92  185  296  795 1046],0.07888648221987898,116.92643848428717,3.3569356907877053
336,4,42,0,[   0  116  617  667  795 1046],0.01582718741128322,83.35940292405907,4.343447049823408
337,4,42,20,[   0  116  617  667  795 1046],0.01582718741128322,83.35940292405907,4.343447049823408
338,4,42,40,[   0  116  617  667  795 1046],0.01582718741128322,83.35940292405907,4.343447049823408
339,4,42,60,[   0  116  617  795 1046],0.01582718741128322,83.35940292405907,4.343447049823408
340,4,43,0,[   0   92  206  538  708 1046],0.08275001553196457,121.2455513656844,2.165342884523322
341,4,43,20,[   0   92  206  538  708 1046],0.08275001553196457,121.2455513656844,2.165342884523322
342,4,43,40,[   0   92  206  538  708 1046],0.08275001553196457,121.2455513656844,2.165342884523322
343,4,43,60,[   0   92  206  538  708 1046],0.08275001553196457,121.2455513656844,2.165342884523322
344,4,44,0,[   0   92  296  553  667 1046],0.07747461375468762,114.42009957607503,5.0695198818851495
345,4,44,20,[   0   92  296  553  667 1046],0.07747461375468762,114.42009957607503,5.0695198818851495
346,4,44,40,[   0   92  296  553  667 1046],0.07747461375468762,114.42009957607503,5.0695198818851495
347,4,44,60,[   0   92  296  553  667 1046],0.07747461375468762,114.42009957607503,5.0695198818851495
348,4,45,0,[   0   92  291  538  708  795 1046],0.07852437002710866,106.89121486652229,2.8460834880576047
349,4,45,20,[   0   92  291  538  708  795 1046],0.07852437002710866,106.89121486652229,2.8460834880576047
350,4,45,40,[   0   92  291  538  708  795 1046],0.07852437002710866,106.89121486652229,2.8460834880576047
351,4,45,60,[   0   92  291  538  708  795 1046],0.07852437002710866,106.89121486652229,2.8460834880576047
352,4,46,0,[   0   52  291  342  736  795 1046],0.07948310954767593,122.11733635536882,3.2154282905125373
353,4,46,20,[   0   52  291  342  736  795 1046],0.07948310954767593,122.11733635536882,3.2154282905125373
354,4,46,40,[   0   52  291  342  736  795 1046],0.07948310954767593,122.11733635536882,3.2154282905125373
355,4,46,60,[   0  342 1046],0.07948310954767593,122.11733635536882,3.2154282905125373
356,4,47,0,[   0   52  291  556  681  795 1046],0.06365606097525102,96.9303586601209,2.3722262226392825
357,4,47,20,[   0   52  291  556  681  795 1046],0.06365606097525102,96.9303586601209,2.3722262226392825
358,4,47,40,[   0   52  291  556  681  795 1046],0.06365606097525102,96.9303586601209,2.3722262226392825
359,4,47,60,[   0  291  556  681  795 1046],0.06365606097525102,96.9303586601209,2.3722262226392825
360,4,48,0,[   0   52  186  288  552  682 1046],0.06896342689064969,95.52254677240406,3.501150368953853
361,4,48,20,[   0   52  186  288  552  682 1046],0.06896342689064969,95.52254677240406,3.501150368953853
362,4,48,40,[   0   52  186  288  552  682 1046],0.06896342689064969,95.52254677240406,3.501150368953853
363,4,48,60,[   0  186  552  682 1046],0.06896342689064969,95.52254677240406,3.501150368953853
364,4,49,0,[   0   52  552  667  795 1046],0.018245747732231647,91.02458221291836,4.219367682789404
365,4,49,20,[   0   52  552  667  795 1046],0.018245747732231647,91.02458221291836,4.219367682789404
366,4,49,40,[   0   52  552  667  795 1046],0.018245747732231647,91.02458221291836,4.219367682789404
367,4,49,60,[   0  552  667  795 1046],0.018245747732231647,91.02458221291836,4.219367682789404
368,4,50,0,[   0   52  288  464  710  795 1046],0.08059668548065038,117.7488229352527,2.9769443830162228
369,4,50,20,[   0   52  288  464  710  795 1046],0.08059668548065038,117.7488229352527,2.9769443830162228
370,4,50,40,[   0   52  288  464  710  795 1046],0.08059668548065038,117.7488229352527,2.9769443830162228
371,4,50,60,[   0  288  464  710  795 1046],0.08059668548065038,117.7488229352527,2.9769443830162228
372,5,20,0,[   0   52  217  554  593  731  829 1046],0.028249201161239013,70.17961446799359,4.960223287172654
373,5,20,20,[   0   52  217  554  593  731  829 1046],0.028249201161239013,70.17961446799359,4.960223287172654
374,5,20,40,[   0   52  217  554  731  829 1046],0.028249201161239013,70.17961446799359,4.960223287172654
375,5,20,60,[   0  217  554  731  829 1046],0.028249201161239013,70.17961446799359,4.960223287172654
376,5,21,0,[   0   45  217  487  554  682  888  957 1046],0.04874707628017455,75.5851605353735,2.9723769553024226
377,5,21,20,[   0   45  217  487  554  682  888  957 1046],0.04874707628017455,75.5851605353735,2.9723769553024226
378,5,21,40,[   0   45  217  487  554  682  888  957 1046],0.04874707628017455,75.5851605353735,2.9723769553024226
379,5,21,60,[   0  217  487  554  682  888  957 1046],0.04874707628017455,75.5851605353735,2.9723769553024226
380,5,22,0,[   0   91  217  554  667  829 1046],0.033768738296989106,75.40795790830522,6.284024492650973
381,5,22,20,[   0   91  217  554  667  829 1046],0.033768738296989106,75.40795790830522,6.284024492650973
382,5,22,40,[   0   91  217  554  667  829 1046],0.033768738296989106,75.40795790830522,6.284024492650973
383,5,22,60,[   0   91  217  554  667  829 1046],0.033768738296989106,75.40795790830522,6.284024492650973
384,5,23,0,[   0   45  294  554  681  829 1046],0.030868260677449664,71.63709355727856,4.221427247860015
385,5,23,20,[   0   45  294  554  681  829 1046],0.030868260677449664,71.63709355727856,4.221427247860015
386,5,23,40,[   0   45  294  554  681  829 1046],0.030868260677449664,71.63709355727856,4.221427247860015
387,5,23,60,[   0  294  554  681  829 1046],0.030868260677449664,71.63709355727856,4.221427247860015
388,5,24,0,[   0   91  217  552  667  829 1046],0.03344802804670519,90.75811387065826,4.572480742453273
389,5,24,20,[   0   91  217  552  667  829 1046],0.03344802804670519,90.75811387065826,4.572480742453273
390,5,24,40,[   0   91  217  552  667  829 1046],0.03344802804670519,90.75811387065826,4.572480742453273
391,5,24,60,[   0   91  217  552  667  829 1046],0.03344802804670519,90.75811387065826,4.572480742453273
392,5,25,0,[   0   91  217  556  681  888 1046],0.05654119014737976,89.68435259928569,3.463371243818879
393,5,25,20,[   0   91  217  556  681  888 1046],0.05654119014737976,89.68435259928569,3.463371243818879
394,5,25,40,[   0   91  217  556  681  888 1046],0.05654119014737976,89.68435259928569,3.463371243818879
395,5,25,60,[   0   91  217  556  681  888 1046],0.05654119014737976,89.68435259928569,3.463371243818879
396,5,26,0,[   0   91  217  554  667  931  957 1046],0.07749069291200686,92.59867666816987,4.555197166135135
397,5,26,20,[   0   91  217  554  667  931  957 1046],0.07749069291200686,92.59867666816987,4.555197166135135
398,5,26,40,[   0   91  217  554  667 1046],0.07749069291200686,92.59867666816987,4.555197166135135
399,5,26,60,[   0   91  217  554  667 1046],0.07749069291200686,92.59867666816987,4.555197166135135
400,5,27,0,[   0   91  217  503  708  829 1046],0.0594265040631571,101.95412925903321,2.6549758872845044
401,5,27,20,[   0   91  217  503  708  829 1046],0.0594265040631571,101.95412925903321,2.6549758872845044
402,5,27,40,[   0   91  217  503  708  829 1046],0.0594265040631571,101.95412925903321,2.6549758872845044
403,5,27,60,[   0   91  217  503  708  829 1046],0.0594265040631571,101.95412925903321,2.6549758872845044
404,5,28,0,[   0   52  486  503  652  708  829 1046],0.0281979925107565,87.96601549263664,3.6417197222346767
405,5,28,20,[   0   52  486  708  829 1046],0.0281979925107565,87.96601549263664,3.6417197222346767
406,5,28,40,[   0   52  486  708  829 1046],0.0281979925107565,87.96601549263664,3.6417197222346767
407,5,28,60,[   0  486  708  829 1046],0.0281979925107565,87.96601549263664,3.6417197222346767
408,5,29,0,[   0   92  210  486  554  667 1046],0.056462812749694516,102.58900232236442,3.5109644026853886
409,5,29,20,[   0   92  210  486  554  667 1046],0.056462812749694516,102.58900232236442,3.5109644026853886
410,5,29,40,[   0   92  210  486  554  667 1046],0.056462812749694516,102.58900232236442,3.5109644026853886
411,5,29,60,[   0   92  210  486  554  667 1046],0.056462812749694516,102.58900232236442,3.5109644026853886
412,5,30,0,[   0   81  232  554  666  795 1046],0.028898892057180534,88.78608481649191,5.43335975139559
413,5,30,20,[   0   81  232  554  666  795 1046],0.028898892057180534,88.78608481649191,5.43335975139559
414,5,30,40,[   0   81  232  554  666  795 1046],0.028898892057180534,88.78608481649191,5.43335975139559
415,5,30,60,[   0   81  232  554  666  795 1046],0.028898892057180534,88.78608481649191,5.43335975139559
416,5,31,0,[   0  210  553  682 1046],0.045240071441972944,91.31929044832678,3.3720144795901335
417,5,31,20,[   0  210  553  682 1046],0.045240071441972944,91.31929044832678,3.3720144795901335
418,5,31,40,[   0  210  553  682 1046],0.045240071441972944,91.31929044832678,3.3720144795901335
419,5,31,60,[   0  210  553  682 1046],0.045240071441972944,91.31929044832678,3.3720144795901335
420,5,32,0,[   0  186  486  556  681  795 1046],0.04973319699967479,91.12415339155693,2.5370693953140337
421,5,32,20,[   0  186  486  556  681  795 1046],0.04973319699967479,91.12415339155693,2.5370693953140337
422,5,32,40,[   0  186  486  556  681  795 1046],0.04973319699967479,91.12415339155693,2.5370693953140337
423,5,32,60,[   0  186  486  556  681  795 1046],0.04973319699967479,91.12415339155693,2.5370693953140337
424,5,33,0,[   0   45  277  554  666  789 1046],0.02939778428736691,88.47782686519881,4.952763802682794
425,5,33,20,[   0   45  277  554  666  789 1046],0.02939778428736691,88.47782686519881,4.952763802682794
426,5,33,40,[   0   45  277  554  666  789 1046],0.02939778428736691,88.47782686519881,4.952763802682794
427,5,33,60,[   0  277  554  666  789 1046],0.02939778428736691,88.47782686519881,4.952763802682794
428,5,34,0,[   0   45  180  277  486  554  667 1046],0.04366819143680494,97.69464660183594,3.350568377895202
429,5,34,20,[   0   45  180  277  486  554  667 1046],0.04366819143680494,97.69464660183594,3.350568377895202
430,5,34,40,[   0   45  180  277  486  554  667 1046],0.04366819143680494,97.69464660183594,3.350568377895202
431,5,34,60,[   0  180  277  486  554  667 1046],0.04366819143680494,97.69464660183594,3.350568377895202
432,5,35,0,[   0   52  277  554  666  795 1046],0.03245151490846193,91.18125452780788,5.356940899265823
433,5,35,20,[   0   52  277  554  666  795 1046],0.03245151490846193,91.18125452780788,5.356940899265823
434,5,35,40,[   0   52  277  554  666  795 1046],0.03245151490846193,91.18125452780788,5.356940899265823
435,5,35,60,[   0  277  554  666  795 1046],0.03245151490846193,91.18125452780788,5.356940899265823
436,5,36,0,[   0   45  186  277  495  553  682  731 1046],0.04307248968490195,98.85416878983989,4.138386733645014
437,5,36,20,[   0   45  186  277  495  553  682  731 1046],0.04307248968490195,98.85416878983989,4.138386733645014
438,5,36,40,[   0   45  186  277  495  553  682  731 1046],0.04307248968490195,98.85416878983989,4.138386733645014
439,5,36,60,[   0  186  553  682 1046],0.04307248968490195,98.85416878983989,4.138386733645014
440,5,37,0,[   0  192  556  681  795 1046],0.053935332189986335,94.42274662053386,2.5877382825757897
441,5,37,20,[   0  192  556  681  795 1046],0.053935332189986335,94.42274662053386,2.5877382825757897
442,5,37,40,[   0  192  556  681  795 1046],0.053935332189986335,94.42274662053386,2.5877382825757897
443,5,37,60,[   0  192  556  681  795 1046],0.053935332189986335,94.42274662053386,2.5877382825757897
444,5,38,0,[   0   92  291  522  708  795 1046],0.05640156055237917,100.86467076899302,2.9660580322246526
445,5,38,20,[   0   92  291  522  708  795 1046],0.05640156055237917,100.86467076899302,2.9660580322246526
446,5,38,40,[   0   92  291  522  708  795 1046],0.05640156055237917,100.86467076899302,2.9660580322246526
447,5,38,60,[   0   92  291  522  708  795 1046],0.05640156055237917,100.86467076899302,2.9660580322246526
448,5,39,0,[   0   71  277  554  667  795 1046],0.03177951672702519,89.56835388253343,5.176377498388742
449,5,39,20,[   0   71  277  554  667  795 1046],0.03177951672702519,89.56835388253343,5.176377498388742
450,5,39,40,[   0   71  277  554  667  795 1046],0.03177951672702519,89.56835388253343,5.176377498388742
451,5,39,60,[   0   71  277  554  667  795 1046],0.03177951672702519,89.56835388253343,5.176377498388742
452,5,40,0,[   0   71  288  495  552  708  795 1046],0.04925116050983255,94.22454474797422,2.898653783998809
453,5,40,20,[   0   71  288  495  552  708  795 1046],0.04925116050983255,94.22454474797422,2.898653783998809
454,5,40,40,[   0   71  288  495  552  708  795 1046],0.04925116050983255,94.22454474797422,2.898653783998809
455,5,40,60,[   0   71  288  552  708  795 1046],0.04925116050983255,94.22454474797422,2.898653783998809
456,5,41,0,[   0   92  186  296  522  736  795 1046],0.053366838018883686,101.7499209076047,3.211869830634052
457,5,41,20,[   0   92  186  296  522  736  795 1046],0.053366838018883686,101.7499209076047,3.211869830634052
458,5,41,40,[   0   92  186  296  522  736  795 1046],0.053366838018883686,101.7499209076047,3.211869830634052
459,5,41,60,[   0   92  186  296  522  736 1046],0.053366838018883686,101.7499209076047,3.211869830634052
460,5,42,0,[   0  116  291  617  667  795 1046],0.03333819248523406,90.50377270443754,4.77514598517365
461,5,42,20,[   0  116  291  617  667  795 1046],0.03333819248523406,90.50377270443754,4.77514598517365
462,5,42,40,[   0  116  291  617  667  795 1046],0.03333819248523406,90.50377270443754,4.77514598517365
463,5,42,60,[   0  116  291  667  795 1046],0.03333819248523406,90.50377270443754,4.77514598517365
464,5,43,0,[   0  111  206  291  478  538  708 1046],0.06853764551138718,104.7908892466841,2.1436708442157633
465,5,43,20,[   0  111  206  291  478  538  708 1046],0.06853764551138718,104.7908892466841,2.1436708442157633
466,5,43,40,[   0  111  206  291  478  538  708 1046],0.06853764551138718,104.7908892466841,2.1436708442157633
467,5,43,60,[   0  111  206  538  708 1046],0.06853764551138718,104.7908892466841,2.1436708442157633
468,5,44,0,[   0   92  170  342  553  667 1046],0.05028044091122881,100.76919737260738,3.3710849962832676
469,5,44,20,[   0   92  170  342  553  667 1046],0.05028044091122881,100.76919737260738,3.3710849962832676
470,5,44,40,[   0   92  170  342  553  667 1046],0.05028044091122881,100.76919737260738,3.3710849962832676
471,5,44,60,[   0   92  170  342  553  667 1046],0.05028044091122881,100.76919737260738,3.3710849962832676
472,5,45,0,[   0   92  291  552  708  795 1046],0.05539266122165317,97.97736750946316,2.7054837167461594
473,5,45,20,[   0   92  291  552  708  795 1046],0.05539266122165317,97.97736750946316,2.7054837167461594
474,5,45,40,[   0   92  291  552  708  795 1046],0.05539266122165317,97.97736750946316,2.7054837167461594
475,5,45,60,[   0   92  291  552  708  795 1046],0.05539266122165317,97.97736750946316,2.7054837167461594
476,5,46,0,[   0   52  170  342  552  736  795 1046],0.06040368284779936,108.54364733093895,3.2420212016903642
477,5,46,20,[   0   52  170  342  552  736  795 1046],0.06040368284779936,108.54364733093895,3.2420212016903642
478,5,46,40,[   0   52  170  342  552  736  795 1046],0.06040368284779936,108.54364733093895,3.2420212016903642
479,5,46,60,[   0  170  342  552  736 1046],0.06040368284779936,108.54364733093895,3.2420212016903642
480,5,47,0,[   0   52  186  291  556  681  795 1046],0.05168651326027525,95.59655624183948,2.476866316713541
481,5,47,20,[   0   52  186  291  556  681  795 1046],0.05168651326027525,95.59655624183948,2.476866316713541
482,5,47,40,[   0   52  186  291  556  681  795 1046],0.05168651326027525,95.59655624183948,2.476866316713541
483,5,47,60,[   0  186  556  681  795 1046],0.05168651326027525,95.59655624183948,2.476866316713541
484,5,48,0,[   0   52  186  288  556  682 1046],0.07100445071245218,97.19057879942883,3.100944302694559
485,5,48,20,[   0   52  186  288  556  682 1046],0.07100445071245218,97.19057879942883,3.100944302694559
486,5,48,40,[   0   52  186  288  556  682 1046],0.07100445071245218,97.19057879942883,3.100944302694559
487,5,48,60,[   0  186  556  682 1046],0.07100445071245218,97.19057879942883,3.100944302694559
488,5,49,0,[   0   52  186  288  552  667  795 1046],0.03661821955704124,94.7802591419878,4.12252067622932
489,5,49,20,[   0   52  186  288  552  667  795 1046],0.03661821955704124,94.7802591419878,4.12252067622932
490,5,49,40,[   0   52  186  288  552  667  795 1046],0.03661821955704124,94.7802591419878,4.12252067622932
491,5,49,60,[   0  186  552  667  795 1046],0.03661821955704124,94.7802591419878,4.12252067622932
492,5,50,0,[   0  116  288  464  552  710  795 1046],0.05987228432773657,107.02465205818703,3.1119492738352306
493,5,50,20,[   0  116  288  464  552  710  795 1046],0.05987228432773657,107.02465205818703,3.1119492738352306
494,5,50,40,[   0  116  288  464  552  710  795 1046],0.05987228432773657,107.02465205818703,3.1119492738352306
495,5,50,60,[   0  116  288  464  552  710  795 1046],0.05987228432773657,107.02465205818703,3.1119492738352306
496,6,20,0,[   0   52  217  554  593  731  829  931  957 1046],0.026486933468584377,71.56099676979441,4.843144586376483
497,6,20,20,[   0   52  217  554  593  731  829  931  957 1046],0.026486933468584377,71.56099676979441,4.843144586376483
498,6,20,40,[   0   52  217  554  731  829  957 1046],0.026486933468584377,71.56099676979441,4.843144586376483
499,6,20,60,[   0  217  554  731  829  957 1046],0.026486933468584377,71.56099676979441,4.843144586376483
500,6,21,0,[   0   91  217  487  554  682  888  957 1046],0.04802141485581639,72.65091931746868,2.9574052130306137
501,6,21,20,[   0   91  217  487  554  682  888  957 1046],0.04802141485581639,72.65091931746868,2.9574052130306137
502,6,21,40,[   0   91  217  487  554  682  888  957 1046],0.04802141485581639,72.65091931746868,2.9574052130306137
503,6,21,60,[   0   91  217  487  554  682  888  957 1046],0.04802141485581639,72.65091931746868,2.9574052130306137
504,6,22,0,[   0   91  217  556  681  829 1046],0.02768093780350537,73.7799385064233,5.469411085126448
505,6,22,20,[   0   91  217  556  681  829 1046],0.02768093780350537,73.7799385064233,5.469411085126448
506,6,22,40,[   0   91  217  556  681  829 1046],0.02768093780350537,73.7799385064233,5.469411085126448
507,6,22,60,[   0   91  217  556  681  829 1046],0.02768093780350537,73.7799385064233,5.469411085126448
508,6,23,0,[   0   45  294  554  681  829  931  957 1046],0.02893528609942601,72.88109790834261,4.573606605282781
509,6,23,20,[   0   45  294  554  681  829  931  957 1046],0.02893528609942601,72.88109790834261,4.573606605282781
510,6,23,40,[   0   45  294  554  681  829  957 1046],0.02893528609942601,72.88109790834261,4.573606605282781
511,6,23,60,[   0  294  554  681  829 1046],0.02893528609942601,72.88109790834261,4.573606605282781
512,6,24,0,[   0   91  186  217  552  559  667  681  801  829 1046],0.037054104731908795,88.36313617580602,3.919017270975386
513,6,24,20,[   0   91  217  552  681  829 1046],0.037054104731908795,88.36313617580602,3.919017270975386
514,6,24,40,[   0   91  217  552  681  829 1046],0.037054104731908795,88.36313617580602,3.919017270975386
515,6,24,60,[   0   91  217  552  681  829 1046],0.037054104731908795,88.36313617580602,3.919017270975386
516,6,25,0,[   0  217  556  681  842  976 1046],0.04865076961374932,88.49291796048695,3.5621244785549577
517,6,25,20,[   0  217  556  681  842  976 1046],0.04865076961374932,88.49291796048695,3.5621244785549577
518,6,25,40,[   0  217  556  681  842  976 1046],0.04865076961374932,88.49291796048695,3.5621244785549577
519,6,25,60,[   0  217  556  681  842  976 1046],0.04865076961374932,88.49291796048695,3.5621244785549577
520,6,26,0,[   0   91  210  486  554  667  931  957 1046],0.06488614973452903,86.6653808419632,3.57864512354338
521,6,26,20,[   0   91  210  486  554  667  931  957 1046],0.06488614973452903,86.6653808419632,3.57864512354338
522,6,26,40,[   0   91  210  486  554  667  931 1046],0.06488614973452903,86.6653808419632,3.57864512354338
523,6,26,60,[   0   91  210  486  554  667  931 1046],0.06488614973452903,86.6653808419632,3.57864512354338
524,6,27,0,[   0   91  186  217  486  503  667  708  801  829 1046],0.04030872637840657,91.16004912330533,3.310079495339329
525,6,27,20,[   0   91  217  503  667  708  801  829 1046],0.04030872637840657,91.16004912330533,3.310079495339329
526,6,27,40,[   0   91  217  503  667  708  829 1046],0.04030872637840657,91.16004912330533,3.310079495339329
527,6,27,60,[   0   91  217  503  667  829 1046],0.04030872637840657,91.16004912330533,3.310079495339329
528,6,28,0,[   0   52  186  217  486  503  652  708  829 1046],0.033865509439377425,88.32419707318287,3.702073183753646
529,6,28,20,[   0   52  217  503  652  708  829 1046],0.033865509439377425,88.32419707318287,3.702073183753646
530,6,28,40,[   0   52  217  503  652  708  829 1046],0.033865509439377425,88.32419707318287,3.702073183753646
531,6,28,60,[   0  217  503  708  829 1046],0.033865509439377425,88.32419707318287,3.702073183753646
532,6,29,0,[   0   52   92  210  486  554  667  681 1046],0.04753552710397041,94.29019946537221,3.265202127857076
533,6,29,20,[   0   92  210  486  554  681 1046],0.04753552710397041,94.29019946537221,3.265202127857076
534,6,29,40,[   0   92  210  486  554  681 1046],0.04753552710397041,94.29019946537221,3.265202127857076
535,6,29,60,[   0   92  210  486  554  681 1046],0.04753552710397041,94.29019946537221,3.265202127857076
536,6,30,0,[   0   81  232  554  666  795 1046],0.02207316866645398,86.08516387253177,4.06611115722287
537,6,30,20,[   0   81  232  554  666  795 1046],0.02207316866645398,86.08516387253177,4.06611115722287
538,6,30,40,[   0   81  232  554  666  795 1046],0.02207316866645398,86.08516387253177,4.06611115722287
539,6,30,60,[   0   81  232  554  666  795 1046],0.02207316866645398,86.08516387253177,4.06611115722287
540,6,31,0,[   0  210  553  682 1046],0.04586742170379759,84.18648529233535,3.6546390819521424
541,6,31,20,[   0  210  553  682 1046],0.04586742170379759,84.18648529233535,3.6546390819521424
542,6,31,40,[   0  210  553  682 1046],0.04586742170379759,84.18648529233535,3.6546390819521424
543,6,31,60,[   0  210  553  682 1046],0.04586742170379759,84.18648529233535,3.6546390819521424
544,6,32,0,[   0  186  486  556  682  795 1046],0.05381407439566133,85.78470238638205,3.7567071045187093
545,6,32,20,[   0  186  486  556  682  795 1046],0.05381407439566133,85.78470238638205,3.7567071045187093
546,6,32,40,[   0  186  486  556  682  795 1046],0.05381407439566133,85.78470238638205,3.7567071045187093
547,6,32,60,[   0  186  486  556  682  795 1046],0.05381407439566133,85.78470238638205,3.7567071045187093
548,6,33,0,[   0   45  180  277  486  554  666  789 1046],0.028629703421115177,84.82816779392127,4.004459196840746
549,6,33,20,[   0   45  180  277  486  554  666  789 1046],0.028629703421115177,84.82816779392127,4.004459196840746
550,6,33,40,[   0   45  180  277  486  554  666  789 1046],0.028629703421115177,84.82816779392127,4.004459196840746
551,6,33,60,[   0  180  277  486  554  666  789 1046],0.028629703421115177,84.82816779392127,4.004459196840746
552,6,34,0,[   0   45  194  277  486  554  667 1046],0.04459282749009745,90.04695264343916,3.0195632186486527
553,6,34,20,[   0   45  194  277  486  554  667 1046],0.04459282749009745,90.04695264343916,3.0195632186486527
554,6,34,40,[   0   45  194  277  486  554  667 1046],0.04459282749009745,90.04695264343916,3.0195632186486527
555,6,34,60,[   0  194  277  486  554  667 1046],0.04459282749009745,90.04695264343916,3.0195632186486527
556,6,35,0,[   0   52  186  277  486  554  666  795 1046],0.031635050473763915,89.31271975080044,4.017107850042864
557,6,35,20,[   0   52  186  277  486  554  666  795 1046],0.031635050473763915,89.31271975080044,4.017107850042864
558,6,35,40,[   0   52  186  277  486  554  666  795 1046],0.031635050473763915,89.31271975080044,4.017107850042864
559,6,35,60,[   0  186  277  486  554  666  795 1046],0.031635050473763915,89.31271975080044,4.017107850042864
560,6,36,0,[   0   45  186  277  495  553  682  859  971 1046],0.041091568878614496,91.4568878920916,3.694774217186632
561,6,36,20,[   0   45  186  277  495  553  682  859  971 1046],0.041091568878614496,91.4568878920916,3.694774217186632
562,6,36,40,[   0   45  186  277  495  553  682  859  971 1046],0.041091568878614496,91.4568878920916,3.694774217186632
563,6,36,60,[   0  186  553  682  859  971 1046],0.041091568878614496,91.4568878920916,3.694774217186632
564,6,37,0,[   0   71  210  556  681  795 1046],0.04429793781413642,86.92535792956213,2.3658034598167244
565,6,37,20,[   0   71  210  556  681  795 1046],0.04429793781413642,86.92535792956213,2.3658034598167244
566,6,37,40,[   0   71  210  556  681  795 1046],0.04429793781413642,86.92535792956213,2.3658034598167244
567,6,37,60,[   0   71  210  556  681  795 1046],0.04429793781413642,86.92535792956213,2.3658034598167244
568,6,38,0,[   0   92  291  538  682  795  841 1046],0.06096164052868128,93.91820984605286,3.184178445788429
569,6,38,20,[   0   92  291  538  682  795  841 1046],0.06096164052868128,93.91820984605286,3.184178445788429
570,6,38,40,[   0   92  291  538  682  795  841 1046],0.06096164052868128,93.91820984605286,3.184178445788429
571,6,38,60,[   0   92  291  538  682  841 1046],0.06096164052868128,93.91820984605286,3.184178445788429
572,6,39,0,[   0  194  554  667  795 1046],0.023135240371707427,85.87357390632944,3.887705321295854
573,6,39,20,[   0  194  554  667  795 1046],0.023135240371707427,85.87357390632944,3.887705321295854
574,6,39,40,[   0  194  554  667  795 1046],0.023135240371707427,85.87357390632944,3.887705321295854
575,6,39,60,[   0  194  554  667  795 1046],0.023135240371707427,85.87357390632944,3.887705321295854
576,6,40,0,[   0   71  288  495  552  682  795 1002 1046],0.04981055723285217,89.56502882421718,3.154002752299725
577,6,40,20,[   0   71  288  495  552  682  795 1002 1046],0.04981055723285217,89.56502882421718,3.154002752299725
578,6,40,40,[   0   71  288  495  552  682  795 1002 1046],0.04981055723285217,89.56502882421718,3.154002752299725
579,6,40,60,[   0   71  288  552  682  795 1046],0.04981055723285217,89.56502882421718,3.154002752299725
580,6,41,0,[   0   92  296  556  681  795 1046],0.04028246280992509,92.55394198590173,2.675018352489016
581,6,41,20,[   0   92  296  556  681  795 1046],0.04028246280992509,92.55394198590173,2.675018352489016
582,6,41,40,[   0   92  296  556  681  795 1046],0.04028246280992509,92.55394198590173,2.675018352489016
583,6,41,60,[   0   92  296  556  681  795 1046],0.04028246280992509,92.55394198590173,2.675018352489016
584,6,42,0,[   0  116  291  556  681  795 1046],0.02704186725939135,86.7584124056096,4.055747462876293
585,6,42,20,[   0  116  291  556  681  795 1046],0.02704186725939135,86.7584124056096,4.055747462876293
586,6,42,40,[   0  116  291  556  681  795 1046],0.02704186725939135,86.7584124056096,4.055747462876293
587,6,42,60,[   0  116  291  556  681  795 1046],0.02704186725939135,86.7584124056096,4.055747462876293
588,6,43,0,[   0  111  206  291  478  538  708  859  971 1046],0.06259809733283125,95.04312274194977,2.4274978563143694
589,6,43,20,[   0  111  206  291  478  538  708  859  971 1046],0.06259809733283125,95.04312274194977,2.4274978563143694
590,6,43,40,[   0  111  206  291  478  538  708  859  971 1046],0.06259809733283125,95.04312274194977,2.4274978563143694
591,6,43,60,[   0  111  206  538  708  859  971 1046],0.06259809733283125,95.04312274194977,2.4274978563143694
592,6,44,0,[   0   92  170  342  556  681 1046],0.03549322336789769,90.99146391170993,3.3117311667961453
593,6,44,20,[   0   92  170  342  556  681 1046],0.03549322336789769,90.99146391170993,3.3117311667961453
594,6,44,40,[   0   92  170  342  556  681 1046],0.03549322336789769,90.99146391170993,3.3117311667961453
595,6,44,60,[   0   92  170  342  556  681 1046],0.03549322336789769,90.99146391170993,3.3117311667961453
596,6,45,0,[   0   92  291  552  682  795 1046],0.06369859199947718,96.5022536776382,3.502992357953629
597,6,45,20,[   0   92  291  552  682  795 1046],0.06369859199947718,96.5022536776382,3.502992357953629
598,6,45,40,[   0   92  291  552  682  795 1046],0.06369859199947718,96.5022536776382,3.502992357953629
599,6,45,60,[   0   92  291  552  682  795 1046],0.06369859199947718,96.5022536776382,3.502992357953629
600,6,46,0,[   0   52  170  342  552  682  795 1046],0.06662904037913411,102.55682364108154,3.807639703278268
601,6,46,20,[   0   52  170  342  552  682  795 1046],0.06662904037913411,102.55682364108154,3.807639703278268
602,6,46,40,[   0   52  170  342  552  682  795 1046],0.06662904037913411,102.55682364108154,3.807639703278268
603,6,46,60,[   0  170  342  552  682  795 1046],0.06662904037913411,102.55682364108154,3.807639703278268
604,6,47,0,[   0   52  186  291  556  682  795 1046],0.06189798966115888,97.07741958820752,3.234222218241642
605,6,47,20,[   0   52  186  291  556  682  795 1046],0.06189798966115888,97.07741958820752,3.234222218241642
606,6,47,40,[   0   52  186  291  556  682  795 1046],0.06189798966115888,97.07741958820752,3.234222218241642
607,6,47,60,[   0  186  556  682  795 1046],0.06189798966115888,97.07741958820752,3.234222218241642
608,6,48,0,[   0   52  186  288  556  682  795 1046],0.06502194528927256,98.7773620272967,3.159073588598053
609,6,48,20,[   0   52  186  288  556  682  795 1046],0.06502194528927256,98.7773620272967,3.159073588598053
610,6,48,40,[   0   52  186  288  556  682  795 1046],0.06502194528927256,98.7773620272967,3.159073588598053
611,6,48,60,[   0  186  556  682  795 1046],0.06502194528927256,98.7773620272967,3.159073588598053
612,6,49,0,[   0   52  186  288  556  681  795 1046],0.03973088113746892,92.62506152489368,3.5142033892059037
613,6,49,20,[   0   52  186  288  556  681  795 1046],0.03973088113746892,92.62506152489368,3.5142033892059037
614,6,49,40,[   0   52  186  288  556  681  795 1046],0.03973088113746892,92.62506152489368,3.5142033892059037
615,6,49,60,[   0  186  556  681  795 1046],0.03973088113746892,92.62506152489368,3.5142033892059037
616,6,50,0,[   0  116  288  552  682  795 1046],0.06332905996532368,98.91292803957697,3.2369793990151776
617,6,50,20,[   0  116  288  552  682  795 1046],0.06332905996532368,98.91292803957697,3.2369793990151776
618,6,50,40,[   0  116  288  552  682  795 1046],0.06332905996532368,98.91292803957697,3.2369793990151776
619,6,50,60,[   0  116  288  552  682  795 1046],0.06332905996532368,98.91292803957697,3.2369793990151776
620,7,20,0,[   0   91  203  554  593  731  829  931  957 1046],0.028898255482539277,67.77963801849972,4.518183762980815
621,7,20,20,[   0   91  203  554  593  731  829  931  957 1046],0.028898255482539277,67.77963801849972,4.518183762980815
622,7,20,40,[   0   91  203  554  731  829  957 1046],0.028898255482539277,67.77963801849972,4.518183762980815
623,7,20,60,[   0   91  203  554  731  829  957 1046],0.028898255482539277,67.77963801849972,4.518183762980815
624,7,21,0,[   0   91  217  487  554  682  888  957 1046],0.0382932253586829,70.96295329054094,2.853070115328133
625,7,21,20,[   0   91  217  487  554  682  888  957 1046],0.0382932253586829,70.96295329054094,2.853070115328133
626,7,21,40,[   0   91  217  487  554  682  888  957 1046],0.0382932253586829,70.96295329054094,2.853070115328133
627,7,21,60,[   0   91  217  487  554  682  888  957 1046],0.0382932253586829,70.96295329054094,2.853070115328133
628,7,22,0,[   0   91  217  556  681  829  931  957 1046],0.03236630577727584,73.35698063439968,4.488263222824759
629,7,22,20,[   0   91  217  556  681  829  931  957 1046],0.03236630577727584,73.35698063439968,4.488263222824759
630,7,22,40,[   0   91  217  556  681  829  957 1046],0.03236630577727584,73.35698063439968,4.488263222824759
631,7,22,60,[   0   91  217  556  681  829  957 1046],0.03236630577727584,73.35698063439968,4.488263222824759
632,7,23,0,[   0   45  217  554  681  829  931  957 1046],0.012923058116990653,71.74802849844814,4.331233406433361
633,7,23,20,[   0   45  217  554  681  829  931  957 1046],0.012923058116990653,71.74802849844814,4.331233406433361
634,7,23,40,[   0   45  217  554  681  829  957 1046],0.012923058116990653,71.74802849844814,4.331233406433361
635,7,23,60,[   0  217  554  681  829 1046],0.012923058116990653,71.74802849844814,4.331233406433361
636,7,24,0,[   0   91  219  486  559  681  801  829 1046],0.016499171949458605,82.68897190783618,3.161956383901701
637,7,24,20,[   0   91  219  486  559  681  801  829 1046],0.016499171949458605,82.68897190783618,3.161956383901701
638,7,24,40,[   0   91  219  486  559  681  829 1046],0.016499171949458605,82.68897190783618,3.161956383901701
639,7,24,60,[   0   91  219  486  559  681  829 1046],0.016499171949458605,82.68897190783618,3.161956383901701
640,7,25,0,[   0  217  556  681  842  976 1046],0.05372765131993495,82.16126139278644,3.449963598444692
641,7,25,20,[   0  217  556  681  842  976 1046],0.05372765131993495,82.16126139278644,3.449963598444692
642,7,25,40,[   0  217  556  681  842  976 1046],0.05372765131993495,82.16126139278644,3.449963598444692
643,7,25,60,[   0  217  556  681  842  976 1046],0.05372765131993495,82.16126139278644,3.449963598444692
644,7,26,0,[   0   91  210  486  556  681  931  957 1046],0.05347547301426209,82.1924700805507,3.4464116719457665
645,7,26,20,[   0   91  210  486  556  681  931  957 1046],0.05347547301426209,82.1924700805507,3.4464116719457665
646,7,26,40,[   0   91  210  486  556  681  931 1046],0.05347547301426209,82.1924700805507,3.4464116719457665
647,7,26,60,[   0   91  210  486  556  681  931 1046],0.05347547301426209,82.1924700805507,3.4464116719457665
648,7,27,0,[   0   91  186  210  486  503  554  667  708  801  829 1046],0.019231691087835876,84.4424768882961,3.7836991890313336
649,7,27,20,[   0   91  210  486  554  667  708  801  829 1046],0.019231691087835876,84.4424768882961,3.7836991890313336
650,7,27,40,[   0   91  210  486  554  667  708  829 1046],0.019231691087835876,84.4424768882961,3.7836991890313336
651,7,27,60,[   0   91  210  486  554  667  829 1046],0.019231691087835876,84.4424768882961,3.7836991890313336
652,7,28,0,[   0   52  140  217  231  486  503  617  652  708  829 1046],0.031626569621913105,81.3025662985316,3.4100101523785216
653,7,28,20,[   0  140  231  503  652  708  829 1046],0.031626569621913105,81.3025662985316,3.4100101523785216
654,7,28,40,[   0  140  231  503  652  708  829 1046],0.031626569621913105,81.3025662985316,3.4100101523785216
655,7,28,60,[   0  140  231  503  708  829 1046],0.031626569621913105,81.3025662985316,3.4100101523785216
656,7,29,0,[   0   92  210  486  554  681  859  976 1046],0.04864108381356068,88.24684593019298,3.4728287660354185
657,7,29,20,[   0   92  210  486  554  681  859  976 1046],0.04864108381356068,88.24684593019298,3.4728287660354185
658,7,29,40,[   0   92  210  486  554  681  859  976 1046],0.04864108381356068,88.24684593019298,3.4728287660354185
659,7,29,60,[   0   92  210  486  554  681  859  976 1046],0.04864108381356068,88.24684593019298,3.4728287660354185
660,7,30,0,[   0   81  232  554  681  795 1046],0.02621317118677992,82.16560917466585,3.4559343841409382
661,7,30,20,[   0   81  232  554  681  795 1046],0.02621317118677992,82.16560917466585,3.4559343841409382
662,7,30,40,[   0   81  232  554  681  795 1046],0.02621317118677992,82.16560917466585,3.4559343841409382
663,7,30,60,[   0   81  232  554  681  795 1046],0.02621317118677992,82.16560917466585,3.4559343841409382
664,7,31,0,[   0  210  553  682  856 1046],0.03346364165585226,79.58855536198962,3.6788223723675193
665,7,31,20,[   0  210  553  682  856 1046],0.03346364165585226,79.58855536198962,3.6788223723675193
666,7,31,40,[   0  210  553  682  856 1046],0.03346364165585226,79.58855536198962,3.6788223723675193
667,7,31,60,[   0  210  553  682  856 1046],0.03346364165585226,79.58855536198962,3.6788223723675193
668,7,32,0,[   0   45  210  486  556  682  795 1046],0.04849876063591967,81.2193245167238,3.4235316683979526
669,7,32,20,[   0   45  210  486  556  682  795 1046],0.04849876063591967,81.2193245167238,3.4235316683979526
670,7,32,40,[   0   45  210  486  556  682  795 1046],0.04849876063591967,81.2193245167238,3.4235316683979526
671,7,32,60,[   0  210  486  556  682  795 1046],0.04849876063591967,81.2193245167238,3.4235316683979526
672,7,33,0,[   0   45  194  277  486  554  666  789 1046],0.029504093193927987,80.99455129493737,3.633550671967638
673,7,33,20,[   0   45  194  277  486  554  666  789 1046],0.029504093193927987,80.99455129493737,3.633550671967638
674,7,33,40,[   0   45  194  277  486  554  666  789 1046],0.029504093193927987,80.99455129493737,3.633550671967638
675,7,33,60,[   0  194  277  486  554  666  789 1046],0.029504093193927987,80.99455129493737,3.633550671967638
676,7,34,0,[   0   45  194  277  486  554  667  681 1046],0.03649857239110719,83.91188391195126,2.9224666643236783
677,7,34,20,[   0   45  194  277  486  554  681 1046],0.03649857239110719,83.91188391195126,2.9224666643236783
678,7,34,40,[   0   45  194  277  486  554  681 1046],0.03649857239110719,83.91188391195126,2.9224666643236783
679,7,34,60,[   0  194  277  486  554  681 1046],0.03649857239110719,83.91188391195126,2.9224666643236783
680,7,35,0,[   0   52  186  277  486  554  666  682  795  888 1046],0.031841030459966474,82.12719059953486,4.903925181860601
681,7,35,20,[   0   52  186  277  486  554  682  795  888 1046],0.031841030459966474,82.12719059953486,4.903925181860601
682,7,35,40,[   0   52  186  277  486  554  682  795  888 1046],0.031841030459966474,82.12719059953486,4.903925181860601
683,7,35,60,[   0  186  277  486  554  682  795  888 1046],0.031841030459966474,82.12719059953486,4.903925181860601
684,7,36,0,[   0   45  186  277  495  553  682  859  971 1046],0.04452035135342246,85.79148792162215,4.119838010070283
685,7,36,20,[   0   45  186  277  495  553  682  859  971 1046],0.04452035135342246,85.79148792162215,4.119838010070283
686,7,36,40,[   0   45  186  277  495  553  682  859  971 1046],0.04452035135342246,85.79148792162215,4.119838010070283
687,7,36,60,[   0  138  277  553  682  859  971 1046],0.04452035135342246,85.79148792162215,4.119838010070283
688,7,37,0,[   0   71  192  210  277  522  556  666  681  795 1046],0.029293162318002414,80.135411804965,3.0624044266281194
689,7,37,20,[   0   71  210  556  681  795 1046],0.029293162318002414,80.135411804965,3.0624044266281194
690,7,37,40,[   0   71  210  556  681  795 1046],0.029293162318002414,80.135411804965,3.0624044266281194
691,7,37,60,[   0   71  210  556  681  795 1046],0.029293162318002414,80.135411804965,3.0624044266281194
692,7,38,0,[   0   92  231  538  682  795  841 1046],0.042788638733551175,86.39559791940749,2.9574300153323567
693,7,38,20,[   0   92  231  538  682  795  841 1046],0.042788638733551175,86.39559791940749,2.9574300153323567
694,7,38,40,[   0   92  231  538  682  795  841 1046],0.042788638733551175,86.39559791940749,2.9574300153323567
695,7,38,60,[   0   92  231  538  682  841 1046],0.042788638733551175,86.39559791940749,2.9574300153323567
696,7,39,0,[   0  194  554  667  795 1046],0.026484279772425928,81.75757547811322,3.5942767049879834
697,7,39,20,[   0  194  554  667  795 1046],0.026484279772425928,81.75757547811322,3.5942767049879834
698,7,39,40,[   0  194  554  667  795 1046],0.026484279772425928,81.75757547811322,3.5942767049879834
699,7,39,60,[   0  194  554  667  795 1046],0.026484279772425928,81.75757547811322,3.5942767049879834
700,7,40,0,[   0   71  254  495  552  682  795 1002 1046],0.048014518814539775,85.24588205350541,3.3347824361151237
701,7,40,20,[   0   71  254  495  552  682  795 1002 1046],0.048014518814539775,85.24588205350541,3.3347824361151237
702,7,40,40,[   0   71  254  495  552  682  795 1002 1046],0.048014518814539775,85.24588205350541,3.3347824361151237
703,7,40,60,[   0   71  254  552  682  795 1046],0.048014518814539775,85.24588205350541,3.3347824361151237
704,7,41,0,[   0   92  186  296  522  556  682  795  841 1046],0.046810659948729856,87.10232654096154,3.0638126912539057
705,7,41,20,[   0   92  186  296  522  556  682  795  841 1046],0.046810659948729856,87.10232654096154,3.0638126912539057
706,7,41,40,[   0   92  186  296  556  682  795  841 1046],0.046810659948729856,87.10232654096154,3.0638126912539057
707,7,41,60,[   0   92  296  556  682  841 1046],0.046810659948729856,87.10232654096154,3.0638126912539057
708,7,42,0,[   0  111  291  478  556  681  795 1046],0.024609411683133967,81.78986070713567,3.776672911938804
709,7,42,20,[   0  111  291  478  556  681  795 1046],0.024609411683133967,81.78986070713567,3.776672911938804
710,7,42,40,[   0  111  291  478  556  681  795 1046],0.024609411683133967,81.78986070713567,3.776672911938804
711,7,42,60,[   0  111  291  478  556  681  795 1046],0.024609411683133967,81.78986070713567,3.776672911938804
712,7,43,0,[   0   92  111  206  291  478  538  682  708  841  859  971 1046],0.06496569398067512,87.53200909407897,2.951749993280526
713,7,43,20,[   0  111  206  538  682  841  971 1046],0.06496569398067512,87.53200909407897,2.951749993280526
714,7,43,40,[   0  111  206  538  682  841  971 1046],0.06496569398067512,87.53200909407897,2.951749993280526
715,7,43,60,[   0  111  206  538  682  841  971 1046],0.06496569398067512,87.53200909407897,2.951749993280526
716,7,44,0,[   0   92  170  342  556  681 1046],0.0350039640378292,84.91105976003543,3.1562166864685897
717,7,44,20,[   0   92  170  342  556  681 1046],0.0350039640378292,84.91105976003543,3.1562166864685897
718,7,44,40,[   0   92  170  342  556  681 1046],0.0350039640378292,84.91105976003543,3.1562166864685897
719,7,44,60,[   0   92  170  342  556  681 1046],0.0350039640378292,84.91105976003543,3.1562166864685897
720,7,45,0,[   0   92  291  552  682  795 1046],0.056986675161678296,90.10563203183146,3.201713091813993
721,7,45,20,[   0   92  291  552  682  795 1046],0.056986675161678296,90.10563203183146,3.201713091813993
722,7,45,40,[   0   92  291  552  682  795 1046],0.056986675161678296,90.10563203183146,3.201713091813993
723,7,45,60,[   0   92  291  552  682  795 1046],0.056986675161678296,90.10563203183146,3.201713091813993
724,7,46,0,[   0  170  342  556  682  795 1046],0.05759839311340383,95.21305067875696,3.3178891749459596
725,7,46,20,[   0  170  342  556  682  795 1046],0.05759839311340383,95.21305067875696,3.3178891749459596
726,7,46,40,[   0  170  342  556  682  795 1046],0.05759839311340383,95.21305067875696,3.3178891749459596
727,7,46,60,[   0  170  342  556  682  795 1046],0.05759839311340383,95.21305067875696,3.3178891749459596
728,7,47,0,[   0   52  186  294  556  682  795 1046],0.02286940415090173,87.7202106221561,3.3039188425927435
729,7,47,20,[   0   52  186  294  556  682  795 1046],0.02286940415090173,87.7202106221561,3.3039188425927435
730,7,47,40,[   0   52  186  294  556  682  795 1046],0.02286940415090173,87.7202106221561,3.3039188425927435
731,7,47,60,[   0  186  556  682  795 1046],0.02286940415090173,87.7202106221561,3.3039188425927435
732,7,48,0,[   0  210  556  682  795 1046],0.02788409303306171,89.9021557410137,3.1317080401996344
733,7,48,20,[   0  210  556  682  795 1046],0.02788409303306171,89.9021557410137,3.1317080401996344
734,7,48,40,[   0  210  556  682  795 1046],0.02788409303306171,89.9021557410137,3.1317080401996344
735,7,48,60,[   0  210  556  682  795 1046],0.02788409303306171,89.9021557410137,3.1317080401996344
736,7,49,0,[   0  210  556  681  795 1046],0.022603512398366096,87.15190534927626,2.9499070936645713
737,7,49,20,[   0  210  556  681  795 1046],0.022603512398366096,87.15190534927626,2.9499070936645713
738,7,49,40,[   0  210  556  681  795 1046],0.022603512398366096,87.15190534927626,2.9499070936645713
739,7,49,60,[   0  210  556  681  795 1046],0.022603512398366096,87.15190534927626,2.9499070936645713
740,7,50,0,[   0  116  288  552  682  795  888  976 1046],0.06940190182747787,90.43150550956018,3.203944538967029
741,7,50,20,[   0  116  288  552  682  795  888  976 1046],0.06940190182747787,90.43150550956018,3.203944538967029
742,7,50,40,[   0  116  288  552  682  795  888  976 1046],0.06940190182747787,90.43150550956018,3.203944538967029
743,7,50,60,[   0  116  288  552  682  795  888  976 1046],0.06940190182747787,90.43150550956018,3.203944538967029
744,8,20,0,[   0   91  203  554  682  841  957 1046],0.02490849585004159,64.46834948530804,4.153471389065277
745,8,20,20,[   0   91  203  554  682  841  957 1046],0.02490849585004159,64.46834948530804,4.153471389065277
746,8,20,40,[   0   91  203  554  682  841  957 1046],0.02490849585004159,64.46834948530804,4.153471389065277
747,8,20,60,[   0   91  203  554  682  841  957 1046],0.02490849585004159,64.46834948530804,4.153471389065277
748,8,21,0,[   0   91  217  487  554  682  859  976 1046],0.0388275486722833,69.42184877685622,3.1291937868988233
749,8,21,20,[   0   91  217  487  554  682  859  976 1046],0.0388275486722833,69.42184877685622,3.1291937868988233
750,8,21,40,[   0   91  217  487  554  682  859  976 1046],0.0388275486722833,69.42184877685622,3.1291937868988233
751,8,21,60,[   0   91  217  487  554  682  859  976 1046],0.0388275486722833,69.42184877685622,3.1291937868988233
752,8,22,0,[   0   91  210  340  556  681  801  829  931  957 1046],0.03414528121354355,71.0454398591589,4.010685661938055
753,8,22,20,[   0   91  210  340  556  681  801  829  931  957 1046],0.03414528121354355,71.0454398591589,4.010685661938055
754,8,22,40,[   0   91  210  556  681  829  957 1046],0.03414528121354355,71.0454398591589,4.010685661938055
755,8,22,60,[   0   91  210  556  681  829  957 1046],0.03414528121354355,71.0454398591589,4.010685661938055
756,8,23,0,[   0   45  217  556  681  829  931  957 1046],0.014970407451259372,68.78310875070981,3.815530316646303
757,8,23,20,[   0   45  217  556  681  829  931  957 1046],0.014970407451259372,68.78310875070981,3.815530316646303
758,8,23,40,[   0   45  217  556  681  829  957 1046],0.014970407451259372,68.78310875070981,3.815530316646303
759,8,23,60,[   0  217  556  681  829 1046],0.014970407451259372,68.78310875070981,3.815530316646303
760,8,24,0,[   0   91  219  486  559  681  801  829 1046],0.02130947294494406,77.25403732576018,3.5601941977784155
761,8,24,20,[   0   91  219  486  559  681  801  829 1046],0.02130947294494406,77.25403732576018,3.5601941977784155
762,8,24,40,[   0   91  219  486  559  681  801 1046],0.02130947294494406,77.25403732576018,3.5601941977784155
763,8,24,60,[   0   91  219  486  559  681  801 1046],0.02130947294494406,77.25403732576018,3.5601941977784155
764,8,25,0,[   0  219  556  681  842  976 1046],0.05348452273249314,77.59192550053135,3.08724814333423
765,8,25,20,[   0   91  238  556  681  842  976 1046],0.05348452273249314,77.59192550053135,3.08724814333423
766,8,25,40,[   0   91  238  556  681  842  976 1046],0.05348452273249314,77.59192550053135,3.08724814333423
767,8,25,60,[   0   91  238  556  681  842  976 1046],0.05348452273249314,77.59192550053135,3.08724814333423
768,8,26,0,[   0   91  210  486  556  681  859  976 1046],0.051727911593491605,78.71385927338639,3.3001787258453072
769,8,26,20,[   0   91  210  486  556  681  859  976 1046],0.051727911593491605,78.71385927338639,3.3001787258453072
770,8,26,40,[   0   91  210  486  556  681  859  976 1046],0.051727911593491605,78.71385927338639,3.3001787258453072
771,8,26,60,[   0   91  210  486  556  681  859  976 1046],0.051727911593491605,78.71385927338639,3.3001787258453072
772,8,27,0,"[   0   91  186  210  217  486  503  554  667  682  708  801  829  888
 1045 1046]",0.023085904854700603,79.18736294056806,4.404720350645375
773,8,27,20,[   0   91  210  486  554  682  801  829 1046],0.023085904854700603,79.18736294056806,4.404720350645375
774,8,27,40,[   0   91  210  486  554  682  801 1046],0.023085904854700603,79.18736294056806,4.404720350645375
775,8,27,60,[   0   91  210  486  554  682  801 1046],0.023085904854700603,79.18736294056806,4.404720350645375
776,8,28,0,[   0   52  140  206  231  486  552  652  708  829 1046],0.015443887065643359,75.73849089662639,3.2687167776736015
777,8,28,20,[   0   52  140  206  231  486  552  652  708  829 1046],0.015443887065643359,75.73849089662639,3.2687167776736015
778,8,28,40,[   0   52  140  206  486  552  652  708  829 1046],0.015443887065643359,75.73849089662639,3.2687167776736015
779,8,28,60,[   0  140  206  486  552  708  829 1046],0.015443887065643359,75.73849089662639,3.2687167776736015
780,8,29,0,[   0   92  210  486  554  682  841  976 1046],0.04984482966819662,81.8520007625033,4.1162506879204255
781,8,29,20,[   0   92  210  486  554  682  841  976 1046],0.04984482966819662,81.8520007625033,4.1162506879204255
782,8,29,40,[   0   92  210  486  554  682  841  976 1046],0.04984482966819662,81.8520007625033,4.1162506879204255
783,8,29,60,[   0   92  210  486  554  682  841  976 1046],0.04984482966819662,81.8520007625033,4.1162506879204255
784,8,30,0,[   0   81  232  554  682  795  841 1046],0.02739807935563858,77.46252857697881,3.681363669205039
785,8,30,20,[   0   81  232  554  682  795  841 1046],0.02739807935563858,77.46252857697881,3.681363669205039
786,8,30,40,[   0   81  232  554  682  795  841 1046],0.02739807935563858,77.46252857697881,3.681363669205039
787,8,30,60,[   0   81  232  554  682  841 1046],0.02739807935563858,77.46252857697881,3.681363669205039
788,8,31,0,[   0  210  546  682  856 1046],0.025243291155251778,75.90195177535477,3.0665196236110694
789,8,31,20,[   0  210  546  682  856 1046],0.025243291155251778,75.90195177535477,3.0665196236110694
790,8,31,40,[   0  210  546  682  856 1046],0.025243291155251778,75.90195177535477,3.0665196236110694
791,8,31,60,[   0  210  546  682  856 1046],0.025243291155251778,75.90195177535477,3.0665196236110694
792,8,32,0,[   0   45  210  486  556  682  795  888  957 1046],0.05601948216106634,76.56865872146172,3.4083963051930564
793,8,32,20,[   0   45  210  486  556  682  795  888  957 1046],0.05601948216106634,76.56865872146172,3.4083963051930564
794,8,32,40,[   0   45  210  486  556  682  795  888  957 1046],0.05601948216106634,76.56865872146172,3.4083963051930564
795,8,32,60,[   0  210  486  556  682  795  888  957 1046],0.05601948216106634,76.56865872146172,3.4083963051930564
796,8,33,0,[   0   45  194  277  486  554  681  789 1046],0.031619468416838804,76.5239254665238,3.2694403333143516
797,8,33,20,[   0   45  194  277  486  554  681  789 1046],0.031619468416838804,76.5239254665238,3.2694403333143516
798,8,33,40,[   0   45  194  277  486  554  681  789 1046],0.031619468416838804,76.5239254665238,3.2694403333143516
799,8,33,60,[   0  194  277  486  554  681  789 1046],0.031619468416838804,76.5239254665238,3.2694403333143516
800,8,34,0,[   0   45  194  277  486  554  681  859  971 1046],0.03742443253530935,79.66705223682871,3.040692993689517
801,8,34,20,[   0   45  194  277  486  554  681  859  971 1046],0.03742443253530935,79.66705223682871,3.040692993689517
802,8,34,40,[   0   45  194  277  486  554  681  859  971 1046],0.03742443253530935,79.66705223682871,3.040692993689517
803,8,34,60,[   0  194  486  554  681  859  971 1046],0.03742443253530935,79.66705223682871,3.040692993689517
804,8,35,0,[   0   52  186  277  486  554  682  795  888  976 1046],0.03211761429581948,77.03338869348633,4.49477166470248
805,8,35,20,[   0   52  186  277  486  554  682  795  888  976 1046],0.03211761429581948,77.03338869348633,4.49477166470248
806,8,35,40,[   0   52  186  277  486  554  682  795  888  976 1046],0.03211761429581948,77.03338869348633,4.49477166470248
807,8,35,60,[   0  186  277  486  554  682  795  888  976 1046],0.03211761429581948,77.03338869348633,4.49477166470248
808,8,36,0,[   0   45  194  277  495  553  682  859  971 1046],0.03567419689974916,81.72815253856746,3.0461696238986034
809,8,36,20,[   0   45  194  277  495  553  682  859  971 1046],0.03567419689974916,81.72815253856746,3.0461696238986034
810,8,36,40,[   0   45  194  277  495  553  682  859  971 1046],0.03567419689974916,81.72815253856746,3.0461696238986034
811,8,36,60,[   0  138  277  553  682  859  971 1046],0.03567419689974916,81.72815253856746,3.0461696238986034
812,8,37,0,[   0   71  192  210  277  522  556  666  681  795 1046],0.022229200629982147,77.74308978846638,3.2694705594577544
813,8,37,20,[   0   71  210  556  681  795 1046],0.022229200629982147,77.74308978846638,3.2694705594577544
814,8,37,40,[   0   71  210  556  681  795 1046],0.022229200629982147,77.74308978846638,3.2694705594577544
815,8,37,60,[   0   71  210  556  681  795 1046],0.022229200629982147,77.74308978846638,3.2694705594577544
816,8,38,0,[   0   92  231  538  682  795  841  976 1046],0.05151687492996863,81.06169819535505,2.9573613468715934
817,8,38,20,[   0   92  231  538  682  795  841  976 1046],0.05151687492996863,81.06169819535505,2.9573613468715934
818,8,38,40,[   0   92  231  538  682  795  841  976 1046],0.05151687492996863,81.06169819535505,2.9573613468715934
819,8,38,60,[   0   92  231  538  682  841  976 1046],0.05151687492996863,81.06169819535505,2.9573613468715934
820,8,39,0,[   0  194  554  682  795 1046],0.026869979060525555,78.58695659825669,3.7954268892456247
821,8,39,20,[   0  194  554  682  795 1046],0.026869979060525555,78.58695659825669,3.7954268892456247
822,8,39,40,[   0  194  554  682  795 1046],0.026869979060525555,78.58695659825669,3.7954268892456247
823,8,39,60,[   0  194  554  682  795 1046],0.026869979060525555,78.58695659825669,3.7954268892456247
824,8,40,0,[   0   71  180  288  495  552  682  795 1002 1046],0.019064540437264653,77.69786981651667,3.4193007818656334
825,8,40,20,[   0   71  180  288  495  552  682  795 1002 1046],0.019064540437264653,77.69786981651667,3.4193007818656334
826,8,40,40,[   0   71  180  288  495  552  682  795 1002 1046],0.019064540437264653,77.69786981651667,3.4193007818656334
827,8,40,60,[   0   71  288  552  682  795 1046],0.019064540437264653,77.69786981651667,3.4193007818656334
828,8,41,0,[   0   92  186  288  522  556  682  795  841 1046],0.046651802866326926,83.87342637083836,2.92660697172693
829,8,41,20,[   0   92  186  288  522  556  682  795  841 1046],0.046651802866326926,83.87342637083836,2.92660697172693
830,8,41,40,[   0   92  186  288  556  682  795  841 1046],0.046651802866326926,83.87342637083836,2.92660697172693
831,8,41,60,[   0   92  288  556  682  841 1046],0.046651802866326926,83.87342637083836,2.92660697172693
832,8,42,0,[   0  111  223  478  556  681  795 1046],0.022208685079066405,77.52959640317764,3.583986568648005
833,8,42,20,[   0  111  223  478  556  681  795 1046],0.022208685079066405,77.52959640317764,3.583986568648005
834,8,42,40,[   0  111  223  478  556  681  795 1046],0.022208685079066405,77.52959640317764,3.583986568648005
835,8,42,60,[   0  111  223  478  556  681  795 1046],0.022208685079066405,77.52959640317764,3.583986568648005
836,8,43,0,[   0   92  111  206  291  478  538  682  708  841  859  971 1046],0.0462003640346327,82.3711873791409,2.8297495240672594
837,8,43,20,[   0  111  206  538  682  841  971 1046],0.0462003640346327,82.3711873791409,2.8297495240672594
838,8,43,40,[   0  111  206  538  682  841  971 1046],0.0462003640346327,82.3711873791409,2.8297495240672594
839,8,43,60,[   0  111  206  538  682  841  971 1046],0.0462003640346327,82.3711873791409,2.8297495240672594
840,8,44,0,[   0   92  170  342  556  682 1013 1046],0.0341911559809549,80.58617327277665,3.472615105225567
841,8,44,20,[   0   92  170  342  556  682 1013 1046],0.0341911559809549,80.58617327277665,3.472615105225567
842,8,44,40,[   0   92  170  342  556  682 1046],0.0341911559809549,80.58617327277665,3.472615105225567
843,8,44,60,[   0   92  170  342  556  682 1046],0.0341911559809549,80.58617327277665,3.472615105225567
844,8,45,0,[   0   92  206  553  682  795 1046],0.026759671739916877,80.52446471655328,3.7715335397443885
845,8,45,20,[   0   92  206  553  682  795 1046],0.026759671739916877,80.52446471655328,3.7715335397443885
846,8,45,40,[   0   92  206  553  682  795 1046],0.026759671739916877,80.52446471655328,3.7715335397443885
847,8,45,60,[   0   92  206  553  682  795 1046],0.026759671739916877,80.52446471655328,3.7715335397443885
848,8,46,0,[   0  170  342  556  682  795 1046],0.05553100298380095,87.14871682520199,3.3258707645608148
849,8,46,20,[   0  170  342  556  682  795 1046],0.05553100298380095,87.14871682520199,3.3258707645608148
850,8,46,40,[   0  170  342  556  682  795 1046],0.05553100298380095,87.14871682520199,3.3258707645608148
851,8,46,60,[   0  170  342  556  682  795 1046],0.05553100298380095,87.14871682520199,3.3258707645608148
852,8,47,0,[   0   52  186  294  556  682  795 1046],0.028679741258845655,84.8165983662858,3.6118101011527557
853,8,47,20,[   0   52  186  294  556  682  795 1046],0.028679741258845655,84.8165983662858,3.6118101011527557
854,8,47,40,[   0   52  186  294  556  682  795 1046],0.028679741258845655,84.8165983662858,3.6118101011527557
855,8,47,60,[   0  186  556  682  795 1046],0.028679741258845655,84.8165983662858,3.6118101011527557
856,8,48,0,[   0  210  556  682  795 1046],0.030340963682335322,85.91244692707994,3.390533267189235
857,8,48,20,[   0  210  556  682  795 1046],0.030340963682335322,85.91244692707994,3.390533267189235
858,8,48,40,[   0  210  556  682  795 1046],0.030340963682335322,85.91244692707994,3.390533267189235
859,8,48,60,[   0  210  556  682  795 1046],0.030340963682335322,85.91244692707994,3.390533267189235
860,8,49,0,[   0  210  556  682  795 1046],0.025295657644348737,82.02866941073204,3.022797990426724
861,8,49,20,[   0  210  556  682  795 1046],0.025295657644348737,82.02866941073204,3.022797990426724
862,8,49,40,[   0  210  556  682  795 1046],0.025295657644348737,82.02866941073204,3.022797990426724
863,8,49,60,[   0  210  556  682  795 1046],0.025295657644348737,82.02866941073204,3.022797990426724
864,8,50,0,[   0  116  288  464  559  682  795  888  976 1046],0.06630962197306402,83.70072521471253,2.901143217826501
865,8,50,20,[   0  116  288  464  559  682  795  888  976 1046],0.06630962197306402,83.70072521471253,2.901143217826501
866,8,50,40,[   0  116  288  464  559  682  795  888  976 1046],0.06630962197306402,83.70072521471253,2.901143217826501
867,8,50,60,[   0  116  288  464  559  682  795  888  976 1046],0.06630962197306402,83.70072521471253,2.901143217826501
868,9,20,0,[   0   91  203  364  486  554  682  731  841  931  957 1046],0.013786671128326803,60.39423163562446,4.188882986505001
869,9,20,20,[   0   91  203  364  486  554  682  731  841  931  957 1046],0.013786671128326803,60.39423163562446,4.188882986505001
870,9,20,40,[   0   91  203  486  554  682  841  957 1046],0.013786671128326803,60.39423163562446,4.188882986505001
871,9,20,60,[   0   91  203  486  554  682  841  957 1046],0.013786671128326803,60.39423163562446,4.188882986505001
872,9,21,0,[   0   91  217  487  554  682  859  976 1046],0.0274995720195239,66.11241876670792,3.253294944731338
873,9,21,20,[   0   91  217  487  554  682  859  976 1046],0.0274995720195239,66.11241876670792,3.253294944731338
874,9,21,40,[   0   91  217  487  554  682  859  976 1046],0.0274995720195239,66.11241876670792,3.253294944731338
875,9,21,60,[   0   91  217  487  554  682  859  976 1046],0.0274995720195239,66.11241876670792,3.253294944731338
876,9,22,0,[   0   91  210  340  556  681  801  829  931  976 1046],0.030164506756983137,67.77574350917212,4.030976985172793
877,9,22,20,[   0   91  210  340  556  681  801  829  931  976 1046],0.030164506756983137,67.77574350917212,4.030976985172793
878,9,22,40,[   0   91  210  556  681  801  931  976 1046],0.030164506756983137,67.77574350917212,4.030976985172793
879,9,22,60,[   0   91  210  340  556  681  801  883  976 1046],0.030164506756983137,67.77574350917212,4.030976985172793
880,9,23,0,[   0  217  556  681  841  957 1046],0.015521397437149063,66.94626877868446,3.7214429905091797
881,9,23,20,[   0  217  556  681  841  957 1046],0.015521397437149063,66.94626877868446,3.7214429905091797
882,9,23,40,[   0  217  556  681  841  957 1046],0.015521397437149063,66.94626877868446,3.7214429905091797
883,9,23,60,[   0  217  556  681  841  957 1046],0.015521397437149063,66.94626877868446,3.7214429905091797
884,9,24,0,[   0   91  219  238  486  559  667  681  801  829 1046],0.025457673063268044,72.4750951307773,3.32628641508806
885,9,24,20,[   0   91  238  486  559  681  801  829 1046],0.025457673063268044,72.4750951307773,3.32628641508806
886,9,24,40,[   0   91  238  486  559  681  801 1046],0.025457673063268044,72.4750951307773,3.32628641508806
887,9,24,60,[   0   91  238  486  559  681  801 1046],0.025457673063268044,72.4750951307773,3.32628641508806
888,9,25,0,[   0   91  219  486  556  681  842  976 1046],0.03964270678383332,74.09136966594677,2.9529642542421657
889,9,25,20,[   0   91  219  486  556  681  842  976 1046],0.03964270678383332,74.09136966594677,2.9529642542421657
890,9,25,40,[   0   91  219  486  556  681  842  976 1046],0.03964270678383332,74.09136966594677,2.9529642542421657
891,9,25,60,[   0   91  219  486  556  681  842  976 1046],0.03964270678383332,74.09136966594677,2.9529642542421657
892,9,26,0,[   0   91  210  486  556  681  859  976 1046],0.052210644058222344,75.24222363022297,3.467257970924822
893,9,26,20,[   0   91  210  486  556  681  859  976 1046],0.052210644058222344,75.24222363022297,3.467257970924822
894,9,26,40,[   0   91  210  486  556  681  859  976 1046],0.052210644058222344,75.24222363022297,3.467257970924822
895,9,26,60,[   0   91  210  486  556  681  859  976 1046],0.052210644058222344,75.24222363022297,3.467257970924822
896,9,27,0,[   0   91  186  210  486  503  554  667  682  801  829  888  957 1046],0.027607458811810905,74.68892993787205,3.992611171732256
897,9,27,20,[   0   91  210  486  554  682  801  888  957 1046],0.027607458811810905,74.68892993787205,3.992611171732256
898,9,27,40,[   0   91  210  486  554  682  801  888  957 1046],0.027607458811810905,74.68892993787205,3.992611171732256
899,9,27,60,[   0   91  210  486  554  682  801  888  957 1046],0.027607458811810905,74.68892993787205,3.992611171732256
900,9,28,0,[   0   52  140  206  231  486  503  552  617  652  682  708  829 1046],0.021577787183412828,71.14071741696338,3.7097936850326017
901,9,28,20,[   0   52  140  206  231  486  552  652  682  708  829 1046],0.021577787183412828,71.14071741696338,3.7097936850326017
902,9,28,40,[   0  140  206  486  552  682  829 1046],0.021577787183412828,71.14071741696338,3.7097936850326017
903,9,28,60,[   0  140  206  486  552  682  829 1046],0.021577787183412828,71.14071741696338,3.7097936850326017
904,9,29,0,[   0   52   92  210  231  486  554  667  682  841  859  976 1046],0.040228758689982054,77.23110627411742,4.131773447808949
905,9,29,20,[   0   92  210  486  554  682  841  976 1046],0.040228758689982054,77.23110627411742,4.131773447808949
906,9,29,40,[   0   92  210  486  554  682  841  976 1046],0.040228758689982054,77.23110627411742,4.131773447808949
907,9,29,60,[   0   92  210  486  554  682  841  976 1046],0.040228758689982054,77.23110627411742,4.131773447808949
908,9,30,0,[   0   81  238  554  682  795  841 1046],0.031725087192809726,73.03885351170497,3.472127739881274
909,9,30,20,[   0   81  238  554  682  795  841 1046],0.031725087192809726,73.03885351170497,3.472127739881274
910,9,30,40,[   0   81  238  554  682  795  841 1046],0.031725087192809726,73.03885351170497,3.472127739881274
911,9,30,60,[   0   81  238  554  682  841 1046],0.031725087192809726,73.03885351170497,3.472127739881274
912,9,31,0,[   0   52  186  210  238  546  560  593  677  682  795  856 1046],0.026749803399705126,72.71025363673168,3.21959174592897
913,9,31,20,[   0  210  560  682  856 1046],0.026749803399705126,72.71025363673168,3.21959174592897
914,9,31,40,[   0  210  560  682  856 1046],0.026749803399705126,72.71025363673168,3.21959174592897
915,9,31,60,[   0  210  560  682  856 1046],0.026749803399705126,72.71025363673168,3.21959174592897
916,9,32,0,[   0   45  210  486  556  682  795  888  957 1046],0.024152088846474747,72.23527048268333,3.4713970992716763
917,9,32,20,[   0   45  210  486  556  682  795  888  957 1046],0.024152088846474747,72.23527048268333,3.4713970992716763
918,9,32,40,[   0   45  210  486  556  682  795  888  957 1046],0.024152088846474747,72.23527048268333,3.4713970992716763
919,9,32,60,[   0  210  486  556  682  795  888  957 1046],0.024152088846474747,72.23527048268333,3.4713970992716763
920,9,33,0,[   0   45  194  277  486  554  666  682  789  888 1046],0.03541500108919183,73.23995757883104,4.008823593423328
921,9,33,20,[   0   45  194  277  486  554  682  789  888 1046],0.03541500108919183,73.23995757883104,4.008823593423328
922,9,33,40,[   0   45  194  277  486  554  682  789  888 1046],0.03541500108919183,73.23995757883104,4.008823593423328
923,9,33,60,[   0  194  277  486  554  682  789  888 1046],0.03541500108919183,73.23995757883104,4.008823593423328
924,9,34,0,[   0   45  194  486  554  682  859  971 1046],0.040104328538952565,74.47664338917156,3.8685169510654966
925,9,34,20,[   0   45  194  486  554  682  859  971 1046],0.040104328538952565,74.47664338917156,3.8685169510654966
926,9,34,40,[   0   45  194  486  554  682  859  971 1046],0.040104328538952565,74.47664338917156,3.8685169510654966
927,9,34,60,[   0  194  486  554  682  859  971 1046],0.040104328538952565,74.47664338917156,3.8685169510654966
928,9,35,0,[   0   52  186  277  486  556  682  795  888  976 1046],0.027971466576430383,72.99624980010023,4.077385142778297
929,9,35,20,[   0   52  186  277  486  556  682  795  888  976 1046],0.027971466576430383,72.99624980010023,4.077385142778297
930,9,35,40,[   0   52  186  277  486  556  682  795  888  976 1046],0.027971466576430383,72.99624980010023,4.077385142778297
931,9,35,60,[   0  186  277  486  556  682  795  888  976 1046],0.027971466576430383,72.99624980010023,4.077385142778297
932,9,36,0,[   0   45  194  277  495  553  682  769  859  971 1046],0.03904158565911789,75.79941226675102,3.8110934723483507
933,9,36,20,[   0   45  194  277  495  553  682  769  859  971 1046],0.03904158565911789,75.79941226675102,3.8110934723483507
934,9,36,40,[   0   45  194  277  495  553  682  769  859  971 1046],0.03904158565911789,75.79941226675102,3.8110934723483507
935,9,36,60,[   0  138  277  553  682  859  971 1046],0.03904158565911789,75.79941226675102,3.8110934723483507
936,9,37,0,[   0   71  192  210  277  522  556  666  682  795  841 1046],0.026663295299652733,75.09575156008611,3.701466320210436
937,9,37,20,[   0   71  210  277  522  556  682  795  841 1046],0.026663295299652733,75.09575156008611,3.701466320210436
938,9,37,40,[   0  210  556  682  841 1046],0.026663295299652733,75.09575156008611,3.701466320210436
939,9,37,60,[   0  210  556  682  841 1046],0.026663295299652733,75.09575156008611,3.701466320210436
940,9,38,0,[   0   92  231  552  682  795  841  976 1046],0.025450479884891953,73.98276270765997,3.3892026821366543
941,9,38,20,[   0   92  231  552  682  795  841  976 1046],0.025450479884891953,73.98276270765997,3.3892026821366543
942,9,38,40,[   0   92  231  552  682  795  841  976 1046],0.025450479884891953,73.98276270765997,3.3892026821366543
943,9,38,60,[   0   92  231  552  682  841  976 1046],0.025450479884891953,73.98276270765997,3.3892026821366543
944,9,39,0,[   0  194  556  682  795 1046],0.03144439339648061,76.37903162453428,3.4002574043695053
945,9,39,20,[   0  194  556  682  795 1046],0.03144439339648061,76.37903162453428,3.4002574043695053
946,9,39,40,[   0  194  556  682  795 1046],0.03144439339648061,76.37903162453428,3.4002574043695053
947,9,39,60,[   0  194  556  682  795 1046],0.03144439339648061,76.37903162453428,3.4002574043695053
948,9,40,0,[   0   71  180  288  495  552  682  795 1002 1046],0.021188486234409113,73.30585625901716,3.5899496675362994
949,9,40,20,[   0   71  180  288  495  552  682  795 1002 1046],0.021188486234409113,73.30585625901716,3.5899496675362994
950,9,40,40,[   0   71  180  288  495  552  682  795 1002 1046],0.021188486234409113,73.30585625901716,3.5899496675362994
951,9,40,60,[   0   71  288  552  682  795 1046],0.021188486234409113,73.30585625901716,3.5899496675362994
952,9,41,0,[   0   92  288  556  682  795  841  971 1046],0.04103863952488228,77.71091460814908,3.1271268042656875
953,9,41,20,[   0   92  288  556  682  795  841  971 1046],0.04103863952488228,77.71091460814908,3.1271268042656875
954,9,41,40,[   0   92  288  556  682  795  841  971 1046],0.04103863952488228,77.71091460814908,3.1271268042656875
955,9,41,60,[   0   92  288  556  682  841  971 1046],0.04103863952488228,77.71091460814908,3.1271268042656875
956,9,42,0,[   0   92  111  223  291  478  556  667  682  795  888 1046],0.02914883603494322,74.72548245773862,3.766686552079257
957,9,42,20,[   0  111  223  291  478  556  682  795  888 1046],0.02914883603494322,74.72548245773862,3.766686552079257
958,9,42,40,[   0  111  223  291  478  556  682  795  888 1046],0.02914883603494322,74.72548245773862,3.766686552079257
959,9,42,60,[   0  111  223  291  478  556  682  795  888 1046],0.02914883603494322,74.72548245773862,3.766686552079257
960,9,43,0,[   0  111  206  291  478  546  682  708  841  859  971 1046],0.02490756158914657,77.19652591469736,2.850817012767374
961,9,43,20,[   0  111  206  546  682  841  971 1046],0.02490756158914657,77.19652591469736,2.850817012767374
962,9,43,40,[   0  111  206  546  682  841  971 1046],0.02490756158914657,77.19652591469736,2.850817012767374
963,9,43,60,[   0  111  206  546  682  841  971 1046],0.02490756158914657,77.19652591469736,2.850817012767374
964,9,44,0,[   0  170  342  556  682  859  970 1046],0.03589855284161296,77.63855971269264,3.259306543240902
965,9,44,20,[   0  170  342  556  682  859  970 1046],0.03589855284161296,77.63855971269264,3.259306543240902
966,9,44,40,[   0  170  342  556  682  859  970 1046],0.03589855284161296,77.63855971269264,3.259306543240902
967,9,44,60,[   0  170  342  556  682  859  970 1046],0.03589855284161296,77.63855971269264,3.259306543240902
968,9,45,0,[   0   92  206  553  682  795 1046],0.023151807479761054,76.98924322447779,3.988621284728887
969,9,45,20,[   0   92  206  553  682  795 1046],0.023151807479761054,76.98924322447779,3.988621284728887
970,9,45,40,[   0   92  206  553  682  795 1046],0.023151807479761054,76.98924322447779,3.988621284728887
971,9,45,60,[   0   92  206  553  682  795 1046],0.023151807479761054,76.98924322447779,3.988621284728887
972,9,46,0,[   0  170  342  556  682  795 1046],0.05487856733084984,80.72038140982083,3.1429247614525813
973,9,46,20,[   0  170  342  556  682  795 1046],0.05487856733084984,80.72038140982083,3.1429247614525813
974,9,46,40,[   0  170  342  556  682  795 1046],0.05487856733084984,80.72038140982083,3.1429247614525813
975,9,46,60,[   0  170  342  556  682  795 1046],0.05487856733084984,80.72038140982083,3.1429247614525813
976,9,47,0,[   0   52  186  294  556  682  795 1046],0.032740114164819326,79.29888804982185,3.5593244143557135
977,9,47,20,[   0   52  186  294  556  682  795 1046],0.032740114164819326,79.29888804982185,3.5593244143557135
978,9,47,40,[   0   52  186  294  556  682  795 1046],0.032740114164819326,79.29888804982185,3.5593244143557135
979,9,47,60,[   0  186  556  682  795 1046],0.032740114164819326,79.29888804982185,3.5593244143557135
980,9,48,0,[   0  210  556  682  795 1046],0.03464666157618453,80.2952134799518,3.3403200580007844
981,9,48,20,[   0  210  556  682  795 1046],0.03464666157618453,80.2952134799518,3.3403200580007844
982,9,48,40,[   0  210  556  682  795 1046],0.03464666157618453,80.2952134799518,3.3403200580007844
983,9,48,60,[   0  210  556  682  795 1046],0.03464666157618453,80.2952134799518,3.3403200580007844
984,9,49,0,[   0   52  210  556  682  795  887  976 1046],0.030352039769939654,77.4115536225928,3.111216345839445
985,9,49,20,[   0   52  210  556  682  795  887  976 1046],0.030352039769939654,77.4115536225928,3.111216345839445
986,9,49,40,[   0   52  210  556  682  795  887  976 1046],0.030352039769939654,77.4115536225928,3.111216345839445
987,9,49,60,[   0  210  556  682  795  887  976 1046],0.030352039769939654,77.4115536225928,3.111216345839445
988,9,50,0,[   0  116  288  464  559  682  795  888  976 1046],0.06506220179213316,78.29975364262603,2.803075260485483
989,9,50,20,[   0  116  288  464  559  682  795  888  976 1046],0.06506220179213316,78.29975364262603,2.803075260485483
990,9,50,40,[   0  116  288  464  559  682  795  888  976 1046],0.06506220179213316,78.29975364262603,2.803075260485483
991,9,50,60,[   0  116  288  464  559  682  795  888  976 1046],0.06506220179213316,78.29975364262603,2.803075260485483
992,10,20,0,[   0   91  203  340  486  554  682  731  841  931  957 1046],0.013627757121643274,57.89287162395577,4.384647194806601
993,10,20,20,[   0   91  203  340  486  554  682  731  841  931  957 1046],0.013627757121643274,57.89287162395577,4.384647194806601
994,10,20,40,[   0   91  203  486  554  682  841  957 1046],0.013627757121643274,57.89287162395577,4.384647194806601
995,10,20,60,[   0   91  203  486  554  682  841  957 1046],0.013627757121643274,57.89287162395577,4.384647194806601
996,10,21,0,[   0   91  217  487  554  682  859  976 1046],0.02038489447091009,63.24071133517889,3.374866154128911
997,10,21,20,[   0   91  217  487  554  682  859  976 1046],0.02038489447091009,63.24071133517889,3.374866154128911
998,10,21,40,[   0   91  217  487  554  682  859  976 1046],0.02038489447091009,63.24071133517889,3.374866154128911
999,10,21,60,[   0   91  217  487  554  682  859  976 1046],0.02038489447091009,63.24071133517889,3.374866154128911
1000,10,22,0,[   0   91  210  340  556  681  801  841  931  976 1046],0.029486540239952345,65.09217458427725,4.091860520155324
1001,10,22,20,[   0   91  210  340  556  681  801  841  931  976 1046],0.029486540239952345,65.09217458427725,4.091860520155324
1002,10,22,40,[   0   91  210  556  681  841  976 1046],0.029486540239952345,65.09217458427725,4.091860520155324
1003,10,22,60,[   0   91  210  556  681  841  976 1046],0.029486540239952345,65.09217458427725,4.091860520155324
1004,10,23,0,[   0  217  556  681  841  957 1046],0.022811461491563233,64.84768925603991,3.6805352119963657
1005,10,23,20,[   0  217  556  681  841  957 1046],0.022811461491563233,64.84768925603991,3.6805352119963657
1006,10,23,40,[   0  217  556  681  841  957 1046],0.022811461491563233,64.84768925603991,3.6805352119963657
1007,10,23,60,[   0  217  556  681  841  957 1046],0.022811461491563233,64.84768925603991,3.6805352119963657
1008,10,24,0,[   0   91  219  486  559  681  801  859  976 1046],0.0159990993249558,68.1200702596152,3.60216884815656
1009,10,24,20,[   0   91  238  486  559  681  801  859  976 1046],0.0159990993249558,68.1200702596152,3.60216884815656
1010,10,24,40,[   0   91  238  486  559  681  801  859  976 1046],0.0159990993249558,68.1200702596152,3.60216884815656
1011,10,24,60,[   0   91  238  486  559  681  859  976 1046],0.0159990993249558,68.1200702596152,3.60216884815656
1012,10,25,0,[   0   91  219  263  486  556  647  681  842  976 1046],0.03952832323946571,69.96609489405127,2.9644875038554837
1013,10,25,20,[   0   91  219  263  486  556  647  681  842  976 1046],0.03952832323946571,69.96609489405127,2.9644875038554837
1014,10,25,40,[   0   91  219  486  556  681  842  976 1046],0.03952832323946571,69.96609489405127,2.9644875038554837
1015,10,25,60,[   0   91  219  486  556  681  842  976 1046],0.03952832323946571,69.96609489405127,2.9644875038554837
1016,10,26,0,[   0   91  210  486  556  647  681  859  931  976 1046],0.05241041777049181,70.97911998389984,3.5977753431732347
1017,10,26,20,[   0   91  210  486  556  647  681  859  931  976 1046],0.05241041777049181,70.97911998389984,3.5977753431732347
1018,10,26,40,[   0   91  210  486  556  681  859  976 1046],0.05241041777049181,70.97911998389984,3.5977753431732347
1019,10,26,60,[   0   91  210  486  556  681  859  976 1046],0.05241041777049181,70.97911998389984,3.5977753431732347
1020,10,27,0,[   0   91  210  486  556  659  682  801  829  888  957 1046],0.028700619153817466,70.71964213821826,3.916710455839626
1021,10,27,20,[   0   91  210  486  556  659  682  801  829  888  957 1046],0.028700619153817466,70.71964213821826,3.916710455839626
1022,10,27,40,[   0   91  210  486  556  682  801  888  957 1046],0.028700619153817466,70.71964213821826,3.916710455839626
1023,10,27,60,[   0   91  210  486  556  682  801  888  957 1046],0.028700619153817466,70.71964213821826,3.916710455839626
1024,10,28,0,[   0   52  140  206  231  486  552  652  682  708  829  888  976 1046],0.02512436796017861,67.94542212437993,3.739692840010354
1025,10,28,20,[   0   52  140  206  231  486  552  652  682  708  829  888  976 1046],0.02512436796017861,67.94542212437993,3.739692840010354
1026,10,28,40,[   0  140  206  486  552  682  829  888  976 1046],0.02512436796017861,67.94542212437993,3.739692840010354
1027,10,28,60,[   0  140  206  486  552  682  829  976 1046],0.02512436796017861,67.94542212437993,3.739692840010354
1028,10,29,0,[   0   52   92  210  231  486  554  667  682  841  859  976 1046],0.044085289630536935,73.46926931465627,4.123805369128682
1029,10,29,20,[   0   92  210  486  554  682  841  976 1046],0.044085289630536935,73.46926931465627,4.123805369128682
1030,10,29,40,[   0   92  210  486  554  682  841  976 1046],0.044085289630536935,73.46926931465627,4.123805369128682
1031,10,29,60,[   0   92  210  486  554  682  841  976 1046],0.044085289630536935,73.46926931465627,4.123805369128682
1032,10,30,0,[   0   81  238  554  682  795  841  957 1046],0.03545657639515937,69.47263975199802,3.588821046749314
1033,10,30,20,[   0   81  238  554  682  795  841  957 1046],0.03545657639515937,69.47263975199802,3.588821046749314
1034,10,30,40,[   0   81  238  554  682  795  841  957 1046],0.03545657639515937,69.47263975199802,3.588821046749314
1035,10,30,60,[   0   81  238  554  682  841  957 1046],0.03545657639515937,69.47263975199802,3.588821046749314
1036,10,31,0,"[   0   52  186  210  238  546  560  593  677  682  769  795  841  856
 1045 1046]",0.030059467250473274,68.87884570665751,3.2693234276225978
1037,10,31,20,[   0   52  210  560  682  769  841 1046],0.030059467250473274,68.87884570665751,3.2693234276225978
1038,10,31,40,[   0   52  210  560  682  769  841 1046],0.030059467250473274,68.87884570665751,3.2693234276225978
1039,10,31,60,[   0  210  560  682  841 1046],0.030059467250473274,68.87884570665751,3.2693234276225978
1040,10,32,0,[   0   45  187  210  232  486  556  666  682  795  888  957 1046],0.0260384197472239,69.11803585812969,3.6242429595434507
1041,10,32,20,[   0   45  210  486  556  682  795  888  957 1046],0.0260384197472239,69.11803585812969,3.6242429595434507
1042,10,32,40,[   0   45  210  486  556  682  795  888  957 1046],0.0260384197472239,69.11803585812969,3.6242429595434507
1043,10,32,60,[   0  210  486  556  682  795  888  957 1046],0.0260384197472239,69.11803585812969,3.6242429595434507
1044,10,33,0,[   0   45  194  277  486  554  682  789  888  963 1046],0.03741996823317516,70.82789224301584,3.743966367835352
1045,10,33,20,[   0   45  194  277  486  554  682  789  888  963 1046],0.03741996823317516,70.82789224301584,3.743966367835352
1046,10,33,40,[   0   45  194  277  486  554  682  789  888  963 1046],0.03741996823317516,70.82789224301584,3.743966367835352
1047,10,33,60,[   0  194  277  486  554  682  789  888  963 1046],0.03741996823317516,70.82789224301584,3.743966367835352
1048,10,34,0,[   0   45  194  486  554  682  859  976 1046],0.03893166369605073,72.32728763419256,3.5430282416563097
1049,10,34,20,[   0   45  194  486  554  682  859  976 1046],0.03893166369605073,72.32728763419256,3.5430282416563097
1050,10,34,40,[   0   45  194  486  554  682  859  976 1046],0.03893166369605073,72.32728763419256,3.5430282416563097
1051,10,34,60,[   0  194  486  554  682  859  976 1046],0.03893166369605073,72.32728763419256,3.5430282416563097
1052,10,35,0,[   0   52  186  277  486  556  682  795  888  976 1046],0.027665781751035283,69.96966508312356,3.961393284726556
1053,10,35,20,[   0   52  186  277  486  556  682  795  888  976 1046],0.027665781751035283,69.96966508312356,3.961393284726556
1054,10,35,40,[   0   52  186  277  486  556  682  795  888  976 1046],0.027665781751035283,69.96966508312356,3.961393284726556
1055,10,35,60,[   0  186  277  486  556  682  795  888  976 1046],0.027665781751035283,69.96966508312356,3.961393284726556
1056,10,36,0,[   0   45  194  277  495  553  682  769  859  976 1046],0.03756981726140574,72.34454603905372,4.205212082798846
1057,10,36,20,[   0   45  194  277  495  553  682  769  859  976 1046],0.03756981726140574,72.34454603905372,4.205212082798846
1058,10,36,40,[   0   45  194  277  495  553  682  769  859  976 1046],0.03756981726140574,72.34454603905372,4.205212082798846
1059,10,36,60,[   0  138  277  553  682  859  976 1046],0.03756981726140574,72.34454603905372,4.205212082798846
1060,10,37,0,[   0   71  210  277  522  556  666  682  795  841  976 1046],0.030982650566786542,72.11585605106332,3.720978732996444
1061,10,37,20,[   0  210  556  682  841  976 1046],0.030982650566786542,72.11585605106332,3.720978732996444
1062,10,37,40,[   0  210  556  682  841  976 1046],0.030982650566786542,72.11585605106332,3.720978732996444
1063,10,37,60,[   0  210  556  682  841  976 1046],0.030982650566786542,72.11585605106332,3.720978732996444
1064,10,38,0,[   0   92  231  552  682  795  841  976 1046],0.022544733107697647,70.36898824486859,3.5979188868808434
1065,10,38,20,[   0   92  231  552  682  795  841  976 1046],0.022544733107697647,70.36898824486859,3.5979188868808434
1066,10,38,40,[   0   92  231  552  682  795  841  976 1046],0.022544733107697647,70.36898824486859,3.5979188868808434
1067,10,38,60,[   0   92  231  552  682  841  976 1046],0.022544733107697647,70.36898824486859,3.5979188868808434
1068,10,39,0,[   0  194  556  682  795 1046],0.027683509508493888,72.23796200593821,3.2131666248592943
1069,10,39,20,[   0  194  556  682  795 1046],0.027683509508493888,72.23796200593821,3.2131666248592943
1070,10,39,40,[   0  194  556  682  795 1046],0.027683509508493888,72.23796200593821,3.2131666248592943
1071,10,39,60,[   0  194  556  682  795 1046],0.027683509508493888,72.23796200593821,3.2131666248592943
1072,10,40,0,[   0   71  180  288  495  556  649  682  795 1002 1046],0.022260672531827456,69.12425527911495,3.5703674156895397
1073,10,40,20,[   0   71  180  288  495  556  649  682  795 1002 1046],0.022260672531827456,69.12425527911495,3.5703674156895397
1074,10,40,40,[   0   71  180  288  495  556  682  795 1002 1046],0.022260672531827456,69.12425527911495,3.5703674156895397
1075,10,40,60,[   0   71  180  288  495  556  682  795 1046],0.022260672531827456,69.12425527911495,3.5703674156895397
1076,10,41,0,[   0   92  288  556  682  795  841  971 1046],0.015358836636201488,73.02964680872503,3.1898498744156303
1077,10,41,20,[   0   92  288  556  682  795  841  971 1046],0.015358836636201488,73.02964680872503,3.1898498744156303
1078,10,41,40,[   0   92  288  556  682  795  841  971 1046],0.015358836636201488,73.02964680872503,3.1898498744156303
1079,10,41,60,[   0   92  288  556  682  841  971 1046],0.015358836636201488,73.02964680872503,3.1898498744156303
1080,10,42,0,[   0  111  223  478  556  682  795  888  976 1046],0.03320691673198856,71.80321581923685,3.4385929668800927
1081,10,42,20,[   0  111  223  478  556  682  795  888  976 1046],0.03320691673198856,71.80321581923685,3.4385929668800927
1082,10,42,40,[   0  111  223  478  556  682  795  888  976 1046],0.03320691673198856,71.80321581923685,3.4385929668800927
1083,10,42,60,[   0  111  223  478  556  682  795  888  976 1046],0.03320691673198856,71.80321581923685,3.4385929668800927
1084,10,43,0,[   0   92  111  206  291  478  546  642  682  708  841  859  971 1046],0.02983408062750811,73.20484675107487,2.803171350335158
1085,10,43,20,[   0  111  206  546  682  841  971 1046],0.02983408062750811,73.20484675107487,2.803171350335158
1086,10,43,40,[   0  111  206  546  682  841  971 1046],0.02983408062750811,73.20484675107487,2.803171350335158
1087,10,43,60,[   0  111  206  546  682  841  971 1046],0.02983408062750811,73.20484675107487,2.803171350335158
1088,10,44,0,[   0  170  342  556  682  859  970 1046],0.03500335647222709,73.18422830368085,3.758433986886607
1089,10,44,20,[   0  170  342  556  682  859  970 1046],0.03500335647222709,73.18422830368085,3.758433986886607
1090,10,44,40,[   0  170  342  556  682  859  970 1046],0.03500335647222709,73.18422830368085,3.758433986886607
1091,10,44,60,[   0  170  342  556  682  859  970 1046],0.03500335647222709,73.18422830368085,3.758433986886607
1092,10,45,0,[   0   92  206  556  682  795 1046],0.024347842081290056,72.59775600031789,3.862742000051358
1093,10,45,20,[   0   92  206  556  682  795 1046],0.024347842081290056,72.59775600031789,3.862742000051358
1094,10,45,40,[   0   92  206  556  682  795 1046],0.024347842081290056,72.59775600031789,3.862742000051358
1095,10,45,60,[   0   92  206  556  682  795 1046],0.024347842081290056,72.59775600031789,3.862742000051358
1096,10,46,0,[   0   52  170  342  556  682  795  857  970 1046],0.05265783679307868,75.47346206696135,3.9492669222388246
1097,10,46,20,[   0   52  170  342  556  682  795  857  970 1046],0.05265783679307868,75.47346206696135,3.9492669222388246
1098,10,46,40,[   0   52  170  342  556  682  795  857  970 1046],0.05265783679307868,75.47346206696135,3.9492669222388246
1099,10,46,60,[   0  170  342  556  682  795  857  970 1046],0.05265783679307868,75.47346206696135,3.9492669222388246
1100,10,47,0,[   0   52  186  294  556  682  795 1046],0.019487434067493224,74.35229731966768,3.4447651166977407
1101,10,47,20,[   0   52  186  294  556  682  795 1046],0.019487434067493224,74.35229731966768,3.4447651166977407
1102,10,47,40,[   0   52  186  294  556  682  795 1046],0.019487434067493224,74.35229731966768,3.4447651166977407
1103,10,47,60,[   0  186  556  682  795 1046],0.019487434067493224,74.35229731966768,3.4447651166977407
1104,10,48,0,[   0  210  556  682  795 1046],0.019855242262017285,75.12533631054109,3.220721946256713
1105,10,48,20,[   0  210  556  682  795 1046],0.019855242262017285,75.12533631054109,3.220721946256713
1106,10,48,40,[   0  210  556  682  795 1046],0.019855242262017285,75.12533631054109,3.220721946256713
1107,10,48,60,[   0  210  556  682  795 1046],0.019855242262017285,75.12533631054109,3.220721946256713
1108,10,49,0,[   0   52  210  556  682  795  887  976 1046],0.03597637552069028,73.46262565798045,3.010920749446284
1109,10,49,20,[   0   52  210  556  682  795  887  976 1046],0.03597637552069028,73.46262565798045,3.010920749446284
1110,10,49,40,[   0   52  210  556  682  795  887  976 1046],0.03597637552069028,73.46262565798045,3.010920749446284
1111,10,49,60,[   0  210  556  682  795  887  976 1046],0.03597637552069028,73.46262565798045,3.010920749446284
1112,10,50,0,[   0  116  288  464  559  682  795  864  976 1046],0.05574158655048163,73.83716921855631,2.8988655502129252
1113,10,50,20,[   0  116  288  464  559  682  795  864  976 1046],0.05574158655048163,73.83716921855631,2.8988655502129252
1114,10,50,40,[   0  116  288  464  559  682  795  864  976 1046],0.05574158655048163,73.83716921855631,2.8988655502129252
1115,10,50,60,[   0  116  288  464  559  682  795  864  976 1046],0.05574158655048163,73.83716921855631,2.8988655502129252
1116,11,20,0,[   0   91  203  340  486  554  682  731  841  931  976 1046],0.007330407127269043,55.815234392927024,4.0459961051973545
1117,11,20,20,[   0   91  203  340  486  554  682  731  841  931  976 1046],0.007330407127269043,55.815234392927024,4.0459961051973545
1118,11,20,40,[   0   91  203  340  486  554  682  731  841  931  976 1046],0.007330407127269043,55.815234392927024,4.0459961051973545
1119,11,20,60,[   0   91  203  486  554  682  841  976 1046],0.007330407127269043,55.815234392927024,4.0459961051973545
1120,11,21,0,[   0   91  217  487  554  682  859  976 1046],0.007683559969521624,60.55596150582366,3.4442279666262774
1121,11,21,20,[   0   91  217  487  554  682  859  976 1046],0.007683559969521624,60.55596150582366,3.4442279666262774
1122,11,21,40,[   0   91  217  487  554  682  859  976 1046],0.007683559969521624,60.55596150582366,3.4442279666262774
1123,11,21,60,[   0   91  217  487  554  682  859  976 1046],0.007683559969521624,60.55596150582366,3.4442279666262774
1124,11,22,0,[   0   91  210  283  340  524  556  667  681  801  841  931  976 1046],0.018512139076435202,62.3581753550802,3.589320409935634
1125,11,22,20,[   0   91  210  283  524  556  681  801  841  931  976 1046],0.018512139076435202,62.3581753550802,3.589320409935634
1126,11,22,40,[   0   91  210  556  681  841  976 1046],0.018512139076435202,62.3581753550802,3.589320409935634
1127,11,22,60,[   0   91  210  556  681  841  976 1046],0.018512139076435202,62.3581753550802,3.589320409935634
1128,11,23,0,[   0  217  556  681  841  957 1046],0.023497512504306726,62.045283907756335,3.493792682537921
1129,11,23,20,[   0  217  556  681  841  957 1046],0.023497512504306726,62.045283907756335,3.493792682537921
1130,11,23,40,[   0  217  556  681  841  957 1046],0.023497512504306726,62.045283907756335,3.493792682537921
1131,11,23,60,[   0  217  556  681  841  957 1046],0.023497512504306726,62.045283907756335,3.493792682537921
1132,11,24,0,[   0   91  219  238  486  556  647  681  801  859  976 1046],0.018554249225483734,64.59853238694309,3.4332895787080933
1133,11,24,20,[   0   91  238  486  556  647  681  801  859  976 1046],0.018554249225483734,64.59853238694309,3.4332895787080933
1134,11,24,40,[   0   91  238  486  556  681  801  859  976 1046],0.018554249225483734,64.59853238694309,3.4332895787080933
1135,11,24,60,[   0   91  238  486  556  681  859  976 1046],0.018554249225483734,64.59853238694309,3.4332895787080933
1136,11,25,0,[   0   91  219  263  486  556  647  681  855  976 1046],0.04234584868622931,66.34089412431341,3.119878294963348
1137,11,25,20,[   0   91  219  263  486  556  647  681  855  976 1046],0.04234584868622931,66.34089412431341,3.119878294963348
1138,11,25,40,[   0   91  219  486  556  681  855  976 1046],0.04234584868622931,66.34089412431341,3.119878294963348
1139,11,25,60,[   0   91  219  486  556  681  855  976 1046],0.04234584868622931,66.34089412431341,3.119878294963348
1140,11,26,0,[   0   91  210  238  486  556  647  681  711  859  931  976 1046],0.03907863212744685,67.62224649969727,3.7582845113192125
1141,11,26,20,[   0   91  210  238  486  556  647  681  711  859  931  976 1046],0.03907863212744685,67.62224649969727,3.7582845113192125
1142,11,26,40,[   0   91  210  486  556  681  859  976 1046],0.03907863212744685,67.62224649969727,3.7582845113192125
1143,11,26,60,[   0   91  210  486  556  681  859  976 1046],0.03907863212744685,67.62224649969727,3.7582845113192125
1144,11,27,0,[   0   91  210  486  556  682  801  859  976 1046],0.02631337016705946,67.63019678844991,4.083383079789576
1145,11,27,20,[   0   91  210  486  556  682  801  859  976 1046],0.02631337016705946,67.63019678844991,4.083383079789576
1146,11,27,40,[   0   91  210  486  556  682  801  859  976 1046],0.02631337016705946,67.63019678844991,4.083383079789576
1147,11,27,60,[   0   91  210  486  556  682  859  976 1046],0.02631337016705946,67.63019678844991,4.083383079789576
1148,11,28,0,"[   0   52  140  206  231  486  560  617  652  682  708  829  888  976
 1046]",0.025699381595736703,65.00415426086876,3.549661094356945
1149,11,28,20,"[   0   52  140  206  231  486  560  617  652  682  708  829  888  976
 1046]",0.025699381595736703,65.00415426086876,3.549661094356945
1150,11,28,40,[   0  140  206  486  560  682  829  888  976 1046],0.025699381595736703,65.00415426086876,3.549661094356945
1151,11,28,60,[   0  140  206  486  560  682  829  976 1046],0.025699381595736703,65.00415426086876,3.549661094356945
1152,11,29,0,[   0   92  210  486  556  682  841  976 1046],0.038999736530092546,69.76975674248631,3.9278375986862697
1153,11,29,20,[   0   92  210  486  556  682  841  976 1046],0.038999736530092546,69.76975674248631,3.9278375986862697
1154,11,29,40,[   0   92  210  486  556  682  841  976 1046],0.038999736530092546,69.76975674248631,3.9278375986862697
1155,11,29,60,[   0   92  210  486  556  682  841  976 1046],0.038999736530092546,69.76975674248631,3.9278375986862697
1156,11,30,0,[   0   81  238  554  682  841  976 1046],0.027459159884295755,66.2113066416967,3.900057201454325
1157,11,30,20,[   0   81  238  554  682  841  976 1046],0.027459159884295755,66.2113066416967,3.900057201454325
1158,11,30,40,[   0   81  238  554  682  841  976 1046],0.027459159884295755,66.2113066416967,3.900057201454325
1159,11,30,60,[   0   81  238  554  682  841  976 1046],0.027459159884295755,66.2113066416967,3.900057201454325
1160,11,31,0,"[   0   52  186  210  238  508  556  593  677  682  769  795  841  856
 1046]",0.02247380054430273,65.78741087434695,3.306676671562127
1161,11,31,20,[   0   52  210  238  508  556  682  769  841 1046],0.02247380054430273,65.78741087434695,3.306676671562127
1162,11,31,40,[   0   52  210  508  556  682  769  841 1046],0.02247380054430273,65.78741087434695,3.306676671562127
1163,11,31,60,[   0  210  556  682  841 1046],0.02247380054430273,65.78741087434695,3.306676671562127
1164,11,32,0,[   0   45  187  210  232  486  556  649  682  795  888  957 1046],0.025898729938330582,66.08513719206529,3.4294218347852152
1165,11,32,20,[   0   45  187  210  232  486  556  649  682  795  888  957 1046],0.025898729938330582,66.08513719206529,3.4294218347852152
1166,11,32,40,[   0   45  210  486  556  682  795  888  957 1046],0.025898729938330582,66.08513719206529,3.4294218347852152
1167,11,32,60,[   0  210  486  556  682  795  888  957 1046],0.025898729938330582,66.08513719206529,3.4294218347852152
1168,11,33,0,[   0   45  194  277  486  554  682  789  859  971 1046],0.03542233980256273,68.21183844817908,3.781434707886738
1169,11,33,20,[   0   45  194  277  486  554  682  789  859  971 1046],0.03542233980256273,68.21183844817908,3.781434707886738
1170,11,33,40,[   0   45  194  277  486  554  682  789  859  971 1046],0.03542233980256273,68.21183844817908,3.781434707886738
1171,11,33,60,[   0  194  277  486  554  682  789  859  971 1046],0.03542233980256273,68.21183844817908,3.781434707886738
1172,11,34,0,[   0   45  186  277  486  554  682  859  976 1046],0.0333449451706321,69.2838591434835,3.4204676613054024
1173,11,34,20,[   0   45  186  277  486  554  682  859  976 1046],0.0333449451706321,69.2838591434835,3.4204676613054024
1174,11,34,40,[   0   45  186  277  486  554  682  859  976 1046],0.0333449451706321,69.2838591434835,3.4204676613054024
1175,11,34,60,[   0  186  486  554  682  859  976 1046],0.0333449451706321,69.2838591434835,3.4204676613054024
1176,11,35,0,[   0   52  186  277  486  556  649  682  795  888  976 1046],0.02920390707996684,66.93701719166509,3.7913396251175073
1177,11,35,20,[   0   52  186  277  486  556  649  682  795  888  976 1046],0.02920390707996684,66.93701719166509,3.7913396251175073
1178,11,35,40,[   0   52  186  277  486  556  682  795  888  976 1046],0.02920390707996684,66.93701719166509,3.7913396251175073
1179,11,35,60,[   0  186  277  486  556  682  795  888  976 1046],0.02920390707996684,66.93701719166509,3.7913396251175073
1180,11,36,0,[   0   45  138  194  277  495  556  649  682  769  859  976 1046],0.03681934783092959,69.22863767676094,4.148393582663821
1181,11,36,20,[   0   45  138  194  277  495  556  649  682  769  859  976 1046],0.03681934783092959,69.22863767676094,4.148393582663821
1182,11,36,40,[   0   45  194  277  495  556  682  769  859  976 1046],0.03681934783092959,69.22863767676094,4.148393582663821
1183,11,36,60,[   0  138  277  495  556  682  769  859  976 1046],0.03681934783092959,69.22863767676094,4.148393582663821
1184,11,37,0,[   0   71  210  277  522  556  649  682  795  841  976 1046],0.03189963865658755,68.9475396302169,3.6002825679797983
1185,11,37,20,[   0   71  210  277  522  556  649  682  795  841  976 1046],0.03189963865658755,68.9475396302169,3.6002825679797983
1186,11,37,40,[   0  210  556  682  841  976 1046],0.03189963865658755,68.9475396302169,3.6002825679797983
1187,11,37,60,[   0  210  556  682  841  976 1046],0.03189963865658755,68.9475396302169,3.6002825679797983
1188,11,38,0,[   0   92  231  291  522  556  649  682  795  841  976 1046],0.024298909700646822,67.59816380239336,3.679817746612233
1189,11,38,20,[   0   92  231  291  522  556  649  682  795  841  976 1046],0.024298909700646822,67.59816380239336,3.679817746612233
1190,11,38,40,[   0   92  231  556  682  841  976 1046],0.024298909700646822,67.59816380239336,3.679817746612233
1191,11,38,60,[   0   92  231  556  682  841  976 1046],0.024298909700646822,67.59816380239336,3.679817746612233
1192,11,39,0,[   0  194  556  682  859  971 1046],0.024282911306942753,68.68546870381864,3.2995654710284623
1193,11,39,20,[   0  194  556  682  859  971 1046],0.024282911306942753,68.68546870381864,3.2995654710284623
1194,11,39,40,[   0  194  556  682  859  971 1046],0.024282911306942753,68.68546870381864,3.2995654710284623
1195,11,39,60,[   0  194  556  682  859  971 1046],0.024282911306942753,68.68546870381864,3.2995654710284623
1196,11,40,0,[   0   71  180  288  495  556  649  682  789  841 1002 1046],0.02595864235608593,65.9111195734944,3.324326151709691
1197,11,40,20,[   0   71  180  288  495  556  649  682  789  841 1002 1046],0.02595864235608593,65.9111195734944,3.324326151709691
1198,11,40,40,[   0   71  180  288  495  556  682  789  841 1002 1046],0.02595864235608593,65.9111195734944,3.324326151709691
1199,11,40,60,[   0   71  180  288  495  556  682  841 1046],0.02595864235608593,65.9111195734944,3.324326151709691
1200,11,41,0,[   0   92  288  556  682  769  841  971 1046],0.01466462562464411,69.16522450873234,4.072799760968587
1201,11,41,20,[   0   92  288  556  682  769  841  971 1046],0.01466462562464411,69.16522450873234,4.072799760968587
1202,11,41,40,[   0   92  288  556  682  795  841  971 1046],0.01466462562464411,69.16522450873234,4.072799760968587
1203,11,41,60,[   0   92  288  556  682  841  971 1046],0.01466462562464411,69.16522450873234,4.072799760968587
1204,11,42,0,[   0  111  210  291  478  556  682  795  888  976 1046],0.024392815329667493,68.68470998057794,3.1647545590709716
1205,11,42,20,[   0  111  210  291  478  556  682  795  888  976 1046],0.024392815329667493,68.68470998057794,3.1647545590709716
1206,11,42,40,[   0  111  210  291  478  556  682  795  888  976 1046],0.024392815329667493,68.68470998057794,3.1647545590709716
1207,11,42,60,[   0  111  210  291  478  556  682  795  888  976 1046],0.024392815329667493,68.68470998057794,3.1647545590709716
1208,11,43,0,[   0   92  111  206  291  478  546  647  682  708  841  859  971 1046],0.02973634799342519,69.54385135252564,2.807555239439899
1209,11,43,20,[   0  111  206  291  478  546  647  682  841  971 1046],0.02973634799342519,69.54385135252564,2.807555239439899
1210,11,43,40,[   0  111  206  546  682  841  971 1046],0.02973634799342519,69.54385135252564,2.807555239439899
1211,11,43,60,[   0  111  206  546  682  841  971 1046],0.02973634799342519,69.54385135252564,2.807555239439899
1212,11,44,0,[   0   92  206  556  682  859  970 1046],0.025563010599600484,69.30208980190444,3.6810047690444567
1213,11,44,20,[   0   92  206  556  682  859  970 1046],0.025563010599600484,69.30208980190444,3.6810047690444567
1214,11,44,40,[   0   92  206  556  682  859  970 1046],0.025563010599600484,69.30208980190444,3.6810047690444567
1215,11,44,60,[   0   92  206  556  682  859  970 1046],0.025563010599600484,69.30208980190444,3.6810047690444567
1216,11,45,0,[   0   92  210  556  682  795 1046],0.01878245035786437,68.96241124565033,3.4326817190762218
1217,11,45,20,[   0   92  210  556  682  795 1046],0.01878245035786437,68.96241124565033,3.4326817190762218
1218,11,45,40,[   0   92  210  556  682  795 1046],0.01878245035786437,68.96241124565033,3.4326817190762218
1219,11,45,60,[   0   92  210  556  682  795 1046],0.01878245035786437,68.96241124565033,3.4326817190762218
1220,11,46,0,[   0   45  170  342  556  682  795  857  970 1046],0.028343654627893927,71.0146142535324,3.822052229747182
1221,11,46,20,[   0   45  170  342  556  682  795  857  970 1046],0.028343654627893927,71.0146142535324,3.822052229747182
1222,11,46,40,[   0   45  170  342  556  682  795  857  970 1046],0.028343654627893927,71.0146142535324,3.822052229747182
1223,11,46,60,[   0  170  342  556  682  795  857  970 1046],0.028343654627893927,71.0146142535324,3.822052229747182
1224,11,47,0,[   0   52  186  294  556  682  795  857  970 1046],0.013516342302449774,70.36043045989265,3.561969823446247
1225,11,47,20,[   0   52  186  294  556  682  795  857  970 1046],0.013516342302449774,70.36043045989265,3.561969823446247
1226,11,47,40,[   0   52  186  294  556  682  795  857  970 1046],0.013516342302449774,70.36043045989265,3.561969823446247
1227,11,47,60,[   0  186  294  556  682  795  857  970 1046],0.013516342302449774,70.36043045989265,3.561969823446247
1228,11,48,0,[   0  210  556  682  857  970 1046],0.013219038439938697,71.08447552163787,3.318721373436745
1229,11,48,20,[   0  210  556  682  857  970 1046],0.013219038439938697,71.08447552163787,3.318721373436745
1230,11,48,40,[   0  210  556  682  857  970 1046],0.013219038439938697,71.08447552163787,3.318721373436745
1231,11,48,60,[   0  210  556  682  857  970 1046],0.013219038439938697,71.08447552163787,3.318721373436745
1232,11,49,0,[   0   52  210  556  682  795  887  976 1046],0.021066652555075394,69.56862811050352,2.9321405850020827
1233,11,49,20,[   0   52  210  556  682  795  887  976 1046],0.021066652555075394,69.56862811050352,2.9321405850020827
1234,11,49,40,[   0   52  210  556  682  795  887  976 1046],0.021066652555075394,69.56862811050352,2.9321405850020827
1235,11,49,60,[   0  210  556  682  795  887  976 1046],0.021066652555075394,69.56862811050352,2.9321405850020827
1236,11,50,0,[   0  116  209  464  559  682  795  864  976 1046],0.03898948070949473,69.97750761089338,2.841825902871023
1237,11,50,20,[   0  116  209  464  559  682  795  864  976 1046],0.03898948070949473,69.97750761089338,2.841825902871023
1238,11,50,40,[   0  116  209  464  559  682  795  864  976 1046],0.03898948070949473,69.97750761089338,2.841825902871023
1239,11,50,60,[   0  116  209  464  559  682  795  864  976 1046],0.03898948070949473,69.97750761089338,2.841825902871023
1240,12,20,0,[   0   91  203  340  486  556  659  682  731  841  931  976 1046],0.01120656364390257,54.27047446325165,4.0751517807848066
1241,12,20,20,[   0   91  203  340  486  556  659  682  731  841  931  976 1046],0.01120656364390257,54.27047446325165,4.0751517807848066
1242,12,20,40,[   0   91  203  486  556  682  841  931  976 1046],0.01120656364390257,54.27047446325165,4.0751517807848066
1243,12,20,60,[   0   91  203  486  556  682  841  976 1046],0.01120656364390257,54.27047446325165,4.0751517807848066
1244,12,21,0,[   0   91  217  487  554  682  855  976 1046],0.011822186328244331,58.07943003294974,3.214860396942465
1245,12,21,20,[   0   91  217  487  554  682  855  976 1046],0.011822186328244331,58.07943003294974,3.214860396942465
1246,12,21,40,[   0   91  217  487  554  682  855  976 1046],0.011822186328244331,58.07943003294974,3.214860396942465
1247,12,21,60,[   0   91  217  487  554  682  855  976 1046],0.011822186328244331,58.07943003294974,3.214860396942465
1248,12,22,0,[   0   91  210  283  340  524  556  659  681  801  841  931  976 1046],0.020409170497119013,60.106162990477614,3.6551816163146955
1249,12,22,20,[   0   91  210  283  340  524  556  659  681  801  841  931  976 1046],0.020409170497119013,60.106162990477614,3.6551816163146955
1250,12,22,40,[   0   91  210  556  681  841  976 1046],0.020409170497119013,60.106162990477614,3.6551816163146955
1251,12,22,60,[   0   91  210  556  681  841  976 1046],0.020409170497119013,60.106162990477614,3.6551816163146955
1252,12,23,0,"[   0   45   52  217  238  294  546  556  659  666  674  681  711  829
  841  859  931  957  976 1045 1046]",0.018450314918855282,59.822420393484094,4.038525093401483
1253,12,23,20,[   0  217  556  681  841  976 1046],0.018450314918855282,59.822420393484094,4.038525093401483
1254,12,23,40,[   0  217  556  681  841  976 1046],0.018450314918855282,59.822420393484094,4.038525093401483
1255,12,23,60,[   0  217  556  681  841  976 1046],0.018450314918855282,59.822420393484094,4.038525093401483
1256,12,24,0,[   0   91  219  238  486  556  647  681  801  859  976 1020 1021 1046],0.020005179341276078,61.81243160404106,3.1794625850767173
1257,12,24,20,[   0   91  238  486  556  647  681  801  859  976 1046],0.020005179341276078,61.81243160404106,3.1794625850767173
1258,12,24,40,[   0   91  238  486  556  681  801  859  976 1046],0.020005179341276078,61.81243160404106,3.1794625850767173
1259,12,24,60,[   0   91  238  486  556  681  859  976 1046],0.020005179341276078,61.81243160404106,3.1794625850767173
1260,12,25,0,[   0   91  219  263  486  556  647  681  855  976 1046],0.028041042408960368,63.08721042101573,3.07525964122093
1261,12,25,20,[   0   91  219  263  486  556  647  681  855  976 1046],0.028041042408960368,63.08721042101573,3.07525964122093
1262,12,25,40,[   0   91  219  486  556  681  855  976 1046],0.028041042408960368,63.08721042101573,3.07525964122093
1263,12,25,60,[   0   91  263  486  556  681  855  976 1046],0.028041042408960368,63.08721042101573,3.07525964122093
1264,12,26,0,[   0   91  210  238  486  556  647  681  711  859  931  976 1046],0.041031367191290115,64.82854645776658,3.8492378425801106
1265,12,26,20,[   0   91  210  238  486  556  647  681  711  859  931  976 1046],0.041031367191290115,64.82854645776658,3.8492378425801106
1266,12,26,40,[   0   91  210  486  556  681  859  976 1046],0.041031367191290115,64.82854645776658,3.8492378425801106
1267,12,26,60,[   0   91  210  486  556  681  859  976 1046],0.041031367191290115,64.82854645776658,3.8492378425801106
1268,12,27,0,[   0   91  210  486  556  682  801  859  976 1046],0.026224090887654275,64.88001061296238,4.056634758504976
1269,12,27,20,[   0   91  210  486  556  682  801  859  976 1046],0.026224090887654275,64.88001061296238,4.056634758504976
1270,12,27,40,[   0   91  210  486  556  682  801  859  976 1046],0.026224090887654275,64.88001061296238,4.056634758504976
1271,12,27,60,[   0   91  210  486  556  682  859  976 1046],0.026224090887654275,64.88001061296238,4.056634758504976
1272,12,28,0,"[   0   52  140  206  231  486  560  617  652  682  708  841  888  976
 1046]",0.022219793787088202,62.39340433119961,3.5534564592083444
1273,12,28,20,"[   0   52  140  206  231  486  560  617  652  682  708  841  888  976
 1046]",0.022219793787088202,62.39340433119961,3.5534564592083444
1274,12,28,40,[   0  140  206  486  560  682  841  976 1046],0.022219793787088202,62.39340433119961,3.5534564592083444
1275,12,28,60,[   0  140  206  486  560  682  841  976 1046],0.022219793787088202,62.39340433119961,3.5534564592083444
1276,12,29,0,[   0   92  210  231  486  556  647  682  791  841  859  976 1046],0.040611259227059486,66.06178071162734,4.224046225917948
1277,12,29,20,[   0   92  210  486  556  647  682  791  841  976 1046],0.040611259227059486,66.06178071162734,4.224046225917948
1278,12,29,40,[   0   92  210  486  556  682  791  841  976 1046],0.040611259227059486,66.06178071162734,4.224046225917948
1279,12,29,60,[   0   92  210  486  556  682  841  976 1046],0.040611259227059486,66.06178071162734,4.224046225917948
1280,12,30,0,[   0   81  186  283  554  682  795  841  976 1046],0.020488336527684933,63.142397441982375,3.5859336070963175
1281,12,30,20,[   0   81  186  283  554  682  795  841  976 1046],0.020488336527684933,63.142397441982375,3.5859336070963175
1282,12,30,40,[   0   81  186  283  554  682  795  841  976 1046],0.020488336527684933,63.142397441982375,3.5859336070963175
1283,12,30,60,[   0   81  283  554  682  841  976 1046],0.020488336527684933,63.142397441982375,3.5859336070963175
1284,12,31,0,"[   0   52  186  210  238  508  556  593  677  682  769  795  841  856
  976 1046]",0.020917167280620767,63.290561961262355,3.3728869945609596
1285,12,31,20,[   0   52  210  508  556  682  769  856  976 1046],0.020917167280620767,63.290561961262355,3.3728869945609596
1286,12,31,40,[   0   52  210  508  556  682  769  856  976 1046],0.020917167280620767,63.290561961262355,3.3728869945609596
1287,12,31,60,[   0  210  556  682  856  976 1046],0.020917167280620767,63.290561961262355,3.3728869945609596
1288,12,32,0,[   0   45  210  486  556  649  682  795  859  976 1046],0.020308260191021738,63.47075693744265,3.8722858187175966
1289,12,32,20,[   0   45  210  486  556  649  682  795  859  976 1046],0.020308260191021738,63.47075693744265,3.8722858187175966
1290,12,32,40,[   0   45  210  486  556  682  795  859  976 1046],0.020308260191021738,63.47075693744265,3.8722858187175966
1291,12,32,60,[   0  210  486  556  682  795  859  976 1046],0.020308260191021738,63.47075693744265,3.8722858187175966
1292,12,33,0,[   0   45  186  277  486  554  682  789  859  971 1046],0.030020613733399756,65.6236013392706,3.562409446198162
1293,12,33,20,[   0   45  186  277  486  554  682  789  859  971 1046],0.030020613733399756,65.6236013392706,3.562409446198162
1294,12,33,40,[   0   45  186  277  486  554  682  789  859  971 1046],0.030020613733399756,65.6236013392706,3.562409446198162
1295,12,33,60,[   0  186  277  486  554  682  789  859  971 1046],0.030020613733399756,65.6236013392706,3.562409446198162
1296,12,34,0,[   0   45  186  277  486  554  647  682  859  976 1046],0.03612673793145387,66.2717166888285,3.3306614908128065
1297,12,34,20,[   0   45  186  277  486  554  647  682  859  976 1046],0.03612673793145387,66.2717166888285,3.3306614908128065
1298,12,34,40,[   0   45  186  277  486  554  682  859  976 1046],0.03612673793145387,66.2717166888285,3.3306614908128065
1299,12,34,60,[   0  186  486  554  682  859  976 1046],0.03612673793145387,66.2717166888285,3.3306614908128065
1300,12,35,0,[   0   52  210  277  486  556  649  682  795  888  976 1046],0.02579045960868261,64.5702142025143,3.5211679558491613
1301,12,35,20,[   0   52  210  277  486  556  649  682  795  888  976 1046],0.02579045960868261,64.5702142025143,3.5211679558491613
1302,12,35,40,[   0   52  210  277  486  556  682  795  888  976 1046],0.02579045960868261,64.5702142025143,3.5211679558491613
1303,12,35,60,[   0  210  277  486  556  682  795  888  976 1046],0.02579045960868261,64.5702142025143,3.5211679558491613
1304,12,36,0,[   0   45  138  194  277  495  556  649  682  795  859  976 1046],0.032071416766538616,66.23648173854501,4.109844648396561
1305,12,36,20,[   0   45  138  194  277  495  556  649  682  795  859  976 1046],0.032071416766538616,66.23648173854501,4.109844648396561
1306,12,36,40,[   0   45  194  277  495  556  682  795  859  976 1046],0.032071416766538616,66.23648173854501,4.109844648396561
1307,12,36,60,[   0  138  277  495  556  682  795  859  976 1046],0.032071416766538616,66.23648173854501,4.109844648396561
1308,12,37,0,"[   0   71  192  210  277  522  556  649  682  769  795  841  864  976
 1046]",0.03647029474732825,65.87076914001817,3.7432655005378486
1309,12,37,20,[   0   71  210  277  522  556  649  682  769  841  864  976 1046],0.03647029474732825,65.87076914001817,3.7432655005378486
1310,12,37,40,[   0  210  556  682  841  976 1046],0.03647029474732825,65.87076914001817,3.7432655005378486
1311,12,37,60,[   0  210  556  682  841  976 1046],0.03647029474732825,65.87076914001817,3.7432655005378486
1312,12,38,0,[   0   92  231  291  522  556  649  682  795  841  859  976 1046],0.021922651643001664,64.48229452621801,3.3328348279359723
1313,12,38,20,[   0   92  231  291  522  556  649  682  795  841  976 1046],0.021922651643001664,64.48229452621801,3.3328348279359723
1314,12,38,40,[   0   92  231  556  682  841  976 1046],0.021922651643001664,64.48229452621801,3.3328348279359723
1315,12,38,60,[   0   92  231  556  682  841  976 1046],0.021922651643001664,64.48229452621801,3.3328348279359723
1316,12,39,0,[   0  194  556  682  841  971 1046],0.02803804950461263,65.81387146460575,3.390931917493397
1317,12,39,20,[   0  194  556  682  841  971 1046],0.02803804950461263,65.81387146460575,3.390931917493397
1318,12,39,40,[   0  194  556  682  841  971 1046],0.02803804950461263,65.81387146460575,3.390931917493397
1319,12,39,60,[   0  194  556  682  841  971 1046],0.02803804950461263,65.81387146460575,3.390931917493397
1320,12,40,0,[   0   71  180  288  495  556  649  682  789  841  859  971 1046],0.022877109848646052,63.34625044435142,3.1444135459814357
1321,12,40,20,[   0   71  180  288  495  556  649  682  789  841  971 1046],0.022877109848646052,63.34625044435142,3.1444135459814357
1322,12,40,40,[   0   71  180  288  495  556  682  789  841  971 1046],0.022877109848646052,63.34625044435142,3.1444135459814357
1323,12,40,60,[   0   71  180  288  495  556  682  841  971 1046],0.022877109848646052,63.34625044435142,3.1444135459814357
1324,12,41,0,[   0   92  186  288  522  556  682  769  841  859  971 1020 1021 1046],0.016726088453633863,66.0658600561587,3.7577225479808423
1325,12,41,20,[   0   92  288  556  682  769  841  971 1046],0.016726088453633863,66.0658600561587,3.7577225479808423
1326,12,41,40,[   0   92  288  556  682  795  841  971 1046],0.016726088453633863,66.0658600561587,3.7577225479808423
1327,12,41,60,[   0   92  288  556  682  841  971 1046],0.016726088453633863,66.0658600561587,3.7577225479808423
1328,12,42,0,[   0  111  210  291  478  556  659  682  795  888  976 1046],0.02355035881430033,66.13434314243909,3.0237466420851096
1329,12,42,20,[   0  111  210  291  478  556  659  682  795  888  976 1046],0.02355035881430033,66.13434314243909,3.0237466420851096
1330,12,42,40,[   0  111  210  291  478  556  682  795  888  976 1046],0.02355035881430033,66.13434314243909,3.0237466420851096
1331,12,42,60,[   0  111  210  291  478  556  682  795  888  976 1046],0.02355035881430033,66.13434314243909,3.0237466420851096
1332,12,43,0,"[   0   92  111  206  291  478  546  647  682  708  841  859  971 1020
 1021 1046]",0.03159077449705323,66.22895830710242,2.6021727649328397
1333,12,43,20,[   0  111  206  291  478  546  647  682  708  841  971 1020 1046],0.03159077449705323,66.22895830710242,2.6021727649328397
1334,12,43,40,[   0  111  206  546  682  841  971 1046],0.03159077449705323,66.22895830710242,2.6021727649328397
1335,12,43,60,[   0  111  206  546  682  841  971 1046],0.03159077449705323,66.22895830710242,2.6021727649328397
1336,12,44,0,[   0   92  206  342  556  682  769  841  970 1046],0.028943916001880562,66.22565220929768,3.566092178260874
1337,12,44,20,[   0   92  206  342  556  682  769  841  970 1046],0.028943916001880562,66.22565220929768,3.566092178260874
1338,12,44,40,[   0   92  206  342  556  682  769  841  970 1046],0.028943916001880562,66.22565220929768,3.566092178260874
1339,12,44,60,[   0   92  206  342  556  682  769  841  970 1046],0.028943916001880562,66.22565220929768,3.566092178260874
1340,12,45,0,[   0   92  210  556  682  859  970 1046],0.018268977167187252,66.05614295212736,3.584671289042749
1341,12,45,20,[   0   92  210  556  682  859  970 1046],0.018268977167187252,66.05614295212736,3.584671289042749
1342,12,45,40,[   0   92  210  556  682  859  970 1046],0.018268977167187252,66.05614295212736,3.584671289042749
1343,12,45,60,[   0   92  210  556  682  859  970 1046],0.018268977167187252,66.05614295212736,3.584671289042749
1344,12,46,0,[   0   45  170  342  556  682  795  857  970 1046],0.0313790990599387,67.33129594564717,3.510145853250878
1345,12,46,20,[   0   45  170  342  556  682  795  857  970 1046],0.0313790990599387,67.33129594564717,3.510145853250878
1346,12,46,40,[   0   45  170  342  556  682  795  857  970 1046],0.0313790990599387,67.33129594564717,3.510145853250878
1347,12,46,60,[   0  170  342  556  682  795  857  970 1046],0.0313790990599387,67.33129594564717,3.510145853250878
1348,12,47,0,[   0   52  186  294  556  682  795  857  970 1046],0.017958870700774093,66.99579358770676,3.8352721807812724
1349,12,47,20,[   0   52  186  294  556  682  795  857  970 1046],0.017958870700774093,66.99579358770676,3.8352721807812724
1350,12,47,40,[   0   52  186  294  556  682  795  857  970 1046],0.017958870700774093,66.99579358770676,3.8352721807812724
1351,12,47,60,[   0  186  294  556  682  795  857  970 1046],0.017958870700774093,66.99579358770676,3.8352721807812724
1352,12,48,0,[   0  210  556  682  857  970 1046],0.017417978492964233,67.56252101289493,3.5458710011512053
1353,12,48,20,[   0  210  556  682  857  970 1046],0.017417978492964233,67.56252101289493,3.5458710011512053
1354,12,48,40,[   0  210  556  682  857  970 1046],0.017417978492964233,67.56252101289493,3.5458710011512053
1355,12,48,60,[   0  210  556  682  857  970 1046],0.017417978492964233,67.56252101289493,3.5458710011512053
1356,12,49,0,[   0  210  556  682  857  976 1046],0.013233763488832827,66.31133971874624,3.127435785144341
1357,12,49,20,[   0  210  556  682  857  976 1046],0.013233763488832827,66.31133971874624,3.127435785144341
1358,12,49,40,[   0  210  556  682  857  976 1046],0.013233763488832827,66.31133971874624,3.127435785144341
1359,12,49,60,[   0  210  556  682  857  976 1046],0.013233763488832827,66.31133971874624,3.127435785144341
1360,12,50,0,[   0  116  210  464  559  682  795  864  976 1046],0.027543074995838152,66.91821527926302,2.8364220761812295
1361,12,50,20,[   0  116  210  464  559  682  795  864  976 1046],0.027543074995838152,66.91821527926302,2.8364220761812295
1362,12,50,40,[   0  116  210  464  559  682  795  864  976 1046],0.027543074995838152,66.91821527926302,2.8364220761812295
1363,12,50,60,[   0  116  210  464  559  682  795  864  976 1046],0.027543074995838152,66.91821527926302,2.8364220761812295
1364,13,20,0,"[   0   91  186  203  340  364  486  556  659  682  731  841  931  976
 1046]",-0.0036184559837061816,52.37786315547546,3.7460361422608863
1365,13,20,20,[   0   91  203  340  486  556  659  682  731  841  931  976 1046],-0.0036184559837061816,52.37786315547546,3.7460361422608863
1366,13,20,40,[   0   91  203  486  556  682  841  931  976 1046],-0.0036184559837061816,52.37786315547546,3.7460361422608863
1367,13,20,60,[   0   91  203  486  556  682  841  976 1046],-0.0036184559837061816,52.37786315547546,3.7460361422608863
1368,13,21,0,[   0   91  217  487  554  682  855  976 1046],0.004700406913248183,55.78853881659544,3.24461434824762
1369,13,21,20,[   0   91  217  487  554  682  855  976 1046],0.004700406913248183,55.78853881659544,3.24461434824762
1370,13,21,40,[   0   91  217  487  554  682  855  976 1046],0.004700406913248183,55.78853881659544,3.24461434824762
1371,13,21,60,[   0   91  217  487  554  682  855  976 1046],0.004700406913248183,55.78853881659544,3.24461434824762
1372,13,22,0,"[   0   45   91  210  283  340  524  556  659  681  801  841  931  976
 1046]",0.008757210234452044,57.657262428847574,3.5463673792108277
1373,13,22,20,"[   0   45   91  210  283  340  524  556  659  681  801  841  931  976
 1046]",0.008757210234452044,57.657262428847574,3.5463673792108277
1374,13,22,40,[   0   91  210  556  681  841  976 1046],0.008757210234452044,57.657262428847574,3.5463673792108277
1375,13,22,60,[   0   91  210  556  681  841  976 1046],0.008757210234452044,57.657262428847574,3.5463673792108277
1376,13,23,0,"[   0   45   52  217  238  294  546  556  659  666  674  681  776  801
  841  859  931  957  976 1045 1046]",0.02190682397978759,58.0874347579029,3.8434417204547837
1377,13,23,20,[   0   45  217  556  681  776  841  976 1046],0.02190682397978759,58.0874347579029,3.8434417204547837
1378,13,23,40,[   0   45  217  556  681  776  841  976 1046],0.02190682397978759,58.0874347579029,3.8434417204547837
1379,13,23,60,[   0  217  556  681  776  841  976 1046],0.02190682397978759,58.0874347579029,3.8434417204547837
1380,13,24,0,"[   0   45   91  219  238  486  556  647  681  801  859  976 1020 1021
 1046]",0.011180908371293999,59.37896358950056,3.1336445641050092
1381,13,24,20,[   0   45  154  238  486  556  647  681  801  859  976 1046],0.011180908371293999,59.37896358950056,3.1336445641050092
1382,13,24,40,[   0   45  154  238  486  556  681  801  859  976 1046],0.011180908371293999,59.37896358950056,3.1336445641050092
1383,13,24,60,[   0   91  238  486  556  681  859  976 1046],0.011180908371293999,59.37896358950056,3.1336445641050092
1384,13,25,0,"[   0   45   91  219  263  486  556  647  681  711  855  976 1020 1021
 1046]",0.0290908077147298,60.118328176437956,2.8561091814941273
1385,13,25,20,[   0   91  219  263  486  556  647  681  855  976 1046],0.0290908077147298,60.118328176437956,2.8561091814941273
1386,13,25,40,[   0   91  219  486  556  681  855  976 1046],0.0290908077147298,60.118328176437956,2.8561091814941273
1387,13,25,60,[   0   91  263  486  556  681  855  976 1046],0.0290908077147298,60.118328176437956,2.8561091814941273
1388,13,26,0,[   0   45   91  210  238  486  556  647  681  711  859  931  976 1046],0.029755907424017906,62.3232938240434,3.7608474998693477
1389,13,26,20,[   0   45   91  210  238  486  556  647  681  711  859  931  976 1046],0.029755907424017906,62.3232938240434,3.7608474998693477
1390,13,26,40,[   0   45  238  486  556  681  859  976 1046],0.029755907424017906,62.3232938240434,3.7608474998693477
1391,13,26,60,[   0   91  238  486  556  681  859  976 1046],0.029755907424017906,62.3232938240434,3.7608474998693477
1392,13,27,0,[   0   91  210  238  486  556  659  682  801  859  976 1046],0.014835454170580386,62.57212814453241,3.7260986430021124
1393,13,27,20,[   0   91  210  238  486  556  659  682  801  859  976 1046],0.014835454170580386,62.57212814453241,3.7260986430021124
1394,13,27,40,[   0   91  210  486  556  682  801  859  976 1046],0.014835454170580386,62.57212814453241,3.7260986430021124
1395,13,27,60,[   0   91  210  486  556  682  859  976 1046],0.014835454170580386,62.57212814453241,3.7260986430021124
1396,13,28,0,"[   0   52  140  206  231  486  560  617  652  682  780  795  841  888
  976 1046]",0.024572211635686413,60.34083659141671,3.5118827653246805
1397,13,28,20,[   0   52  140  206  231  486  560  652  682  780  841  888  976 1046],0.024572211635686413,60.34083659141671,3.5118827653246805
1398,13,28,40,[   0  140  206  486  560  682  780  841  976 1046],0.024572211635686413,60.34083659141671,3.5118827653246805
1399,13,28,60,[   0  140  206  486  560  682  780  841  976 1046],0.024572211635686413,60.34083659141671,3.5118827653246805
1400,13,29,0,"[   0   52   92  210  231  486  556  647  682  791  841  859  976 1020
 1021 1046]",0.04162322791330737,62.895763194302745,3.9076153442921213
1401,13,29,20,[   0   92  210  486  556  647  682  791  841  976 1046],0.04162322791330737,62.895763194302745,3.9076153442921213
1402,13,29,40,[   0   92  210  486  556  682  791  841  976 1046],0.04162322791330737,62.895763194302745,3.9076153442921213
1403,13,29,60,[   0   92  210  486  556  682  841  976 1046],0.04162322791330737,62.895763194302745,3.9076153442921213
1404,13,30,0,[   0   81  186  283  554  682  779  841  976 1046],0.023160800899699453,60.481816183998546,3.772414546886299
1405,13,30,20,[   0   81  186  283  554  682  779  841  976 1046],0.023160800899699453,60.481816183998546,3.772414546886299
1406,13,30,40,[   0   81  186  283  554  682  779  841  976 1046],0.023160800899699453,60.481816183998546,3.772414546886299
1407,13,30,60,[   0   81  186  283  554  682  779  841  976 1046],0.023160800899699453,60.481816183998546,3.772414546886299
1408,13,31,0,"[   0   52  186  210  238  508  556  593  677  682  769  795  841  856
  976 1020 1021 1046]",0.02239379535052674,60.76677621369708,3.167743833002874
1409,13,31,20,[   0   52  210  508  556  682  769  856  976 1046],0.02239379535052674,60.76677621369708,3.167743833002874
1410,13,31,40,[   0   52  210  508  556  682  769  856  976 1046],0.02239379535052674,60.76677621369708,3.167743833002874
1411,13,31,60,[   0  210  556  682  856  976 1046],0.02239379535052674,60.76677621369708,3.167743833002874
1412,13,32,0,[   0   45  210  486  556  649  682  795  859  976 1046],0.0228766775109571,61.24453774018969,4.057309087057744
1413,13,32,20,[   0   45  210  486  556  649  682  795  859  976 1046],0.0228766775109571,61.24453774018969,4.057309087057744
1414,13,32,40,[   0   45  210  486  556  682  795  859  976 1046],0.0228766775109571,61.24453774018969,4.057309087057744
1415,13,32,60,[   0  210  486  556  682  795  859  976 1046],0.0228766775109571,61.24453774018969,4.057309087057744
1416,13,33,0,[   0   45  186  277  486  554  682  789  859  971 1046],0.02699410921991473,62.448745939545795,3.8539122827440404
1417,13,33,20,[   0   45  186  277  486  554  682  789  859  971 1046],0.02699410921991473,62.448745939545795,3.8539122827440404
1418,13,33,40,[   0   45  186  277  486  554  682  789  859  971 1046],0.02699410921991473,62.448745939545795,3.8539122827440404
1419,13,33,60,[   0  186  277  486  554  682  789  859  971 1046],0.02699410921991473,62.448745939545795,3.8539122827440404
1420,13,34,0,[   0   45  186  277  486  554  647  682  769  859  976 1046],0.03836341430981905,63.058685288531066,3.1049145730338656
1421,13,34,20,[   0   45  186  277  486  554  647  682  769  859  976 1046],0.03836341430981905,63.058685288531066,3.1049145730338656
1422,13,34,40,[   0   45  186  277  486  554  682  769  859  976 1046],0.03836341430981905,63.058685288531066,3.1049145730338656
1423,13,34,60,[   0  186  277  486  554  682  769  859  976 1046],0.03836341430981905,63.058685288531066,3.1049145730338656
1424,13,35,0,[   0   52  210  277  486  556  649  682  795  859  976 1046],0.022407697100800178,62.1031283861367,3.8709004548491777
1425,13,35,20,[   0   52  210  277  486  556  649  682  795  859  976 1046],0.022407697100800178,62.1031283861367,3.8709004548491777
1426,13,35,40,[   0   52  210  277  486  556  682  795  859  976 1046],0.022407697100800178,62.1031283861367,3.8709004548491777
1427,13,35,60,[   0  210  277  486  556  682  795  859  976 1046],0.022407697100800178,62.1031283861367,3.8709004548491777
1428,13,36,0,[   0   45  138  194  277  495  556  649  682  795  859  976 1046],0.028258929729981938,63.276468497297095,3.4822104834724827
1429,13,36,20,[   0   45  138  194  277  495  556  649  682  795  859  976 1046],0.028258929729981938,63.276468497297095,3.4822104834724827
1430,13,36,40,[   0   45  194  277  495  556  682  795  859  976 1046],0.028258929729981938,63.276468497297095,3.4822104834724827
1431,13,36,60,[   0  138  277  495  556  682  795  859  976 1046],0.028258929729981938,63.276468497297095,3.4822104834724827
1432,13,37,0,"[   0   71  192  210  277  522  556  649  682  769  795  841  859  976
 1046]",0.03473458684012299,63.3196268820693,3.7126503869682566
1433,13,37,20,[   0   71  210  277  522  556  649  682  769  841  976 1046],0.03473458684012299,63.3196268820693,3.7126503869682566
1434,13,37,40,[   0  210  556  682  841  976 1046],0.03473458684012299,63.3196268820693,3.7126503869682566
1435,13,37,60,[   0  210  556  682  841  976 1046],0.03473458684012299,63.3196268820693,3.7126503869682566
1436,13,38,0,[   0   92  231  291  522  556  649  682  769  841  859  976 1046],0.026459210961633076,61.97805509721679,3.456961907606387
1437,13,38,20,[   0   92  231  291  522  556  649  682  769  841  976 1046],0.026459210961633076,61.97805509721679,3.456961907606387
1438,13,38,40,[   0   92  231  556  682  841  976 1046],0.026459210961633076,61.97805509721679,3.456961907606387
1439,13,38,60,[   0   92  231  556  682  841  976 1046],0.026459210961633076,61.97805509721679,3.456961907606387
1440,13,39,0,[   0  194  556  682  776  841  971 1046],0.02866390773483572,63.07702890573741,4.007287185557008
1441,13,39,20,[   0  194  556  682  776  841  971 1046],0.02866390773483572,63.07702890573741,4.007287185557008
1442,13,39,40,[   0  194  556  682  776  841  971 1046],0.02866390773483572,63.07702890573741,4.007287185557008
1443,13,39,60,[   0  194  556  682  776  841  971 1046],0.02866390773483572,63.07702890573741,4.007287185557008
1444,13,40,0,[   0   52  180  288  495  556  649  682  789  841  859  971 1046],0.015721104846074054,61.34113746568809,3.0867423874887696
1445,13,40,20,[   0   52  180  288  495  556  649  682  789  841  971 1046],0.015721104846074054,61.34113746568809,3.0867423874887696
1446,13,40,40,[   0   52  180  288  495  556  682  789  841  971 1046],0.015721104846074054,61.34113746568809,3.0867423874887696
1447,13,40,60,[   0  180  288  495  556  682  841  971 1046],0.015721104846074054,61.34113746568809,3.0867423874887696
1448,13,41,0,[   0   92  186  288  522  556  682  769  841  859  971 1020 1021 1046],0.018608799042893587,62.58751468025919,3.9073454232038283
1449,13,41,20,[   0   92  288  556  682  769  841  971 1046],0.018608799042893587,62.58751468025919,3.9073454232038283
1450,13,41,40,[   0   92  288  556  682  795  841  971 1046],0.018608799042893587,62.58751468025919,3.9073454232038283
1451,13,41,60,[   0   92  288  556  682  841  971 1046],0.018608799042893587,62.58751468025919,3.9073454232038283
1452,13,42,0,[   0  111  210  291  478  556  659  682  795  859  976 1046],0.021828541922431735,64.01790144241582,3.637380705584702
1453,13,42,20,[   0  111  210  291  478  556  659  682  795  859  976 1046],0.021828541922431735,64.01790144241582,3.637380705584702
1454,13,42,40,[   0  111  210  291  478  556  682  795  859  976 1046],0.021828541922431735,64.01790144241582,3.637380705584702
1455,13,42,60,[   0  111  210  291  478  556  682  795  859  976 1046],0.021828541922431735,64.01790144241582,3.637380705584702
1456,13,43,0,"[   0   92  111  206  291  478  546  647  682  795  841  859  971 1020
 1021 1046]",0.020804365332388493,63.40953286105561,2.6123657587670417
1457,13,43,20,[   0  111  206  291  478  546  647  682  795  841  971 1020 1046],0.020804365332388493,63.40953286105561,2.6123657587670417
1458,13,43,40,[   0  111  206  291  478  546  682  795  841  971 1046],0.020804365332388493,63.40953286105561,2.6123657587670417
1459,13,43,60,[   0  111  206  546  682  841  971 1046],0.020804365332388493,63.40953286105561,2.6123657587670417
1460,13,44,0,"[   0   92  206  248  342  556  659  682  769  841  859  970 1020 1021
 1046]",0.030345997642141912,63.40484423637995,3.3253303143517217
1461,13,44,20,[   0   92  206  342  556  682  769  841  970 1046],0.030345997642141912,63.40484423637995,3.3253303143517217
1462,13,44,40,[   0   92  206  342  556  682  769  841  970 1046],0.030345997642141912,63.40484423637995,3.3253303143517217
1463,13,44,60,[   0   92  206  342  556  682  769  841  970 1046],0.030345997642141912,63.40484423637995,3.3253303143517217
1464,13,45,0,[   0   92  210  556  682  859  970 1046],0.02280895639043166,63.285293364895224,3.7673130605687053
1465,13,45,20,[   0   92  210  556  682  859  970 1046],0.02280895639043166,63.285293364895224,3.7673130605687053
1466,13,45,40,[   0   92  210  556  682  859  970 1046],0.02280895639043166,63.285293364895224,3.7673130605687053
1467,13,45,60,[   0   92  210  556  682  859  970 1046],0.02280895639043166,63.285293364895224,3.7673130605687053
1468,13,46,0,[   0   45  186  342  556  682  795  857  970 1046],0.01465400733310528,63.99226532807754,3.652184247058039
1469,13,46,20,[   0   45  186  342  556  682  795  857  970 1046],0.01465400733310528,63.99226532807754,3.652184247058039
1470,13,46,40,[   0   45  186  342  556  682  795  857  970 1046],0.01465400733310528,63.99226532807754,3.652184247058039
1471,13,46,60,[   0  186  342  556  682  795  857  970 1046],0.01465400733310528,63.99226532807754,3.652184247058039
1472,13,47,0,[   0   52  186  294  556  682  769  857  970 1046],0.021038816386009424,64.0328739422291,3.639672671534179
1473,13,47,20,[   0   52  186  294  556  682  795  857  970 1046],0.021038816386009424,64.0328739422291,3.639672671534179
1474,13,47,40,[   0   52  186  294  556  682  795  857  970 1046],0.021038816386009424,64.0328739422291,3.639672671534179
1475,13,47,60,[   0  186  294  556  682  795  857  970 1046],0.021038816386009424,64.0328739422291,3.639672671534179
1476,13,48,0,[   0   52  186  288  556  682  795  857  970 1046],0.016814531326222144,64.67535415391659,3.580503327835807
1477,13,48,20,[   0   52  186  288  556  682  795  857  970 1046],0.016814531326222144,64.67535415391659,3.580503327835807
1478,13,48,40,[   0   52  186  288  556  682  795  857  970 1046],0.016814531326222144,64.67535415391659,3.580503327835807
1479,13,48,60,[   0  186  288  556  682  795  857  970 1046],0.016814531326222144,64.67535415391659,3.580503327835807
1480,13,49,0,[   0  210  556  682  857  976 1046],0.017800292974394585,63.62947673723631,3.33624295596434
1481,13,49,20,[   0  210  556  682  857  976 1046],0.017800292974394585,63.62947673723631,3.33624295596434
1482,13,49,40,[   0  210  556  682  857  976 1046],0.017800292974394585,63.62947673723631,3.33624295596434
1483,13,49,60,[   0  210  556  682  857  976 1046],0.017800292974394585,63.62947673723631,3.33624295596434
1484,13,50,0,[   0  116  210  464  559  682  795  857  976 1046],0.022991636963885707,64.2863395006391,2.969069391192129
1485,13,50,20,[   0  116  210  464  559  682  795  857  976 1046],0.022991636963885707,64.2863395006391,2.969069391192129
1486,13,50,40,[   0  116  210  464  559  682  795  857  976 1046],0.022991636963885707,64.2863395006391,2.969069391192129
1487,13,50,60,[   0  116  210  464  559  682  795  857  976 1046],0.022991636963885707,64.2863395006391,2.969069391192129
1488,14,20,0,[   0   91  203  340  486  556  659  682  776  841  931  976 1046],-0.0008243675393044807,50.81039680289474,3.7952654226958
1489,14,20,20,[   0   91  203  340  486  556  659  682  776  841  931  976 1046],-0.0008243675393044807,50.81039680289474,3.7952654226958
1490,14,20,40,[   0   91  203  340  486  556  682  776  841  931  976 1046],-0.0008243675393044807,50.81039680289474,3.7952654226958
1491,14,20,60,[   0   91  203  486  556  682  776  841  976 1046],-0.0008243675393044807,50.81039680289474,3.7952654226958
1492,14,21,0,"[   0   45   91  217  264  340  364  487  554  682  731  855  931  976
 1046]",0.005501642791518598,53.74536034100245,3.328880124314717
1493,14,21,20,"[   0   45   91  217  264  340  364  487  554  682  731  855  931  976
 1046]",0.005501642791518598,53.74536034100245,3.328880124314717
1494,14,21,40,[   0   91  217  487  554  682  855  976 1046],0.005501642791518598,53.74536034100245,3.328880124314717
1495,14,21,60,[   0   91  217  487  554  682  855  976 1046],0.005501642791518598,53.74536034100245,3.328880124314717
1496,14,22,0,"[   0   45   91  210  283  340  524  556  659  681  776  841  931  976
 1046]",0.013111666077616794,55.611808155903816,3.5611258846687517
1497,14,22,20,"[   0   45   91  210  283  340  524  556  659  681  776  841  931  976
 1046]",0.013111666077616794,55.611808155903816,3.5611258846687517
1498,14,22,40,[   0   91  210  340  556  681  776  841  931  976 1046],0.013111666077616794,55.611808155903816,3.5611258846687517
1499,14,22,60,[   0   91  210  556  681  776  841  976 1046],0.013111666077616794,55.611808155903816,3.5611258846687517
1500,14,23,0,"[   0   45   52  210  217  238  294  323  546  556  659  666  674  681
  711  776  801  829  841  859  931  957  976 1045 1046]",0.009943853461055172,56.03767286006511,4.006761252628374
1501,14,23,20,[   0   45  210  556  681  776  841  976 1046],0.009943853461055172,56.03767286006511,4.006761252628374
1502,14,23,40,[   0   45  210  556  681  776  841  976 1046],0.009943853461055172,56.03767286006511,4.006761252628374
1503,14,23,60,[   0  210  556  681  776  841  976 1046],0.009943853461055172,56.03767286006511,4.006761252628374
1504,14,24,0,"[   0   45   91  219  238  486  556  647  681  801  859  976 1020 1021
 1046]",0.013572619047569519,57.16589124536426,3.251238379084452
1505,14,24,20,[   0   45  154  238  486  556  647  681  801  859  976 1046],0.013572619047569519,57.16589124536426,3.251238379084452
1506,14,24,40,[   0   45  154  238  486  556  681  801  859  976 1046],0.013572619047569519,57.16589124536426,3.251238379084452
1507,14,24,60,[   0   91  238  486  556  681  859  976 1046],0.013572619047569519,57.16589124536426,3.251238379084452
1508,14,25,0,"[   0   45   91  219  263  486  556  647  681  731  855  976 1020 1021
 1046]",0.021497858625254936,57.44322357381343,3.1623120036656887
1509,14,25,20,[   0   91  219  263  486  556  647  681  855  976 1046],0.021497858625254936,57.44322357381343,3.1623120036656887
1510,14,25,40,[   0   91  219  486  556  681  855  976 1046],0.021497858625254936,57.44322357381343,3.1623120036656887
1511,14,25,60,[   0   91  263  486  556  681  855  976 1046],0.021497858625254936,57.44322357381343,3.1623120036656887
1512,14,26,0,"[   0   45   91  210  238  486  556  647  681  776  791  859  931  976
 1046]",0.03276137034464341,60.19614720012352,4.1237949568399594
1513,14,26,20,[   0   45   91  210  238  486  556  647  681  791  859  931  976 1046],0.03276137034464341,60.19614720012352,4.1237949568399594
1514,14,26,40,[   0   45  154  238  486  556  681  791  859  931  976 1046],0.03276137034464341,60.19614720012352,4.1237949568399594
1515,14,26,60,[   0   91  238  486  556  681  791  859  976 1046],0.03276137034464341,60.19614720012352,4.1237949568399594
1516,14,27,0,[   0   91  210  238  486  556  659  682  791  859  976 1046],0.01969134968313591,60.392683587311915,3.7616610971858
1517,14,27,20,[   0   91  210  238  486  556  659  682  791  859  976 1046],0.01969134968313591,60.392683587311915,3.7616610971858
1518,14,27,40,[   0   91  210  486  556  682  791  859  976 1046],0.01969134968313591,60.392683587311915,3.7616610971858
1519,14,27,60,[   0   91  210  486  556  682  791  859  976 1046],0.01969134968313591,60.392683587311915,3.7616610971858
1520,14,28,0,"[   0   52  140  206  231  486  560  617  652  682  780  795  841  888
  976 1046]",0.024599152252598313,58.0826748800729,3.687232219124262
1521,14,28,20,[   0   52  140  206  231  486  560  652  682  780  841  888  976 1046],0.024599152252598313,58.0826748800729,3.687232219124262
1522,14,28,40,[   0  140  206  486  560  682  780  841  976 1046],0.024599152252598313,58.0826748800729,3.687232219124262
1523,14,28,60,[   0  140  206  486  560  682  780  841  976 1046],0.024599152252598313,58.0826748800729,3.687232219124262
1524,14,29,0,"[   0   52   92  210  238  332  486  556  647  682  791  841  859  976
 1020 1021 1046]",0.040894650839001144,60.25758493774333,3.6867503203370298
1525,14,29,20,[   0   92  210  332  486  556  647  682  791  841  976 1046],0.040894650839001144,60.25758493774333,3.6867503203370298
1526,14,29,40,[   0   92  210  486  556  682  791  841  976 1046],0.040894650839001144,60.25758493774333,3.6867503203370298
1527,14,29,60,[   0   92  210  486  556  682  841  976 1046],0.040894650839001144,60.25758493774333,3.6867503203370298
1528,14,30,0,[   0   81  283  556  682  779  841  976 1046],0.02528214096027483,58.11856144779064,3.729150389594323
1529,14,30,20,[   0   81  283  556  682  779  841  976 1046],0.02528214096027483,58.11856144779064,3.729150389594323
1530,14,30,40,[   0   81  283  556  682  779  841  976 1046],0.02528214096027483,58.11856144779064,3.729150389594323
1531,14,30,60,[   0   81  283  556  682  779  841  976 1046],0.02528214096027483,58.11856144779064,3.729150389594323
1532,14,31,0,"[   0   52   81  186  203  238  508  556  593  677  682  769  795  841
  856  976 1020 1021 1046]",0.018296877664177896,58.64199219184415,3.0969891269541256
1533,14,31,20,[   0   81  203  508  556  682  769  856  976 1046],0.018296877664177896,58.64199219184415,3.0969891269541256
1534,14,31,40,[   0   81  203  508  556  682  769  856  976 1046],0.018296877664177896,58.64199219184415,3.0969891269541256
1535,14,31,60,[   0  203  556  682  856  976 1046],0.018296877664177896,58.64199219184415,3.0969891269541256
1536,14,32,0,[   0   45  210  486  556  649  682  795  859  976 1046],0.024608193096890392,58.79336816057684,3.6793258945414387
1537,14,32,20,[   0   45  210  486  556  649  682  795  859  976 1046],0.024608193096890392,58.79336816057684,3.6793258945414387
1538,14,32,40,[   0   45  210  486  556  682  795  859  976 1046],0.024608193096890392,58.79336816057684,3.6793258945414387
1539,14,32,60,[   0  210  486  556  682  795  859  976 1046],0.024608193096890392,58.79336816057684,3.6793258945414387
1540,14,33,0,[   0   45  186  277  486  554  682  789  859  971 1020 1021 1046],0.027779440710291734,59.8126969147459,3.5871438567507465
1541,14,33,20,[   0   45  186  277  486  554  682  789  859  971 1046],0.027779440710291734,59.8126969147459,3.5871438567507465
1542,14,33,40,[   0   45  186  277  486  554  682  789  859  971 1046],0.027779440710291734,59.8126969147459,3.5871438567507465
1543,14,33,60,[   0  186  277  486  554  682  789  859  971 1046],0.027779440710291734,59.8126969147459,3.5871438567507465
1544,14,34,0,[   0   45  194  277  486  554  647  682  769  859  976 1046],0.028158861661683913,60.39750828781907,3.073106320873863
1545,14,34,20,[   0   45  194  277  486  554  647  682  769  859  976 1046],0.028158861661683913,60.39750828781907,3.073106320873863
1546,14,34,40,[   0   45  194  277  486  554  682  769  859  976 1046],0.028158861661683913,60.39750828781907,3.073106320873863
1547,14,34,60,[   0   91  194  277  486  554  682  769  859  976 1046],0.028158861661683913,60.39750828781907,3.073106320873863
1548,14,35,0,[   0   52  210  277  486  556  649  682  795  859  976 1046],0.02426551286894537,59.5428914491168,3.8917674494188046
1549,14,35,20,[   0   52  210  277  486  556  649  682  795  859  976 1046],0.02426551286894537,59.5428914491168,3.8917674494188046
1550,14,35,40,[   0   52  210  277  486  556  682  795  859  976 1046],0.02426551286894537,59.5428914491168,3.8917674494188046
1551,14,35,60,[   0  210  277  486  556  682  795  859  976 1046],0.02426551286894537,59.5428914491168,3.8917674494188046
1552,14,36,0,[   0   45  138  194  277  495  556  649  682  784  795  859  976 1046],0.029598284371517302,60.72482321539975,3.409755000275277
1553,14,36,20,[   0   45  138  194  277  495  556  649  682  795  859  976 1046],0.029598284371517302,60.72482321539975,3.409755000275277
1554,14,36,40,[   0   45  194  277  495  556  682  795  859  976 1046],0.029598284371517302,60.72482321539975,3.409755000275277
1555,14,36,60,[   0  138  277  495  556  682  795  859  976 1046],0.029598284371517302,60.72482321539975,3.409755000275277
1556,14,37,0,"[   0   91  192  204  277  522  556  649  682  769  795  841  859  976
 1046]",0.025580590270221647,60.99068766664189,3.6087372071636
1557,14,37,20,[   0   91  204  277  522  556  649  682  769  841  976 1046],0.025580590270221647,60.99068766664189,3.6087372071636
1558,14,37,40,[   0   91  204  556  682  841  976 1046],0.025580590270221647,60.99068766664189,3.6087372071636
1559,14,37,60,[   0   91  204  556  682  841  976 1046],0.025580590270221647,60.99068766664189,3.6087372071636
1560,14,38,0,[   0   71  180  291  522  556  649  682  769  841  859  976 1046],0.02876246068036658,59.918162996152034,3.395189878684794
1561,14,38,20,[   0   71  180  291  522  556  649  682  769  841  976 1046],0.02876246068036658,59.918162996152034,3.395189878684794
1562,14,38,40,[   0   71  180  291  556  682  795  841  976 1046],0.02876246068036658,59.918162996152034,3.395189878684794
1563,14,38,60,[   0   71  291  556  682  841  976 1046],0.02876246068036658,59.918162996152034,3.395189878684794
1564,14,39,0,"[   0   71  194  277  444  556  667  682  776  841  859  971 1020 1021
 1046]",0.029917672682469965,60.83837660581519,3.770554284565506
1565,14,39,20,[   0  194  556  682  776  841  971 1046],0.029917672682469965,60.83837660581519,3.770554284565506
1566,14,39,40,[   0  194  556  682  776  841  971 1046],0.029917672682469965,60.83837660581519,3.770554284565506
1567,14,39,60,[   0  194  556  682  776  841  971 1046],0.029917672682469965,60.83837660581519,3.770554284565506
1568,14,40,0,[   0   52  185  288  495  556  649  682  789  841  859  971 1046],0.01002173336598794,59.60769695874232,3.4322391147241795
1569,14,40,20,[   0   52  185  288  495  556  649  682  789  841  971 1046],0.01002173336598794,59.60769695874232,3.4322391147241795
1570,14,40,40,[   0   52  185  288  495  556  682  789  841  971 1046],0.01002173336598794,59.60769695874232,3.4322391147241795
1571,14,40,60,[   0  185  288  495  556  682  841  971 1046],0.01002173336598794,59.60769695874232,3.4322391147241795
1572,14,41,0,"[   0   92  186  288  522  556  617  652  682  769  795  841  859  971
 1020 1021 1046]",0.02162574958869377,60.073612736721664,4.033206456533381
1573,14,41,20,[   0   92  186  288  522  556  652  682  769  841  971 1020 1046],0.02162574958869377,60.073612736721664,4.033206456533381
1574,14,41,40,[   0   92  288  556  682  795  841  971 1046],0.02162574958869377,60.073612736721664,4.033206456533381
1575,14,41,60,[   0   92  288  556  682  841  971 1046],0.02162574958869377,60.073612736721664,4.033206456533381
1576,14,42,0,[   0  111  210  291  478  556  659  682  795  859  976 1046],0.02612129164588489,61.61530955430871,3.791080505433332
1577,14,42,20,[   0  111  210  291  478  556  659  682  795  859  976 1046],0.02612129164588489,61.61530955430871,3.791080505433332
1578,14,42,40,[   0  111  210  291  478  556  682  795  859  976 1046],0.02612129164588489,61.61530955430871,3.791080505433332
1579,14,42,60,[   0  111  210  291  478  556  682  795  859  976 1046],0.02612129164588489,61.61530955430871,3.791080505433332
1580,14,43,0,"[   0  111  206  291  478  556  647  682  795  841  859  971 1020 1021
 1046]",0.021701165342753306,60.7560805699553,2.795452073252816
1581,14,43,20,[   0  111  206  291  478  556  647  682  795  841  971 1046],0.021701165342753306,60.7560805699553,2.795452073252816
1582,14,43,40,[   0  111  206  291  478  556  682  795  841  971 1046],0.021701165342753306,60.7560805699553,2.795452073252816
1583,14,43,60,[   0  111  206  556  682  841  971 1046],0.021701165342753306,60.7560805699553,2.795452073252816
1584,14,44,0,"[   0   92  206  248  342  556  659  682  769  841  859  970 1020 1021
 1046]",0.02108069920499358,60.74088317386596,3.29183470292455
1585,14,44,20,[   0   92  206  342  556  682  769  841  970 1046],0.02108069920499358,60.74088317386596,3.29183470292455
1586,14,44,40,[   0   92  206  342  556  682  769  841  970 1046],0.02108069920499358,60.74088317386596,3.29183470292455
1587,14,44,60,[   0   92  206  342  556  682  769  841  970 1046],0.02108069920499358,60.74088317386596,3.29183470292455
1588,14,45,0,"[   0   92  210  248  291  538  556  659  682  769  795  841  859  970
 1046]",0.025766513410283493,60.89737551989736,3.522778267653208
1589,14,45,20,[   0   92  210  556  682  769  841  970 1046],0.025766513410283493,60.89737551989736,3.522778267653208
1590,14,45,40,[   0   92  210  556  682  795  841  970 1046],0.025766513410283493,60.89737551989736,3.522778267653208
1591,14,45,60,[   0   92  210  556  682  841  970 1046],0.025766513410283493,60.89737551989736,3.522778267653208
1592,14,46,0,[   0   45  186  342  556  682  769  857  970 1046],0.016268291615434218,61.20207342710688,4.0219666371940495
1593,14,46,20,[   0   45  186  342  556  682  795  857  970 1046],0.016268291615434218,61.20207342710688,4.0219666371940495
1594,14,46,40,[   0   45  186  342  556  682  795  857  970 1046],0.016268291615434218,61.20207342710688,4.0219666371940495
1595,14,46,60,[   0  186  342  556  682  795  857  970 1046],0.016268291615434218,61.20207342710688,4.0219666371940495
1596,14,47,0,[   0   52  186  342  556  682  769  857  970 1046],0.01930905651440612,61.51424198445374,3.655414202147789
1597,14,47,20,[   0   52  186  342  556  682  795  857  970 1046],0.01930905651440612,61.51424198445374,3.655414202147789
1598,14,47,40,[   0   52  186  342  556  682  795  857  970 1046],0.01930905651440612,61.51424198445374,3.655414202147789
1599,14,47,60,[   0  186  342  556  682  795  857  970 1046],0.01930905651440612,61.51424198445374,3.655414202147789
1600,14,48,0,[   0   52  186  206  288  495  556  647  682  795  857  970 1046],0.019123975232230164,62.07486168204905,3.5165507436039567
1601,14,48,20,[   0   52  186  288  495  556  647  682  795  857  970 1046],0.019123975232230164,62.07486168204905,3.5165507436039567
1602,14,48,40,[   0   52  186  288  495  556  682  795  857  970 1046],0.019123975232230164,62.07486168204905,3.5165507436039567
1603,14,48,60,[   0  186  288  495  556  682  795  857  970 1046],0.019123975232230164,62.07486168204905,3.5165507436039567
1604,14,49,0,[   0   52  186  288  556  682  795  857  976 1046],0.017027930994083694,61.32521943669201,3.387088551403846
1605,14,49,20,[   0   52  186  288  556  682  795  857  976 1046],0.017027930994083694,61.32521943669201,3.387088551403846
1606,14,49,40,[   0   52  186  288  556  682  795  857  976 1046],0.017027930994083694,61.32521943669201,3.387088551403846
1607,14,49,60,[   0  186  556  682  857  976 1046],0.017027930994083694,61.32521943669201,3.387088551403846
1608,14,50,0,[   0  116  210  464  559  682  795  857  976 1046],0.022076501088958488,61.83013795287279,3.244375693212197
1609,14,50,20,[   0  116  210  464  559  682  795  857  976 1046],0.022076501088958488,61.83013795287279,3.244375693212197
1610,14,50,40,[   0  116  210  464  559  682  795  857  976 1046],0.022076501088958488,61.83013795287279,3.244375693212197
1611,14,50,60,[   0  116  210  464  559  682  795  857  976 1046],0.022076501088958488,61.83013795287279,3.244375693212197
1612,15,20,0,[   0   91  203  340  486  556  659  682  776  841  931  976 1046],-0.0011249558709690588,49.30270771816039,3.650954351376361
1613,15,20,20,[   0   91  203  340  486  556  659  682  776  841  931  976 1046],-0.0011249558709690588,49.30270771816039,3.650954351376361
1614,15,20,40,[   0   91  203  340  486  556  682  776  841  931  976 1046],-0.0011249558709690588,49.30270771816039,3.650954351376361
1615,15,20,60,[   0   91  203  486  556  682  776  841  976 1046],-0.0011249558709690588,49.30270771816039,3.650954351376361
1616,15,21,0,"[   0   45   91  217  264  340  364  487  554  682  731  855  931  976
 1020 1021 1046]",0.006789314760366222,51.92066876830688,3.1235042364073746
1617,15,21,20,"[   0   45   91  217  264  340  364  487  554  682  731  855  931  976
 1046]",0.006789314760366222,51.92066876830688,3.1235042364073746
1618,15,21,40,[   0   91  217  487  554  682  855  976 1046],0.006789314760366222,51.92066876830688,3.1235042364073746
1619,15,21,60,[   0   91  217  487  554  682  855  976 1046],0.006789314760366222,51.92066876830688,3.1235042364073746
1620,15,22,0,"[   0   45   91  210  283  340  524  556  659  681  776  791  841  931
  955  976 1046]",0.011578593154415543,53.86222076788356,3.3643848322826253
1621,15,22,20,"[   0   45   91  210  283  340  524  556  659  681  776  841  931  976
 1046]",0.011578593154415543,53.86222076788356,3.3643848322826253
1622,15,22,40,[   0   91  210  340  556  681  776  841  931  976 1046],0.011578593154415543,53.86222076788356,3.3643848322826253
1623,15,22,60,[   0   91  210  556  681  776  841  976 1046],0.011578593154415543,53.86222076788356,3.3643848322826253
1624,15,23,0,[   0   45  210  323  556  681  776  841  931  976 1020 1021 1046],0.011243509402811224,54.33439062620642,3.7126680330433834
1625,15,23,20,[   0   45  210  556  681  776  841  976 1046],0.011243509402811224,54.33439062620642,3.7126680330433834
1626,15,23,40,[   0   45  210  556  681  776  841  976 1046],0.011243509402811224,54.33439062620642,3.7126680330433834
1627,15,23,60,[   0  210  556  681  776  841  976 1046],0.011243509402811224,54.33439062620642,3.7126680330433834
1628,15,24,0,"[   0   45   91  219  238  486  556  647  681  783  859  976 1020 1021
 1046]",0.015549121892205057,55.22045048550617,3.2219008407826504
1629,15,24,20,[   0   45  154  238  486  556  647  681  783  859  976 1046],0.015549121892205057,55.22045048550617,3.2219008407826504
1630,15,24,40,[   0   45  154  238  486  556  681  783  859  976 1046],0.015549121892205057,55.22045048550617,3.2219008407826504
1631,15,24,60,[   0   91  238  486  556  681  783  859  976 1046],0.015549121892205057,55.22045048550617,3.2219008407826504
1632,15,25,0,"[   0   45   91  219  263  490  556  647  681  731  855  976 1020 1021
 1046]",0.02202000186440532,55.313582205285655,3.330117180707782
1633,15,25,20,[   0   91  219  263  490  556  647  681  855  976 1046],0.02202000186440532,55.313582205285655,3.330117180707782
1634,15,25,40,[   0   91  219  490  556  681  855  976 1046],0.02202000186440532,55.313582205285655,3.330117180707782
1635,15,25,60,[   0   91  263  490  556  681  855  976 1046],0.02202000186440532,55.313582205285655,3.330117180707782
1636,15,26,0,"[   0   45   91  210  238  486  556  647  681  776  791  859  931  976
 1020 1021 1046]",0.03418751808854589,58.3367896238835,4.00347025803045
1637,15,26,20,[   0   45   91  210  238  486  556  647  681  791  859  931  976 1046],0.03418751808854589,58.3367896238835,4.00347025803045
1638,15,26,40,[   0   45  154  238  486  556  681  791  859  931  976 1046],0.03418751808854589,58.3367896238835,4.00347025803045
1639,15,26,60,[   0   91  238  486  556  681  791  859  976 1046],0.03418751808854589,58.3367896238835,4.00347025803045
1640,15,27,0,[   0   91  210  238  486  556  659  682  791  859  976 1046],0.011501489450242635,58.50533056077007,3.7042671986555207
1641,15,27,20,[   0   91  210  238  486  556  659  682  791  859  976 1046],0.011501489450242635,58.50533056077007,3.7042671986555207
1642,15,27,40,[   0   91  238  486  556  682  791  859  976 1046],0.011501489450242635,58.50533056077007,3.7042671986555207
1643,15,27,60,[   0   91  238  486  556  682  791  859  976 1046],0.011501489450242635,58.50533056077007,3.7042671986555207
1644,15,28,0,"[   0   52  140  206  231  486  556  617  647  682  780  795  841  888
  976 1046]",0.023052754682887283,55.90376946369208,3.587147010652229
1645,15,28,20,[   0   52  140  206  231  486  556  617  647  682  780  841  976 1046],0.023052754682887283,55.90376946369208,3.587147010652229
1646,15,28,40,[   0  140  206  486  556  682  780  841  976 1046],0.023052754682887283,55.90376946369208,3.587147010652229
1647,15,28,60,[   0  140  206  486  556  682  780  841  976 1046],0.023052754682887283,55.90376946369208,3.587147010652229
1648,15,29,0,"[   0   52   92  210  251  332  486  556  647  682  791  841  859  976
 1020 1021 1046]",0.03332847420741781,57.84649688698377,3.1833615311778325
1649,15,29,20,[   0   92  210  251  486  556  647  682  791  841  976 1046],0.03332847420741781,57.84649688698377,3.1833615311778325
1650,15,29,40,[   0   92  210  251  486  556  682  791  841  976 1046],0.03332847420741781,57.84649688698377,3.1833615311778325
1651,15,29,60,[   0   92  210  486  556  682  841  976 1046],0.03332847420741781,57.84649688698377,3.1833615311778325
1652,15,30,0,[   0   81  186  283  556  647  682  779  841  976 1020 1021 1046],0.026264525800463838,56.03799703050608,3.4720887836826
1653,15,30,20,[   0   81  283  556  682  779  841  976 1046],0.026264525800463838,56.03799703050608,3.4720887836826
1654,15,30,40,[   0   81  283  556  682  779  841  976 1046],0.026264525800463838,56.03799703050608,3.4720887836826
1655,15,30,60,[   0   81  283  556  682  779  841  976 1046],0.026264525800463838,56.03799703050608,3.4720887836826
1656,15,31,0,"[   0   52   81  186  203  238  508  556  593  677  682  769  795  841
  856  976 1020 1021 1043 1046]",0.013538610497988478,56.49303867577343,3.4863069400184674
1657,15,31,20,[   0   81  203  508  556  682  769  856  976 1046],0.013538610497988478,56.49303867577343,3.4863069400184674
1658,15,31,40,[   0   81  203  508  556  682  769  856  976 1046],0.013538610497988478,56.49303867577343,3.4863069400184674
1659,15,31,60,[   0  203  556  682  856  976 1046],0.013538610497988478,56.49303867577343,3.4863069400184674
1660,15,32,0,[   0   45  210  486  556  649  682  795  859  976 1046],0.02310881032993913,56.744631058176196,3.8743902029274904
1661,15,32,20,[   0   45  210  486  556  649  682  795  859  976 1046],0.02310881032993913,56.744631058176196,3.8743902029274904
1662,15,32,40,[   0   45  210  486  556  682  795  859  976 1046],0.02310881032993913,56.744631058176196,3.8743902029274904
1663,15,32,60,[   0  210  486  556  682  795  859  976 1046],0.02310881032993913,56.744631058176196,3.8743902029274904
1664,15,33,0,[   0   45  186  277  486  556  647  682  789  859  971 1020 1021 1046],0.02671869664755514,57.61215768945095,3.5196591318789148
1665,15,33,20,[   0   45  186  277  486  556  647  682  789  859  971 1046],0.02671869664755514,57.61215768945095,3.5196591318789148
1666,15,33,40,[   0   45  186  277  486  556  682  789  859  971 1046],0.02671869664755514,57.61215768945095,3.5196591318789148
1667,15,33,60,[   0  186  277  486  556  682  789  859  971 1046],0.02671869664755514,57.61215768945095,3.5196591318789148
1668,15,34,0,[   0   45  194  277  486  554  647  682  769  859  976 1020 1021 1046],0.029239777423623714,58.12642605916968,2.8870058754828793
1669,15,34,20,[   0   45  194  277  486  554  647  682  769  859  976 1046],0.029239777423623714,58.12642605916968,2.8870058754828793
1670,15,34,40,[   0   45  194  277  486  554  682  769  859  976 1046],0.029239777423623714,58.12642605916968,2.8870058754828793
1671,15,34,60,[   0   91  194  277  486  554  682  769  859  976 1046],0.029239777423623714,58.12642605916968,2.8870058754828793
1672,15,35,0,[   0   52  210  277  486  556  649  682  795  859  976 1046],0.013060104474730947,57.39388923382986,3.831586699116095
1673,15,35,20,[   0   52  210  277  486  556  649  682  795  859  976 1046],0.013060104474730947,57.39388923382986,3.831586699116095
1674,15,35,40,[   0   52  210  277  486  556  682  795  859  976 1046],0.013060104474730947,57.39388923382986,3.831586699116095
1675,15,35,60,[   0  210  277  486  556  682  795  859  976 1046],0.013060104474730947,57.39388923382986,3.831586699116095
1676,15,36,0,[   0   45  138  194  277  495  556  649  682  784  795  859  976 1046],0.02873827509342958,58.502438442703415,3.4236005664574956
1677,15,36,20,[   0   45  138  194  277  495  556  649  682  795  859  976 1046],0.02873827509342958,58.502438442703415,3.4236005664574956
1678,15,36,40,[   0   45  194  277  495  556  682  795  859  976 1046],0.02873827509342958,58.502438442703415,3.4236005664574956
1679,15,36,60,[   0  138  277  495  556  682  795  859  976 1046],0.02873827509342958,58.502438442703415,3.4236005664574956
1680,15,37,0,"[   0   91  192  204  277  522  556  649  682  769  795  841  859  976
 1020 1021 1046]",0.026518965443036984,58.73037232054592,3.3814506187578104
1681,15,37,20,[   0   91  204  277  522  556  649  682  769  841  976 1046],0.026518965443036984,58.73037232054592,3.3814506187578104
1682,15,37,40,[   0   91  204  556  682  841  976 1046],0.026518965443036984,58.73037232054592,3.3814506187578104
1683,15,37,60,[   0   91  204  556  682  841  976 1046],0.026518965443036984,58.73037232054592,3.3814506187578104
1684,15,38,0,"[   0   71  180  291  522  556  649  682  769  795  841  859  976 1020
 1021 1046]",0.02974608003244082,57.70241019455558,3.2000840952867273
1685,15,38,20,[   0   71  180  291  522  556  649  682  769  841  976 1046],0.02974608003244082,57.70241019455558,3.2000840952867273
1686,15,38,40,[   0   71  180  291  556  682  795  841  976 1046],0.02974608003244082,57.70241019455558,3.2000840952867273
1687,15,38,60,[   0   71  291  556  682  841  976 1046],0.02974608003244082,57.70241019455558,3.2000840952867273
1688,15,39,0,"[   0   52  194  204  277  444  556  667  682  776  795  841  859  971
 1020 1021 1046]",0.022023927009071353,58.76310162693488,3.6816586003249716
1689,15,39,20,[   0   52  204  556  682  776  841  971 1046],0.022023927009071353,58.76310162693488,3.6816586003249716
1690,15,39,40,[   0   52  204  556  682  776  841  971 1046],0.022023927009071353,58.76310162693488,3.6816586003249716
1691,15,39,60,[   0  204  556  682  776  841  971 1046],0.022023927009071353,58.76310162693488,3.6816586003249716
1692,15,40,0,"[   0   52  185  288  495  556  649  682  789  841  859  971 1020 1021
 1046]",0.011212371605872025,57.838596476229036,3.255159564176309
1693,15,40,20,[   0   52  185  288  495  556  649  682  789  841  971 1020 1046],0.011212371605872025,57.838596476229036,3.255159564176309
1694,15,40,40,[   0   52  185  288  495  556  682  789  841  971 1046],0.011212371605872025,57.838596476229036,3.255159564176309
1695,15,40,60,[   0  185  288  495  556  682  841  971 1046],0.011212371605872025,57.838596476229036,3.255159564176309
1696,15,41,0,"[   0   92  186  288  495  556  617  652  682  769  795  841  859  971
 1020 1021 1046]",0.014151557742703364,57.829519747480795,3.887271471335247
1697,15,41,20,[   0   92  186  288  495  556  652  682  769  841  971 1020 1046],0.014151557742703364,57.829519747480795,3.887271471335247
1698,15,41,40,[   0   92  186  288  495  556  682  795  841  971 1046],0.014151557742703364,57.829519747480795,3.887271471335247
1699,15,41,60,[   0   92  186  288  495  556  682  841  971 1046],0.014151557742703364,57.829519747480795,3.887271471335247
1700,15,42,0,[   0  111  210  291  478  556  659  682  795  859  976 1020 1021 1046],0.02719864190679741,59.32916123400034,3.5616363255702184
1701,15,42,20,[   0  111  210  291  478  556  659  682  795  859  976 1046],0.02719864190679741,59.32916123400034,3.5616363255702184
1702,15,42,40,[   0  111  210  291  478  556  682  795  859  976 1046],0.02719864190679741,59.32916123400034,3.5616363255702184
1703,15,42,60,[   0  111  210  291  478  556  682  795  859  976 1046],0.02719864190679741,59.32916123400034,3.5616363255702184
1704,15,43,0,"[   0  111  206  291  478  556  647  682  795  841  859  971 1020 1021
 1046]",0.021337637111978787,58.41030091828793,2.9222581732964645
1705,15,43,20,[   0  111  206  291  478  556  647  682  795  841  971 1046],0.021337637111978787,58.41030091828793,2.9222581732964645
1706,15,43,40,[   0  111  206  291  478  556  682  795  841  971 1046],0.021337637111978787,58.41030091828793,2.9222581732964645
1707,15,43,60,[   0  111  206  556  682  841  971 1046],0.021337637111978787,58.41030091828793,2.9222581732964645
1708,15,44,0,"[   0   92  206  248  342  556  659  682  769  841  859  970 1020 1021
 1046]",0.01707834301549195,58.49823707571852,3.343587577677407
1709,15,44,20,[   0   92  206  342  556  682  769  841  970 1046],0.01707834301549195,58.49823707571852,3.343587577677407
1710,15,44,40,[   0   92  206  342  556  682  769  841  970 1046],0.01707834301549195,58.49823707571852,3.343587577677407
1711,15,44,60,[   0   92  206  342  556  682  769  841  970 1046],0.01707834301549195,58.49823707571852,3.343587577677407
1712,15,45,0,"[   0   52   92  210  248  291  538  556  659  682  769  795  841  859
  970 1046]",0.019137786947134146,58.817714004496615,3.4636957455041935
1713,15,45,20,[   0   92  206  556  682  769  841  970 1046],0.019137786947134146,58.817714004496615,3.4636957455041935
1714,15,45,40,[   0   92  206  556  682  795  841  970 1046],0.019137786947134146,58.817714004496615,3.4636957455041935
1715,15,45,60,[   0   92  206  556  682  841  970 1046],0.019137786947134146,58.817714004496615,3.4636957455041935
1716,15,46,0,[   0   45  186  342  556  682  769  857  970 1046],0.02024516952143161,59.1896648411202,3.9251060736640273
1717,15,46,20,[   0   45  186  342  556  682  795  857  970 1046],0.02024516952143161,59.1896648411202,3.9251060736640273
1718,15,46,40,[   0   45  186  342  556  682  795  857  970 1046],0.02024516952143161,59.1896648411202,3.9251060736640273
1719,15,46,60,[   0  186  342  556  682  795  857  970 1046],0.02024516952143161,59.1896648411202,3.9251060736640273
1720,15,47,0,[   0   52  186  342  556  682  769  857  970 1020 1021 1046],0.02010718844008493,59.36881237780832,3.4427178399220315
1721,15,47,20,[   0   52  186  342  556  682  795  857  970 1046],0.02010718844008493,59.36881237780832,3.4427178399220315
1722,15,47,40,[   0   52  186  342  556  682  795  857  970 1046],0.02010718844008493,59.36881237780832,3.4427178399220315
1723,15,47,60,[   0  186  342  556  682  795  857  970 1046],0.02010718844008493,59.36881237780832,3.4427178399220315
1724,15,48,0,[   0   52  186  206  288  495  556  647  682  769  841  857  970 1046],0.02201273240033916,59.915198508008594,3.382111393921695
1725,15,48,20,[   0   52  186  288  495  556  647  682  795  857  970 1046],0.02201273240033916,59.915198508008594,3.382111393921695
1726,15,48,40,[   0   52  186  288  495  556  682  795  857  970 1046],0.02201273240033916,59.915198508008594,3.382111393921695
1727,15,48,60,[   0  186  288  495  556  682  795  857  970 1046],0.02201273240033916,59.915198508008594,3.382111393921695
1728,15,49,0,[   0   52  186  206  288  495  556  647  682  795  857  976 1046],0.019420674317491556,59.20150899771574,3.358183060366421
1729,15,49,20,[   0   52  186  288  495  556  647  682  795  857  976 1046],0.019420674317491556,59.20150899771574,3.358183060366421
1730,15,49,40,[   0   52  186  288  495  556  682  795  857  976 1046],0.019420674317491556,59.20150899771574,3.358183060366421
1731,15,49,60,[   0  186  288  495  556  682  795  857  976 1046],0.019420674317491556,59.20150899771574,3.358183060366421
1732,15,50,0,[   0  116  210  269  464  559  682  795  857  976 1020 1021 1046],0.0231031676039142,59.56893273148312,3.0522118858312717
1733,15,50,20,[   0  116  210  464  559  682  795  857  976 1046],0.0231031676039142,59.56893273148312,3.0522118858312717
1734,15,50,40,[   0  116  210  464  559  682  795  857  976 1046],0.0231031676039142,59.56893273148312,3.0522118858312717
1735,15,50,60,[   0  116  210  464  559  682  795  857  976 1046],0.0231031676039142,59.56893273148312,3.0522118858312717
1736,16,20,0,"[   0   52   91  186  203  340  364  486  556  659  682  780  795  841
  931  976 1046]",0.002932708348043463,48.05102198641155,3.5332671489058294
1737,16,20,20,[   0   91  203  340  486  556  659  682  780  841  931  976 1046],0.002932708348043463,48.05102198641155,3.5332671489058294
1738,16,20,40,[   0   91  203  340  486  556  682  780  841  931  976 1046],0.002932708348043463,48.05102198641155,3.5332671489058294
1739,16,20,60,[   0   91  203  486  556  682  780  841  976 1046],0.002932708348043463,48.05102198641155,3.5332671489058294
1740,16,21,0,"[   0   45   91  217  243  264  340  364  487  556  659  682  731  855
  931  976 1020 1021 1046]",0.004939340272283732,50.36612198323558,3.110423574794843
1741,16,21,20,"[   0   45   91  217  243  264  340  364  487  556  659  682  731  855
  931  976 1020 1046]",0.004939340272283732,50.36612198323558,3.110423574794843
1742,16,21,40,[   0   91  217  487  556  682  855  976 1046],0.004939340272283732,50.36612198323558,3.110423574794843
1743,16,21,60,[   0   91  217  487  556  682  855  976 1046],0.004939340272283732,50.36612198323558,3.110423574794843
1744,16,22,0,"[   0   45   91  210  283  340  524  556  659  681  776  791  841  931
  955  976 1020 1021 1043 1046]",0.012757808594962497,52.23111749853871,3.182168113348255
1745,16,22,20,"[   0   45   91  210  283  340  524  556  659  681  776  841  931  976
 1020 1046]",0.012757808594962497,52.23111749853871,3.182168113348255
1746,16,22,40,[   0   91  210  340  556  681  776  841  931  976 1046],0.012757808594962497,52.23111749853871,3.182168113348255
1747,16,22,60,[   0   91  210  556  681  776  841  976 1046],0.012757808594962497,52.23111749853871,3.182168113348255
1748,16,23,0,[   0   45  210  323  556  681  776  841  931  976 1020 1021 1046],0.014898511663830884,52.4629882367968,3.644684167638121
1749,16,23,20,[   0   45  210  556  681  776  841  976 1046],0.014898511663830884,52.4629882367968,3.644684167638121
1750,16,23,40,[   0   45  210  556  681  776  841  976 1046],0.014898511663830884,52.4629882367968,3.644684167638121
1751,16,23,60,[   0  210  556  681  776  841  976 1046],0.014898511663830884,52.4629882367968,3.644684167638121
1752,16,24,0,"[   0   45   91  219  238  486  556  647  681  776  798  859  976 1020
 1021 1046]",0.018328732281224433,53.46106385972825,3.100388023279905
1753,16,24,20,[   0   45  154  238  486  556  647  681  783  859  976 1046],0.018328732281224433,53.46106385972825,3.100388023279905
1754,16,24,40,[   0   45  154  238  486  556  681  783  859  976 1046],0.018328732281224433,53.46106385972825,3.100388023279905
1755,16,24,60,[   0   91  238  486  556  681  783  859  976 1046],0.018328732281224433,53.46106385972825,3.100388023279905
1756,16,25,0,"[   0   45   91  154  219  238  263  490  556  647  681  783  842  855
  976 1020 1021 1046]",0.024234559769162934,53.470677581819416,3.2897231627863763
1757,16,25,20,"[   0   45   91  219  263  490  556  647  681  783  842  888  976 1020
 1046]",0.024234559769162934,53.470677581819416,3.2897231627863763
1758,16,25,40,[   0   91  219  490  556  681  783  842  976 1046],0.024234559769162934,53.470677581819416,3.2897231627863763
1759,16,25,60,[   0   91  263  490  556  681  842  976 1046],0.024234559769162934,53.470677581819416,3.2897231627863763
1760,16,26,0,"[   0   45   91  210  283  486  556  647  681  776  791  859  931  976
 1020 1021 1046]",0.03262879696842281,56.014352015227985,3.6616130051828937
1761,16,26,20,[   0   45   91  210  283  486  556  647  681  791  859  931  976 1046],0.03262879696842281,56.014352015227985,3.6616130051828937
1762,16,26,40,[   0   91  210  283  486  556  681  791  859  931  976 1046],0.03262879696842281,56.014352015227985,3.6616130051828937
1763,16,26,60,[   0   91  210  283  486  556  681  791  859  976 1046],0.03262879696842281,56.014352015227985,3.6616130051828937
1764,16,27,0,[   0   91  210  238  486  556  659  682  791  859  976 1020 1021 1046],0.012642253249969313,56.670942423185785,3.494760338945884
1765,16,27,20,[   0   91  210  238  486  556  659  682  791  859  976 1046],0.012642253249969313,56.670942423185785,3.494760338945884
1766,16,27,40,[   0   91  238  486  556  682  791  859  976 1046],0.012642253249969313,56.670942423185785,3.494760338945884
1767,16,27,60,[   0   91  238  486  556  682  791  859  976 1046],0.012642253249969313,56.670942423185785,3.494760338945884
1768,16,28,0,"[   0   52  124  206  231  486  556  617  647  682  780  795  841  888
  976 1046]",0.022913085002270548,53.85974716204564,3.449051423171935
1769,16,28,20,[   0  124  206  486  556  647  682  780  841  976 1046],0.022913085002270548,53.85974716204564,3.449051423171935
1770,16,28,40,[   0  124  206  486  556  682  780  841  976 1046],0.022913085002270548,53.85974716204564,3.449051423171935
1771,16,28,60,[   0  124  206  486  556  682  780  841  976 1046],0.022913085002270548,53.85974716204564,3.449051423171935
1772,16,29,0,"[   0   52   92  210  251  332  486  556  647  682  791  841  859  976
 1020 1021 1046]",0.01866073798736002,55.42467302092676,3.1992658814931505
1773,16,29,20,[   0   92  210  251  486  556  647  682  791  841  976 1046],0.01866073798736002,55.42467302092676,3.1992658814931505
1774,16,29,40,[   0   92  210  251  486  556  682  791  841  976 1046],0.01866073798736002,55.42467302092676,3.1992658814931505
1775,16,29,60,[   0   92  210  486  556  682  841  976 1046],0.01866073798736002,55.42467302092676,3.1992658814931505
1776,16,30,0,[   0   81  210  283  556  647  682  779  841  976 1020 1021 1046],0.01955674613256014,54.290531786775915,3.413104052179416
1777,16,30,20,[   0   81  210  556  682  779  841  976 1046],0.01955674613256014,54.290531786775915,3.413104052179416
1778,16,30,40,[   0   81  210  556  682  779  841  976 1046],0.01955674613256014,54.290531786775915,3.413104052179416
1779,16,30,60,[   0   81  210  556  682  779  841  976 1046],0.01955674613256014,54.290531786775915,3.413104052179416
1780,16,31,0,"[   0   52   81  186  203  238  508  556  593  647  682  769  795  841
  856  976 1020 1021 1043 1046]",0.009868043944028604,54.477787342504016,3.437744661897891
1781,16,31,20,[   0   81  203  238  508  556  647  682  769  856  976 1046],0.009868043944028604,54.477787342504016,3.437744661897891
1782,16,31,40,[   0   81  203  508  556  682  769  856  976 1046],0.009868043944028604,54.477787342504016,3.437744661897891
1783,16,31,60,[   0  203  556  682  856  976 1046],0.009868043944028604,54.477787342504016,3.437744661897891
1784,16,32,0,"[   0   45  187  210  232  486  556  649  682  795  859  976 1020 1021
 1046]",0.024290351229601295,54.9726565388538,3.6529921043365583
1785,16,32,20,[   0   45  210  486  556  649  682  795  859  976 1046],0.024290351229601295,54.9726565388538,3.6529921043365583
1786,16,32,40,[   0   45  210  486  556  682  795  859  976 1046],0.024290351229601295,54.9726565388538,3.6529921043365583
1787,16,32,60,[   0  210  486  556  682  795  859  976 1046],0.024290351229601295,54.9726565388538,3.6529921043365583
1788,16,33,0,[   0   45  194  277  486  556  647  682  789  859  971 1020 1021 1046],0.017053554155113542,55.76332167186623,3.4673510964028464
1789,16,33,20,[   0   45   91  194  277  486  556  647  682  789  859  971 1020 1046],0.017053554155113542,55.76332167186623,3.4673510964028464
1790,16,33,40,[   0   45  194  277  486  556  682  789  859  971 1046],0.017053554155113542,55.76332167186623,3.4673510964028464
1791,16,33,60,[   0   91  194  277  486  556  682  789  859  971 1046],0.017053554155113542,55.76332167186623,3.4673510964028464
1792,16,34,0,[   0   45  194  277  486  554  647  682  769  859  976 1020 1021 1046],0.028626970208038026,56.086930451994405,2.8509559342001047
1793,16,34,20,[   0   45  194  277  486  554  647  682  769  859  976 1046],0.028626970208038026,56.086930451994405,2.8509559342001047
1794,16,34,40,[   0   45  194  277  486  554  682  769  859  976 1046],0.028626970208038026,56.086930451994405,2.8509559342001047
1795,16,34,60,[   0   91  194  277  486  554  682  769  859  976 1046],0.028626970208038026,56.086930451994405,2.8509559342001047
1796,16,35,0,"[   0   52  186  210  277  486  556  649  682  795  859  976 1020 1021
 1046]",0.014040812364591164,55.557778625475166,3.6017390208673943
1797,16,35,20,[   0   52  210  277  486  556  649  682  795  859  976 1046],0.014040812364591164,55.557778625475166,3.6017390208673943
1798,16,35,40,[   0   52  210  277  486  556  682  795  859  976 1046],0.014040812364591164,55.557778625475166,3.6017390208673943
1799,16,35,60,[   0  210  277  486  556  682  795  859  976 1046],0.014040812364591164,55.557778625475166,3.6017390208673943
1800,16,36,0,"[   0   45  138  194  277  495  556  649  682  784  795  859  976 1020
 1021 1046]",0.029918682380835213,56.580904817571636,3.219137710242499
1801,16,36,20,[   0   45  138  194  277  495  556  649  682  795  859  976 1046],0.029918682380835213,56.580904817571636,3.219137710242499
1802,16,36,40,[   0   45  194  277  495  556  682  795  859  976 1046],0.029918682380835213,56.580904817571636,3.219137710242499
1803,16,36,60,[   0  138  277  495  556  682  795  859  976 1046],0.029918682380835213,56.580904817571636,3.219137710242499
1804,16,37,0,"[   0   91  192  204  277  522  556  649  682  769  795  841  855  976
 1020 1021 1046]",0.026564583528627148,56.578086378181716,3.095898996909304
1805,16,37,20,[   0   91  204  277  522  556  649  682  769  855  976 1046],0.026564583528627148,56.578086378181716,3.095898996909304
1806,16,37,40,[   0   91  204  556  682  855  976 1046],0.026564583528627148,56.578086378181716,3.095898996909304
1807,16,37,60,[   0   91  204  556  682  855  976 1046],0.026564583528627148,56.578086378181716,3.095898996909304
1808,16,38,0,[   0   71  180  291  522  556  649  682  769  855  976 1020 1021 1046],0.03028919612676317,55.5912823662461,2.930988836133903
1809,16,38,20,[   0   71  180  291  522  556  649  682  769  855  976 1046],0.03028919612676317,55.5912823662461,2.930988836133903
1810,16,38,40,[   0   71  180  291  556  682  795  855  976 1046],0.03028919612676317,55.5912823662461,2.930988836133903
1811,16,38,60,[   0   71  291  556  682  855  976 1046],0.03028919612676317,55.5912823662461,2.930988836133903
1812,16,39,0,"[   0   52  194  204  277  444  556  659  682  776  841  859  971 1020
 1021 1046]",0.020842860860210862,56.54499881915894,3.922514791108698
1813,16,39,20,[   0   52  180  204  277  444  556  659  682  776  841  971 1020 1046],0.020842860860210862,56.54499881915894,3.922514791108698
1814,16,39,40,[   0   52  204  556  682  776  841  971 1046],0.020842860860210862,56.54499881915894,3.922514791108698
1815,16,39,60,[   0  204  556  682  776  841  971 1046],0.020842860860210862,56.54499881915894,3.922514791108698
1816,16,40,0,"[   0   52  185  288  495  556  649  682  769  841  859  971 1020 1021
 1046]",0.014380608110243212,56.39532998337984,3.5505556629553343
1817,16,40,20,[   0   52  185  288  495  556  649  682  769  841  971 1046],0.014380608110243212,56.39532998337984,3.5505556629553343
1818,16,40,40,[   0   52  185  288  495  556  682  795  841  971 1046],0.014380608110243212,56.39532998337984,3.5505556629553343
1819,16,40,60,[   0  185  288  495  556  682  841  971 1046],0.014380608110243212,56.39532998337984,3.5505556629553343
1820,16,41,0,"[   0   92  186  288  495  556  617  652  682  769  795  841  859  971
 1020 1021 1046]",0.014023076962953403,55.854958348153055,4.080781718935419
1821,16,41,20,[   0   92  186  288  495  556  652  682  769  841  971 1020 1046],0.014023076962953403,55.854958348153055,4.080781718935419
1822,16,41,40,[   0   92  186  288  495  556  682  795  841  971 1046],0.014023076962953403,55.854958348153055,4.080781718935419
1823,16,41,60,[   0   92  186  288  495  556  682  841  971 1046],0.014023076962953403,55.854958348153055,4.080781718935419
1824,16,42,0,[   0  111  210  291  478  556  659  682  795  859  976 1020 1021 1046],0.023623413466094867,57.08278521201142,3.6011208147528886
1825,16,42,20,[   0  111  210  291  478  556  659  682  795  859  976 1046],0.023623413466094867,57.08278521201142,3.6011208147528886
1826,16,42,40,[   0  111  210  291  478  556  682  795  859  976 1046],0.023623413466094867,57.08278521201142,3.6011208147528886
1827,16,42,60,[   0  111  210  291  478  556  682  795  859  976 1046],0.023623413466094867,57.08278521201142,3.6011208147528886
1828,16,43,0,"[   0  111  206  291  478  556  647  682  795  841  859  976 1020 1021
 1046]",0.025843739892400543,56.46576389504844,2.8945441189856673
1829,16,43,20,[   0  111  206  291  478  556  647  682  795  841  976 1046],0.025843739892400543,56.46576389504844,2.8945441189856673
1830,16,43,40,[   0  111  206  291  478  556  682  795  841  976 1046],0.025843739892400543,56.46576389504844,2.8945441189856673
1831,16,43,60,[   0  111  206  556  682  841  976 1046],0.025843739892400543,56.46576389504844,2.8945441189856673
1832,16,44,0,"[   0   92  206  248  342  556  659  682  769  841  859  970 1020 1021
 1046]",0.01060861643531772,56.54810065630886,3.284318861641685
1833,16,44,20,[   0   92  206  342  556  682  769  841  970 1046],0.01060861643531772,56.54810065630886,3.284318861641685
1834,16,44,40,[   0   92  206  342  556  682  769  841  970 1046],0.01060861643531772,56.54810065630886,3.284318861641685
1835,16,44,60,[   0   92  206  342  556  682  769  841  970 1046],0.01060861643531772,56.54810065630886,3.284318861641685
1836,16,45,0,"[   0   52   92  170  210  248  291  538  556  659  682  769  795  841
  859  970 1020 1021 1043 1046]",0.020108973612830358,57.049926580359234,3.2483745722356816
1837,16,45,20,[   0   92  206  556  682  769  841  970 1046],0.020108973612830358,57.049926580359234,3.2483745722356816
1838,16,45,40,[   0   92  206  556  682  795  841  970 1046],0.020108973612830358,57.049926580359234,3.2483745722356816
1839,16,45,60,[   0   92  206  556  682  841  970 1046],0.020108973612830358,57.049926580359234,3.2483745722356816
1840,16,46,0,[   0   45  186  342  556  682  769  857  970 1020 1021 1046],0.021277310555232153,57.40926524778242,3.6784066792803904
1841,16,46,20,[   0   45  186  342  556  682  795  857  970 1046],0.021277310555232153,57.40926524778242,3.6784066792803904
1842,16,46,40,[   0   45  186  342  556  682  795  857  970 1046],0.021277310555232153,57.40926524778242,3.6784066792803904
1843,16,46,60,[   0  186  342  556  682  795  857  970 1046],0.021277310555232153,57.40926524778242,3.6784066792803904
1844,16,47,0,"[   0   52  186  291  342  495  556  667  682  769  795  841  857  970
 1020 1021 1043 1046]",0.019488459647909424,57.198043647508875,3.392995806021812
1845,16,47,20,[   0   52  186  291  495  556  682  795  857  970 1046],0.019488459647909424,57.198043647508875,3.392995806021812
1846,16,47,40,[   0   52  186  291  495  556  682  795  857  970 1046],0.019488459647909424,57.198043647508875,3.392995806021812
1847,16,47,60,[   0  186  291  495  556  682  795  857  970 1046],0.019488459647909424,57.198043647508875,3.392995806021812
1848,16,48,0,"[   0   52  186  206  288  495  556  647  682  769  795  841  857  970
 1020 1021 1046]",0.022757173481867368,58.052899110150264,3.207154363170342
1849,16,48,20,[   0   52  186  288  495  556  647  682  795  857  970 1020 1046],0.022757173481867368,58.052899110150264,3.207154363170342
1850,16,48,40,[   0   52  186  288  495  556  682  795  857  970 1046],0.022757173481867368,58.052899110150264,3.207154363170342
1851,16,48,60,[   0  186  288  495  556  682  795  857  970 1046],0.022757173481867368,58.052899110150264,3.207154363170342
1852,16,49,0,"[   0   52  186  206  288  495  556  647  682  795  857  976 1020 1021
 1046]",0.020558972530962703,57.32155232508233,3.1689347955221328
1853,16,49,20,[   0   52  186  288  495  556  647  682  795  857  976 1046],0.020558972530962703,57.32155232508233,3.1689347955221328
1854,16,49,40,[   0   52  186  288  495  556  682  795  857  976 1046],0.020558972530962703,57.32155232508233,3.1689347955221328
1855,16,49,60,[   0  186  288  495  556  682  795  857  976 1046],0.020558972530962703,57.32155232508233,3.1689347955221328
1856,16,50,0,[   0  116  210  269  464  556  647  682  795  857  976 1020 1021 1046],0.02366067488544922,57.346593141802494,3.047478035452369
1857,16,50,20,[   0  116  210  269  464  556  647  682  795  857  976 1046],0.02366067488544922,57.346593141802494,3.047478035452369
1858,16,50,40,[   0  116  210  464  556  682  795  857  976 1046],0.02366067488544922,57.346593141802494,3.047478035452369
1859,16,50,60,[   0  116  210  464  556  682  795  857  976 1046],0.02366067488544922,57.346593141802494,3.047478035452369
1860,17,20,0,"[   0   52   91  186  203  250  340  364  486  556  659  682  780  795
  841  931  976 1046]",-0.0013135159188004857,46.972648983106,3.6938690874993063
1861,17,20,20,"[   0   91  203  250  340  364  486  556  659  682  780  841  931  976
 1046]",-0.0013135159188004857,46.972648983106,3.6938690874993063
1862,17,20,40,[   0   91  203  250  486  556  682  780  841  931  976 1046],-0.0013135159188004857,46.972648983106,3.6938690874993063
1863,17,20,60,[   0   91  203  486  556  682  780  841  976 1046],-0.0013135159188004857,46.972648983106,3.6938690874993063
1864,17,21,0,"[   0   45   91  217  243  264  340  364  487  556  659  682  731  855
  931  976 1020 1021 1046]",0.003439156169360788,48.85388417736582,3.1231174688266767
1865,17,21,20,"[   0   45   91  217  243  264  340  364  487  556  659  682  731  855
  931  976 1020 1046]",0.003439156169360788,48.85388417736582,3.1231174688266767
1866,17,21,40,[   0   91  217  487  556  682  855  976 1046],0.003439156169360788,48.85388417736582,3.1231174688266767
1867,17,21,60,[   0   91  217  487  556  682  855  976 1046],0.003439156169360788,48.85388417736582,3.1231174688266767
1868,17,22,0,"[   0   45   91  210  283  340  364  486  556  659  681  776  841  931
  976 1020 1021 1046]",0.009489900738946936,50.436738023569816,3.1230732068022125
1869,17,22,20,"[   0   45   91  210  283  340  364  486  556  659  681  776  841  931
  976 1020 1046]",0.009489900738946936,50.436738023569816,3.1230732068022125
1870,17,22,40,[   0   91  210  283  486  556  681  776  841  931  976 1046],0.009489900738946936,50.436738023569816,3.1230732068022125
1871,17,22,60,[   0   91  210  283  486  556  681  776  841  976 1046],0.009489900738946936,50.436738023569816,3.1230732068022125
1872,17,23,0,[   0   45  210  323  556  681  776  841  931  976 1020 1021 1046],0.015723324570814746,50.62352267963805,3.5210917729774414
1873,17,23,20,[   0   45  210  556  681  776  841  976 1046],0.015723324570814746,50.62352267963805,3.5210917729774414
1874,17,23,40,[   0   45  210  556  681  776  841  976 1046],0.015723324570814746,50.62352267963805,3.5210917729774414
1875,17,23,60,[   0  210  556  681  776  841  976 1046],0.015723324570814746,50.62352267963805,3.5210917729774414
1876,17,24,0,"[   0   45   91  219  238  486  556  647  681  776  798  859  976 1020
 1021 1046]",0.014304275094795796,51.10207271957057,3.2552703123868447
1877,17,24,20,[   0   45  154  238  486  556  647  681  783  859  976 1046],0.014304275094795796,51.10207271957057,3.2552703123868447
1878,17,24,40,[   0   45  154  238  486  556  681  783  859  976 1046],0.014304275094795796,51.10207271957057,3.2552703123868447
1879,17,24,60,[   0   91  238  486  556  681  783  859  976 1046],0.014304275094795796,51.10207271957057,3.2552703123868447
1880,17,25,0,"[   0   45   91  154  219  238  263  490  556  647  681  783  842  855
  976 1020 1021 1046]",0.020133843057552413,51.774252217674444,3.253309417733357
1881,17,25,20,"[   0   45   91  219  263  490  556  647  681  783  842  888  976 1020
 1046]",0.020133843057552413,51.774252217674444,3.253309417733357
1882,17,25,40,[   0   91  219  490  556  681  783  842  976 1046],0.020133843057552413,51.774252217674444,3.253309417733357
1883,17,25,60,[   0   91  263  490  556  681  842  976 1046],0.020133843057552413,51.774252217674444,3.253309417733357
1884,17,26,0,"[   0   45   91  210  283  486  556  647  681  776  791  859  931  976
 1020 1021 1046]",0.03303019605764946,53.99930160593356,3.567748931011319
1885,17,26,20,[   0   45   91  210  283  486  556  647  681  791  859  931  976 1046],0.03303019605764946,53.99930160593356,3.567748931011319
1886,17,26,40,[   0   91  210  283  486  556  681  791  859  931  976 1046],0.03303019605764946,53.99930160593356,3.567748931011319
1887,17,26,60,[   0   91  210  283  486  556  681  791  859  976 1046],0.03303019605764946,53.99930160593356,3.567748931011319
1888,17,27,0,[   0   91  210  294  486  556  659  682  791  859  976 1020 1021 1046],0.011365445291703209,54.65320958466278,3.4630839250221923
1889,17,27,20,[   0   91  210  294  486  556  659  682  791  859  976 1046],0.011365445291703209,54.65320958466278,3.4630839250221923
1890,17,27,40,[   0   91  210  294  486  556  682  791  859  976 1046],0.011365445291703209,54.65320958466278,3.4630839250221923
1891,17,27,60,[   0   91  210  294  486  556  682  791  859  976 1046],0.011365445291703209,54.65320958466278,3.4630839250221923
1892,17,28,0,"[   0   52  124  192  206  231  486  556  617  647  682  780  795  841
  888  976 1020 1021 1046]",0.02363064011187571,52.02975914800177,3.2790974390368715
1893,17,28,20,"[   0   52  124  206  231  486  556  617  647  682  780  841  888  976
 1020 1046]",0.02363064011187571,52.02975914800177,3.2790974390368715
1894,17,28,40,[   0  124  206  486  556  682  780  841  976 1046],0.02363064011187571,52.02975914800177,3.2790974390368715
1895,17,28,60,[   0  124  206  486  556  682  780  841  976 1046],0.02363064011187571,52.02975914800177,3.2790974390368715
1896,17,29,0,"[   0   52   92  210  251  332  486  503  556  647  682  769  795  841
  859  976 1020 1021 1043 1046]",0.018838300963321567,53.559087058865714,3.3481824940424403
1897,17,29,20,[   0   92  210  251  486  556  647  682  769  841  976 1046],0.018838300963321567,53.559087058865714,3.3481824940424403
1898,17,29,40,[   0   92  210  251  486  556  682  769  841  976 1046],0.018838300963321567,53.559087058865714,3.3481824940424403
1899,17,29,60,[   0   92  210  486  556  682  769  841  976 1046],0.018838300963321567,53.559087058865714,3.3481824940424403
1900,17,30,0,[   0   81  210  283  556  647  682  779  855  976 1020 1021 1046],0.021003235811100026,52.39462385228921,3.215810641807804
1901,17,30,20,[   0   81  210  556  682  779  855  976 1046],0.021003235811100026,52.39462385228921,3.215810641807804
1902,17,30,40,[   0   81  210  556  682  779  855  976 1046],0.021003235811100026,52.39462385228921,3.215810641807804
1903,17,30,60,[   0   81  210  556  682  779  855  976 1046],0.021003235811100026,52.39462385228921,3.215810641807804
1904,17,31,0,"[   0   52   81  186  203  238  508  556  593  647  682  769  795  841
  856  976 1020 1021 1043 1046]",0.011999166791817447,52.71486202251705,3.3584902823608402
1905,17,31,20,[   0   81  203  238  508  556  647  682  769  856  976 1046],0.011999166791817447,52.71486202251705,3.3584902823608402
1906,17,31,40,[   0   81  203  508  556  682  769  856  976 1046],0.011999166791817447,52.71486202251705,3.3584902823608402
1907,17,31,60,[   0  203  556  682  856  976 1046],0.011999166791817447,52.71486202251705,3.3584902823608402
1908,17,32,0,"[   0   45  124  210  232  486  556  649  682  795  859  976 1020 1021
 1046]",0.025677142112625624,53.41142568749166,3.555969920492238
1909,17,32,20,[   0  124  210  486  556  649  682  795  859  976 1046],0.025677142112625624,53.41142568749166,3.555969920492238
1910,17,32,40,[   0  124  210  486  556  682  795  859  976 1046],0.025677142112625624,53.41142568749166,3.555969920492238
1911,17,32,60,[   0  124  210  486  556  682  795  859  976 1046],0.025677142112625624,53.41142568749166,3.555969920492238
1912,17,33,0,[   0   45  194  277  486  556  647  682  789  859  971 1020 1021 1046],0.019088036416321973,54.04585117930794,3.2487688327854287
1913,17,33,20,[   0   45   91  194  277  486  556  647  682  789  859  971 1020 1046],0.019088036416321973,54.04585117930794,3.2487688327854287
1914,17,33,40,[   0   45  194  277  486  556  682  789  859  971 1046],0.019088036416321973,54.04585117930794,3.2487688327854287
1915,17,33,60,[   0   91  194  277  486  556  682  789  859  971 1046],0.019088036416321973,54.04585117930794,3.2487688327854287
1916,17,34,0,[   0   45  194  277  486  554  647  682  789  859  976 1020 1021 1046],0.031226855464077833,54.221379027114445,2.7988909817343166
1917,17,34,20,[   0   45  194  277  486  554  647  682  789  859  976 1046],0.031226855464077833,54.221379027114445,2.7988909817343166
1918,17,34,40,[   0   45  194  277  486  554  682  789  859  976 1046],0.031226855464077833,54.221379027114445,2.7988909817343166
1919,17,34,60,[   0   91  194  277  486  554  682  789  859  976 1046],0.031226855464077833,54.221379027114445,2.7988909817343166
1920,17,35,0,"[   0   52  186  210  277  486  556  649  682  795  859  976 1020 1021
 1046]",0.01679715861712045,54.00605140064023,3.3508559290530653
1921,17,35,20,[   0   52  210  277  486  556  649  682  795  859  976 1046],0.01679715861712045,54.00605140064023,3.3508559290530653
1922,17,35,40,[   0   52  210  277  486  556  682  795  859  976 1046],0.01679715861712045,54.00605140064023,3.3508559290530653
1923,17,35,60,[   0  210  277  486  556  682  795  859  976 1046],0.01679715861712045,54.00605140064023,3.3508559290530653
1924,17,36,0,"[   0   45  138  194  277  495  556  649  682  784  795  859  976 1020
 1021 1046]",0.026736814373015033,54.86544955086802,3.33606914282525
1925,17,36,20,[   0   45  138  194  277  495  556  649  682  795  859  976 1046],0.026736814373015033,54.86544955086802,3.33606914282525
1926,17,36,40,[   0   45  194  277  495  556  682  795  859  976 1046],0.026736814373015033,54.86544955086802,3.33606914282525
1927,17,36,60,[   0  138  277  495  556  682  795  859  976 1046],0.026736814373015033,54.86544955086802,3.33606914282525
1928,17,37,0,"[   0   91  192  204  277  522  556  649  682  769  795  841  855  976
 1020 1021 1046]",0.016012615377529408,54.6141121242929,2.8322073313732856
1929,17,37,20,[   0   91  204  277  522  556  649  682  769  855  976 1046],0.016012615377529408,54.6141121242929,2.8322073313732856
1930,17,37,40,[   0   91  204  556  682  855  976 1046],0.016012615377529408,54.6141121242929,2.8322073313732856
1931,17,37,60,[   0   91  204  556  682  855  976 1046],0.016012615377529408,54.6141121242929,2.8322073313732856
1932,17,38,0,[   0   71  180  282  458  556  649  682  769  855  976 1020 1021 1046],0.027693939039411797,53.728454523379085,2.8276438465683853
1933,17,38,20,[   0   71  180  282  458  556  649  682  769  855  976 1046],0.027693939039411797,53.728454523379085,2.8276438465683853
1934,17,38,40,[   0   71  180  282  458  556  682  795  855  976 1046],0.027693939039411797,53.728454523379085,2.8276438465683853
1935,17,38,60,[   0   71  282  556  682  855  976 1046],0.027693939039411797,53.728454523379085,2.8276438465683853
1936,17,39,0,"[   0   52  194  204  277  489  556  647  682  776  841  859  971 1020
 1021 1046]",0.020513524634397887,54.64494457571994,3.8286688429861195
1937,17,39,20,[   0   52  180  204  277  489  556  647  682  776  841  971 1020 1046],0.020513524634397887,54.64494457571994,3.8286688429861195
1938,17,39,40,[   0   52  204  277  489  556  682  776  841  971 1046],0.020513524634397887,54.64494457571994,3.8286688429861195
1939,17,39,60,[   0  204  277  489  556  682  776  841  971 1046],0.020513524634397887,54.64494457571994,3.8286688429861195
1940,17,40,0,"[   0   52  185  283  495  556  649  682  769  841  859  971 1020 1021
 1046]",0.01750953734632844,54.71194655701449,3.4047000563286063
1941,17,40,20,[   0   52  185  283  495  556  649  682  769  841  971 1046],0.01750953734632844,54.71194655701449,3.4047000563286063
1942,17,40,40,[   0   52  185  283  495  556  682  795  841  971 1046],0.01750953734632844,54.71194655701449,3.4047000563286063
1943,17,40,60,[   0  185  283  495  556  682  841  971 1046],0.01750953734632844,54.71194655701449,3.4047000563286063
1944,17,41,0,"[   0   92  124  186  288  495  556  617  652  682  769  795  841  859
  971 1020 1021 1046]",0.015756185761290585,54.1244604477515,3.9428067497552814
1945,17,41,20,[   0  124  186  288  495  556  652  682  769  841  971 1020 1046],0.015756185761290585,54.1244604477515,3.9428067497552814
1946,17,41,40,[   0  124  186  288  495  556  682  795  841  971 1046],0.015756185761290585,54.1244604477515,3.9428067497552814
1947,17,41,60,[   0  124  288  495  556  682  841  971 1046],0.015756185761290585,54.1244604477515,3.9428067497552814
1948,17,42,0,[   0  111  210  291  478  556  659  682  769  855  976 1020 1021 1046],0.024168320090828914,55.0005004470622,3.3709062085474195
1949,17,42,20,[   0  111  210  291  478  556  682  769  855  976 1046],0.024168320090828914,55.0005004470622,3.3709062085474195
1950,17,42,40,[   0  111  210  291  478  556  682  795  855  976 1046],0.024168320090828914,55.0005004470622,3.3709062085474195
1951,17,42,60,[   0  111  210  556  682  855  976 1046],0.024168320090828914,55.0005004470622,3.3709062085474195
1952,17,43,0,"[   0  111  206  291  478  556  647  682  795  841  859  976 1020 1021
 1046]",0.014732623066173692,54.558808466809225,3.1278386211252878
1953,17,43,20,[   0  111  206  291  478  556  647  682  795  841  976 1046],0.014732623066173692,54.558808466809225,3.1278386211252878
1954,17,43,40,[   0  111  206  291  478  556  682  795  841  976 1046],0.014732623066173692,54.558808466809225,3.1278386211252878
1955,17,43,60,[   0  111  206  556  682  841  976 1046],0.014732623066173692,54.558808466809225,3.1278386211252878
1956,17,44,0,"[   0   52   92  206  248  342  444  556  659  682  769  841  859  970
 1020 1021 1046]",0.008196602356113044,54.57093868098155,3.4373574187389653
1957,17,44,20,[   0   92  206  248  444  556  659  682  769  841  970 1020 1046],0.008196602356113044,54.57093868098155,3.4373574187389653
1958,17,44,40,[   0   92  206  248  444  556  682  769  841  970 1046],0.008196602356113044,54.57093868098155,3.4373574187389653
1959,17,44,60,[   0   92  206  556  682  769  841  970 1046],0.008196602356113044,54.57093868098155,3.4373574187389653
1960,17,45,0,"[   0   52   92  170  210  248  291  538  556  659  682  769  795  841
  859  912  970 1020 1021 1043 1046]",0.020199126244503155,55.03906095466128,3.032559445387756
1961,17,45,20,[   0   92  206  556  682  769  841  970 1046],0.020199126244503155,55.03906095466128,3.032559445387756
1962,17,45,40,[   0   92  206  556  682  795  841  970 1046],0.020199126244503155,55.03906095466128,3.032559445387756
1963,17,45,60,[   0   92  206  556  682  841  970 1046],0.020199126244503155,55.03906095466128,3.032559445387756
1964,17,46,0,"[   0   45  186  342  556  617  642  682  769  841  912  970 1020 1021
 1046]",0.020741337174778537,55.38696269349298,3.3535902991520623
1965,17,46,20,[   0   45  186  342  556  682  769  841  970 1046],0.020741337174778537,55.38696269349298,3.3535902991520623
1966,17,46,40,[   0   45  186  342  556  682  795  841  970 1046],0.020741337174778537,55.38696269349298,3.3535902991520623
1967,17,46,60,[   0  186  556  682  841  970 1046],0.020741337174778537,55.38696269349298,3.3535902991520623
1968,17,47,0,"[   0   52  186  291  342  495  556  659  682  769  795  841  857  970
 1020 1021 1046]",0.019465151554877814,55.32298420967336,3.688962050942929
1969,17,47,20,[   0   52  186  291  495  556  659  682  795  857  970 1020 1046],0.019465151554877814,55.32298420967336,3.688962050942929
1970,17,47,40,[   0   52  186  291  495  556  682  795  857  970 1046],0.019465151554877814,55.32298420967336,3.688962050942929
1971,17,47,60,[   0  186  291  495  556  682  795  857  970 1046],0.019465151554877814,55.32298420967336,3.688962050942929
1972,17,48,0,"[   0   52  186  206  288  495  556  647  682  769  795  841  857  970
 1020 1021 1046]",0.022754461186688293,56.14769022915721,3.50413442637481
1973,17,48,20,[   0   52  186  288  495  556  647  682  795  857  970 1020 1046],0.022754461186688293,56.14769022915721,3.50413442637481
1974,17,48,40,[   0   52  186  288  495  556  682  795  857  970 1046],0.022754461186688293,56.14769022915721,3.50413442637481
1975,17,48,60,[   0  186  288  495  556  682  795  857  970 1046],0.022754461186688293,56.14769022915721,3.50413442637481
1976,17,49,0,"[   0   52  186  206  265  269  495  556  647  682  795  857  976 1020
 1021 1046]",0.019269580518474806,55.3423499319133,3.2675273942374963
1977,17,49,20,[   0   52  206  265  495  556  647  682  795  857  976 1046],0.019269580518474806,55.3423499319133,3.2675273942374963
1978,17,49,40,[   0   52  206  265  495  556  682  795  857  976 1046],0.019269580518474806,55.3423499319133,3.2675273942374963
1979,17,49,60,[   0  206  495  556  682  795  857  976 1046],0.019269580518474806,55.3423499319133,3.2675273942374963
1980,17,50,0,"[   0  116  210  265  269  464  556  647  682  795  857  976 1020 1021
 1046]",0.022146269939174196,55.432322328642414,3.1619808352764673
1981,17,50,20,[   0  116  210  265  464  556  647  682  795  857  976 1046],0.022146269939174196,55.432322328642414,3.1619808352764673
1982,17,50,40,[   0  116  210  265  464  556  682  795  857  976 1046],0.022146269939174196,55.432322328642414,3.1619808352764673
1983,17,50,60,[   0  116  210  464  556  682  795  857  976 1046],0.022146269939174196,55.432322328642414,3.1619808352764673
1984,18,20,0,"[   0   52   91  186  203  250  340  364  486  556  659  682  780  795
  841  931  976 1020 1021 1046]",8.267186970614645e-05,46.040701293824064,3.511383226774382
1985,18,20,20,"[   0   91  203  250  340  364  486  556  659  682  780  841  931  976
 1046]",8.267186970614645e-05,46.040701293824064,3.511383226774382
1986,18,20,40,[   0   91  203  250  486  556  682  780  841  931  976 1046],8.267186970614645e-05,46.040701293824064,3.511383226774382
1987,18,20,60,[   0   91  203  486  556  682  780  841  976 1046],8.267186970614645e-05,46.040701293824064,3.511383226774382
1988,18,21,0,"[   0   45   91  186  217  243  264  340  364  487  556  659  682  731
  841  855  931  955  976 1020 1021 1046]",0.0038855546225549428,47.47841786573457,3.5464723427144937
1989,18,21,20,"[   0   45   91  186  217  243  264  340  364  487  556  659  682  731
  855  931  955  976 1020 1046]",0.0038855546225549428,47.47841786573457,3.5464723427144937
1990,18,21,40,[   0   91  217  487  556  682  855  976 1046],0.0038855546225549428,47.47841786573457,3.5464723427144937
1991,18,21,60,[   0   91  217  487  556  682  855  976 1046],0.0038855546225549428,47.47841786573457,3.5464723427144937
1992,18,22,0,"[   0   45   91  210  283  340  364  486  556  659  681  776  841  931
  976 1020 1021 1046]",0.012470383181875013,48.864807332566954,3.244217261615651
1993,18,22,20,"[   0   45   91  210  283  340  364  486  556  659  681  776  841  931
  976 1020 1046]",0.012470383181875013,48.864807332566954,3.244217261615651
1994,18,22,40,[   0   91  210  283  486  556  681  776  841  931  976 1046],0.012470383181875013,48.864807332566954,3.244217261615651
1995,18,22,60,[   0   91  210  283  486  556  681  776  841  976 1046],0.012470383181875013,48.864807332566954,3.244217261615651
1996,18,23,0,[   0   45  210  323  556  681  776  841  931  976 1020 1021 1046],0.015294418892313066,48.84451405272324,3.275326735516237
1997,18,23,20,[   0   45  210  556  681  776  855  976 1046],0.015294418892313066,48.84451405272324,3.275326735516237
1998,18,23,40,[   0   45  210  556  681  776  855  976 1046],0.015294418892313066,48.84451405272324,3.275326735516237
1999,18,23,60,[   0  210  556  681  855  976 1046],0.015294418892313066,48.84451405272324,3.275326735516237
2000,18,24,0,"[   0   45   91  219  294  486  556  647  681  776  859  976 1020 1021
 1046]",0.015809325269136403,49.56662485578194,3.228357491424893
2001,18,24,20,[   0   91  219  294  486  556  647  681  783  859  976 1046],0.015809325269136403,49.56662485578194,3.228357491424893
2002,18,24,40,[   0   91  219  486  556  681  783  859  976 1046],0.015809325269136403,49.56662485578194,3.228357491424893
2003,18,24,60,[   0   91  219  486  556  681  783  859  976 1046],0.015809325269136403,49.56662485578194,3.228357491424893
2004,18,25,0,"[   0   45   91  154  219  238  263  486  556  647  681  783  842  855
  976 1020 1021 1046]",0.01701579584450884,50.22832281418062,3.2773983624359264
2005,18,25,20,"[   0   45   91  219  263  486  556  647  681  783  842  888  976 1020
 1046]",0.01701579584450884,50.22832281418062,3.2773983624359264
2006,18,25,40,[   0   91  219  486  556  681  783  842  976 1046],0.01701579584450884,50.22832281418062,3.2773983624359264
2007,18,25,60,[   0   91  263  486  556  681  842  976 1046],0.01701579584450884,50.22832281418062,3.2773983624359264
2008,18,26,0,"[   0   45   91  210  283  486  556  647  681  776  791  859  931  976
 1020 1021 1046]",0.03291746752987066,52.097979504091676,3.507861653484493
2009,18,26,20,[   0   45   91  210  283  486  556  647  681  791  859  931  976 1046],0.03291746752987066,52.097979504091676,3.507861653484493
2010,18,26,40,[   0   91  210  283  486  556  681  791  859  931  976 1046],0.03291746752987066,52.097979504091676,3.507861653484493
2011,18,26,60,[   0   91  210  283  486  556  681  791  859  976 1046],0.03291746752987066,52.097979504091676,3.507861653484493
2012,18,27,0,[   0   91  210  294  486  556  647  682  791  859  976 1020 1021 1046],0.01298805934082564,52.86079667643417,3.365065160485394
2013,18,27,20,[   0   91  210  294  486  556  647  682  791  859  976 1046],0.01298805934082564,52.86079667643417,3.365065160485394
2014,18,27,40,[   0   91  210  294  486  556  682  791  859  976 1046],0.01298805934082564,52.86079667643417,3.365065160485394
2015,18,27,60,[   0   91  210  294  486  556  682  791  859  976 1046],0.01298805934082564,52.86079667643417,3.365065160485394
2016,18,28,0,"[   0   52  124  192  206  231  486  556  617  647  682  780  795  841
  888  976 1020 1021 1046]",0.016675765757508607,50.23958595302014,3.281024571310164
2017,18,28,20,"[   0   52  124  206  231  486  556  617  647  682  780  841  888  976
 1020 1046]",0.016675765757508607,50.23958595302014,3.281024571310164
2018,18,28,40,[   0  124  206  486  556  682  780  841  976 1046],0.016675765757508607,50.23958595302014,3.281024571310164
2019,18,28,60,[   0  124  206  486  556  682  780  841  976 1046],0.016675765757508607,50.23958595302014,3.281024571310164
2020,18,29,0,"[   0   52   92  210  251  332  486  503  556  647  682  769  795  841
  855  976 1020 1021 1043 1046]",0.02093083051802877,51.89359605281643,3.1158969677371595
2021,18,29,20,[   0   92  210  251  486  556  647  682  769  855  976 1046],0.02093083051802877,51.89359605281643,3.1158969677371595
2022,18,29,40,[   0   92  210  251  486  556  682  769  855  976 1046],0.02093083051802877,51.89359605281643,3.1158969677371595
2023,18,29,60,[   0   92  210  486  556  682  769  855  976 1046],0.02093083051802877,51.89359605281643,3.1158969677371595
2024,18,30,0,"[   0   81  210  283  490  556  647  682  779  795  855  976 1020 1021
 1046]",0.022778322861381737,50.70629665932398,3.1450022863597042
2025,18,30,20,[   0   81  210  283  490  556  647  682  779  855  976 1046],0.022778322861381737,50.70629665932398,3.1450022863597042
2026,18,30,40,[   0   81  210  283  490  556  682  779  855  976 1046],0.022778322861381737,50.70629665932398,3.1450022863597042
2027,18,30,60,[   0   81  210  283  490  556  682  779  855  976 1046],0.022778322861381737,50.70629665932398,3.1450022863597042
2028,18,31,0,"[   0   52   81  186  203  238  508  556  593  647  667  677  682  769
  795  841  856  976 1020 1021 1043 1046]",0.015229272688680016,51.178754488823635,3.640598345486481
2029,18,31,20,[   0   81  203  238  508  556  647  682  769  856  976 1046],0.015229272688680016,51.178754488823635,3.640598345486481
2030,18,31,40,[   0   81  203  508  556  682  769  856  976 1046],0.015229272688680016,51.178754488823635,3.640598345486481
2031,18,31,60,[   0  203  556  682  856  976 1046],0.015229272688680016,51.178754488823635,3.640598345486481
2032,18,32,0,"[   0   45  124  210  294  486  556  649  682  795  859  976 1020 1021
 1046]",0.026199975527779504,51.8803494993209,3.482711824907515
2033,18,32,20,[   0   45  124  210  294  490  556  649  682  795  859  976 1046],0.026199975527779504,51.8803494993209,3.482711824907515
2034,18,32,40,[   0  124  210  294  490  556  682  795  859  976 1046],0.026199975527779504,51.8803494993209,3.482711824907515
2035,18,32,60,[   0  124  210  294  490  556  682  795  859  976 1046],0.026199975527779504,51.8803494993209,3.482711824907515
2036,18,33,0,[   0   45  194  277  486  556  647  682  789  859  971 1020 1021 1046],0.020865771560252485,52.46444160647596,3.1992890082381367
2037,18,33,20,[   0   45   91  194  277  486  556  647  682  789  859  971 1020 1046],0.020865771560252485,52.46444160647596,3.1992890082381367
2038,18,33,40,[   0   45  194  277  486  556  682  789  859  971 1046],0.020865771560252485,52.46444160647596,3.1992890082381367
2039,18,33,60,[   0   91  194  277  486  556  682  789  859  971 1046],0.020865771560252485,52.46444160647596,3.1992890082381367
2040,18,34,0,[   0   45  194  277  486  554  647  682  769  859  976 1020 1021 1046],0.029628834223524355,52.47910165419896,2.9534904578611196
2041,18,34,20,[   0   45  194  277  486  554  647  682  789  859  976 1046],0.029628834223524355,52.47910165419896,2.9534904578611196
2042,18,34,40,[   0   45  194  277  486  554  682  789  859  976 1046],0.029628834223524355,52.47910165419896,2.9534904578611196
2043,18,34,60,[   0   91  194  277  486  554  682  789  859  976 1046],0.029628834223524355,52.47910165419896,2.9534904578611196
2044,18,35,0,"[   0   52  186  206  277  486  556  649  682  795  859  976 1020 1021
 1046]",0.02006574736512316,52.55969347601418,3.280123612482007
2045,18,35,20,[   0   52  186  277  486  556  649  682  795  859  976 1046],0.02006574736512316,52.55969347601418,3.280123612482007
2046,18,35,40,[   0   52  186  277  486  556  682  795  859  976 1046],0.02006574736512316,52.55969347601418,3.280123612482007
2047,18,35,60,[   0  186  277  486  556  682  795  859  976 1046],0.02006574736512316,52.55969347601418,3.280123612482007
2048,18,36,0,"[   0   45  124  194  277  495  556  649  682  784  795  859  976 1020
 1021 1046]",0.028130288784645182,53.27252592860639,3.226429766770348
2049,18,36,20,[   0   45  124  194  277  495  556  649  682  795  859  976 1046],0.028130288784645182,53.27252592860639,3.226429766770348
2050,18,36,40,[   0  124  194  277  495  556  682  795  859  976 1046],0.028130288784645182,53.27252592860639,3.226429766770348
2051,18,36,60,[   0  124  194  277  495  556  682  795  859  976 1046],0.028130288784645182,53.27252592860639,3.226429766770348
2052,18,37,0,"[   0   91  192  204  277  347  522  556  649  682  769  795  841  855
  976 1020 1021 1043 1046]",0.01669952394181135,52.871149566881265,3.000795879789963
2053,18,37,20,"[   0   91  154  204  277  347  522  556  649  682  769  795  855  976
 1020 1046]",0.01669952394181135,52.871149566881265,3.000795879789963
2054,18,37,40,[   0   91  204  556  682  855  976 1046],0.01669952394181135,52.871149566881265,3.000795879789963
2055,18,37,60,[   0   91  204  556  682  855  976 1046],0.01669952394181135,52.871149566881265,3.000795879789963
2056,18,38,0,[   0   71  180  282  458  556  649  682  769  855  976 1020 1021 1046],0.020303989079518126,52.0648780814374,2.809896308863271
2057,18,38,20,[   0   71  180  282  458  556  649  682  769  855  976 1046],0.020303989079518126,52.0648780814374,2.809896308863271
2058,18,38,40,[   0   71  180  282  458  556  682  795  855  976 1046],0.020303989079518126,52.0648780814374,2.809896308863271
2059,18,38,60,[   0   71  282  556  682  855  976 1046],0.020303989079518126,52.0648780814374,2.809896308863271
2060,18,39,0,"[   0   52  194  204  277  489  556  647  682  776  841  859  976 1020
 1021 1046]",0.021447433393112548,52.907911479264904,3.874727423328299
2061,18,39,20,[   0   52  204  277  489  556  647  682  776  841  976 1046],0.021447433393112548,52.907911479264904,3.874727423328299
2062,18,39,40,[   0   52  204  277  489  556  682  776  841  976 1046],0.021447433393112548,52.907911479264904,3.874727423328299
2063,18,39,60,[   0  204  277  489  556  682  776  841  976 1046],0.021447433393112548,52.907911479264904,3.874727423328299
2064,18,40,0,"[   0   52  185  283  495  556  649  682  769  841  859  971 1020 1021
 1046]",0.019173215716081455,53.03665540348547,3.4568785097387242
2065,18,40,20,[   0   52  185  283  495  556  649  682  769  841  971 1046],0.019173215716081455,53.03665540348547,3.4568785097387242
2066,18,40,40,[   0   52  185  283  495  556  682  795  841  971 1046],0.019173215716081455,53.03665540348547,3.4568785097387242
2067,18,40,60,[   0  185  283  495  556  682  841  971 1046],0.019173215716081455,53.03665540348547,3.4568785097387242
2068,18,41,0,"[   0  124  186  288  495  556  617  647  682  769  841  859  971 1020
 1021 1046]",0.018075431197628996,52.42873610108752,3.811139030738735
2069,18,41,20,[   0  124  186  288  495  556  617  647  682  769  841  971 1020 1046],0.018075431197628996,52.42873610108752,3.811139030738735
2070,18,41,40,[   0  124  186  288  495  556  682  795  841  971 1046],0.018075431197628996,52.42873610108752,3.811139030738735
2071,18,41,60,[   0  124  288  495  556  682  841  971 1046],0.018075431197628996,52.42873610108752,3.811139030738735
2072,18,42,0,"[   0  111  210  291  478  556  659  682  780  789  855  976 1020 1021
 1046]",0.024149752914807445,53.134341308023515,3.2134040028938977
2073,18,42,20,[   0  111  210  291  478  556  682  780  855  976 1046],0.024149752914807445,53.134341308023515,3.2134040028938977
2074,18,42,40,[   0  111  210  291  478  556  682  780  855  976 1046],0.024149752914807445,53.134341308023515,3.2134040028938977
2075,18,42,60,[   0  111  210  291  478  556  682  780  855  976 1046],0.024149752914807445,53.134341308023515,3.2134040028938977
2076,18,43,0,"[   0  111  206  291  478  556  647  682  795  841  859  976 1020 1021
 1046]",0.0150713403891878,52.70705066419851,3.011441048081575
2077,18,43,20,[   0  111  206  291  478  556  647  682  795  841  976 1046],0.0150713403891878,52.70705066419851,3.011441048081575
2078,18,43,40,[   0  111  206  291  478  556  682  795  841  976 1046],0.0150713403891878,52.70705066419851,3.011441048081575
2079,18,43,60,[   0  111  206  556  682  841  976 1046],0.0150713403891878,52.70705066419851,3.011441048081575
2080,18,44,0,"[   0   52   92  170  206  248  296  342  444  522  556  659  682  769
  801  841  859  970 1020 1021 1046]",0.006309186872173438,52.82095303904134,3.5272994162496194
2081,18,44,20,"[   0   52   92  170  206  248  296  342  444  522  556  659  682  769
  801  841  970 1020 1046]",0.006309186872173438,52.82095303904134,3.5272994162496194
2082,18,44,40,[   0   92  206  248  444  556  682  769  841  970 1046],0.006309186872173438,52.82095303904134,3.5272994162496194
2083,18,44,60,[   0   92  206  556  682  769  841  970 1046],0.006309186872173438,52.82095303904134,3.5272994162496194
2084,18,45,0,[   0   92  210  291  556  647  682  769  841  912  970 1020 1021 1046],0.01978230772344956,53.201603144635854,2.982118104533251
2085,18,45,20,[   0   92  206  291  556  647  682  769  841  912  970 1046],0.01978230772344956,53.201603144635854,2.982118104533251
2086,18,45,40,[   0   92  206  556  682  795  841  970 1046],0.01978230772344956,53.201603144635854,2.982118104533251
2087,18,45,60,[   0   92  206  556  682  841  970 1046],0.01978230772344956,53.201603144635854,2.982118104533251
2088,18,46,0,"[   0   45  186  342  556  617  647  682  769  841  912  970 1020 1021
 1046]",0.020470429810051524,53.53724523642794,3.2745488420137496
2089,18,46,20,[   0   45  186  342  556  647  682  769  841  912  970 1046],0.020470429810051524,53.53724523642794,3.2745488420137496
2090,18,46,40,[   0   45  186  342  556  682  795  841  970 1046],0.020470429810051524,53.53724523642794,3.2745488420137496
2091,18,46,60,[   0  186  556  682  841  970 1046],0.020470429810051524,53.53724523642794,3.2745488420137496
2092,18,47,0,"[   0   52  186  265  269  342  495  556  659  682  769  795  841  857
  970 1020 1021 1046]",0.01770695851224331,53.67491926414023,3.6179601579777363
2093,18,47,20,[   0   52  186  291  495  556  659  682  795  857  970 1020 1046],0.01770695851224331,53.67491926414023,3.6179601579777363
2094,18,47,40,[   0   52  186  291  495  556  682  795  857  970 1046],0.01770695851224331,53.67491926414023,3.6179601579777363
2095,18,47,60,[   0  186  291  495  556  682  795  857  970 1046],0.01770695851224331,53.67491926414023,3.6179601579777363
2096,18,48,0,"[   0   52  186  206  288  495  556  647  682  769  841  912  970 1020
 1021 1046]",0.02227729381915803,54.43952692427248,3.264466090434249
2097,18,48,20,[   0   52  186  288  495  556  647  682  769  841  912  970 1020 1046],0.02227729381915803,54.43952692427248,3.264466090434249
2098,18,48,40,[   0   52  186  288  495  556  682  795  841  912  970 1046],0.02227729381915803,54.43952692427248,3.264466090434249
2099,18,48,60,[   0  186  495  556  682  841  970 1046],0.02227729381915803,54.43952692427248,3.264466090434249
2100,18,49,0,"[   0   52  186  206  265  269  495  556  647  682  795  857  912  976
 1020 1021 1046]",0.018982719077371566,53.62846244726264,3.059036473451849
2101,18,49,20,[   0   52  206  265  495  556  647  682  795  857  976 1046],0.018982719077371566,53.62846244726264,3.059036473451849
2102,18,49,40,[   0   52  206  265  495  556  682  795  857  976 1046],0.018982719077371566,53.62846244726264,3.059036473451849
2103,18,49,60,[   0  206  495  556  682  795  857  976 1046],0.018982719077371566,53.62846244726264,3.059036473451849
2104,18,50,0,"[   0   52  116  210  265  269  464  556  647  682  795  857  912  976
 1020 1021 1046]",0.02147398784614186,53.76846242997698,3.0412695196632424
2105,18,50,20,[   0  116  210  265  464  556  647  682  795  857  976 1046],0.02147398784614186,53.76846242997698,3.0412695196632424
2106,18,50,40,[   0  116  210  265  464  556  682  795  857  976 1046],0.02147398784614186,53.76846242997698,3.0412695196632424
2107,18,50,60,[   0  116  210  464  556  682  795  857  976 1046],0.02147398784614186,53.76846242997698,3.0412695196632424
2108,19,20,0,"[   0   52   91  186  203  250  340  364  486  556  622  647  682  780
  795  841  931  976 1020 1021 1046]",0.0004736730425974377,44.8330604053797,3.413854855691542
2109,19,20,20,[   0   91  203  250  486  556  622  647  682  780  841  931  976 1046],0.0004736730425974377,44.8330604053797,3.413854855691542
2110,19,20,40,[   0   91  203  250  486  556  682  780  841  931  976 1046],0.0004736730425974377,44.8330604053797,3.413854855691542
2111,19,20,60,[   0   91  203  486  556  682  780  841  976 1046],0.0004736730425974377,44.8330604053797,3.413854855691542
2112,19,21,0,"[   0   45   91  186  217  243  264  340  364  487  556  659  682  779
  841  855  931  955  976 1020 1021 1046]",0.00694232741970405,46.137755905108584,3.310881593229591
2113,19,21,20,"[   0   45   91  217  243  264  340  364  487  556  659  682  779  841
  931  976 1020 1046]",0.00694232741970405,46.137755905108584,3.310881593229591
2114,19,21,40,[   0   91  217  264  487  556  682  779  841  931  976 1046],0.00694232741970405,46.137755905108584,3.310881593229591
2115,19,21,60,[   0   91  217  487  556  682  779  841  976 1046],0.00694232741970405,46.137755905108584,3.310881593229591
2116,19,22,0,"[   0   45   91  210  238  283  340  364  486  503  556  659  681  776
  791  841  931  955  976 1020 1021 1043 1046]",0.0121115634147999,47.02230641663326,3.4015976413810405
2117,19,22,20,"[   0   45   91  210  283  340  364  486  556  659  681  776  841  931
  976 1020 1046]",0.0121115634147999,47.02230641663326,3.4015976413810405
2118,19,22,40,[   0   91  210  283  486  556  681  776  841  931  976 1046],0.0121115634147999,47.02230641663326,3.4015976413810405
2119,19,22,60,[   0   91  210  283  486  556  681  776  841  976 1046],0.0121115634147999,47.02230641663326,3.4015976413810405
2120,19,23,0,[   0   45  210  340  556  681  776  841  931  976 1020 1021 1046],0.015410296720225569,46.91138950405132,3.286839691439019
2121,19,23,20,[   0   45  210  556  681  776  855  976 1046],0.015410296720225569,46.91138950405132,3.286839691439019
2122,19,23,40,[   0   45  210  556  681  776  855  976 1046],0.015410296720225569,46.91138950405132,3.286839691439019
2123,19,23,60,[   0  210  556  681  855  976 1046],0.015410296720225569,46.91138950405132,3.286839691439019
2124,19,24,0,"[   0   45   91  219  294  486  556  647  681  776  859  976 1020 1021
 1046]",0.01665192684984679,48.17908937049186,3.3089191490739562
2125,19,24,20,[   0   91  219  294  486  556  647  681  783  859  976 1046],0.01665192684984679,48.17908937049186,3.3089191490739562
2126,19,24,40,[   0   91  219  486  556  681  783  859  976 1046],0.01665192684984679,48.17908937049186,3.3089191490739562
2127,19,24,60,[   0   91  219  486  556  681  783  859  976 1046],0.01665192684984679,48.17908937049186,3.3089191490739562
2128,19,25,0,"[   0   45   91  154  219  238  263  294  486  556  647  681  783  791
  842  855  976 1020 1021 1043 1046]",0.017980245400346692,48.84794451174768,3.1819391024322465
2129,19,25,20,"[   0   45   91  219  263  486  556  647  681  783  842  888  976 1020
 1046]",0.017980245400346692,48.84794451174768,3.1819391024322465
2130,19,25,40,[   0   91  219  486  556  681  783  842  976 1046],0.017980245400346692,48.84794451174768,3.1819391024322465
2131,19,25,60,[   0   91  263  486  556  681  842  976 1046],0.017980245400346692,48.84794451174768,3.1819391024322465
2132,19,26,0,"[   0   45   91  210  283  486  556  647  681  776  855  931  976 1020
 1021 1046]",0.03132401738044136,50.37654890034982,3.1875977214282067
2133,19,26,20,[   0   45   91  210  283  486  556  647  681  776  855  931  976 1046],0.03132401738044136,50.37654890034982,3.1875977214282067
2134,19,26,40,[   0   91  210  283  486  556  681  776  855  931  976 1046],0.03132401738044136,50.37654890034982,3.1875977214282067
2135,19,26,60,[   0   91  210  283  486  556  681  776  855  976 1046],0.03132401738044136,50.37654890034982,3.1875977214282067
2136,19,27,0,"[   0   91  210  294  486  556  647  682  780  795  859  976 1020 1021
 1046]",0.01364802755437478,51.288371751259014,3.2366153538920157
2137,19,27,20,[   0   91  210  294  486  556  647  682  780  859  976 1046],0.01364802755437478,51.288371751259014,3.2366153538920157
2138,19,27,40,[   0   91  210  294  486  556  682  780  859  976 1046],0.01364802755437478,51.288371751259014,3.2366153538920157
2139,19,27,60,[   0   91  210  294  486  556  682  780  859  976 1046],0.01364802755437478,51.288371751259014,3.2366153538920157
2140,19,28,0,"[   0   52  124  192  206  294  486  556  617  647  682  780  795  841
  888  976 1020 1021 1046]",0.01844564080183474,48.661807272823424,3.238901532501333
2141,19,28,20,[   0  124  206  294  486  556  647  682  780  841  976 1046],0.01844564080183474,48.661807272823424,3.238901532501333
2142,19,28,40,[   0  124  206  294  486  556  682  780  841  976 1046],0.01844564080183474,48.661807272823424,3.238901532501333
2143,19,28,60,[   0  124  206  294  486  556  682  780  841  976 1046],0.01844564080183474,48.661807272823424,3.238901532501333
2144,19,29,0,"[   0   52   92  154  210  251  332  486  503  556  647  682  769  795
  841  855  976 1020 1021 1043 1046]",0.01525776969563616,50.31689078580217,3.1012145806004465
2145,19,29,20,[   0   92  210  251  486  556  647  682  769  855  976 1046],0.01525776969563616,50.31689078580217,3.1012145806004465
2146,19,29,40,[   0   52  210  251  486  556  682  769  855  976 1046],0.01525776969563616,50.31689078580217,3.1012145806004465
2147,19,29,60,[   0  154  332  486  556  682  769  855  976 1046],0.01525776969563616,50.31689078580217,3.1012145806004465
2148,19,30,0,"[   0   81  210  283  490  556  647  682  779  795  855  976 1020 1021
 1046]",0.023110622554558907,49.22152007780152,3.3480998255163086
2149,19,30,20,[   0   81  210  283  490  556  647  682  779  855  976 1046],0.023110622554558907,49.22152007780152,3.3480998255163086
2150,19,30,40,[   0   81  210  283  490  556  682  779  855  976 1046],0.023110622554558907,49.22152007780152,3.3480998255163086
2151,19,30,60,[   0   81  210  283  490  556  682  779  855  976 1046],0.023110622554558907,49.22152007780152,3.3480998255163086
2152,19,31,0,"[   0   52   81  186  203  210  238  251  490  508  556  593  647  667
  677  682  769  795  841  856  888  976 1020 1021 1043 1046]",0.01397258151225082,49.729962736595695,3.4659545998071204
2153,19,31,20,[   0   81  203  251  490  556  647  682  769  856  976 1046],0.01397258151225082,49.729962736595695,3.4659545998071204
2154,19,31,40,[   0   81  203  251  490  556  682  769  856  976 1046],0.01397258151225082,49.729962736595695,3.4659545998071204
2155,19,31,60,[   0   81  203  490  556  682  769  856  976 1046],0.01397258151225082,49.729962736595695,3.4659545998071204
2156,19,32,0,"[   0   45  124  210  294  486  556  649  682  769  855  976 1020 1021
 1046]",0.025540423232375112,50.29457333466037,3.435037433995058
2157,19,32,20,[   0  124  210  294  490  556  649  682  769  855  976 1046],0.025540423232375112,50.29457333466037,3.435037433995058
2158,19,32,40,[   0  124  210  294  490  556  682  795  855  976 1046],0.025540423232375112,50.29457333466037,3.435037433995058
2159,19,32,60,[   0  124  210  490  556  682  855  976 1046],0.025540423232375112,50.29457333466037,3.435037433995058
2160,19,33,0,"[   0   45   91  194  206  277  486  556  647  682  789  859  971 1020
 1021 1046]",0.012056007241052963,50.908593046254815,3.1614930216179986
2161,19,33,20,[   0   45   91  206  277  486  556  647  682  789  859  971 1020 1046],0.012056007241052963,50.908593046254815,3.1614930216179986
2162,19,33,40,[   0   91  206  277  486  556  682  789  859  971 1046],0.012056007241052963,50.908593046254815,3.1614930216179986
2163,19,33,60,[   0   91  206  277  486  556  682  789  859  971 1046],0.012056007241052963,50.908593046254815,3.1614930216179986
2164,19,34,0,"[   0   45   91  194  206  277  486  554  647  682  769  859  976 1020
 1021 1046]",0.014360639188196326,50.91240324122058,3.1334001864327914
2165,19,34,20,[   0   91  206  277  486  554  647  682  789  859  976 1046],0.014360639188196326,50.91240324122058,3.1334001864327914
2166,19,34,40,[   0   91  206  277  486  554  682  789  859  976 1046],0.014360639188196326,50.91240324122058,3.1334001864327914
2167,19,34,60,[   0   91  206  277  486  554  682  789  859  976 1046],0.014360639188196326,50.91240324122058,3.1334001864327914
2168,19,35,0,[   0  124  206  277  486  556  649  682  795  859  976 1020 1021 1046],0.021356354039200446,50.97710356825955,3.1885826995812483
2169,19,35,20,[   0  124  206  277  486  556  649  682  795  859  976 1046],0.021356354039200446,50.97710356825955,3.1885826995812483
2170,19,35,40,[   0  124  206  277  486  556  682  795  859  976 1046],0.021356354039200446,50.97710356825955,3.1885826995812483
2171,19,35,60,[   0  124  206  277  486  556  682  795  859  976 1046],0.021356354039200446,50.97710356825955,3.1885826995812483
2172,19,36,0,"[   0   45  124  194  277  495  556  649  682  784  795  859  976 1020
 1021 1046]",0.019811179067222517,51.677059114891264,3.227158724670042
2173,19,36,20,[   0   45  124  194  277  495  556  649  682  795  859  976 1046],0.019811179067222517,51.677059114891264,3.227158724670042
2174,19,36,40,[   0  124  194  277  495  556  682  795  859  976 1046],0.019811179067222517,51.677059114891264,3.227158724670042
2175,19,36,60,[   0  124  194  277  495  556  682  795  859  976 1046],0.019811179067222517,51.677059114891264,3.227158724670042
2176,19,37,0,"[   0   91  192  204  277  347  522  556  649  682  769  795  841  855
  976 1020 1021 1043 1046]",0.017283598290722506,51.15012514018189,2.943033553675457
2177,19,37,20,"[   0   91  154  204  277  347  522  556  649  682  769  795  855  976
 1020 1046]",0.017283598290722506,51.15012514018189,2.943033553675457
2178,19,37,40,[   0   91  204  556  682  855  976 1046],0.017283598290722506,51.15012514018189,2.943033553675457
2179,19,37,60,[   0   91  204  556  682  855  976 1046],0.017283598290722506,51.15012514018189,2.943033553675457
2180,19,38,0,[   0   71  180  282  458  556  649  682  769  855  976 1020 1021 1046],0.01622451571122421,50.45014868043651,2.9381652712057367
2181,19,38,20,[   0   71  180  282  458  556  649  682  769  855  976 1046],0.01622451571122421,50.45014868043651,2.9381652712057367
2182,19,38,40,[   0   71  180  282  458  556  682  795  855  976 1046],0.01622451571122421,50.45014868043651,2.9381652712057367
2183,19,38,60,[   0   71  282  556  682  855  976 1046],0.01622451571122421,50.45014868043651,2.9381652712057367
2184,19,39,0,"[   0   52  194  204  277  489  556  647  682  776  841  859  976 1020
 1021 1046]",0.022286348579165435,51.30989245005806,3.775094040909262
2185,19,39,20,[   0   71  204  277  489  556  647  682  776  841  976 1046],0.022286348579165435,51.30989245005806,3.775094040909262
2186,19,39,40,[   0   71  204  277  489  556  682  776  841  976 1046],0.022286348579165435,51.30989245005806,3.775094040909262
2187,19,39,60,[   0   71  204  277  489  556  682  776  841  976 1046],0.022286348579165435,51.30989245005806,3.775094040909262
2188,19,40,0,"[   0   52  185  283  495  556  649  682  769  841  859  976 1020 1021
 1046]",0.021472562410889254,51.50033598503632,3.397453800418446
2189,19,40,20,[   0   52  185  283  495  556  649  682  769  841  976 1046],0.021472562410889254,51.50033598503632,3.397453800418446
2190,19,40,40,[   0   52  185  283  495  556  682  795  841  976 1046],0.021472562410889254,51.50033598503632,3.397453800418446
2191,19,40,60,[   0  185  283  495  556  682  841  976 1046],0.021472562410889254,51.50033598503632,3.397453800418446
2192,19,41,0,"[   0  124  186  288  495  556  617  647  682  769  841  859  976 1020
 1021 1046]",0.020031569071409804,50.91105809566479,3.882699450108107
2193,19,41,20,[   0  124  186  288  495  556  617  647  682  769  841  976 1046],0.020031569071409804,50.91105809566479,3.882699450108107
2194,19,41,40,[   0  124  186  288  495  556  682  795  841  976 1046],0.020031569071409804,50.91105809566479,3.882699450108107
2195,19,41,60,[   0  124  288  495  556  682  841  976 1046],0.020031569071409804,50.91105809566479,3.882699450108107
2196,19,42,0,"[   0  111  210  291  478  556  617  647  682  780  789  855  976 1020
 1021 1046]",0.023802088898595253,51.476876567466924,3.142246834211991
2197,19,42,20,[   0  111  210  291  478  556  647  682  780  855  976 1046],0.023802088898595253,51.476876567466924,3.142246834211991
2198,19,42,40,[   0  111  210  291  478  556  682  780  855  976 1046],0.023802088898595253,51.476876567466924,3.142246834211991
2199,19,42,60,[   0  111  210  291  478  556  682  780  855  976 1046],0.023802088898595253,51.476876567466924,3.142246834211991
2200,19,43,0,"[   0  111  206  291  478  556  647  682  795  841  859  976 1020 1021
 1046]",0.014322660475240303,51.0005405955099,2.9414809520888885
2201,19,43,20,[   0  111  206  291  478  556  647  682  795  841  976 1046],0.014322660475240303,51.0005405955099,2.9414809520888885
2202,19,43,40,[   0  111  206  291  478  556  682  795  841  976 1046],0.014322660475240303,51.0005405955099,2.9414809520888885
2203,19,43,60,[   0  111  206  556  682  841  976 1046],0.014322660475240303,51.0005405955099,2.9414809520888885
2204,19,44,0,"[   0   52   92  170  206  248  296  342  444  522  556  659  682  769
  789  841  855  970 1020 1021 1046]",0.009114173059458427,51.279019436542946,3.4364116051680575
2205,19,44,20,[   0   92  206  248  444  556  659  682  789  855  970 1020 1046],0.009114173059458427,51.279019436542946,3.4364116051680575
2206,19,44,40,[   0   92  206  556  682  855  970 1046],0.009114173059458427,51.279019436542946,3.4364116051680575
2207,19,44,60,[   0   92  206  556  682  855  970 1046],0.009114173059458427,51.279019436542946,3.4364116051680575
2208,19,45,0,"[   0   52   92  210  248  291  522  556  647  682  769  795  841  912
  970 1020 1021 1046]",0.017287789394448368,51.51922173417418,2.9968241299601517
2209,19,45,20,"[   0   52   92  206  248  291  522  556  647  682  769  795  841  912
  970 1020 1046]",0.017287789394448368,51.51922173417418,2.9968241299601517
2210,19,45,40,[   0   92  206  556  682  795  841  970 1046],0.017287789394448368,51.51922173417418,2.9968241299601517
2211,19,45,60,[   0   92  206  556  682  841  970 1046],0.017287789394448368,51.51922173417418,2.9968241299601517
2212,19,46,0,"[   0   45  186  342  556  617  647  682  769  841  927  970 1020 1021
 1046]",0.017949699979212686,51.551796074263535,3.346366010861802
2213,19,46,20,[   0   45  186  342  556  647  682  769  841  927  970 1046],0.017949699979212686,51.551796074263535,3.346366010861802
2214,19,46,40,[   0   45  186  342  556  682  795  841  970 1046],0.017949699979212686,51.551796074263535,3.346366010861802
2215,19,46,60,[   0  186  556  682  841  970 1046],0.017949699979212686,51.551796074263535,3.346366010861802
2216,19,47,0,"[   0   52  186  265  269  342  495  556  659  682  769  795  841  857
  912  970 1020 1021 1043 1046]",0.017806920304255826,52.16146206909428,3.320042760687997
2217,19,47,20,"[   0   52  186  291  342  495  556  659  682  769  795  841  912  970
 1020 1046]",0.017806920304255826,52.16146206909428,3.320042760687997
2218,19,47,40,[   0   52  186  291  495  556  682  795  841  912  970 1046],0.017806920304255826,52.16146206909428,3.320042760687997
2219,19,47,60,[   0  186  291  495  556  682  841  970 1046],0.017806920304255826,52.16146206909428,3.320042760687997
2220,19,48,0,"[   0   52  186  206  265  269  495  556  647  682  769  841  912  970
 1020 1021 1046]",0.020890968327714386,52.94135236588306,3.197550185281041
2221,19,48,20,[   0   52  206  265  495  556  647  682  769  841  912  970 1020 1046],0.020890968327714386,52.94135236588306,3.197550185281041
2222,19,48,40,[   0   52  206  265  495  556  682  795  841  912  970 1046],0.020890968327714386,52.94135236588306,3.197550185281041
2223,19,48,60,[   0  206  495  556  682  841  970 1046],0.020890968327714386,52.94135236588306,3.197550185281041
2224,19,49,0,"[   0   52  186  206  265  269  495  556  647  682  795  857  912  976
 1020 1021 1046]",0.019173645140068002,52.14291777921849,3.189208099721965
2225,19,49,20,[   0   52  206  265  495  556  647  682  795  857  976 1046],0.019173645140068002,52.14291777921849,3.189208099721965
2226,19,49,40,[   0   52  206  265  495  556  682  795  857  976 1046],0.019173645140068002,52.14291777921849,3.189208099721965
2227,19,49,60,[   0  206  495  556  682  795  857  976 1046],0.019173645140068002,52.14291777921849,3.189208099721965
2228,19,50,0,"[   0   52  116  210  265  269  464  556  647  682  785  789  857  912
  976 1020 1021 1046]",0.022534349753626583,52.076216757612706,2.9272048623249507
2229,19,50,20,[   0  116  210  265  464  556  647  682  795  857  976 1046],0.022534349753626583,52.076216757612706,2.9272048623249507
2230,19,50,40,[   0  116  210  265  464  556  682  795  857  976 1046],0.022534349753626583,52.076216757612706,2.9272048623249507
2231,19,50,60,[   0  116  210  464  556  682  795  857  976 1046],0.022534349753626583,52.076216757612706,2.9272048623249507
2232,20,20,0,"[   0   52   91  186  203  250  340  364  486  556  622  647  682  780
  795  841  931  976 1020 1021 1046]",0.0011226115310184956,43.73039014682599,3.6081020942759823
2233,20,20,20,[   0   91  203  250  486  556  622  647  682  780  841  931  976 1046],0.0011226115310184956,43.73039014682599,3.6081020942759823
2234,20,20,40,[   0   91  203  250  486  556  682  780  841  931  976 1046],0.0011226115310184956,43.73039014682599,3.6081020942759823
2235,20,20,60,[   0   91  203  486  556  682  780  841  976 1046],0.0011226115310184956,43.73039014682599,3.6081020942759823
2236,20,21,0,"[   0   45   91  186  217  243  264  340  364  487  556  659  682  779
  841  855  931  955  976 1020 1021 1046]",0.009516586888497438,44.91572155189912,3.2304070869780497
2237,20,21,20,"[   0   45   91  217  243  264  340  364  487  556  659  682  779  841
  931  976 1020 1046]",0.009516586888497438,44.91572155189912,3.2304070869780497
2238,20,21,40,[   0   91  217  264  487  556  682  779  841  931  976 1046],0.009516586888497438,44.91572155189912,3.2304070869780497
2239,20,21,60,[   0   91  217  487  556  682  779  841  976 1046],0.009516586888497438,44.91572155189912,3.2304070869780497
2240,20,22,0,"[   0   45   91  210  238  283  340  364  486  503  556  659  681  776
  791  841  931  955  976 1020 1021 1043 1046]",0.013193718767513905,45.800668666385896,3.422885555515328
2241,20,22,20,"[   0   45   91  210  283  340  364  486  556  659  681  776  841  931
  976 1020 1046]",0.013193718767513905,45.800668666385896,3.422885555515328
2242,20,22,40,[   0   91  210  283  486  556  681  776  841  931  976 1046],0.013193718767513905,45.800668666385896,3.422885555515328
2243,20,22,60,[   0   91  210  283  486  556  681  776  841  976 1046],0.013193718767513905,45.800668666385896,3.422885555515328
2244,20,23,0,"[   0   45  210  283  340  364  486  556  659  681  776  841  931  976
 1020 1021 1046]",0.01322528212731306,45.53273651276952,3.5521592017365258
2245,20,23,20,"[   0   45  210  283  340  364  486  556  659  681  776  855  931  976
 1046]",0.01322528212731306,45.53273651276952,3.5521592017365258
2246,20,23,40,[   0   45  210  283  486  556  681  776  855  931  976 1046],0.01322528212731306,45.53273651276952,3.5521592017365258
2247,20,23,60,[   0  210  283  486  556  681  776  855  976 1046],0.01322528212731306,45.53273651276952,3.5521592017365258
2248,20,24,0,"[   0   45   91  219  294  486  556  647  681  776  855  976 1020 1021
 1046]",0.014703427027179482,46.841981701576834,3.1871874429137037
2249,20,24,20,[   0   91  219  294  486  556  647  681  783  855  976 1046],0.014703427027179482,46.841981701576834,3.1871874429137037
2250,20,24,40,[   0   91  219  486  556  681  783  855  976 1046],0.014703427027179482,46.841981701576834,3.1871874429137037
2251,20,24,60,[   0   91  219  486  556  681  783  855  976 1046],0.014703427027179482,46.841981701576834,3.1871874429137037
2252,20,25,0,"[   0   45   91  154  219  238  263  294  486  556  647  681  783  791
  842  855  976 1020 1021 1043 1046]",0.01934628918230081,47.382957023354045,3.2304193515175257
2253,20,25,20,"[   0   45   91  219  263  486  556  647  681  783  842  888  976 1020
 1046]",0.01934628918230081,47.382957023354045,3.2304193515175257
2254,20,25,40,[   0   91  219  486  556  681  783  842  976 1046],0.01934628918230081,47.382957023354045,3.2304193515175257
2255,20,25,60,[   0   91  263  486  556  681  842  976 1046],0.01934628918230081,47.382957023354045,3.2304193515175257
2256,20,26,0,"[   0   45   91  210  283  486  556  647  682  776  855  931  976 1020
 1021 1046]",0.031437857127620074,48.852735514852405,3.1214078221254886
2257,20,26,20,[   0   45   91  210  283  486  556  647  682  776  855  931  976 1046],0.031437857127620074,48.852735514852405,3.1214078221254886
2258,20,26,40,[   0   91  210  283  486  556  682  776  855  931  976 1046],0.031437857127620074,48.852735514852405,3.1214078221254886
2259,20,26,60,[   0   91  210  283  486  556  682  776  855  976 1046],0.031437857127620074,48.852735514852405,3.1214078221254886
2260,20,27,0,"[   0   91  210  294  486  556  647  682  780  789  855  976 1020 1021
 1046]",0.015321892606463258,49.83844878734114,3.0861921284574274
2261,20,27,20,[   0   91  210  294  486  556  647  682  780  855  976 1046],0.015321892606463258,49.83844878734114,3.0861921284574274
2262,20,27,40,[   0   91  210  294  486  556  682  780  855  976 1046],0.015321892606463258,49.83844878734114,3.0861921284574274
2263,20,27,60,[   0   91  210  294  486  556  682  780  855  976 1046],0.015321892606463258,49.83844878734114,3.0861921284574274
2264,20,28,0,"[   0   52  124  192  206  294  486  556  617  647  682  780  795  841
  888  976 1020 1021 1046]",0.019588353486596894,47.238315319348175,3.2282764952616674
2265,20,28,20,[   0  124  206  294  486  556  647  682  780  841  976 1046],0.019588353486596894,47.238315319348175,3.2282764952616674
2266,20,28,40,[   0  124  206  294  486  556  682  780  841  976 1046],0.019588353486596894,47.238315319348175,3.2282764952616674
2267,20,28,60,[   0  124  206  294  486  556  682  780  841  976 1046],0.019588353486596894,47.238315319348175,3.2282764952616674
2268,20,29,0,"[   0   52   92  154  210  251  332  486  503  556  647  682  769  795
  841  855  976 1020 1021 1043 1046]",0.012977169669672798,48.93247610102351,3.1110821540525446
2269,20,29,20,[   0   92  210  251  486  556  647  682  769  855  976 1046],0.012977169669672798,48.93247610102351,3.1110821540525446
2270,20,29,40,[   0   52  210  251  486  556  682  769  855  976 1046],0.012977169669672798,48.93247610102351,3.1110821540525446
2271,20,29,60,[   0  154  332  486  556  682  769  855  976 1046],0.012977169669672798,48.93247610102351,3.1110821540525446
2272,20,30,0,"[   0   81  210  283  490  556  647  682  779  795  855  976 1020 1021
 1046]",0.014887157643927017,47.796949210099456,3.277918475269311
2273,20,30,20,[   0   81  210  283  490  556  647  682  779  855  976 1046],0.014887157643927017,47.796949210099456,3.277918475269311
2274,20,30,40,[   0   81  210  283  490  556  682  779  855  976 1046],0.014887157643927017,47.796949210099456,3.277918475269311
2275,20,30,60,[   0   81  210  283  490  556  682  779  855  976 1046],0.014887157643927017,47.796949210099456,3.277918475269311
2276,20,31,0,"[   0   52   81  186  203  210  238  251  490  508  556  593  647  667
  677  682  769  795  841  856  931  957  976 1020 1021 1043 1046]",0.01462863939300355,48.033929590920884,3.3776094392997154
2277,20,31,20,[   0   81  203  251  490  556  647  682  769  856  931  976 1046],0.01462863939300355,48.033929590920884,3.3776094392997154
2278,20,31,40,[   0   81  203  251  490  556  682  769  856  931  976 1046],0.01462863939300355,48.033929590920884,3.3776094392997154
2279,20,31,60,[   0   81  203  490  556  682  769  856  976 1046],0.01462863939300355,48.033929590920884,3.3776094392997154
2280,20,32,0,"[   0   45  124  210  294  486  556  649  682  784  789  855  976 1020
 1021 1046]",0.026663492156521522,48.84545324326902,3.3799422147018214
2281,20,32,20,[   0  124  210  294  490  556  649  682  784  855  976 1046],0.026663492156521522,48.84545324326902,3.3799422147018214
2282,20,32,40,[   0  124  210  294  490  556  682  784  855  976 1046],0.026663492156521522,48.84545324326902,3.3799422147018214
2283,20,32,60,[   0  124  210  294  490  556  682  784  855  976 1046],0.026663492156521522,48.84545324326902,3.3799422147018214
2284,20,33,0,"[   0   45   91  194  206  277  486  556  647  682  784  789  859  971
 1020 1021 1046]",0.015074582007716806,49.440953522134954,3.115108048647765
2285,20,33,20,[   0   45   91  206  277  486  556  647  682  784  859  971 1020 1046],0.015074582007716806,49.440953522134954,3.115108048647765
2286,20,33,40,[   0   91  206  277  486  556  682  784  859  971 1046],0.015074582007716806,49.440953522134954,3.115108048647765
2287,20,33,60,[   0   91  206  277  486  556  682  784  859  971 1046],0.015074582007716806,49.440953522134954,3.115108048647765
2288,20,34,0,"[   0   45   91  194  206  277  486  554  647  682  769  859  976 1020
 1021 1046]",0.012396900349956353,49.35366661387797,3.1875271501333837
2289,20,34,20,[   0   91  206  277  486  554  647  682  789  859  976 1046],0.012396900349956353,49.35366661387797,3.1875271501333837
2290,20,34,40,[   0   91  206  277  486  554  682  789  859  976 1046],0.012396900349956353,49.35366661387797,3.1875271501333837
2291,20,34,60,[   0   91  206  277  486  554  682  789  859  976 1046],0.012396900349956353,49.35366661387797,3.1875271501333837
2292,20,35,0,[   0  124  206  277  486  556  649  682  795  859  976 1020 1021 1046],0.01510725110688819,49.57379691130789,3.043524658313494
2293,20,35,20,[   0  124  206  277  486  556  649  682  795  859  976 1046],0.01510725110688819,49.57379691130789,3.043524658313494
2294,20,35,40,[   0  124  206  277  486  556  682  795  859  976 1046],0.01510725110688819,49.57379691130789,3.043524658313494
2295,20,35,60,[   0  124  206  277  486  556  682  795  859  976 1046],0.01510725110688819,49.57379691130789,3.043524658313494
2296,20,36,0,"[   0   45  124  194  277  495  556  649  682  784  789  855  976 1020
 1021 1046]",0.019369567406065297,50.275000921057405,3.0151817618136074
2297,20,36,20,[   0   45  124  194  277  495  556  649  682  784  855  976 1046],0.019369567406065297,50.275000921057405,3.0151817618136074
2298,20,36,40,[   0  124  194  277  495  556  682  784  855  976 1046],0.019369567406065297,50.275000921057405,3.0151817618136074
2299,20,36,60,[   0  124  194  277  495  556  682  784  855  976 1046],0.019369567406065297,50.275000921057405,3.0151817618136074
2300,20,37,0,"[   0   71   91  154  192  204  277  347  522  556  647  666  682  683
  769  795  801  841  855  976 1020 1021 1043 1046]",0.01661243143822042,49.55167977178066,2.8930467119394403
2301,20,37,20,"[   0   91  154  204  277  347  522  556  647  682  769  795  855  976
 1020 1046]",0.01661243143822042,49.55167977178066,2.8930467119394403
2302,20,37,40,[   0   91  204  556  682  855  976 1046],0.01661243143822042,49.55167977178066,2.8930467119394403
2303,20,37,60,[   0   91  204  556  682  855  976 1046],0.01661243143822042,49.55167977178066,2.8930467119394403
2304,20,38,0,[   0   71  180  282  489  556  649  682  769  855  976 1020 1021 1046],0.015478509219015392,48.91080715228744,2.938833813454617
2305,20,38,20,[   0   71  180  282  489  556  649  682  769  855  976 1046],0.015478509219015392,48.91080715228744,2.938833813454617
2306,20,38,40,[   0   71  180  282  489  556  682  795  855  976 1046],0.015478509219015392,48.91080715228744,2.938833813454617
2307,20,38,60,[   0   71  180  282  489  556  682  855  976 1046],0.015478509219015392,48.91080715228744,2.938833813454617
2308,20,39,0,"[   0   52  194  204  277  489  556  647  682  780  789  841  859  976
 1020 1021 1046]",0.022233460540995738,49.870638581049484,3.6301977036023785
2309,20,39,20,[   0   71  204  277  489  556  647  682  780  841  976 1046],0.022233460540995738,49.870638581049484,3.6301977036023785
2310,20,39,40,[   0   71  204  277  489  556  682  780  841  976 1046],0.022233460540995738,49.870638581049484,3.6301977036023785
2311,20,39,60,[   0   71  204  277  489  556  682  780  841  976 1046],0.022233460540995738,49.870638581049484,3.6301977036023785
2312,20,40,0,[   0   52  185  283  495  556  649  682  769  855  976 1020 1021 1046],0.015649779484172312,50.08173274479437,3.0108121536300345
2313,20,40,20,[   0   52  185  283  495  556  649  682  769  855  976 1046],0.015649779484172312,50.08173274479437,3.0108121536300345
2314,20,40,40,[   0   52  185  283  495  556  682  795  855  976 1046],0.015649779484172312,50.08173274479437,3.0108121536300345
2315,20,40,60,[   0  185  283  495  556  682  855  976 1046],0.015649779484172312,50.08173274479437,3.0108121536300345
2316,20,41,0,"[   0  124  186  288  495  556  617  647  682  769  855  976 1020 1021
 1046]",0.01544941729922442,49.50941683147306,3.3628701817121134
2317,20,41,20,[   0  124  186  288  495  556  617  647  682  769  855  976 1046],0.01544941729922442,49.50941683147306,3.3628701817121134
2318,20,41,40,[   0  124  186  288  495  556  682  795  855  976 1046],0.01544941729922442,49.50941683147306,3.3628701817121134
2319,20,41,60,[   0  124  288  495  556  682  855  976 1046],0.01544941729922442,49.50941683147306,3.3628701817121134
2320,20,42,0,"[   0  111  210  291  478  556  617  647  682  780  789  855  976 1020
 1021 1046]",0.025225989104879488,49.983388343671145,3.1521733742243825
2321,20,42,20,[   0  111  210  291  478  556  647  682  780  855  976 1046],0.025225989104879488,49.983388343671145,3.1521733742243825
2322,20,42,40,[   0  111  210  291  478  556  682  780  855  976 1046],0.025225989104879488,49.983388343671145,3.1521733742243825
2323,20,42,60,[   0  111  210  291  478  556  682  780  855  976 1046],0.025225989104879488,49.983388343671145,3.1521733742243825
2324,20,43,0,"[   0  111  206  291  478  556  647  682  793  841  859  976 1020 1021
 1046]",0.013979352636981263,49.43512132115875,2.882066692449107
2325,20,43,20,[   0  111  206  291  478  556  647  682  793  841  976 1046],0.013979352636981263,49.43512132115875,2.882066692449107
2326,20,43,40,[   0  111  206  291  478  556  682  793  841  976 1046],0.013979352636981263,49.43512132115875,2.882066692449107
2327,20,43,60,[   0  111  206  556  682  841  976 1046],0.013979352636981263,49.43512132115875,2.882066692449107
2328,20,44,0,"[   0   52   92  170  206  248  296  342  444  522  556  659  682  769
  789  841  855  978 1013 1020 1021 1042 1046]",0.011701975802527964,49.93469941494601,3.392536741187385
2329,20,44,20,[   0   92  206  248  444  556  659  682  789  855  978 1046],0.011701975802527964,49.93469941494601,3.392536741187385
2330,20,44,40,[   0   92  206  556  682  855  978 1046],0.011701975802527964,49.93469941494601,3.392536741187385
2331,20,44,60,[   0   92  206  556  682  855  978 1046],0.011701975802527964,49.93469941494601,3.392536741187385
2332,20,45,0,"[   0   52   92  210  248  291  522  556  647  682  769  795  841  859
  927  970 1020 1021 1043 1046]",0.017324511320574613,49.761138486802054,2.9686091677412714
2333,20,45,20,"[   0   52   92  206  248  291  522  556  647  682  769  795  841  927
  970 1020 1046]",0.017324511320574613,49.761138486802054,2.9686091677412714
2334,20,45,40,[   0   92  206  556  682  795  841  970 1046],0.017324511320574613,49.761138486802054,2.9686091677412714
2335,20,45,60,[   0   92  206  556  682  841  970 1046],0.017324511320574613,49.761138486802054,2.9686091677412714
2336,20,46,0,"[   0   45  186  342  556  617  647  682  769  841  927  976 1020 1021
 1046]",0.0196451516922276,50.029205700167765,3.3604825744031537
2337,20,46,20,[   0   45  186  342  556  647  682  769  841  927  976 1046],0.0196451516922276,50.029205700167765,3.3604825744031537
2338,20,46,40,[   0   45  186  342  556  682  795  841  976 1046],0.0196451516922276,50.029205700167765,3.3604825744031537
2339,20,46,60,[   0  186  556  682  841  976 1046],0.0196451516922276,50.029205700167765,3.3604825744031537
2340,20,47,0,"[   0   52  186  265  269  342  495  556  647  682  769  795  841  857
  912  970 1020 1021 1046]",0.019538488301659128,50.6587964477289,3.229328792418316
2341,20,47,20,[   0   52  186  291  495  556  647  682  769  841  912  970 1020 1046],0.019538488301659128,50.6587964477289,3.229328792418316
2342,20,47,40,[   0   52  186  291  495  556  682  795  841  912  970 1046],0.019538488301659128,50.6587964477289,3.229328792418316
2343,20,47,60,[   0  186  291  495  556  682  841  970 1046],0.019538488301659128,50.6587964477289,3.229328792418316
2344,20,48,0,"[   0   52  186  206  265  269  495  556  647  682  769  841  912  970
 1020 1021 1046]",0.018298667891594927,51.434003440643934,3.2202328902837083
2345,20,48,20,[   0   52  206  265  495  556  647  682  769  841  912  970 1020 1046],0.018298667891594927,51.434003440643934,3.2202328902837083
2346,20,48,40,[   0   52  206  265  495  556  682  795  841  912  970 1046],0.018298667891594927,51.434003440643934,3.2202328902837083
2347,20,48,60,[   0  206  495  556  682  841  970 1046],0.018298667891594927,51.434003440643934,3.2202328902837083
2348,20,49,0,"[   0   52  186  206  265  269  495  556  647  682  795  857  912  976
 1020 1021 1046]",0.016714204503226776,50.6589997801502,3.146721844789217
2349,20,49,20,[   0   52  206  265  495  556  647  682  795  857  976 1046],0.016714204503226776,50.6589997801502,3.146721844789217
2350,20,49,40,[   0   52  206  265  495  556  682  795  857  976 1046],0.016714204503226776,50.6589997801502,3.146721844789217
2351,20,49,60,[   0  206  495  556  682  795  857  976 1046],0.016714204503226776,50.6589997801502,3.146721844789217
2352,20,50,0,"[   0   52  116  210  265  269  464  556  647  682  785  789  857  912
  976 1020 1021 1046]",0.020750279088702556,50.557774112584035,2.901696445074191
2353,20,50,20,[   0  116  210  265  464  556  647  682  795  857  976 1046],0.020750279088702556,50.557774112584035,2.901696445074191
2354,20,50,40,[   0  116  210  265  464  556  682  795  857  976 1046],0.020750279088702556,50.557774112584035,2.901696445074191
2355,20,50,60,[   0  116  210  464  556  682  795  857  976 1046],0.020750279088702556,50.557774112584035,2.901696445074191
