,St_len_min,K_nb_max,N_cl_max,Cl_cen,Len_min,St_edges,N_stages,Longest_stage,Shortest_stage,Avg_stage_length,Ward_dist,Cen_dist,Silh,Cal-Har,Dav-Bold,Avg-Silh,Avg-Cal-Har,Avg-Dav-Bold
0,0,35,10,Median,40,[   0  195  829 1180],3,634,195,393.3333333333333,394854.5494984441,43.230814887229954,0.040323900382074576,92.17715812965098,3.513278203543539,0.11509624555361389,105.73432044201807,2.7363381234895394
1,0,35,10,Mode,40,[   0  822 1180],2,822,358,590.0,539717.1751646498,46.52074926512011,0.12757155747287982,138.26748789831043,2.5849667759750115,0.12757155747287982,138.26748789831043,2.5849667759750115
2,0,35,10,Median,40,[   0  195  682  866 1180],4,487,184,295.0,218028.85707847634,38.8671862924702,0.04597419401428848,81.74335075817213,4.205225199022861,0.1069509137095585,65.44621845850888,3.2570877575604116
3,0,35,10,Mode,40,[   0  683  822 1180],3,683,139,393.3333333333333,90111.9630324502,28.708150281750743,0.017436695293307783,84.96123723299982,4.091831351162287,0.029455375879225792,24.281408585471382,3.960316276132021
4,0,35,10,Median,40,[   0  243  682  866 1180],4,439,184,295.0,233520.84171870266,39.51090801217665,0.04172544916817634,84.25221271531439,4.221295208803406,0.11012561004391257,70.65110199013837,3.225337575883485
5,0,35,10,Mode,40,[   0  264  683  822 1180],4,419,139,295.0,179092.42010504648,36.96568309925049,0.027097177683389206,85.24792970619852,4.2040228903280825,0.08825479582161794,57.1347479119502,3.123885573382962
6,0,35,10,Median,40,[   0  243  682  827  949 1180],5,439,122,236.0,212617.32288178522,46.273220497444285,0.044636025158632506,84.76579291105135,3.7294501329200527,0.12836943424210145,62.322265869634336,2.423033149347196
7,0,35,10,Mode,40,[   0  264  683  822  949 1180],5,419,127,236.0,208074.16527521776,45.571259490627654,0.0417235058017889,84.88850795777067,3.695811798648952,0.12506701181819221,61.171532361415046,2.4512257309953935
8,0,35,10,Median,40,[   0  243  682  822  949 1180],5,439,127,236.0,206152.541756763,45.465752597005434,0.04339990131665173,84.59106389183418,3.6714205366605492,0.12435681867307441,60.46312827718396,2.458190839913822
9,0,35,10,Mode,40,[   0  264  683  822  949 1180],5,419,127,236.0,208074.16527521776,45.571259490627654,0.0417235058017889,84.88850795777067,3.695811798648952,0.12506701181819221,61.171532361415046,2.4512257309953935
10,0,35,10,Median,40,[   0  195  264  682  822  949 1040 1180],7,418,69,168.57142857142858,94702.80091113073,35.477263836436,-7.968247392306571e-05,59.95682908019696,4.226669286331627,0.07538249559979601,27.422047965291934,3.372733937284975
11,0,35,10,Mode,40,[   0  195  264  683  822  949 1180],6,419,69,196.66666666666666,128040.79585101726,38.71824951777091,0.006654793052699055,69.86047493126365,3.84305474025935,0.09114077464256623,36.33787579456947,3.0362321983685505
12,0,35,10,Median,40,[   0  195  264  682  822  949 1017 1128 1180],8,418,52,147.5,87071.99051660406,35.26656184708001,-0.01857927099762201,51.865193759427996,4.329326933895217,0.06579842840092721,25.436967736612907,3.500192701550417
13,0,35,10,Mode,40,[   0  195  264  683  822  949 1180],6,419,69,196.66666666666666,128040.79585101726,38.71824951777091,0.006654793052699055,69.86047493126365,3.84305474025935,0.09114077464256623,36.33787579456947,3.0362321983685505
14,0,35,10,Median,40,[   0  195  264  682  822  949 1017 1128 1180],8,418,52,147.5,87071.99051660406,35.26656184708001,-0.01857927099762201,51.865193759427996,4.329326933895217,0.06579842840092721,25.436967736612907,3.500192701550417
15,0,35,10,Mode,40,[   0  195  264  683  822  949 1180],6,419,69,196.66666666666666,128040.79585101726,38.71824951777091,0.006654793052699055,69.86047493126365,3.84305474025935,0.09114077464256623,36.33787579456947,3.0362321983685505
16,0,35,10,Median,40,[   0  195  264  618  682  822  866  949 1017 1128 1180],10,354,44,118.0,46336.62357423892,31.155678078176365,-0.02741308061345457,41.39356027920359,5.472999448114245,0.0704354325033986,14.160037122845354,4.197317641215356
17,0,35,10,Mode,40,[   0  195  264  618  683  822  949 1017 1117 1180],9,354,63,131.11111111111111,60548.393892758504,31.770395483310654,-0.02229514587703455,45.944409039957876,5.010640345846711,0.06440994661880452,16.991865434622575,4.035228849432882
18,0,35,10,Median,40,[   0   64  195  264  618  682  822  949 1017 1128 1180],10,354,52,118.0,71147.96656067106,35.971663500655396,-0.02834658855509905,46.31910089186486,4.694844447616921,0.08075220933836538,21.698273800834027,3.477834853663981
19,0,35,10,Mode,40,[   0   52  195  264  618  683  822  949 1017 1117 1180],10,354,52,118.0,71015.99665123172,35.906242673808464,-0.030893448055499484,46.58185921628836,4.774435593358722,0.08429242260637959,21.8232737388923,3.5935713699178993
20,0,35,10,Median,40,[   0   64  153  195  264  618  682  822  866  949 1017 1128 1180],12,354,42,98.33333333333333,48936.03632966431,33.74290176765503,-0.04026578184944915,38.744209716555595,5.137532387407651,0.08280077575928572,15.955625143527302,3.8012315577301226
21,0,35,10,Mode,40,[   0   52  153  195  264  618  683  822  949 1017 1117 1180],11,354,42,107.27272727272727,61860.56164840776,35.10533087576104,-0.04405901303014552,42.5555133329459,4.835598404803364,0.08171224768770786,18.980972035580486,3.5911208001055357
22,0,35,10,Median,40,[   0   64  153  195  264  618  682  822  866  949 1017 1128 1180],12,354,42,98.33333333333333,48936.03632966431,33.74290176765503,-0.04026578184944915,38.744209716555595,5.137532387407651,0.08280077575928572,15.955625143527302,3.8012315577301226
23,0,35,10,Mode,40,[   0   52  153  195  264  618  683  822  949 1017 1117 1180],11,354,42,107.27272727272727,61860.56164840776,35.10533087576104,-0.04405901303014552,42.5555133329459,4.835598404803364,0.08171224768770786,18.980972035580486,3.5911208001055357
24,0,35,10,Median,40,[   0   64  153  195  264  618  682  822  866  949 1017 1128 1180],12,354,42,98.33333333333333,48936.03632966431,33.74290176765503,-0.04026578184944915,38.744209716555595,5.137532387407651,0.08280077575928572,15.955625143527302,3.8012315577301226
25,0,35,10,Mode,40,[   0   52  153  195  264  618  683  822  949 1017 1117 1180],11,354,42,107.27272727272727,61860.56164840776,35.10533087576104,-0.04405901303014552,42.5555133329459,4.835598404803364,0.08171224768770786,18.980972035580486,3.5911208001055357
26,0,35,10,Median,40,[   0   52  153  195  264  618  682  822  949 1017 1128 1180],11,354,42,107.27272727272727,62488.923524986196,35.52111383714792,-0.044564786512250244,42.70737387766747,4.708280465276207,0.07994146493694901,19.129844366350934,3.4821180019642677
27,0,35,10,Mode,40,[   0   52  153  195  264  618  683  822  949 1017 1117 1180],11,354,42,107.27272727272727,61860.56164840776,35.10533087576104,-0.04405901303014552,42.5555133329459,4.835598404803364,0.08171224768770786,18.980972035580486,3.5911208001055357
28,0,35,15,Median,40,[   0  195  866 1180],3,671,195,393.3333333333333,304065.33017473295,38.770477087677534,0.03017353792107113,69.75170772780301,3.656762765264562,0.08873633741374498,76.798366100032,3.0938876547002776
29,0,35,15,Mode,40,[   0  195  949 1180],3,754,195,393.3333333333333,212215.98262167556,34.23779031455388,0.019801344221855973,49.998376350826376,3.9855883351769634,0.05527267789021675,51.19968373259126,3.617330998578826
30,0,35,15,Median,40,[   0  195  822 1017 1180],4,627,163,295.0,265092.15160705295,41.95741940607184,0.038537692368443496,73.25032729948505,3.576905856481013,0.10642137519817614,73.43424102786835,3.010194607942921
31,0,35,15,Mode,40,[   0  195  822  949 1180],4,627,127,295.0,322581.97639606457,53.55817531184436,0.05209383258349825,89.4848401571475,2.930071051178526,0.15756556585820547,89.1308545853373,2.3224570128544477
32,0,35,15,Median,40,[   0  195  681  865 1017 1180],5,486,152,236.0,169388.95540187176,35.706358792212995,0.040334615554385056,66.21887919520937,4.207508110419459,0.08872401408938652,51.53195824275586,3.5285794654283364
33,0,35,15,Mode,40,[   0  195  683  822  949 1180],5,488,127,236.0,195860.9928622418,44.984708449067476,0.04460023756902352,82.53273406481442,3.54293091414997,0.12132434244415152,56.66942043700757,2.4958772081092997
34,0,35,15,Median,40,[   0  243  681  865 1017 1180],5,438,152,236.0,180986.13388403633,36.195507202773,0.03607637210265372,68.16080260632987,4.224182183561952,0.09137318242203654,55.647897235757696,3.5034717539476614
35,0,35,15,Mode,40,[   0  195  683  822  949 1180],5,488,127,236.0,195860.9928622418,44.984708449067476,0.04460023756902352,82.53273406481442,3.54293091414997,0.12132434244415152,56.66942043700757,2.4958772081092997
36,0,35,15,Median,40,[   0  243  681  855  949 1180],5,438,94,236.0,226426.2658535457,47.772999313389725,0.046867010665043396,82.20634995263563,3.580148934802316,0.13856530174742943,67.01110266961116,2.4019167947459463
37,0,35,15,Mode,40,[   0  195  683  822  949 1180],5,488,127,236.0,195860.9928622418,44.984708449067476,0.04460023756902352,82.53273406481442,3.54293091414997,0.12132434244415152,56.66942043700757,2.4958772081092997
38,0,35,15,Median,40,[   0  243  681  860  949 1180],5,438,89,236.0,221312.78864403407,46.94331512525466,0.047438337760162645,80.82823548812237,3.633373741842049,0.1355969324701484,65.63548679974598,2.4560326740915293
39,0,35,15,Mode,40,[   0  195  683  822  949 1180],5,488,127,236.0,195860.9928622418,44.984708449067476,0.04460023756902352,82.53273406481442,3.54293091414997,0.12132434244415152,56.66942043700757,2.4958772081092997
40,0,35,15,Median,40,[   0  264  681  855  949 1180],5,417,94,236.0,228915.25257785863,47.88682313874861,0.044073236594797116,82.45768919949056,3.5719871889828525,0.13916577796336072,67.84924398225125,2.3976587944414116
41,0,35,15,Mode,40,[   0  195  264  683  822  949 1180],6,419,69,196.66666666666666,128040.79585101726,38.71824951777091,0.006654793052699055,69.86047493126365,3.84305474025935,0.09114077464256623,36.33787579456947,3.0362321983685505
42,0,35,15,Median,40,[   0  195  264  681  822  949 1017 1128 1180],8,417,52,147.5,87329.13008205833,35.28040219071432,-0.018546480340207918,51.90910869773944,4.325184641458671,0.06589638755102692,25.527631182256563,3.4985417848852127
43,0,35,15,Mode,40,[   0  195  264  683  822  949 1180],6,419,69,196.66666666666666,128040.79585101726,38.71824951777091,0.006654793052699055,69.86047493126365,3.84305474025935,0.09114077464256623,36.33787579456947,3.0362321983685505
44,0,35,15,Median,40,[   0   64  195  264  681  822  949 1017 1128 1180],9,417,52,131.11111111111111,95120.60496407445,39.04834917006811,-0.02603782124251121,51.3674558883142,4.197866827404204,0.08630910643245367,29.56927946232713,3.0748129203902423
45,0,35,15,Mode,40,[   0   52  195  264  683  822  949 1180],7,419,52,168.57142857142858,132493.46632901728,43.76404463110759,-0.01186005029139481,66.63713844243927,3.6780743693999463,0.11650935061996857,40.36065319098291,2.5402454209401317
46,0,35,15,Median,40,[   0   64  195  264  618  682  822  949 1017 1128 1180],10,354,52,118.0,71147.96656067106,35.971663500655396,-0.02834658855509905,46.31910089186486,4.694844447616921,0.08075220933836538,21.698273800834027,3.477834853663981
47,0,35,15,Mode,40,[   0   52  195  264  618  683  822  949 1017 1117 1180],10,354,52,118.0,71015.99665123172,35.906242673808464,-0.030893448055499484,46.58185921628836,4.774435593358722,0.08429242260637959,21.8232737388923,3.5935713699178993
48,0,35,15,Median,40,[   0   64  153  195  264  618  682  822  949 1017 1128 1180],11,354,42,107.27272727272727,61193.75573660094,34.9091810220972,-0.04064965105386114,42.23855067801746,4.7842632993792344,0.07744613862644031,18.549518925787716,3.5229491178143513
49,0,35,15,Mode,40,[   0   52  153  195  264  618  683  822  949 1017 1117 1180],11,354,42,107.27272727272727,61860.56164840776,35.10533087576104,-0.04405901303014552,42.5555133329459,4.835598404803364,0.08171224768770786,18.980972035580486,3.5911208001055357
50,0,35,15,Median,40,[   0   64  153  195  264  618  682  822  892  949 1017 1128 1180],12,354,42,98.33333333333333,48948.068495275176,33.549892929494156,-0.039855394503593565,39.03375898905219,4.895646546157495,0.07781709524286519,15.77268458205707,3.6637332018290367
51,0,35,15,Mode,40,[   0   52  153  195  264  618  683  822  887  949 1017 1117 1180],12,354,42,98.33333333333333,50987.30489145103,34.31186445831903,-0.0427199677049949,39.59662542436132,4.849918438309925,0.08434420259950771,16.524707056953204,3.646903331488545
52,0,35,15,Median,40,[   0   64  153  195  264  618  682  822  892  949 1040 1128 1180],12,354,42,98.33333333333333,53621.178241954294,35.43648235926561,-0.03145443234762783,40.634431728776825,5.938405888018047,0.08569392449155194,16.480747112128288,3.3726462844882232
53,0,35,15,Mode,40,[   0   52  153  195  264  618  683  822  887  949 1040 1117 1180],12,354,42,98.33333333333333,56987.86925296092,36.86311137159227,-0.03369588425435992,41.465111967922645,5.796897521863069,0.09306540472875381,17.571924913735888,3.2352459531644198
54,0,35,15,Median,40,[   0   52  153  195  264  618  682  822  892  949 1040 1128 1180],12,354,42,98.33333333333333,54798.6035041227,35.99278491840263,-0.03561499028572227,41.07376185499964,5.868754956756939,0.08796240295565075,17.008315694458485,3.3355270882608745
55,0,35,15,Mode,40,[   0   52  153  195  264  618  683  822  887  949 1040 1117 1180],12,354,42,98.33333333333333,56987.86925296092,36.86311137159227,-0.03369588425435992,41.465111967922645,5.796897521863069,0.09306540472875381,17.571924913735888,3.2352459531644198
56,0,35,20,Median,40,[   0  195  866 1180],3,671,195,393.3333333333333,304065.33017473295,38.770477087677534,0.03017353792107113,69.75170772780301,3.656762765264562,0.08873633741374498,76.798366100032,3.0938876547002776
57,0,35,20,Mode,40,[   0  195  949 1180],3,754,195,393.3333333333333,212215.98262167556,34.23779031455388,0.019801344221855973,49.998376350826376,3.9855883351769634,0.05527267789021675,51.19968373259126,3.617330998578826
58,0,35,20,Median,40,[   0  195  827 1017 1180],4,632,163,295.0,258143.1135887242,41.82824565137195,0.03686152968729374,71.2081869987387,3.5579013886428603,0.10464550358522996,70.97355083312232,3.0122507818053808
59,0,35,20,Mode,40,[   0  195  865  949 1180],4,670,84,295.0,219878.886023197,50.607086432896885,0.03470251444775613,65.79757377153098,3.1632962549645116,0.13883714125035793,57.15759777006094,2.5227501486154673
60,0,35,20,Median,40,[   0  195  681  865 1017 1180],5,486,152,236.0,169388.95540187176,35.706358792212995,0.040334615554385056,66.21887919520937,4.207508110419459,0.08872401408938652,51.53195824275586,3.5285794654283364
61,0,35,20,Mode,40,[   0  195  683  865  949 1180],5,488,84,236.0,204271.93217596394,44.98248964041078,0.05186958988615873,76.76287194357555,3.606011427906156,0.12698307369784348,60.24721434244293,2.595760539981002
62,0,35,20,Median,40,[   0  243  681  865 1038 1180],5,438,142,236.0,194830.1239676837,38.94347419930743,0.037341735709652296,71.23252764709949,3.864530327864575,0.09532863778530234,58.754999300652216,3.121314648437309
63,0,35,20,Mode,40,[   0  195  683  949 1180],4,488,195,295.0,336616.0188152737,45.991709935040454,0.05693810196527207,94.06378000423699,3.3371320573252223,0.1281981274343947,97.20268267226815,2.545201678021762
64,0,35,20,Median,40,[   0  243  681  865  949 1180],5,438,84,236.0,216070.43672466394,45.48979742692018,0.047299554926426485,78.74054466711745,3.634651659713783,0.12957769751652165,64.3879962727041,2.56549346854292
65,0,35,20,Mode,40,[   0  195  683  865  949 1180],5,488,84,236.0,204271.93217596394,44.98248964041078,0.05186958988615873,76.76287194357555,3.606011427906156,0.12698307369784348,60.24721434244293,2.595760539981002
66,0,35,20,Median,40,[   0  243  681  865  949 1038 1128 1180],7,438,52,168.57142857142858,150758.4379421633,42.205484014142165,0.027147057004686198,57.13088712380469,5.855593520795405,0.10749851862393763,44.95069814325577,2.7272650517279136
67,0,35,20,Mode,40,[   0  195  683  865  949 1180],5,488,84,236.0,204271.93217596394,44.98248964041078,0.05186958988615873,76.76287194357555,3.606011427906156,0.12698307369784348,60.24721434244293,2.595760539981002
68,0,35,20,Median,40,[   0  195  264  681  865  949 1038 1128 1180],8,417,52,147.5,103126.66843681733,37.85099608202768,-0.013326715971642599,50.51428195922038,5.869110256435732,0.08599519811771304,29.953274605268348,3.1034262203410306
69,0,35,20,Mode,40,[   0  264  683  865  949 1180],5,419,84,236.0,218224.91287467617,45.567088463916676,0.044500335846920216,79.04673433591647,3.6083014328491294,0.12995502458923958,65.0872756053952,2.568419200194838
70,0,35,20,Median,40,[   0  195  264  681  822  949 1038 1128 1180],8,417,52,147.5,92739.28595192394,37.87373202284338,-0.007948395578739359,54.07376709849146,5.797328938133284,0.08204269574698121,26.6486579244597,3.0373614340884747
71,0,35,20,Mode,40,[   0  195  264  683  822  949 1180],6,419,69,196.66666666666666,128040.79585101726,38.71824951777091,0.006654793052699055,69.86047493126365,3.84305474025935,0.09114077464256623,36.33787579456947,3.0362321983685505
72,0,35,20,Median,40,[   0   64  195  264  681  822  949 1038 1128 1180],9,417,52,131.11111111111111,99854.49135020685,41.31751277318102,-0.017764865414383088,53.380527397762194,5.506439535559416,0.10043712610391367,30.550177861754875,2.671280113443097
73,0,35,20,Mode,40,[   0   64  195  264  683  822  949 1180],7,419,64,168.57142857142858,131644.15139887892,43.16920426906652,-0.00832293167655527,66.00785249568223,3.744501449285592,0.11415033530254533,39.92503273261142,2.5483119767947007
74,0,35,20,Median,40,[   0   64  195  264  618  681  822  949 1038 1128 1180],10,354,52,118.0,75388.87147005278,37.988032258124626,-0.019904117288125436,48.12560923346904,5.891165460939849,0.093737474030818,22.580298720855176,3.1296940713833927
75,0,35,20,Mode,40,[   0   64  195  264  618  683  822  949 1017 1117 1180],10,354,63,118.0,70449.78669780615,35.509682432447754,-0.02749827341690034,46.15244845559309,4.835644408574042,0.08271974572809743,21.532860099977977,3.598949073820945
76,0,35,20,Median,40,[   0   64  153  195  264  618  681  822  949 1038 1128 1180],11,354,42,107.27272727272727,65010.57015504448,36.72391290381951,-0.03241796921207133,43.875131124652256,5.874077702495211,0.08913287684964769,19.343341353806753,3.209622413761822
77,0,35,20,Mode,40,[   0   64  153  195  264  618  683  822  949 1017 1117 1180],11,354,42,107.27272727272727,60565.393860022516,34.49339806071032,-0.04015688310520994,42.08758053716326,4.911755958962225,0.07921692137719918,18.40064659501727,3.6319519159556193
78,0,35,20,Median,40,[   0   64  195  264  449  681  822  949 1038 1128 1180],10,232,52,118.0,85931.23259578914,38.28846548344055,-0.02903130157728038,48.39464907645228,6.054599695993284,0.09182397363328328,26.16379207313538,3.163752276170336
79,0,35,20,Mode,40,[   0   64  153  195  264  381  618  683  822  949 1017 1117 1180],12,237,42,98.33333333333333,55159.52874095281,32.6338015354605,-0.05417490729104991,38.97680697780357,5.082788735677047,0.07191565259817051,16.880549582120658,3.902428694714976
80,0,35,20,Median,40,[   0   64  153  195  264  618  681  822  897  949 1040 1128 1180],12,354,42,98.33333333333333,52902.56281287802,35.19065986845354,-0.031133794208745038,40.631060869126905,5.9291307549231815,0.08444555147138252,16.294064157343698,3.3897681536367257
81,0,35,20,Mode,40,[   0   64  153  195  264  618  683  822  887  949 1038 1117 1180],12,354,42,98.33333333333333,55425.39826040883,36.16799747139433,-0.02988912364788776,40.89971809173916,5.794884748045699,0.09017904440667061,16.92936461177217,3.28382314321548
82,0,35,20,Median,40,[   0   64  153  195  264  618  681  822  897  949 1040 1128 1180],12,354,42,98.33333333333333,52902.56281287802,35.19065986845354,-0.031133794208745038,40.631060869126905,5.9291307549231815,0.08444555147138252,16.294064157343698,3.3897681536367257
83,0,35,20,Mode,40,[   0   80  153  195  264  618  683  822  887  949 1038 1117 1180],12,354,42,98.33333333333333,54751.0254788073,35.96072972966951,-0.025668074441261134,40.629717058032846,5.874244234859731,0.08950551810122978,16.659019900092716,3.28446931524945
84,0,40,10,Median,40,[   0  195  850 1180],3,655,195,393.3333333333333,347430.8155624384,41.017966461393144,0.03426925005527946,80.18197806074141,3.6217240829177277,0.10364450599307178,91.02370133523826,2.908326786711395
85,0,40,10,Mode,40,[   0  949 1180],2,949,231,590.0,298372.91618190147,40.075745222869145,0.08044801660747303,72.6267823137056,2.950029343518066,0.08044801660747303,72.6267823137056,2.950029343518066
86,0,40,10,Median,40,[   0  195  681  887 1180],4,486,195,295.0,264054.14321559254,42.254533940157096,0.05020821211458945,86.00810494898577,3.6701615295517556,0.11790410436640116,77.13247557065152,2.89803269493215
87,0,40,10,Mode,40,[   0  683  949 1180],3,683,231,393.3333333333333,312282.0012355568,42.99399722817908,0.0837576018060864,100.53795883547396,2.907501947466526,0.09899827824444975,81.90264290817686,2.7822835222249545
88,0,40,10,Median,40,[   0  195  681  829  949 1180],5,486,120,236.0,203722.07893188664,45.94863592391809,0.046315820190685295,82.71661705236862,3.590279203550794,0.12628302227621993,58.95301192852217,2.4513690343732897
89,0,40,10,Mode,40,[   0  683  822  949 1180],4,683,127,295.0,158414.44228354402,42.934763076086874,0.031201538877401545,81.27343424050952,3.287342758809424,0.09813813718878889,40.614900960250786,2.7846262520322433
90,0,40,10,Median,40,[   0  243  681  829  949 1180],5,438,120,236.0,214095.03376536572,46.437767145075625,0.044962495540168894,84.84114534432582,3.7153101599552074,0.12937937676714512,62.806904680230566,2.415059338435736
91,0,40,10,Mode,40,[   0  195  683  822  949 1180],5,488,127,236.0,195860.9928622418,44.984708449067476,0.04460023756902352,82.53273406481442,3.54293091414997,0.12132434244415152,56.66942043700757,2.4958772081092997
92,0,40,10,Median,40,[   0  243  681  829  949 1180],5,438,120,236.0,214095.03376536572,46.437767145075625,0.044962495540168894,84.84114534432582,3.7153101599552074,0.12937937676714512,62.806904680230566,2.415059338435736
93,0,40,10,Mode,40,[   0  195  683  822  949 1180],5,488,127,236.0,195860.9928622418,44.984708449067476,0.04460023756902352,82.53273406481442,3.54293091414997,0.12132434244415152,56.66942043700757,2.4958772081092997
94,0,40,10,Median,40,[   0  195  264  681  829  949 1040 1180],7,417,69,168.57142857142858,99788.78144552199,36.13322740916381,0.0002381430398707273,60.1289746340672,4.242679048000229,0.07905913022117288,28.926868196377743,3.342318994788684
95,0,40,10,Mode,40,[   0  195  264  683  822  949 1180],6,419,69,196.66666666666666,128040.79585101726,38.71824951777091,0.006654793052699055,69.86047493126365,3.84305474025935,0.09114077464256623,36.33787579456947,3.0362321983685505
96,0,40,10,Median,40,[   0  195  264  681  829  949 1017 1128 1180],8,417,52,147.5,91386.83278300348,35.82005076572936,-0.018257532206945173,52.01331973613163,4.343335475355245,0.06942779385868195,26.787674578959138,3.479382362621916
97,0,40,10,Mode,40,[   0  195  264  683  822  949 1180],6,419,69,196.66666666666666,128040.79585101726,38.71824951777091,0.006654793052699055,69.86047493126365,3.84305474025935,0.09114077464256623,36.33787579456947,3.0362321983685505
98,0,40,10,Median,40,[   0  195  264  681  822  949 1017 1128 1180],8,417,52,147.5,87329.13008205833,35.28040219071432,-0.018546480340207918,51.90910869773944,4.325184641458671,0.06589638755102692,25.527631182256563,3.4985417848852127
99,0,40,10,Mode,40,[   0  195  264  683  822  949 1180],6,419,69,196.66666666666666,128040.79585101726,38.71824951777091,0.006654793052699055,69.86047493126365,3.84305474025935,0.09114077464256623,36.33787579456947,3.0362321983685505
100,0,40,10,Median,40,[   0  195  264  618  682  822  949 1017 1128 1180],9,354,52,131.11111111111111,61333.846238481536,32.29012418504424,-0.023396879929156393,46.12082769264071,4.8620459494713915,0.06219646818035595,17.17795584808563,3.898975351756297
101,0,40,10,Mode,40,[   0  195  264  683  822  949 1180],6,419,69,196.66666666666666,128040.79585101726,38.71824951777091,0.006654793052699055,69.86047493126365,3.84305474025935,0.09114077464256623,36.33787579456947,3.0362321983685505
102,0,40,10,Median,40,[   0   64  195  264  618  682  822  949 1017 1128 1180],10,354,52,118.0,71147.96656067106,35.971663500655396,-0.02834658855509905,46.31910089186486,4.694844447616921,0.08075220933836538,21.698273800834027,3.477834853663981
103,0,40,10,Mode,40,[   0   52  195  264  618  683  822  949 1017 1117 1180],10,354,52,118.0,71015.99665123172,35.906242673808464,-0.030893448055499484,46.58185921628836,4.774435593358722,0.08429242260637959,21.8232737388923,3.5935713699178993
104,0,40,10,Median,40,[   0   64  153  195  264  618  682  822  949 1017 1128 1180],11,354,42,107.27272727272727,61193.75573660094,34.9091810220972,-0.04064965105386114,42.23855067801746,4.7842632993792344,0.07744613862644031,18.549518925787716,3.5229491178143513
105,0,40,10,Mode,40,[   0   52  153  195  264  618  683  822  949 1017 1117 1180],11,354,42,107.27272727272727,61860.56164840776,35.10533087576104,-0.04405901303014552,42.5555133329459,4.835598404803364,0.08171224768770786,18.980972035580486,3.5911208001055357
106,0,40,10,Median,40,[   0   64  153  195  264  618  682  822  949 1017 1128 1180],11,354,42,107.27272727272727,61193.75573660094,34.9091810220972,-0.04064965105386114,42.23855067801746,4.7842632993792344,0.07744613862644031,18.549518925787716,3.5229491178143513
107,0,40,10,Mode,40,[   0   52  153  195  264  567  683  822  949 1017 1117 1180],11,303,42,107.27272727272727,66334.64259684684,35.11574343634599,-0.049397842231793145,42.47382298579488,5.170012020917323,0.08098757524969888,20.38084847534804,3.7428793922619077
108,0,40,10,Median,40,[   0   52  153  195  264  618  682  822  949 1017 1128 1180],11,354,42,107.27272727272727,62488.923524986196,35.52111383714792,-0.044564786512250244,42.70737387766747,4.708280465276207,0.07994146493694901,19.129844366350934,3.4821180019642677
109,0,40,10,Mode,40,[   0   52  153  195  264  567  683  822  949 1017 1117 1180],11,303,42,107.27272727272727,66334.64259684684,35.11574343634599,-0.049397842231793145,42.47382298579488,5.170012020917323,0.08098757524969888,20.38084847534804,3.7428793922619077
110,0,40,10,Median,40,[   0   64  153  195  264  618  682  822  887  949 1040 1128 1180],12,354,42,98.33333333333333,55194.896999738754,36.08712573900587,-0.030871216295828795,40.911657414521116,5.845620600198358,0.08884699250875926,16.881657843300705,3.2904930470582525
111,0,40,10,Mode,40,[   0   52  153  195  264  567  683  822  887  949 1040 1117 1180],12,303,42,98.33333333333333,61055.215569723725,36.872577335760404,-0.039054616575936396,41.38800377244615,6.1034433366341965,0.0924066116032911,18.844539858979115,3.373208309670213
112,0,40,15,Median,40,[   0  195  866 1180],3,671,195,393.3333333333333,304065.33017473295,38.770477087677534,0.03017353792107113,69.75170772780301,3.656762765264562,0.08873633741374498,76.798366100032,3.0938876547002776
113,0,40,15,Mode,40,[   0  949 1180],2,949,231,590.0,298372.91618190147,40.075745222869145,0.08044801660747303,72.6267823137056,2.950029343518066,0.08044801660747303,72.6267823137056,2.950029343518066
114,0,40,15,Median,40,[   0  195  822 1017 1180],4,627,163,295.0,265092.15160705295,41.95741940607184,0.038537692368443496,73.25032729948505,3.576905856481013,0.10642137519817614,73.43424102786835,3.010194607942921
115,0,40,15,Mode,40,[   0  822  949 1180],3,822,127,393.3333333333333,354809.1571519646,59.5987411999248,0.09661022158342567,104.35441106487617,2.449630604888985,0.1721457357537977,92.82192692001802,2.011934029169405
116,0,40,15,Median,40,[   0  195  681  865 1017 1180],5,486,152,236.0,169388.95540187176,35.706358792212995,0.040334615554385056,66.21887919520937,4.207508110419459,0.08872401408938652,51.53195824275586,3.5285794654283364
117,0,40,15,Mode,40,[   0  683  822  949 1180],4,683,127,295.0,158414.44228354402,42.934763076086874,0.031201538877401545,81.27343424050952,3.287342758809424,0.09813813718878889,40.614900960250786,2.7846262520322433
118,0,40,15,Median,40,[   0  243  681  865 1017 1180],5,438,152,236.0,180986.13388403633,36.195507202773,0.03607637210265372,68.16080260632987,4.224182183561952,0.09137318242203654,55.647897235757696,3.5034717539476614
119,0,40,15,Mode,40,[   0  195  683  822  949 1180],5,488,127,236.0,195860.9928622418,44.984708449067476,0.04460023756902352,82.53273406481442,3.54293091414997,0.12132434244415152,56.66942043700757,2.4958772081092997
120,0,40,15,Median,40,[   0  243  681  865  949 1180],5,438,84,236.0,216070.43672466394,45.48979742692018,0.047299554926426485,78.74054466711745,3.634651659713783,0.12957769751652165,64.3879962727041,2.56549346854292
121,0,40,15,Mode,40,[   0  195  683  822  949 1180],5,488,127,236.0,195860.9928622418,44.984708449067476,0.04460023756902352,82.53273406481442,3.54293091414997,0.12132434244415152,56.66942043700757,2.4958772081092997
122,0,40,15,Median,40,[   0  243  681  865  949 1027 1117 1180],7,438,63,168.57142857142858,144064.41883009416,39.6570285557571,0.02641217953065121,55.26926488372714,5.193522288003874,0.09966098434879116,43.02244473037678,3.0567794072682535
123,0,40,15,Mode,40,[   0  195  683  822  949 1180],5,488,127,236.0,195860.9928622418,44.984708449067476,0.04460023756902352,82.53273406481442,3.54293091414997,0.12132434244415152,56.66942043700757,2.4958772081092997
124,0,40,15,Median,40,[   0  195  264  681  865  949 1027 1117 1180],8,417,63,147.5,97388.93776932951,35.666605689126186,-0.013787781059184809,48.89658320838678,5.229309021114705,0.07927731159615892,28.300485965657796,3.3858670965184645
125,0,40,15,Mode,40,[   0  195  264  683  822  949 1180],6,419,69,196.66666666666666,128040.79585101726,38.71824951777091,0.006654793052699055,69.86047493126365,3.84305474025935,0.09114077464256623,36.33787579456947,3.0362321983685505
126,0,40,15,Median,40,[   0  195  264  681  822  949 1027 1117 1180],8,417,63,147.5,86961.05274138968,35.71466144108391,-0.008333922730157449,52.40299824184826,5.149635771400289,0.07503854785331054,24.97638723668354,3.318816260835354
127,0,40,15,Mode,40,[   0  195  264  683  822  949 1180],6,419,69,196.66666666666666,128040.79585101726,38.71824951777091,0.006654793052699055,69.86047493126365,3.84305474025935,0.09114077464256623,36.33787579456947,3.0362321983685505
128,0,40,15,Median,40,[   0   64  195  264  681  822  949 1027 1117 1180],9,417,63,131.11111111111111,94798.53729098939,39.42832601414149,-0.0183969061481932,51.82665007182683,4.930712276241199,0.09430849669695184,29.08694100995074,2.917553086846616
129,0,40,15,Mode,40,[   0   52  195  264  683  822  949 1180],7,419,52,168.57142857142858,132493.46632901728,43.76404463110759,-0.01186005029139481,66.63713844243927,3.6780743693999463,0.11650935061996857,40.36065319098291,2.5402454209401317
130,0,40,15,Median,40,[   0   64  195  264  618  681  822  949 1027 1117 1180],10,354,63,118.0,70894.69008408168,36.30875513897838,-0.02053502183416453,46.734434277271966,5.373010927553453,0.08828980344685193,21.27964374147372,3.34860338107541
131,0,40,15,Mode,40,[   0   52  195  264  618  683  822  949 1017 1117 1180],10,354,52,118.0,71015.99665123172,35.906242673808464,-0.030893448055499484,46.58185921628836,4.774435593358722,0.08429242260637959,21.8232737388923,3.5935713699178993
132,0,40,15,Median,40,[   0   64  153  195  264  618  681  822  949 1027 1117 1180],11,354,42,107.27272727272727,60965.8069076705,35.21256349658788,-0.033518414890984324,42.61480503912509,5.403028126689398,0.0842299733240782,18.172751872363442,3.4066407924846374
133,0,40,15,Mode,40,[   0   52  153  195  264  618  683  822  949 1017 1117 1180],11,354,42,107.27272727272727,61860.56164840776,35.10533087576104,-0.04405901303014552,42.5555133329459,4.835598404803364,0.08171224768770786,18.980972035580486,3.5911208001055357
134,0,40,15,Median,40,[   0   64  153  195  264  618  681  822  949 1040 1117 1180],11,354,42,107.27272727272727,65942.39616641715,37.059763919603604,-0.030824081691233785,44.07002396240169,5.980861062102855,0.09225018984724949,19.60806733026448,3.186833331933818
135,0,40,15,Mode,40,[   0   52  153  195  264  618  683  822  949 1040 1117 1180],11,354,42,107.27272727272727,67216.51174589494,37.68489837330975,-0.03511823527492878,44.585915556022385,5.868666495952248,0.09408654325755293,20.187973990068645,3.128910118579563
136,0,40,15,Median,40,[   0   64  153  195  264  618  681  822  897  949 1040 1117 1180],12,354,42,98.33333333333333,53487.18796975759,35.39955939425033,-0.029826802743108883,40.70583448667302,5.965995476732392,0.08666655711297994,16.44402676729252,3.378769661392185
137,0,40,15,Mode,40,[   0   52  153  195  264  618  683  822  887  949 1040 1117 1180],12,354,42,98.33333333333333,56987.86925296092,36.86311137159227,-0.03369588425435992,41.465111967922645,5.796897521863069,0.09306540472875381,17.571924913735888,3.2352459531644198
138,0,40,15,Median,40,[   0   64  153  195  264  618  681  822  897  949 1040 1117 1180],12,354,42,98.33333333333333,53487.18796975759,35.39955939425033,-0.029826802743108883,40.70583448667302,5.965995476732392,0.08666655711297994,16.44402676729252,3.378769661392185
139,0,40,15,Mode,40,[   0   52  153  195  264  618  683  822  887  949 1040 1117 1180],12,354,42,98.33333333333333,56987.86925296092,36.86311137159227,-0.03369588425435992,41.465111967922645,5.796897521863069,0.09306540472875381,17.571924913735888,3.2352459531644198
140,0,40,20,Median,40,[   0  195  866 1180],3,671,195,393.3333333333333,304065.33017473295,38.770477087677534,0.03017353792107113,69.75170772780301,3.656762765264562,0.08873633741374498,76.798366100032,3.0938876547002776
141,0,40,20,Mode,40,[   0  195  949 1180],3,754,195,393.3333333333333,212215.98262167556,34.23779031455388,0.019801344221855973,49.998376350826376,3.9855883351769634,0.05527267789021675,51.19968373259126,3.617330998578826
142,0,40,20,Median,40,[   0  195  829 1017 1180],4,634,163,295.0,256220.1702919654,41.77597663691354,0.03658764361239671,70.77328336829514,3.557688525995451,0.10424244723493442,70.33633569593108,3.0170504811531296
143,0,40,20,Mode,40,[   0  195  865  949 1180],4,670,84,295.0,219878.886023197,50.607086432896885,0.03470251444775613,65.79757377153098,3.1632962549645116,0.13883714125035793,57.15759777006094,2.5227501486154673
144,0,40,20,Median,40,[   0  194  678  865 1017 1180],5,484,152,236.0,169943.1995747712,35.77257546568459,0.0405366729532685,66.23206536256782,4.174073687295158,0.08898542704484037,51.72305937202718,3.510875030437813
145,0,40,20,Mode,40,[   0  195  683  865  949 1180],5,488,84,236.0,204271.93217596394,44.98248964041078,0.05186958988615873,76.76287194357555,3.606011427906156,0.12698307369784348,60.24721434244293,2.595760539981002
146,0,40,20,Median,40,[   0  243  678  865 1038 1180],5,435,142,236.0,196114.65126276156,39.04736556742425,0.03755453344880883,71.35677465566488,3.8518442833338282,0.09578974513057908,59.183132428400526,3.105100309009445
147,0,40,20,Mode,40,[   0  195  683  949 1180],4,488,195,295.0,336616.0188152737,45.991709935040454,0.05693810196527207,94.06378000423699,3.3371320573252223,0.1281981274343947,97.20268267226815,2.545201678021762
148,0,40,20,Median,40,[   0  243  678  865  949 1180],5,435,84,236.0,217123.15203509096,45.57323565890664,0.04752111651902391,78.86995690267167,3.626352846137613,0.12994171944601995,64.76466038004986,2.5569072498629857
149,0,40,20,Mode,40,[   0  195  683  865  949 1180],5,488,84,236.0,204271.93217596394,44.98248964041078,0.05186958988615873,76.76287194357555,3.606011427906156,0.12698307369784348,60.24721434244293,2.595760539981002
150,0,40,20,Median,40,[   0  243  678  865  949 1038 1117 1180],7,435,63,168.57142857142858,152369.99100321997,42.57407516445786,0.029656896283617992,57.30972503145322,5.910209896829031,0.11162773450106749,45.42684396298918,2.706356214432055
151,0,40,20,Mode,40,[   0  195  683  865  949 1180],5,488,84,236.0,204271.93217596394,44.98248964041078,0.05186958988615873,76.76287194357555,3.606011427906156,0.12698307369784348,60.24721434244293,2.595760539981002
152,0,40,20,Median,40,[   0  195  264  679  865  949 1038 1117 1180],8,415,63,147.5,104283.06333826229,38.14466478867286,-0.010901418442780099,50.677280430778175,5.911632177027979,0.08952440758840796,30.273703376403258,3.0877059709554344
153,0,40,20,Mode,40,[   0  264  683  865  949 1180],5,419,84,236.0,218224.91287467617,45.567088463916676,0.044500335846920216,79.04673433591647,3.6083014328491294,0.12995502458923958,65.0872756053952,2.568419200194838
154,0,40,20,Median,40,[   0  195  264  679  822  949 1038 1117 1180],8,415,63,147.5,94022.21904381996,38.162472423003685,-0.005376630942220691,54.26743624936046,5.830569853713191,0.0857552869181372,27.006234439517293,3.0236324765437628
155,0,40,20,Mode,40,[   0  195  264  683  822  949 1180],6,419,69,196.66666666666666,128040.79585101726,38.71824951777091,0.006654793052699055,69.86047493126365,3.84305474025935,0.09114077464256623,36.33787579456947,3.0362321983685505
156,0,40,20,Median,40,[   0   64  195  264  679  822  949 1038 1117 1180],9,415,63,131.11111111111111,100977.05780561588,41.57016062332129,-0.01573142035443292,53.56069473728597,5.530979317561999,0.10368564337867517,30.86305731243027,2.6592672755914735
157,0,40,20,Mode,40,[   0   64  195  264  683  822  949 1180],7,419,64,168.57142857142858,131644.15139887892,43.16920426906652,-0.00832293167655527,66.00785249568223,3.744501449285592,0.11415033530254533,39.92503273261142,2.5483119767947007
158,0,40,20,Median,40,[   0   64  195  264  615  681  822  949 1038 1117 1180],10,351,63,118.0,76350.90766469731,38.21940545096235,-0.018264831269811925,48.21191183818734,5.936989774615633,0.0973640494637324,22.83282602382979,3.127132969164549
159,0,40,20,Mode,40,[   0   64  195  264  618  683  822  949 1017 1117 1180],10,354,63,118.0,70449.78669780615,35.509682432447754,-0.02749827341690034,46.15244845559309,4.835644408574042,0.08271974572809743,21.532860099977977,3.598949073820945
160,0,40,20,Median,40,[   0   64  195  264  415  681  822  949 1038 1117 1180],10,266,63,118.0,86728.58224142465,38.489888647438114,-0.02987288361596544,48.453109851219374,6.033701484818854,0.09365119410592297,26.405284862388907,3.125193894459026
161,0,40,20,Mode,40,[   0   64  195  264  415  683  822  949 1017 1117 1180],10,268,63,118.0,81018.28797366489,35.79529015512785,-0.03893909594942381,46.372695688683386,4.969973138373021,0.08075183005605596,25.152526498242835,3.6172602053463256
162,0,40,20,Median,40,[   0   64  195  264  415  681  822  949 1038 1117 1180],10,266,63,118.0,86728.58224142465,38.489888647438114,-0.02987288361596544,48.453109851219374,6.033701484818854,0.09365119410592297,26.405284862388907,3.125193894459026
163,0,40,20,Mode,40,[   0   64  153  195  264  415  618  683  822  949 1017 1117 1180],12,203,42,98.33333333333333,55351.250043055385,32.50012377682592,-0.0520271346274595,38.88566623145258,5.220737969137757,0.07245888399242227,16.933169693275627,3.997131324154957
164,0,40,20,Median,40,[   0   64  195  264  415  681  822  949 1038 1117 1180],10,266,63,118.0,86728.58224142465,38.489888647438114,-0.02987288361596544,48.453109851219374,6.033701484818854,0.09365119410592297,26.405284862388907,3.125193894459026
165,0,40,20,Mode,40,[   0   64  153  195  264  415  618  683  822  949 1038 1117 1180],12,203,42,98.33333333333333,59869.40440539875,34.71057457606178,-0.04328570132427523,40.612610180035766,6.095893187561242,0.08299425065307851,17.912531354123065,3.589374583606313
166,0,40,20,Median,40,"[   0   64  153  195  264  415  618  681  822  865  908  949 1038 1117
 1180]",14,203,41,84.28571428571429,41856.849528695675,33.163210405141754,-0.0429198529920564,35.139461505367315,6.4068694218237265,0.078609881148133,13.28759492531654,3.728853410396196
167,0,40,20,Mode,40,[   0   64  153  195  264  415  618  683  822  887  949 1038 1117 1180],13,203,42,90.76923076923077,51074.09939482343,34.201279426943294,-0.041818206092095925,38.08352296567927,6.012165927508999,0.08307066655150251,15.706784283779418,3.6475816651265514
168,0,45,10,Median,40,[   0  195  846 1180],3,651,195,393.3333333333333,360885.2971649785,41.66832432343471,0.03603007298073571,83.65415408637993,3.582190366626881,0.10709077369386225,95.2036336211606,2.8598396558027037
169,0,45,10,Mode,40,[   0  822 1180],2,822,358,590.0,539717.1751646498,46.52074926512011,0.12757155747287982,138.26748789831043,2.5849667759750115,0.12757155747287982,138.26748789831043,2.5849667759750115
170,0,45,10,Median,40,[   0  195  681  866 1180],4,486,185,295.0,218470.41531709282,38.89407995067934,0.0458547597383931,81.76775401755702,4.189714948904728,0.10687997483468381,65.55683123339811,3.2476337630962715
171,0,45,10,Mode,40,[   0  683  822 1180],3,683,139,393.3333333333333,90111.9630324502,28.708150281750743,0.017436695293307783,84.96123723299982,4.091831351162287,0.029455375879225792,24.281408585471382,3.960316276132021
172,0,45,10,Median,40,[   0  195  681  829  949 1180],5,486,120,236.0,203722.07893188664,45.94863592391809,0.046315820190685295,82.71661705236862,3.590279203550794,0.12628302227621993,58.95301192852217,2.4513690343732897
173,0,45,10,Mode,40,[   0  683  822  949 1180],4,683,127,295.0,158414.44228354402,42.934763076086874,0.031201538877401545,81.27343424050952,3.287342758809424,0.09813813718878889,40.614900960250786,2.7846262520322433
174,0,45,10,Median,40,[   0  243  681  829  949 1180],5,438,120,236.0,214095.03376536572,46.437767145075625,0.044962495540168894,84.84114534432582,3.7153101599552074,0.12937937676714512,62.806904680230566,2.415059338435736
175,0,45,10,Mode,40,[   0  195  683  822  949 1180],5,488,127,236.0,195860.9928622418,44.984708449067476,0.04460023756902352,82.53273406481442,3.54293091414997,0.12132434244415152,56.66942043700757,2.4958772081092997
176,0,45,10,Median,40,[   0  243  681  829  949 1180],5,438,120,236.0,214095.03376536572,46.437767145075625,0.044962495540168894,84.84114534432582,3.7153101599552074,0.12937937676714512,62.806904680230566,2.415059338435736
177,0,45,10,Mode,40,[   0  195  683  822  949 1180],5,488,127,236.0,195860.9928622418,44.984708449067476,0.04460023756902352,82.53273406481442,3.54293091414997,0.12132434244415152,56.66942043700757,2.4958772081092997
178,0,45,10,Median,40,[   0  195  263  681  829  949 1040 1180],7,418,68,168.57142857142858,99438.44187045698,36.072789886642084,2.2289816427117256e-05,60.074107976851934,4.2511894818152,0.07875966828302353,28.805801046950197,3.3527951643878757
179,0,45,10,Mode,40,[   0  195  264  683  822  949 1180],6,419,69,196.66666666666666,128040.79585101726,38.71824951777091,0.006654793052699055,69.86047493126365,3.84305474025935,0.09114077464256623,36.33787579456947,3.0362321983685505
180,0,45,10,Median,40,[   0  263  681  829  949 1180],5,418,120,236.0,216313.94843659445,46.549164525722546,0.04282988546648836,85.09478250093983,3.7369013317946425,0.13003692105096584,63.57833075441787,2.4080797324989756
181,0,45,10,Mode,40,[   0  195  264  683  822  949 1180],6,419,69,196.66666666666666,128040.79585101726,38.71824951777091,0.006654793052699055,69.86047493126365,3.84305474025935,0.09114077464256623,36.33787579456947,3.0362321983685505
182,0,45,10,Median,40,[   0  195  263  618  683  829  949 1017 1117 1180],9,355,63,131.11111111111111,62198.28441007907,32.207841350881466,-0.022226204618297763,46.001699412094055,5.032343737516581,0.06689977453067951,17.455987348102607,4.022339203668551
183,0,45,10,Mode,40,[   0  195  264  637  683  822  949 1017 1117 1180],9,373,46,131.11111111111111,57822.537081423405,31.601208339853592,-0.026615850848233095,45.87057638704228,4.846234817882581,0.058079098870383185,16.151878830951365,3.9669082356381544
184,0,45,10,Median,40,[   0  195  263  618  683  822  949 1017 1117 1180],9,355,63,131.11111111111111,60340.163247916586,31.73240533839481,-0.022408586960871387,45.903280611896484,5.022279297793549,0.06422374290579552,16.917314737413314,4.042796288388487
185,0,45,10,Mode,40,[   0  195  264  637  683  822  949 1017 1117 1180],9,373,46,131.11111111111111,57822.537081423405,31.601208339853592,-0.026615850848233095,45.87057638704228,4.846234817882581,0.058079098870383185,16.151878830951365,3.9669082356381544
186,0,45,10,Median,40,[   0   64  195  263  618  683  822  949 1017 1117 1180],10,355,63,118.0,70245.37821112618,35.48663933772852,-0.027556546542253528,46.113598198653406,4.839229046505062,0.08257986063510406,21.453009064010583,3.601434867535263
187,0,45,10,Mode,40,[   0   52  195  264  637  683  822  949 1017 1117 1180],10,373,46,118.0,68593.01281893386,35.75585410184664,-0.03538931012649283,46.511776273656025,4.629570827095816,0.07866500238556062,21.076618980073448,3.5328419354336966
188,0,45,10,Median,40,[   0   64  153  195  263  618  683  822  949 1017 1117 1180],11,355,42,107.27272727272727,60443.23217566265,34.48265335146808,-0.040205738727349415,42.05238631147169,4.915014720717696,0.07911461525490823,18.351187191837948,3.633259051070861
189,0,45,10,Mode,40,[   0   52  153  195  264  637  683  822  949 1017 1117 1180],11,373,42,107.27272727272727,59679.87619933968,34.969981160995395,-0.048551850668392994,42.491961606264205,4.703903162746177,0.07664756948897081,18.308982752643523,3.5364643090697534
190,0,45,10,Median,40,[   0   64  153  195  263  637  683  822  949 1017 1117 1180],11,374,42,107.27272727272727,58254.493254761015,34.34397081997851,-0.04484959729241118,41.98754240439618,4.781728951388732,0.07403416873907478,17.67745615957374,3.579374914031574
191,0,45,10,Mode,40,[   0   52  153  195  264  637  683  822  949 1017 1117 1180],11,373,42,107.27272727272727,59679.87619933968,34.969981160995395,-0.048551850668392994,42.491961606264205,4.703903162746177,0.07664756948897081,18.308982752643523,3.5364643090697534
192,0,45,10,Median,40,[   0   64  153  195  263  637  682  822  949 1017 1117 1180],11,374,42,107.27272727272727,58225.48069539438,34.32011980550106,-0.04470137796636531,41.94430271281168,4.796513412327196,0.07432234936641298,17.660986987072175,3.5887480587126985
193,0,45,10,Mode,40,[   0   52  153  195  264  637  683  822  949 1017 1117 1180],11,373,42,107.27272727272727,59679.87619933968,34.969981160995395,-0.048551850668392994,42.491961606264205,4.703903162746177,0.07664756948897081,18.308982752643523,3.5364643090697534
194,0,45,10,Median,40,[   0   52  153  195  263  637  682  822  949 1017 1117 1180],11,374,42,107.27272727272727,59520.64848377963,34.93205262055178,-0.04850647603170018,42.41139125815029,4.720745192351256,0.07681767567692167,18.241312427635393,3.5479169428626145
195,0,45,10,Mode,40,[   0   52  153  195  264  637  683  822  949 1017 1117 1180],11,373,42,107.27272727272727,59679.87619933968,34.969981160995395,-0.048551850668392994,42.491961606264205,4.703903162746177,0.07664756948897081,18.308982752643523,3.5364643090697534
196,0,45,15,Median,40,[   0  195  866 1180],3,671,195,393.3333333333333,304065.33017473295,38.770477087677534,0.03017353792107113,69.75170772780301,3.656762765264562,0.08873633741374498,76.798366100032,3.0938876547002776
197,0,45,15,Mode,40,[   0  949 1180],2,949,231,590.0,298372.91618190147,40.075745222869145,0.08044801660747303,72.6267823137056,2.950029343518066,0.08044801660747303,72.6267823137056,2.950029343518066
198,0,45,15,Median,40,[   0  195  822 1017 1180],4,627,163,295.0,265092.15160705295,41.95741940607184,0.038537692368443496,73.25032729948505,3.576905856481013,0.10642137519817614,73.43424102786835,3.010194607942921
199,0,45,15,Mode,40,[   0  822  949 1180],3,822,127,393.3333333333333,354809.1571519646,59.5987411999248,0.09661022158342567,104.35441106487617,2.449630604888985,0.1721457357537977,92.82192692001802,2.011934029169405
200,0,45,15,Median,40,[   0  195  681  865 1038 1180],5,486,142,236.0,183232.94548551913,38.454325788747425,0.04148041440493931,69.25759006003516,3.8348734229908517,0.09267946945265232,54.63906030765038,3.1464223599179837
201,0,45,15,Mode,40,[   0  683  949 1180],3,683,231,393.3333333333333,312282.0012355568,42.99399722817908,0.0837576018060864,100.53795883547396,2.907501947466526,0.09899827824444975,81.90264290817686,2.7822835222249545
202,0,45,15,Median,40,[   0  243  681  865 1038 1180],5,438,142,236.0,194830.1239676837,38.94347419930743,0.037341735709652296,71.23252764709949,3.864530327864575,0.09532863778530234,58.754999300652216,3.121314648437309
203,0,45,15,Mode,40,[   0  195  683  949 1180],4,488,195,295.0,336616.0188152737,45.991709935040454,0.05693810196527207,94.06378000423699,3.3371320573252223,0.1281981274343947,97.20268267226815,2.545201678021762
204,0,45,15,Median,40,[   0  243  681  865  949 1180],5,438,84,236.0,216070.43672466394,45.48979742692018,0.047299554926426485,78.74054466711745,3.634651659713783,0.12957769751652165,64.3879962727041,2.56549346854292
205,0,45,15,Mode,40,[   0  195  683  822  949 1180],5,488,127,236.0,195860.9928622418,44.984708449067476,0.04460023756902352,82.53273406481442,3.54293091414997,0.12132434244415152,56.66942043700757,2.4958772081092997
206,0,45,15,Median,40,[   0  243  681  865  949 1038 1117 1180],7,438,63,168.57142857142858,151668.1807962686,42.51844967646689,0.029603916994133013,57.22021764999884,5.913456219877318,0.11138505321473528,45.17573455809202,2.7120803602186783
207,0,45,15,Mode,40,[   0  195  683  822  949 1180],5,488,127,236.0,195860.9928622418,44.984708449067476,0.04460023756902352,82.53273406481442,3.54293091414997,0.12132434244415152,56.66942043700757,2.4958772081092997
208,0,45,15,Median,40,[   0  195  264  681  865  949 1038 1117 1180],8,417,63,147.5,103906.44802605046,38.11925236402029,-0.011077951307936115,50.5919121367433,5.916093509613723,0.08932651348125387,30.14616296084228,3.090410770475972
209,0,45,15,Mode,40,[   0  195  264  683  822  949 1180],6,419,69,196.66666666666666,128040.79585101726,38.71824951777091,0.006654793052699055,69.86047493126365,3.84305474025935,0.09114077464256623,36.33787579456947,3.0362321983685505
210,0,45,15,Median,40,[   0  195  264  681  822  949 1038 1117 1180],8,417,63,147.5,93519.06554115708,38.14198830483599,-0.005644258317280037,54.15395419198285,5.836420259899306,0.08537401111052205,26.841546280033633,3.024345984223416
211,0,45,15,Mode,40,[   0  195  264  683  822  949 1180],6,419,69,196.66666666666666,128040.79585101726,38.71824951777091,0.006654793052699055,69.86047493126365,3.84305474025935,0.09114077464256623,36.33787579456947,3.0362321983685505
212,0,45,15,Median,40,[   0  195  264  637  682  822  949 1038 1117 1180],9,373,45,131.11111111111111,63998.16608729883,34.610471926795725,-0.014667331838463037,48.0179030557356,6.042581974142759,0.07292399730845081,17.477709281029895,3.4180213230853544
213,0,45,15,Mode,40,[   0  195  264  637  683  822  949 1017 1117 1180],9,373,46,131.11111111111111,57822.537081423405,31.601208339853592,-0.026615850848233095,45.87057638704228,4.846234817882581,0.058079098870383185,16.151878830951365,3.9669082356381544
214,0,45,15,Median,40,[   0   64  195  264  682  822  949 1038 1117 1180],9,418,63,131.11111111111111,100311.8013710134,41.540126719244554,-0.0160366177587924,53.41342963277748,5.546059038845943,0.10326631279067465,30.63962465794387,2.661336146893224
215,0,45,15,Mode,40,[   0   52  195  264  637  683  822  949 1017 1117 1180],10,373,46,118.0,68593.01281893386,35.75585410184664,-0.03538931012649283,46.511776273656025,4.629570827095816,0.07866500238556062,21.076618980073448,3.5328419354336966
216,0,45,15,Median,40,[   0   64  153  195  264  637  682  822  949 1038 1117 1180],11,373,42,107.27272727272727,63325.21161565478,36.76545921549839,-0.035826399250857094,43.862586627120876,5.750156410473988,0.08602816192891621,18.78932167214313,3.138185894877597
217,0,45,15,Mode,40,[   0   52  153  195  264  637  683  822  949 1017 1117 1180],11,373,42,107.27272727272727,59679.87619933968,34.969981160995395,-0.048551850668392994,42.491961606264205,4.703903162746177,0.07664756948897081,18.308982752643523,3.5364643090697534
218,0,45,15,Median,40,[   0   64  153  195  264  637  682  822  949 1038 1117 1180],11,373,42,107.27272727272727,63325.21161565478,36.76545921549839,-0.035826399250857094,43.862586627120876,5.750156410473988,0.08602816192891621,18.78932167214313,3.138185894877597
219,0,45,15,Mode,40,[   0   52  153  195  264  637  683  822  949 1017 1117 1180],11,373,42,107.27272727272727,59679.87619933968,34.969981160995395,-0.048551850668392994,42.491961606264205,4.703903162746177,0.07664756948897081,18.308982752643523,3.5364643090697534
220,0,45,15,Median,40,[   0   64  153  195  264  637  682  822  949 1038 1117 1180],11,373,42,107.27272727272727,63325.21161565478,36.76545921549839,-0.035826399250857094,43.862586627120876,5.750156410473988,0.08602816192891621,18.78932167214313,3.138185894877597
221,0,45,15,Mode,40,[   0   52  153  195  264  637  683  822  949 1017 1117 1180],11,373,42,107.27272727272727,59679.87619933968,34.969981160995395,-0.048551850668392994,42.491961606264205,4.703903162746177,0.07664756948897081,18.308982752643523,3.5364643090697534
222,0,45,15,Median,40,[   0   64  153  195  264  637  682  822  949 1038 1117 1180],11,373,42,107.27272727272727,63325.21161565478,36.76545921549839,-0.035826399250857094,43.862586627120876,5.750156410473988,0.08602816192891621,18.78932167214313,3.138185894877597
223,0,45,15,Mode,40,[   0   52  153  195  264  637  683  822  949 1038 1117 1180],11,373,42,107.27272727272727,64649.845997917386,37.40147704015484,-0.039906808801160314,44.38559645010221,5.658617946480888,0.08823647281569266,19.386280579575704,3.0879318944662444
224,0,45,20,Median,40,[   0  195  866 1180],3,671,195,393.3333333333333,304065.33017473295,38.770477087677534,0.03017353792107113,69.75170772780301,3.656762765264562,0.08873633741374498,76.798366100032,3.0938876547002776
225,0,45,20,Mode,40,[   0  195  949 1180],3,754,195,393.3333333333333,212215.98262167556,34.23779031455388,0.019801344221855973,49.998376350826376,3.9855883351769634,0.05527267789021675,51.19968373259126,3.617330998578826
226,0,45,20,Median,40,[   0  195  827 1017 1180],4,632,163,295.0,258143.1135887242,41.82824565137195,0.03686152968729374,71.2081869987387,3.5579013886428603,0.10464550358522996,70.97355083312232,3.0122507818053808
227,0,45,20,Mode,40,[   0  195  865  949 1180],4,670,84,295.0,219878.886023197,50.607086432896885,0.03470251444775613,65.79757377153098,3.1632962549645116,0.13883714125035793,57.15759777006094,2.5227501486154673
228,0,45,20,Median,40,[   0  195  678  865 1017 1180],5,483,152,236.0,170397.2048038614,35.796785037100825,0.04043587087500719,66.31822788139286,4.175786299386443,0.08909350298728598,51.872886318164916,3.5092964623625176
229,0,45,20,Mode,40,[   0  195  683  865  949 1180],5,488,84,236.0,204271.93217596394,44.98248964041078,0.05186958988615873,76.76287194357555,3.606011427906156,0.12698307369784348,60.24721434244293,2.595760539981002
230,0,45,20,Median,40,[   0  243  678  865 1038 1180],5,435,142,236.0,196114.65126276156,39.04736556742425,0.03755453344880883,71.35677465566488,3.8518442833338282,0.09578974513057908,59.183132428400526,3.105100309009445
231,0,45,20,Mode,40,[   0  195  683  949 1180],4,488,195,295.0,336616.0188152737,45.991709935040454,0.05693810196527207,94.06378000423699,3.3371320573252223,0.1281981274343947,97.20268267226815,2.545201678021762
232,0,45,20,Median,40,[   0  243  678  865  949 1180],5,435,84,236.0,217123.15203509096,45.57323565890664,0.04752111651902391,78.86995690267167,3.626352846137613,0.12994171944601995,64.76466038004986,2.5569072498629857
233,0,45,20,Mode,40,[   0  195  683  865  949 1180],5,488,84,236.0,204271.93217596394,44.98248964041078,0.05186958988615873,76.76287194357555,3.606011427906156,0.12698307369784348,60.24721434244293,2.595760539981002
234,0,45,20,Median,40,[   0  243  678  865  949 1038 1117 1180],7,435,63,168.57142857142858,152369.99100321997,42.57407516445786,0.029656896283617992,57.30972503145322,5.910209896829031,0.11162773450106749,45.42684396298918,2.706356214432055
235,0,45,20,Mode,40,[   0  195  683  865  949 1180],5,488,84,236.0,204271.93217596394,44.98248964041078,0.05186958988615873,76.76287194357555,3.606011427906156,0.12698307369784348,60.24721434244293,2.595760539981002
236,0,45,20,Median,40,[   0  195  264  678  865  949 1038 1117 1180],8,414,63,147.5,104405.99089649538,38.16344193508449,-0.010876031250290286,50.67229080730804,5.910773495057262,0.08959756042007476,30.307722088203324,3.0847360411753226
237,0,45,20,Mode,40,[   0  264  683  865  949 1180],5,419,84,236.0,218224.91287467617,45.567088463916676,0.044500335846920216,79.04673433591647,3.6083014328491294,0.12995502458923958,65.0872756053952,2.568419200194838
238,0,45,20,Median,40,[   0  195  264  678  822  949 1038 1117 1180],8,414,63,147.5,94268.19875829981,38.17997510503618,-0.005330819678696885,54.28688928415678,5.830108446642726,0.08585427227225198,27.086339498745343,3.021687467122497
239,0,45,20,Mode,40,[   0  195  264  683  822  949 1180],6,419,69,196.66666666666666,128040.79585101726,38.71824951777091,0.006654793052699055,69.86047493126365,3.84305474025935,0.09114077464256623,36.33787579456947,3.0362321983685505
240,0,45,20,Median,40,[   0  195  264  637  682  822  949 1038 1117 1180],9,373,45,131.11111111111111,63998.16608729883,34.610471926795725,-0.014667331838463037,48.0179030557356,6.042581974142759,0.07292399730845081,17.477709281029895,3.4180213230853544
241,0,45,20,Mode,40,[   0  195  264  637  683  822  949 1017 1117 1180],9,373,46,131.11111111111111,57822.537081423405,31.601208339853592,-0.026615850848233095,45.87057638704228,4.846234817882581,0.058079098870383185,16.151878830951365,3.9669082356381544
242,0,45,20,Median,40,[   0   64  195  264  682  822  949 1038 1117 1180],9,418,63,131.11111111111111,100311.8013710134,41.540126719244554,-0.0160366177587924,53.41342963277748,5.546059038845943,0.10326631279067465,30.63962465794387,2.661336146893224
243,0,45,20,Mode,40,[   0   60  195  264  637  683  822  949 1017 1117 1180],10,373,46,118.0,68260.9844007088,35.47901451332934,-0.03307612716415888,46.24654176546304,4.663931207362751,0.07760990463774523,20.90601646681739,3.536344762651092
244,0,45,20,Median,40,[   0   64  195  264  380  682  822  949 1038 1117 1180],10,302,63,118.0,87312.76998493445,38.619345455564634,-0.032971956507730896,48.49810776790778,5.886099980884145,0.09251057548296615,26.626565970136046,3.0423855549389702
245,0,45,20,Mode,40,[   0   60  195  264  380  637  683  822  949 1017 1117 1180],11,257,46,107.27272727272727,61518.42749887802,33.27885416063201,-0.0434303433286982,42.42425077809123,4.955590824041427,0.06965006320987456,19.01807915049316,3.8588825362557237
246,0,45,20,Median,40,[   0   64  153  195  264  380  637  682  822  949 1038 1117 1180],12,257,42,98.33333333333333,57646.98677296366,34.64436266342289,-0.04699942885479946,40.62415750303224,5.909896903385911,0.0779849392212536,17.26703854070758,3.4698492377082557
247,0,45,20,Mode,40,[   0   60  153  195  264  380  637  683  822  949 1017 1117 1180],12,257,42,98.33333333333333,53554.01884911984,32.62443781442173,-0.05618962135189127,39.09002406478479,5.0110161198186,0.06800198673693673,16.480249157127503,3.8564672330648873
248,0,45,20,Median,40,[   0   64  195  264  380  681  822  949 1038 1117 1180],10,301,63,118.0,87441.84029732003,38.616056557103825,-0.03294439081771344,48.523074416377334,5.8891059226517255,0.0925423627790276,26.671135548969144,3.045484138724609
249,0,45,20,Mode,40,[   0   60  153  195  264  380  637  683  822  949 1017 1117 1180],12,257,42,98.33333333333333,53554.01884911984,32.62443781442173,-0.05618962135189127,39.09002406478479,5.0110161198186,0.06800198673693673,16.480249157127503,3.8564672330648873
250,0,45,20,Median,40,[   0   64  195  264  380  681  822  949 1038 1117 1180],10,301,63,118.0,87441.84029732003,38.616056557103825,-0.03294439081771344,48.523074416377334,5.8891059226517255,0.0925423627790276,26.671135548969144,3.045484138724609
251,0,45,20,Mode,40,[   0   60  153  195  264  380  637  683  822  949 1038 1117 1180],12,257,42,98.33333333333333,58072.17321146322,34.83488861365759,-0.047569425906578165,40.82186600523347,5.886171338242085,0.07853735339759296,17.459610817974944,3.4487104925162426
252,0,50,10,Median,40,[   0  195  846 1180],3,651,195,393.3333333333333,360885.2971649785,41.66832432343471,0.03603007298073571,83.65415408637993,3.582190366626881,0.10709077369386225,95.2036336211606,2.8598396558027037
253,0,50,10,Mode,40,[   0  822 1180],2,822,358,590.0,539717.1751646498,46.52074926512011,0.12757155747287982,138.26748789831043,2.5849667759750115,0.12757155747287982,138.26748789831043,2.5849667759750115
254,0,50,10,Median,40,[   0  195  679  866 1180],4,484,187,295.0,219915.36271453576,39.013311847270444,0.04608163562340866,81.92307112328501,4.151757794433882,0.10756482506129324,66.02437006115467,3.224290675263435
255,0,50,10,Mode,40,[   0  683  822 1180],3,683,139,393.3333333333333,90111.9630324502,28.708150281750743,0.017436695293307783,84.96123723299982,4.091831351162287,0.029455375879225792,24.281408585471382,3.960316276132021
256,0,50,10,Median,40,[   0  243  679  866 1180],4,436,187,295.0,235555.1752439552,39.671915320826116,0.04189510457082316,84.45883391863165,4.1687167718041795,0.11075849559180569,71.2965869040187,3.1912748318310946
257,0,50,10,Mode,40,[   0  195  683  822 1180],4,488,139,295.0,162808.19022107852,36.18361504383692,0.030005820040779348,82.44240630988587,4.012921784704355,0.08326456998956368,51.13193201274023,3.1834208762015037
258,0,50,10,Median,40,[   0  243  677  829  949 1180],5,434,120,236.0,215751.53727142484,46.51285508030549,0.04614401048041039,85.07287504625691,3.664373984504337,0.13026228743785626,63.388413101887934,2.4129233870102578
259,0,50,10,Mode,40,[   0  195  683  822  949 1180],5,488,127,236.0,195860.9928622418,44.984708449067476,0.04460023756902352,82.53273406481442,3.54293091414997,0.12132434244415152,56.66942043700757,2.4958772081092997
260,0,50,10,Median,40,[   0  243  677  829  949 1180],5,434,120,236.0,215751.53727142484,46.51285508030549,0.04614401048041039,85.07287504625691,3.664373984504337,0.13026228743785626,63.388413101887934,2.4129233870102578
261,0,50,10,Mode,40,[   0  195  683  822  949 1180],5,488,127,236.0,195860.9928622418,44.984708449067476,0.04460023756902352,82.53273406481442,3.54293091414997,0.12132434244415152,56.66942043700757,2.4958772081092997
262,0,50,10,Median,40,[   0  195  262  677  829  949 1038 1180],7,415,67,168.57142857142858,100500.5102712551,36.19817716285218,0.0007714103839659236,60.18753090465851,4.248174386055053,0.07965613967285055,29.1297427777442,3.3515943871327667
263,0,50,10,Mode,40,[   0  195  264  683  822  949 1180],6,419,69,196.66666666666666,128040.79585101726,38.71824951777091,0.006654793052699055,69.86047493126365,3.84305474025935,0.09114077464256623,36.33787579456947,3.0362321983685505
264,0,50,10,Median,40,[   0  195  262  618  683  829  949 1038 1180],8,356,65,147.5,66200.66268956962,32.645886890624816,-0.005136359429660328,52.31177147497171,4.860255938905576,0.07207605091291314,18.192945452494197,3.8173211645636456
265,0,50,10,Mode,40,[   0  195  264  637  683  822  949 1017 1180],8,373,46,147.5,63228.66356252126,32.63246236197096,-0.023123796107345596,51.46776842577241,4.8805371041655805,0.057683052033341495,17.863299561823432,3.817132125454161
266,0,50,10,Median,40,[   0  195  262  618  683  829  949 1017 1117 1180],9,356,63,131.11111111111111,62163.16869190912,32.22653779805311,-0.021933233552468727,46.01021070481454,5.034859424569743,0.0670208809237896,17.445351000850366,4.021553204723254
267,0,50,10,Mode,40,[   0  195  264  637  683  822  949 1017 1117 1180],9,373,46,131.11111111111111,57822.537081423405,31.601208339853592,-0.026615850848233095,45.87057638704228,4.846234817882581,0.058079098870383185,16.151878830951365,3.9669082356381544
268,0,50,10,Median,40,[   0  195  262  618  683  822  949 1017 1117 1180],9,356,63,131.11111111111111,60305.04752974664,31.751101785566455,-0.02211561739815104,45.91178319799649,5.026449032161115,0.06434484929890562,16.90667839016107,4.042010289443191
269,0,50,10,Mode,40,[   0  195  264  637  683  822  949 1017 1117 1180],9,373,46,131.11111111111111,57822.537081423405,31.601208339853592,-0.026615850848233095,45.87057638704228,4.846234817882581,0.058079098870383185,16.151878830951365,3.9669082356381544
270,0,50,10,Median,40,[   0   64  195  262  618  683  822  949 1017 1117 1180],10,356,63,118.0,70168.53360703128,35.50048057063032,-0.02732091193114317,46.12162976989687,4.838646673501168,0.08268489517060101,21.42278283531928,3.599940957461927
271,0,50,10,Mode,40,[   0   52  195  264  637  683  822  949 1017 1117 1180],10,373,46,118.0,68593.01281893386,35.75585410184664,-0.03538931012649283,46.511776273656025,4.629570827095816,0.07866500238556062,21.076618980073448,3.5328419354336966
272,0,50,10,Median,40,[   0   64  153  195  262  618  683  822  949 1017 1117 1180],11,356,42,107.27272727272727,60409.844743683934,34.49590603256161,-0.03996355860391876,42.05966206124411,4.914485290714158,0.07920855471487978,18.33655226094466,3.631587564285385
273,0,50,10,Mode,40,[   0   52  153  195  264  637  683  822  949 1017 1117 1180],11,373,42,107.27272727272727,59679.87619933968,34.969981160995395,-0.048551850668392994,42.491961606264205,4.703903162746177,0.07664756948897081,18.308982752643523,3.5364643090697534
274,0,50,10,Median,40,[   0   64  153  195  262  637  683  822  949 1017 1117 1180],11,375,42,107.27272727272727,58222.034280014945,34.35769270068574,-0.044671390782339046,41.99500735936015,4.780929074360092,0.07411979928472101,17.662887160835094,3.5774881401210434
275,0,50,10,Mode,40,[   0   52  153  195  264  637  683  822  949 1017 1117 1180],11,373,42,107.27272727272727,59679.87619933968,34.969981160995395,-0.048551850668392994,42.491961606264205,4.703903162746177,0.07664756948897081,18.308982752643523,3.5364643090697534
276,0,50,10,Median,40,[   0   64  153  195  262  637  682  822  949 1017 1117 1180],11,375,42,107.27272727272727,58192.94792799446,34.33377722579718,-0.04451980584816549,41.95176360520406,4.795758963050172,0.07440804817771914,17.64638238298904,3.586886805066952
277,0,50,10,Mode,40,[   0   52  153  195  264  637  683  822  949 1017 1117 1180],11,373,42,107.27272727272727,59679.87619933968,34.969981160995395,-0.048551850668392994,42.491961606264205,4.703903162746177,0.07664756948897081,18.308982752643523,3.5364643090697534
278,0,50,10,Median,40,[   0   64  153  195  262  637  682  822  949 1038 1117 1180],11,375,42,107.27272727272727,63162.91772657216,36.76527310495662,-0.035731298933590526,43.832508973362835,5.753054583087319,0.08599695150444099,18.723680209921223,3.138354390463443
279,0,50,10,Mode,40,[   0   52  153  195  264  637  683  822  949 1038 1117 1180],11,373,42,107.27272727272727,64649.845997917386,37.40147704015484,-0.039906808801160314,44.38559645010221,5.658617946480888,0.08823647281569266,19.386280579575704,3.0879318944662444
280,0,50,15,Median,40,[   0  195  866 1180],3,671,195,393.3333333333333,304065.33017473295,38.770477087677534,0.03017353792107113,69.75170772780301,3.656762765264562,0.08873633741374498,76.798366100032,3.0938876547002776
281,0,50,15,Mode,40,[   0  949 1180],2,949,231,590.0,298372.91618190147,40.075745222869145,0.08044801660747303,72.6267823137056,2.950029343518066,0.08044801660747303,72.6267823137056,2.950029343518066
282,0,50,15,Median,40,[   0  195  822 1017 1180],4,627,163,295.0,265092.15160705295,41.95741940607184,0.038537692368443496,73.25032729948505,3.576905856481013,0.10642137519817614,73.43424102786835,3.010194607942921
283,0,50,15,Mode,40,[   0  865  949 1180],3,865,84,393.3333333333333,234553.88468767973,57.66862207863981,0.08080085027625568,76.5229182987741,2.5498844684895836,0.16275854268075973,59.24772675847382,2.075739594153341
284,0,50,15,Median,40,[   0  195  677  865 1017 1180],5,482,152,236.0,170674.2963114631,35.84748051864964,0.04050816861089868,66.32700321879855,4.150686714985829,0.08932006719099107,51.969581167534606,3.498046679278611
285,0,50,15,Mode,40,[   0  683  865  949 1180],4,683,84,295.0,158362.573670168,42.77462917816778,0.059110432626471136,74.42745021882887,3.2875503182132997,0.10616005540954666,41.57008887137144,2.822543149190904
286,0,50,15,Median,40,[   0  243  677  865 1038 1180],5,434,142,236.0,196447.15981561923,39.09637820156672,0.03765643232353724,71.36314969444341,3.832614457390462,0.09601378958380505,59.290992168123985,3.0968359462225816
287,0,50,15,Mode,40,[   0  195  683  949 1180],4,488,195,295.0,336616.0188152737,45.991709935040454,0.05693810196527207,94.06378000423699,3.3371320573252223,0.1281981274343947,97.20268267226815,2.545201678021762
288,0,50,15,Median,40,[   0  243  677  865  949 1180],5,434,84,236.0,217247.33188365062,45.59289061594322,0.0476359981629821,78.87659701500418,3.611545034988489,0.12999693443604562,64.82212530809392,2.554904743079493
289,0,50,15,Mode,40,[   0  195  683  865  949 1180],5,488,84,236.0,204271.93217596394,44.98248964041078,0.05186958988615873,76.76287194357555,3.606011427906156,0.12698307369784348,60.24721434244293,2.595760539981002
290,0,50,15,Median,40,[   0  243  677  865  949 1038 1117 1180],7,434,63,168.57142857142858,152452.7775689264,42.58717846914892,0.02960561435153496,57.314317667397184,5.902024773697014,0.11166454449441794,45.465153915018554,2.705021209909727
291,0,50,15,Mode,40,[   0  195  683  865  949 1180],5,488,84,236.0,204271.93217596394,44.98248964041078,0.05186958988615873,76.76287194357555,3.606011427906156,0.12698307369784348,60.24721434244293,2.595760539981002
292,0,50,15,Median,40,[   0  195  263  677  865  949 1038 1117 1180],8,414,63,147.5,104198.82736602562,38.1212700417247,-0.011076030259793014,50.625890856203306,5.919590105865947,0.08942306045963425,30.228112346078706,3.092556598912882
293,0,50,15,Mode,40,[   0  264  683  865  949 1180],5,419,84,236.0,218224.91287467617,45.567088463916676,0.044500335846920216,79.04673433591647,3.6083014328491294,0.12995502458923958,65.0872756053952,2.568419200194838
294,0,50,15,Median,40,[   0  195  263  637  683  865  949 1038 1117 1180],9,374,46,131.11111111111111,56556.473052687805,34.51602174701047,-0.020993015248776243,44.93669839641545,6.107691054945719,0.07079770585980219,15.392865684619206,3.447449885543448
295,0,50,15,Mode,40,[   0  195  264  637  683  865  949 1017 1117 1180],9,373,46,131.11111111111111,50101.35548483637,31.443555688428,-0.0324786195830408,42.84928892513518,4.915922832041571,0.05812373471750729,14.12195170309733,4.001706815651637
296,0,50,15,Median,40,[   0  195  263  637  683  822  949 1038 1117 1180],9,374,46,131.11111111111111,63816.701845011674,34.598422022982156,-0.015217410915635313,48.02555566241734,6.038003040786729,0.072359313919406,17.421773230748276,3.414775598834992
297,0,50,15,Mode,40,[   0  195  264  637  683  822  949 1017 1117 1180],9,373,46,131.11111111111111,57822.537081423405,31.601208339853592,-0.026615850848233095,45.87057638704228,4.846234817882581,0.058079098870383185,16.151878830951365,3.9669082356381544
298,0,50,15,Median,40,[   0   64  195  263  637  683  822  949 1038 1117 1180],10,374,46,118.0,73335.63474187738,38.034209724028386,-0.02307300414216731,48.11899640508507,5.743172512249896,0.08981147931386894,21.901416613641665,3.043194254598822
299,0,50,15,Mode,40,[   0   52  195  264  637  683  822  949 1017 1117 1180],10,373,46,118.0,68593.01281893386,35.75585410184664,-0.03538931012649283,46.511776273656025,4.629570827095816,0.07866500238556062,21.076618980073448,3.5328419354336966
300,0,50,15,Median,40,[   0   64  153  195  263  637  683  822  949 1038 1117 1180],11,374,42,107.27272727272727,63224.46305333872,36.775466699137965,-0.036068935673892764,43.86914010074986,5.736781507758455,0.08562307206579663,18.75475398650592,3.130842499428065
301,0,50,15,Mode,40,[   0   52  153  195  264  637  683  822  949 1017 1117 1180],11,373,42,107.27272727272727,59679.87619933968,34.969981160995395,-0.048551850668392994,42.491961606264205,4.703903162746177,0.07664756948897081,18.308982752643523,3.5364643090697534
302,0,50,15,Median,40,[   0   64  153  195  263  618  681  822  949 1038 1117 1180],11,355,42,107.27272727272727,65434.84879793027,36.90129925049521,-0.031189758211537515,43.899621220934854,5.905829384314748,0.09136366205941457,19.429118739550454,3.201693018504085
303,0,50,15,Mode,40,[   0   52  153  195  264  637  683  822  949 1017 1117 1180],11,373,42,107.27272727272727,59679.87619933968,34.969981160995395,-0.048551850668392994,42.491961606264205,4.703903162746177,0.07664756948897081,18.308982752643523,3.5364643090697534
304,0,50,15,Median,40,[   0   64  153  195  263  637  682  822  949 1038 1117 1180],11,374,42,107.27272727272727,63195.45049397209,36.75161568466051,-0.03591839585436022,43.82487037103314,5.754829182705641,0.08591125269313482,18.738284814004356,3.1402156441091895
305,0,50,15,Mode,40,[   0   52  153  195  264  637  683  822  949 1017 1117 1180],11,373,42,107.27272727272727,59679.87619933968,34.969981160995395,-0.048551850668392994,42.491961606264205,4.703903162746177,0.07664756948897081,18.308982752643523,3.5364643090697534
306,0,50,15,Median,40,[   0   64  153  195  263  637  682  822  949 1038 1117 1180],11,374,42,107.27272727272727,63195.45049397209,36.75161568466051,-0.03591839585436022,43.82487037103314,5.754829182705641,0.08591125269313482,18.738284814004356,3.1402156441091895
307,0,50,15,Mode,40,[   0   52  153  195  264  637  683  822  949 1038 1117 1180],11,373,42,107.27272727272727,64649.845997917386,37.40147704015484,-0.039906808801160314,44.38559645010221,5.658617946480888,0.08823647281569266,19.386280579575704,3.0879318944662444
308,0,50,20,Median,40,[   0  195  866 1180],3,671,195,393.3333333333333,304065.33017473295,38.770477087677534,0.03017353792107113,69.75170772780301,3.656762765264562,0.08873633741374498,76.798366100032,3.0938876547002776
309,0,50,20,Mode,40,[   0  195  865 1180],3,670,195,393.3333333333333,313787.9392187267,39.28513516346682,0.030934741553442054,72.30510296997439,3.6261404859151867,0.09250290175094776,80.34094859101891,3.057296869969361
310,0,50,20,Median,40,[   0  195  827 1017 1180],4,632,163,295.0,258143.1135887242,41.82824565137195,0.03686152968729374,71.2081869987387,3.5579013886428603,0.10464550358522996,70.97355083312232,3.0122507818053808
311,0,50,20,Mode,40,[   0  195  865  949 1180],4,670,84,295.0,219878.886023197,50.607086432896885,0.03470251444775613,65.79757377153098,3.1632962549645116,0.13883714125035793,57.15759777006094,2.5227501486154673
312,0,50,20,Median,40,[   0  243  827 1017 1180],4,584,163,295.0,263243.4555337738,41.56932084009055,0.029862585559525392,71.61244469517318,3.6225814523299302,0.10277201750251706,72.0099739021205,3.0636178315861997
313,0,50,20,Mode,40,[   0  195  865  949 1180],4,670,84,295.0,219878.886023197,50.607086432896885,0.03470251444775613,65.79757377153098,3.1632962549645116,0.13883714125035793,57.15759777006094,2.5227501486154673
314,0,50,20,Median,40,[   0  243  677  865 1038 1180],5,434,142,236.0,196447.15981561923,39.09637820156672,0.03765643232353724,71.36314969444341,3.832614457390462,0.09601378958380505,59.290992168123985,3.0968359462225816
315,0,50,20,Mode,40,[   0  195  683  865 1017 1180],5,488,152,236.0,169204.73072853443,35.69230196933999,0.04067313854396548,66.29359543479522,4.224493806215977,0.08888237380861082,51.51662423005046,3.5395554488711594
316,0,50,20,Median,40,[   0  243  677  865 1017 1180],5,434,152,236.0,182381.6677081129,36.349723432181946,0.036312446746139204,68.28923486559708,4.168674682619894,0.0919539126075936,56.14169866767702,3.4716236091204804
317,0,50,20,Mode,40,[   0  195  683  865  949 1180],5,488,84,236.0,204271.93217596394,44.98248964041078,0.05186958988615873,76.76287194357555,3.606011427906156,0.12698307369784348,60.24721434244293,2.595760539981002
318,0,50,20,Median,40,[   0  243  677  865  949 1038 1117 1180],7,434,63,168.57142857142858,152452.7775689264,42.58717846914892,0.02960561435153496,57.314317667397184,5.902024773697014,0.11166454449441794,45.465153915018554,2.705021209909727
319,0,50,20,Mode,40,[   0  195  683  865  949 1180],5,488,84,236.0,204271.93217596394,44.98248964041078,0.05186958988615873,76.76287194357555,3.606011427906156,0.12698307369784348,60.24721434244293,2.595760539981002
320,0,50,20,Median,40,[   0  195  264  677  865  949 1038 1117 1180],8,413,63,147.5,104507.50224195035,38.17279326056346,-0.010873971534658291,50.67275377626822,5.906033457904266,0.08967027358769095,30.33216926131713,3.0837039507871142
321,0,50,20,Mode,40,[   0  264  683  865  949 1180],5,419,84,236.0,218224.91287467617,45.567088463916676,0.044500335846920216,79.04673433591647,3.6083014328491294,0.12995502458923958,65.0872756053952,2.568419200194838
322,0,50,20,Median,40,[   0  195  264  677  822  949 1038 1117 1180],8,413,63,147.5,94500.73912176458,38.18912786317701,-0.005212985978464035,54.31357735083805,5.822781645570661,0.08607374469824572,27.147512757201888,3.022062756362822
323,0,50,20,Mode,40,[   0  195  264  683  822  949 1180],6,419,69,196.66666666666666,128040.79585101726,38.71824951777091,0.006654793052699055,69.86047493126365,3.84305474025935,0.09114077464256623,36.33787579456947,3.0362321983685505
324,0,50,20,Median,40,[   0  195  264  637  682  822  949 1038 1117 1180],9,373,45,131.11111111111111,63998.16608729883,34.610471926795725,-0.014667331838463037,48.0179030557356,6.042581974142759,0.07292399730845081,17.477709281029895,3.4180213230853544
325,0,50,20,Mode,40,[   0  195  264  637  683  822  949 1017 1117 1180],9,373,46,131.11111111111111,57822.537081423405,31.601208339853592,-0.026615850848233095,45.87057638704228,4.846234817882581,0.058079098870383185,16.151878830951365,3.9669082356381544
326,0,50,20,Median,40,[   0   64  195  264  682  822  949 1038 1117 1180],9,418,63,131.11111111111111,100311.8013710134,41.540126719244554,-0.0160366177587924,53.41342963277748,5.546059038845943,0.10326631279067465,30.63962465794387,2.661336146893224
327,0,50,20,Mode,40,[   0   60  195  264  637  683  822  949 1017 1117 1180],10,373,46,118.0,68260.9844007088,35.47901451332934,-0.03307612716415888,46.24654176546304,4.663931207362751,0.07760990463774523,20.90601646681739,3.536344762651092
328,0,50,20,Median,40,[   0   64  195  264  380  682  822  949 1038 1117 1180],10,302,63,118.0,87312.76998493445,38.619345455564634,-0.032971956507730896,48.49810776790778,5.886099980884145,0.09251057548296615,26.626565970136046,3.0423855549389702
329,0,50,20,Mode,40,[   0   60  195  264  380  637  683  822  949 1017 1117 1180],11,257,46,107.27272727272727,61518.42749887802,33.27885416063201,-0.0434303433286982,42.42425077809123,4.955590824041427,0.06965006320987456,19.01807915049316,3.8588825362557237
330,0,50,20,Median,40,[   0   64  195  264  380  682  822  949 1038 1117 1180],10,302,63,118.0,87312.76998493445,38.619345455564634,-0.032971956507730896,48.49810776790778,5.886099980884145,0.09251057548296615,26.626565970136046,3.0423855549389702
331,0,50,20,Mode,40,[   0   60  195  264  380  683  822  949 1038 1117 1180],10,303,60,118.0,87460.77143974857,38.739553409536065,-0.03344593860565227,48.69007800078507,5.873739999543057,0.09304337014108328,26.725554962730584,3.040211557253388
332,0,50,20,Median,40,[   0   64  195  264  380  681  822  949 1038 1117 1180],10,301,63,118.0,87441.84029732003,38.616056557103825,-0.03294439081771344,48.523074416377334,5.8891059226517255,0.0925423627790276,26.671135548969144,3.045484138724609
333,0,50,20,Mode,40,[   0   60  153  195  264  380  637  683  822  949 1017 1117 1180],12,257,42,98.33333333333333,53554.01884911984,32.62443781442173,-0.05618962135189127,39.09002406478479,5.0110161198186,0.06800198673693673,16.480249157127503,3.8564672330648873
334,0,50,20,Median,40,[   0   64  195  264  380  681  822  949 1038 1117 1180],10,301,63,118.0,87441.84029732003,38.616056557103825,-0.03294439081771344,48.523074416377334,5.8891059226517255,0.0925423627790276,26.671135548969144,3.045484138724609
335,0,50,20,Mode,40,[   0   60  153  195  264  380  637  683  822  949 1038 1117 1180],12,257,42,98.33333333333333,58072.17321146322,34.83488861365759,-0.047569425906578165,40.82186600523347,5.886171338242085,0.07853735339759296,17.459610817974944,3.4487104925162426
336,40,35,10,Median,40,[   0  210  822 1180],3,612,210,393.3333333333333,417258.7005517095,44.122342687628034,0.04101134977706236,97.31505194320384,3.459557005554123,0.11875221892821654,112.41829137706608,2.6728713450929957
337,40,35,10,Mode,40,[   0  264  822 1180],3,558,264,393.3333333333333,416507.29678830656,43.25459503041477,0.033008735452402044,96.19057204378913,3.4814464528821762,0.11309780403821426,110.87811786266258,2.7987314045218867
338,40,35,10,Median,40,[   0  210  683  949 1180],4,473,210,295.0,345762.283390228,46.42269121325412,0.05642768798767025,95.82898770014069,3.320327691931339,0.13033560188254503,100.2210971826081,2.522424827778678
339,40,35,10,Mode,40,[   0  264  822  949 1180],4,558,127,295.0,326615.8112564256,53.04644149019836,0.041301738330205416,89.606639361711,3.047720397146463,0.15393226045987016,89.47999939413474,2.4104047835235156
340,40,35,10,Median,40,[   0  210  682  822  949 1180],5,472,127,236.0,201536.86743617593,45.302694049658214,0.045085928211481746,83.89271425361038,3.5641820957948447,0.12315113824865512,58.70916473506343,2.4711998081952684
341,40,35,10,Mode,40,[   0  264  683  822  949 1180],5,419,127,236.0,208074.16527521776,45.571259490627654,0.0417235058017889,84.88850795777067,3.695811798648952,0.12506701181819221,61.171532361415046,2.4512257309953935
342,40,35,10,Median,40,[   0   80  264  682  822  949 1180],6,418,80,196.66666666666666,187615.84555294004,45.31293810785603,0.011128669275711914,73.61827057720834,4.061469698948241,0.1226091269063611,56.87965415839214,2.435406964003628
343,40,35,10,Mode,40,[   0   52  264  683  822  949 1180],6,419,52,196.66666666666666,195735.92712098552,47.59779088186635,0.001124163838711257,75.73111132533454,3.9016853868543073,0.1300755038425575,59.95433254995895,2.287014170654209
344,40,35,10,Median,40,[   0   80  264  682  822  949 1180],6,418,80,196.66666666666666,187615.84555294004,45.31293810785603,0.011128669275711914,73.61827057720834,4.061469698948241,0.1226091269063611,56.87965415839214,2.435406964003628
345,40,35,10,Mode,40,[   0   52  264  683  822  949 1180],6,419,52,196.66666666666666,195735.92712098552,47.59779088186635,0.001124163838711257,75.73111132533454,3.9016853868543073,0.1300755038425575,59.95433254995895,2.287014170654209
346,40,35,10,Median,40,[   0   64  195  264  682  822  949 1180],7,418,64,168.57142857142858,131801.5347752483,43.17312898574888,-0.008392865984123631,65.9762282283184,3.749651930493009,0.11412866464298176,39.964176010806646,2.547596495946282
347,40,35,10,Mode,40,[   0   52  195  264  683  822  949 1040 1180],8,419,52,147.5,103147.0462753694,40.261864988044685,-0.01660611181189381,58.73332388469662,4.033539569624978,0.09939674686616255,32.110281185090045,2.900144006085486
348,40,35,10,Median,40,[   0   64  195  264  682  822  949 1180],7,418,64,168.57142857142858,131801.5347752483,43.17312898574888,-0.008392865984123631,65.9762282283184,3.749651930493009,0.11412866464298176,39.964176010806646,2.547596495946282
349,40,35,10,Mode,40,[   0   52  195  264  683  822  949 1040 1180],8,419,52,147.5,103147.0462753694,40.261864988044685,-0.01660611181189381,58.73332388469662,4.033539569624978,0.09939674686616255,32.110281185090045,2.900144006085486
350,40,35,10,Median,40,[   0   64  195  264  618  682  822  949 1040 1128 1180],10,354,52,118.0,75676.68594701671,38.10654396720868,-0.019813876358802968,48.24636873690218,5.946155657849583,0.09405956770393498,22.681035828674272,3.107260424867617
351,40,35,10,Mode,40,[   0   52  195  264  683  822  949 1040 1117 1180],9,419,52,131.11111111111111,101313.22540997699,42.16840297625016,-0.019597650967887837,54.095262901010166,5.585335372546795,0.10603356757731879,31.099112702521037,2.638725006985532
352,40,35,10,Median,40,[   0   64  195  264  618  682  822  887  949 1040 1128 1180],11,354,52,107.27272727272727,63553.80086771564,37.16115444139912,-0.02142500034204457,44.433543888488835,5.9001544030135955,0.09296254153772371,19.54875112259368,3.226644602247309
353,40,35,10,Mode,40,[   0   52  195  264  683  822  887  949 1040 1117 1180],10,419,52,118.0,85023.02751149297,40.66582946271319,-0.02187202651273299,49.2074231454336,5.573361249644983,0.10345806222881256,26.68937064117518,2.823156039433027
354,40,35,10,Median,40,[   0   64  153  195  264  618  682  822  887  949 1040 1128 1180],12,354,42,98.33333333333333,55194.896999738754,36.08712573900587,-0.030871216295828795,40.911657414521116,5.845620600198358,0.08884699250875926,16.881657843300705,3.2904930470582525
355,40,35,10,Mode,40,[   0   52  153  195  264  683  822  887  949 1040 1117 1180],11,419,42,107.27272727272727,74466.88942264288,39.3889589857753,-0.03173726083313602,44.93654680829864,5.510471309943278,0.09896132334789755,23.36045924763508,2.89774700266915
356,40,35,10,Median,40,[   0   64  153  195  264  618  682  822  887  949 1040 1128 1180],12,354,42,98.33333333333333,55194.896999738754,36.08712573900587,-0.030871216295828795,40.911657414521116,5.845620600198358,0.08884699250875926,16.881657843300705,3.2904930470582525
357,40,35,10,Mode,40,[   0   52  153  195  264  683  822  887  949 1040 1117 1180],11,419,42,107.27272727272727,74466.88942264288,39.3889589857753,-0.03173726083313602,44.93654680829864,5.510471309943278,0.09896132334789755,23.36045924763508,2.89774700266915
358,40,35,10,Median,40,[   0   64  153  195  264  618  682  822  887  949 1040 1128 1180],12,354,42,98.33333333333333,55194.896999738754,36.08712573900587,-0.030871216295828795,40.911657414521116,5.845620600198358,0.08884699250875926,16.881657843300705,3.2904930470582525
359,40,35,10,Mode,40,[   0   52  153  195  264  618  683  822  887  949 1040 1117 1180],12,354,42,98.33333333333333,56987.86925296092,36.86311137159227,-0.03369588425435992,41.465111967922645,5.796897521863069,0.09306540472875381,17.571924913735888,3.2352459531644198
360,40,35,10,Median,40,[   0   52  153  195  264  618  682  822  887  949 1040 1128 1180],12,354,42,98.33333333333333,56372.32226190716,36.643428298142894,-0.03503107166185169,41.35265072857484,5.7759696689372495,0.09111547097285806,17.4092264256309,3.253373850830904
361,40,35,10,Mode,40,[   0   52  153  195  264  618  683  822  887  949 1040 1117 1180],12,354,42,98.33333333333333,56987.86925296092,36.86311137159227,-0.03369588425435992,41.465111967922645,5.796897521863069,0.09306540472875381,17.571924913735888,3.2352459531644198
362,40,35,10,Median,40,[   0   52  153  195  264  618  682  822  887  949 1040 1128 1180],12,354,42,98.33333333333333,56372.32226190716,36.643428298142894,-0.03503107166185169,41.35265072857484,5.7759696689372495,0.09111547097285806,17.4092264256309,3.253373850830904
363,40,35,10,Mode,40,[   0   52  153  195  264  618  683  822  887  949 1040 1117 1180],12,354,42,98.33333333333333,56987.86925296092,36.86311137159227,-0.03369588425435992,41.465111967922645,5.796897521863069,0.09306540472875381,17.571924913735888,3.2352459531644198
364,40,35,15,Median,40,[   0  195  827 1180],3,632,195,393.3333333333333,397255.5630496571,43.33909955035541,0.0405309679587548,92.72967295844145,3.5150974284622953,0.11568858983110694,106.51726850091745,2.7269017682728878
365,40,35,15,Mode,40,[   0  195  949 1180],3,754,195,393.3333333333333,212215.98262167556,34.23779031455388,0.019801344221855973,49.998376350826376,3.9855883351769634,0.05527267789021675,51.19968373259126,3.617330998578826
366,40,35,15,Median,40,[   0  195  683  949 1180],4,488,195,295.0,336616.0188152737,45.991709935040454,0.05693810196527207,94.06378000423699,3.3371320573252223,0.1281981274343947,97.20268267226815,2.545201678021762
367,40,35,15,Mode,40,[   0  195  822  949 1180],4,627,127,295.0,322581.97639606457,53.55817531184436,0.05209383258349825,89.4848401571475,2.930071051178526,0.15756556585820547,89.1308545853373,2.3224570128544477
368,40,35,15,Median,40,[   0  195  681  887 1040 1180],5,486,140,236.0,203282.99046050617,38.32966760334165,0.042742110967461756,69.40618849673282,3.8287753120816617,0.09538395624677949,59.44450193879231,3.2514146118293916
369,40,35,15,Mode,40,[   0  195  683  949 1180],4,488,195,295.0,336616.0188152737,45.991709935040454,0.05693810196527207,94.06378000423699,3.3371320573252223,0.1281981274343947,97.20268267226815,2.545201678021762
370,40,35,15,Median,40,[   0   64  243  681  887 1040 1180],6,438,64,196.66666666666666,201754.50962914203,41.86079324537228,-0.00463982762781109,64.10311470821662,4.357987485214086,0.10804192089077717,61.80987580187981,2.932921213501907
371,40,35,15,Mode,40,[   0   64  195  683  949 1180],5,488,64,236.0,299819.8300858561,50.969470299336756,-0.0014822864907906787,81.23148162286249,4.354832964330411,0.1490339156879124,91.22262547489933,2.2061360159725756
372,40,35,15,Median,40,[   0   64  243  681  822  949 1180],6,438,64,196.66666666666666,194710.91785349714,47.20027743151991,0.004418796212391438,75.24788408452838,3.892803584917818,0.1296476841950681,59.59128252636168,2.312555283497496
373,40,35,15,Mode,40,[   0   64  195  683  822  949 1180],6,488,64,196.66666666666666,194575.0470693141,49.16831703769911,-0.0011196906700416155,75.14389003229213,3.622516193389849,0.13936773004501432,59.99202712616462,2.2344895724524427
374,40,35,15,Median,40,[   0   64  195  264  681  822  949 1040 1180],8,417,64,147.5,102811.10165187878,39.76920620708581,-0.012925768056665756,58.20537101638417,4.091608872474686,0.09745411803598784,31.86110704772548,2.9047940108541246
375,40,35,15,Mode,40,[   0   64  195  264  683  822  949 1040 1180],8,419,64,147.5,102419.06204953653,39.752001820580915,-0.012892475678044926,58.186384427777554,4.091663264524918,0.09737473373694264,31.73689222077163,2.9070581968179736
376,40,35,15,Median,40,[   0   64  195  264  681  822  949 1040 1128 1180],9,417,52,131.11111111111111,100215.41427371328,41.450089694940544,-0.017505012168570633,53.52024181839206,5.587799568223145,0.10127988459371946,30.674886743647406,2.6579166879943332
377,40,35,15,Mode,40,[   0   64  195  264  683  822  949 1040 1117 1180],9,419,63,131.11111111111111,100676.23921237323,41.72227270471936,-0.015648086088982483,53.603734774239115,5.637000879124519,0.10426430608925136,30.77239735874242,2.644774923876459
378,40,35,15,Median,40,[   0   64  195  264  618  682  822  949 1040 1128 1180],10,354,52,118.0,75676.68594701671,38.10654396720868,-0.019813876358802968,48.24636873690218,5.946155657849583,0.09405956770393498,22.681035828674272,3.107260424867617
379,40,35,15,Mode,40,[   0   64  195  264  683  822  949 1040 1117 1180],9,419,63,131.11111111111111,100676.23921237323,41.72227270471936,-0.015648086088982483,53.603734774239115,5.637000879124519,0.10426430608925136,30.77239735874242,2.644774923876459
380,40,35,15,Median,40,[   0   64  195  264  618  682  822  887  949 1040 1128 1180],11,354,52,107.27272727272727,63553.80086771564,37.16115444139912,-0.02142500034204457,44.433543888488835,5.9001544030135955,0.09296254153772371,19.54875112259368,3.226644602247309
381,40,35,15,Mode,40,[   0   64  195  264  618  683  822  887  949 1040 1117 1180],11,354,62,107.27272727272727,64230.902557874775,37.40280582219343,-0.019805733280426008,44.55569534096944,5.923159508079413,0.09510746866920904,19.727719459509164,3.2067039148141774
382,40,35,15,Median,40,[   0   64  153  195  264  618  682  822  887  949 1040 1128 1180],12,354,42,98.33333333333333,55194.896999738754,36.08712573900587,-0.030871216295828795,40.911657414521116,5.845620600198358,0.08884699250875926,16.881657843300705,3.2904930470582525
383,40,35,15,Mode,40,[   0   64  195  264  683  822  887  949 1040 1117 1180],10,419,62,118.0,84456.8175580674,40.269269221352474,-0.017420256644433113,48.765163778149955,5.616756941261607,0.1018853853505304,26.398957002260854,2.828533743336073
384,40,35,15,Median,40,[   0   64  153  195  264  618  682  735  822  887  949 1040 1128 1180],13,354,42,90.76923076923077,45811.06005454755,33.663236371731934,-0.032058158881028725,37.851610604976784,6.03618708198837,0.078551672866096,14.12745989161214,3.6054391695553942
385,40,35,15,Mode,40,[   0   64  195  264  683  822  887  949 1040 1117 1180],10,419,62,118.0,84456.8175580674,40.269269221352474,-0.017420256644433113,48.765163778149955,5.616756941261607,0.1018853853505304,26.398957002260854,2.828533743336073
386,40,35,15,Median,40,[   0   60  153  195  264  618  682  735  822  887  949 1040 1128 1180],13,354,42,90.76923076923077,46178.70237524528,33.81414649780161,-0.033256275443985364,37.99674916028153,6.013905593533578,0.0792590005296497,14.291586916947509,3.5959777375402253
387,40,35,15,Mode,40,[   0   64  195  264  683  822  887  949 1040 1117 1180],10,419,62,118.0,84456.8175580674,40.269269221352474,-0.017420256644433113,48.765163778149955,5.616756941261607,0.1018853853505304,26.398957002260854,2.828533743336073
388,40,35,15,Median,40,[   0   60  153  195  264  618  682  735  822  887  949 1040 1128 1180],13,354,42,90.76923076923077,46178.70237524528,33.81414649780161,-0.033256275443985364,37.99674916028153,6.013905593533578,0.0792590005296497,14.291586916947509,3.5959777375402253
389,40,35,15,Mode,40,[   0   64  195  264  683  822  887  949 1040 1117 1180],10,419,62,118.0,84456.8175580674,40.269269221352474,-0.017420256644433113,48.765163778149955,5.616756941261607,0.1018853853505304,26.398957002260854,2.828533743336073
390,40,35,15,Median,40,[   0   60  153  195  264  618  682  735  822  887  949 1040 1128 1180],13,354,42,90.76923076923077,46178.70237524528,33.81414649780161,-0.033256275443985364,37.99674916028153,6.013905593533578,0.0792590005296497,14.291586916947509,3.5959777375402253
391,40,35,15,Mode,40,[   0   64  153  195  264  618  683  735  822  887  949 1040 1117 1180],13,354,42,90.76923076923077,46382.83179239366,33.86711063657051,-0.030896109766498977,37.93711088725902,6.07624904648223,0.08065630340195393,14.275842627314615,3.5961937635370727
392,40,35,20,Median,40,[   0  195  887 1180],3,692,195,393.3333333333333,265520.36076678766,36.67968514794167,0.026082580149702,61.07923410055509,3.7706093613132907,0.07391969906138583,65.54868002963033,3.294994412089264
393,40,35,20,Mode,40,[   0  195  949 1180],3,754,195,393.3333333333333,212215.98262167556,34.23779031455388,0.019801344221855973,49.998376350826376,3.9855883351769634,0.05527267789021675,51.19968373259126,3.617330998578826
394,40,35,20,Median,40,[   0  195  685 1038 1180],4,490,142,295.0,349272.0151058593,43.61327206044632,0.04627392045509093,84.56713433884605,3.630656255086209,0.11153552063941789,99.13782938814897,2.8323846489932087
395,40,35,20,Mode,40,[   0  195  822  949 1180],4,627,127,295.0,322581.97639606457,53.55817531184436,0.05209383258349825,89.4848401571475,2.930071051178526,0.15756556585820547,89.1308545853373,2.3224570128544477
396,40,35,20,Median,40,[   0  195  681  887 1040 1180],5,486,140,236.0,203282.99046050617,38.32966760334165,0.042742110967461756,69.40618849673282,3.8287753120816617,0.09538395624677949,59.44450193879231,3.2514146118293916
397,40,35,20,Mode,40,[   0  195  683  949 1180],4,488,195,295.0,336616.0188152737,45.991709935040454,0.05693810196527207,94.06378000423699,3.3371320573252223,0.1281981274343947,97.20268267226815,2.545201678021762
398,40,35,20,Median,40,[   0   64  243  681  887 1040 1180],6,438,64,196.66666666666666,201754.50962914203,41.86079324537228,-0.00463982762781109,64.10311470821662,4.357987485214086,0.10804192089077717,61.80987580187981,2.932921213501907
399,40,35,20,Mode,40,[   0   64  195  683  949 1180],5,488,64,236.0,299819.8300858561,50.969470299336756,-0.0014822864907906787,81.23148162286249,4.354832964330411,0.1490339156879124,91.22262547489933,2.2061360159725756
400,40,35,20,Median,40,[   0   64  243  681  822  949 1180],6,438,64,196.66666666666666,194710.91785349714,47.20027743151991,0.004418796212391438,75.24788408452838,3.892803584917818,0.1296476841950681,59.59128252636168,2.312555283497496
401,40,35,20,Mode,40,[   0   64  195  683  822  949 1180],6,488,64,196.66666666666666,194575.0470693141,49.16831703769911,-0.0011196906700416155,75.14389003229213,3.622516193389849,0.13936773004501432,59.99202712616462,2.2344895724524427
402,40,35,20,Median,40,[   0   64  195  264  681  822  949 1040 1180],8,417,64,147.5,102811.10165187878,39.76920620708581,-0.012925768056665756,58.20537101638417,4.091608872474686,0.09745411803598784,31.86110704772548,2.9047940108541246
403,40,35,20,Mode,40,[   0   64  195  264  683  822  949 1038 1180],8,419,64,147.5,102513.66154820345,39.80306112309542,-0.013162069022182822,58.135704823399514,4.103759041240361,0.09740678527403988,31.758368434683682,2.9091135696000525
404,40,35,20,Median,40,[   0   64  195  264  681  822  949 1038 1128 1180],9,417,52,131.11111111111111,99854.49135020685,41.31751277318102,-0.017764865414383088,53.380527397762194,5.506439535559416,0.10043712610391367,30.550177861754875,2.671280113443097
405,40,35,20,Mode,40,[   0   64  195  264  683  822  949 1038 1117 1180],9,419,63,131.11111111111111,100193.76383873638,41.53718318173278,-0.01595717069880243,53.43808875693615,5.541235725618307,0.10328256578534734,30.610267199297454,2.661872757529538
406,40,35,20,Median,40,[   0   64  195  264  618  681  822  949 1038 1128 1180],10,354,52,118.0,75388.87147005278,37.988032258124626,-0.019904117288125436,48.12560923346904,5.891165460939849,0.093737474030818,22.580298720855176,3.1296940713833927
407,40,35,20,Mode,40,[   0   64  195  264  618  683  822  949 1038 1117 1180],10,354,63,118.0,75971.97536289248,38.21134452040269,-0.0183425330396218,48.232048789522224,5.885830670682224,0.09559630498001061,22.729857685458178,3.1005797242614914
408,40,35,20,Median,40,[   0   64  195  264  618  681  822  887  949 1038 1128 1180],11,354,52,107.27272727272727,63228.61041156695,37.04859181767083,-0.021510039623744856,44.32352780013798,5.852413160463514,0.09280449518054588,19.45606981888325,3.245985078308485
409,40,35,20,Mode,40,[   0   64  195  264  618  683  822  887  949 1038 1117 1180],11,354,62,107.27272727272727,63807.35225445273,37.250113347026414,-0.020114532491072836,44.42049786968435,5.844806200665238,0.09442779862542619,19.60122856791229,3.219307708020259
410,40,35,20,Median,40,[   0   64  153  195  264  618  682  822  887  949 1038 1128 1180],12,354,42,98.33333333333333,54898.253051268104,35.98650538065554,-0.03112541750715838,40.8073691305942,5.785589515260905,0.08833018833375537,16.793881598250774,3.2992351076424615
411,40,35,20,Mode,40,[   0   64  195  264  683  822  887  949 1038 1117 1180],10,419,62,118.0,83986.20610982069,40.09961091561135,-0.017729170150253458,48.61612463053598,5.5305683031060155,0.10113019641299392,26.258411567153214,2.8425379580094976
412,40,35,20,Median,40,[   0   64  153  195  264  618  682  822  887  949 1038 1128 1180],12,354,42,98.33333333333333,54898.253051268104,35.98650538065554,-0.03112541750715838,40.8073691305942,5.785589515260905,0.08833018833375537,16.793881598250774,3.2992351076424615
413,40,35,20,Mode,40,[   0   64  195  264  683  822  887  949 1038 1117 1180],10,419,62,118.0,83986.20610982069,40.09961091561135,-0.017729170150253458,48.61612463053598,5.5305683031060155,0.10113019641299392,26.258411567153214,2.8425379580094976
414,40,35,20,Median,40,[   0   64  153  195  264  618  681  735  822  887  949 1038 1128 1180],13,354,42,90.76923076923077,45543.3680624779,33.580813441442125,-0.03208818672309079,37.77080610306298,5.974932742441998,0.07812062915747452,14.046265856682128,3.613168087872035
415,40,35,20,Mode,40,[   0   64  195  264  683  822  887  949 1038 1117 1180],10,419,62,118.0,83986.20610982069,40.09961091561135,-0.017729170150253458,48.61612463053598,5.5305683031060155,0.10113019641299392,26.258411567153214,2.8425379580094976
416,40,35,20,Median,40,[   0   64  153  195  265  618  681  735  822  887  949 1038 1128 1180],13,353,42,90.76923076923077,45598.144070211834,33.57874680945152,-0.0322203576506471,37.77671931213743,5.9739062290837515,0.07810412891124946,14.070208165396123,3.6125592286542028
417,40,35,20,Mode,40,[   0   64  153  195  264  618  683  735  822  887  949 1038 1117 1180],13,354,42,90.76923076923077,46029.87320620863,33.739866907264656,-0.03119941697804926,37.82317646702295,6.009950094054853,0.08008991169880154,14.170433550983887,3.6066969245421414
418,40,35,20,Median,40,[   0   64  153  195  265  618  681  735  822  887  949 1038 1128 1180],13,353,42,90.76923076923077,45598.144070211834,33.57874680945152,-0.0322203576506471,37.77671931213743,5.9739062290837515,0.07810412891124946,14.070208165396123,3.6125592286542028
419,40,35,20,Mode,40,[   0   64  153  195  264  567  683  735  822  887  949 1038 1117 1180],13,303,42,90.76923076923077,46844.13251160516,33.71689259976162,-0.03676409634525074,37.75271515453407,6.290962786849832,0.08054926509985083,14.41016616058065,3.7149701159652544
420,40,40,10,Median,40,[   0  195  822 1180],3,627,195,393.3333333333333,409971.5214894222,43.91861128353439,0.04278487573878474,96.0265910024641,3.4833332189146247,0.11891818698526543,110.5382334303098,2.6845679899939645
421,40,40,10,Mode,40,[   0  195  949 1180],3,754,195,393.3333333333333,212215.98262167556,34.23779031455388,0.019801344221855973,49.998376350826376,3.9855883351769634,0.05527267789021675,51.19968373259126,3.617330998578826
422,40,40,10,Median,40,[   0  195  685  949 1180],4,490,195,295.0,335286.23747631215,45.94361476519082,0.05683144815437258,93.79773672707566,3.342286722598152,0.12797154173221756,96.70845468040125,2.548534521646142
423,40,40,10,Mode,40,[   0  195  822  949 1180],4,627,127,295.0,322581.97639606457,53.55817531184436,0.05209383258349825,89.4848401571475,2.930071051178526,0.15756556585820547,89.1308545853373,2.3224570128544477
424,40,40,10,Median,40,[   0  195  681  822  949 1180],5,486,127,236.0,196545.6810702568,45.00657079312272,0.04396821003633248,82.54179997211932,3.5346616478210913,0.12139891645345113,56.866270973096775,2.493844539233417
425,40,40,10,Mode,40,[   0  195  683  822  949 1180],5,488,127,236.0,195860.9928622418,44.984708449067476,0.04460023756902352,82.53273406481442,3.54293091414997,0.12132434244415152,56.66942043700757,2.4958772081092997
426,40,40,10,Median,40,[   0   86  250  681  822  949 1180],6,431,86,196.66666666666666,189795.78895659238,45.947805409170726,0.009751371096558888,74.12018754581895,3.955913688667476,0.12519572110505944,57.71649164637184,2.3966130979907874
427,40,40,10,Mode,40,[   0  153  195  683  822  949 1180],6,488,42,196.66666666666666,149673.0523944244,48.26283333456753,0.012308106742293002,69.80526902145162,3.7584306115686417,0.1263472355166776,43.547131307443536,2.30877453510852
428,40,40,10,Median,40,[   0   86  250  681  822  949 1180],6,431,86,196.66666666666666,189795.78895659238,45.947805409170726,0.009751371096558888,74.12018754581895,3.955913688667476,0.12519572110505944,57.71649164637184,2.3966130979907874
429,40,40,10,Mode,40,[   0  153  195  683  822  949 1040 1180],7,488,42,168.57142857142858,112572.29798760069,43.427158967084154,0.007784632970349696,59.940386528250535,4.1897385446091375,0.1047428836544524,33.39061761449175,2.7672346987500345
430,40,40,10,Median,40,[   0   64  195  264  681  822  949 1180],7,417,64,168.57142857142858,132101.5309349449,43.18927605332223,-0.008342436531287474,66.02969805557048,3.7402885846848264,0.11424295031809807,40.06995003072425,2.5456704265035435
431,40,40,10,Mode,40,[   0   52  195  264  683  822  949 1040 1180],8,419,52,147.5,103147.0462753694,40.261864988044685,-0.01660611181189381,58.73332388469662,4.033539569624978,0.09939674686616255,32.110281185090045,2.900144006085486
432,40,40,10,Median,40,[   0   64  195  264  681  822  949 1040 1117 1180],9,417,63,131.11111111111111,101019.27386442269,41.73732654291115,-0.015683187154375267,53.62079724706101,5.6369525306354245,0.10433376735091592,30.881085332327036,2.642793761158091
433,40,40,10,Mode,40,[   0   52  195  264  683  822  949 1040 1117 1180],9,419,52,131.11111111111111,101313.22540997699,42.16840297625016,-0.019597650967887837,54.095262901010166,5.585335372546795,0.10603356757731879,31.099112702521037,2.638725006985532
434,40,40,10,Median,40,[   0   64  195  264  618  682  822  949 1040 1117 1180],10,354,63,118.0,76391.22780542508,38.36186560984921,-0.01799242681659807,48.33639441982131,5.990021580525019,0.09677413015477626,22.864323463056163,3.093817823235402
435,40,40,10,Mode,40,[   0   52  195  264  683  822  949 1040 1117 1180],9,419,52,131.11111111111111,101313.22540997699,42.16840297625016,-0.019597650967887837,54.095262901010166,5.585335372546795,0.10603356757731879,31.099112702521037,2.638725006985532
436,40,40,10,Median,40,[   0   64  153  195  264  618  682  822  949 1040 1117 1180],11,354,42,107.27272727272727,65912.69085687955,37.06036292037163,-0.03101820396846244,44.066097044387924,5.961697056568414,0.09186586736121012,19.598963621787643,3.1773337904286305
437,40,40,10,Mode,40,[   0   52  195  264  683  822  949 1040 1117 1180],9,419,52,131.11111111111111,101313.22540997699,42.16840297625016,-0.019597650967887837,54.095262901010166,5.585335372546795,0.10603356757731879,31.099112702521037,2.638725006985532
438,40,40,10,Median,40,[   0   64  153  195  264  618  682  822  887  949 1040 1117 1180],12,354,42,98.33333333333333,55779.522156618325,36.29602526480267,-0.029551880535874382,40.98671720086331,5.88217553576122,0.09106799815035665,17.031620453249527,3.2794945548137124
439,40,40,10,Mode,40,[   0   52  153  195  264  683  822  887  949 1040 1117 1180],11,419,42,107.27272727272727,74466.88942264288,39.3889589857753,-0.03173726083313602,44.93654680829864,5.510471309943278,0.09896132334789755,23.36045924763508,2.89774700266915
440,40,40,10,Median,40,[   0   64  153  195  264  635  682  822  887  949 1040 1117 1180],12,371,42,98.33333333333333,54016.38062723737,36.242841762406925,-0.03176818701090148,41.06669402600349,5.690529904672542,0.08904964889333576,16.502062868918184,3.2068421724405933
441,40,40,10,Mode,40,[   0   52  153  195  264  584  683  822  887  949 1040 1117 1180],12,320,42,98.33333333333333,60055.64000103532,36.894257852502136,-0.037426590121870176,41.35723193313604,6.081240257332225,0.09229299351382575,18.528701102508514,3.3545868660444667
442,40,40,10,Median,40,[   0   64  153  195  264  615  682  822  887  949 1040 1117 1180],12,351,42,98.33333333333333,56072.31994013412,36.31604913658375,-0.029667033281820288,41.003429975536626,5.8939018443250175,0.09191769736638435,17.116168217476723,3.285306277124356
443,40,40,10,Mode,40,[   0   52  153  195  264  618  683  822  887  949 1040 1117 1180],12,354,42,98.33333333333333,56987.86925296092,36.86311137159227,-0.03369588425435992,41.465111967922645,5.796897521863069,0.09306540472875381,17.571924913735888,3.2352459531644198
444,40,40,10,Median,40,[   0   52  153  195  264  615  682  822  887  949 1040 1117 1180],12,351,42,98.33333333333333,57249.74520230253,36.872351695720766,-0.03382916709203924,41.44497456426399,5.824483011659292,0.09418617583048317,17.643736799806916,3.2481870808970075
445,40,40,10,Mode,40,[   0   52  153  195  264  618  683  822  887  949 1040 1117 1180],12,354,42,98.33333333333333,56987.86925296092,36.86311137159227,-0.03369588425435992,41.465111967922645,5.796897521863069,0.09306540472875381,17.571924913735888,3.2352459531644198
446,40,40,10,Median,40,[   0   52  153  195  264  615  682  822  887  949 1040 1117 1180],12,351,42,98.33333333333333,57249.74520230253,36.872351695720766,-0.03382916709203924,41.44497456426399,5.824483011659292,0.09418617583048317,17.643736799806916,3.2481870808970075
447,40,40,10,Mode,40,[   0   52  153  195  264  618  683  822  887  949 1040 1117 1180],12,354,42,98.33333333333333,56987.86925296092,36.86311137159227,-0.03369588425435992,41.465111967922645,5.796897521863069,0.09306540472875381,17.571924913735888,3.2352459531644198
448,40,40,15,Median,40,[   0  195  829 1180],3,634,195,393.3333333333333,394854.5494984441,43.230814887229954,0.040323900382074576,92.17715812965098,3.513278203543539,0.11509624555361389,105.73432044201807,2.7363381234895394
449,40,40,15,Mode,40,[   0  195  949 1180],3,754,195,393.3333333333333,212215.98262167556,34.23779031455388,0.019801344221855973,49.998376350826376,3.9855883351769634,0.05527267789021675,51.19968373259126,3.617330998578826
450,40,40,15,Median,40,[   0  195  708  952 1180],4,513,195,295.0,334527.41162771004,46.41367222513171,0.055520343865595796,93.6554380547627,3.2046577388869664,0.12875549608961367,96.07213979548271,2.5342431150007676
451,40,40,15,Mode,40,[   0  195  822  949 1180],4,627,127,295.0,322581.97639606457,53.55817531184436,0.05209383258349825,89.4848401571475,2.930071051178526,0.15756556585820547,89.1308545853373,2.3224570128544477
452,40,40,15,Median,40,[   0  195  681  822  952 1180],5,486,130,236.0,193433.88519323725,44.460590135491344,0.043191671333285775,81.75298011727307,3.5477503420253536,0.11862749001738598,56.00189911366128,2.522888932083349
453,40,40,15,Mode,40,[   0  195  683  822  949 1180],5,488,127,236.0,195860.9928622418,44.984708449067476,0.04460023756902352,82.53273406481442,3.54293091414997,0.12132434244415152,56.66942043700757,2.4958772081092997
454,40,40,15,Median,40,[   0   83  243  681  822  952 1180],6,438,83,196.66666666666666,187140.57671520003,45.685703712381425,0.009680413832928123,73.4089151451608,3.9330290588933265,0.12380054121962777,57.01319074688892,2.4098346260435495
455,40,40,15,Mode,40,[   0  153  195  683  822  949 1180],6,488,42,196.66666666666666,149673.0523944244,48.26283333456753,0.012308106742293002,69.80526902145162,3.7584306115686417,0.1263472355166776,43.547131307443536,2.30877453510852
456,40,40,15,Median,40,[   0   83  243  681  822  949 1180],6,438,83,196.66666666666666,189630.01341681567,46.122488238486525,0.010487325872863966,74.07379892778839,3.9216130915388754,0.1260176823684799,57.7046882344373,2.386599111763604
457,40,40,15,Mode,40,[   0  153  195  683  822  949 1040 1180],7,488,42,168.57142857142858,112572.29798760069,43.427158967084154,0.007784632970349696,59.940386528250535,4.1897385446091375,0.1047428836544524,33.39061761449175,2.7672346987500345
458,40,40,15,Median,40,[   0   64  195  264  681  822  949 1040 1180],8,417,64,147.5,102811.10165187878,39.76920620708581,-0.012925768056665756,58.20537101638417,4.091608872474686,0.09745411803598784,31.86110704772548,2.9047940108541246
459,40,40,15,Mode,40,[   0   64  195  264  683  822  949 1040 1180],8,419,64,147.5,102419.06204953653,39.752001820580915,-0.012892475678044926,58.186384427777554,4.091663264524918,0.09737473373694264,31.73689222077163,2.9070581968179736
460,40,40,15,Median,40,[   0   64  195  264  681  822  949 1040 1117 1180],9,417,63,131.11111111111111,101019.27386442269,41.73732654291115,-0.015683187154375267,53.62079724706101,5.6369525306354245,0.10433376735091592,30.881085332327036,2.642793761158091
461,40,40,15,Mode,40,[   0   64  195  264  683  822  949 1040 1117 1180],9,419,63,131.11111111111111,100676.23921237323,41.72227270471936,-0.015648086088982483,53.603734774239115,5.637000879124519,0.10426430608925136,30.77239735874242,2.644774923876459
462,40,40,15,Median,40,[   0   64  195  264  618  682  822  949 1040 1117 1180],10,354,63,118.0,76391.22780542508,38.36186560984921,-0.01799242681659807,48.33639441982131,5.990021580525019,0.09677413015477626,22.864323463056163,3.093817823235402
463,40,40,15,Mode,40,[   0   64  195  264  683  822  949 1040 1117 1180],9,419,63,131.11111111111111,100676.23921237323,41.72227270471936,-0.015648086088982483,53.603734774239115,5.637000879124519,0.10426430608925136,30.77239735874242,2.644774923876459
464,40,40,15,Median,40,[   0   64  153  195  264  618  681  822  949 1040 1117 1180],11,354,42,107.27272727272727,65942.39616641715,37.059763919603604,-0.030824081691233785,44.07002396240169,5.980861062102855,0.09225018984724949,19.60806733026448,3.186833331933818
465,40,40,15,Mode,40,[   0   64  153  195  264  618  683  822  949 1040 1117 1180],11,354,42,107.27272727272727,65921.3439575097,37.072965558259035,-0.031053393981718816,44.10600812274597,5.944824050111109,0.09159121694704424,19.60764854950543,3.169741234429647
466,40,40,15,Median,40,[   0   64  153  195  264  618  682  822  887  949 1040 1117 1180],12,354,42,98.33333333333333,55779.522156618325,36.29602526480267,-0.029551880535874382,40.98671720086331,5.88217553576122,0.09106799815035665,17.031620453249527,3.2794945548137124
467,40,40,15,Mode,40,[   0   64  195  264  683  822  887  949 1040 1117 1180],10,419,62,118.0,84456.8175580674,40.269269221352474,-0.017420256644433113,48.765163778149955,5.616756941261607,0.1018853853505304,26.398957002260854,2.828533743336073
468,40,40,15,Median,40,[   0   64  153  195  264  618  682  822  887  949  991 1040 1117 1180],13,354,42,90.76923076923077,55711.825055634166,38.36228221628869,-0.03928816828128856,38.73176486724964,4.788417893118188,0.09218288146330252,17.14096852853485,3.1140774631430177
469,40,40,15,Mode,40,[   0   64  195  264  683  822  887  949  991 1040 1117 1180],11,419,42,107.27272727272727,81507.8514967415,42.35145316748073,-0.02761407992111224,45.262381076034686,4.348263235819806,0.10214150660604807,25.593441037702107,2.6751293144790034
470,40,40,15,Median,40,[   0   64  153  195  264  618  681  822  887  949  991 1040 1117 1180],13,354,42,90.76923076923077,55712.75662827501,38.36071535833627,-0.03909106702491105,38.73513362218362,4.804633590108868,0.09252491332607458,17.144195666738597,3.1221809709918062
471,40,40,15,Mode,40,"[   0   64  153  195  264  618  683  735  822  887  949  991 1040 1117
 1180]",14,354,42,84.28571428571429,47043.164496425554,35.961264332421614,-0.04044342608285825,36.095480191896634,5.046754556119342,0.08248632605608877,14.588762221880675,3.4191395859392495
472,40,40,15,Median,40,[   0   60  153  195  264  618  681  822  887  949  991 1040 1117 1180],13,354,42,90.76923076923077,56080.39894897275,38.51162548440595,-0.04018306624305561,38.8821777408798,4.782352101654076,0.09323224098962828,17.30832269207396,3.112719538976638
473,40,40,15,Mode,40,"[   0   64  153  195  264  618  683  735  822  887  949  991 1040 1117
 1180]",14,354,42,84.28571428571429,47043.164496425554,35.961264332421614,-0.04044342608285825,36.095480191896634,5.046754556119342,0.08248632605608877,14.588762221880675,3.4191395859392495
474,40,40,15,Median,40,[   0   60  153  195  264  618  681  822  887  949  991 1040 1117 1180],13,354,42,90.76923076923077,56080.39894897275,38.51162548440595,-0.04018306624305561,38.8821777408798,4.782352101654076,0.09323224098962828,17.30832269207396,3.112719538976638
475,40,40,15,Mode,40,"[   0   64  153  195  264  618  683  735  822  887  949  991 1040 1117
 1180]",14,354,42,84.28571428571429,47043.164496425554,35.961264332421614,-0.04044342608285825,36.095480191896634,5.046754556119342,0.08248632605608877,14.588762221880675,3.4191395859392495
476,40,40,20,Median,40,[   0  195  949 1180],3,754,195,393.3333333333333,212215.98262167556,34.23779031455388,0.019801344221855973,49.998376350826376,3.9855883351769634,0.05527267789021675,51.19968373259126,3.617330998578826
477,40,40,20,Mode,40,[   0  195  949 1180],3,754,195,393.3333333333333,212215.98262167556,34.23779031455388,0.019801344221855973,49.998376350826376,3.9855883351769634,0.05527267789021675,51.19968373259126,3.617330998578826
478,40,40,20,Median,40,[   0  195  708 1038 1180],4,513,142,295.0,347579.6523691259,43.84636607071175,0.04565650728910972,84.60608486609995,3.5224551271920124,0.11075111386246601,98.18909193269515,2.8058702818419445
479,40,40,20,Mode,40,[   0  195  822  949 1180],4,627,127,295.0,322581.97639606457,53.55817531184436,0.05209383258349825,89.4848401571475,2.930071051178526,0.15756556585820547,89.1308545853373,2.3224570128544477
480,40,40,20,Median,40,[   0  195  681  887 1040 1180],5,486,140,236.0,203282.99046050617,38.32966760334165,0.042742110967461756,69.40618849673282,3.8287753120816617,0.09538395624677949,59.44450193879231,3.2514146118293916
481,40,40,20,Mode,40,[   0  195  683  949 1180],4,488,195,295.0,336616.0188152737,45.991709935040454,0.05693810196527207,94.06378000423699,3.3371320573252223,0.1281981274343947,97.20268267226815,2.545201678021762
482,40,40,20,Median,40,[   0   64  244  681  887 1040 1180],6,437,64,196.66666666666666,201581.48304933123,41.810743336954985,-0.004629844200672663,64.05720679214794,4.35297520121635,0.10773949699993032,61.72433112955704,2.935676592535342
483,40,40,20,Mode,40,[   0   64  195  683  949 1180],5,488,64,236.0,299819.8300858561,50.969470299336756,-0.0014822864907906787,81.23148162286249,4.354832964330411,0.1490339156879124,91.22262547489933,2.2061360159725756
484,40,40,20,Median,40,[   0   64  244  681  822  949 1180],6,437,64,196.66666666666666,194524.56433383154,47.149748246490496,0.004470496301820984,75.19848922503013,3.8987804781324154,0.12936216522107163,59.51027815761074,2.3151371356929897
485,40,40,20,Mode,40,[   0   64  195  683  822  949 1180],6,488,64,196.66666666666666,194575.0470693141,49.16831703769911,-0.0011196906700416155,75.14389003229213,3.622516193389849,0.13936773004501432,59.99202712616462,2.2344895724524427
486,40,40,20,Median,40,[   0   64  195  264  681  822  949 1040 1180],8,417,64,147.5,102811.10165187878,39.76920620708581,-0.012925768056665756,58.20537101638417,4.091608872474686,0.09745411803598784,31.86110704772548,2.9047940108541246
487,40,40,20,Mode,40,[   0   64  195  264  683  822  949 1180],7,419,64,168.57142857142858,131644.15139887892,43.16920426906652,-0.00832293167655527,66.00785249568223,3.744501449285592,0.11415033530254533,39.92503273261142,2.5483119767947007
488,40,40,20,Median,40,[   0   64  195  264  681  822  949 1038 1117 1180],9,417,63,131.11111111111111,100536.79849078585,41.55223701992456,-0.015992269447854212,53.45512297394879,5.541187377129213,0.1033520270470119,30.718955172882065,2.65989159481117
489,40,40,20,Mode,40,[   0   64  195  264  683  822  949 1038 1117 1180],9,419,63,131.11111111111111,100193.76383873638,41.53718318173278,-0.01595717069880243,53.43808875693615,5.541235725618307,0.10328256578534734,30.610267199297454,2.661872757529538
490,40,40,20,Median,40,[   0   64  195  264  681  822  949 1038 1117 1180],9,417,63,131.11111111111111,100536.79849078585,41.55223701992456,-0.015992269447854212,53.45512297394879,5.541187377129213,0.1033520270470119,30.718955172882065,2.65989159481117
491,40,40,20,Mode,40,[   0   64  195  264  683  822  949 1038 1117 1180],9,419,63,131.11111111111111,100193.76383873638,41.53718318173278,-0.01595717069880243,53.43808875693615,5.541235725618307,0.10328256578534734,30.610267199297454,2.661872757529538
492,40,40,20,Median,40,[   0   64  153  195  264  618  681  822  949 1038 1117 1180],11,354,42,107.27272727272727,65556.41586750768,36.91169230121434,-0.031127300640766364,43.935638298446136,5.902507754688682,0.09146479760412626,19.478363202708504,3.2005115988562807
493,40,40,20,Mode,40,[   0   64  195  264  683  822  949 1038 1117 1180],9,419,63,131.11111111111111,100193.76383873638,41.53718318173278,-0.01595717069880243,53.43808875693615,5.541235725618307,0.10328256578534734,30.610267199297454,2.661872757529538
494,40,40,20,Median,40,[   0   64  153  195  264  618  681  822  887  949 1038 1117 1180],12,354,42,98.33333333333333,55395.492687297396,36.15550462415729,-0.02966010445347827,40.866657751351866,5.827918675704798,0.09082324196085087,16.920149248020092,3.2997927390179203
495,40,40,20,Mode,40,[   0   64  195  264  683  822  887  949 1038 1117 1180],10,419,62,118.0,83986.20610982069,40.09961091561135,-0.017729170150253458,48.61612463053598,5.5305683031060155,0.10113019641299392,26.258411567153214,2.8425379580094976
496,40,40,20,Median,40,[   0   64  153  195  264  618  681  822  887  949  991 1038 1117 1180],13,354,42,90.76923076923077,55200.29844170572,38.2277076612576,-0.03935400171525772,38.605612732761124,4.792457473648327,0.09205628144975958,16.995695575531542,3.1304994103275305
497,40,40,20,Mode,40,[   0   64  195  264  683  822  887  949  991 1038 1117 1180],11,419,42,107.27272727272727,80892.90167285834,42.191843930986316,-0.02787999446015024,45.109153981825195,4.333873280002803,0.10157914835447009,25.415240928253642,2.6851114416818715
498,40,40,20,Median,40,[   0   60  153  195  264  618  681  822  887  949  991 1038 1117 1180],13,354,42,90.76923076923077,55567.94076240345,38.37861778732727,-0.040445202854141396,38.752376725358,4.770175985193536,0.09276360911331327,17.159822600866907,3.1210379783123616
499,40,40,20,Mode,40,[   0   64  195  264  683  822  887  949  991 1038 1117 1180],11,419,42,107.27272727272727,80892.90167285834,42.191843930986316,-0.02787999446015024,45.109153981825195,4.333873280002803,0.10157914835447009,25.415240928253642,2.6851114416818715
500,40,40,20,Median,40,"[   0   60  153  195  264  618  681  731  822  887  949  991 1038 1117
 1180]",14,354,42,84.28571428571429,46976.42242128678,35.95215880588172,-0.041475743778128724,36.07332394687593,5.041603896232958,0.08325741965894519,14.619704695837466,3.4380480363687953
501,40,40,20,Mode,40,"[   0   64  153  195  264  618  683  735  822  887  949  991 1038 1117
 1180]",14,354,42,84.28571428571429,46570.1261703616,35.83848799665668,-0.04070642032644132,35.97531820462603,5.035448162263124,0.08205374278564416,14.451685214612626,3.4268181453260715
502,40,40,20,Median,40,"[   0   60  153  195  265  618  681  731  822  887  949  991 1038 1117
 1180]",14,353,42,84.28571428571429,47026.98488996426,35.95025114558271,-0.041577649086882815,36.078886579715025,5.041162394624548,0.08324218866242973,14.641805288496537,3.4374860124754107
503,40,40,20,Mode,40,"[   0   64  153  195  264  618  683  735  822  887  949  991 1038 1117
 1180]",14,354,42,84.28571428571429,46570.1261703616,35.83848799665668,-0.04070642032644132,35.97531820462603,5.035448162263124,0.08205374278564416,14.451685214612626,3.4268181453260715
504,40,45,10,Median,40,[   0  210  822 1180],3,612,210,393.3333333333333,417258.7005517095,44.122342687628034,0.04101134977706236,97.31505194320384,3.459557005554123,0.11875221892821654,112.41829137706608,2.6728713450929957
505,40,45,10,Mode,40,[   0  195  949 1180],3,754,195,393.3333333333333,212215.98262167556,34.23779031455388,0.019801344221855973,49.998376350826376,3.9855883351769634,0.05527267789021675,51.19968373259126,3.617330998578826
506,40,45,10,Median,40,[   0  210  708  949 1180],4,498,210,295.0,343945.5841211875,47.013898950130624,0.05541477231819108,95.81531933317765,3.173414361510039,0.13155139313582573,99.05210403608078,2.4988428405072227
507,40,45,10,Mode,40,[   0  195  822  949 1180],4,627,127,295.0,322581.97639606457,53.55817531184436,0.05209383258349825,89.4848401571475,2.930071051178526,0.15756556585820547,89.1308545853373,2.3224570128544477
508,40,45,10,Median,40,[   0  210  681  822  949 1180],5,471,127,236.0,202002.3352282385,45.3247559454603,0.0448870250875365,83.96026013410095,3.549450295129792,0.12329478204449695,58.8634745075676,2.4689820167683836
509,40,45,10,Mode,40,[   0  195  683  822  949 1180],5,488,127,236.0,195860.9928622418,44.984708449067476,0.04460023756902352,82.53273406481442,3.54293091414997,0.12132434244415152,56.66942043700757,2.4958772081092997
510,40,45,10,Median,40,[   0   87  250  681  822  949 1180],6,431,87,196.66666666666666,189881.7822039707,45.960294176523966,0.009297701551316952,74.12952678989123,3.95235284347112,0.12521470069365648,57.72788311326226,2.3964162003076668
511,40,45,10,Mode,40,[   0  153  195  683  822  949 1180],6,488,42,196.66666666666666,149673.0523944244,48.26283333456753,0.012308106742293002,69.80526902145162,3.7584306115686417,0.1263472355166776,43.547131307443536,2.30877453510852
512,40,45,10,Median,40,[   0   87  250  681  822  949 1180],6,431,87,196.66666666666666,189881.7822039707,45.960294176523966,0.009297701551316952,74.12952678989123,3.95235284347112,0.12521470069365648,57.72788311326226,2.3964162003076668
513,40,45,10,Mode,40,[   0  153  195  683  822  949 1040 1180],7,488,42,168.57142857142858,112572.29798760069,43.427158967084154,0.007784632970349696,59.940386528250535,4.1897385446091375,0.1047428836544524,33.39061761449175,2.7672346987500345
514,40,45,10,Median,40,[   0   64  195  262  681  822  949 1180],7,419,64,168.57142857142858,131587.49685202495,43.16352466886439,-0.00801159947429577,65.98528350735444,3.7402631397904154,0.11409508332270328,39.881035803555164,2.546708157628976
515,40,45,10,Mode,40,[   0   52  195  264  683  822  949 1040 1180],8,419,52,147.5,103147.0462753694,40.261864988044685,-0.01660611181189381,58.73332388469662,4.033539569624978,0.09939674686616255,32.110281185090045,2.900144006085486
516,40,45,10,Median,40,[   0   64  195  262  683  822  949 1180],7,421,64,168.57142857142858,131131.69637466178,43.14362069204075,-0.007993140250084229,65.96376777377215,3.7445077623134564,0.1140043027343473,39.73666804828547,2.5493150493936922
517,40,45,10,Mode,40,[   0   52  195  264  637  683  822  949 1040 1180],9,373,46,131.11111111111111,72802.5171241308,36.510524124802295,-0.023075375427952828,52.12030752377004,4.418583860816836,0.08490458307663548,22.217332130125577,3.2955848237947114
518,40,45,10,Median,40,[   0   64  195  262  637  683  822  949 1040 1117 1180],10,375,46,118.0,73688.68875571816,38.21309631026682,-0.02259130815940968,48.275656843321514,5.827161375581253,0.09077993977025246,22.01537934018438,3.0262630622504667
519,40,45,10,Mode,40,[   0   52  195  264  683  822  949 1040 1117 1180],9,419,52,131.11111111111111,101313.22540997699,42.16840297625016,-0.019597650967887837,54.095262901010166,5.585335372546795,0.10603356757731879,31.099112702521037,2.638725006985532
520,40,45,10,Median,40,[   0   64  153  195  263  637  683  822  949 1040 1117 1180],11,374,42,107.27272727272727,63610.44335224819,36.92353831752722,-0.03576567461564144,44.00341461661101,5.815006595233296,0.08640846430891985,18.884458114061893,3.1171642325056013
521,40,45,10,Mode,40,[   0   52  153  195  264  637  683  822  949 1040 1117 1180],11,373,42,107.27272727272727,65035.82629682686,37.549548658544104,-0.03960695759455121,44.520735403719755,5.736971253895061,0.08902186505881587,19.515984707131675,3.0742536275437806
522,40,45,10,Median,40,[   0   64  153  195  263  637  683  822  949 1040 1117 1180],11,374,42,107.27272727272727,63610.44335224819,36.92353831752722,-0.03576567461564144,44.00341461661101,5.815006595233296,0.08640846430891985,18.884458114061893,3.1171642325056013
523,40,45,10,Mode,40,[   0   52  153  195  264  637  683  822  949 1040 1117 1180],11,373,42,107.27272727272727,65035.82629682686,37.549548658544104,-0.03960695759455121,44.520735403719755,5.736971253895061,0.08902186505881587,19.515984707131675,3.0742536275437806
524,40,45,10,Median,40,[   0   64  153  195  263  637  683  822  887  949 1040 1117 1180],12,374,42,98.33333333333333,53709.62525873661,36.17096586633542,-0.03429835326984006,40.929031236277886,5.747709279537362,0.08608533295726921,16.386910481002477,3.2245678749153637
525,40,45,10,Mode,40,[   0   52  153  195  264  637  683  822  887  949 1040 1117 1180],12,373,42,98.33333333333333,55005.42793562631,36.74006617635077,-0.03818460657398236,41.405124834131655,5.676176883310646,0.08846115182081105,16.961025565611372,3.185558234040981
526,40,45,10,Median,40,[   0   64  153  195  263  637  682  822  887  949 1040 1117 1180],12,374,42,98.33333333333333,53660.194825711056,36.1499565217828,-0.03414875204105464,40.888222385354815,5.764252981572283,0.08636870503676389,16.367098016679247,3.2333159973210717
527,40,45,10,Mode,40,[   0   52  153  195  264  637  683  822  887  949 1040 1117 1180],12,373,42,98.33333333333333,55005.42793562631,36.74006617635077,-0.03818460657398236,41.405124834131655,5.676176883310646,0.08846115182081105,16.961025565611372,3.185558234040981
528,40,45,10,Median,40,[   0   52  153  195  263  637  682  822  887  949 1040 1117 1180],12,374,42,98.33333333333333,54837.62008787947,36.70625908091982,-0.03815434889753891,41.329074981339616,5.69479877992767,0.08863718350086269,16.89466659900944,3.196196801093723
529,40,45,10,Mode,40,[   0   52  153  195  264  637  683  822  887  949 1040 1117 1180],12,373,42,98.33333333333333,55005.42793562631,36.74006617635077,-0.03818460657398236,41.405124834131655,5.676176883310646,0.08846115182081105,16.961025565611372,3.185558234040981
530,40,45,10,Median,40,[   0   52  153  195  264  637  682  822  887  949 1040 1117 1180],12,373,42,98.33333333333333,54955.58474395464,36.71884410895425,-0.038063499482905265,41.36405145398925,5.692859558079374,0.08874346462430033,16.941063742771963,3.194351574519548
531,40,45,10,Mode,40,[   0   52  153  195  264  637  683  822  887  949 1040 1117 1180],12,373,42,98.33333333333333,55005.42793562631,36.74006617635077,-0.03818460657398236,41.405124834131655,5.676176883310646,0.08846115182081105,16.961025565611372,3.185558234040981
532,40,45,15,Median,40,[   0  195  829 1180],3,634,195,393.3333333333333,394854.5494984441,43.230814887229954,0.040323900382074576,92.17715812965098,3.513278203543539,0.11509624555361389,105.73432044201807,2.7363381234895394
533,40,45,15,Mode,40,[   0  195  949 1180],3,754,195,393.3333333333333,212215.98262167556,34.23779031455388,0.019801344221855973,49.998376350826376,3.9855883351769634,0.05527267789021675,51.19968373259126,3.617330998578826
534,40,45,15,Median,40,[   0  195  721  952 1180],4,526,195,295.0,325791.9813181855,46.21568066264399,0.05328175629772258,91.89372743098151,3.184234690293469,0.12645571826975796,92.78306784320243,2.5436294415141734
535,40,45,15,Mode,40,[   0  195  822  949 1180],4,627,127,295.0,322581.97639606457,53.55817531184436,0.05209383258349825,89.4848401571475,2.930071051178526,0.15756556585820547,89.1308545853373,2.3224570128544477
536,40,45,15,Median,40,[   0  195  681  822  991 1180],5,486,141,236.0,158919.41607848927,38.475811472304926,0.03448474015081274,72.68998983787058,3.7270571491758338,0.09070008678812372,47.025746573042696,2.945168155802483
537,40,45,15,Mode,40,[   0  195  683  822  949 1180],5,488,127,236.0,195860.9928622418,44.984708449067476,0.04460023756902352,82.53273406481442,3.54293091414997,0.12132434244415152,56.66942043700757,2.4958772081092997
538,40,45,15,Median,40,[   0   87  244  681  822  991 1180],6,437,87,196.66666666666666,160379.574773011,41.029176617586096,-0.00047484785671137125,65.95996862962967,4.114468720348712,0.1020814044293334,50.10805135967895,2.73984479526837
539,40,45,15,Mode,40,[   0  153  195  683  822  949 1180],6,488,42,196.66666666666666,149673.0523944244,48.26283333456753,0.012308106742293002,69.80526902145162,3.7584306115686417,0.1263472355166776,43.547131307443536,2.30877453510852
540,40,45,15,Median,40,[   0   87  244  681  822  949 1180],6,437,87,196.66666666666666,190480.58676642503,46.253784074240336,0.00910226887783569,74.26886785115894,3.9114027671211677,0.12664046816159533,57.98047087972221,2.3787859020131172
541,40,45,15,Mode,40,[   0  153  195  683  822  949 1038 1180],7,488,42,168.57142857142858,112682.66406937876,43.48672815335107,0.00746038034181048,59.88474970256224,4.20979760401075,0.10478027711439919,33.41567319738915,2.7696326336624604
542,40,45,15,Median,40,[   0   64  195  264  681  822  949 1040 1180],8,417,64,147.5,102811.10165187878,39.76920620708581,-0.012925768056665756,58.20537101638417,4.091608872474686,0.09745411803598784,31.86110704772548,2.9047940108541246
543,40,45,15,Mode,40,[   0   64  195  264  683  822  949 1038 1180],8,419,64,147.5,102513.66154820345,39.80306112309542,-0.013162069022182822,58.135704823399514,4.103759041240361,0.09740678527403988,31.758368434683682,2.9091135696000525
544,40,45,15,Median,40,[   0   64  195  264  681  822  949 1038 1117 1180],9,417,63,131.11111111111111,100536.79849078585,41.55223701992456,-0.015992269447854212,53.45512297394879,5.541187377129213,0.1033520270470119,30.718955172882065,2.65989159481117
545,40,45,15,Mode,40,[   0   64  195  264  683  822  949 1038 1117 1180],9,419,63,131.11111111111111,100193.76383873638,41.53718318173278,-0.01595717069880243,53.43808875693615,5.541235725618307,0.10328256578534734,30.610267199297454,2.661872757529538
546,40,45,15,Median,40,[   0   64  195  264  682  822  949 1038 1117 1180],9,418,63,131.11111111111111,100311.8013710134,41.540126719244554,-0.0160366177587924,53.41342963277748,5.546059038845943,0.10326631279067465,30.63962465794387,2.661336146893224
547,40,45,15,Mode,40,[   0   64  195  264  637  683  822  949 1038 1117 1180],10,373,46,118.0,73548.99153059462,38.06095594844086,-0.022958943877283977,48.160650115515686,5.7378656955145075,0.08996888475919165,21.983202926639322,3.0398502897772888
548,40,45,15,Median,40,[   0   64  153  195  264  637  682  822  949 1038 1117 1180],11,373,42,107.27272727272727,63325.21161565478,36.76545921549839,-0.035826399250857094,43.862586627120876,5.750156410473988,0.08602816192891621,18.78932167214313,3.138185894877597
549,40,45,15,Mode,40,[   0   64  153  195  264  637  683  822  949 1038 1117 1180],11,373,42,107.27272727272727,63354.67820953215,36.78954422510412,-0.035969968954749285,43.90687713911507,5.731957128908102,0.08574114650518397,18.805955139012486,3.128763010316328
550,40,45,15,Median,40,[   0   64  153  195  264  637  682  822  887  949 1038 1117 1180],12,373,42,98.33333333333333,53393.11375140256,36.02373020875631,-0.03435985143542921,40.79942982802425,5.6882632768413295,0.0858571043022171,16.298503440808243,3.242928764570608
551,40,45,15,Mode,40,[   0   64  153  195  264  637  683  822  887  949 1038 1117 1180],12,373,42,98.33333333333333,53442.95694307422,36.04495227615283,-0.034502473722569975,40.840189410850265,5.671580602072601,0.08557479149872783,16.31846526364765,3.2341354240920412
552,40,45,15,Median,40,[   0   64  153  195  264  637  682  822  887  949 1038 1117 1180],12,373,42,98.33333333333333,53393.11375140256,36.02373020875631,-0.03435985143542921,40.79942982802425,5.6882632768413295,0.0858571043022171,16.298503440808243,3.242928764570608
553,40,45,15,Mode,40,[   0   64  153  195  264  637  683  822  887  949 1038 1117 1180],12,373,42,98.33333333333333,53442.95694307422,36.04495227615283,-0.034502473722569975,40.840189410850265,5.671580602072601,0.08557479149872783,16.31846526364765,3.2341354240920412
554,40,45,15,Median,40,[   0   64  153  195  264  637  682  822  887  949 1038 1117 1180],12,373,42,98.33333333333333,53393.11375140256,36.02373020875631,-0.03435985143542921,40.79942982802425,5.6882632768413295,0.0858571043022171,16.298503440808243,3.242928764570608
555,40,45,15,Mode,40,[   0   64  153  195  264  637  683  822  887  949 1038 1117 1180],12,373,42,98.33333333333333,53442.95694307422,36.04495227615283,-0.034502473722569975,40.840189410850265,5.671580602072601,0.08557479149872783,16.31846526364765,3.2341354240920412
556,40,45,15,Median,40,[   0   64  153  195  264  637  682  822  887  949  991 1038 1117 1180],13,373,42,90.76923076923077,53364.78441713546,38.106914447140035,-0.04405624691308425,38.54295962401116,4.663544797774356,0.08750398859601195,16.425853585587348,3.0783741004174945
557,40,45,15,Mode,40,[   0   64  153  195  264  637  683  822  887  949  991 1038 1117 1180],13,373,42,90.76923076923077,53410.474009501144,38.126368008920174,-0.04419615850477218,38.580945485143076,4.648145405680145,0.08724520185948013,16.444151923190137,3.0703135383121416
558,40,45,15,Median,40,[   0   64  153  195  264  637  682  822  887  949  991 1038 1117 1180],13,373,42,90.76923076923077,53364.78441713546,38.106914447140035,-0.04405624691308425,38.54295962401116,4.663544797774356,0.08750398859601195,16.425853585587348,3.0783741004174945
559,40,45,15,Mode,40,[   0   64  153  195  264  637  683  822  887  949  991 1038 1117 1180],13,373,42,90.76923076923077,53410.474009501144,38.126368008920174,-0.04419615850477218,38.580945485143076,4.648145405680145,0.08724520185948013,16.444151923190137,3.0703135383121416
560,40,45,20,Median,40,[   0  195  932 1180],3,737,195,393.3333333333333,233537.9192758358,35.31862630775549,0.02279660420980915,54.8311770080741,3.8947982438177386,0.06336085629867096,56.91446370395864,3.493053319369493
561,40,45,20,Mode,40,[   0  195  949 1180],3,754,195,393.3333333333333,212215.98262167556,34.23779031455388,0.019801344221855973,49.998376350826376,3.9855883351769634,0.05527267789021675,51.19968373259126,3.617330998578826
562,40,45,20,Median,40,[   0  195  721 1038 1180],4,526,142,295.0,341782.9234804737,43.65021069751035,0.04447931800238086,83.40343317033123,3.499899000015704,0.10950043939601102,95.64754115580008,2.8146269621945756
563,40,45,20,Mode,40,[   0  195  822  949 1180],4,627,127,295.0,322581.97639606457,53.55817531184436,0.05209383258349825,89.4848401571475,2.930071051178526,0.15756556585820547,89.1308545853373,2.3224570128544477
564,40,45,20,Median,40,[   0  195  681  846 1040 1180],5,486,140,236.0,175732.51505056102,39.36083744604225,0.035756163856026306,71.43311556253987,3.813512581533138,0.08942580863848615,52.05572306929711,2.948156069867398
565,40,45,20,Mode,40,[   0  195  683  949 1180],4,488,195,295.0,336616.0188152737,45.991709935040454,0.05693810196527207,94.06378000423699,3.3371320573252223,0.1281981274343947,97.20268267226815,2.545201678021762
566,40,45,20,Median,40,[   0   64  244  681  846 1040 1180],6,437,64,196.66666666666666,178543.20379784532,42.63657277089986,-0.006893729831206239,65.77483878902918,4.249063820936144,0.10377133105039146,55.912607530870936,2.6846762287515857
567,40,45,20,Mode,40,[   0  153  195  683  949 1180],5,488,42,236.0,243692.33674224393,49.837615670422274,0.00968739836100049,74.9819225676796,4.711653501418977,0.13275829752749152,70.66650570149797,2.2989922192926717
568,40,45,20,Median,40,[   0   64  244  681  822  949 1180],6,437,64,196.66666666666666,194524.56433383154,47.149748246490496,0.004470496301820984,75.19848922503013,3.8987804781324154,0.12936216522107163,59.51027815761074,2.3151371356929897
569,40,45,20,Mode,40,[   0  153  195  683  822  949 1038 1180],7,488,42,168.57142857142858,112682.66406937876,43.48672815335107,0.00746038034181048,59.88474970256224,4.20979760401075,0.10478027711439919,33.41567319738915,2.7696326336624604
570,40,45,20,Median,40,[   0   64  195  264  681  822  949 1040 1180],8,417,64,147.5,102811.10165187878,39.76920620708581,-0.012925768056665756,58.20537101638417,4.091608872474686,0.09745411803598784,31.86110704772548,2.9047940108541246
571,40,45,20,Mode,40,[   0   64  195  264  683  822  949 1038 1180],8,419,64,147.5,102513.66154820345,39.80306112309542,-0.013162069022182822,58.135704823399514,4.103759041240361,0.09740678527403988,31.758368434683682,2.9091135696000525
572,40,45,20,Median,40,[   0   64  195  264  681  822  949 1038 1117 1180],9,417,63,131.11111111111111,100536.79849078585,41.55223701992456,-0.015992269447854212,53.45512297394879,5.541187377129213,0.1033520270470119,30.718955172882065,2.65989159481117
573,40,45,20,Mode,40,[   0   64  195  264  683  822  949 1038 1117 1180],9,419,63,131.11111111111111,100193.76383873638,41.53718318173278,-0.01595717069880243,53.43808875693615,5.541235725618307,0.10328256578534734,30.610267199297454,2.661872757529538
574,40,45,20,Median,40,[   0   64  195  264  682  822  949 1038 1117 1180],9,418,63,131.11111111111111,100311.8013710134,41.540126719244554,-0.0160366177587924,53.41342963277748,5.546059038845943,0.10326631279067465,30.63962465794387,2.661336146893224
575,40,45,20,Mode,40,[   0   64  195  264  637  683  822  949 1038 1117 1180],10,373,46,118.0,73548.99153059462,38.06095594844086,-0.022958943877283977,48.160650115515686,5.7378656955145075,0.08996888475919165,21.983202926639322,3.0398502897772888
576,40,45,20,Median,40,[   0   64  153  195  264  637  682  822  949 1038 1117 1180],11,373,42,107.27272727272727,63325.21161565478,36.76545921549839,-0.035826399250857094,43.862586627120876,5.750156410473988,0.08602816192891621,18.78932167214313,3.138185894877597
577,40,45,20,Mode,40,[   0   64  153  195  264  637  683  822  949 1038 1117 1180],11,373,42,107.27272727272727,63354.67820953215,36.78954422510412,-0.035969968954749285,43.90687713911507,5.731957128908102,0.08574114650518397,18.805955139012486,3.128763010316328
578,40,45,20,Median,40,[   0   64  153  195  264  637  681  822  949 1038 1117 1180],11,373,42,107.27272727272727,63318.64352667204,36.75420837638693,-0.035500297704610315,43.858699510041625,5.774047760449839,0.08640111434724658,18.786129934827635,3.1500711003208197
579,40,45,20,Mode,40,[   0   64  153  195  264  637  683  822  949 1038 1117 1180],11,373,42,107.27272727272727,63354.67820953215,36.78954422510412,-0.035969968954749285,43.90687713911507,5.731957128908102,0.08574114650518397,18.805955139012486,3.128763010316328
580,40,45,20,Median,40,[   0   64  153  195  264  637  681  822  949  991 1038 1117 1180],12,373,42,98.33333333333333,61038.6901597763,39.191506424177696,-0.04511946431147958,41.104084737289284,4.656787367826575,0.08521834761873463,18.093410591428114,2.9867685456367328
581,40,45,20,Mode,40,[   0   64  153  195  264  637  683  822  949  991 1038 1117 1180],12,373,42,98.33333333333333,61071.4489623764,39.22362992301151,-0.04558875113393493,41.14860772507834,4.618204288913316,0.08461837685322317,18.111433504323433,2.9673975547235596
582,40,45,20,Median,40,[   0   64  153  195  264  637  681  822  887  949  991 1038 1117 1180],13,373,42,90.76923076923077,53335.48815767601,38.09647105723476,-0.043727170727208046,38.53962584430189,4.683760555446229,0.08783654540235984,16.41883451896415,3.088465661547979
583,40,45,20,Mode,40,[   0   64  153  195  264  637  683  822  887  949  991 1038 1117 1180],13,373,42,90.76923076923077,53410.474009501144,38.126368008920174,-0.04419615850477218,38.580945485143076,4.648145405680145,0.08724520185948013,16.444151923190137,3.0703135383121416
584,40,45,20,Median,40,"[   0   64  153  195  264  380  637  681  822  887  949  991 1038 1117
 1180]",14,257,42,84.28571428571429,49319.437004669184,36.207510158628594,-0.05488330270891467,36.2266116896541,4.885735459057783,0.08089785237697678,15.320748543649172,3.371638338700505
585,40,45,20,Mode,40,"[   0   64  153  195  264  380  637  683  822  887  949  991 1038 1117
 1180]",14,257,42,84.28571428571429,49366.23873049345,36.23029439179986,-0.05495235196931018,36.265136495805486,4.867287155854243,0.08038107020560001,15.335112798604369,3.354268073726393
586,40,45,20,Median,40,[   0   64  153  195  264  637  681  822  887  949  991 1038 1117 1180],13,373,42,90.76923076923077,53335.48815767601,38.09647105723476,-0.043727170727208046,38.53962584430189,4.683760555446229,0.08783654540235984,16.41883451896415,3.088465661547979
587,40,45,20,Mode,40,[   0   64  153  195  264  637  683  822  887  949  991 1038 1117 1180],13,373,42,90.76923076923077,53410.474009501144,38.126368008920174,-0.04419615850477218,38.580945485143076,4.648145405680145,0.08724520185948013,16.444151923190137,3.0703135383121416
588,40,50,10,Median,40,[   0  221  822 1180],3,601,221,393.3333333333333,418604.035641136,44.00780350223369,0.03826961342157755,97.46519387814642,3.4431461307452818,0.11715517167360548,112.45453485154364,2.6882680252812854
589,40,50,10,Mode,40,[   0  195  822 1180],3,627,195,393.3333333333333,409971.5214894222,43.91861128353439,0.04278487573878474,96.0265910024641,3.4833332189146247,0.11891818698526543,110.5382334303098,2.6845679899939645
590,40,50,10,Median,40,[   0  221  715  949 1180],4,494,221,295.0,339761.4202891692,46.83238418926783,0.0512169871289874,94.59701237723172,3.1558715240783664,0.129401814214837,97.02908951588603,2.5096371553701413
591,40,50,10,Mode,40,[   0  195  822  949 1180],4,627,127,295.0,322581.97639606457,53.55817531184436,0.05209383258349825,89.4848401571475,2.930071051178526,0.15756556585820547,89.1308545853373,2.3224570128544477
592,40,50,10,Median,40,[   0  221  681  822  949 1180],5,460,127,236.0,204187.96159523542,45.41554314550972,0.04409895407237647,84.41962218266096,3.5669978376906615,0.12348065453313786,59.62025219577867,2.461635404171645
593,40,50,10,Mode,40,[   0  195  683  822  949 1180],5,488,127,236.0,195860.9928622418,44.984708449067476,0.04460023756902352,82.53273406481442,3.54293091414997,0.12132434244415152,56.66942043700757,2.4958772081092997
594,40,50,10,Median,40,[   0   87  250  681  822  949 1180],6,431,87,196.66666666666666,189881.7822039707,45.960294176523966,0.009297701551316952,74.12952678989123,3.95235284347112,0.12521470069365648,57.72788311326226,2.3964162003076668
595,40,50,10,Mode,40,[   0  153  195  683  822  949 1180],6,488,42,196.66666666666666,149673.0523944244,48.26283333456753,0.012308106742293002,69.80526902145162,3.7584306115686417,0.1263472355166776,43.547131307443536,2.30877453510852
596,40,50,10,Median,40,[   0   87  250  681  822  949 1180],6,431,87,196.66666666666666,189881.7822039707,45.960294176523966,0.009297701551316952,74.12952678989123,3.95235284347112,0.12521470069365648,57.72788311326226,2.3964162003076668
597,40,50,10,Mode,40,[   0  153  195  683  822  949 1040 1180],7,488,42,168.57142857142858,112572.29798760069,43.427158967084154,0.007784632970349696,59.940386528250535,4.1897385446091375,0.1047428836544524,33.39061761449175,2.7672346987500345
598,40,50,10,Median,40,[   0   64  195  262  681  822  949 1180],7,419,64,168.57142857142858,131587.49685202495,43.16352466886439,-0.00801159947429577,65.98528350735444,3.7402631397904154,0.11409508332270328,39.881035803555164,2.546708157628976
599,40,50,10,Mode,40,[   0   52  195  262  683  822  949 1040 1180],8,421,52,147.5,102718.89337421667,40.24043970864712,-0.01630257823167253,58.69482271031084,4.031230480387235,0.09927972985838954,31.954156044047476,2.901273838694295
600,40,50,10,Median,40,[   0   64  195  262  683  822  949 1180],7,421,64,168.57142857142858,131131.69637466178,43.14362069204075,-0.007993140250084229,65.96376777377215,3.7445077623134564,0.1140043027343473,39.73666804828547,2.5493150493936922
601,40,50,10,Mode,40,[   0   52  195  262  637  683  822  949 1040 1180],9,375,46,131.11111111111111,72486.90860841214,36.497033072166374,-0.023030823712729277,52.083687113302105,4.421103667109891,0.08484241420452202,22.096064450751015,3.297633325563581
602,40,50,10,Median,40,[   0   64  195  262  635  683  822  949 1039 1117 1180],10,373,48,118.0,73674.74195329753,38.229300965837986,-0.020393728544764296,48.41382528120802,5.781907265526632,0.0931508052510894,22.037471073796254,3.0036302440406604
603,40,50,10,Mode,40,[   0   52  195  262  683  822  949 1040 1117 1180],9,421,52,131.11111111111111,100938.59162146835,42.149655856777294,-0.019285708853485958,54.06066126264446,5.582185165445125,0.1059311776955174,30.96250320410879,2.63971361051824
604,40,50,10,Median,40,[   0   64  153  195  262  635  683  822  949 1039 1117 1180],11,373,42,107.27272727272727,63565.43225532357,36.9518443882485,-0.03338646790117126,44.13624782398107,5.771994919828216,0.08862787378731934,18.88977167557394,3.094907922206245
605,40,50,10,Mode,40,[   0   52  153  195  262  637  683  822  949 1040 1117 1180],11,375,42,107.27272727272727,64873.152165887375,37.54919301328517,-0.039529540913539836,44.49041099821239,5.738170767958272,0.08898942116507477,19.45021455588647,3.074446342744987
606,40,50,10,Median,40,[   0   64  153  195  262  637  683  822  949 1039 1117 1180],11,375,42,107.27272727272727,63310.18362591598,36.869450551897,-0.035728841819320095,43.9815939570831,5.84342933847664,0.08585050540867475,18.79571281458484,3.1198923556694362
607,40,50,10,Mode,40,[   0   52  153  195  262  637  683  822  949 1040 1117 1180],11,375,42,107.27272727272727,64873.152165887375,37.54919301328517,-0.039529540913539836,44.49041099821239,5.738170767958272,0.08898942116507477,19.45021455588647,3.074446342744987
608,40,50,10,Median,40,[   0   64  153  195  262  637  683  822  887  949 1039 1117 1180],12,375,42,98.33333333333333,53524.552334747095,36.12586192435325,-0.034261563520206935,40.90894998712273,5.773763460843761,0.08557812388800398,16.32704534735174,3.2270556432731525
609,40,50,10,Mode,40,[   0   52  153  195  262  637  683  822  887  949 1040 1117 1180],12,375,42,98.33333333333333,54857.542362044944,36.73974286247901,-0.03810711962297086,41.377216536703116,5.677276437868589,0.08843165737195552,16.901234519024822,3.1857334296784416
610,40,50,10,Median,40,[   0   64  153  195  262  637  682  822  887  949 1039 1117 1180],12,375,42,98.33333333333333,53475.054817490774,36.104793979426894,-0.034108592962499504,40.86815227505368,5.7903479133153395,0.0858615580271895,16.30720051453351,3.235826965919574
611,40,50,10,Mode,40,[   0   52  153  195  262  637  683  822  887  949 1040 1117 1180],12,375,42,98.33333333333333,54857.542362044944,36.73974286247901,-0.03810711962297086,41.377216536703116,5.677276437868589,0.08843165737195552,16.901234519024822,3.1857334296784416
612,40,50,10,Median,40,[   0   64  153  195  264  637  682  822  887  949 1039 1117 1180],12,373,42,98.33333333333333,53622.59471665679,36.10496317082849,-0.034203878238443716,40.895868324755305,5.787774554467005,0.0858899311403488,16.36687457109888,3.235673788114259
613,40,50,10,Mode,40,[   0   52  153  195  262  637  683  822  887  949 1040 1117 1180],12,375,42,98.33333333333333,54857.542362044944,36.73974286247901,-0.03810711962297086,41.377216536703116,5.677276437868589,0.08843165737195552,16.901234519024822,3.1857334296784416
614,40,50,10,Median,40,[   0   52  153  195  264  637  682  822  887  949 1039 1117 1180],12,373,42,98.33333333333333,54800.01997882521,36.661265729965514,-0.038210933486205224,41.33676682910277,5.720546970575391,0.08815840960444762,16.894443153429076,3.1985545918869103
615,40,50,10,Mode,40,[   0   52  153  195  262  637  683  822  887  949 1040 1117 1180],12,375,42,98.33333333333333,54857.542362044944,36.73974286247901,-0.03810711962297086,41.377216536703116,5.677276437868589,0.08843165737195552,16.901234519024822,3.1857334296784416
616,40,50,15,Median,40,[   0  210  829 1180],3,619,210,393.3333333333333,401729.30595094524,43.41399447030287,0.03852220188704126,93.38772836294307,3.490454130535003,0.11482776961623194,107.47142020596921,2.725981270273887
617,40,50,15,Mode,40,[   0  195  949 1180],3,754,195,393.3333333333333,212215.98262167556,34.23779031455388,0.019801344221855973,49.998376350826376,3.9855883351769634,0.05527267789021675,51.19968373259126,3.617330998578826
618,40,50,15,Median,40,[   0  210  721  952 1180],4,511,210,295.0,333623.7794385706,46.557645824752655,0.052525489915485155,93.41116121581,3.1633600366761248,0.1281212246611577,95.22008453804284,2.525746982806776
619,40,50,15,Mode,40,[   0  195  822  949 1180],4,627,127,295.0,322581.97639606457,53.55817531184436,0.05209383258349825,89.4848401571475,2.930071051178526,0.15756556585820547,89.1308545853373,2.3224570128544477
620,40,50,15,Median,40,[   0  210  681  822  952 1180],5,471,130,236.0,198890.53935121893,44.77877528782893,0.04410750849731318,83.1654883195645,3.5625389893340538,0.12052335560843178,57.99910264813211,2.4980264096183156
621,40,50,15,Mode,40,[   0  195  683  822  949 1180],5,488,127,236.0,195860.9928622418,44.984708449067476,0.04460023756902352,82.53273406481442,3.54293091414997,0.12132434244415152,56.66942043700757,2.4958772081092997
622,40,50,15,Median,40,[   0   86  250  681  822  952 1180],6,431,86,196.66666666666666,187306.35225497675,45.51102088306563,0.00894416631303538,73.45510425031843,3.9671008310708875,0.12297857995620734,57.024994158823446,2.419848612270733
623,40,50,15,Mode,40,[   0  153  195  683  822  949 1180],6,488,42,196.66666666666666,149673.0523944244,48.26283333456753,0.012308106742293002,69.80526902145162,3.7584306115686417,0.1263472355166776,43.547131307443536,2.30877453510852
624,40,50,15,Median,40,[   0   86  250  681  822  949 1180],6,431,86,196.66666666666666,189795.78895659238,45.947805409170726,0.009751371096558888,74.12018754581895,3.955913688667476,0.12519572110505944,57.71649164637184,2.3966130979907874
625,40,50,15,Mode,40,[   0  153  195  683  822  949 1038 1180],7,488,42,168.57142857142858,112682.66406937876,43.48672815335107,0.00746038034181048,59.88474970256224,4.20979760401075,0.10478027711439919,33.41567319738915,2.7696326336624604
626,40,50,15,Median,40,[   0   64  195  262  681  822  949 1040 1180],8,419,64,147.5,102370.50100937598,39.74713359183623,-0.012594487181574273,58.16676911187109,4.0915866081920775,0.09732737489707802,31.699180567294835,2.9056834946759236
627,40,50,15,Mode,40,[   0   64  195  264  683  822  949 1038 1180],8,419,64,147.5,102513.66154820345,39.80306112309542,-0.013162069022182822,58.135704823399514,4.103759041240361,0.09740678527403988,31.758368434683682,2.9091135696000525
628,40,50,15,Median,40,[   0   64  195  262  681  822  949 1038 1117 1180],9,419,63,131.11111111111111,100151.27292859589,41.53292348158118,-0.01565166787373756,53.42049050322047,5.540290808565541,0.1032411268004658,30.577269502505256,2.6606698931552444
629,40,50,15,Mode,40,[   0   64  195  264  683  822  949 1038 1117 1180],9,419,63,131.11111111111111,100193.76383873638,41.53718318173278,-0.01595717069880243,53.43808875693615,5.541235725618307,0.10328256578534734,30.610267199297454,2.661872757529538
630,40,50,15,Median,40,[   0   64  195  262  637  683  822  949 1038 1117 1180],10,375,46,118.0,73259.82175692986,38.04857228983431,-0.022900348172263503,48.12743245807835,5.741171552145753,0.08990728172233778,21.871263642899965,3.04146113660876
631,40,50,15,Mode,40,[   0   64  195  264  637  683  822  949 1038 1117 1180],10,373,46,118.0,73548.99153059462,38.06095594844086,-0.022958943877283977,48.160650115515686,5.7378656955145075,0.08996888475919165,21.983202926639322,3.0398502897772888
632,40,50,15,Median,40,[   0   64  153  195  262  637  683  822  949 1038 1117 1180],11,375,42,107.27272727272727,63192.004078592654,36.78918857984519,-0.03588520491679017,43.87678291168113,5.734962453118325,0.08570870261144287,18.74018498776728,3.1289557255175344
633,40,50,15,Mode,40,[   0   64  153  195  264  637  683  822  949 1038 1117 1180],11,373,42,107.27272727272727,63354.67820953215,36.78954422510412,-0.035969968954749285,43.90687713911507,5.731957128908102,0.08574114650518397,18.805955139012486,3.128763010316328
634,40,50,15,Median,40,[   0   64  153  195  262  637  681  822  949 1038 1117 1180],11,375,42,107.27272727272727,63156.4431133434,36.753974099450865,-0.03540157429615418,43.828623310639536,5.777096588437306,0.08637034490999995,18.720511865704957,3.1503060214847514
635,40,50,15,Mode,40,[   0   64  153  195  264  637  683  822  949 1038 1117 1180],11,373,42,107.27272727272727,63354.67820953215,36.78954422510412,-0.035969968954749285,43.90687713911507,5.731957128908102,0.08574114650518397,18.805955139012486,3.128763010316328
636,40,50,15,Median,40,[   0   64  153  195  262  637  682  822  887  949 1038 1117 1180],12,375,42,98.33333333333333,53245.57385223654,36.023561017354716,-0.03426468084816252,40.77175010968479,5.690919935070216,0.0858287311890578,16.238829384242873,3.243081942375923
637,40,50,15,Mode,40,[   0   64  153  195  264  637  683  822  887  949 1038 1117 1180],12,373,42,98.33333333333333,53442.95694307422,36.04495227615283,-0.034502473722569975,40.840189410850265,5.671580602072601,0.08557479149872783,16.31846526364765,3.2341354240920412
638,40,50,15,Median,40,[   0   64  153  195  262  637  682  822  887  949 1038 1117 1180],12,375,42,98.33333333333333,53245.57385223654,36.023561017354716,-0.03426468084816252,40.77175010968479,5.690919935070216,0.0858287311890578,16.238829384242873,3.243081942375923
639,40,50,15,Mode,40,[   0   64  153  195  264  637  683  822  887  949 1038 1117 1180],12,373,42,98.33333333333333,53442.95694307422,36.04495227615283,-0.034502473722569975,40.840189410850265,5.671580602072601,0.08557479149872783,16.31846526364765,3.2341354240920412
640,40,50,15,Median,40,[   0   64  153  195  262  637  682  822  887  949  991 1038 1117 1180],13,375,42,90.76923076923077,53229.539509566595,38.1067593550219,-0.04394689381829716,38.51716363717837,4.666604097894265,0.08747797990894927,16.37115236706909,3.0785145134057
641,40,50,15,Mode,40,[   0   64  153  195  264  637  683  822  887  949  991 1038 1117 1180],13,373,42,90.76923076923077,53410.474009501144,38.126368008920174,-0.04419615850477218,38.580945485143076,4.648145405680145,0.08724520185948013,16.444151923190137,3.0703135383121416
642,40,50,15,Median,40,[   0   60  153  195  262  637  682  822  887  949  991 1038 1117 1180],13,375,42,90.76923076923077,53597.18183026434,38.257669481091575,-0.045019635903892866,38.663736486854624,4.6440279563999605,0.08818530757250298,16.53527939240446,3.0690530813905306
643,40,50,15,Mode,40,[   0   64  153  195  264  637  683  822  887  949  991 1038 1117 1180],13,373,42,90.76923076923077,53410.474009501144,38.126368008920174,-0.04419615850477218,38.580945485143076,4.648145405680145,0.08724520185948013,16.444151923190137,3.0703135383121416
644,40,50,20,Median,40,[   0  195  887 1180],3,692,195,393.3333333333333,265520.36076678766,36.67968514794167,0.026082580149702,61.07923410055509,3.7706093613132907,0.07391969906138583,65.54868002963033,3.294994412089264
645,40,50,20,Mode,40,[   0  195  949 1180],3,754,195,393.3333333333333,212215.98262167556,34.23779031455388,0.019801344221855973,49.998376350826376,3.9855883351769634,0.05527267789021675,51.19968373259126,3.617330998578826
646,40,50,20,Median,40,[   0  195  721 1038 1180],4,526,142,295.0,341782.9234804737,43.65021069751035,0.04447931800238086,83.40343317033123,3.499899000015704,0.10950043939601102,95.64754115580008,2.8146269621945756
647,40,50,20,Mode,40,[   0  195  822  949 1180],4,627,127,295.0,322581.97639606457,53.55817531184436,0.05209383258349825,89.4848401571475,2.930071051178526,0.15756556585820547,89.1308545853373,2.3224570128544477
648,40,50,20,Median,40,[   0  195  679  846 1040 1180],5,484,140,236.0,176851.9041368497,39.448086895300065,0.036385608940447435,71.57769188382137,3.7887940963463316,0.09016823954171156,52.433747213435765,2.9405749322720443
649,40,50,20,Mode,40,[   0  195  683  949 1180],4,488,195,295.0,336616.0188152737,45.991709935040454,0.05693810196527207,94.06378000423699,3.3371320573252223,0.1281981274343947,97.20268267226815,2.545201678021762
650,40,50,20,Median,40,[   0   64  250  679  846 1040 1180],6,429,64,196.66666666666666,179342.36706977675,42.51088974933127,-0.0064003365281466015,65.83148762621356,4.2472224617091445,0.10337624816518176,56.177351204444925,2.68843678215966
651,40,50,20,Mode,40,[   0   64  195  683  949 1180],5,488,64,236.0,299819.8300858561,50.969470299336756,-0.0014822864907906787,81.23148162286249,4.354832964330411,0.1490339156879124,91.22262547489933,2.2061360159725756
652,40,50,20,Median,40,[   0   64  250  679  822  949 1180],6,429,64,196.66666666666666,195115.00817999078,46.98696178703661,0.005232565710972194,75.27947752559193,3.9049589715447808,0.1288707293028046,59.725864447406025,2.3240060301012955
653,40,50,20,Mode,40,[   0   64  195  683  822  949 1180],6,488,64,196.66666666666666,194575.0470693141,49.16831703769911,-0.0011196906700416155,75.14389003229213,3.622516193389849,0.13936773004501432,59.99202712616462,2.2344895724524427
654,40,50,20,Median,40,[   0   64  195  264  679  822  949 1040 1180],8,415,64,147.5,103314.25515454168,39.7896903252535,-0.012635520109940143,58.32304192709966,4.080124805461572,0.097835393843603,32.025795207209136,2.9040805031744705
655,40,50,20,Mode,40,[   0   64  195  264  683  822  949 1038 1180],8,419,64,147.5,102513.66154820345,39.80306112309542,-0.013162069022182822,58.135704823399514,4.103759041240361,0.09740678527403988,31.758368434683682,2.9091135696000525
656,40,50,20,Median,40,[   0   64  195  264  679  822  949 1038 1117 1180],9,415,63,131.11111111111111,100977.05780561588,41.57016062332129,-0.01573142035443292,53.56069473728597,5.530979317561999,0.10368564337867517,30.86305731243027,2.6592672755914735
657,40,50,20,Mode,40,[   0   64  195  264  683  822  949 1038 1117 1180],9,419,63,131.11111111111111,100193.76383873638,41.53718318173278,-0.01595717069880243,53.43808875693615,5.541235725618307,0.10328256578534734,30.610267199297454,2.661872757529538
658,40,50,20,Median,40,[   0   64  195  264  682  822  949 1038 1117 1180],9,418,63,131.11111111111111,100311.8013710134,41.540126719244554,-0.0160366177587924,53.41342963277748,5.546059038845943,0.10326631279067465,30.63962465794387,2.661336146893224
659,40,50,20,Mode,40,[   0   64  195  264  637  683  822  949 1038 1117 1180],10,373,46,118.0,73548.99153059462,38.06095594844086,-0.022958943877283977,48.160650115515686,5.7378656955145075,0.08996888475919165,21.983202926639322,3.0398502897772888
660,40,50,20,Median,40,[   0   64  153  195  264  637  682  822  949 1038 1117 1180],11,373,42,107.27272727272727,63325.21161565478,36.76545921549839,-0.035826399250857094,43.862586627120876,5.750156410473988,0.08602816192891621,18.78932167214313,3.138185894877597
661,40,50,20,Mode,40,[   0   64  153  195  264  637  683  822  949 1038 1117 1180],11,373,42,107.27272727272727,63354.67820953215,36.78954422510412,-0.035969968954749285,43.90687713911507,5.731957128908102,0.08574114650518397,18.805955139012486,3.128763010316328
662,40,50,20,Median,40,[   0   64  153  195  264  637  681  822  949 1038 1117 1180],11,373,42,107.27272727272727,63318.64352667204,36.75420837638693,-0.035500297704610315,43.858699510041625,5.774047760449839,0.08640111434724658,18.786129934827635,3.1500711003208197
663,40,50,20,Mode,40,[   0   64  153  195  264  637  683  822  949 1038 1117 1180],11,373,42,107.27272727272727,63354.67820953215,36.78954422510412,-0.035969968954749285,43.90687713911507,5.731957128908102,0.08574114650518397,18.805955139012486,3.128763010316328
664,40,50,20,Median,40,[   0   64  153  195  264  637  681  822  949  991 1038 1117 1180],12,373,42,98.33333333333333,61038.6901597763,39.191506424177696,-0.04511946431147958,41.104084737289284,4.656787367826575,0.08521834761873463,18.093410591428114,2.9867685456367328
665,40,50,20,Mode,40,[   0   64  153  195  264  637  683  822  949  991 1038 1117 1180],12,373,42,98.33333333333333,61071.4489623764,39.22362992301151,-0.04558875113393493,41.14860772507834,4.618204288913316,0.08461837685322317,18.111433504323433,2.9673975547235596
666,40,50,20,Median,40,[   0   64  153  195  264  637  681  822  887  949  991 1038 1117 1180],13,373,42,90.76923076923077,53335.48815767601,38.09647105723476,-0.043727170727208046,38.53962584430189,4.683760555446229,0.08783654540235984,16.41883451896415,3.088465661547979
667,40,50,20,Mode,40,[   0   64  153  195  264  637  683  822  887  949  991 1038 1117 1180],13,373,42,90.76923076923077,53410.474009501144,38.126368008920174,-0.04419615850477218,38.580945485143076,4.648145405680145,0.08724520185948013,16.444151923190137,3.0703135383121416
668,40,50,20,Median,40,[   0   64  153  195  264  637  681  822  887  949  991 1038 1117 1180],13,373,42,90.76923076923077,53335.48815767601,38.09647105723476,-0.043727170727208046,38.53962584430189,4.683760555446229,0.08783654540235984,16.41883451896415,3.088465661547979
669,40,50,20,Mode,40,[   0   64  153  195  264  637  683  822  887  949  991 1038 1117 1180],13,373,42,90.76923076923077,53410.474009501144,38.126368008920174,-0.04419615850477218,38.580945485143076,4.648145405680145,0.08724520185948013,16.444151923190137,3.0703135383121416
670,40,50,20,Median,40,"[   0   64  153  195  264  380  584  681  822  887  949  991 1038 1117
 1180]",14,204,42,84.28571428571429,54115.03027783362,36.60518548124568,-0.05456995195871021,36.25740179667221,5.081257453744178,0.08468823742938804,16.806538487866327,3.4229798470024546
671,40,50,20,Mode,40,"[   0   64  153  195  264  380  584  683  822  887  949  991 1038 1117
 1180]",14,204,42,84.28571428571429,54056.08663897706,36.5986550648842,-0.05457802965544718,36.27227493469983,5.062704239313667,0.0843803037645651,16.78567039459108,3.4151855796055575
672,20,35,10,Median,40,[   0  210  822 1180],3,612,210,393.3333333333333,417258.7005517095,44.122342687628034,0.04101134977706236,97.31505194320384,3.459557005554123,0.11875221892821654,112.41829137706608,2.6728713450929957
673,20,35,10,Mode,40,[   0  264  822 1180],3,558,264,393.3333333333333,416507.29678830656,43.25459503041477,0.033008735452402044,96.19057204378913,3.4814464528821762,0.11309780403821426,110.87811786266258,2.7987314045218867
674,20,35,10,Median,40,[   0  210  683  949 1180],4,473,210,295.0,345762.283390228,46.42269121325412,0.05642768798767025,95.82898770014069,3.320327691931339,0.13033560188254503,100.2210971826081,2.522424827778678
675,20,35,10,Mode,40,[   0  264  822  949 1180],4,558,127,295.0,326615.8112564256,53.04644149019836,0.041301738330205416,89.606639361711,3.047720397146463,0.15393226045987016,89.47999939413474,2.4104047835235156
676,20,35,10,Median,40,[   0  210  682  822  949 1180],5,472,127,236.0,201536.86743617593,45.302694049658214,0.045085928211481746,83.89271425361038,3.5641820957948447,0.12315113824865512,58.70916473506343,2.4711998081952684
677,20,35,10,Mode,40,[   0  264  683  822  949 1180],5,419,127,236.0,208074.16527521776,45.571259490627654,0.0417235058017889,84.88850795777067,3.695811798648952,0.12506701181819221,61.171532361415046,2.4512257309953935
678,20,35,10,Median,40,[   0   80  264  682  822  949 1180],6,418,80,196.66666666666666,187615.84555294004,45.31293810785603,0.011128669275711914,73.61827057720834,4.061469698948241,0.1226091269063611,56.87965415839214,2.435406964003628
679,20,35,10,Mode,40,[   0   52  264  683  822  949 1180],6,419,52,196.66666666666666,195735.92712098552,47.59779088186635,0.001124163838711257,75.73111132533454,3.9016853868543073,0.1300755038425575,59.95433254995895,2.287014170654209
680,20,35,10,Median,40,[   0   80  264  682  822  949 1180],6,418,80,196.66666666666666,187615.84555294004,45.31293810785603,0.011128669275711914,73.61827057720834,4.061469698948241,0.1226091269063611,56.87965415839214,2.435406964003628
681,20,35,10,Mode,40,[   0   52  264  683  822  949 1180],6,419,52,196.66666666666666,195735.92712098552,47.59779088186635,0.001124163838711257,75.73111132533454,3.9016853868543073,0.1300755038425575,59.95433254995895,2.287014170654209
682,20,35,10,Median,40,[   0   64  195  264  682  822  949 1040 1180],8,418,64,147.5,102553.96208642455,39.75536586345151,-0.012968940283199977,58.15889893189395,4.097089491906008,0.09735615888588814,31.770443602081823,2.9064449275193285
683,20,35,10,Mode,40,[   0   52  195  264  683  822  949 1180],7,419,52,168.57142857142858,132493.46632901728,43.76404463110759,-0.01186005029139481,66.63713844243927,3.6780743693999463,0.11650935061996857,40.36065319098291,2.5402454209401317
684,20,35,10,Median,40,[   0   64  195  264  682  822  949 1017 1128 1180],9,418,52,131.11111111111111,94895.60784430197,39.036238869388086,-0.026085446671483794,51.32662906567455,4.202738489120935,0.08622339217611642,29.489948947388932,3.076257472472296
685,20,35,10,Mode,40,[   0   52  195  264  683  822  949 1180],7,419,52,168.57142857142858,132493.46632901728,43.76404463110759,-0.01186005029139481,66.63713844243927,3.6780743693999463,0.11650935061996857,40.36065319098291,2.5402454209401317
686,20,35,10,Median,40,[   0   64  195  264  618  682  822  949 1017 1128 1180],10,354,52,118.0,71147.96656067106,35.971663500655396,-0.02834658855509905,46.31910089186486,4.694844447616921,0.08075220933836538,21.698273800834027,3.477834853663981
687,20,35,10,Mode,40,[   0   52  195  264  618  683  822  949 1017 1117 1180],10,354,52,118.0,71015.99665123172,35.906242673808464,-0.030893448055499484,46.58185921628836,4.774435593358722,0.08429242260637959,21.8232737388923,3.5935713699178993
688,20,35,10,Median,40,[   0   64  195  264  618  682  822  887  949 1017 1128 1180],11,354,52,107.27272727272727,58233.282719830866,35.0129579144493,-0.03006769378302582,42.67785260340013,4.762598757347537,0.08376689223638538,18.719327609564665,3.5507740227946014
689,20,35,10,Mode,40,[   0   52  195  264  618  683  822  887  949 1017 1117 1180],11,354,52,107.27272727272727,58139.87071829691,34.9533384348175,-0.03327452500163567,42.91720403106755,4.837268188828717,0.08692955551749224,18.837152092071108,3.6546870974579733
690,20,35,10,Median,40,[   0   64  153  195  264  618  682  822  887  949 1017 1128 1180],12,354,42,98.33333333333333,50358.0623198435,34.134219805415135,-0.039248426737767544,39.30496710568905,4.802861258337805,0.08048731132572443,16.127636467819784,3.585156156646701
691,20,35,10,Mode,40,[   0   52  153  195  264  618  683  822  887  949 1017 1117 1180],12,354,42,98.33333333333333,50987.30489145103,34.31186445831903,-0.0427199677049949,39.59662542436132,4.849918438309925,0.08434420259950771,16.524707056953204,3.646903331488545
692,20,35,10,Median,40,[   0   64  153  195  264  618  682  822  887  949 1017 1128 1180],12,354,42,98.33333333333333,50358.0623198435,34.134219805415135,-0.039248426737767544,39.30496710568905,4.802861258337805,0.08048731132572443,16.127636467819784,3.585156156646701
693,20,35,10,Mode,40,[   0   52  153  195  264  618  683  822  887  949 1017 1117 1180],12,354,42,98.33333333333333,50987.30489145103,34.31186445831903,-0.0427199677049949,39.59662542436132,4.849918438309925,0.08434420259950771,16.524707056953204,3.646903331488545
694,20,35,10,Median,40,[   0   64  153  195  264  618  682  822  887  949 1017 1128 1180],12,354,42,98.33333333333333,50358.0623198435,34.134219805415135,-0.039248426737767544,39.30496710568905,4.802861258337805,0.08048731132572443,16.127636467819784,3.585156156646701
695,20,35,10,Mode,40,[   0   52  153  195  264  618  683  822  887  949 1017 1117 1180],12,354,42,98.33333333333333,50987.30489145103,34.31186445831903,-0.0427199677049949,39.59662542436132,4.849918438309925,0.08434420259950771,16.524707056953204,3.646903331488545
696,20,35,10,Median,40,[   0   52  153  195  264  618  682  822  887  949 1017 1128 1180],12,354,42,98.33333333333333,51535.48758201191,34.69052236455215,-0.04321242339616248,39.73636503792583,4.733210327076697,0.08275578978982323,16.65520505014998,3.5480369604193513
697,20,35,10,Mode,40,[   0   52  153  195  264  618  683  822  887  949 1017 1117 1180],12,354,42,98.33333333333333,50987.30489145103,34.31186445831903,-0.0427199677049949,39.59662542436132,4.849918438309925,0.08434420259950771,16.524707056953204,3.646903331488545
698,20,35,10,Median,40,[   0   52  153  195  264  618  682  822  887  949 1040 1128 1180],12,354,42,98.33333333333333,56372.32226190716,36.643428298142894,-0.03503107166185169,41.35265072857484,5.7759696689372495,0.09111547097285806,17.4092264256309,3.253373850830904
699,20,35,10,Mode,40,[   0   52  153  195  264  618  683  822  887  949 1040 1117 1180],12,354,42,98.33333333333333,56987.86925296092,36.86311137159227,-0.03369588425435992,41.465111967922645,5.796897521863069,0.09306540472875381,17.571924913735888,3.2352459531644198
700,20,35,15,Median,40,[   0  195  887 1180],3,692,195,393.3333333333333,265520.36076678766,36.67968514794167,0.026082580149702,61.07923410055509,3.7706093613132907,0.07391969906138583,65.54868002963033,3.294994412089264
701,20,35,15,Mode,40,[   0  195  949 1180],3,754,195,393.3333333333333,212215.98262167556,34.23779031455388,0.019801344221855973,49.998376350826376,3.9855883351769634,0.05527267789021675,51.19968373259126,3.617330998578826
702,20,35,15,Median,40,[   0  195  715 1017 1180],4,520,163,295.0,300899.98470048874,40.993088987004164,0.043982734028400285,81.05455822158606,3.9567716244840554,0.10966347042592411,86.64848936326682,3.081969010607897
703,20,35,15,Mode,40,[   0  195  822  949 1180],4,627,127,295.0,322581.97639606457,53.55817531184436,0.05209383258349825,89.4848401571475,2.930071051178526,0.15756556585820547,89.1308545853373,2.3224570128544477
704,20,35,15,Median,40,[   0  195  681  822 1017 1180],5,486,141,236.0,147703.10814944282,36.36903871689507,0.03074113301566373,69.32873072092332,3.9160102985256735,0.08323849719011707,44.39838591922515,3.1712879584339486
705,20,35,15,Mode,40,[   0  195  683  822  949 1180],5,488,127,236.0,195860.9928622418,44.984708449067476,0.04460023756902352,82.53273406481442,3.54293091414997,0.12132434244415152,56.66942043700757,2.4958772081092997
706,20,35,15,Median,40,[   0   64  243  681  822 1017 1180],6,438,64,196.66666666666666,155636.85951684593,40.29025177053778,-0.00910144690210273,64.03746753425153,4.173137180220478,0.09911934878440085,49.61697448326438,2.8545100188579204
707,20,35,15,Mode,40,[   0   64  195  683  822  949 1180],6,488,64,196.66666666666666,194575.0470693141,49.16831703769911,-0.0011196906700416155,75.14389003229213,3.622516193389849,0.13936773004501432,59.99202712616462,2.2344895724524427
708,20,35,15,Median,40,[   0   64  243  681  822  949 1180],6,438,64,196.66666666666666,194710.91785349714,47.20027743151991,0.004418796212391438,75.24788408452838,3.892803584917818,0.1296476841950681,59.59128252636168,2.312555283497496
709,20,35,15,Mode,40,[   0   64  195  683  822  949 1180],6,488,64,196.66666666666666,194575.0470693141,49.16831703769911,-0.0011196906700416155,75.14389003229213,3.622516193389849,0.13936773004501432,59.99202712616462,2.2344895724524427
710,20,35,15,Median,40,[   0   64  243  681  822  949 1180],6,438,64,196.66666666666666,194710.91785349714,47.20027743151991,0.004418796212391438,75.24788408452838,3.892803584917818,0.1296476841950681,59.59128252636168,2.312555283497496
711,20,35,15,Mode,40,[   0   64  195  683  822  949 1180],6,488,64,196.66666666666666,194575.0470693141,49.16831703769911,-0.0011196906700416155,75.14389003229213,3.622516193389849,0.13936773004501432,59.99202712616462,2.2344895724524427
712,20,35,15,Median,40,[   0   64  195  264  681  822  949 1017 1128 1180],9,417,52,131.11111111111111,95120.60496407445,39.04834917006811,-0.02603782124251121,51.3674558883142,4.197866827404204,0.08630910643245367,29.56927946232713,3.0748129203902423
713,20,35,15,Mode,40,[   0   64  195  264  683  822  949 1180],7,419,64,168.57142857142858,131644.15139887892,43.16920426906652,-0.00832293167655527,66.00785249568223,3.744501449285592,0.11415033530254533,39.92503273261142,2.5483119767947007
714,20,35,15,Median,40,[   0   64  195  264  618  682  822  949 1017 1128 1180],10,354,52,118.0,71147.96656067106,35.971663500655396,-0.02834658855509905,46.31910089186486,4.694844447616921,0.08075220933836538,21.698273800834027,3.477834853663981
715,20,35,15,Mode,40,[   0   64  195  264  618  683  822  949 1017 1117 1180],10,354,63,118.0,70449.78669780615,35.509682432447754,-0.02749827341690034,46.15244845559309,4.835644408574042,0.08271974572809743,21.532860099977977,3.598949073820945
716,20,35,15,Median,40,[   0   64  195  264  618  682  822  897  949 1017 1128 1180],11,354,52,107.27272727272727,55958.824362049425,34.15685216552809,-0.029819759213525882,42.37403045666951,4.879634646260261,0.07946314173937934,18.082956693426357,3.6395292497919547
717,20,35,15,Mode,40,[   0   64  195  264  618  683  822  887  949 1017 1117 1180],11,354,62,107.27272727272727,57630.2817602139,34.596434217592865,-0.02938134177438795,42.526048203580984,4.890091416930528,0.08551414632703831,18.575779817048215,3.6595270309707146
718,20,35,15,Median,40,[   0   64  195  264  444  618  682  822  897  949 1017 1128 1180],12,180,52,98.33333333333333,51205.84806765323,32.10299190449379,-0.03999824526413715,39.105297691468124,5.261340381718506,0.07257984455676039,16.612556305964542,4.056411954704031
719,20,35,15,Mode,40,[   0   64  195  264  475  618  683  822  887  949 1017 1117 1180],12,211,62,98.33333333333333,52741.84040622052,32.596610107174676,-0.039595522908828555,39.241472507560225,5.1944147276098915,0.0779172658590522,17.06130609147114,4.004926547140483
720,20,35,15,Median,40,[   0   64  153  195  264  444  618  682  822  897  949 1017 1128 1180],13,180,42,90.76923076923077,44572.51558867961,31.539979138708762,-0.049912942816402,36.31283861129634,5.222267215583698,0.07050581602862326,14.412403701331742,4.045792416409336
721,20,35,15,Mode,40,[   0   64  153  195  264  475  618  683  822  887  949 1017 1117 1180],13,211,42,90.76923076923077,45980.50856569963,31.992462491166236,-0.048985614145988586,36.438492502249694,5.198363500042266,0.07539845222239076,14.82375767137946,3.9985974594760827
722,20,35,15,Median,40,[   0   64  153  195  264  444  618  682  822  897  949 1040 1128 1180],13,180,42,90.76923076923077,48801.36955708562,33.2240754255803,-0.04154500019806319,37.791362052625985,6.184814300378054,0.07738969067693481,15.093222223315315,3.7846285556879273
723,20,35,15,Mode,40,[   0   64  153  195  264  475  618  683  822  887  949 1040 1117 1180],13,211,42,90.76923076923077,51481.025897083695,34.33110549500004,-0.039840599452793085,38.15426283648642,6.072498038706707,0.08339288750753304,15.783707373430252,3.6212448626789677
724,20,35,15,Median,40,[   0   52  153  195  264  444  618  682  822  897  949 1040 1128 1180],13,180,42,90.76923076923077,49880.67604740666,33.734019438122566,-0.04497369135895138,38.19719047149954,6.120521133060109,0.07946912926902538,15.576826757117997,3.7506026258128577
725,20,35,15,Mode,40,[   0   64  153  195  264  475  618  683  822  887  949 1040 1117 1180],13,211,42,90.76923076923077,51481.025897083695,34.33110549500004,-0.039840599452793085,38.15426283648642,6.072498038706707,0.08339288750753304,15.783707373430252,3.6212448626789677
726,20,35,15,Median,40,[   0   52  153  195  264  444  618  682  822  897  949 1040 1128 1180],13,180,42,90.76923076923077,49880.67604740666,33.734019438122566,-0.04497369135895138,38.19719047149954,6.120521133060109,0.07946912926902538,15.576826757117997,3.7506026258128577
727,20,35,15,Mode,40,[   0   64  153  195  264  475  618  683  822  887  949 1040 1117 1180],13,211,42,90.76923076923077,51481.025897083695,34.33110549500004,-0.039840599452793085,38.15426283648642,6.072498038706707,0.08339288750753304,15.783707373430252,3.6212448626789677
728,20,35,20,Median,40,[   0  195  918 1180],3,723,195,393.3333333333333,250854.72190438316,36.16347198577778,0.024993109500764037,58.7803411054829,3.824683233461388,0.06930250738660208,61.62566681190921,3.398381118537813
729,20,35,20,Mode,40,[   0  195  949 1180],3,754,195,393.3333333333333,212215.98262167556,34.23779031455388,0.019801344221855973,49.998376350826376,3.9855883351769634,0.05527267789021675,51.19968373259126,3.617330998578826
730,20,35,20,Median,40,[   0  195  818 1017 1180],4,623,163,295.0,267137.1536728423,41.903451516309005,0.03910083957697393,73.79173101107956,3.593463345906981,0.1067682842423648,74.18633563297918,3.0166424169598236
731,20,35,20,Mode,40,[   0  195  822  949 1180],4,627,127,295.0,322581.97639606457,53.55817531184436,0.05209383258349825,89.4848401571475,2.930071051178526,0.15756556585820547,89.1308545853373,2.3224570128544477
732,20,35,20,Median,40,[   0  195  681  887 1038 1180],5,486,142,236.0,202852.9573305618,38.24396482753035,0.04263308570305701,69.23152369147091,3.838892112310217,0.09508865579038214,59.32327745851234,3.2638909728091394
733,20,35,20,Mode,40,[   0  195  683  949 1180],4,488,195,295.0,336616.0188152737,45.991709935040454,0.05693810196527207,94.06378000423699,3.3371320573252223,0.1281981274343947,97.20268267226815,2.545201678021762
734,20,35,20,Median,40,[   0   64  243  681  887 1038 1180],6,438,64,196.66666666666666,201410.48312518653,41.79223102472324,-0.004794435378616094,63.955083609484106,4.371020336354877,0.10780568052565928,61.71289621765584,2.9429023022857055
735,20,35,20,Mode,40,[   0   64  195  683  949 1180],5,488,64,236.0,299819.8300858561,50.969470299336756,-0.0014822864907906787,81.23148162286249,4.354832964330411,0.1490339156879124,91.22262547489933,2.2061360159725756
736,20,35,20,Median,40,[   0   64  243  681  822  949 1180],6,438,64,196.66666666666666,194710.91785349714,47.20027743151991,0.004418796212391438,75.24788408452838,3.892803584917818,0.1296476841950681,59.59128252636168,2.312555283497496
737,20,35,20,Mode,40,[   0   64  195  683  822  949 1180],6,488,64,196.66666666666666,194575.0470693141,49.16831703769911,-0.0011196906700416155,75.14389003229213,3.622516193389849,0.13936773004501432,59.99202712616462,2.2344895724524427
738,20,35,20,Median,40,[   0   64  243  681  822  949 1180],6,438,64,196.66666666666666,194710.91785349714,47.20027743151991,0.004418796212391438,75.24788408452838,3.892803584917818,0.1296476841950681,59.59128252636168,2.312555283497496
739,20,35,20,Mode,40,[   0   64  195  683  822  949 1180],6,488,64,196.66666666666666,194575.0470693141,49.16831703769911,-0.0011196906700416155,75.14389003229213,3.622516193389849,0.13936773004501432,59.99202712616462,2.2344895724524427
740,20,35,20,Median,40,[   0   64  195  264  681  822  949 1017 1128 1180],9,417,52,131.11111111111111,95120.60496407445,39.04834917006811,-0.02603782124251121,51.3674558883142,4.197866827404204,0.08630910643245367,29.56927946232713,3.0748129203902423
741,20,35,20,Mode,40,[   0   64  195  264  683  822  949 1180],7,419,64,168.57142857142858,131644.15139887892,43.16920426906652,-0.00832293167655527,66.00785249568223,3.744501449285592,0.11415033530254533,39.92503273261142,2.5483119767947007
742,20,35,20,Median,40,[   0   64  195  264  412  681  822  949 1017 1128 1180],10,269,52,118.0,81892.10450427019,36.2217147594981,-0.040201048326238775,46.52613750202512,4.85803453530699,0.07828855780606953,25.36994835930167,3.513815318700104
743,20,35,20,Mode,40,[   0   64  195  264  380  683  822  949 1017 1117 1180],10,303,63,118.0,81704.40123946172,35.9181706687377,-0.04193264813267821,46.43534502798767,4.830546261441273,0.07964923175870336,25.408746251592113,3.5404557834984933
744,20,35,20,Median,40,[   0   64  195  264  412  682  822  949 1017 1128 1180],10,270,52,118.0,81780.61996099805,36.227723938527184,-0.04023118947847071,46.50541726594677,4.85026111943082,0.07825532193021904,25.331649733802756,3.508065071967148
745,20,35,20,Mode,40,[   0   64  195  264  380  618  683  822  949 1017 1117 1180],11,238,63,107.27272727272727,63545.8888086535,33.38500093765684,-0.04181248437104681,42.347922525104295,5.015593921019102,0.07429897020352166,19.565376447112804,3.885750590587225
746,20,35,20,Median,40,[   0   64  195  264  412  682  822  949 1017 1128 1180],10,270,52,118.0,81780.61996099805,36.227723938527184,-0.04023118947847071,46.50541726594677,4.85026111943082,0.07825532193021904,25.331649733802756,3.508065071967148
747,20,35,20,Mode,40,[   0   64  195  264  380  618  683  822  887  949 1017 1117 1180],12,238,62,98.33333333333333,52519.42049167443,32.74792815095157,-0.04369555272853442,39.405606528608544,5.050507885975459,0.0776048594320657,17.055983794709856,3.9147485955628087
748,20,35,20,Median,40,[   0   64  195  264  412  682  822  949 1017 1128 1180],10,270,52,118.0,81780.61996099805,36.227723938527184,-0.04023118947847071,46.50541726594677,4.85026111943082,0.07825532193021904,25.331649733802756,3.508065071967148
749,20,35,20,Mode,40,[   0   64  195  264  380  618  683  822  887  949 1017 1117 1180],12,238,62,98.33333333333333,52519.42049167443,32.74792815095157,-0.04369555272853442,39.405606528608544,5.050507885975459,0.0776048594320657,17.055983794709856,3.9147485955628087
750,20,35,20,Median,40,[   0   64  195  264  412  682  822  949 1017 1128 1180],10,270,52,118.0,81780.61996099805,36.227723938527184,-0.04023118947847071,46.50541726594677,4.85026111943082,0.07825532193021904,25.331649733802756,3.508065071967148
751,20,35,20,Mode,40,[   0   64  195  264  380  618  683  822  887  949 1017 1117 1180],12,238,62,98.33333333333333,52519.42049167443,32.74792815095157,-0.04369555272853442,39.405606528608544,5.050507885975459,0.0776048594320657,17.055983794709856,3.9147485955628087
752,20,35,20,Median,40,[   0   64  153  195  264  412  618  681  822  908  949 1017 1128 1180],13,206,41,90.76923076923077,43165.8355680703,31.1956274003475,-0.05344023241336306,36.038942442191384,5.38801771009177,0.06944768945708862,14.247761465946256,4.1374884249192965
753,20,35,20,Mode,40,[   0   64  153  195  264  380  618  683  822  887  949 1017 1117 1180],13,238,42,90.76923076923077,45776.62364403238,32.13117069796173,-0.05308564396569444,36.58994662717888,5.065526415456635,0.07511207966431978,14.818878899348283,3.9159343371965485
754,20,35,20,Median,40,[   0   64  153  195  264  412  618  682  822  949 1038 1128 1180],12,206,42,98.33333333333333,59245.39462661501,34.49360766113534,-0.04495329024124562,40.48684271702114,6.1050579458431455,0.0809182090498563,17.732136408263127,3.6175781171052255
755,20,35,20,Mode,40,[   0   64  153  195  264  380  618  683  822  887  949 1038 1117 1180],13,238,42,90.76923076923077,50924.18238923142,34.342569972489684,-0.04433693669883931,38.195068785793346,5.873362001693698,0.0825401232463097,15.673419525068345,3.5490849014045023
756,20,40,10,Median,40,[   0  196  822 1180],3,626,196,393.3333333333333,410874.6117821156,43.97364235642486,0.043160675169364,96.25728909036317,3.472690933453053,0.11920507886678908,110.83492396377325,2.679935579623444
757,20,40,10,Mode,40,[   0  195  949 1180],3,754,195,393.3333333333333,212215.98262167556,34.23779031455388,0.019801344221855973,49.998376350826376,3.9855883351769634,0.05527267789021675,51.19968373259126,3.617330998578826
758,20,40,10,Median,40,[   0  196  685  949 1180],4,489,196,295.0,336079.04640383145,45.98945525413151,0.057166038158308737,94.00303338434689,3.3339045102547247,0.12825905361940212,97.00796469059033,2.5458166567703846
759,20,40,10,Mode,40,[   0  195  822  949 1180],4,627,127,295.0,322581.97639606457,53.55817531184436,0.05209383258349825,89.4848401571475,2.930071051178526,0.15756556585820547,89.1308545853373,2.3224570128544477
760,20,40,10,Median,40,[   0  196  681  822  949 1180],5,485,127,236.0,197048.8117810167,45.03775210679908,0.04420335968799189,82.70608402994264,3.523930510835118,0.12162611092006578,57.06094052651929,2.491516184092038
761,20,40,10,Mode,40,[   0  195  683  822  949 1180],5,488,127,236.0,195860.9928622418,44.984708449067476,0.04460023756902352,82.53273406481442,3.54293091414997,0.12132434244415152,56.66942043700757,2.4958772081092997
762,20,40,10,Median,40,[   0   87  250  681  822  949 1180],6,431,87,196.66666666666666,189881.7822039707,45.960294176523966,0.009297701551316952,74.12952678989123,3.95235284347112,0.12521470069365648,57.72788311326226,2.3964162003076668
763,20,40,10,Mode,40,[   0  153  195  683  822  949 1180],6,488,42,196.66666666666666,149673.0523944244,48.26283333456753,0.012308106742293002,69.80526902145162,3.7584306115686417,0.1263472355166776,43.547131307443536,2.30877453510852
764,20,40,10,Median,40,[   0   87  250  681  822  949 1180],6,431,87,196.66666666666666,189881.7822039707,45.960294176523966,0.009297701551316952,74.12952678989123,3.95235284347112,0.12521470069365648,57.72788311326226,2.3964162003076668
765,20,40,10,Mode,40,[   0  153  195  683  822  949 1180],6,488,42,196.66666666666666,149673.0523944244,48.26283333456753,0.012308106742293002,69.80526902145162,3.7584306115686417,0.1263472355166776,43.547131307443536,2.30877453510852
766,20,40,10,Median,40,[   0   64  195  264  681  822  949 1040 1180],8,417,64,147.5,102811.10165187878,39.76920620708581,-0.012925768056665756,58.20537101638417,4.091608872474686,0.09745411803598784,31.86110704772548,2.9047940108541246
767,20,40,10,Mode,40,[   0   52  195  264  683  822  949 1180],7,419,52,168.57142857142858,132493.46632901728,43.76404463110759,-0.01186005029139481,66.63713844243927,3.6780743693999463,0.11650935061996857,40.36065319098291,2.5402454209401317
768,20,40,10,Median,40,[   0   64  195  264  681  822  949 1180],7,417,64,168.57142857142858,132101.5309349449,43.18927605332223,-0.008342436531287474,66.02969805557048,3.7402885846848264,0.11424295031809807,40.06995003072425,2.5456704265035435
769,20,40,10,Mode,40,[   0   52  195  264  683  822  949 1180],7,419,52,168.57142857142858,132493.46632901728,43.76404463110759,-0.01186005029139481,66.63713844243927,3.6780743693999463,0.11650935061996857,40.36065319098291,2.5402454209401317
770,20,40,10,Median,40,[   0   64  195  264  618  682  822  949 1017 1117 1180],10,354,63,118.0,70440.17214155043,35.49567950146175,-0.02746082929054734,46.109488921221995,4.850023501091511,0.08302491285494841,21.523210180291546,3.607385247153149
771,20,40,10,Mode,40,[   0   52  195  264  618  683  822  949 1017 1117 1180],10,354,52,118.0,71015.99665123172,35.906242673808464,-0.030893448055499484,46.58185921628836,4.774435593358722,0.08429242260637959,21.8232737388923,3.5935713699178993
772,20,40,10,Median,40,[   0   64  153  195  264  618  682  822  949 1017 1117 1180],11,354,42,107.27272727272727,60556.74075939237,34.48079542282292,-0.04012365035155977,42.048663743893265,4.925335166174316,0.07949157179136504,18.391961667299483,3.639544471954603
773,20,40,10,Mode,40,[   0   52  153  195  264  618  683  822  949 1017 1117 1180],11,354,42,107.27272727272727,61860.56164840776,35.10533087576104,-0.04405901303014552,42.5555133329459,4.835598404803364,0.08171224768770786,18.980972035580486,3.5911208001055357
774,20,40,10,Median,40,[   0   64  153  195  264  618  682  822  887  949 1017 1117 1180],12,354,42,98.33333333333333,49778.957795108436,33.744778351529426,-0.03873914767464924,39.13024318449138,4.932177136233297,0.08234679602111056,15.984402596466843,3.691151933137838
775,20,40,10,Mode,40,[   0   52  153  195  264  618  683  822  887  949 1017 1117 1180],12,354,42,98.33333333333333,50987.30489145103,34.31186445831903,-0.0427199677049949,39.59662542436132,4.849918438309925,0.08434420259950771,16.524707056953204,3.646903331488545
776,20,40,10,Median,40,[   0   64  153  195  264  618  682  822  887  949 1017 1117 1180],12,354,42,98.33333333333333,49778.957795108436,33.744778351529426,-0.03873914767464924,39.13024318449138,4.932177136233297,0.08234679602111056,15.984402596466843,3.691151933137838
777,20,40,10,Mode,40,[   0   52  153  195  264  618  683  822  887  949 1017 1117 1180],12,354,42,98.33333333333333,50987.30489145103,34.31186445831903,-0.0427199677049949,39.59662542436132,4.849918438309925,0.08434420259950771,16.524707056953204,3.646903331488545
778,20,40,10,Median,40,[   0   64  153  195  264  618  682  822  887  949 1040 1117 1180],12,354,42,98.33333333333333,55779.522156618325,36.29602526480267,-0.029551880535874382,40.98671720086331,5.88217553576122,0.09106799815035665,17.031620453249527,3.2794945548137124
779,20,40,10,Mode,40,[   0   52  153  195  264  618  683  822  887  949 1040 1117 1180],12,354,42,98.33333333333333,56987.86925296092,36.86311137159227,-0.03369588425435992,41.465111967922645,5.796897521863069,0.09306540472875381,17.571924913735888,3.2352459531644198
780,20,40,10,Median,40,[   0   52  153  195  264  618  682  822  887  949 1040 1117 1180],12,354,42,98.33333333333333,56956.94741878673,36.85232782393969,-0.03367374321395517,41.428161370795934,5.812524604500112,0.09333647661445549,17.559189035579724,3.2423753585863633
781,20,40,10,Mode,40,[   0   52  153  195  264  618  683  822  887  949 1040 1117 1180],12,354,42,98.33333333333333,56987.86925296092,36.86311137159227,-0.03369588425435992,41.465111967922645,5.796897521863069,0.09306540472875381,17.571924913735888,3.2352459531644198
782,20,40,10,Median,40,[   0   52  153  195  264  618  682  822  887  949 1040 1117 1180],12,354,42,98.33333333333333,56956.94741878673,36.85232782393969,-0.03367374321395517,41.428161370795934,5.812524604500112,0.09333647661445549,17.559189035579724,3.2423753585863633
783,20,40,10,Mode,40,[   0   52  153  195  264  618  683  822  887  949 1040 1117 1180],12,354,42,98.33333333333333,56987.86925296092,36.86311137159227,-0.03369588425435992,41.465111967922645,5.796897521863069,0.09306540472875381,17.571924913735888,3.2352459531644198
784,20,40,15,Median,40,[   0  195  908 1180],3,713,195,393.3333333333333,260200.48952318798,36.59088514188805,0.026137181301040566,60.747217740527944,3.786473154061253,0.07235153467222419,64.167041075876,3.3431434804124387
785,20,40,15,Mode,40,[   0  195  949 1180],3,754,195,393.3333333333333,212215.98262167556,34.23779031455388,0.019801344221855973,49.998376350826376,3.9855883351769634,0.05527267789021675,51.19968373259126,3.617330998578826
786,20,40,15,Median,40,[   0  195  708 1017 1180],4,513,163,295.0,306559.86793508375,41.27042916596267,0.0453679780217843,82.3634700567446,3.9516721447200993,0.11134928074889623,89.0237316183526,3.0655344246230185
787,20,40,15,Mode,40,[   0  195  822  949 1180],4,627,127,295.0,322581.97639606457,53.55817531184436,0.05209383258349825,89.4848401571475,2.930071051178526,0.15756556585820547,89.1308545853373,2.3224570128544477
788,20,40,15,Median,40,[   0  195  681  822 1017 1180],5,486,141,236.0,147703.10814944282,36.36903871689507,0.03074113301566373,69.32873072092332,3.9160102985256735,0.08323849719011707,44.39838591922515,3.1712879584339486
789,20,40,15,Mode,40,[   0  195  683  822  949 1180],5,488,127,236.0,195860.9928622418,44.984708449067476,0.04460023756902352,82.53273406481442,3.54293091414997,0.12132434244415152,56.66942043700757,2.4958772081092997
790,20,40,15,Median,40,[   0   64  243  681  822 1017 1180],6,438,64,196.66666666666666,155636.85951684593,40.29025177053778,-0.00910144690210273,64.03746753425153,4.173137180220478,0.09911934878440085,49.61697448326438,2.8545100188579204
791,20,40,15,Mode,40,[   0   64  195  683  822  949 1180],6,488,64,196.66666666666666,194575.0470693141,49.16831703769911,-0.0011196906700416155,75.14389003229213,3.622516193389849,0.13936773004501432,59.99202712616462,2.2344895724524427
792,20,40,15,Median,40,[   0   80  244  681  822  949 1180],6,437,80,196.66666666666666,190487.23726249312,46.2577542202037,0.010011395743586789,74.29040556193887,3.927986756520278,0.12667706675802862,58.044852247510754,2.3745571541414323
793,20,40,15,Mode,40,[   0  153  195  683  822  949 1180],6,488,42,196.66666666666666,149673.0523944244,48.26283333456753,0.012308106742293002,69.80526902145162,3.7584306115686417,0.1263472355166776,43.547131307443536,2.30877453510852
794,20,40,15,Median,40,[   0   64  243  681  822  949 1180],6,438,64,196.66666666666666,194710.91785349714,47.20027743151991,0.004418796212391438,75.24788408452838,3.892803584917818,0.1296476841950681,59.59128252636168,2.312555283497496
795,20,40,15,Mode,40,[   0   64  195  683  822  949 1180],6,488,64,196.66666666666666,194575.0470693141,49.16831703769911,-0.0011196906700416155,75.14389003229213,3.622516193389849,0.13936773004501432,59.99202712616462,2.2344895724524427
796,20,40,15,Median,40,[   0   64  195  264  681  822  949 1180],7,417,64,168.57142857142858,132101.5309349449,43.18927605332223,-0.008342436531287474,66.02969805557048,3.7402885846848264,0.11424295031809807,40.06995003072425,2.5456704265035435
797,20,40,15,Mode,40,[   0   64  195  264  683  822  949 1180],7,419,64,168.57142857142858,131644.15139887892,43.16920426906652,-0.00832293167655527,66.00785249568223,3.744501449285592,0.11415033530254533,39.92503273261142,2.5483119767947007
798,20,40,15,Median,40,[   0   64  195  264  618  681  822  949 1017 1117 1180],10,354,63,118.0,70473.17804103666,35.495013945052825,-0.0272887256981468,46.11371579722205,4.866701548284354,0.0834519378394366,21.533325411932474,3.6179402932700233
799,20,40,15,Mode,40,[   0   64  195  264  618  683  822  949 1017 1117 1180],10,354,63,118.0,70449.78669780615,35.509682432447754,-0.02749827341690034,46.15244845559309,4.835644408574042,0.08271974572809743,21.532860099977977,3.598949073820945
800,20,40,15,Median,40,[   0   64  195  264  618  681  822  897  949 1017 1117 1180],11,354,52,107.27272727272727,55320.59352287307,33.72574084027142,-0.028904743427414385,42.18765587849981,5.035868374139745,0.08190573998356018,17.92785858317245,3.76583920648957
801,20,40,15,Mode,40,[   0   64  195  264  618  683  822  887  949 1017 1117 1180],11,354,62,107.27272727272727,57630.2817602139,34.596434217592865,-0.02938134177438795,42.526048203580984,4.890091416930528,0.08551414632703831,18.575779817048215,3.6595270309707146
802,20,40,15,Median,40,[   0   64  195  264  444  618  681  822  897  949 1017 1117 1180],12,180,52,98.33333333333333,50661.225579632795,31.723746295704903,-0.0392256900075665,38.93456639950575,5.391964623474781,0.0748116793567473,16.484164165305224,4.167764680601707
803,20,40,15,Mode,40,[   0   64  195  264  475  618  683  822  887  949 1017 1117 1180],12,211,62,98.33333333333333,52741.84040622052,32.596610107174676,-0.039595522908828555,39.241472507560225,5.1944147276098915,0.0779172658590522,17.06130609147114,4.004926547140483
804,20,40,15,Median,40,[   0   64  153  195  264  444  618  681  822  897  949 1017 1117 1180],13,180,42,90.76923076923077,44073.278307994224,31.192337330652283,-0.049363878946264636,36.155299335711746,5.344747154208449,0.07255166459527793,14.294710905727365,4.147865748482205
805,20,40,15,Mode,40,[   0   64  153  195  264  475  618  683  822  887  949 1017 1117 1180],13,211,42,90.76923076923077,45980.50856569963,31.992462491166236,-0.048985614145988586,36.438492502249694,5.198363500042266,0.07539845222239076,14.82375767137946,3.9985974594760827
806,20,40,15,Median,40,[   0   64  153  195  264  444  618  681  822  897  949 1040 1117 1180],13,180,42,90.76923076923077,49368.88448454699,33.42491284889945,-0.040187200836609656,37.86376186783553,6.223151468226837,0.07976693344428316,15.24429286890422,3.779457141419759
807,20,40,15,Mode,40,[   0   64  153  195  264  475  618  683  822  887  949 1040 1117 1180],13,211,42,90.76923076923077,51481.025897083695,34.33110549500004,-0.039840599452793085,38.15426283648642,6.072498038706707,0.08339288750753304,15.783707373430252,3.6212448626789677
808,20,40,15,Median,40,[   0   52  153  195  264  444  618  681  822  897  949 1040 1117 1180],13,180,42,90.76923076923077,50448.19097486803,33.934856861441716,-0.043580359801943136,38.27002621204715,6.161113191986434,0.08184637203637374,15.727897402706901,3.7454312115446893
809,20,40,15,Mode,40,[   0   64  153  195  264  475  618  683  822  887  949 1040 1117 1180],13,211,42,90.76923076923077,51481.025897083695,34.33110549500004,-0.039840599452793085,38.15426283648642,6.072498038706707,0.08339288750753304,15.783707373430252,3.6212448626789677
810,20,40,15,Median,40,[   0   52  153  195  264  444  618  681  822  897  949 1040 1117 1180],13,180,42,90.76923076923077,50448.19097486803,33.934856861441716,-0.043580359801943136,38.27002621204715,6.161113191986434,0.08184637203637374,15.727897402706901,3.7454312115446893
811,20,40,15,Mode,40,[   0   64  153  195  264  475  618  683  846  887  949 1040 1117 1180],13,211,41,90.76923076923077,55581.24209105528,36.868285585578654,-0.03954200988776245,38.521842990832546,5.9339914466673225,0.09605996874572155,16.835483837275092,3.4559276174344973
812,20,40,20,Median,40,[   0  195  949 1180],3,754,195,393.3333333333333,212215.98262167556,34.23779031455388,0.019801344221855973,49.998376350826376,3.9855883351769634,0.05527267789021675,51.19968373259126,3.617330998578826
813,20,40,20,Mode,40,[   0  195  949 1180],3,754,195,393.3333333333333,212215.98262167556,34.23779031455388,0.019801344221855973,49.998376350826376,3.9855883351769634,0.05527267789021675,51.19968373259126,3.617330998578826
814,20,40,20,Median,40,[   0  195  770 1017 1180],4,575,163,295.0,273640.27999550774,40.3480141664698,0.03918243595095062,75.26137811047143,3.8752590960509337,0.10230754198658903,76.90864835227927,3.131325553993159
815,20,40,20,Mode,40,[   0  195  822  949 1180],4,627,127,295.0,322581.97639606457,53.55817531184436,0.05209383258349825,89.4848401571475,2.930071051178526,0.15756556585820547,89.1308545853373,2.3224570128544477
816,20,40,20,Median,40,[   0  195  677  887 1038 1180],5,482,142,236.0,203814.3323363586,38.32563244291772,0.042606447778244294,69.24619692571936,3.823554186560352,0.09532526668911247,59.63854409650981,3.246476781115842
817,20,40,20,Mode,40,[   0  195  683  949 1180],4,488,195,295.0,336616.0188152737,45.991709935040454,0.05693810196527207,94.06378000423699,3.3371320573252223,0.1281981274343947,97.20268267226815,2.545201678021762
818,20,40,20,Median,40,[   0   64  243  677  887 1038 1180],6,434,64,196.66666666666666,202419.6770634672,41.88088697465048,-0.00467152649740177,63.983826674894075,4.367276964480941,0.10812295436698567,62.1022299183616,2.928119964291546
819,20,40,20,Mode,40,[   0   64  195  683  949 1180],5,488,64,236.0,299819.8300858561,50.969470299336756,-0.0014822864907906787,81.23148162286249,4.354832964330411,0.1490339156879124,91.22262547489933,2.2061360159725756
820,20,40,20,Median,40,[   0   64  243  677  822  949 1180],6,434,64,196.66666666666666,196337.2406933322,47.287447719953114,0.005224178527632545,75.47208189278606,3.8407995790069047,0.13062355823708188,60.201066047379456,2.3103741370114905
821,20,40,20,Mode,40,[   0   64  195  683  822  949 1180],6,488,64,196.66666666666666,194575.0470693141,49.16831703769911,-0.0011196906700416155,75.14389003229213,3.622516193389849,0.13936773004501432,59.99202712616462,2.2344895724524427
822,20,40,20,Median,40,[   0   64  243  677  822  949 1027 1117 1180],8,434,63,147.5,135352.18802641524,41.818312913280586,-0.008440874057878236,56.482552115999944,5.162543164667808,0.10316115183606223,41.897308304593956,2.8026104029727317
823,20,40,20,Mode,40,[   0   64  195  683  822  949 1180],6,488,64,196.66666666666666,194575.0470693141,49.16831703769911,-0.0011196906700416155,75.14389003229213,3.622516193389849,0.13936773004501432,59.99202712616462,2.2344895724524427
824,20,40,20,Median,40,[   0   64  195  264  677  822  949 1027 1117 1180],9,413,63,131.11111111111111,95657.50167402095,39.46957312768989,-0.01799544651402169,51.97273631436506,4.913724986027696,0.09492076358621004,29.354661677472965,2.9155552624685965
825,20,40,20,Mode,40,[   0   64  195  264  683  822  949 1180],7,419,64,168.57142857142858,131644.15139887892,43.16920426906652,-0.00832293167655527,66.00785249568223,3.744501449285592,0.11415033530254533,39.92503273261142,2.5483119767947007
826,20,40,20,Median,40,[   0   64  195  264  413  678  822  949 1027 1117 1180],10,265,63,118.0,81985.2488650231,36.563328043380494,-0.03235837486067603,47.01741932805149,5.533617463736517,0.08571237547985194,25.05177948577908,3.3841083534643324
827,20,40,20,Mode,40,[   0   64  195  264  380  683  822  949 1017 1117 1180],10,303,63,118.0,81704.40123946172,35.9181706687377,-0.04193264813267821,46.43534502798767,4.830546261441273,0.07964923175870336,25.408746251592113,3.5404557834984933
828,20,40,20,Median,40,[   0   64  195  264  413  681  827  949 1027 1117 1180],10,268,63,118.0,84055.6923247444,36.95259306096463,-0.03238991163313978,47.02582171621358,5.51181531950012,0.08752662772465546,25.626765316436998,3.3552316037977996
829,20,40,20,Mode,40,[   0   64  195  264  380  618  683  822  949 1017 1117 1180],11,238,63,107.27272727272727,63545.8888086535,33.38500093765684,-0.04181248437104681,42.347922525104295,5.015593921019102,0.07429897020352166,19.565376447112804,3.885750590587225
830,20,40,20,Median,40,[   0   64  195  264  413  681  822  949 1027 1117 1180],10,268,63,118.0,81605.39625817718,36.568432388114566,-0.0325353074853781,46.94409023968008,5.515146810006944,0.08547050235547654,24.941654953558526,3.371795685103731
831,20,40,20,Mode,40,[   0   64  195  264  380  618  683  822  887  949 1017 1117 1180],12,238,62,98.33333333333333,52519.42049167443,32.74792815095157,-0.04369555272853442,39.405606528608544,5.050507885975459,0.0776048594320657,17.055983794709856,3.9147485955628087
832,20,40,20,Median,40,[   0   64  195  264  413  681  822  949 1027 1117 1180],10,268,63,118.0,81605.39625817718,36.568432388114566,-0.0325353074853781,46.94409023968008,5.515146810006944,0.08547050235547654,24.941654953558526,3.371795685103731
833,20,40,20,Mode,40,[   0   64  195  264  380  618  683  822  887  949 1017 1117 1180],12,238,62,98.33333333333333,52519.42049167443,32.74792815095157,-0.04369555272853442,39.405606528608544,5.050507885975459,0.0776048594320657,17.055983794709856,3.9147485955628087
834,20,40,20,Median,40,[   0   64  195  264  413  681  822  949 1027 1117 1180],10,268,63,118.0,81605.39625817718,36.568432388114566,-0.0325353074853781,46.94409023968008,5.515146810006944,0.08547050235547654,24.941654953558526,3.371795685103731
835,20,40,20,Mode,40,[   0   64  195  264  380  618  683  822  887  949 1017 1117 1180],12,238,62,98.33333333333333,52519.42049167443,32.74792815095157,-0.04369555272853442,39.405606528608544,5.050507885975459,0.0776048594320657,17.055983794709856,3.9147485955628087
836,20,40,20,Median,40,[   0   64  153  195  264  413  618  681  822  908  949 1027 1117 1180],13,205,41,90.76923076923077,43470.669513775654,31.354379989806905,-0.0465466377055859,36.35253624175737,5.899884539137739,0.0711772705978956,13.701263497151322,4.0472702806397445
837,20,40,20,Mode,40,[   0   64  153  195  264  380  618  683  822  887  949 1017 1117 1180],13,238,42,90.76923076923077,45776.62364403238,32.13117069796173,-0.05308564396569444,36.58994662717888,5.065526415456635,0.07511207966431978,14.818878899348283,3.9159343371965485
838,20,40,20,Median,40,[   0   64  195  264  413  681  822  949 1038 1117 1180],10,268,63,118.0,86706.07288021849,38.456353282143965,-0.03013522881446301,48.40552771367519,6.064574400806157,0.09350919599997437,26.39233420949748,3.1427632477388903
839,20,40,20,Mode,40,[   0   64  153  195  264  380  618  683  822  887  949 1038 1117 1180],13,238,42,90.76923076923077,50924.18238923142,34.342569972489684,-0.04433693669883931,38.195068785793346,5.873362001693698,0.0825401232463097,15.673419525068345,3.5490849014045023
840,20,45,10,Median,40,[   0  210  822 1180],3,612,210,393.3333333333333,417258.7005517095,44.122342687628034,0.04101134977706236,97.31505194320384,3.459557005554123,0.11875221892821654,112.41829137706608,2.6728713450929957
841,20,45,10,Mode,40,[   0  195  949 1180],3,754,195,393.3333333333333,212215.98262167556,34.23779031455388,0.019801344221855973,49.998376350826376,3.9855883351769634,0.05527267789021675,51.19968373259126,3.617330998578826
842,20,45,10,Median,40,[   0  210  711  949 1180],4,501,210,295.0,337917.034184891,46.69938106173245,0.05442256696055264,94.41641623196323,3.195298773115753,0.12982713402844623,96.89812650378906,2.5174949385166454
843,20,45,10,Mode,40,[   0  195  822  949 1180],4,627,127,295.0,322581.97639606457,53.55817531184436,0.05209383258349825,89.4848401571475,2.930071051178526,0.15756556585820547,89.1308545853373,2.3224570128544477
844,20,45,10,Median,40,[   0  210  681  822  949 1180],5,471,127,236.0,202002.3352282385,45.3247559454603,0.0448870250875365,83.96026013410095,3.549450295129792,0.12329478204449695,58.8634745075676,2.4689820167683836
845,20,45,10,Mode,40,[   0  195  683  822  949 1180],5,488,127,236.0,195860.9928622418,44.984708449067476,0.04460023756902352,82.53273406481442,3.54293091414997,0.12132434244415152,56.66942043700757,2.4958772081092997
846,20,45,10,Median,40,[   0   87  250  681  822  949 1180],6,431,87,196.66666666666666,189881.7822039707,45.960294176523966,0.009297701551316952,74.12952678989123,3.95235284347112,0.12521470069365648,57.72788311326226,2.3964162003076668
847,20,45,10,Mode,40,[   0  153  195  683  822  949 1180],6,488,42,196.66666666666666,149673.0523944244,48.26283333456753,0.012308106742293002,69.80526902145162,3.7584306115686417,0.1263472355166776,43.547131307443536,2.30877453510852
848,20,45,10,Median,40,[   0   87  250  681  822  949 1180],6,431,87,196.66666666666666,189881.7822039707,45.960294176523966,0.009297701551316952,74.12952678989123,3.95235284347112,0.12521470069365648,57.72788311326226,2.3964162003076668
849,20,45,10,Mode,40,[   0  153  195  683  822  949 1180],6,488,42,196.66666666666666,149673.0523944244,48.26283333456753,0.012308106742293002,69.80526902145162,3.7584306115686417,0.1263472355166776,43.547131307443536,2.30877453510852
850,20,45,10,Median,40,[   0   64  195  263  681  822  949 1039 1180],8,418,64,147.5,102271.64264484259,39.716162385710405,-0.013099333252620738,58.149018530229526,4.097888721567674,0.0970087879627352,31.67671862604431,2.909847866238991
851,20,45,10,Mode,40,[   0   52  195  264  683  822  949 1180],7,419,52,168.57142857142858,132493.46632901728,43.76404463110759,-0.01186005029139481,66.63713844243927,3.6780743693999463,0.11650935061996857,40.36065319098291,2.5402454209401317
852,20,45,10,Median,40,[   0   64  195  263  681  822  949 1180],7,418,64,168.57142857142858,131726.82209642234,43.14509371965347,-0.008376382357574597,65.97226945698434,3.746876488975847,0.11398205570604576,39.929846791362905,2.549803396117902
853,20,45,10,Mode,40,[   0   52  195  264  683  822  949 1180],7,419,52,168.57142857142858,132493.46632901728,43.76404463110759,-0.01186005029139481,66.63713844243927,3.6780743693999463,0.11650935061996857,40.36065319098291,2.5402454209401317
854,20,45,10,Median,40,[   0   64  195  263  618  683  822  949 1017 1117 1180],10,355,63,118.0,70245.37821112618,35.48663933772852,-0.027556546542253528,46.113598198653406,4.839229046505062,0.08257986063510406,21.453009064010583,3.601434867535263
855,20,45,10,Mode,40,[   0   52  195  264  637  683  822  949 1017 1117 1180],10,373,46,118.0,68593.01281893386,35.75585410184664,-0.03538931012649283,46.511776273656025,4.629570827095816,0.07866500238556062,21.076618980073448,3.5328419354336966
856,20,45,10,Median,40,[   0   64  153  195  263  618  682  822  949 1017 1117 1180],11,355,42,107.27272727272727,60435.03310954323,34.4703046776918,-0.040169240055843644,42.01348674378938,4.9283987253328405,0.07939013352369528,18.342663791413347,3.640761067521594
857,20,45,10,Mode,40,[   0   52  153  195  264  637  683  822  949 1017 1117 1180],11,373,42,107.27272727272727,59679.87619933968,34.969981160995395,-0.048551850668392994,42.491961606264205,4.703903162746177,0.07664756948897081,18.308982752643523,3.5364643090697534
858,20,45,10,Median,40,[   0   64  153  195  263  618  683  822  887  949 1017 1117 1180],12,355,42,98.33333333333333,49698.823552591835,33.74579398168907,-0.03882028863368745,39.133668468404636,4.922716727898062,0.08198271856968987,15.952175380823622,3.6852108323661144
859,20,45,10,Mode,40,[   0   52  153  195  264  637  683  822  887  949 1017 1117 1180],12,373,42,98.33333333333333,49004.86357411642,34.188819263077534,-0.047212805343242376,39.53814666911814,4.729197799757502,0.07973994969156493,15.913807708828688,3.5972156123651065
860,20,45,10,Median,40,[   0   64  153  195  263  637  683  822  887  949 1017 1117 1180],12,374,42,98.33333333333333,47709.06089722671,33.61971895306218,-0.04346414719874923,39.074003134501574,4.800538106013179,0.07736413082802307,15.339692624219795,3.636225253239489
861,20,45,10,Mode,40,[   0   52  153  195  264  637  683  822  887  949 1017 1117 1180],12,373,42,98.33333333333333,49004.86357411642,34.188819263077534,-0.047212805343242376,39.53814666911814,4.729197799757502,0.07973994969156493,15.913807708828688,3.5972156123651065
862,20,45,10,Median,40,[   0   64  153  195  263  637  682  822  887  949 1017 1117 1180],12,374,42,98.33333333333333,47659.630464201175,33.59870960850955,-0.043316875289454784,39.034216832773495,4.814090528540103,0.07764750290751775,15.319880159896563,3.6449733756451974
863,20,45,10,Mode,40,[   0   52  153  195  264  637  683  822  887  949 1017 1117 1180],12,373,42,98.33333333333333,49004.86357411642,34.188819263077534,-0.047212805343242376,39.53814666911814,4.729197799757502,0.07973994969156493,15.913807708828688,3.5972156123651065
864,20,45,10,Median,40,[   0   64  153  195  263  637  682  822  887  949 1039 1117 1180],12,374,42,98.33333333333333,53504.63006058163,36.092378142794054,-0.03429574691072194,40.86111344400981,5.79200608837798,0.08578365001691118,16.32047742733636,3.237519014688434
865,20,45,10,Mode,40,[   0   52  153  195  264  637  683  822  887  949 1038 1117 1180],12,373,42,98.33333333333333,54620.38220524263,36.60125483528984,-0.03848423339775163,41.280753658233664,5.604353018180987,0.08784326996282664,16.846033845977846,3.1970162278646925
866,20,45,10,Median,40,[   0   64  153  195  264  637  682  846  897  949 1017 1117 1180],12,373,42,98.33333333333333,48336.78998948662,34.83209967451081,-0.043911349552956815,38.908931789727546,4.6891729157459,0.0829239385987787,15.443189987192794,3.541062840952421
867,20,45,10,Mode,40,[   0   52  153  195  264  637  683  846  887  949 1017 1117 1180],12,373,41,98.33333333333333,52892.042252812535,36.95078643824802,-0.04694902196557037,39.928042005718176,4.607269134857643,0.093321258866981,16.897896016995762,3.4132524042066863
868,20,45,15,Median,40,[   0  195  897 1180],3,702,195,393.3333333333333,263157.0159653365,36.629972295732614,0.026299077048952915,61.00762506781768,3.7760757961849456,0.07304500062812366,64.93899896306564,3.3185127236081255
869,20,45,15,Mode,40,[   0  195  949 1180],3,754,195,393.3333333333333,212215.98262167556,34.23779031455388,0.019801344221855973,49.998376350826376,3.9855883351769634,0.05527267789021675,51.19968373259126,3.617330998578826
870,20,45,15,Median,40,[   0  195  727 1017 1180],4,532,163,295.0,300911.363938158,41.05108630365557,0.044412417756489644,81.66362800038783,3.9396169972818456,0.10999133285929645,86.60966253495599,3.088506704305477
871,20,45,15,Mode,40,[   0  195  822  949 1180],4,627,127,295.0,322581.97639606457,53.55817531184436,0.05209383258349825,89.4848401571475,2.930071051178526,0.15756556585820547,89.1308545853373,2.3224570128544477
872,20,45,15,Median,40,[   0  195  678  827 1017 1180],5,483,149,236.0,151292.91666727478,36.50533699937544,0.03280182024125773,68.94753608843041,3.935427182780547,0.08452180407705685,45.55393792015406,3.176307469567504
873,20,45,15,Mode,40,[   0  195  683  822  949 1180],5,488,127,236.0,195860.9928622418,44.984708449067476,0.04460023756902352,82.53273406481442,3.54293091414997,0.12132434244415152,56.66942043700757,2.4958772081092997
874,20,45,15,Median,40,[   0   80  250  678  827 1017 1180],6,428,80,196.66666666666666,154182.82147416414,39.21581403178853,-0.0025030420277608605,62.74080651985453,4.294626406443766,0.0960510214648026,48.95696054156387,2.9364717993016636
875,20,45,15,Mode,40,[   0  153  195  683  822  949 1180],6,488,42,196.66666666666666,149673.0523944244,48.26283333456753,0.012308106742293002,69.80526902145162,3.7584306115686417,0.1263472355166776,43.547131307443536,2.30877453510852
876,20,45,15,Median,40,[   0   80  250  678  822  949 1180],6,428,80,196.66666666666666,191293.95513726494,46.06351542507396,0.010628737425080035,74.35850927588203,3.9391965802983293,0.1261433839702793,58.31673075704153,2.38745350020845
877,20,45,15,Mode,40,[   0  153  195  683  822  949 1180],6,488,42,196.66666666666666,149673.0523944244,48.26283333456753,0.012308106742293002,69.80526902145162,3.7584306115686417,0.1263472355166776,43.547131307443536,2.30877453510852
878,20,45,15,Median,40,[   0   80  250  678  822  949 1180],6,428,80,196.66666666666666,191293.95513726494,46.06351542507396,0.010628737425080035,74.35850927588203,3.9391965802983293,0.1261433839702793,58.31673075704153,2.38745350020845
879,20,45,15,Mode,40,[   0  153  195  683  822  949 1180],6,488,42,196.66666666666666,149673.0523944244,48.26283333456753,0.012308106742293002,69.80526902145162,3.7584306115686417,0.1263472355166776,43.547131307443536,2.30877453510852
880,20,45,15,Median,40,[   0   64  195  264  678  822  949 1180],7,414,64,168.57142857142858,132975.5196882781,43.23359398688911,-0.007986741504214238,66.18829553292693,3.7262842874170445,0.11480325500678297,40.35554211922124,2.542568823219138
881,20,45,15,Mode,40,[   0   64  195  264  683  822  949 1180],7,419,64,168.57142857142858,131644.15139887892,43.16920426906652,-0.00832293167655527,66.00785249568223,3.744501449285592,0.11415033530254533,39.92503273261142,2.5483119767947007
882,20,45,15,Median,40,[   0   64  195  264  637  682  822  949 1017 1117 1180],10,373,45,118.0,67994.06220564454,35.33253273870177,-0.0319661168177778,46.03495209351018,4.703517428543232,0.07741123153364765,20.76772371130428,3.548689511071486
883,20,45,15,Mode,40,[   0   64  195  264  637  683  822  949 1017 1117 1180],10,373,46,118.0,68026.80286550829,35.35929386048592,-0.03211157687273648,46.08270588580724,4.687679433406326,0.07709232550727847,20.786205341159118,3.538219639336743
884,20,45,15,Median,40,[   0   64  195  264  459  682  822  949 1017 1117 1180],10,223,63,118.0,80594.1349426166,35.750071268712006,-0.03639939531249016,46.3314224888367,5.0523268995291915,0.08146306627623848,24.93894478353301,3.6646978672291683
885,20,45,15,Mode,40,[   0   64  195  264  475  683  822  949 1017 1117 1180],10,211,63,118.0,79848.9750057499,35.59224152299127,-0.03670536208844273,46.25840790408058,5.140353535119154,0.08106817501774737,24.63752109550259,3.7259592099858128
886,20,45,15,Median,40,[   0   64  153  195  264  459  637  682  822  949 1017 1117 1180],12,195,42,98.33333333333333,53628.53055375137,32.290053966721594,-0.04988638936888368,38.78885728989462,5.234136881779593,0.06900913769993024,16.414846195853457,3.992824386141655
887,20,45,15,Mode,40,[   0   64  153  195  264  475  637  683  822  949 1017 1117 1180],12,211,42,98.33333333333333,53389.0205137823,32.251451166248614,-0.05023997737946559,38.77646635787346,5.253193629959065,0.06848921742469394,16.318207171047856,3.997667102425024
888,20,45,15,Median,40,[   0   64  153  195  264  459  637  682  822  906  949 1017 1117 1180],13,195,42,90.76923076923077,41227.99267122408,30.68014121338271,-0.050556348801024276,35.85542692698704,5.488961923949828,0.06764253407152736,13.733749087677888,4.208466999311333
889,20,45,15,Mode,40,[   0   64  153  195  264  475  637  683  822  949 1017 1117 1180],12,211,42,98.33333333333333,53389.0205137823,32.251451166248614,-0.05023997737946559,38.77646635787346,5.253193629959065,0.06848921742469394,16.318207171047856,3.997667102425024
890,20,45,15,Median,40,[   0   64  153  195  264  459  637  682  822  908  949 1017 1117 1180],13,195,41,90.76923076923077,41146.46036902585,30.679952583684624,-0.05052475131179791,35.84970637010728,5.486728409028311,0.06761361013553324,13.683210439610406,4.207683144647309
891,20,45,15,Mode,40,[   0   64  153  195  264  475  637  683  822  949 1017 1117 1180],12,211,42,98.33333333333333,53389.0205137823,32.251451166248614,-0.05023997737946559,38.77646635787346,5.253193629959065,0.06848921742469394,16.318207171047856,3.997667102425024
892,20,45,15,Median,40,[   0   64  153  195  264  459  637  682  822  906  949 1038 1117 1180],13,195,42,90.76923076923077,45654.80515706179,32.5787962939743,-0.04169614973192618,37.44287498168392,6.2995845710866885,0.07261127505444177,14.266696103379902,3.851810425806985
893,20,45,15,Mode,40,[   0   64  153  195  264  475  637  683  822  949 1038 1117 1180],12,211,42,98.33333333333333,57907.17487612567,34.46190196548448,-0.041483385568649195,40.500795911309936,6.128348848382548,0.07902458408535017,17.297568831895294,3.5899103618763792
894,20,45,15,Median,40,[   0   64  153  195  264  428  637  682  822  906  949 1038 1117 1180],13,209,42,90.76923076923077,45382.412307106955,32.50678836556628,-0.043324701656914794,37.398085660902574,6.347267884566081,0.07208406476166336,14.171245021843886,3.884735429366804
895,20,45,15,Mode,40,[   0   64  153  195  264  475  637  683  822  949 1038 1117 1180],12,211,42,98.33333333333333,57907.17487612567,34.46190196548448,-0.041483385568649195,40.500795911309936,6.128348848382548,0.07902458408535017,17.297568831895294,3.5899103618763792
896,20,45,20,Median,40,[   0  195  925 1180],3,730,195,393.3333333333333,241126.92778966264,35.666844796415916,0.02389677061722603,56.56754884072416,3.8643833669010057,0.06588172671545948,58.964912142070155,3.452483212729309
897,20,45,20,Mode,40,[   0  195  949 1180],3,754,195,393.3333333333333,212215.98262167556,34.23779031455388,0.019801344221855973,49.998376350826376,3.9855883351769634,0.05527267789021675,51.19968373259126,3.617330998578826
898,20,45,20,Median,40,[   0  195  767 1017 1180],4,572,163,295.0,277743.3629094997,40.50783870348817,0.03997759709133756,76.34975250487538,3.872094015471057,0.10352073833748426,78.33994912297862,3.121878345612341
899,20,45,20,Mode,40,[   0  195  822  949 1180],4,627,127,295.0,322581.97639606457,53.55817531184436,0.05209383258349825,89.4848401571475,2.930071051178526,0.15756556585820547,89.1308545853373,2.3224570128544477
900,20,45,20,Median,40,[   0  195  677  866 1038 1180],5,482,142,236.0,185388.7835145151,38.200339681899436,0.043192741785231664,68.70681951411842,3.8453456141237057,0.09462548378024993,54.63229474207897,3.1948230672430564
901,20,45,20,Mode,40,[   0  195  683  949 1180],4,488,195,295.0,336616.0188152737,45.991709935040454,0.05693810196527207,94.06378000423699,3.3371320573252223,0.1281981274343947,97.20268267226815,2.545201678021762
902,20,45,20,Median,40,[   0   60  243  677  866 1038 1180],6,434,60,196.66666666666666,188485.16472709706,42.137131363609214,-0.004902716529329028,63.867027480607405,4.339849960922959,0.10916867900084884,58.563381822063334,2.8638322850176263
903,20,45,20,Mode,40,[   0  195  683  949 1180],4,488,195,295.0,336616.0188152737,45.991709935040454,0.05693810196527207,94.06378000423699,3.3371320573252223,0.1281981274343947,97.20268267226815,2.545201678021762
904,20,45,20,Median,40,[   0   60  243  677  827  949 1180],6,434,60,196.66666666666666,202519.23161616843,48.26702303484136,0.00498042990683265,75.94863954557448,3.877623044237074,0.13507117493032825,62.11834667343133,2.2637482346622564
905,20,45,20,Mode,40,[   0  195  683  822  949 1180],5,488,127,236.0,195860.9928622418,44.984708449067476,0.04460023756902352,82.53273406481442,3.54293091414997,0.12132434244415152,56.66942043700757,2.4958772081092997
906,20,45,20,Median,40,[   0   60  243  677  827  949 1180],6,434,60,196.66666666666666,202519.23161616843,48.26702303484136,0.00498042990683265,75.94863954557448,3.877623044237074,0.13507117493032825,62.11834667343133,2.2637482346622564
907,20,45,20,Mode,40,[   0  195  683  822  949 1180],5,488,127,236.0,195860.9928622418,44.984708449067476,0.04460023756902352,82.53273406481442,3.54293091414997,0.12132434244415152,56.66942043700757,2.4958772081092997
908,20,45,20,Median,40,[   0   60  195  264  677  827  949 1180],7,413,60,168.57142857142858,137805.71896693902,43.946572260255756,-0.0086729174810749,66.55338696706504,3.70300815065467,0.1183910931502422,41.81013340670662,2.517966948930574
909,20,45,20,Mode,40,[   0  195  264  683  822  949 1180],6,419,69,196.66666666666666,128040.79585101726,38.71824951777091,0.006654793052699055,69.86047493126365,3.84305474025935,0.09114077464256623,36.33787579456947,3.0362321983685505
910,20,45,20,Median,40,[   0   60  195  264  618  681  827  949 1017 1117 1180],10,354,60,118.0,72187.00900661173,35.974756341270506,-0.02809218089907941,46.35872620749705,4.860453329193051,0.08595070386629672,22.077824203665553,3.60100342295569
911,20,45,20,Mode,40,[   0  195  264  637  683  822  949 1017 1117 1180],9,373,46,131.11111111111111,57822.537081423405,31.601208339853592,-0.026615850848233095,45.87057638704228,4.846234817882581,0.058079098870383185,16.151878830951365,3.9669082356381544
912,20,45,20,Median,40,[   0   60  195  264  380  618  682  827  949 1017 1117 1180],11,238,60,107.27272727272727,65102.348572382216,33.80529320509529,-0.0422479169037975,42.535725302574626,5.039581153881689,0.07681048525738537,20.054231741343926,3.879159629707897
913,20,45,20,Mode,40,[   0  195  264  380  637  683  822  949 1017 1117 1180],10,257,46,118.0,51490.63467042093,29.587453078353875,-0.04411235629780033,41.61339164527957,5.1258394313025075,0.05140492014690044,14.582408216798449,4.27744315375585
914,20,45,20,Median,40,[   0   60  195  264  380  618  682  822  949 1017 1117 1180],11,238,60,107.27272727272727,63750.931386068965,33.47784373733707,-0.04241231636827099,42.457828440564306,5.023843632651499,0.07500577025485908,19.66607130211095,3.893067620740588
915,20,45,20,Mode,40,[   0  195  264  380  637  683  822  949 1017 1117 1180],10,257,46,118.0,51490.63467042093,29.587453078353875,-0.04411235629780033,41.61339164527957,5.1258394313025075,0.05140492014690044,14.582408216798449,4.27744315375585
916,20,45,20,Median,40,[   0   64  195  264  380  618  682  827  949 1017 1117 1180],11,238,63,107.27272727272727,64891.58519070175,33.69754461753622,-0.041764319118893944,42.38662946634582,5.0463899958174405,0.07634466403996532,19.946401728251484,3.880847018724983
917,20,45,20,Mode,40,[   0   64  195  264  380  637  683  822  949 1017 1117 1180],11,257,46,107.27272727272727,61307.664117197564,33.17110557307294,-0.042940478923714824,42.275363261756674,4.962993112925527,0.0691842419924545,18.91024913740072,3.8605699252728094
918,20,45,20,Median,40,[   0   60  153  195  264  380  618  681  822  908  949 1017 1117 1180],13,238,41,90.76923076923077,42958.49060536293,31.158646073996902,-0.05576048205678748,36.15841592570738,5.345975768997315,0.07148717143219317,14.291893454106964,4.116426260640829
919,20,45,20,Mode,40,[   0  153  195  264  380  637  683  822  949 1017 1117 1180],11,257,42,107.27272727272727,53902.13189169681,32.70900037665819,-0.057289576739327795,39.448775234531986,5.267107794192641,0.06383498302195087,15.981120843212318,3.8668153536546073
920,20,45,20,Median,40,[   0   64  153  195  264  380  618  682  822  949 1017 1117 1180],12,238,42,98.33333333333333,55182.50348762317,32.64070820116849,-0.05458541907235393,38.96732334865751,5.085167761401373,0.07209918114486408,16.89028526732328,3.897866144794948
921,20,45,20,Mode,40,[   0   64  153  195  264  380  637  683  822  949 1017 1117 1180],12,257,42,98.33333333333333,53152.95449926777,32.45980858598208,-0.05559602784904447,38.93665455485855,5.022149642085403,0.06723035655851452,16.301201493125287,3.8667887952632536
922,20,45,20,Median,40,[   0   64  153  195  264  380  618  681  822  949 1017 1117 1180],12,238,42,98.33333333333333,55233.33420743325,32.64971190867962,-0.05451620881756985,38.97083876062244,5.095526668247383,0.0724579006967602,16.907322303102877,3.903446551125901
923,20,45,20,Mode,40,[   0   64  153  195  264  380  637  683  846  949 1017 1117 1180],12,257,42,98.33333333333333,54012.28272189912,33.14460507874603,-0.05668347915214642,38.56803873803577,4.946177054536007,0.07121040041662331,16.46334851908547,3.8364488148249762
924,20,50,10,Median,40,[   0  243  822 1180],3,579,243,393.3333333333333,417690.859714649,43.56379459148431,0.036460030467409664,96.73862212501771,3.482613455374123,0.11555109326248816,111.87356655197684,2.750515355158731
925,20,50,10,Mode,40,[   0  195  822 1180],3,627,195,393.3333333333333,409971.5214894222,43.91861128353439,0.04278487573878474,96.0265910024641,3.4833332189146247,0.11891818698526543,110.5382334303098,2.6845679899939645
926,20,50,10,Median,40,[   0  243  715  949 1180],4,472,231,295.0,342437.3298193887,46.80112294949735,0.04943117201039803,94.64615505567208,3.1612941536878596,0.12963499610341875,97.91778057620826,2.52325764362821
927,20,50,10,Mode,40,[   0  195  822  949 1180],4,627,127,295.0,322581.97639606457,53.55817531184436,0.05209383258349825,89.4848401571475,2.930071051178526,0.15756556585820547,89.1308545853373,2.3224570128544477
928,20,50,10,Median,40,[   0  243  681  822  949 1180],5,438,127,236.0,206646.94289093852,45.49044768977526,0.043258369456864294,84.66435005625767,3.6559399040258227,0.12451961953001633,60.62952056758479,2.4557699988662796
929,20,50,10,Mode,40,[   0  195  683  822  949 1180],5,488,127,236.0,195860.9928622418,44.984708449067476,0.04460023756902352,82.53273406481442,3.54293091414997,0.12132434244415152,56.66942043700757,2.4958772081092997
930,20,50,10,Median,40,[   0   87  250  681  822  949 1180],6,431,87,196.66666666666666,189881.7822039707,45.960294176523966,0.009297701551316952,74.12952678989123,3.95235284347112,0.12521470069365648,57.72788311326226,2.3964162003076668
931,20,50,10,Mode,40,[   0  153  195  683  822  949 1180],6,488,42,196.66666666666666,149673.0523944244,48.26283333456753,0.012308106742293002,69.80526902145162,3.7584306115686417,0.1263472355166776,43.547131307443536,2.30877453510852
932,20,50,10,Median,40,[   0   87  250  679  822  949 1180],6,429,87,196.66666666666666,190768.63228483772,46.00524060849795,0.009803778971015312,74.28967126659198,3.9268444348381393,0.12577352294837946,58.08268285861575,2.3957202114837575
933,20,50,10,Mode,40,[   0  153  195  683  822  949 1180],6,488,42,196.66666666666666,149673.0523944244,48.26283333456753,0.012308106742293002,69.80526902145162,3.7584306115686417,0.1263472355166776,43.547131307443536,2.30877453510852
934,20,50,10,Median,40,[   0   64  195  262  679  822  949 1038 1180],8,417,64,147.5,102967.01064836615,39.81847386348225,-0.012572787809813666,58.23341849939918,4.092035867707363,0.09774178670947346,31.88469912807677,2.9070621894310698
935,20,50,10,Mode,40,[   0   52  195  262  683  822  949 1180],7,421,52,168.57142857142858,131993.95461100576,43.739048471810435,-0.01155571541373159,66.59284131447876,3.6754354102710964,0.11637283077756672,40.17850719309991,2.5415635589837424
936,20,50,10,Median,40,[   0   64  195  262  679  822  949 1180],7,417,64,168.57142857142858,132173.05868240207,43.18718579951781,-0.007665683214077119,66.1203299950136,3.721238768211801,0.11454117031055118,40.07241854157003,2.5459186999308874
937,20,50,10,Mode,40,[   0   52  195  262  683  822  949 1180],7,421,52,168.57142857142858,131993.95461100576,43.739048471810435,-0.01155571541373159,66.59284131447876,3.6754354102710964,0.11637283077756672,40.17850719309991,2.5415635589837424
938,20,50,10,Median,40,[   0   64  195  262  618  683  822  949 1017 1117 1180],10,356,63,118.0,70168.53360703128,35.50048057063032,-0.02732091193114317,46.12162976989687,4.838646673501168,0.08268489517060101,21.42278283531928,3.599940957461927
939,20,50,10,Mode,40,[   0   52  195  262  637  683  822  949 1017 1117 1180],10,375,46,118.0,68312.47191607283,35.74386205505915,-0.03531251984835447,46.479170572436054,4.631838652759565,0.07860974116590422,20.96882548729606,3.534662825894914
940,20,50,10,Median,40,[   0   64  153  195  262  618  683  822  949 1017 1117 1180],11,356,42,107.27272727272727,60409.844743683934,34.49590603256161,-0.03996355860391876,42.05966206124411,4.914485290714158,0.07920855471487978,18.33655226094466,3.631587564285385
941,20,50,10,Mode,40,[   0   52  153  195  262  637  683  822  949 1017 1117 1180],11,375,42,107.27272727272727,59517.2020684002,34.96962551573646,-0.0484606665382287,42.46239458942006,4.705964822440494,0.07661512559522972,18.243212601398312,3.53665702427096
942,20,50,10,Median,40,[   0   64  153  195  262  637  683  822  949 1017 1117 1180],11,375,42,107.27272727272727,58222.034280014945,34.35769270068574,-0.044671390782339046,41.99500735936015,4.780929074360092,0.07411979928472101,17.662887160835094,3.5774881401210434
943,20,50,10,Mode,40,[   0   52  153  195  262  637  683  822  949 1017 1117 1180],11,375,42,107.27272727272727,59517.2020684002,34.96962551573646,-0.0484606665382287,42.46239458942006,4.705964822440494,0.07661512559522972,18.243212601398312,3.53665702427096
944,20,50,10,Median,40,[   0   64  153  195  262  637  683  822  887  949 1017 1117 1180],12,375,42,98.33333333333333,47679.55273836665,33.63219339006875,-0.04328594068867709,39.080871906098096,4.799804885403591,0.07744197677861057,15.32644807991194,3.634510004229916
945,20,50,10,Mode,40,[   0   52  153  195  262  637  683  822  866  949 1017 1117 1180],12,375,42,98.33333333333333,47467.206628069034,33.79633934880409,-0.04812003544515841,38.948596693556006,5.06575878354714,0.08202082591686587,15.691846737807879,3.8136134706667586
946,20,50,10,Median,40,[   0   64  153  195  262  637  682  822  887  949 1017 1117 1180],12,375,42,98.33333333333333,47630.05522111032,33.61112544514239,-0.04313530317125495,39.041081842014094,4.813398950036165,0.07772541091779607,15.306603247093712,3.643281326876337
947,20,50,10,Mode,40,[   0   52  153  195  262  637  683  822  866  949 1017 1117 1180],12,375,42,98.33333333333333,47467.206628069034,33.79633934880409,-0.04812003544515841,38.948596693556006,5.06575878354714,0.08202082591686587,15.691846737807879,3.8136134706667586
948,20,50,10,Median,40,[   0   64  153  195  262  637  682  854  897  949 1017 1117 1180],12,375,42,98.33333333333333,48426.98406283094,35.58825912830734,-0.04470073901227193,38.51675303113857,4.657404369863357,0.08577246331042293,15.374998873621081,3.487690220740078
949,20,50,10,Mode,40,[   0   52  153  195  262  637  683  846  887  949 1017 1117 1180],12,375,41,98.33333333333333,52744.15667923118,36.950463124376256,-0.046859131115568435,39.90068948595292,4.6074706897191495,0.09329176441812546,16.83810497040921,3.413427599844147
950,20,50,10,Median,40,[   0   64  153  195  262  637  682  854  897  949 1038 1117 1180],12,375,42,98.33333333333333,53806.15008531758,37.883357459411805,-0.0357664897197056,40.23487274079001,5.539453584619072,0.0930189673587532,16.290183015245837,3.0969783810785256
951,20,50,10,Mode,40,[   0   52  153  195  262  637  683  846  887  949 1038 1117 1180],12,375,41,98.33333333333333,58359.67531035739,39.362898696588566,-0.03811223196762049,41.65203037812546,5.486069278541411,0.10139508468938717,17.77033110755837,3.013228215343733
952,20,50,15,Median,40,[   0  199  887 1180],3,688,199,393.3333333333333,266963.4607689398,36.732973118148145,0.025420952411596406,61.37894228166104,3.7597652277636553,0.0737842364926023,65.84471174672368,3.2888112207201283
953,20,50,15,Mode,40,[   0  195  949 1180],3,754,195,393.3333333333333,212215.98262167556,34.23779031455388,0.019801344221855973,49.998376350826376,3.9855883351769634,0.05527267789021675,51.19968373259126,3.617330998578826
954,20,50,15,Median,40,[   0  195  727 1017 1180],4,532,163,295.0,300911.363938158,41.05108630365557,0.044412417756489644,81.66362800038783,3.9396169972818456,0.10999133285929645,86.60966253495599,3.088506704305477
955,20,50,15,Mode,40,[   0  195  822  949 1180],4,627,127,295.0,322581.97639606457,53.55817531184436,0.05209383258349825,89.4848401571475,2.930071051178526,0.15756556585820547,89.1308545853373,2.3224570128544477
956,20,50,15,Median,40,[   0  195  677  822 1017 1180],5,482,145,236.0,149654.5329472725,36.522590378899764,0.03203187907492652,69.55519611991096,3.885303736538424,0.08466860597021886,45.04349174058009,3.1586208893722345
957,20,50,15,Mode,40,[   0  195  683  822  949 1180],5,488,127,236.0,195860.9928622418,44.984708449067476,0.04460023756902352,82.53273406481442,3.54293091414997,0.12132434244415152,56.66942043700757,2.4958772081092997
958,20,50,15,Median,40,[   0   64  250  677  822 1017 1180],6,427,64,196.66666666666666,156959.42619848237,40.17563890610779,-0.008134114169879768,64.12612014908883,4.16134882536411,0.09904155676118462,50.05793697937126,2.855611080627378
959,20,50,15,Mode,40,[   0  153  195  683  822  949 1180],6,488,42,196.66666666666666,149673.0523944244,48.26283333456753,0.012308106742293002,69.80526902145162,3.7584306115686417,0.1263472355166776,43.547131307443536,2.30877453510852
960,20,50,15,Median,40,[   0   64  250  677  822  949 1180],6,427,64,196.66666666666666,195858.57360306167,47.03025530000858,0.005460834636326777,75.34331384459402,3.8747591662540093,0.12929641337433387,59.98210862231974,2.322439621960579
961,20,50,15,Mode,40,[   0  153  195  683  822  949 1180],6,488,42,196.66666666666666,149673.0523944244,48.26283333456753,0.012308106742293002,69.80526902145162,3.7584306115686417,0.1263472355166776,43.547131307443536,2.30877453510852
962,20,50,15,Median,40,[   0   64  250  677  822  949 1180],6,427,64,196.66666666666666,195858.57360306167,47.03025530000858,0.005460834636326777,75.34331384459402,3.8747591662540093,0.12929641337433387,59.98210862231974,2.322439621960579
963,20,50,15,Mode,40,[   0  153  195  683  822  949 1180],6,488,42,196.66666666666666,149673.0523944244,48.26283333456753,0.012308106742293002,69.80526902145162,3.7584306115686417,0.1263472355166776,43.547131307443536,2.30877453510852
964,20,50,15,Median,40,[   0   60  195  263  677  822  949 1180],7,414,60,168.57142857142858,133224.83297419848,43.37979915910489,-0.008902518935386359,66.40291854773272,3.680974557538903,0.11557859109901669,40.466783177721474,2.5443927437169567
965,20,50,15,Mode,40,[   0   64  195  264  683  822  949 1180],7,419,64,168.57142857142858,131644.15139887892,43.16920426906652,-0.00832293167655527,66.00785249568223,3.744501449285592,0.11415033530254533,39.92503273261142,2.5483119767947007
966,20,50,15,Median,40,[   0   60  195  263  637  683  822  949 1017 1117 1180],10,374,46,118.0,68049.507906496,35.4524582408286,-0.03317033197894595,46.20577817635614,4.6684856615605845,0.07745465678146049,20.825060389716896,3.539721610169716
967,20,50,15,Mode,40,[   0   64  195  264  637  683  822  949 1017 1117 1180],10,373,46,118.0,68026.80286550829,35.35929386048592,-0.03211157687273648,46.08270588580724,4.687679433406326,0.07709232550727847,20.786205341159118,3.538219639336743
968,20,50,15,Median,40,[   0   60  195  263  475  683  822  949 1017 1117 1180],10,212,60,118.0,79923.23284327403,35.69425537042152,-0.03757111168662459,46.392532012844285,5.113566899068018,0.08147031856409982,24.692306658400614,3.7233538957175987
969,20,50,15,Mode,40,[   0   64  195  264  475  683  822  949 1017 1117 1180],10,211,63,118.0,79848.9750057499,35.59224152299127,-0.03670536208844273,46.25840790408058,5.140353535119154,0.08106817501774737,24.63752109550259,3.7259592099858128
970,20,50,15,Median,40,[   0   60  153  195  263  475  637  683  822  949 1017 1117 1180],12,212,42,98.33333333333333,53717.44245386313,32.41318768368612,-0.0511907009316046,38.904615980457166,5.223508930727512,0.06918881399779366,16.465066405497147,3.9842312543004126
971,20,50,15,Mode,40,[   0   64  153  195  264  475  637  683  822  949 1017 1117 1180],12,211,42,98.33333333333333,53389.0205137823,32.251451166248614,-0.05023997737946559,38.77646635787346,5.253193629959065,0.06848921742469394,16.318207171047856,3.997667102425024
972,20,50,15,Median,40,[   0   60  153  195  263  475  637  683  822  897  949 1017 1117 1180],13,212,42,90.76923076923077,42536.39265517567,31.197808296591983,-0.05032449148566788,36.24206102831285,5.2680447081836475,0.06906740847824584,13.893967630880574,4.076596379424601
973,20,50,15,Mode,40,[   0   64  153  195  264  475  637  683  822  949 1017 1117 1180],12,211,42,98.33333333333333,53389.0205137823,32.251451166248614,-0.05023997737946559,38.77646635787346,5.253193629959065,0.06848921742469394,16.318207171047856,3.997667102425024
974,20,50,15,Median,40,[   0   60  153  195  263  475  637  682  822  897  949 1017 1117 1180],13,212,42,90.76923076923077,42490.77306664273,31.171370411206585,-0.05036340821249001,36.20537189128485,5.277205652120271,0.06922433986422716,13.876286577022846,4.087072300927413
975,20,50,15,Mode,40,[   0   64  153  195  264  475  637  683  822  949 1017 1117 1180],12,211,42,98.33333333333333,53389.0205137823,32.251451166248614,-0.05023997737946559,38.77646635787346,5.253193629959065,0.06848921742469394,16.318207171047856,3.997667102425024
976,20,50,15,Median,40,[   0   60  153  195  263  475  637  682  822  897  949 1038 1117 1180],13,212,42,90.76923076923077,47421.67525392215,33.27521054805234,-0.04156197094145702,37.801228016111764,6.088088227055877,0.07586696857519658,14.715205373512205,3.7289197812376553
977,20,50,15,Mode,40,[   0   64  153  195  264  475  637  683  822  949 1038 1117 1180],12,211,42,98.33333333333333,57907.17487612567,34.46190196548448,-0.041483385568649195,40.500795911309936,6.128348848382548,0.07902458408535017,17.297568831895294,3.5899103618763792
978,20,50,15,Median,40,[   0   64  153  195  263  475  637  682  822  897  949 1038 1117 1180],13,212,42,90.76923076923077,47054.03293322441,33.12430042198266,-0.040597514375580325,37.656508575672284,6.110662648309932,0.07515964091164289,14.551078348176837,3.738381213252824
979,20,50,15,Mode,40,[   0   64  153  195  264  475  637  683  822  949 1038 1117 1180],12,211,42,98.33333333333333,57907.17487612567,34.46190196548448,-0.041483385568649195,40.500795911309936,6.128348848382548,0.07902458408535017,17.297568831895294,3.5899103618763792
980,20,50,20,Median,40,[   0  195  938 1180],3,743,195,393.3333333333333,223779.8415552971,34.78719735332983,0.021463064685702787,52.57674021452289,3.935289423586085,0.058990665131483794,54.23773323502246,3.548275228579496
981,20,50,20,Mode,40,[   0  195  949 1180],3,754,195,393.3333333333333,212215.98262167556,34.23779031455388,0.019801344221855973,49.998376350826376,3.9855883351769634,0.05527267789021675,51.19968373259126,3.617330998578826
982,20,50,20,Median,40,[   0  195  735 1017 1180],4,540,163,295.0,301045.98655901704,41.17885374002847,0.04466857266223586,82.00377686245426,3.9032781673488706,0.11025655479486439,86.65009373654006,3.0793477581410467
983,20,50,20,Mode,40,[   0  195  822  949 1180],4,627,127,295.0,322581.97639606457,53.55817531184436,0.05209383258349825,89.4848401571475,2.930071051178526,0.15756556585820547,89.1308545853373,2.3224570128544477
984,20,50,20,Median,40,[   0  195  677  866 1038 1180],5,482,142,236.0,185388.7835145151,38.200339681899436,0.043192741785231664,68.70681951411842,3.8453456141237057,0.09462548378024993,54.63229474207897,3.1948230672430564
985,20,50,20,Mode,40,[   0  195  683  949 1180],4,488,195,295.0,336616.0188152737,45.991709935040454,0.05693810196527207,94.06378000423699,3.3371320573252223,0.1281981274343947,97.20268267226815,2.545201678021762
986,20,50,20,Median,40,[   0   60  243  677  866 1038 1180],6,434,60,196.66666666666666,188485.16472709706,42.137131363609214,-0.004902716529329028,63.867027480607405,4.339849960922959,0.10916867900084884,58.563381822063334,2.8638322850176263
987,20,50,20,Mode,40,[   0  195  683  949 1180],4,488,195,295.0,336616.0188152737,45.991709935040454,0.05693810196527207,94.06378000423699,3.3371320573252223,0.1281981274343947,97.20268267226815,2.545201678021762
988,20,50,20,Median,40,[   0   60  243  677  822  949 1180],6,434,60,196.66666666666666,197542.19290578182,47.64373741705567,0.004123125067217536,75.84025670784716,3.812704576562462,0.13200447470353224,60.69486017200554,2.2906181147851257
989,20,50,20,Mode,40,[   0  195  683  822  949 1180],5,488,127,236.0,195860.9928622418,44.984708449067476,0.04460023756902352,82.53273406481442,3.54293091414997,0.12132434244415152,56.66942043700757,2.4958772081092997
990,20,50,20,Median,40,[   0   60  243  677  822  949 1180],6,434,60,196.66666666666666,197542.19290578182,47.64373741705567,0.004123125067217536,75.84025670784716,3.812704576562462,0.13200447470353224,60.69486017200554,2.2906181147851257
991,20,50,20,Mode,40,[   0  195  683  822  949 1180],5,488,127,236.0,195860.9928622418,44.984708449067476,0.04460023756902352,82.53273406481442,3.54293091414997,0.12132434244415152,56.66942043700757,2.4958772081092997
992,20,50,20,Median,40,[   0   60  195  264  677  822  949 1180],7,413,60,168.57142857142858,133598.08908178777,43.423853183985216,-0.008867509964189692,66.46081681241436,3.6749751661640224,0.11583567486614245,40.60662760924128,2.540194345637707
993,20,50,20,Mode,40,[   0  195  264  683  822  949 1180],6,419,69,196.66666666666666,128040.79585101726,38.71824951777091,0.006654793052699055,69.86047493126365,3.84305474025935,0.09114077464256623,36.33787579456947,3.0362321983685505
994,20,50,20,Median,40,[   0   60  195  264  618  682  822  949 1017 1117 1180],10,354,60,118.0,70674.35367675095,35.61540015430516,-0.028448578013592334,46.27337466832959,4.826289656755682,0.08354249198541515,21.643021305949816,3.6055103704674982
995,20,50,20,Mode,40,[   0  195  264  637  683  822  949 1017 1117 1180],9,373,46,131.11111111111111,57822.537081423405,31.601208339853592,-0.026615850848233095,45.87057638704228,4.846234817882581,0.058079098870383185,16.151878830951365,3.9669082356381544
996,20,50,20,Median,40,[   0   60  195  264  380  618  682  822  949 1017 1117 1180],11,238,60,107.27272727272727,63750.931386068965,33.47784373733707,-0.04241231636827099,42.457828440564306,5.023843632651499,0.07500577025485908,19.66607130211095,3.893067620740588
997,20,50,20,Mode,40,[   0  195  264  380  637  683  822  949 1017 1117 1180],10,257,46,118.0,51490.63467042093,29.587453078353875,-0.04411235629780033,41.61339164527957,5.1258394313025075,0.05140492014690044,14.582408216798449,4.27744315375585
998,20,50,20,Median,40,[   0   60  195  264  380  618  682  822  949 1017 1117 1180],11,238,60,107.27272727272727,63750.931386068965,33.47784373733707,-0.04241231636827099,42.457828440564306,5.023843632651499,0.07500577025485908,19.66607130211095,3.893067620740588
999,20,50,20,Mode,40,[   0  195  264  380  637  683  822  949 1017 1117 1180],10,257,46,118.0,51490.63467042093,29.587453078353875,-0.04411235629780033,41.61339164527957,5.1258394313025075,0.05140492014690044,14.582408216798449,4.27744315375585
1000,20,50,20,Median,40,[   0   64  195  264  380  618  682  822  949 1017 1117 1180],11,238,63,107.27272727272727,63540.1680043885,33.370095149778,-0.0419225980113415,42.308878190720456,5.031232847255828,0.07453994903743902,19.558241289018508,3.8947550097576746
1001,20,50,20,Mode,40,[   0   64  195  264  380  637  683  822  949 1017 1117 1180],11,257,46,107.27272727272727,61307.664117197564,33.17110557307294,-0.042940478923714824,42.275363261756674,4.962993112925527,0.0691842419924545,18.91024913740072,3.8605699252728094
1002,20,50,20,Median,40,[   0   64  153  195  264  380  618  682  822  908  949 1017 1117 1180],13,238,41,90.76923076923077,42570.93555840833,31.001385631927622,-0.05522378101526815,36.013958630041266,5.349218451756109,0.07044614996005595,14.119029588457737,4.1206380900794946
1003,20,50,20,Mode,40,[   0   64  153  195  264  380  637  683  822  949 1017 1117 1180],12,257,42,98.33333333333333,53152.95449926777,32.45980858598208,-0.05559602784904447,38.93665455485855,5.022149642085403,0.06723035655851452,16.301201493125287,3.8667887952632536
1004,20,50,20,Median,40,[   0   64  153  195  264  380  618  682  822  949 1017 1117 1180],12,238,42,98.33333333333333,55182.50348762317,32.64070820116849,-0.05458541907235393,38.96732334865751,5.085167761401373,0.07209918114486408,16.89028526732328,3.897866144794948
1005,20,50,20,Mode,40,[   0   64  153  195  264  380  637  683  822  949 1017 1117 1180],12,257,42,98.33333333333333,53152.95449926777,32.45980858598208,-0.05559602784904447,38.93665455485855,5.022149642085403,0.06723035655851452,16.301201493125287,3.8667887952632536
1006,20,50,20,Median,40,[   0   64  153  195  264  380  618  681  822  949 1017 1117 1180],12,238,42,98.33333333333333,55233.33420743325,32.64971190867962,-0.05451620881756985,38.97083876062244,5.095526668247383,0.0724579006967602,16.907322303102877,3.903446551125901
1007,20,50,20,Mode,40,[   0   64  153  195  264  380  637  683  846  949 1017 1117 1180],12,257,42,98.33333333333333,54012.28272189912,33.14460507874603,-0.05668347915214642,38.56803873803577,4.946177054536007,0.07121040041662331,16.46334851908547,3.8364488148249762
1008,60,35,10,Median,40,[   0  243  822 1180],3,579,243,393.3333333333333,417690.859714649,43.56379459148431,0.036460030467409664,96.73862212501771,3.482613455374123,0.11555109326248816,111.87356655197684,2.750515355158731
1009,60,35,10,Mode,40,[   0  264  822 1180],3,558,264,393.3333333333333,416507.29678830656,43.25459503041477,0.033008735452402044,96.19057204378913,3.4814464528821762,0.11309780403821426,110.87811786266258,2.7987314045218867
1010,60,35,10,Median,40,[   0  243  682  887 1180],4,439,205,295.0,279877.8001385915,42.89079796261868,0.04591991070261653,88.55596107464494,3.6724123612794344,0.12082175229546781,82.3027724020292,2.875326498379304
1011,60,35,10,Mode,40,[   0  264  683  822 1180],4,419,139,295.0,179092.42010504648,36.96568309925049,0.027097177683389206,85.24792970619852,4.2040228903280825,0.08825479582161794,57.1347479119502,3.123885573382962
1012,60,35,10,Median,40,[   0  243  682  822  949 1180],5,439,127,236.0,206152.541756763,45.465752597005434,0.04339990131665173,84.59106389183418,3.6714205366605492,0.12435681867307441,60.46312827718396,2.458190839913822
1013,60,35,10,Mode,40,[   0  264  683  822  949 1180],5,419,127,236.0,208074.16527521776,45.571259490627654,0.0417235058017889,84.88850795777067,3.695811798648952,0.12506701181819221,61.171532361415046,2.4512257309953935
1014,60,35,10,Median,40,[   0   80  264  682  822  949 1180],6,418,80,196.66666666666666,187615.84555294004,45.31293810785603,0.011128669275711914,73.61827057720834,4.061469698948241,0.1226091269063611,56.87965415839214,2.435406964003628
1015,60,35,10,Mode,40,[   0   64  264  683  822  949 1180],6,419,64,196.66666666666666,191969.29160538752,46.36762368938688,0.005604452370810502,74.66800033918474,4.007167103891509,0.12574937771932032,58.47821704053924,2.3559920600043704
1016,60,35,10,Median,40,[   0   80  264  682  822  949 1180],6,418,80,196.66666666666666,187615.84555294004,45.31293810785603,0.011128669275711914,73.61827057720834,4.061469698948241,0.1226091269063611,56.87965415839214,2.435406964003628
1017,60,35,10,Mode,40,[   0   64  264  683  822  949 1180],6,419,64,196.66666666666666,191969.29160538752,46.36762368938688,0.005604452370810502,74.66800033918474,4.007167103891509,0.12574937771932032,58.47821704053924,2.3559920600043704
1018,60,35,10,Median,40,[   0   80  264  682  822  949 1180],6,418,80,196.66666666666666,187615.84555294004,45.31293810785603,0.011128669275711914,73.61827057720834,4.061469698948241,0.1226091269063611,56.87965415839214,2.435406964003628
1019,60,35,10,Mode,40,[   0   64  264  683  822  949 1180],6,419,64,196.66666666666666,191969.29160538752,46.36762368938688,0.005604452370810502,74.66800033918474,4.007167103891509,0.12574937771932032,58.47821704053924,2.3559920600043704
1020,60,35,10,Median,40,[   0   80  195  264  682  822  949 1180],7,418,69,168.57142857142858,131860.41822397904,43.03374258967715,-0.005244636041366141,65.5531961295879,3.885519526813885,0.11488650014911822,40.0251538121623,2.5351282996351507
1021,60,35,10,Mode,40,[   0   64  195  264  683  822  949 1040 1180],8,419,64,147.5,102419.06204953653,39.752001820580915,-0.012892475678044926,58.186384427777554,4.091663264524918,0.09737473373694264,31.73689222077163,2.9070581968179736
1022,60,35,10,Median,40,[   0   80  195  264  618  682  822  949 1040 1117 1180],10,354,63,118.0,76430.48343791228,38.26894134580138,-0.01477848567397836,48.04047448010841,6.085128897949632,0.09727935382553392,22.9049753306266,3.0855056923613144
1023,60,35,10,Mode,40,[   0   64  195  264  683  822  949 1040 1117 1180],9,419,63,131.11111111111111,100676.23921237323,41.72227270471936,-0.015648086088982483,53.603734774239115,5.637000879124519,0.10426430608925136,30.77239735874242,2.644774923876459
1024,60,35,10,Median,40,[   0   80  195  264  618  682  822  897  949 1040 1117 1180],11,354,52,107.27272727272727,61711.86686594264,36.32392535050738,-0.015520185025785891,43.93615088501852,6.15129250248778,0.09062159882679224,19.101484471563744,3.306553357670593
1025,60,35,10,Mode,40,[   0   64  195  264  683  822  897  949 1040 1117 1180],10,419,52,118.0,81660.28130137341,39.17800532442114,-0.017117379090370886,48.422313065461935,5.746054454481433,0.09607629632964924,25.67955822147537,2.939112853034747
1026,60,35,10,Median,40,[   0   80  195  264  618  682  822  897  949 1040 1117 1180],11,354,52,107.27272727272727,61711.86686594264,36.32392535050738,-0.015520185025785891,43.93615088501852,6.15129250248778,0.09062159882679224,19.101484471563744,3.306553357670593
1027,60,35,10,Mode,40,[   0   64  195  264  618  683  822  897  949 1040 1117 1180],11,354,52,107.27272727272727,61714.0199268502,36.42066831495522,-0.019502855726363774,44.244687596572,6.040702701915619,0.08987928855041598,19.08026055680223,3.306225113542984
1028,60,35,10,Median,40,[   0   80  195  264  618  682  822  897  949 1040 1117 1180],11,354,52,107.27272727272727,61711.86686594264,36.32392535050738,-0.015520185025785891,43.93615088501852,6.15129250248778,0.09062159882679224,19.101484471563744,3.306553357670593
1029,60,35,10,Mode,40,[   0   64  195  264  618  683  822  897  949 1040 1117 1180],11,354,52,107.27272727272727,61714.0199268502,36.42066831495522,-0.019502855726363774,44.244687596572,6.040702701915619,0.08987928855041598,19.08026055680223,3.306225113542984
1030,60,35,10,Median,40,[   0   80  195  264  618  682  822  897  949 1040 1117 1180],11,354,52,107.27272727272727,61711.86686594264,36.32392535050738,-0.015520185025785891,43.93615088501852,6.15129250248778,0.09062159882679224,19.101484471563744,3.306553357670593
1031,60,35,10,Mode,40,[   0   64  195  264  618  683  822  897  949 1040 1117 1180],11,354,52,107.27272727272727,61714.0199268502,36.42066831495522,-0.019502855726363774,44.244687596572,6.040702701915619,0.08987928855041598,19.08026055680223,3.306225113542984
1032,60,35,10,Median,40,[   0   80  195  264  618  682  822  897  949 1040 1117 1180],11,354,52,107.27272727272727,61711.86686594264,36.32392535050738,-0.015520185025785891,43.93615088501852,6.15129250248778,0.09062159882679224,19.101484471563744,3.306553357670593
1033,60,35,10,Mode,40,[   0   64  195  264  618  683  822  897  949 1040 1117 1180],11,354,52,107.27272727272727,61714.0199268502,36.42066831495522,-0.019502855726363774,44.244687596572,6.040702701915619,0.08987928855041598,19.08026055680223,3.306225113542984
1034,60,35,10,Median,40,[   0   64  195  264  618  682  822  897  949 1040 1117 1180],11,354,52,107.27272727272727,61676.53679670417,36.40755718815042,-0.01946152807189869,44.2047077438385,6.05706840344944,0.09016689752311036,19.06489779075035,3.3140342754572716
1035,60,35,10,Mode,40,[   0   64  195  264  618  683  822  897  949 1040 1117 1180],11,354,52,107.27272727272727,61714.0199268502,36.42066831495522,-0.019502855726363774,44.244687596572,6.040702701915619,0.08987928855041598,19.08026055680223,3.306225113542984
1036,60,35,15,Median,40,[   0  243  822 1180],3,579,243,393.3333333333333,417690.859714649,43.56379459148431,0.036460030467409664,96.73862212501771,3.482613455374123,0.11555109326248816,111.87356655197684,2.750515355158731
1037,60,35,15,Mode,40,[   0  264  949 1180],3,685,231,393.3333333333333,207708.15611469495,32.671926308806604,0.010630282991190006,48.65484911576699,4.511419506788704,0.0502323912654335,49.14594745241524,3.9958883733008532
1038,60,35,15,Median,40,[   0  243  683  949 1180],4,440,231,295.0,353575.48195623007,46.63657984034702,0.0525017673334793,96.69555221942159,3.2970882702178423,0.13103434110037526,102.6862741622865,2.5223678772954017
1039,60,35,15,Mode,40,[   0  264  822  949 1180],4,558,127,295.0,326615.8112564256,53.04644149019836,0.041301738330205416,89.606639361711,3.047720397146463,0.15393226045987016,89.47999939413474,2.4104047835235156
1040,60,35,15,Median,40,[   0  243  681  822  949 1180],5,438,127,236.0,206646.94289093852,45.49044768977526,0.043258369456864294,84.66435005625767,3.6559399040258227,0.12451961953001633,60.62952056758479,2.4557699988662796
1041,60,35,15,Mode,40,[   0  264  683  822  949 1180],5,419,127,236.0,208074.16527521776,45.571259490627654,0.0417235058017889,84.88850795777067,3.695811798648952,0.12506701181819221,61.171532361415046,2.4512257309953935
1042,60,35,15,Median,40,[   0   64  264  681  822  949 1180],6,417,64,196.66666666666666,192629.27113326365,46.39631181753208,0.005418914435597091,74.69347294326636,3.991962186313838,0.12590626702365573,58.6744942297669,2.353595125066419
1043,60,35,15,Mode,40,[   0   64  264  683  822  949 1180],6,419,64,196.66666666666666,191969.29160538752,46.36762368938688,0.005604452370810502,74.66800033918474,4.007167103891509,0.12574937771932032,58.47821704053924,2.3559920600043704
1044,60,35,15,Median,40,[   0   64  264  681  822  949 1180],6,417,64,196.66666666666666,192629.27113326365,46.39631181753208,0.005418914435597091,74.69347294326636,3.991962186313838,0.12590626702365573,58.6744942297669,2.353595125066419
1045,60,35,15,Mode,40,[   0   64  264  683  822  949 1180],6,419,64,196.66666666666666,191969.29160538752,46.36762368938688,0.005604452370810502,74.66800033918474,4.007167103891509,0.12574937771932032,58.47821704053924,2.3559920600043704
1046,60,35,15,Median,40,[   0   64  195  264  681  822  949 1040 1180],8,417,64,147.5,102811.10165187878,39.76920620708581,-0.012925768056665756,58.20537101638417,4.091608872474686,0.09745411803598784,31.86110704772548,2.9047940108541246
1047,60,35,15,Mode,40,[   0   64  195  264  683  822  949 1180],7,419,64,168.57142857142858,131644.15139887892,43.16920426906652,-0.00832293167655527,66.00785249568223,3.744501449285592,0.11415033530254533,39.92503273261142,2.5483119767947007
1048,60,35,15,Median,40,[   0   64  195  264  681  822  949 1040 1117 1180],9,417,63,131.11111111111111,101019.27386442269,41.73732654291115,-0.015683187154375267,53.62079724706101,5.6369525306354245,0.10433376735091592,30.881085332327036,2.642793761158091
1049,60,35,15,Mode,40,[   0   64  195  264  683  822  949 1040 1117 1180],9,419,63,131.11111111111111,100676.23921237323,41.72227270471936,-0.015648086088982483,53.603734774239115,5.637000879124519,0.10426430608925136,30.77239735874242,2.644774923876459
1050,60,35,15,Median,40,[   0   64  195  264  618  682  822  949 1040 1117 1180],10,354,63,118.0,76391.22780542508,38.36186560984921,-0.01799242681659807,48.33639441982131,5.990021580525019,0.09677413015477626,22.864323463056163,3.093817823235402
1051,60,35,15,Mode,40,[   0   64  195  264  618  683  822  949 1040 1117 1180],10,354,63,118.0,76400.84236168078,38.375868540835214,-0.018033562724975378,48.38044740625991,5.972019308837815,0.09646896302792529,22.87397338274259,3.0853816499031983
1052,60,35,15,Median,40,[   0   64  195  264  618  682  822  887  949 1040 1117 1180],11,354,62,107.27272727272727,64196.88854028317,37.390943919775594,-0.01976470864744295,44.51556103704798,5.9400325145367185,0.09540564774348087,19.713709993537385,3.2145462607783153
1053,60,35,15,Mode,40,[   0   64  195  264  618  683  822  887  949 1040 1117 1180],11,354,62,107.27272727272727,64230.902557874775,37.40280582219343,-0.019805733280426008,44.55569534096944,5.923159508079413,0.09510746866920904,19.727719459509164,3.2067039148141774
1054,60,35,15,Median,40,[   0   64  195  264  475  618  682  822  887  949 1040 1117 1180],12,211,62,98.33333333333333,58714.7130400596,35.132631534975246,-0.03016934582577931,41.06403937491923,6.1526926684483145,0.08683033525626684,18.0973912233116,3.601901888175908
1055,60,35,15,Mode,40,[   0   64  195  264  475  683  822  887  949 1040 1117 1180],11,211,62,107.27272727272727,72690.17203502417,37.4771090036826,-0.029051179900219094,44.65468798804229,6.200167804938604,0.09362105502989397,22.521914355481318,3.321013037362558
1056,60,35,15,Median,40,[   0   64  195  264  475  618  682  735  822  887  949 1040 1117 1180],13,211,53,90.76923076923077,49037.558091508334,32.78828335137052,-0.032921933069092385,37.99196616165097,6.3199241784465,0.0767030703846446,15.24188215662213,3.890897273913246
1057,60,35,15,Mode,40,[   0   64  195  264  475  683  822  887  949 1040 1117 1180],11,211,62,107.27272727272727,72690.17203502417,37.4771090036826,-0.029051179900219094,44.65468798804229,6.200167804938604,0.09362105502989397,22.521914355481318,3.321013037362558
1058,60,35,15,Median,40,[   0   64  195  264  475  618  682  735  822  887  949 1040 1117 1180],13,211,53,90.76923076923077,49037.558091508334,32.78828335137052,-0.032921933069092385,37.99196616165097,6.3199241784465,0.0767030703846446,15.24188215662213,3.890897273913246
1059,60,35,15,Mode,40,[   0   64  195  264  475  683  822  887  949 1040 1117 1180],11,211,62,107.27272727272727,72690.17203502417,37.4771090036826,-0.029051179900219094,44.65468798804229,6.200167804938604,0.09362105502989397,22.521914355481318,3.321013037362558
1060,60,35,15,Median,40,[   0   64  195  264  475  618  682  735  822  887  949 1040 1117 1180],13,211,53,90.76923076923077,49037.558091508334,32.78828335137052,-0.032921933069092385,37.99196616165097,6.3199241784465,0.0767030703846446,15.24188215662213,3.890897273913246
1061,60,35,15,Mode,40,[   0   64  195  264  475  618  683  735  822  887  949 1040 1117 1180],13,211,52,90.76923076923077,49070.46250458673,32.80473816056378,-0.03288023335438708,38.008347935517826,6.329804613855473,0.07684438331529363,15.251329609425403,3.8903557813429455
1062,60,35,15,Median,40,[   0   64  195  264  475  618  682  735  822  887  949 1040 1117 1180],13,211,53,90.76923076923077,49037.558091508334,32.78828335137052,-0.032921933069092385,37.99196616165097,6.3199241784465,0.0767030703846446,15.24188215662213,3.890897273913246
1063,60,35,15,Mode,40,[   0   64  195  264  475  618  683  735  822  887  949 1040 1117 1180],13,211,52,90.76923076923077,49070.46250458673,32.80473816056378,-0.03288023335438708,38.008347935517826,6.329804613855473,0.07684438331529363,15.251329609425403,3.8903557813429455
1064,60,35,20,Median,40,[   0  221  827 1180],3,606,221,393.3333333333333,405434.5937050416,43.40400840879691,0.03599659045964422,94.08455246635079,3.4763095461178217,0.11381937186772831,108.28873075566213,2.7326466300078884
1065,60,35,20,Mode,40,[   0  195  949 1180],3,754,195,393.3333333333333,212215.98262167556,34.23779031455388,0.019801344221855973,49.998376350826376,3.9855883351769634,0.05527267789021675,51.19968373259126,3.617330998578826
1066,60,35,20,Median,40,[   0  221  685  949 1180],4,464,221,295.0,348069.3623159494,46.49215201822924,0.053906622693078075,96.11073665386527,3.3107591262174445,0.13017501633795772,100.7179188789574,2.5221085036882847
1067,60,35,20,Mode,40,[   0  195  822  949 1180],4,627,127,295.0,322581.97639606457,53.55817531184436,0.05209383258349825,89.4848401571475,2.930071051178526,0.15756556585820547,89.1308545853373,2.3224570128544477
1068,60,35,20,Median,40,[   0  221  681  822  949 1180],5,460,127,236.0,204187.96159523542,45.41554314550972,0.04409895407237647,84.41962218266096,3.5669978376906615,0.12348065453313786,59.62025219577867,2.461635404171645
1069,60,35,20,Mode,40,[   0  195  683  822  949 1180],5,488,127,236.0,195860.9928622418,44.984708449067476,0.04460023756902352,82.53273406481442,3.54293091414997,0.12132434244415152,56.66942043700757,2.4958772081092997
1070,60,35,20,Median,40,[   0   64  264  681  822  949 1180],6,417,64,196.66666666666666,192629.27113326365,46.39631181753208,0.005418914435597091,74.69347294326636,3.991962186313838,0.12590626702365573,58.6744942297669,2.353595125066419
1071,60,35,20,Mode,40,[   0   64  195  683  822  949 1180],6,488,64,196.66666666666666,194575.0470693141,49.16831703769911,-0.0011196906700416155,75.14389003229213,3.622516193389849,0.13936773004501432,59.99202712616462,2.2344895724524427
1072,60,35,20,Median,40,[   0   64  264  681  822  949 1180],6,417,64,196.66666666666666,192629.27113326365,46.39631181753208,0.005418914435597091,74.69347294326636,3.991962186313838,0.12590626702365573,58.6744942297669,2.353595125066419
1073,60,35,20,Mode,40,[   0   64  195  683  822  949 1180],6,488,64,196.66666666666666,194575.0470693141,49.16831703769911,-0.0011196906700416155,75.14389003229213,3.622516193389849,0.13936773004501432,59.99202712616462,2.2344895724524427
1074,60,35,20,Median,40,[   0   64  195  264  681  822  949 1040 1180],8,417,64,147.5,102811.10165187878,39.76920620708581,-0.012925768056665756,58.20537101638417,4.091608872474686,0.09745411803598784,31.86110704772548,2.9047940108541246
1075,60,35,20,Mode,40,[   0   64  195  264  683  822  949 1180],7,419,64,168.57142857142858,131644.15139887892,43.16920426906652,-0.00832293167655527,66.00785249568223,3.744501449285592,0.11415033530254533,39.92503273261142,2.5483119767947007
1076,60,35,20,Median,40,[   0   64  195  264  681  822  949 1039 1117 1180],9,417,63,131.11111111111111,100684.52292494001,41.65256448498933,-0.015826430064278505,53.584431693265074,5.673869080630114,0.10352928054355176,30.78836495640402,2.648562382501047
1077,60,35,20,Mode,40,[   0   64  195  264  683  822  949 1038 1117 1180],9,419,63,131.11111111111111,100193.76383873638,41.53718318173278,-0.01595717069880243,53.43808875693615,5.541235725618307,0.10328256578534734,30.610267199297454,2.661872757529538
1078,60,35,20,Median,40,[   0   64  195  264  681  822  949 1039 1117 1180],9,417,63,131.11111111111111,100684.52292494001,41.65256448498933,-0.015826430064278505,53.584431693265074,5.673869080630114,0.10352928054355176,30.78836495640402,2.648562382501047
1079,60,35,20,Mode,40,[   0   64  195  264  618  683  822  949 1038 1117 1180],10,354,63,118.0,75971.97536289248,38.21134452040269,-0.0183425330396218,48.232048789522224,5.885830670682224,0.09559630498001061,22.729857685458178,3.1005797242614914
1080,60,35,20,Median,40,[   0   64  195  264  618  681  822  887  949 1039 1117 1180],11,354,62,107.27272727272727,64026.88518580982,37.325727473345076,-0.019732788162078175,44.48984712088527,5.989400970066813,0.09517252545696933,19.66629991110471,3.228893789300959
1081,60,35,20,Mode,40,[   0   64  195  264  618  683  822  887  949 1038 1117 1180],11,354,62,107.27272727272727,63807.35225445273,37.250113347026414,-0.020114532491072836,44.42049786968435,5.844806200665238,0.09442779862542619,19.60122856791229,3.219307708020259
1082,60,35,20,Median,40,[   0   64  195  264  475  618  682  822  887  949 1039 1117 1180],12,211,62,98.33333333333333,58559.148274930165,35.0750531559865,-0.03031288880105595,41.03686558527423,6.180380080944332,0.08624528023641413,18.050770633968718,3.6061049055432695
1083,60,35,20,Mode,40,[   0   64  195  264  475  683  822  887  949 1038 1117 1180],11,211,62,107.27272727272727,72266.62173160212,37.32441652851558,-0.029359861550332086,44.51932474932362,6.121814497524431,0.09294138498611113,22.39542346388444,3.3336168305686407
1084,60,35,20,Median,40,[   0   64  195  264  475  618  682  822  887  949 1039 1117 1180],12,211,62,98.33333333333333,58559.148274930165,35.0750531559865,-0.03031288880105595,41.03686558527423,6.180380080944332,0.08624528023641413,18.050770633968718,3.6061049055432695
1085,60,35,20,Mode,40,[   0   64  195  264  475  683  822  887  949 1038 1117 1180],11,211,62,107.27272727272727,72266.62173160212,37.32441652851558,-0.029359861550332086,44.51932474932362,6.121814497524431,0.09294138498611113,22.39542346388444,3.3336168305686407
1086,60,35,20,Median,40,[   0   64  195  264  521  618  681  735  822  887  949 1039 1117 1180],13,257,54,90.76923076923077,48635.431391470825,32.774497050513034,-0.03144955026706418,37.860035309654606,6.3529215964609795,0.07635555253695163,15.08948408853441,3.893760365469378
1087,60,35,20,Mode,40,[   0   64  195  264  475  683  822  887  949 1038 1117 1180],11,211,62,107.27272727272727,72266.62173160212,37.32441652851558,-0.029359861550332086,44.51932474932362,6.121814497524431,0.09294138498611113,22.39542346388444,3.3336168305686407
1088,60,35,20,Median,40,[   0   64  195  265  475  618  681  735  822  887  949 1039 1117 1180],13,210,54,90.76923076923077,48975.405764442745,32.747381806950294,-0.03304773264055055,37.98358835228054,6.336728401862798,0.07612489908582688,15.228387223111872,3.891610599728191
1089,60,35,20,Mode,40,[   0   64  195  264  475  683  822  887  949 1038 1117 1180],11,211,62,107.27272727272727,72266.62173160212,37.32441652851558,-0.029359861550332086,44.51932474932362,6.121814497524431,0.09294138498611113,22.39542346388444,3.3336168305686407
1090,60,35,20,Median,40,[   0   64  195  265  475  618  681  735  822  887  949 1039 1117 1180],13,210,54,90.76923076923077,48975.405764442745,32.747381806950294,-0.03304773264055055,37.98358835228054,6.336728401862798,0.07612489908582688,15.228387223111872,3.891610599728191
1091,60,35,20,Mode,40,[   0   64  195  264  475  618  683  735  822  887  949 1038 1117 1180],13,211,52,90.76923076923077,48717.50391840169,32.677494431257934,-0.03318738190684599,37.89429345847449,6.263505661428095,0.07627799161214126,15.145920533094673,3.9008589423480142
1092,60,40,10,Median,40,[   0  250  822 1180],3,572,250,393.3333333333333,417554.2659057934,43.46889707298297,0.03497748338099975,96.60892917057913,3.47962687560956,0.11456301544207399,111.57820922060893,2.7649915921308854
1093,60,40,10,Mode,40,[   0  264  949 1180],3,685,231,393.3333333333333,207708.15611469495,32.671926308806604,0.010630282991190006,48.65484911576699,4.511419506788704,0.0502323912654335,49.14594745241524,3.9958883733008532
1094,60,40,10,Median,40,[   0  250  681  949 1180],4,431,231,295.0,354649.343575705,46.650670994097176,0.05109008001890937,96.64026690286092,3.2934987078854863,0.13066873463121953,102.8635898267306,2.5220053584079696
1095,60,40,10,Mode,40,[   0  264  683  949 1180],4,419,231,295.0,356581.44930119655,46.76859766298971,0.049797257445798646,97.00885477266306,3.246869288648666,0.13118789187461624,103.38226323202872,2.521700004784204
1096,60,40,10,Median,40,[   0  250  681  822  949 1180],5,431,127,236.0,207582.58337323245,45.53930587119919,0.042593959203562355,84.80231756574021,3.6698570319369956,0.12469700844643147,60.94394584611918,2.4523692841555276
1097,60,40,10,Mode,40,[   0  264  683  822  949 1180],5,419,127,236.0,208074.16527521776,45.571259490627654,0.0417235058017889,84.88850795777067,3.695811798648952,0.12506701181819221,61.171532361415046,2.4512257309953935
1098,60,40,10,Median,40,[   0   80  262  681  822  949 1180],6,419,80,196.66666666666666,188328.83258258665,45.41490734096355,0.011162598422229504,73.78358153493367,4.022438321296845,0.12319105178419479,57.14978556026166,2.428121142972723
1099,60,40,10,Mode,40,[   0   64  264  683  822  949 1180],6,419,64,196.66666666666666,191969.29160538752,46.36762368938688,0.005604452370810502,74.66800033918474,4.007167103891509,0.12574937771932032,58.47821704053924,2.3559920600043704
1100,60,40,10,Median,40,[   0   80  262  681  822  949 1180],6,419,80,196.66666666666666,188328.83258258665,45.41490734096355,0.011162598422229504,73.78358153493367,4.022438321296845,0.12319105178419479,57.14978556026166,2.428121142972723
1101,60,40,10,Mode,40,[   0   64  264  683  822  949 1180],6,419,64,196.66666666666666,191969.29160538752,46.36762368938688,0.005604452370810502,74.66800033918474,4.007167103891509,0.12574937771932032,58.47821704053924,2.3559920600043704
1102,60,40,10,Median,40,[   0   80  262  682  822  949 1180],6,420,80,196.66666666666666,187901.24642065197,45.39224744470819,0.011196178521356232,73.72167371208259,4.0402130811642465,0.12302847624515645,57.00501088304738,2.430045166577789
1103,60,40,10,Mode,40,[   0   64  264  683  822  949 1180],6,419,64,196.66666666666666,191969.29160538752,46.36762368938688,0.005604452370810502,74.66800033918474,4.007167103891509,0.12574937771932032,58.47821704053924,2.3559920600043704
1104,60,40,10,Median,40,[   0   80  195  264  682  822  949 1180],7,418,69,168.57142857142858,131860.41822397904,43.03374258967715,-0.005244636041366141,65.5531961295879,3.885519526813885,0.11488650014911822,40.0251538121623,2.5351282996351507
1105,60,40,10,Mode,40,[   0   64  195  264  683  822  949 1180],7,419,64,168.57142857142858,131644.15139887892,43.16920426906652,-0.00832293167655527,66.00785249568223,3.744501449285592,0.11415033530254533,39.92503273261142,2.5483119767947007
1106,60,40,10,Median,40,[   0   80  195  264  618  682  822  949 1040 1117 1180],10,354,63,118.0,76430.48343791228,38.26894134580138,-0.01477848567397836,48.04047448010841,6.085128897949632,0.09727935382553392,22.9049753306266,3.0855056923613144
1107,60,40,10,Mode,40,[   0   64  195  264  683  822  949 1040 1117 1180],9,419,63,131.11111111111111,100676.23921237323,41.72227270471936,-0.015648086088982483,53.603734774239115,5.637000879124519,0.10426430608925136,30.77239735874242,2.644774923876459
1108,60,40,10,Median,40,[   0   80  195  264  618  682  822  887  949 1040 1117 1180],11,354,62,107.27272727272727,64232.218609521646,37.307312082132555,-0.015759954146852547,44.2459676787333,6.085286866291551,0.09586034904716276,19.750296674350775,3.207065342991636
1109,60,40,10,Mode,40,[   0   64  195  264  683  822  897  949 1040 1117 1180],10,419,52,118.0,81660.28130137341,39.17800532442114,-0.017117379090370886,48.422313065461935,5.746054454481433,0.09607629632964924,25.67955822147537,2.939112853034747
1110,60,40,10,Median,40,[   0   80  195  264  615  682  822  887  949 1040 1117 1180],11,351,62,107.27272727272727,64554.29617138903,37.32933834109174,-0.015802904228721902,44.264168579713676,6.098079202906603,0.0967950181847932,19.84329921500069,3.2134582375333443
1111,60,40,10,Mode,40,[   0   64  195  264  618  683  822  897  949 1040 1117 1180],11,354,52,107.27272727272727,61714.0199268502,36.42066831495522,-0.019502855726363774,44.244687596572,6.040702701915619,0.08987928855041598,19.08026055680223,3.306225113542984
1112,60,40,10,Median,40,[   0   80  195  264  615  682  822  887  949 1040 1117 1180],11,351,62,107.27272727272727,64554.29617138903,37.32933834109174,-0.015802904228721902,44.264168579713676,6.098079202906603,0.0967950181847932,19.84329921500069,3.2134582375333443
1113,60,40,10,Mode,40,[   0   64  195  264  618  683  822  897  949 1040 1117 1180],11,354,52,107.27272727272727,61714.0199268502,36.42066831495522,-0.019502855726363774,44.244687596572,6.040702701915619,0.08987928855041598,19.08026055680223,3.306225113542984
1114,60,40,10,Median,40,[   0   80  195  264  615  682  822  887  949 1040 1117 1180],11,351,62,107.27272727272727,64554.29617138903,37.32933834109174,-0.015802904228721902,44.264168579713676,6.098079202906603,0.0967950181847932,19.84329921500069,3.2134582375333443
1115,60,40,10,Mode,40,[   0   64  195  264  618  683  822  897  949 1040 1117 1180],11,354,52,107.27272727272727,61714.0199268502,36.42066831495522,-0.019502855726363774,44.244687596572,6.040702701915619,0.08987928855041598,19.08026055680223,3.306225113542984
1116,60,40,10,Median,40,[   0   80  195  264  618  682  822  887  949 1040 1117 1180],11,354,62,107.27272727272727,64232.218609521646,37.307312082132555,-0.015759954146852547,44.2459676787333,6.085286866291551,0.09586034904716276,19.750296674350775,3.207065342991636
1117,60,40,10,Mode,40,[   0   64  195  264  618  683  822  897  949 1040 1117 1180],11,354,52,107.27272727272727,61714.0199268502,36.42066831495522,-0.019502855726363774,44.244687596572,6.040702701915619,0.08987928855041598,19.08026055680223,3.306225113542984
1118,60,40,10,Median,40,[   0   80  195  264  618  682  846  897  949 1040 1117 1180],11,354,51,107.27272727272727,65245.80246605557,38.52831641212217,-0.015438856575508694,44.0680038235253,5.951957335568384,0.10087129121432474,20.00186734608507,3.1098281910941674
1119,60,40,10,Mode,40,[   0   64  195  264  618  683  846  897  949 1040 1117 1180],11,354,51,107.27272727272727,65297.36429240495,38.62412778532754,-0.019293426153891215,44.38774610130071,5.846619111659262,0.10015611065725347,19.99585334844844,3.1097057389874725
1120,60,40,15,Median,40,[   0  243  827 1180],3,584,243,393.3333333333333,404176.4300968697,42.93301722804712,0.03416841604683969,93.3120776054972,3.518366097047179,0.11215459115767061,107.60246988661117,2.798919617169229
1121,60,40,15,Mode,40,[   0  264  949 1180],3,685,231,393.3333333333333,207708.15611469495,32.671926308806604,0.010630282991190006,48.65484911576699,4.511419506788704,0.0502323912654335,49.14594745241524,3.9958883733008532
1122,60,40,15,Median,40,[   0  243  708  949 1180],4,465,231,295.0,350123.2328827936,47.09166498263738,0.05113584919897557,96.39111679795063,3.161597136233021,0.13160856085491277,100.90548801738807,2.50875595450157
1123,60,40,15,Mode,40,[   0  264  822  949 1180],4,558,127,295.0,326615.8112564256,53.04644149019836,0.041301738330205416,89.606639361711,3.047720397146463,0.15393226045987016,89.47999939413474,2.4104047835235156
1124,60,40,15,Median,40,[   0  243  681  822  949 1180],5,438,127,236.0,206646.94289093852,45.49044768977526,0.043258369456864294,84.66435005625767,3.6559399040258227,0.12451961953001633,60.62952056758479,2.4557699988662796
1125,60,40,15,Mode,40,[   0  264  683  822  949 1180],5,419,127,236.0,208074.16527521776,45.571259490627654,0.0417235058017889,84.88850795777067,3.695811798648952,0.12506701181819221,61.171532361415046,2.4512257309953935
1126,60,40,15,Median,40,[   0   80  250  681  822  949 1180],6,431,80,196.66666666666666,190013.50148666298,45.9966043099759,0.010206069699210613,74.17578593590626,3.9660995537970933,0.12545454460875397,57.84152593267588,2.3898433146417677
1127,60,40,15,Mode,40,[   0   64  264  683  822  949 1180],6,419,64,196.66666666666666,191969.29160538752,46.36762368938688,0.005604452370810502,74.66800033918474,4.007167103891509,0.12574937771932032,58.47821704053924,2.3559920600043704
1128,60,40,15,Median,40,[   0   80  250  681  822  949 1180],6,431,80,196.66666666666666,190013.50148666298,45.9966043099759,0.010206069699210613,74.17578593590626,3.9660995537970933,0.12545454460875397,57.84152593267588,2.3898433146417677
1129,60,40,15,Mode,40,[   0   64  264  683  822  949 1180],6,419,64,196.66666666666666,191969.29160538752,46.36762368938688,0.005604452370810502,74.66800033918474,4.007167103891509,0.12574937771932032,58.47821704053924,2.3559920600043704
1130,60,40,15,Median,40,[   0   80  195  264  681  822  949 1040 1180],8,417,69,147.5,102861.57317936233,39.64973215331004,-0.009425891651395579,57.83755586916957,4.212001351474727,0.09810369132696196,31.913373734601752,2.894106985444583
1131,60,40,15,Mode,40,[   0   64  195  264  683  822  949 1180],7,419,64,168.57142857142858,131644.15139887892,43.16920426906652,-0.00832293167655527,66.00785249568223,3.744501449285592,0.11415033530254533,39.92503273261142,2.5483119767947007
1132,60,40,15,Median,40,[   0   80  195  264  681  822  949 1040 1117 1180],9,417,63,131.11111111111111,101063.4364509708,41.632786745857345,-0.011866304282086687,53.290263859234486,5.74396806752435,0.10490214398051828,30.92681868334378,2.633442613924742
1133,60,40,15,Mode,40,[   0   64  195  264  683  822  949 1040 1117 1180],9,419,63,131.11111111111111,100676.23921237323,41.72227270471936,-0.015648086088982483,53.603734774239115,5.637000879124519,0.10426430608925136,30.77239735874242,2.644774923876459
1134,60,40,15,Median,40,[   0   80  195  264  615  681  822  949 1040 1117 1180],10,351,63,118.0,76819.0302959728,38.291005207347034,-0.014657043093369522,48.06427777284014,6.119492395971256,0.09874193118240471,23.017593588684644,3.1036227639321683
1135,60,40,15,Mode,40,[   0   64  195  264  618  683  822  949 1040 1117 1180],10,354,63,118.0,76400.84236168078,38.375868540835214,-0.018033562724975378,48.38044740625991,5.972019308837815,0.09646896302792529,22.87397338274259,3.0853816499031983
1136,60,40,15,Median,40,[   0   80  195  264  615  681  822  887  949 1040 1117 1180],11,351,62,107.27272727272727,64553.32335940753,37.32588832874876,-0.015633265202633386,44.26765308973358,6.118357331433952,0.09720278441763355,19.846421963970673,3.2235953753187645
1137,60,40,15,Mode,40,[   0   64  195  264  618  683  822  887  949 1040 1117 1180],11,354,62,107.27272727272727,64230.902557874775,37.40280582219343,-0.019805733280426008,44.55569534096944,5.923159508079413,0.09510746866920904,19.727719459509164,3.2067039148141774
1138,60,40,15,Median,40,[   0   80  195  264  475  618  682  822  887  949 1040 1117 1180],12,211,62,98.33333333333333,58746.831284821856,35.05660259166339,-0.027187375687579198,40.81705709394591,6.285842490890246,0.08724370007779582,18.130651842232865,3.595101053824382
1139,60,40,15,Mode,40,[   0   64  195  264  475  683  822  887  949 1040 1117 1180],11,211,62,107.27272727272727,72690.17203502417,37.4771090036826,-0.029051179900219094,44.65468798804229,6.200167804938604,0.09362105502989397,22.521914355481318,3.321013037362558
1140,60,40,15,Median,40,[   0   80  195  264  521  618  681  822  887  949 1040 1117 1180],12,257,62,98.33333333333333,58460.11231748755,35.08672763573441,-0.025436768370553604,40.68840879001128,6.312168383140776,0.08777619571213616,18.015339573848774,3.603172112773898
1141,60,40,15,Mode,40,[   0   64  195  264  475  683  822  887  949 1040 1117 1180],11,211,62,107.27272727272727,72690.17203502417,37.4771090036826,-0.029051179900219094,44.65468798804229,6.200167804938604,0.09362105502989397,22.521914355481318,3.321013037362558
1142,60,40,15,Median,40,[   0   80  195  264  475  616  681  822  887  949 1040 1117 1180],12,211,62,98.33333333333333,59027.451131684094,35.08626301985143,-0.027391978854378208,40.81349952981608,6.320463339238163,0.08785620667551577,18.211754698933497,3.6155246802717285
1143,60,40,15,Mode,40,[   0   64  195  264  475  618  683  822  887  949 1040 1117 1180],12,211,62,98.33333333333333,58742.40476773041,35.147857020447915,-0.03006020960083975,41.10080787587307,6.141393811163035,0.08663846798829834,18.108523948253822,3.593269168816357
1144,60,40,15,Median,40,[   0   64  195  264  475  616  681  822  887  949 1040 1117 1180],12,211,62,98.33333333333333,58995.332886921846,35.16229196316328,-0.03035687734638275,41.06046984630631,6.186691975708075,0.08744284185398679,18.178494080012232,3.6223255146232547
1145,60,40,15,Mode,40,[   0   64  195  264  475  618  683  822  887  949 1040 1117 1180],12,211,62,98.33333333333333,58742.40476773041,35.147857020447915,-0.03006020960083975,41.10080787587307,6.141393811163035,0.08663846798829834,18.108523948253822,3.593269168816357
1146,60,40,15,Median,40,[   0   64  195  264  475  615  681  822  887  949 1040 1117 1180],12,211,62,98.33333333333333,58936.13075462426,35.110949820181766,-0.030509897181816167,41.04802510197173,6.197159190078068,0.0875427239570911,18.151851827018945,3.636500131368459
1147,60,40,15,Mode,40,[   0   64  195  264  475  618  683  822  887  949 1040 1117 1180],12,211,62,98.33333333333333,58742.40476773041,35.147857020447915,-0.03006020960083975,41.10080787587307,6.141393811163035,0.08663846798829834,18.108523948253822,3.593269168816357
1148,60,40,20,Median,40,[   0  243  829 1180],3,586,243,393.3333333333333,401487.1156724814,42.80523048167109,0.03394367890131979,92.71436887730592,3.5179755505157204,0.11150753193696325,106.72940043386457,2.8107954469203733
1149,60,40,20,Mode,40,[   0  195  949 1180],3,754,195,393.3333333333333,212215.98262167556,34.23779031455388,0.019801344221855973,49.998376350826376,3.9855883351769634,0.05527267789021675,51.19968373259126,3.617330998578826
1150,60,40,20,Median,40,[   0  243  708  949 1180],4,465,231,295.0,350123.2328827936,47.09166498263738,0.05113584919897557,96.39111679795063,3.161597136233021,0.13160856085491277,100.90548801738807,2.50875595450157
1151,60,40,20,Mode,40,[   0  195  822  949 1180],4,627,127,295.0,322581.97639606457,53.55817531184436,0.05209383258349825,89.4848401571475,2.930071051178526,0.15756556585820547,89.1308545853373,2.3224570128544477
1152,60,40,20,Median,40,[   0  243  681  822  949 1180],5,438,127,236.0,206646.94289093852,45.49044768977526,0.043258369456864294,84.66435005625767,3.6559399040258227,0.12451961953001633,60.62952056758479,2.4557699988662796
1153,60,40,20,Mode,40,[   0  195  683  822  949 1180],5,488,127,236.0,195860.9928622418,44.984708449067476,0.04460023756902352,82.53273406481442,3.54293091414997,0.12132434244415152,56.66942043700757,2.4958772081092997
1154,60,40,20,Median,40,[   0   64  262  681  822  949 1180],6,419,64,196.66666666666666,192870.08922697586,46.46089651513601,0.005498000133510816,74.78874315869372,3.9738487423193494,0.12628111049357882,58.78468030484735,2.350004936000718
1155,60,40,20,Mode,40,[   0   64  195  683  822  949 1180],6,488,64,196.66666666666666,194575.0470693141,49.16831703769911,-0.0011196906700416155,75.14389003229213,3.622516193389849,0.13936773004501432,59.99202712616462,2.2344895724524427
1156,60,40,20,Median,40,[   0   64  262  681  822  949 1180],6,419,64,196.66666666666666,192870.08922697586,46.46089651513601,0.005498000133510816,74.78874315869372,3.9738487423193494,0.12628111049357882,58.78468030484735,2.350004936000718
1157,60,40,20,Mode,40,[   0   64  195  683  822  949 1180],6,488,64,196.66666666666666,194575.0470693141,49.16831703769911,-0.0011196906700416155,75.14389003229213,3.622516193389849,0.13936773004501432,59.99202712616462,2.2344895724524427
1158,60,40,20,Median,40,[   0   64  195  264  681  822  949 1040 1180],8,417,64,147.5,102811.10165187878,39.76920620708581,-0.012925768056665756,58.20537101638417,4.091608872474686,0.09745411803598784,31.86110704772548,2.9047940108541246
1159,60,40,20,Mode,40,[   0   64  195  264  683  822  949 1180],7,419,64,168.57142857142858,131644.15139887892,43.16920426906652,-0.00832293167655527,66.00785249568223,3.744501449285592,0.11415033530254533,39.92503273261142,2.5483119767947007
1160,60,40,20,Median,40,[   0   64  195  264  681  822  949 1038 1117 1180],9,417,63,131.11111111111111,100536.79849078585,41.55223701992456,-0.015992269447854212,53.45512297394879,5.541187377129213,0.1033520270470119,30.718955172882065,2.65989159481117
1161,60,40,20,Mode,40,[   0   64  195  264  683  822  949 1038 1117 1180],9,419,63,131.11111111111111,100193.76383873638,41.53718318173278,-0.01595717069880243,53.43808875693615,5.541235725618307,0.10328256578534734,30.610267199297454,2.661872757529538
1162,60,40,20,Median,40,[   0   64  195  264  615  681  822  949 1038 1117 1180],10,351,63,118.0,76350.90766469731,38.21940545096235,-0.018264831269811925,48.21191183818734,5.936989774615633,0.0973640494637324,22.83282602382979,3.127132969164549
1163,60,40,20,Mode,40,[   0   64  195  264  618  683  822  949 1038 1117 1180],10,354,63,118.0,75971.97536289248,38.21134452040269,-0.0183425330396218,48.232048789522224,5.885830670682224,0.09559630498001061,22.729857685458178,3.1005797242614914
1164,60,40,20,Median,40,[   0   64  195  264  615  681  822  887  949 1038 1117 1180],11,351,62,107.27272727272727,64094.44298674702,37.256827691224785,-0.020030999589897274,44.40215236138937,5.8940716274415,0.09606841307016882,19.683344391560404,3.2436800863115254
1165,60,40,20,Mode,40,[   0   64  195  264  618  683  822  887  949 1038 1117 1180],11,354,62,107.27272727272727,63807.35225445273,37.250113347026414,-0.020114532491072836,44.42049786968435,5.844806200665238,0.09442779862542619,19.60122856791229,3.219307708020259
1166,60,40,20,Median,40,[   0   64  195  264  475  616  681  822  887  949 1038 1117 1180],12,211,62,98.33333333333333,58610.28715653817,35.023480622102355,-0.03066551842873772,40.93667862846548,6.114868110578416,0.08682495999600238,18.063502360378706,3.633783508446966
1167,60,40,20,Mode,40,[   0   64  195  264  475  618  683  822  887  949 1038 1117 1180],12,211,62,98.33333333333333,58357.35903734674,35.009045679386986,-0.03036884803394626,40.976948850371414,6.0695699460333765,0.08602058613031392,17.9935322286203,3.6047271626400685
1168,60,40,20,Median,40,[   0   64  195  265  475  618  681  822  887  949 1038 1117 1180],12,210,62,98.33333333333333,58413.82947649281,34.99436497228054,-0.030504664900492674,40.94531837878193,6.085193372074252,0.0864933270859412,18.018617927560303,3.6190857419587505
1169,60,40,20,Mode,40,[   0   64  195  264  475  683  822  887  949 1038 1117 1180],11,211,62,107.27272727272727,72266.62173160212,37.32441652851558,-0.029359861550332086,44.51932474932362,6.121814497524431,0.09294138498611113,22.39542346388444,3.3336168305686407
1170,60,40,20,Median,40,[   0   64  195  265  475  616  681  822  887  949 1038 1117 1180],12,210,62,98.33333333333333,58655.13092577283,35.00910957877927,-0.030717631052089397,40.9381430788021,6.117058151896874,0.08673309120000162,18.082705525499804,3.6370710420336225
1171,60,40,20,Mode,40,[   0   64  195  264  475  618  683  822  887  949 1038 1117 1180],12,211,62,98.33333333333333,58357.35903734674,35.009045679386986,-0.03036884803394626,40.976948850371414,6.0695699460333765,0.08602058613031392,17.9935322286203,3.6047271626400685
1172,60,40,20,Median,40,[   0   64  195  265  475  616  681  822  887  949 1038 1117 1180],12,210,62,98.33333333333333,58655.13092577283,35.00910957877927,-0.030717631052089397,40.9381430788021,6.117058151896874,0.08673309120000162,18.082705525499804,3.6370710420336225
1173,60,40,20,Mode,40,[   0   64  195  264  475  618  683  822  887  949 1038 1117 1180],12,211,62,98.33333333333333,58357.35903734674,35.009045679386986,-0.03036884803394626,40.976948850371414,6.0695699460333765,0.08602058613031392,17.9935322286203,3.6047271626400685
1174,60,40,20,Median,40,[   0   64  195  265  475  616  681  846  887  949 1038 1117 1180],12,210,41,98.33333333333333,63123.98886719989,37.774361945174654,-0.030206163977670196,41.317796711791125,6.019331564674634,0.1005202186082253,19.227543189824353,3.45813381083789
1175,60,40,20,Mode,40,[   0   64  195  264  475  618  683  846  887  949 1038 1117 1180],12,211,41,98.33333333333333,62830.32215804301,37.77687850547275,-0.029807899515558803,41.37459215986387,5.979019533005849,0.09983922020833776,19.140924734632854,3.4243810769188276
1176,60,45,10,Median,40,[   0  250  822 1180],3,572,250,393.3333333333333,417554.2659057934,43.46889707298297,0.03497748338099975,96.60892917057913,3.47962687560956,0.11456301544207399,111.57820922060893,2.7649915921308854
1177,60,45,10,Mode,40,[   0  264  949 1180],3,685,231,393.3333333333333,207708.15611469495,32.671926308806604,0.010630282991190006,48.65484911576699,4.511419506788704,0.0502323912654335,49.14594745241524,3.9958883733008532
1178,60,45,10,Median,40,[   0  250  681  932 1180],4,431,248,295.0,327556.30295933096,45.191340676188155,0.04921504202264155,93.9738213506792,3.4458586482721048,0.12676375029686834,95.50948340663,2.6267863100333746
1179,60,45,10,Mode,40,[   0  264  683  949 1180],4,419,231,295.0,356581.44930119655,46.76859766298971,0.049797257445798646,97.00885477266306,3.246869288648666,0.13118789187461624,103.38226323202872,2.521700004784204
1180,60,45,10,Median,40,[   0  250  681  822  949 1180],5,431,127,236.0,207582.58337323245,45.53930587119919,0.042593959203562355,84.80231756574021,3.6698570319369956,0.12469700844643147,60.94394584611918,2.4523692841555276
1181,60,45,10,Mode,40,[   0  264  683  822  949 1180],5,419,127,236.0,208074.16527521776,45.571259490627654,0.0417235058017889,84.88850795777067,3.695811798648952,0.12506701181819221,61.171532361415046,2.4512257309953935
1182,60,45,10,Median,40,[   0   80  262  681  822  949 1180],6,419,80,196.66666666666666,188328.83258258665,45.41490734096355,0.011162598422229504,73.78358153493367,4.022438321296845,0.12319105178419479,57.14978556026166,2.428121142972723
1183,60,45,10,Mode,40,[   0   64  264  683  822  949 1180],6,419,64,196.66666666666666,191969.29160538752,46.36762368938688,0.005604452370810502,74.66800033918474,4.007167103891509,0.12574937771932032,58.47821704053924,2.3559920600043704
1184,60,45,10,Median,40,[   0   80  262  681  822  949 1180],6,419,80,196.66666666666666,188328.83258258665,45.41490734096355,0.011162598422229504,73.78358153493367,4.022438321296845,0.12319105178419479,57.14978556026166,2.428121142972723
1185,60,45,10,Mode,40,[   0   64  264  683  822  949 1180],6,419,64,196.66666666666666,191969.29160538752,46.36762368938688,0.005604452370810502,74.66800033918474,4.007167103891509,0.12574937771932032,58.47821704053924,2.3559920600043704
1186,60,45,10,Median,40,[   0   80  262  682  822  949 1180],6,420,80,196.66666666666666,187901.24642065197,45.39224744470819,0.011196178521356232,73.72167371208259,4.0402130811642465,0.12302847624515645,57.00501088304738,2.430045166577789
1187,60,45,10,Mode,40,[   0   64  264  683  822  949 1180],6,419,64,196.66666666666666,191969.29160538752,46.36762368938688,0.005604452370810502,74.66800033918474,4.007167103891509,0.12574937771932032,58.47821704053924,2.3559920600043704
1188,60,45,10,Median,40,[   0   80  195  263  682  822  949 1180],7,419,68,168.57142857142858,131475.49232503798,42.9888529735926,-0.005289795289850655,65.49607192059977,3.8999307090103605,0.11461628486189009,39.879079082938205,2.5390112565925675
1189,60,45,10,Mode,40,[   0   64  195  264  683  822  949 1180],7,419,64,168.57142857142858,131644.15139887892,43.16920426906652,-0.00832293167655527,66.00785249568223,3.744501449285592,0.11415033530254533,39.92503273261142,2.5483119767947007
1190,60,45,10,Median,40,[   0   80  195  263  682  822  949 1040 1117 1180],9,419,63,131.11111111111111,100549.74490699252,41.58700923311392,-0.011962777645967412,53.20402601874729,5.758361557806291,0.10461376825875993,30.737932121487507,2.6377993837248592
1191,60,45,10,Mode,40,[   0   64  195  264  637  683  822  949 1040 1117 1180],10,373,46,118.0,73977.85852938292,38.22547996887338,-0.02265002785136883,48.308929811445054,5.824054333670099,0.09084154280710632,22.12731862392374,3.0246522154189956
1192,60,45,10,Median,40,[   0   80  195  263  682  822  949 1040 1117 1180],9,419,63,131.11111111111111,100549.74490699252,41.58700923311392,-0.011962777645967412,53.20402601874729,5.758361557806291,0.10461376825875993,30.737932121487507,2.6377993837248592
1193,60,45,10,Mode,40,[   0   64  195  264  637  683  822  949 1040 1117 1180],10,373,46,118.0,73977.85852938292,38.22547996887338,-0.02265002785136883,48.308929811445054,5.824054333670099,0.09084154280710632,22.12731862392374,3.0246522154189956
1194,60,45,10,Median,40,[   0   80  195  263  682  822  949 1040 1117 1180],9,419,63,131.11111111111111,100549.74490699252,41.58700923311392,-0.011962777645967412,53.20402601874729,5.758361557806291,0.10461376825875993,30.737932121487507,2.6377993837248592
1195,60,45,10,Mode,40,[   0   64  195  264  637  683  822  949 1040 1117 1180],10,373,46,118.0,73977.85852938292,38.22547996887338,-0.02265002785136883,48.308929811445054,5.824054333670099,0.09084154280710632,22.12731862392374,3.0246522154189956
1196,60,45,10,Median,40,[   0   80  195  263  637  682  822  897  949 1040 1117 1180],11,374,45,107.27272727272727,59312.38945149795,36.152820152577064,-0.02018540989469577,43.82929743353731,6.027641565168875,0.08542293237245205,18.34441084406046,3.256535956985817
1197,60,45,10,Mode,40,[   0   64  195  264  637  683  822  897  949 1040 1117 1180],11,373,46,107.27272727272727,59533.33447778212,36.285318600189576,-0.024119320852757236,44.17978255584364,5.906189088126785,0.0848146103516789,18.40827127386526,3.2515686225072016
1198,60,45,10,Median,40,[   0   80  195  264  637  682  822  897  949 1040 1117 1180],11,373,45,107.27272727272727,59510.36792362734,36.1770932640234,-0.0200773766314676,43.86701576763718,6.018105163807528,0.08556928563762155,18.421546649475207,3.2537271951970963
1199,60,45,10,Mode,40,[   0   64  195  264  637  683  822  897  949 1040 1117 1180],11,373,46,107.27272727272727,59533.33447778212,36.285318600189576,-0.024119320852757236,44.17978255584364,5.906189088126785,0.0848146103516789,18.40827127386526,3.2515686225072016
1200,60,45,10,Median,40,[   0   80  195  264  637  682  822  897  949 1040 1117 1180],11,373,45,107.27272727272727,59510.36792362734,36.1770932640234,-0.0200773766314676,43.86701576763718,6.018105163807528,0.08556928563762155,18.421546649475207,3.2537271951970963
1201,60,45,10,Mode,40,[   0   64  195  264  637  683  822  897  949 1040 1117 1180],11,373,46,107.27272727272727,59533.33447778212,36.285318600189576,-0.024119320852757236,44.17978255584364,5.906189088126785,0.0848146103516789,18.40827127386526,3.2515686225072016
1202,60,45,10,Median,40,[   0   80  195  264  637  682  846  897  949 1040 1117 1180],11,373,45,107.27272727272727,62399.94063754009,38.37608455470811,-0.020034752139596976,43.99875533060693,5.818769996888131,0.09556020615923325,19.142521517500594,3.0527001292692817
1203,60,45,10,Mode,40,[   0   64  195  264  637  683  846  897  949 1040 1117 1180],11,373,46,107.27272727272727,62472.3159571367,38.482325854555086,-0.023954904646713907,44.322725791909,5.7130834952923975,0.09483037506564786,19.144229447881436,3.051070413270793
1204,60,45,15,Median,40,[   0  250  827 1180],3,577,250,393.3333333333333,403925.64688503125,42.82913822784474,0.032679468127083444,93.1661297025979,3.515930342485421,0.11113770025218,107.27939725704405,2.8146077505879035
1205,60,45,15,Mode,40,[   0  264  949 1180],3,685,231,393.3333333333333,207708.15611469495,32.671926308806604,0.010630282991190006,48.65484911576699,4.511419506788704,0.0502323912654335,49.14594745241524,3.9958883733008532
1206,60,45,15,Median,40,[   0  250  721  949 1180],4,471,228,295.0,341197.22517919616,46.83939804345989,0.04755668011765499,94.49397770909081,3.128963632223647,0.1291489947745212,97.25136110922729,2.5261657486780007
1207,60,45,15,Mode,40,[   0  264  822  949 1180],4,558,127,295.0,326615.8112564256,53.04644149019836,0.041301738330205416,89.606639361711,3.047720397146463,0.15393226045987016,89.47999939413474,2.4104047835235156
1208,60,45,15,Median,40,[   0  250  681  822  949 1180],5,431,127,236.0,207582.58337323245,45.53930587119919,0.042593959203562355,84.80231756574021,3.6698570319369956,0.12469700844643147,60.94394584611918,2.4523692841555276
1209,60,45,15,Mode,40,[   0  264  683  822  949 1180],5,419,127,236.0,208074.16527521776,45.571259490627654,0.0417235058017889,84.88850795777067,3.695811798648952,0.12506701181819221,61.171532361415046,2.4512257309953935
1210,60,45,15,Median,40,[   0  250  681  822  949 1180],5,431,127,236.0,207582.58337323245,45.53930587119919,0.042593959203562355,84.80231756574021,3.6698570319369956,0.12469700844643147,60.94394584611918,2.4523692841555276
1211,60,45,15,Mode,40,[   0  264  683  822  949 1180],5,419,127,236.0,208074.16527521776,45.571259490627654,0.0417235058017889,84.88850795777067,3.695811798648952,0.12506701181819221,61.171532361415046,2.4512257309953935
1212,60,45,15,Median,40,[   0   80  262  681  822  949 1180],6,419,80,196.66666666666666,188328.83258258665,45.41490734096355,0.011162598422229504,73.78358153493367,4.022438321296845,0.12319105178419479,57.14978556026166,2.428121142972723
1213,60,45,15,Mode,40,[   0   64  264  683  822  949 1180],6,419,64,196.66666666666666,191969.29160538752,46.36762368938688,0.005604452370810502,74.66800033918474,4.007167103891509,0.12574937771932032,58.47821704053924,2.3559920600043704
1214,60,45,15,Median,40,[   0   80  262  681  822  949 1038 1117 1180],8,419,63,147.5,136189.90931850724,42.90811093489726,7.08161845001851e-05,57.046205368071,5.958542299607482,0.1081876819126401,41.582981285717054,2.592245130618817
1215,60,45,15,Mode,40,[   0   64  264  683  822  949 1038 1117 1180],8,419,63,147.5,138790.23719193644,43.5886226123425,-0.005796475179113926,57.70256374793241,5.944531619797274,0.11001505758058691,42.53186091448676,2.5407243570699936
1216,60,45,15,Median,40,[   0   80  195  264  681  822  949 1038 1117 1180],9,417,63,131.11111111111111,100580.96107733395,41.447697222870765,-0.012180773073668041,53.12513652781858,5.648202914018138,0.10392040367661426,30.76468852389881,2.6505404475778214
1217,60,45,15,Mode,40,[   0   64  195  264  683  822  949 1038 1117 1180],9,419,63,131.11111111111111,100193.76383873638,41.53718318173278,-0.01595717069880243,53.43808875693615,5.541235725618307,0.10328256578534734,30.610267199297454,2.661872757529538
1218,60,45,15,Median,40,[   0   80  195  264  682  822  949 1038 1117 1180],9,418,63,131.11111111111111,100355.96395756149,41.43558692219075,-0.012229581360512878,53.08358075797031,5.651733835984402,0.10383468942027702,30.68535800896061,2.6519849996598754
1219,60,45,15,Mode,40,[   0   64  195  264  637  683  822  949 1038 1117 1180],10,373,46,118.0,73548.99153059462,38.06095594844086,-0.022958943877283977,48.160650115515686,5.7378656955145075,0.08996888475919165,21.983202926639322,3.0398502897772888
1220,60,45,15,Median,40,[   0   80  195  264  682  822  949 1038 1117 1180],9,418,63,131.11111111111111,100355.96395756149,41.43558692219075,-0.012229581360512878,53.08358075797031,5.651733835984402,0.10383468942027702,30.68535800896061,2.6519849996598754
1221,60,45,15,Mode,40,[   0   64  195  264  637  683  822  949 1038 1117 1180],10,373,46,118.0,73548.99153059462,38.06095594844086,-0.022958943877283977,48.160650115515686,5.7378656955145075,0.08996888475919165,21.983202926639322,3.0398502897772888
1222,60,45,15,Median,40,[   0   80  195  264  682  822  949 1038 1117 1180],9,418,63,131.11111111111111,100355.96395756149,41.43558692219075,-0.012229581360512878,53.08358075797031,5.651733835984402,0.10383468942027702,30.68535800896061,2.6519849996598754
1223,60,45,15,Mode,40,[   0   64  195  264  637  683  822  949 1038 1117 1180],10,373,46,118.0,73548.99153059462,38.06095594844086,-0.022958943877283977,48.160650115515686,5.7378656955145075,0.08996888475919165,21.983202926639322,3.0398502897772888
1224,60,45,15,Median,40,[   0   80  195  264  637  682  822  887  949 1038 1117 1180],11,373,45,107.27272727272727,61607.16936378431,37.00778752048156,-0.02063126978009008,44.04200247242891,5.873746220197125,0.09012836581420922,18.943867960665365,3.166842973724221
1225,60,45,15,Mode,40,[   0   64  195  264  637  683  822  887  949 1038 1117 1180],11,373,46,107.27272727272727,61626.66680538466,37.11476363226077,-0.02473094332873501,44.35545115634113,5.710292586876406,0.08936312042668912,18.929239284975317,3.164651216984477
1226,60,45,15,Median,40,[   0   80  195  264  637  682  822  887  949 1038 1117 1180],11,373,45,107.27272727272727,61607.16936378431,37.00778752048156,-0.02063126978009008,44.04200247242891,5.873746220197125,0.09012836581420922,18.943867960665365,3.166842973724221
1227,60,45,15,Mode,40,[   0   64  195  264  637  683  822  887  949 1038 1117 1180],11,373,46,107.27272727272727,61626.66680538466,37.11476363226077,-0.02473094332873501,44.35545115634113,5.710292586876406,0.08936312042668912,18.929239284975317,3.164651216984477
1228,60,45,15,Median,40,[   0   80  195  264  498  584  682  822  887  949 1038 1117 1180],12,234,62,98.33333333333333,62008.95521332221,35.542681333367135,-0.027059144161455436,40.66715584604922,6.177991884492013,0.08827902371088116,19.17923017183662,3.4656760567557323
1229,60,45,15,Mode,40,[   0   64  195  264  475  637  683  822  887  949 1038 1117 1180],12,211,46,98.33333333333333,56336.25541780977,34.75755597199052,-0.03024435994263492,40.91171058779375,6.108489684853494,0.08231728765035487,17.409645328225142,3.622536004301969
1230,60,45,15,Median,40,[   0   80  195  264  498  682  846  887  949 1038 1117 1180],11,234,41,107.27272727272727,80066.10967983956,40.3044460686343,-0.02500616275907476,44.62219328250627,6.174500958518892,0.10983359296239084,24.47402694357609,3.153995050213431
1231,60,45,15,Mode,40,[   0   64  195  264  475  683  846  887  949 1038 1117 1180],11,211,41,107.27272727272727,80534.95268787228,40.37570208516596,-0.02877948090334909,44.9538988056833,6.021403129024112,0.10854276604388044,24.707873265354138,3.143577007326614
1232,60,45,20,Median,40,[   0  243  829 1180],3,586,243,393.3333333333333,401487.1156724814,42.80523048167109,0.03394367890131979,92.71436887730592,3.5179755505157204,0.11150753193696325,106.72940043386457,2.8107954469203733
1233,60,45,20,Mode,40,[   0  195  949 1180],3,754,195,393.3333333333333,212215.98262167556,34.23779031455388,0.019801344221855973,49.998376350826376,3.9855883351769634,0.05527267789021675,51.19968373259126,3.617330998578826
1234,60,45,20,Median,40,[   0  243  721  949 1180],4,478,228,295.0,340288.169822574,46.82430475514794,0.04884147594762503,94.41569610546581,3.140576554039713,0.12934328020362548,97.11520478779035,2.5240165129105723
1235,60,45,20,Mode,40,[   0  195  822  949 1180],4,627,127,295.0,322581.97639606457,53.55817531184436,0.05209383258349825,89.4848401571475,2.930071051178526,0.15756556585820547,89.1308545853373,2.3224570128544477
1236,60,45,20,Median,40,[   0  243  681  822  949 1180],5,438,127,236.0,206646.94289093852,45.49044768977526,0.043258369456864294,84.66435005625767,3.6559399040258227,0.12451961953001633,60.62952056758479,2.4557699988662796
1237,60,45,20,Mode,40,[   0  195  683  822  949 1180],5,488,127,236.0,195860.9928622418,44.984708449067476,0.04460023756902352,82.53273406481442,3.54293091414997,0.12132434244415152,56.66942043700757,2.4958772081092997
1238,60,45,20,Median,40,[   0  243  681  822  949 1180],5,438,127,236.0,206646.94289093852,45.49044768977526,0.043258369456864294,84.66435005625767,3.6559399040258227,0.12451961953001633,60.62952056758479,2.4557699988662796
1239,60,45,20,Mode,40,[   0  195  683  822  949 1180],5,488,127,236.0,195860.9928622418,44.984708449067476,0.04460023756902352,82.53273406481442,3.54293091414997,0.12132434244415152,56.66942043700757,2.4958772081092997
1240,60,45,20,Median,40,[   0   64  262  681  822  949 1180],6,419,64,196.66666666666666,192870.08922697586,46.46089651513601,0.005498000133510816,74.78874315869372,3.9738487423193494,0.12628111049357882,58.78468030484735,2.350004936000718
1241,60,45,20,Mode,40,[   0   64  195  683  822  949 1180],6,488,64,196.66666666666666,194575.0470693141,49.16831703769911,-0.0011196906700416155,75.14389003229213,3.622516193389849,0.13936773004501432,59.99202712616462,2.2344895724524427
1242,60,45,20,Median,40,[   0   64  195  264  681  822  949 1040 1180],8,417,64,147.5,102811.10165187878,39.76920620708581,-0.012925768056665756,58.20537101638417,4.091608872474686,0.09745411803598784,31.86110704772548,2.9047940108541246
1243,60,45,20,Mode,40,[   0   64  195  264  683  822  949 1180],7,419,64,168.57142857142858,131644.15139887892,43.16920426906652,-0.00832293167655527,66.00785249568223,3.744501449285592,0.11415033530254533,39.92503273261142,2.5483119767947007
1244,60,45,20,Median,40,[   0   64  195  264  681  822  949 1038 1117 1180],9,417,63,131.11111111111111,100536.79849078585,41.55223701992456,-0.015992269447854212,53.45512297394879,5.541187377129213,0.1033520270470119,30.718955172882065,2.65989159481117
1245,60,45,20,Mode,40,[   0   64  195  264  683  822  949 1038 1117 1180],9,419,63,131.11111111111111,100193.76383873638,41.53718318173278,-0.01595717069880243,53.43808875693615,5.541235725618307,0.10328256578534734,30.610267199297454,2.661872757529538
1246,60,45,20,Median,40,[   0   64  195  264  681  822  949 1038 1117 1180],9,417,63,131.11111111111111,100536.79849078585,41.55223701992456,-0.015992269447854212,53.45512297394879,5.541187377129213,0.1033520270470119,30.718955172882065,2.65989159481117
1247,60,45,20,Mode,40,[   0   64  195  264  637  683  822  949 1038 1117 1180],10,373,46,118.0,73548.99153059462,38.06095594844086,-0.022958943877283977,48.160650115515686,5.7378656955145075,0.08996888475919165,21.983202926639322,3.0398502897772888
1248,60,45,20,Median,40,[   0   64  195  264  380  681  822  949 1038 1117 1180],10,301,63,118.0,87441.84029732003,38.616056557103825,-0.03294439081771344,48.523074416377334,5.8891059226517255,0.0925423627790276,26.671135548969144,3.045484138724609
1249,60,45,20,Mode,40,[   0   64  195  264  380  683  822  949 1038 1117 1180],10,303,63,118.0,87226.58990454806,38.619832756692645,-0.03290880426084103,48.52166985720521,5.880732523549455,0.09252579101061655,26.605743837072314,3.0420864339390388
1250,60,45,20,Median,40,[   0   64  195  264  380  681  822  949 1038 1117 1180],10,301,63,118.0,87441.84029732003,38.616056557103825,-0.03294439081771344,48.523074416377334,5.8891059226517255,0.0925423627790276,26.671135548969144,3.045484138724609
1251,60,45,20,Mode,40,[   0   64  195  264  380  683  822  949 1038 1117 1180],10,303,63,118.0,87226.58990454806,38.619832756692645,-0.03290880426084103,48.52166985720521,5.880732523549455,0.09252579101061655,26.605743837072314,3.0420864339390388
1252,60,45,20,Median,40,[   0   64  195  264  380  681  822  887  949 1038 1117 1180],11,301,62,107.27272727272727,74076.28235610746,37.61381368675211,-0.034710559137798795,44.685636020756,5.850540852928858,0.09172889505393451,23.137822964185823,3.1701961389155793
1253,60,45,20,Mode,40,[   0   64  195  264  380  637  683  822  887  949 1038 1117 1180],12,257,46,98.33333333333333,56100.18940329524,34.96591339172398,-0.03569327388675686,41.076655389983486,5.877445696979833,0.08105842678417545,17.392639650302574,3.491657697140198
1254,60,45,20,Median,40,[   0   64  195  264  380  681  822  887  949 1038 1117 1180],11,301,62,107.27272727272727,74076.28235610746,37.61381368675211,-0.034710559137798795,44.685636020756,5.850540852928858,0.09172889505393451,23.137822964185823,3.1701961389155793
1255,60,45,20,Mode,40,[   0   64  195  264  380  584  683  822  887  949 1038 1117 1180],12,204,62,98.33333333333333,61642.73693150315,35.40124873264183,-0.03531315323322517,41.08489716755837,6.105432294349161,0.08578479371749782,19.106934991014143,3.5636511131792106
1256,60,45,20,Median,40,[   0   64  195  264  380  681  822  949 1038 1117 1180],10,301,63,118.0,87441.84029732003,38.616056557103825,-0.03294439081771344,48.523074416377334,5.8891059226517255,0.0925423627790276,26.671135548969144,3.045484138724609
1257,60,45,20,Mode,40,[   0   64  195  264  380  683  822  949 1038 1117 1180],10,303,63,118.0,87226.58990454806,38.619832756692645,-0.03290880426084103,48.52166985720521,5.880732523549455,0.09252579101061655,26.605743837072314,3.0420864339390388
1258,60,45,20,Median,40,[   0   64  195  264  380  681  846  887  949 1038 1117 1180],11,301,41,107.27272727272727,83293.71890140472,40.66069809928132,-0.03414346747765057,45.10162597576999,5.741662438160805,0.10740298579870133,25.78826630413401,2.980526677809988
1259,60,45,20,Mode,40,[   0   64  195  264  380  637  683  846  887  949 1038 1117 1180],12,257,41,98.33333333333333,59987.36808199136,37.72788056689446,-0.03520587634581444,41.47483845269769,5.78779178158911,0.09463973595959153,18.376727958469647,3.307694488981778
1260,60,50,10,Median,40,[   0  262  822 1180],3,560,262,393.3333333333333,417217.52388416854,43.324688203306636,0.033523129498755126,96.3758918493294,3.478318384975873,0.1135523901481608,111.17597987873563,2.7896488970541578
1261,60,50,10,Mode,40,[   0  262  822 1180],3,560,262,393.3333333333333,417217.52388416854,43.324688203306636,0.033523129498755126,96.3758918493294,3.478318384975873,0.1135523901481608,111.17597987873563,2.7896488970541578
1262,60,50,10,Median,40,[   0  262  681  897 1180],4,419,216,295.0,293502.4937296566,43.642011563056315,0.04467208093503417,90.63459519670234,3.535019876741724,0.12277487398184751,86.13739264144402,2.7793655766075775
1263,60,50,10,Mode,40,[   0  262  683  822 1180],4,421,139,295.0,179107.2704367198,36.97092223791406,0.027425779590453035,85.31802598333992,4.191839878466377,0.08835813769817012,57.15810885388782,3.1232496795215643
1264,60,50,10,Median,40,[   0  262  681  822  949 1180],5,419,127,236.0,208879.72669847138,45.6084837279416,0.041715720230006886,84.97742702281798,3.6781104072862703,0.12530466800322357,61.425868156537085,2.447511569826513
1265,60,50,10,Mode,40,[   0  262  683  822  949 1180],5,421,127,236.0,208085.30302397275,45.57518884462533,0.04204860361258145,84.94738803154527,3.6860653891595874,0.12514451822560635,61.18905306786826,2.4507488105993454
1266,60,50,10,Median,40,[   0   80  262  681  822  949 1180],6,419,80,196.66666666666666,188328.83258258665,45.41490734096355,0.011162598422229504,73.78358153493367,4.022438321296845,0.12319105178419479,57.14978556026166,2.428121142972723
1267,60,50,10,Mode,40,[   0   64  262  683  822  949 1180],6,421,64,196.66666666666666,192212.00456954312,46.43246031163327,0.005685760949438973,74.76363116731001,3.989093985696707,0.1261262679252258,58.58916539982779,2.3523748678077276
1268,60,50,10,Median,40,[   0   80  262  681  822  949 1180],6,419,80,196.66666666666666,188328.83258258665,45.41490734096355,0.011162598422229504,73.78358153493367,4.022438321296845,0.12319105178419479,57.14978556026166,2.428121142972723
1269,60,50,10,Mode,40,[   0   64  262  683  822  949 1180],6,421,64,196.66666666666666,192212.00456954312,46.43246031163327,0.005685760949438973,74.76363116731001,3.989093985696707,0.1261262679252258,58.58916539982779,2.3523748678077276
1270,60,50,10,Median,40,[   0   80  262  683  822  949 1180],6,421,80,196.66666666666666,187672.41309249945,45.38637493352709,0.011350757748123852,73.75863233768722,4.039429503119059,0.12303733208941028,56.9546023154944,2.430474875395375
1271,60,50,10,Mode,40,[   0   64  262  683  822  949 1180],6,421,64,196.66666666666666,192212.00456954312,46.43246031163327,0.005685760949438973,74.76363116731001,3.989093985696707,0.1261262679252258,58.58916539982779,2.3523748678077276
1272,60,50,10,Median,40,[   0   80  195  262  683  822  949 1180],7,421,67,168.57142857142858,131172.15946048268,43.00347569936495,-0.004801510513790566,65.54077596002718,3.8909494159694655,0.11475756389826537,39.78693017294177,2.5364031714902153
1273,60,50,10,Mode,40,[   0   64  195  262  683  822  949 1180],7,421,64,168.57142857142858,131131.69637466178,43.14362069204075,-0.007993140250084229,65.96376777377215,3.7445077623134564,0.1140043027343473,39.73666804828547,2.5493150493936922
1274,60,50,10,Median,40,[   0   80  195  262  637  683  822  949 1040 1117 1180],10,375,46,118.0,73715.66414626542,38.11966631514962,-0.019443319232684417,47.97993827021681,5.929670533140458,0.09128211387953118,22.04888742328858,3.017655143648149
1275,60,50,10,Mode,40,[   0   64  195  262  637  683  822  949 1040 1117 1180],10,375,46,118.0,73688.68875571816,38.21309631026682,-0.02259130815940968,48.275656843321514,5.827161375581253,0.09077993977025246,22.01537934018438,3.0262630622504667
1276,60,50,10,Median,40,[   0   80  195  262  637  683  822  949 1040 1117 1180],10,375,46,118.0,73715.66414626542,38.11966631514962,-0.019443319232684417,47.97993827021681,5.929670533140458,0.09128211387953118,22.04888742328858,3.017655143648149
1277,60,50,10,Mode,40,[   0   64  195  262  637  683  822  949 1040 1117 1180],10,375,46,118.0,73688.68875571816,38.21309631026682,-0.02259130815940968,48.275656843321514,5.827161375581253,0.09077993977025246,22.01537934018438,3.0262630622504667
1278,60,50,10,Median,40,[   0   80  195  262  682  822  949 1040 1117 1180],9,420,63,131.11111111111111,100439.3321862109,41.60077588899047,-0.011537220985752375,53.21412784609184,5.751419748597595,0.10470223689098945,30.69785087317024,2.6353292898268075
1279,60,50,10,Mode,40,[   0   64  195  262  637  683  822  949 1040 1117 1180],10,375,46,118.0,73688.68875571816,38.21309631026682,-0.02259130815940968,48.275656843321514,5.827161375581253,0.09077993977025246,22.01537934018438,3.0262630622504667
1280,60,50,10,Median,40,[   0   80  195  262  637  682  822  897  949 1040 1117 1180],11,375,45,107.27272727272727,59239.44315143997,36.165662348032235,-0.01998970463239693,43.836936456683524,6.024976913870586,0.0855123317683879,18.31450057711347,3.2548865287746525
1281,60,50,10,Mode,40,[   0   64  195  262  637  683  822  897  949 1040 1117 1180],11,375,46,107.27272727272727,59273.08168148383,36.27417330744367,-0.024053024280582827,44.14958610547305,5.90901367168238,0.08475916761851043,18.307525918499838,3.253018384655526
1282,60,50,10,Median,40,[   0   80  195  264  637  682  822  897  949 1040 1117 1180],11,373,45,107.27272727272727,59510.36792362734,36.1770932640234,-0.0200773766314676,43.86701576763718,6.018105163807528,0.08556928563762155,18.421546649475207,3.2537271951970963
1283,60,50,10,Mode,40,[   0   64  195  262  637  683  822  897  949 1040 1117 1180],11,375,46,107.27272727272727,59273.08168148383,36.27417330744367,-0.024053024280582827,44.14958610547305,5.90901367168238,0.08475916761851043,18.307525918499838,3.253018384655526
1284,60,50,10,Median,40,[   0   80  195  264  637  682  822  897  949 1040 1117 1180],11,373,45,107.27272727272727,59510.36792362734,36.1770932640234,-0.0200773766314676,43.86701576763718,6.018105163807528,0.08556928563762155,18.421546649475207,3.2537271951970963
1285,60,50,10,Mode,40,[   0   64  195  262  637  683  822  897  949 1040 1117 1180],11,375,46,107.27272727272727,59273.08168148383,36.27417330744367,-0.024053024280582827,44.14958610547305,5.90901367168238,0.08475916761851043,18.307525918499838,3.253018384655526
1286,60,50,10,Median,40,[   0   80  195  264  637  682  822  897  949 1040 1117 1180],11,373,45,107.27272727272727,59510.36792362734,36.1770932640234,-0.0200773766314676,43.86701576763718,6.018105163807528,0.08556928563762155,18.421546649475207,3.2537271951970963
1287,60,50,10,Mode,40,[   0   64  195  262  637  683  822  897  949 1040 1117 1180],11,375,46,107.27272727272727,59273.08168148383,36.27417330744367,-0.024053024280582827,44.14958610547305,5.90901367168238,0.08475916761851043,18.307525918499838,3.253018384655526
1288,60,50,15,Median,40,[   0  250  827 1180],3,577,250,393.3333333333333,403925.64688503125,42.82913822784474,0.032679468127083444,93.1661297025979,3.515930342485421,0.11113770025218,107.27939725704405,2.8146077505879035
1289,60,50,15,Mode,40,[   0  264  949 1180],3,685,231,393.3333333333333,207708.15611469495,32.671926308806604,0.010630282991190006,48.65484911576699,4.511419506788704,0.0502323912654335,49.14594745241524,3.9958883733008532
1290,60,50,15,Median,40,[   0  250  721  949 1180],4,471,228,295.0,341197.22517919616,46.83939804345989,0.04755668011765499,94.49397770909081,3.128963632223647,0.1291489947745212,97.25136110922729,2.5261657486780007
1291,60,50,15,Mode,40,[   0  264  822  949 1180],4,558,127,295.0,326615.8112564256,53.04644149019836,0.041301738330205416,89.606639361711,3.047720397146463,0.15393226045987016,89.47999939413474,2.4104047835235156
1292,60,50,15,Median,40,[   0  250  681  822  949 1180],5,431,127,236.0,207582.58337323245,45.53930587119919,0.042593959203562355,84.80231756574021,3.6698570319369956,0.12469700844643147,60.94394584611918,2.4523692841555276
1293,60,50,15,Mode,40,[   0  264  683  822  949 1180],5,419,127,236.0,208074.16527521776,45.571259490627654,0.0417235058017889,84.88850795777067,3.695811798648952,0.12506701181819221,61.171532361415046,2.4512257309953935
1294,60,50,15,Median,40,[   0  250  681  822  949 1180],5,431,127,236.0,207582.58337323245,45.53930587119919,0.042593959203562355,84.80231756574021,3.6698570319369956,0.12469700844643147,60.94394584611918,2.4523692841555276
1295,60,50,15,Mode,40,[   0  264  683  822  949 1180],5,419,127,236.0,208074.16527521776,45.571259490627654,0.0417235058017889,84.88850795777067,3.695811798648952,0.12506701181819221,61.171532361415046,2.4512257309953935
1296,60,50,15,Median,40,[   0   72  262  681  822  949 1180],6,419,72,196.66666666666666,190206.61654537957,45.810794854596715,0.008137466562062068,74.15265028184264,4.01018191408594,0.12413082978685655,57.799555393437345,2.3949531017871797
1297,60,50,15,Mode,40,[   0   64  264  683  822  949 1180],6,419,64,196.66666666666666,191969.29160538752,46.36762368938688,0.005604452370810502,74.66800033918474,4.007167103891509,0.12574937771932032,58.47821704053924,2.3559920600043704
1298,60,50,15,Median,40,[   0   72  262  683  822  949 1180],6,421,72,196.66666666666666,189549.59892551255,45.782332566052204,0.008316128418315303,74.12764137239634,4.02640102014981,0.12397737037558725,57.60432995620074,2.3973161878511493
1299,60,50,15,Mode,40,[   0   64  264  683  822  949 1180],6,419,64,196.66666666666666,191969.29160538752,46.36762368938688,0.005604452370810502,74.66800033918474,4.007167103891509,0.12574937771932032,58.47821704053924,2.3559920600043704
1300,60,50,15,Median,40,[   0   64  195  263  637  683  822  949 1040 1180],9,374,46,131.11111111111111,71925.50453922013,36.03430435080745,-0.020003389071065802,51.592706755941265,4.4772904943705685,0.08295824046258002,21.798607184224593,3.3053967011098635
1301,60,50,15,Mode,40,[   0   64  195  264  683  822  949 1180],7,419,64,168.57142857142858,131644.15139887892,43.16920426906652,-0.00832293167655527,66.00785249568223,3.744501449285592,0.11415033530254533,39.92503273261142,2.5483119767947007
1302,60,50,15,Median,40,[   0   64  195  263  637  683  822  949 1038 1117 1180],10,374,46,118.0,73335.63474187738,38.034209724028386,-0.02307300414216731,48.11899640508507,5.743172512249896,0.08981147931386894,21.901416613641665,3.043194254598822
1303,60,50,15,Mode,40,[   0   64  195  264  637  683  822  949 1038 1117 1180],10,373,46,118.0,73548.99153059462,38.06095594844086,-0.022958943877283977,48.160650115515686,5.7378656955145075,0.08996888475919165,21.983202926639322,3.0398502897772888
1304,60,50,15,Median,40,[   0   64  195  263  682  822  949 1038 1117 1180],9,419,63,131.11111111111111,100031.12119280084,41.507003887935355,-0.016075611293937236,53.36874269618642,5.55097717155866,0.10307096828523482,30.534684133631604,2.6644371979494306
1305,60,50,15,Mode,40,[   0   64  195  264  637  683  822  949 1038 1117 1180],10,373,46,118.0,73548.99153059462,38.06095594844086,-0.022958943877283977,48.160650115515686,5.7378656955145075,0.08996888475919165,21.983202926639322,3.0398502897772888
1306,60,50,15,Median,40,[   0   64  195  263  682  822  949 1038 1117 1180],9,419,63,131.11111111111111,100031.12119280084,41.507003887935355,-0.016075611293937236,53.36874269618642,5.55097717155866,0.10307096828523482,30.534684133631604,2.6644371979494306
1307,60,50,15,Mode,40,[   0   64  195  264  637  683  822  949 1038 1117 1180],10,373,46,118.0,73548.99153059462,38.06095594844086,-0.022958943877283977,48.160650115515686,5.7378656955145075,0.08996888475919165,21.983202926639322,3.0398502897772888
1308,60,50,15,Median,40,[   0   64  195  263  637  682  822  887  949 1038 1117 1180],11,374,45,107.27272727272727,61380.27221921104,37.06758175128164,-0.024681610877516243,44.27298634838506,5.7331646406739445,0.08953316481334284,18.83383789252187,3.177283719970137
1309,60,50,15,Mode,40,[   0   64  195  264  637  683  822  887  949 1038 1117 1180],11,373,46,107.27272727272727,61626.66680538466,37.11476363226077,-0.02473094332873501,44.35545115634113,5.710292586876406,0.08936312042668912,18.929239284975317,3.164651216984477
1310,60,50,15,Median,40,[   0   64  195  263  498  584  682  822  887  949 1038 1117 1180],12,235,62,98.33333333333333,61830.07784260278,35.60076720314708,-0.030253140407952878,40.88635802087949,6.044119026633475,0.0877507077132274,19.086765166003662,3.4738922801911656
1311,60,50,15,Mode,40,[   0   64  195  264  475  637  683  822  887  949 1038 1117 1180],12,211,46,98.33333333333333,56336.25541780977,34.75755597199052,-0.03024435994263492,40.91171058779375,6.108489684853494,0.08231728765035487,17.409645328225142,3.622536004301969
1312,60,50,15,Median,40,[   0   64  195  264  498  584  682  822  887  949 1038 1117 1180],12,234,62,98.33333333333333,61976.83696855996,35.61871027667899,-0.03014797850319675,40.91363424406483,6.044842062050083,0.08786565888935217,19.14596955291535,3.4724768911072585
1313,60,50,15,Mode,40,[   0   64  195  264  475  637  683  822  887  949 1038 1117 1180],12,211,46,98.33333333333333,56336.25541780977,34.75755597199052,-0.03024435994263492,40.91171058779375,6.108489684853494,0.08231728765035487,17.409645328225142,3.622536004301969
1314,60,50,15,Median,40,[   0   64  195  264  498  682  846  887  949 1038 1117 1180],11,234,41,107.27272727272727,80030.7796106011,40.38807790627734,-0.028094446159788164,44.89304800115123,6.045549140466485,0.10937889165870893,24.437440262762696,3.1614759680001097
1315,60,50,15,Mode,40,[   0   64  195  264  475  683  846  887  949 1038 1117 1180],11,211,41,107.27272727272727,80534.95268787228,40.37570208516596,-0.02877948090334909,44.9538988056833,6.021403129024112,0.10854276604388044,24.707873265354138,3.143577007326614
1316,60,50,20,Median,40,[   0  247  829 1180],3,582,247,393.3333333333333,399834.6918584171,42.639154293337114,0.03290210989362378,92.36782294953959,3.5165160886507483,0.1104456190321915,106.09603350959496,2.830444880220198
1317,60,50,20,Mode,40,[   0  195  949 1180],3,754,195,393.3333333333333,212215.98262167556,34.23779031455388,0.019801344221855973,49.998376350826376,3.9855883351769634,0.05527267789021675,51.19968373259126,3.617330998578826
1318,60,50,20,Median,40,[   0  244  721  949 1180],4,477,228,295.0,340281.02319918183,46.81610327257542,0.04866192621213247,94.39240198760913,3.138232584439959,0.12926650576929233,97.09315096476787,2.5250972714465187
1319,60,50,20,Mode,40,[   0  195  822  949 1180],4,627,127,295.0,322581.97639606457,53.55817531184436,0.05209383258349825,89.4848401571475,2.930071051178526,0.15756556585820547,89.1308545853373,2.3224570128544477
1320,60,50,20,Median,40,[   0  244  679  822  949 1180],5,435,127,236.0,207681.9009570569,45.53553111432179,0.04406460590989213,84.84816669948026,3.62920231714757,0.12508425836528717,61.011960243086165,2.4548552494712115
1321,60,50,20,Mode,40,[   0  195  683  822  949 1180],5,488,127,236.0,195860.9928622418,44.984708449067476,0.04460023756902352,82.53273406481442,3.54293091414997,0.12132434244415152,56.66942043700757,2.4958772081092997
1322,60,50,20,Median,40,[   0  244  679  822  949 1180],5,435,127,236.0,207681.9009570569,45.53553111432179,0.04406460590989213,84.84816669948026,3.62920231714757,0.12508425836528717,61.011960243086165,2.4548552494712115
1323,60,50,20,Mode,40,[   0  195  683  822  949 1180],5,488,127,236.0,195860.9928622418,44.984708449067476,0.04460023756902352,82.53273406481442,3.54293091414997,0.12132434244415152,56.66942043700757,2.4958772081092997
1324,60,50,20,Median,40,[   0   64  262  679  822  949 1180],6,417,64,196.66666666666666,193741.69928430647,46.50404619229829,0.006059786866057593,74.94636071694475,3.94309286483265,0.1268029573559038,59.13232654255974,2.3492299087264286
1325,60,50,20,Mode,40,[   0   64  195  683  822  949 1180],6,488,64,196.66666666666666,194575.0470693141,49.16831703769911,-0.0011196906700416155,75.14389003229213,3.622516193389849,0.13936773004501432,59.99202712616462,2.2344895724524427
1326,60,50,20,Median,40,[   0   64  262  679  822  949 1038 1117 1180],8,417,63,147.5,140056.24267687855,43.68606725727922,-0.005520445485965529,57.909160484411416,5.901030774563369,0.11076761446386084,42.99908198735853,2.5358942490143206
1327,60,50,20,Mode,40,[   0   64  195  683  822  949 1038 1117 1180],8,488,63,147.5,140651.49109474113,45.589117861136955,-0.009762608539825655,58.05576964037238,5.6560434369210295,0.11974245209893977,43.6131538327906,2.4539368659614738
1328,60,50,20,Median,40,[   0   64  195  264  679  822  949 1038 1117 1180],9,415,63,131.11111111111111,100977.05780561588,41.57016062332129,-0.01573142035443292,53.56069473728597,5.530979317561999,0.10368564337867517,30.86305731243027,2.6592672755914735
1329,60,50,20,Mode,40,[   0   64  195  264  683  822  949 1038 1117 1180],9,419,63,131.11111111111111,100193.76383873638,41.53718318173278,-0.01595717069880243,53.43808875693615,5.541235725618307,0.10328256578534734,30.610267199297454,2.661872757529538
1330,60,50,20,Median,40,[   0   64  195  264  682  822  949 1038 1117 1180],9,418,63,131.11111111111111,100311.8013710134,41.540126719244554,-0.0160366177587924,53.41342963277748,5.546059038845943,0.10326631279067465,30.63962465794387,2.661336146893224
1331,60,50,20,Mode,40,[   0   64  195  264  637  683  822  949 1038 1117 1180],10,373,46,118.0,73548.99153059462,38.06095594844086,-0.022958943877283977,48.160650115515686,5.7378656955145075,0.08996888475919165,21.983202926639322,3.0398502897772888
1332,60,50,20,Median,40,[   0   64  195  264  380  682  822  949 1038 1117 1180],10,302,63,118.0,87312.76998493445,38.619345455564634,-0.032971956507730896,48.49810776790778,5.886099980884145,0.09251057548296615,26.626565970136046,3.0423855549389702
1333,60,50,20,Mode,40,[   0   64  195  264  380  683  822  949 1038 1117 1180],10,303,63,118.0,87226.58990454806,38.619832756692645,-0.03290880426084103,48.52166985720521,5.880732523549455,0.09252579101061655,26.605743837072314,3.0420864339390388
1334,60,50,20,Median,40,[   0   64  195  264  380  681  822  949 1038 1117 1180],10,301,63,118.0,87441.84029732003,38.616056557103825,-0.03294439081771344,48.523074416377334,5.8891059226517255,0.0925423627790276,26.671135548969144,3.045484138724609
1335,60,50,20,Mode,40,[   0   64  195  264  380  683  822  949 1038 1117 1180],10,303,63,118.0,87226.58990454806,38.619832756692645,-0.03290880426084103,48.52166985720521,5.880732523549455,0.09252579101061655,26.605743837072314,3.0420864339390388
1336,60,50,20,Median,40,[   0   64  195  264  380  681  822  949 1038 1117 1180],10,301,63,118.0,87441.84029732003,38.616056557103825,-0.03294439081771344,48.523074416377334,5.8891059226517255,0.0925423627790276,26.671135548969144,3.045484138724609
1337,60,50,20,Mode,40,[   0   64  195  264  380  683  822  949 1038 1117 1180],10,303,63,118.0,87226.58990454806,38.619832756692645,-0.03290880426084103,48.52166985720521,5.880732523549455,0.09252579101061655,26.605743837072314,3.0420864339390388
1338,60,50,20,Median,40,[   0   64  195  264  380  681  822  949 1038 1117 1180],10,301,63,118.0,87441.84029732003,38.616056557103825,-0.03294439081771344,48.523074416377334,5.8891059226517255,0.0925423627790276,26.671135548969144,3.045484138724609
1339,60,50,20,Mode,40,[   0   64  195  264  380  683  822  949 1038 1117 1180],10,303,63,118.0,87226.58990454806,38.619832756692645,-0.03290880426084103,48.52166985720521,5.880732523549455,0.09252579101061655,26.605743837072314,3.0420864339390388
1340,60,50,20,Median,40,[   0   64  195  264  380  681  822  887  949 1038 1117 1180],11,301,62,107.27272727272727,74076.28235610746,37.61381368675211,-0.034710559137798795,44.685636020756,5.850540852928858,0.09172889505393451,23.137822964185823,3.1701961389155793
1341,60,50,20,Mode,40,[   0   64  195  264  380  584  683  822  887  949 1038 1117 1180],12,204,62,98.33333333333333,61642.73693150315,35.40124873264183,-0.03531315323322517,41.08489716755837,6.105432294349161,0.08578479371749782,19.106934991014143,3.5636511131792106
1342,60,50,20,Median,40,[   0   64  195  264  380  681  822  887  949 1038 1117 1180],11,301,62,107.27272727272727,74076.28235610746,37.61381368675211,-0.034710559137798795,44.685636020756,5.850540852928858,0.09172889505393451,23.137822964185823,3.1701961389155793
1343,60,50,20,Mode,40,[   0   64  195  264  380  584  683  822  887  949 1038 1117 1180],12,204,62,98.33333333333333,61642.73693150315,35.40124873264183,-0.03531315323322517,41.08489716755837,6.105432294349161,0.08578479371749782,19.106934991014143,3.5636511131792106
