,Silh,Cal-Har,Dav-Bold,Ward,Centr
0,0.16495367565248062,104.49593468867965,2.077446294320514,49031.37435730636,20.292518940120456
1,0.19530110608089324,131.39342222128843,1.6572962040062436,93145.42691873501,29.86172483145236
2,0.028208325191293876,17.683298648861946,5.3364019406499725,14230.750937411674,10.017452972929778
3,0.060650727552889534,57.050829937428105,2.5405594993496026,40000.8616651873,18.964409441342426
4,0.05803536798785313,26.700379033093714,3.541912039504661,15441.06598827753,12.791343131383522
5,0.029681048782523138,14.670787865812414,5.564359765896884,9117.58277789272,8.497480917729522
6,0.039004301156548335,21.66773053290639,4.619062116762607,14401.149700813417,10.609239834172454
