,St_len_min,K_nb_max,N_cl_max,Cl_cen,Len_min,St_edges,N_stages,Longest_stage,Shortest_stage,Avg_stage_length,Ward_dist,Cen_dist,Silh,Cal-Har,Dav-Bold,Avg-Silh,Avg-Cal-Har,Avg-Dav-Bold
0,0,35,10,Median,40,[   0  194 1046],2,852,194,523.0,247763.02727329175,39.59710446190167,0.06976881101534166,71.72272908854954,2.6239717787448424,0.06976881101534166,71.72272908854954,2.6239717787448424
1,0,35,10,Mode,40,[   0  217 1046],2,829,217,523.0,252769.08190478027,38.337226046030345,0.07167349516109604,73.27359742654461,2.7441404978915678,0.07167349516109604,73.27359742654461,2.7441404978915678
2,0,35,10,Median,40,[   0  194  555  855 1046],4,361,191,261.5,104350.13522878283,26.32134227965409,0.026302909426179865,39.74223966103602,5.381522533825173,0.06064903082758114,34.96553864452586,4.779968930389669
3,0,35,10,Mode,40,[   0  217  681  976 1046],4,464,70,261.5,94485.39587027032,25.402083432400076,0.023820502580116292,30.833668350172843,6.766791026439255,0.047752543989835035,28.833929509887728,5.650985416051946
4,0,35,10,Median,40,[   0  194  539  681  888 1046],5,345,142,209.2,191039.51373826808,42.61473347057075,0.02470915723711898,49.383083947863376,5.431811671583036,0.11608618513081043,63.95589830972059,2.733250376298585
5,0,35,10,Mode,40,[   0  217  486  681  976 1046],5,295,70,209.2,151245.23174003902,36.37677564649691,0.021204718409100633,45.66342207901908,4.546561629931302,0.08762285873722721,51.18691183615408,3.116231462322357
6,0,35,10,Median,40,[   0  194  539  681  842  976 1046],6,345,70,174.33333333333334,205547.04030745855,49.911427751350914,0.025839798470870666,52.15049660372458,4.8688476951399435,0.14716547922909767,68.59811898631935,2.125744295821874
7,0,35,10,Mode,40,[   0  217  486  681  842  976 1046],6,269,70,174.33333333333334,191657.60982613987,47.13988719988032,0.0228183730897878,50.70646578343265,4.847668434011158,0.13480590520457186,63.92038647827834,2.2340766092988575
8,0,35,10,Median,40,[   0   81  217  539  681  842  976 1046],7,322,70,149.42857142857142,165465.61914809127,46.129765478448924,-0.000598894249882718,46.73003055554329,4.604848201194719,0.12956417825893826,55.24272400140776,2.299728440265475
9,0,35,10,Mode,40,[   0   81  217  486  681  842  976 1046],7,269,70,149.42857142857142,156899.4463240754,44.03733641915856,-0.0023266891493879107,46.009815349456204,4.613623572720429,0.11917201069732752,52.21392181213684,2.375320010573252
10,0,35,10,Median,40,[   0   81  217  486  546  681  842  976 1046],8,269,60,130.75,119416.59304454585,42.26006347187854,-0.006796078121102182,43.46314515901904,4.360987879844352,0.1101506042789341,39.80131763661934,2.5015860402869343
11,0,35,10,Mode,40,[   0   81  217  486  539  681  842  976 1046],8,269,53,130.75,116348.17364546466,41.9136428335866,-0.008742649484982452,42.78366529093452,4.371934125409862,0.10657501926265676,38.57272541812663,2.5020595828339958
12,0,35,10,Median,40,[   0   81  217  486  546  681  791  842  976 1046],9,269,51,116.22222222222223,96215.38405129593,42.53316496058272,-0.010640776915635315,40.856014501285756,4.224506363373541,0.11388577234624124,32.958882874017824,2.4807949724072897
13,0,35,10,Mode,40,[   0   81  217  486  539  681  795  842  976 1046],9,269,47,116.22222222222223,92887.26972069402,42.084323850208605,-0.013439357488409975,40.00730867966427,4.2655518691503405,0.10929454460528522,31.576352935760113,2.4904948282040693
14,0,35,10,Median,40,[   0   81  217  262  486  546  681  791  842  976 1046],10,224,45,104.6,79871.3066870408,40.27290480957724,-0.018688240013764085,37.59762083706048,4.3375793098542115,0.09737668776144097,27.359406222199297,2.62586421844758
15,0,35,10,Mode,40,[   0   81  217  262  486  539  681  795  842  976 1046],10,224,45,104.6,76927.11193285653,39.88078556054248,-0.021121079628924833,36.830814650548575,4.371345970422562,0.09341556625614127,26.137447316610675,2.63569133811818
16,0,35,10,Median,40,[   0  124  217  262  486  546  681  791  842  976 1046],10,224,45,104.6,81173.88416134124,40.749753224243854,-0.009959346753144624,38.19899639220512,4.320138631857872,0.10469543090467755,27.997988751179395,2.5966596749462654
17,0,35,10,Mode,40,[   0  124  217  262  486  539  681  795  842  976 1046],10,224,45,104.6,78229.68940715695,40.35763397520909,-0.012587774452769334,37.42615414476827,4.36136301453251,0.10073430939937783,26.776029845590774,2.606486794616865
18,0,35,10,Median,40,[   0  124  217  262  486  546  681  791  842  888  976 1046],11,224,45,95.0909090909091,68199.76973810588,38.23867265952423,-0.013081051191897225,35.02686207488144,4.47466943303128,0.09414723788973352,23.627529525008505,2.841129597053904
19,0,35,10,Mode,40,[   0  124  217  262  486  539  681  795  842  888  976 1046],11,224,45,95.0909090909091,66278.27998786558,37.88024076505205,-0.015783910205376207,34.32511056933011,4.494835745225514,0.09066212003831849,22.76516195134986,2.8526074995342787
20,0,35,10,Median,40,[   0   52  124  217  262  486  546  681  791  842  888  976 1046],12,224,45,87.16666666666667,60237.10731899964,36.08068106620394,-0.028914478221320993,32.429507877313206,4.5092933744928265,0.08372090841360823,20.7984472640476,2.98164994711231
21,0,35,10,Mode,40,[   0   52  124  217  262  486  539  681  795  842  888  976 1046],12,224,45,87.16666666666667,58490.29845514483,35.75483388941105,-0.03148718533666362,31.785910967992514,4.521564392248967,0.08055261945777638,20.014476742539742,2.9920844039126506
22,0,35,10,Median,40,[   0   52  124  217  262  486  546  681  795  842  888  976 1046],12,224,45,87.16666666666667,60289.45068573924,35.960871071675264,-0.02960481883420042,32.250521822820396,4.530134761256111,0.08280453350710816,20.767111200323924,2.9910571867576605
23,0,35,10,Mode,40,[   0   52  124  217  262  486  539  681  795  842  888  976 1046],12,224,45,87.16666666666667,58490.29845514483,35.75483388941105,-0.03148718533666362,31.785910967992514,4.521564392248967,0.08055261945777638,20.014476742539742,2.9920844039126506
24,0,35,10,Median,40,[   0   52  124  217  262  486  546  681  795  842  888  976 1046],12,224,45,87.16666666666667,60289.45068573924,35.960871071675264,-0.02960481883420042,32.250521822820396,4.530134761256111,0.08280453350710816,20.767111200323924,2.9910571867576605
25,0,35,10,Mode,40,[   0   52  124  217  262  486  539  681  795  842  888  976 1046],12,224,45,87.16666666666667,58490.29845514483,35.75483388941105,-0.03148718533666362,31.785910967992514,4.521564392248967,0.08055261945777638,20.014476742539742,2.9920844039126506
26,0,35,10,Median,40,[   0   52  124  217  262  486  546  681  795  842  888  976 1046],12,224,45,87.16666666666667,60289.45068573924,35.960871071675264,-0.02960481883420042,32.250521822820396,4.530134761256111,0.08280453350710816,20.767111200323924,2.9910571867576605
27,0,35,10,Mode,40,[   0   52  124  217  262  486  539  681  795  842  888  976 1046],12,224,45,87.16666666666667,58490.29845514483,35.75483388941105,-0.03148718533666362,31.785910967992514,4.521564392248967,0.08055261945777638,20.014476742539742,2.9920844039126506
28,0,35,15,Median,40,[   0  206 1046],2,840,206,523.0,248218.43075501217,38.735538856039796,0.07306466680138056,71.8636343726179,2.7141786841043487,0.07306466680138056,71.8636343726179,2.7141786841043487
29,0,35,15,Mode,40,[   0  124  681 1046],3,557,124,348.6666666666667,91052.15850787068,25.035208083455487,0.005718585934264796,30.231374504536475,7.937025154585558,0.030601399345320506,27.403961793490495,6.575051923987619
30,0,35,15,Median,40,[   0  206  556  855 1046],4,350,191,261.5,99145.31628484694,25.61422783334868,0.023708435622894552,38.69356481834588,5.4304661288007114,0.05930933920421123,33.11183446332496,4.860906693397622
31,0,35,15,Mode,40,[   0  124  681  976 1046],4,557,70,261.5,75260.40291631012,25.990220073736097,-0.003966382112214675,24.026901630845302,6.437931002935967,0.03201493351044818,22.137593083083605,5.314869353921499
32,0,35,15,Median,40,[   0  205  539  681  918 1046],5,334,128,209.2,177810.0774181347,40.513901768291085,0.022062453297941497,46.87558309542497,5.875179187556441,0.11057499492028822,59.833766266335765,2.9700720390558493
33,0,35,15,Mode,40,[   0  124  486  681  976 1046],5,362,70,209.2,163131.70274672276,37.95387035982815,0.010766218345309084,44.85670656929624,4.245611422683382,0.08282714374177678,53.75320107969057,3.0165230828526988
34,0,35,15,Median,40,[   0  205  539  681  842  976 1046],6,334,70,174.33333333333334,201542.1859562533,49.477536924902324,0.023828919702218117,51.337598265362864,4.800334658620851,0.1465928441434156,67.29643937094917,2.153285066642509
35,0,35,15,Mode,40,[   0  124  486  681  842  976 1046],6,362,70,174.33333333333334,201166.78663148687,48.40156297054531,0.014161973549272877,49.984695910630414,4.911864701591548,0.13096933320821152,65.97341787310754,2.1543099057231307
36,0,35,15,Median,40,[   0   81  217  539  681  842  976 1046],7,322,70,149.42857142857142,165465.61914809127,46.129765478448924,-0.000598894249882718,46.73003055554329,4.604848201194719,0.12956417825893826,55.24272400140776,2.299728440265475
37,0,35,15,Mode,40,[   0  124  217  486  681  842  976 1046],7,269,70,149.42857142857142,153111.08467186056,44.1347678968907,0.012000774349059266,46.83315749359031,4.640076419184725,0.12613739975619628,51.13528656508206,2.391683980251525
38,0,35,15,Median,40,[   0   81  217  340  539  681  842  976 1046],8,199,70,130.75,127646.35740129168,41.08084016820188,-0.010089500607503027,41.86112739996736,4.764259768799701,0.10772995676165929,42.47676695413758,2.779969998292838
39,0,35,15,Mode,40,[   0  124  217  486  681  842  976 1046],7,269,70,149.42857142857142,153111.08467186056,44.1347678968907,0.012000774349059266,46.83315749359031,4.640076419184725,0.12613739975619628,51.13528656508206,2.391683980251525
40,0,35,15,Median,40,[   0   81  217  340  486  555  681  842  976 1046],9,161,69,116.22222222222223,102780.08820174239,38.994594241131026,-0.013568433727894695,39.99255821756058,4.4437472976594545,0.09964203664398476,34.42565350080875,2.8977513656944023
41,0,35,15,Mode,40,[   0  124  217  340  486  556  681  842  976 1046],9,161,70,116.22222222222223,102633.27423551946,39.107401671020114,-0.002294330625328965,40.73869895234576,4.458959315620472,0.10585703938423444,34.587164913451716,2.9195249865472785
42,0,35,15,Median,40,[   0   81  217  340  486  555  681  779  855  976 1046],10,146,69,104.6,86434.27670516349,39.58881956215082,-0.007706517177598307,38.98718212567238,4.483577236294716,0.10559619993230021,30.016427880637575,2.8435254694563277
43,0,35,15,Mode,40,[   0  124  217  340  486  556  681  776  842  976 1046],10,146,66,104.6,84688.47580924853,39.74244054978265,0.0027239905953800082,39.289156924351886,4.323560139315136,0.11099650716278825,29.599429945466277,2.8501429435458174
44,0,35,15,Median,40,[   0  124  217  340  486  555  681  779  855  976 1046],10,146,69,104.6,85952.53671814314,39.6202569035161,0.003681864547184533,39.59957375952193,4.5053573985875515,0.11071555745093035,30.023471449171595,2.8677256497817005
45,0,35,15,Mode,40,[   0  124  217  340  486  556  681  776  842  976 1046],10,146,66,104.6,84688.47580924853,39.74244054978265,0.0027239905953800082,39.289156924351886,4.323560139315136,0.11099650716278825,29.599429945466277,2.8501429435458174
46,0,35,15,Median,40,[   0  124  217  262  486  555  681  779  855  976 1046],10,224,45,104.6,86766.50212960702,41.240416310751506,-0.004979847040001378,39.74069183498652,4.620765665340569,0.10905306883859439,30.320770451471233,2.5787701800768876
47,0,35,15,Mode,40,[   0  124  217  262  486  556  681  776  842  976 1046],10,224,45,104.6,85535.11941451866,41.3646259718477,-0.006194988478143926,39.42970902238183,4.230051673249213,0.10931194247079283,29.908082359765192,2.561184343141042
48,0,35,15,Median,40,[   0  124  217  262  340  486  555  681  779  842  888  976 1046],12,146,45,87.16666666666667,63472.278360789634,36.743145399892214,-0.011770685338153567,33.581835751651056,4.66581939221852,0.09205184544065624,22.446885531573404,3.077195706463577
49,0,35,15,Mode,40,[   0  124  217  262  340  486  556  681  776  842  888  976 1046],12,146,45,87.16666666666667,63159.954419715614,36.5921086842899,-0.011578173531565077,33.50973267987091,4.780702494931247,0.09124316951961231,22.350873127875424,3.0874526479380715
50,0,35,15,Median,40,[   0  124  217  262  340  486  555  681  779  842  888  976 1046],12,146,45,87.16666666666667,63472.278360789634,36.743145399892214,-0.011770685338153567,33.581835751651056,4.66581939221852,0.09205184544065624,22.446885531573404,3.077195706463577
51,0,35,15,Mode,40,[   0  124  217  262  340  486  556  681  776  842  888  976 1046],12,146,45,87.16666666666667,63159.954419715614,36.5921086842899,-0.011578173531565077,33.50973267987091,4.780702494931247,0.09124316951961231,22.350873127875424,3.0874526479380715
52,0,35,15,Median,40,[   0   52  124  217  262  340  486  555  681  779  842  888  976 1046],13,146,45,80.46153846153847,56567.12875805193,34.88961371098461,-0.02739874096388343,31.335297884422804,4.665005064562274,0.08266899279163116,19.9519471251455,3.186333851566309
53,0,35,15,Mode,40,[   0   52  124  217  262  340  486  556  681  776  842  888  976 1046],13,146,45,80.46153846153847,56280.831812067416,34.751163388349156,-0.027209837466973242,31.268608354474885,4.771051005527867,0.08192770653067423,19.86393575508902,3.1957360479179293
54,0,35,15,Median,40,[   0   52  124  217  262  340  486  555  681  779  842  888  976 1046],13,146,45,80.46153846153847,56567.12875805193,34.88961371098461,-0.02739874096388343,31.335297884422804,4.665005064562274,0.08266899279163116,19.9519471251455,3.186333851566309
55,0,35,15,Mode,40,[   0   52  124  217  262  340  486  556  681  776  842  888  976 1046],13,146,45,80.46153846153847,56280.831812067416,34.751163388349156,-0.027209837466973242,31.268608354474885,4.771051005527867,0.08192770653067423,19.86393575508902,3.1957360479179293
56,0,35,20,Median,40,[   0  217  791 1046],3,574,217,348.6666666666667,116668.65218993214,24.094543316401026,0.03690253204636233,40.416379354323304,7.445676272702211,0.04957324120061764,35.4497700193322,6.298099867390996
57,0,35,20,Mode,40,[   0  486  681 1046],3,486,195,348.6666666666667,228219.0674486449,40.68702909961299,0.031123885241709847,53.521431936636326,4.506959975342376,0.09294636732176091,70.86361239099438,2.7369728242604983
58,0,35,20,Median,40,[   0  206  556 1046],3,490,206,348.6666666666667,143799.71065841633,30.102873224609546,0.0326272084577095,52.712466411519635,4.105446870636805,0.07010354971153147,48.27233971067412,3.7358532195535155
59,0,35,20,Mode,40,[   0  124  681  976 1046],4,557,70,261.5,75260.40291631012,25.990220073736097,-0.003966382112214675,24.026901630845302,6.437931002935967,0.03201493351044818,22.137593083083605,5.314869353921499
60,0,35,20,Median,40,[   0  194  486  681  976 1046],5,295,70,209.2,156595.5377975463,36.8387942283851,0.02320047105508778,46.424179457321095,4.542631591912416,0.08888325386118284,53.01122631688963,3.086824936335022
61,0,35,20,Mode,40,[   0  124  486  681  976 1046],5,362,70,209.2,163131.70274672276,37.95387035982815,0.010766218345309084,44.85670656929624,4.245611422683382,0.08282714374177678,53.75320107969057,3.0165230828526988
62,0,35,20,Median,40,[   0  206  539  681  842  976 1046],6,333,70,174.33333333333334,201512.87432720925,49.472552495985155,0.023934740750616107,51.345345144682526,4.801102224861858,0.1464955400116056,67.26924509188582,2.1537094298945014
63,0,35,20,Mode,40,[   0  124  486  681  842  976 1046],6,362,70,174.33333333333334,201166.78663148687,48.40156297054531,0.014161973549272877,49.984695910630414,4.911864701591548,0.13096933320821152,65.97341787310754,2.1543099057231307
64,0,35,20,Median,40,[   0   86  219  539  681  842  976 1046],7,320,70,149.42857142857142,164621.43813146022,45.998022771244614,0.001642186470453783,46.77721843389305,4.625576382711584,0.13018142010234335,54.93692574568707,2.31586973281007
65,0,35,20,Mode,40,[   0  124  217  486  681  842  976 1046],7,269,70,149.42857142857142,153111.08467186056,44.1347678968907,0.012000774349059266,46.83315749359031,4.640076419184725,0.12613739975619628,51.13528656508206,2.391683980251525
66,0,35,20,Median,40,[   0   86  217  342  539  681  842  976 1046],8,197,70,130.75,127259.4334307887,40.963309789593566,-0.007466300127722209,41.90792824383766,4.76242010706812,0.1085975603189202,42.35870080335589,2.8028729841852713
67,0,35,20,Mode,40,[   0  124  217  486  681  842  976 1046],7,269,70,149.42857142857142,153111.08467186056,44.1347678968907,0.012000774349059266,46.83315749359031,4.640076419184725,0.12613739975619628,51.13528656508206,2.391683980251525
68,0,35,20,Median,40,[   0   86  217  342  539  681  783  855  976 1046],9,197,70,116.22222222222223,106195.98074622851,41.38577999013034,-0.003050217901343209,40.30979523085378,4.727916397287449,0.11396949589938807,36.4065357747742,2.7579377957077003
69,0,35,20,Mode,40,[   0  124  217  340  486  681  776  842  976 1046],9,195,66,116.22222222222223,97763.23864131236,40.225883313735025,0.006385646476346832,39.61783195436325,4.581396698553133,0.1108099698799484,33.23550650359303,2.8302333310940786
70,0,35,20,Median,40,[   0   86  217  342  486  556  681  783  855  976 1046],10,144,70,104.6,86467.13108854128,39.53443488733946,-0.005456424549933628,39.026166929545994,4.595545532101133,0.10680038706448515,30.057061875619738,2.861062098746997
71,0,35,20,Mode,40,[   0  124  217  340  486  556  681  776  842  976 1046],10,146,66,104.6,84688.47580924853,39.74244054978265,0.0027239905953800082,39.289156924351886,4.323560139315136,0.11099650716278825,29.599429945466277,2.8501429435458174
72,0,35,20,Median,40,[   0  124  217  342  486  556  681  783  855  976 1046],10,144,70,104.6,86188.71371068533,39.634912104103634,0.0039188585587246715,39.587529048622876,4.607136770809198,0.11125230905259137,30.131006370569448,2.873941252867068
73,0,35,20,Mode,40,[   0  124  217  340  486  556  681  776  842  976 1046],10,146,66,104.6,84688.47580924853,39.74244054978265,0.0027239905953800082,39.289156924351886,4.323560139315136,0.11099650716278825,29.599429945466277,2.8501429435458174
74,0,35,20,Median,40,[   0  124  217  340  486  556  681  783  855  976 1046],10,146,70,104.6,86245.71961454004,39.662451762796856,0.0037512704293642947,39.606411498626905,4.61161315383158,0.11126363976123928,30.1508912157589,2.8666144273872805
75,0,35,20,Mode,40,[   0  124  217  340  486  556  681  776  842  976 1046],10,146,66,104.6,84688.47580924853,39.74244054978265,0.0027239905953800082,39.289156924351886,4.323560139315136,0.11099650716278825,29.599429945466277,2.8501429435458174
76,0,35,20,Median,40,[   0   52  124  210  262  342  486  556  681  783  855  976 1046],12,144,52,87.16666666666667,70001.24802406975,36.69350136838348,-0.023768502424904348,34.026895292039015,4.8379845975654625,0.09286983300384292,24.519737036175915,3.01446426958676
77,0,35,20,Mode,40,[   0   52  124  217  262  340  486  556  681  776  842  976 1046],12,146,45,87.16666666666667,67859.59160619568,36.46628615203214,-0.02450228091101377,33.5026989062826,4.637910059720322,0.09038756309000963,23.715269881364847,3.031169298653383
78,0,35,20,Median,40,[   0   52  124  210  262  342  486  556  681  783  842  888  976 1046],13,144,46,80.46153846153847,58100.46623474363,35.18475745581549,-0.026891618756502318,31.544830328891546,4.632936654315721,0.08508650408954133,20.521828627010013,3.15905752252322
79,0,35,20,Mode,40,[   0   52  124  217  262  340  486  556  681  776  842  888  976 1046],13,146,45,80.46153846153847,56280.831812067416,34.751163388349156,-0.027209837466973242,31.268608354474885,4.771051005527867,0.08192770653067423,19.86393575508902,3.1957360479179293
80,0,35,20,Median,40,[   0   52  124  210  262  342  486  556  681  783  842  888  976 1046],13,144,46,80.46153846153847,58100.46623474363,35.18475745581549,-0.026891618756502318,31.544830328891546,4.632936654315721,0.08508650408954133,20.521828627010013,3.15905752252322
81,0,35,20,Mode,40,[   0   52  124  217  262  340  486  556  681  776  842  888  976 1046],13,146,45,80.46153846153847,56280.831812067416,34.751163388349156,-0.027209837466973242,31.268608354474885,4.771051005527867,0.08192770653067423,19.86393575508902,3.1957360479179293
82,0,35,20,Median,40,[   0   52  124  210  262  342  486  556  681  783  842  888  976 1046],13,144,46,80.46153846153847,58100.46623474363,35.18475745581549,-0.026891618756502318,31.544830328891546,4.632936654315721,0.08508650408954133,20.521828627010013,3.15905752252322
83,0,35,20,Mode,40,[   0   52  124  217  262  340  486  556  681  776  842  888  976 1046],13,146,45,80.46153846153847,56280.831812067416,34.751163388349156,-0.027209837466973242,31.268608354474885,4.771051005527867,0.08192770653067423,19.86393575508902,3.1957360479179293
84,0,40,10,Median,40,[   0  190 1046],2,856,190,523.0,244665.6642854089,39.66785092136932,0.06755412004866347,70.7653248084335,2.609379925645052,0.06755412004866347,70.7653248084335,2.609379925645052
85,0,40,10,Mode,40,[   0  217 1046],2,829,217,523.0,252769.08190478027,38.337226046030345,0.07167349516109604,73.27359742654461,2.7441404978915678,0.07167349516109604,73.27359742654461,2.7441404978915678
86,0,40,10,Median,40,[   0  186  555  855 1046],4,369,186,261.5,104246.10772762827,26.419150973659526,0.025993518702053426,39.509807059354316,5.369485786560145,0.060164555036392904,34.832769176255056,4.768996857735492
87,0,40,10,Mode,40,[   0  217  681  976 1046],4,464,70,261.5,94485.39587027032,25.402083432400076,0.023820502580116292,30.833668350172843,6.766791026439255,0.047752543989835035,28.833929509887728,5.650985416051946
88,0,40,10,Median,40,[   0  186  539  681  888 1046],5,353,142,209.2,191493.46453880423,42.701422643759194,0.024306700099869093,49.190799603639235,5.441101960707406,0.11542771332951596,63.9166596497705,2.727896647845311
89,0,40,10,Mode,40,[   0  217  486  681  976 1046],5,295,70,209.2,151245.23174003902,36.37677564649691,0.021204718409100633,45.66342207901908,4.546561629931302,0.08762285873722721,51.18691183615408,3.116231462322357
90,0,40,10,Median,40,[   0   81  217  539  681  888 1046],6,322,81,174.33333333333334,145843.31366086547,39.53607759924439,-0.00601137525377882,43.06681021328527,5.140861414207129,0.10118048278627659,48.85786846314643,2.820530133535564
91,0,40,10,Mode,40,[   0   81  217  486  681  976 1046],6,295,70,174.33333333333334,117617.91115478182,34.80633702030748,-0.010168651032907478,40.563121087065234,4.271467800806426,0.07829879462200291,39.68584916520913,3.1092925732469303
92,0,40,10,Median,40,[   0   81  217  539  681  842  976 1046],7,322,70,149.42857142857142,165465.61914809127,46.129765478448924,-0.000598894249882718,46.73003055554329,4.604848201194719,0.12956417825893826,55.24272400140776,2.299728440265475
93,0,40,10,Mode,40,[   0   81  217  486  681  842  976 1046],7,269,70,149.42857142857142,156899.4463240754,44.03733641915856,-0.0023266891493879107,46.009815349456204,4.613623572720429,0.11917201069732752,52.21392181213684,2.375320010573252
94,0,40,10,Median,40,[   0   81  217  486  552  681  842  976 1046],8,269,66,130.75,121355.8204262566,42.523708554345035,-0.006300707020199602,43.777138299937164,4.319488155550351,0.11178176276317922,40.55663624901475,2.4919729928759504
95,0,40,10,Mode,40,[   0   81  217  486  539  681  842  976 1046],8,269,53,130.75,116348.17364546466,41.9136428335866,-0.008742649484982452,42.78366529093452,4.371934125409862,0.10657501926265676,38.57272541812663,2.5020595828339958
96,0,40,10,Median,40,[   0   81  217  486  552  681  795  855  976 1046],9,269,60,116.22222222222223,98818.30167236485,42.18659859587431,-0.006169024587153706,41.322582415268876,4.85130258858789,0.11395360004272966,33.956251770129526,2.529654685662256
97,0,40,10,Mode,40,[   0   81  217  486  539  681  795  842  976 1046],9,269,47,116.22222222222223,92887.26972069402,42.084323850208605,-0.013439357488409975,40.00730867966427,4.2655518691503405,0.10929454460528522,31.576352935760113,2.4904948282040693
98,0,40,10,Median,40,[   0   81  213  262  486  552  681  795  855  976 1046],10,224,49,104.6,82780.08297877182,40.05927454993928,-0.015864712043281055,38.131195766700635,4.965489954984706,0.09813577919925687,28.476530449596112,2.658822735618922
99,0,40,10,Mode,40,[   0   81  217  262  486  539  681  795  842  976 1046],10,224,45,104.6,76927.11193285653,39.88078556054248,-0.021121079628924833,36.830814650548575,4.371345970422562,0.09341556625614127,26.137447316610675,2.63569133811818
100,0,40,10,Median,40,[   0  124  217  262  486  552  681  795  855  976 1046],10,224,45,104.6,83520.62832402677,40.44976927293331,-0.007001050324967385,38.623900550460824,4.964244126463374,0.1047776904459449,28.897643367582297,2.6393261114161835
101,0,40,10,Mode,40,[   0  124  217  262  486  539  681  795  842  976 1046],10,224,45,104.6,78229.68940715695,40.35763397520909,-0.012587774452769334,37.42615414476827,4.36136301453251,0.10073430939937783,26.776029845590774,2.606486794616865
102,0,40,10,Median,40,[   0  124  217  262  486  552  681  795  842  888  976 1046],11,224,45,95.0909090909091,69636.20251420523,38.29569698368272,-0.013323924884252892,35.06584942437956,4.497850090597122,0.09434674811627361,24.146951626334168,2.8441454025354593
103,0,40,10,Mode,40,[   0  124  217  262  486  539  681  795  842  888  976 1046],11,224,45,95.0909090909091,66278.27998786558,37.88024076505205,-0.015783910205376207,34.32511056933011,4.494835745225514,0.09066212003831849,22.76516195134986,2.8526074995342787
104,0,40,10,Median,40,[   0   52  124  217  262  486  552  681  795  842  888  976 1046],12,224,45,87.16666666666667,61542.95529727179,36.13252136089347,-0.029118345501406646,32.46526525890538,4.524327542172942,0.0839022813468265,21.270649174343657,2.9843915884591783
105,0,40,10,Mode,40,[   0   52  124  217  262  486  539  681  795  842  888  976 1046],12,224,45,87.16666666666667,58490.29845514483,35.75483388941105,-0.03148718533666362,31.785910967992514,4.521564392248967,0.08055261945777638,20.014476742539742,2.9920844039126506
106,0,40,10,Median,40,[   0   52  124  217  262  486  552  681  795  842  888  976 1046],12,224,45,87.16666666666667,61542.95529727179,36.13252136089347,-0.029118345501406646,32.46526525890538,4.524327542172942,0.0839022813468265,21.270649174343657,2.9843915884591783
107,0,40,10,Mode,40,[   0   52  124  217  262  486  539  681  795  842  888  976 1046],12,224,45,87.16666666666667,58490.29845514483,35.75483388941105,-0.03148718533666362,31.785910967992514,4.521564392248967,0.08055261945777638,20.014476742539742,2.9920844039126506
108,0,40,10,Median,40,[   0   52  124  217  262  486  552  681  795  842  888  976 1046],12,224,45,87.16666666666667,61542.95529727179,36.13252136089347,-0.029118345501406646,32.46526525890538,4.524327542172942,0.0839022813468265,21.270649174343657,2.9843915884591783
109,0,40,10,Mode,40,[   0   52  124  217  262  486  539  681  795  842  888  976 1046],12,224,45,87.16666666666667,58490.29845514483,35.75483388941105,-0.03148718533666362,31.785910967992514,4.521564392248967,0.08055261945777638,20.014476742539742,2.9920844039126506
110,0,40,10,Median,40,[   0   52  124  217  262  486  552  681  795  842  888  976 1046],12,224,45,87.16666666666667,61542.95529727179,36.13252136089347,-0.029118345501406646,32.46526525890538,4.524327542172942,0.0839022813468265,21.270649174343657,2.9843915884591783
111,0,40,10,Mode,40,[   0   52  124  217  262  486  539  681  795  842  888  976 1046],12,224,45,87.16666666666667,58490.29845514483,35.75483388941105,-0.03148718533666362,31.785910967992514,4.521564392248967,0.08055261945777638,20.014476742539742,2.9920844039126506
112,0,40,15,Median,40,[   0  206 1046],2,840,206,523.0,248218.43075501217,38.735538856039796,0.07306466680138056,71.8636343726179,2.7141786841043487,0.07306466680138056,71.8636343726179,2.7141786841043487
113,0,40,15,Mode,40,[   0  262 1046],2,784,262,523.0,249606.23457962726,35.65208059902461,0.06299928450043775,72.29325095088274,2.978036468744145,0.06299928450043775,72.29325095088274,2.978036468744145
114,0,40,15,Median,40,[   0  206  556  859 1046],4,350,187,261.5,99042.74117351288,25.514140237086334,0.023726033700432234,38.47887356798922,5.519396573883704,0.05897524642971702,33.122015306752566,4.9156435785916415
115,0,40,15,Mode,40,[   0  262  681  976 1046],4,419,70,261.5,92772.56403737857,24.744822825645453,0.02591630815318155,30.378145055471162,6.860858961124414,0.04514848648244133,28.228636348874314,5.7198925345694684
116,0,40,15,Median,40,[   0  206  539  681 1046],4,365,142,261.5,213195.3117850468,44.234490762056815,0.02656252997095527,57.17462446008572,5.144357142223033,0.11930986451890326,71.28944761402285,2.382594010028991
117,0,40,15,Mode,40,[   0  262  486  681  976 1046],5,295,70,209.2,149639.51799500338,36.676851085785216,0.02018028047270197,45.16546132999741,4.749197340501011,0.08792011845423162,50.44127572521593,3.1096617323752054
118,0,40,15,Median,40,[   0   81  217  539  681  931 1046],6,322,81,174.33333333333334,135650.584627174,37.5683485826359,-0.006975011628041739,40.99868497615489,5.388038165725052,0.09574240275551177,45.70873125287992,3.11048322064081
119,0,40,15,Mode,40,[   0  124  262  486  681  976 1046],6,295,70,174.33333333333334,112236.01456257634,33.84213997138297,0.002318799919431828,41.11708788573844,4.526006109710359,0.07793350624124543,37.84354866156931,3.2510920657154054
120,0,40,15,Median,40,[   0   81  217  539  681  842  976 1046],7,322,70,149.42857142857142,165465.61914809127,46.129765478448924,-0.000598894249882718,46.73003055554329,4.604848201194719,0.12956417825893826,55.24272400140776,2.299728440265475
121,0,40,15,Mode,40,[   0  124  262  486  681  842  976 1046],7,224,70,149.42857142857142,152414.53249723752,43.233838878388134,0.009219752467644182,46.52724885037456,4.876207509139127,0.11886760371336295,50.67867139243699,2.493486254296981
122,0,40,15,Median,40,[   0   81  217  340  539  681  842  976 1046],8,199,70,130.75,127646.35740129168,41.08084016820188,-0.010089500607503027,41.86112739996736,4.764259768799701,0.10772995676165929,42.47676695413758,2.779969998292838
123,0,40,15,Mode,40,[   0  124  262  486  681  842  976 1046],7,224,70,149.42857142857142,152414.53249723752,43.233838878388134,0.009219752467644182,46.52724885037456,4.876207509139127,0.11886760371336295,50.67867139243699,2.493486254296981
124,0,40,15,Median,40,[   0   81  217  340  539  681  784  855  976 1046],9,199,70,116.22222222222223,106762.47718476072,41.57247772494705,-0.005586013372553087,40.32247915453802,4.707454216226973,0.1137501305605109,36.596347109390706,2.7326060416763123
125,0,40,15,Mode,40,[   0  124  262  486  681  776  842  976 1046],8,224,66,130.75,123884.8644713786,43.60334798539855,0.009523288979156788,43.57486460386415,4.676700283630706,0.12235140697363213,42.10560941498552,2.4647084241336303
126,0,40,15,Median,40,[   0   81  217  340  486  554  681  784  855  976 1046],10,146,68,104.6,86231.41106275425,39.56452703044657,-0.007619519483430239,38.885999198159176,4.556601754375154,0.10576497460816536,29.93793988123621,2.8480619348867466
127,0,40,15,Mode,40,[   0  124  262  486  556  681  776  842  976 1046],9,224,66,116.22222222222223,98211.83048538276,42.56386783405069,0.004093641695725553,42.63222854451746,4.379625930579867,0.11892537556475141,34.18071499254979,2.5208469663745063
128,0,40,15,Median,40,[   0   81  210  262  486  554  681  784  855  976 1046],10,224,52,104.6,86268.00706020092,40.92826430125589,-0.013585207518061707,39.2763665377692,4.702704123333377,0.10346719163588214,29.997304891515473,2.5904394036918124
129,0,40,15,Mode,40,[   0  124  217  262  486  556  681  776  842  976 1046],10,224,45,104.6,85535.11941451866,41.3646259718477,-0.006194988478143926,39.42970902238183,4.230051673249213,0.10931194247079283,29.908082359765192,2.561184343141042
130,0,40,15,Median,40,[   0  124  210  262  486  554  681  784  855  976 1046],10,224,52,104.6,87805.11350159341,41.590668342505154,-0.005480608726806878,39.94823644116982,4.66957955331361,0.11184659224297826,30.753039301882357,2.547638097198104
131,0,40,15,Mode,40,[   0  124  217  262  486  556  681  776  842  976 1046],10,224,45,104.6,85535.11941451866,41.3646259718477,-0.006194988478143926,39.42970902238183,4.230051673249213,0.10931194247079283,29.908082359765192,2.561184343141042
132,0,40,15,Median,40,[   0  124  210  262  340  486  554  681  784  842  888  976 1046],12,146,46,87.16666666666667,64791.16066282413,37.05786124549903,-0.012348908245098357,33.73629919232103,4.621101717967998,0.09471913682091677,22.936590549899208,3.0511676375823225
133,0,40,15,Mode,40,[   0  124  217  262  340  486  556  681  776  842  888  976 1046],12,146,45,87.16666666666667,63159.954419715614,36.5921086842899,-0.011578173531565077,33.50973267987091,4.780702494931247,0.09124316951961231,22.350873127875424,3.0874526479380715
134,0,40,15,Median,40,[   0  124  210  262  340  486  554  681  784  842  888  976 1046],12,146,46,87.16666666666667,64791.16066282413,37.05786124549903,-0.012348908245098357,33.73629919232103,4.621101717967998,0.09471913682091677,22.936590549899208,3.0511676375823225
135,0,40,15,Mode,40,[   0  124  217  262  340  486  556  681  776  842  888  976 1046],12,146,45,87.16666666666667,63159.954419715614,36.5921086842899,-0.011578173531565077,33.50973267987091,4.780702494931247,0.09124316951961231,22.350873127875424,3.0874526479380715
136,0,40,15,Median,40,[   0  124  210  262  340  486  554  681  784  842  888  976 1046],12,146,46,87.16666666666667,64791.16066282413,37.05786124549903,-0.012348908245098357,33.73629919232103,4.621101717967998,0.09471913682091677,22.936590549899208,3.0511676375823225
137,0,40,15,Mode,40,[   0  124  217  262  340  486  556  681  776  842  888  976 1046],12,146,45,87.16666666666667,63159.954419715614,36.5921086842899,-0.011578173531565077,33.50973267987091,4.780702494931247,0.09124316951961231,22.350873127875424,3.0874526479380715
138,0,40,15,Median,40,[   0   52  124  210  262  340  486  554  681  784  842  888  976 1046],13,146,46,80.46153846153847,57735.7188808382,35.16276973060408,-0.027362432815537324,31.478165380616982,4.630793048559383,0.08483756337443547,20.37307261001828,3.159468068235355
139,0,40,15,Mode,40,[   0   52  124  217  262  340  486  556  681  776  842  888  976 1046],13,146,45,80.46153846153847,56280.831812067416,34.751163388349156,-0.027209837466973242,31.268608354474885,4.771051005527867,0.08192770653067423,19.86393575508902,3.1957360479179293
140,0,40,20,Median,40,[   0  217 1046],2,829,217,523.0,252769.08190478027,38.337226046030345,0.07167349516109604,73.27359742654461,2.7441404978915678,0.07167349516109604,73.27359742654461,2.7441404978915678
141,0,40,20,Mode,40,[   0  486  681 1046],3,486,195,348.6666666666667,228219.0674486449,40.68702909961299,0.031123885241709847,53.521431936636326,4.506959975342376,0.09294636732176091,70.86361239099438,2.7369728242604983
142,0,40,20,Median,40,[   0  206  556 1046],3,490,206,348.6666666666667,143799.71065841633,30.102873224609546,0.0326272084577095,52.712466411519635,4.105446870636805,0.07010354971153147,48.27233971067412,3.7358532195535155
143,0,40,20,Mode,40,[   0  124  681  976 1046],4,557,70,261.5,75260.40291631012,25.990220073736097,-0.003966382112214675,24.026901630845302,6.437931002935967,0.03201493351044818,22.137593083083605,5.314869353921499
144,0,40,20,Median,40,[   0  206  539  681  976 1046],5,333,70,209.2,162184.34473985783,39.126939268902895,0.02185686261030418,46.377285362561636,4.788783924358045,0.09685534294840605,54.31994751312077,2.9274151289575405
145,0,40,20,Mode,40,[   0  124  486  681  976 1046],5,362,70,209.2,163131.70274672276,37.95387035982815,0.010766218345309084,44.85670656929624,4.245611422683382,0.08282714374177678,53.75320107969057,3.0165230828526988
146,0,40,20,Median,40,[   0  206  539  681  842  976 1046],6,333,70,174.33333333333334,201512.87432720925,49.472552495985155,0.023934740750616107,51.345345144682526,4.801102224861858,0.1464955400116056,67.26924509188582,2.1537094298945014
147,0,40,20,Mode,40,[   0  124  486  681  842  976 1046],6,362,70,174.33333333333334,201166.78663148687,48.40156297054531,0.014161973549272877,49.984695910630414,4.911864701591548,0.13096933320821152,65.97341787310754,2.1543099057231307
148,0,40,20,Median,40,[   0   91  219  539  681  842  976 1046],7,320,70,149.42857142857142,163959.25560154833,45.91537555107782,0.002739836258544254,46.76239054744138,4.635895347580369,0.13119567743640734,54.672783907994265,2.3293221679318936
149,0,40,20,Mode,40,[   0  124  262  486  681  842  976 1046],7,224,70,149.42857142857142,152414.53249723752,43.233838878388134,0.009219752467644182,46.52724885037456,4.876207509139127,0.11886760371336295,50.67867139243699,2.493486254296981
150,0,40,20,Median,40,[   0   91  217  340  546  681  842  976 1046],8,206,70,130.75,130477.41116395978,41.48829146916599,-0.005830151589094733,42.63347226431316,4.765833866499399,0.11216686968760367,43.68231083585113,2.7830529756738116
151,0,40,20,Mode,40,[   0  124  262  486  681  842  976 1046],7,224,70,149.42857142857142,152414.53249723752,43.233838878388134,0.009219752467644182,46.52724885037456,4.876207509139127,0.11886760371336295,50.67867139243699,2.493486254296981
152,0,40,20,Median,40,[   0   91  217  340  542  681  784  855  976 1046],9,202,70,116.22222222222223,106064.00210068314,41.48599458211857,-0.0025745757985508877,40.140409689138224,4.731857043282987,0.1150842203533545,36.28041582315669,2.7465528481599355
153,0,40,20,Mode,40,[   0  124  262  486  681  776  842  976 1046],8,224,66,130.75,123884.8644713786,43.60334798539855,0.009523288979156788,43.57486460386415,4.676700283630706,0.12235140697363213,42.10560941498552,2.4647084241336303
154,0,40,20,Median,40,[   0   91  217  340  486  555  681  784  855  976 1046],10,146,69,104.6,86210.6316429377,39.520358389054564,-0.004406591857706951,39.00369924792821,4.567832198251026,0.10738093010107609,29.93575641403079,2.8630538170819233
155,0,40,20,Mode,40,[   0  124  262  486  556  681  776  842  976 1046],9,224,66,116.22222222222223,98211.83048538276,42.56386783405069,0.004093641695725553,42.63222854451746,4.379625930579867,0.11892537556475141,34.18071499254979,2.5208469663745063
156,0,40,20,Median,40,[   0  124  217  340  486  555  681  784  855  976 1046],10,146,69,104.6,86098.6207125959,39.66812369422774,0.003847498797239614,39.57701801617251,4.5711064403761394,0.11131145856152504,30.08644346345788,2.8666918638876044
157,0,40,20,Mode,40,[   0  124  262  486  556  681  776  842  976 1046],9,224,66,116.22222222222223,98211.83048538276,42.56386783405069,0.004093641695725553,42.63222854451746,4.379625930579867,0.11892537556475141,34.18071499254979,2.5208469663745063
158,0,40,20,Median,40,[   0   52  124  210  262  342  486  555  681  784  855  976 1046],12,144,52,87.16666666666667,69881.1973497416,36.698112941649065,-0.023699139223168564,34.002248366235165,4.80530842821478,0.09290897507144226,24.467005842804095,3.014527935917488
159,0,40,20,Mode,40,[   0   52  124  210  262  340  486  556  681  776  842  976 1046],12,146,52,87.16666666666667,68697.65415629595,36.751566780972034,-0.02420229590353607,33.76017966507944,4.621226534621642,0.09250867582187876,24.0557372978916,2.9993479927027322
160,0,40,20,Median,40,[   0   52  124  210  262  342  486  555  681  784  855  976 1046],12,144,52,87.16666666666667,69881.1973497416,36.698112941649065,-0.023699139223168564,34.002248366235165,4.80530842821478,0.09290897507144226,24.467005842804095,3.014527935917488
161,0,40,20,Mode,40,[   0   52  124  210  262  340  486  556  681  776  842  976 1046],12,146,52,87.16666666666667,68697.65415629595,36.751566780972034,-0.02420229590353607,33.76017966507944,4.621226534621642,0.09250867582187876,24.0557372978916,2.9993479927027322
162,0,40,20,Median,40,[   0   52  124  210  262  342  486  555  681  784  855  976 1046],12,144,52,87.16666666666667,69881.1973497416,36.698112941649065,-0.023699139223168564,34.002248366235165,4.80530842821478,0.09290897507144226,24.467005842804095,3.014527935917488
163,0,40,20,Mode,40,[   0   52  124  210  262  340  486  556  681  776  842  888  976 1046],13,146,46,80.46153846153847,57049.055816326,35.012670631544054,-0.026958000571786513,31.506785329511015,4.755650828513702,0.08387205986822092,20.176030886905213,3.1665665174631665
164,0,40,20,Median,40,[   0   52  124  210  262  342  486  555  681  784  855  976 1046],12,144,52,87.16666666666667,69881.1973497416,36.698112941649065,-0.023699139223168564,34.002248366235165,4.80530842821478,0.09290897507144226,24.467005842804095,3.014527935917488
165,0,40,20,Mode,40,[   0   52  124  210  262  340  486  556  681  776  842  888  976 1046],13,146,46,80.46153846153847,57049.055816326,35.012670631544054,-0.026958000571786513,31.506785329511015,4.755650828513702,0.08387205986822092,20.176030886905213,3.1665665174631665
166,0,40,20,Median,40,[   0   52  124  210  262  342  486  555  681  784  855  976 1046],12,144,52,87.16666666666667,69881.1973497416,36.698112941649065,-0.023699139223168564,34.002248366235165,4.80530842821478,0.09290897507144226,24.467005842804095,3.014527935917488
167,0,40,20,Mode,40,[   0   52  124  210  262  340  486  556  681  776  842  888  976 1046],13,146,46,80.46153846153847,57049.055816326,35.012670631544054,-0.026958000571786513,31.506785329511015,4.755650828513702,0.08387205986822092,20.176030886905213,3.1665665174631665
168,0,45,10,Median,40,[   0  186 1046],2,860,186,523.0,242217.6369765679,39.79816296235427,0.0670194708537027,70.00979388050754,2.596452873699181,0.0670194708537027,70.00979388050754,2.596452873699181
169,0,45,10,Mode,40,[   0  262 1046],2,784,262,523.0,249606.23457962726,35.65208059902461,0.06299928450043775,72.29325095088274,2.978036468744145,0.06299928450043775,72.29325095088274,2.978036468744145
170,0,45,10,Median,40,[   0  186  555  859 1046],4,369,186,261.5,104265.9210041241,26.329389805241757,0.025962634740095185,39.2957029511499,5.457758613433571,0.05987834451460572,34.878924824606294,4.822296541744602
171,0,45,10,Mode,40,[   0  262  681  976 1046],4,419,70,261.5,92772.56403737857,24.744822825645453,0.02591630815318155,30.378145055471162,6.860858961124414,0.04514848648244133,28.228636348874314,5.7198925345694684
172,0,45,10,Median,40,[   0  186  546  681  888 1046],5,360,135,209.2,197283.02933221005,43.67578547673971,0.02508952012434929,50.225072795191245,5.419640076028618,0.11972428052064842,66.14601104237123,2.686434259167568
173,0,45,10,Mode,40,[   0  262  486  681  976 1046],5,295,70,209.2,149639.51799500338,36.676851085785216,0.02018028047270197,45.16546132999741,4.749197340501011,0.08792011845423162,50.44127572521593,3.1096617323752054
174,0,45,10,Median,40,[   0   81  217  546  681  888 1046],6,329,81,174.33333333333334,150368.6707792976,40.31183961183877,-0.005019614106789509,43.92440729815158,5.123028765294039,0.10468996500181875,50.6310446218625,2.7873920344973415
175,0,45,10,Mode,40,[   0   81  262  486  681  976 1046],6,295,70,174.33333333333334,116912.8026520545,34.49130343698583,-0.013312427245459418,40.263119978805854,4.453080766507882,0.07152573710357694,39.23951627882585,3.1508063403082267
176,0,45,10,Median,40,[   0   81  217  546  681  842  976 1046],7,329,70,149.42857142857142,169257.13415117687,46.77719951932779,0.0004150273923574398,47.52037850302154,4.575085654330173,0.13288007933479318,56.82094402872054,2.2754165831630284
177,0,45,10,Mode,40,[   0   81  262  486  681  842  976 1046],7,224,70,149.42857142857142,156311.85590513595,43.77480843305718,-0.004938394622357884,45.72965581208582,4.807263259421397,0.11352779609863921,51.841977740150774,2.409914816457666
178,0,45,10,Median,40,[   0   81  217  486  552  681  842  976 1046],8,269,66,130.75,121355.8204262566,42.523708554345035,-0.006300707020199602,43.777138299937164,4.319488155550351,0.11178176276317922,40.55663624901475,2.4919729928759504
179,0,45,10,Mode,40,[   0   81  262  486  552  681  842  976 1046],8,224,66,130.75,121413.2134458433,42.24231726051586,-0.008886993597308757,43.52591709631019,4.488922881413698,0.10705706137235071,40.511149525586006,2.5107423547528627
180,0,45,10,Median,40,[   0   81  217  486  552  681  795  842  976 1046],9,269,47,116.22222222222223,97063.39854881089,42.60226665922289,-0.011072775536546741,40.90316184379757,4.218933229275221,0.11401058146278563,33.29667365161945,2.4821328330144983
181,0,45,10,Mode,40,[   0   81  262  486  552  681  795  842  976 1046],9,224,47,116.22222222222223,97113.61744094925,42.35604927712237,-0.012621725671907663,40.67661219553397,4.424707778630809,0.10987646774581068,33.256872768619296,2.4985560246567964
182,0,45,10,Median,40,[   0  124  217  486  552  681  795  842  976 1046],9,269,47,116.22222222222223,94222.12730964975,42.675340267521996,0.0006861624540068935,41.56908551912839,4.222403946541611,0.1192346232569372,32.48769721632837,2.494405810273203
183,0,45,10,Mode,40,[   0  124  262  486  552  681  795  842  976 1046],9,224,47,116.22222222222223,94190.6248850254,41.950322111120585,-0.0004984834599812702,41.321641909136204,4.460796410729376,0.11388132345685348,32.38439300783396,2.561234603036283
184,0,45,10,Median,40,[   0  124  217  262  486  552  681  795  842  976 1046],10,224,45,104.6,81960.71443642324,40.81925199590982,-0.010301784825122978,38.241932215737464,4.319406238644903,0.10482834059710575,28.311351706684448,2.597084464618177
185,0,45,10,Mode,40,[   0  124  217  262  486  552  681  795  842  976 1046],10,224,45,104.6,81960.71443642324,40.81925199590982,-0.010301784825122978,38.241932215737464,4.319406238644903,0.10482834059710575,28.311351706684448,2.597084464618177
186,0,45,10,Median,40,[   0   52  124  217  262  486  552  681  795  842  888  976 1046],12,224,45,87.16666666666667,61542.95529727179,36.13252136089347,-0.029118345501406646,32.46526525890538,4.524327542172942,0.0839022813468265,21.270649174343657,2.9843915884591783
187,0,45,10,Mode,40,[   0   91  217  262  486  552  681  795  842  888  976 1046],11,224,45,95.0909090909091,68484.89608862551,37.82604770032789,-0.019355368828711358,34.55419409083564,4.516245187207108,0.08882420738976515,23.56898569674884,2.8806811420675764
188,0,45,10,Median,40,[   0   52  124  217  262  486  552  681  795  842  888  976 1046],12,224,45,87.16666666666667,61542.95529727179,36.13252136089347,-0.029118345501406646,32.46526525890538,4.524327542172942,0.0839022813468265,21.270649174343657,2.9843915884591783
189,0,45,10,Mode,40,[   0   52  124  217  262  486  552  681  795  842  888  976 1046],12,224,45,87.16666666666667,61542.95529727179,36.13252136089347,-0.029118345501406646,32.46526525890538,4.524327542172942,0.0839022813468265,21.270649174343657,2.9843915884591783
190,0,45,10,Median,40,[   0   52  124  217  262  486  552  681  795  842  888  976 1046],12,224,45,87.16666666666667,61542.95529727179,36.13252136089347,-0.029118345501406646,32.46526525890538,4.524327542172942,0.0839022813468265,21.270649174343657,2.9843915884591783
191,0,45,10,Mode,40,[   0   52  124  217  262  486  552  681  795  842  888  976 1046],12,224,45,87.16666666666667,61542.95529727179,36.13252136089347,-0.029118345501406646,32.46526525890538,4.524327542172942,0.0839022813468265,21.270649174343657,2.9843915884591783
192,0,45,10,Median,40,[   0   52  124  217  262  486  552  681  795  842  888  976 1046],12,224,45,87.16666666666667,61542.95529727179,36.13252136089347,-0.029118345501406646,32.46526525890538,4.524327542172942,0.0839022813468265,21.270649174343657,2.9843915884591783
193,0,45,10,Mode,40,[   0   52  124  217  262  486  552  681  795  842  888  976 1046],12,224,45,87.16666666666667,61542.95529727179,36.13252136089347,-0.029118345501406646,32.46526525890538,4.524327542172942,0.0839022813468265,21.270649174343657,2.9843915884591783
194,0,45,10,Median,40,[   0   52  124  217  262  486  552  681  795  842  888  976 1046],12,224,45,87.16666666666667,61542.95529727179,36.13252136089347,-0.029118345501406646,32.46526525890538,4.524327542172942,0.0839022813468265,21.270649174343657,2.9843915884591783
195,0,45,10,Mode,40,[   0   52  124  217  262  486  552  681  795  842  888  976 1046],12,224,45,87.16666666666667,61542.95529727179,36.13252136089347,-0.029118345501406646,32.46526525890538,4.524327542172942,0.0839022813468265,21.270649174343657,2.9843915884591783
196,0,45,15,Median,40,[   0  206 1046],2,840,206,523.0,248218.43075501217,38.735538856039796,0.07306466680138056,71.8636343726179,2.7141786841043487,0.07306466680138056,71.8636343726179,2.7141786841043487
197,0,45,15,Mode,40,[   0  262 1046],2,784,262,523.0,249606.23457962726,35.65208059902461,0.06299928450043775,72.29325095088274,2.978036468744145,0.06299928450043775,72.29325095088274,2.978036468744145
198,0,45,15,Median,40,[   0  206  556 1046],3,490,206,348.6666666666667,143799.71065841633,30.102873224609546,0.0326272084577095,52.712466411519635,4.105446870636805,0.07010354971153147,48.27233971067412,3.7358532195535155
199,0,45,15,Mode,40,[   0  262  681  976 1046],4,419,70,261.5,92772.56403737857,24.744822825645453,0.02591630815318155,30.378145055471162,6.860858961124414,0.04514848648244133,28.228636348874314,5.7198925345694684
200,0,45,15,Median,40,[   0  206  539  681 1046],4,365,142,261.5,213195.3117850468,44.234490762056815,0.02656252997095527,57.17462446008572,5.144357142223033,0.11930986451890326,71.28944761402285,2.382594010028991
201,0,45,15,Mode,40,[   0  262  486  681  976 1046],5,295,70,209.2,149639.51799500338,36.676851085785216,0.02018028047270197,45.16546132999741,4.749197340501011,0.08792011845423162,50.44127572521593,3.1096617323752054
202,0,45,15,Median,40,[   0   91  219  546  681  932 1046],6,327,91,174.33333333333334,138175.84692823104,38.06085948067384,-0.0021812737773483355,41.856798536613844,5.42543890403489,0.10106480990028437,46.71336967912842,3.1130743866648922
203,0,45,15,Mode,40,[   0  124  262  486  681  976 1046],6,295,70,174.33333333333334,112236.01456257634,33.84213997138297,0.002318799919431828,41.11708788573844,4.526006109710359,0.07793350624124543,37.84354866156931,3.2510920657154054
204,0,45,15,Median,40,[   0   91  219  546  681  842  976 1046],7,327,70,149.42857142857142,167732.78751275057,46.56184739242039,0.0037344774892737226,47.55271106323439,4.606316803526426,0.13451553051467938,56.245438782322566,2.305104961711123
205,0,45,15,Mode,40,[   0  124  262  486  681  842  976 1046],7,224,70,149.42857142857142,152414.53249723752,43.233838878388134,0.009219752467644182,46.52724885037456,4.876207509139127,0.11886760371336295,50.67867139243699,2.493486254296981
206,0,45,15,Median,40,[   0   91  217  340  546  681  842  976 1046],8,206,70,130.75,130477.41116395978,41.48829146916599,-0.005830151589094733,42.63347226431316,4.765833866499399,0.11216686968760367,43.68231083585113,2.7830529756738116
207,0,45,15,Mode,40,[   0  124  262  486  681  842  976 1046],7,224,70,149.42857142857142,152414.53249723752,43.233838878388134,0.009219752467644182,46.52724885037456,4.876207509139127,0.11886760371336295,50.67867139243699,2.493486254296981
208,0,45,15,Median,40,[   0   91  217  340  546  681  784  855  976 1046],9,206,70,116.22222222222223,108938.84604429128,41.909703413049485,-0.0013897725754741016,41.02832946247175,4.7165934239895115,0.11778769247908964,37.61171443089766,2.735401319774276
209,0,45,15,Mode,40,[   0  124  262  486  681  776  842  976 1046],8,224,66,130.75,123884.8644713786,43.60334798539855,0.009523288979156788,43.57486460386415,4.676700283630706,0.12235140697363213,42.10560941498552,2.4647084241336303
210,0,45,15,Median,40,[   0   91  210  262  486  552  681  784  855  976 1046],10,224,52,104.6,85208.28556421767,40.70600184076214,-0.011523719804189998,38.99532049492511,4.718182117993735,0.10370488902668902,29.523906810671917,2.6114081674855716
211,0,45,15,Mode,40,[   0  124  210  262  486  556  681  776  842  976 1046],10,224,52,104.6,86808.34364574954,41.73987231500594,-0.006680973113542703,39.73859207897006,4.198150625018273,0.11191398200363564,30.429583815553922,2.5257387339955533
212,0,45,15,Median,40,[   0   91  210  262  340  486  552  681  784  855  976 1046],11,146,52,95.0909090909091,76185.62060537205,38.0646359670094,-0.015540662327851262,35.802184950804,4.838770978517473,0.09663760858515548,26.452828320415062,2.9414727058028567
213,0,45,15,Mode,40,[   0  124  210  262  486  556  681  776  842  976 1046],10,224,52,104.6,86808.34364574954,41.73987231500594,-0.006680973113542703,39.73859207897006,4.198150625018273,0.11191398200363564,30.429583815553922,2.5257387339955533
214,0,45,15,Median,40,[   0  124  210  262  486  552  681  784  855  976 1046],10,224,52,104.6,86684.79006275712,41.381370465670926,-0.00578271364118975,39.61646546683785,4.677501405235505,0.11059976356713497,30.27099206139563,2.5602111468380158
215,0,45,15,Mode,40,[   0  124  210  262  486  556  681  776  842  976 1046],10,224,52,104.6,86808.34364574954,41.73987231500594,-0.006680973113542703,39.73859207897006,4.198150625018273,0.11191398200363564,30.429583815553922,2.5257387339955533
216,0,45,15,Median,40,[   0  124  210  262  340  486  552  681  784  842  888  976 1046],12,146,46,87.16666666666667,63886.21999936455,36.88445137023334,-0.012762247870116828,33.46058929504511,4.630368473058968,0.0936268053174602,22.545984542303646,3.061424566027095
217,0,45,15,Mode,40,[   0  124  210  262  340  486  556  681  776  842  888  976 1046],12,146,46,87.16666666666667,64042.07368335626,36.894116773797194,-0.011970066366462933,33.76724187634278,4.756364312918511,0.09366586026868272,22.721635942866772,3.0589114003762985
218,0,45,15,Median,40,[   0  124  210  262  340  486  552  681  784  842  888  976 1046],12,146,46,87.16666666666667,63886.21999936455,36.88445137023334,-0.012762247870116828,33.46058929504511,4.630368473058968,0.0936268053174602,22.545984542303646,3.061424566027095
219,0,45,15,Mode,40,[   0  124  210  262  340  486  556  681  776  842  888  976 1046],12,146,46,87.16666666666667,64042.07368335626,36.894116773797194,-0.011970066366462933,33.76724187634278,4.756364312918511,0.09366586026868272,22.721635942866772,3.0589114003762985
220,0,45,15,Median,40,[   0  124  210  262  340  486  552  681  784  842  888  976 1046],12,146,46,87.16666666666667,63886.21999936455,36.88445137023334,-0.012762247870116828,33.46058929504511,4.630368473058968,0.0936268053174602,22.545984542303646,3.061424566027095
221,0,45,15,Mode,40,[   0  124  210  262  340  486  556  681  776  842  888  976 1046],12,146,46,87.16666666666667,64042.07368335626,36.894116773797194,-0.011970066366462933,33.76724187634278,4.756364312918511,0.09366586026868272,22.721635942866772,3.0589114003762985
222,0,45,15,Median,40,[   0   52  124  210  262  340  486  552  681  784  842  888  976 1046],13,146,46,80.46153846153847,56906.18993933359,35.0038106782772,-0.027811620045644334,31.223154899498162,4.639346976335663,0.08383625949626694,20.01501710305568,3.1688702526430634
223,0,45,15,Mode,40,[   0   52  124  210  262  340  486  556  681  776  842  888  976 1046],13,146,46,80.46153846153847,57049.055816326,35.012670631544054,-0.026958000571786513,31.506785329511015,4.755650828513702,0.08387205986822092,20.176030886905213,3.1665665174631665
224,0,45,20,Median,40,[   0  206 1046],2,840,206,523.0,248218.43075501217,38.735538856039796,0.07306466680138056,71.8636343726179,2.7141786841043487,0.07306466680138056,71.8636343726179,2.7141786841043487
225,0,45,20,Mode,40,[   0  124  681 1046],3,557,124,348.6666666666667,91052.15850787068,25.035208083455487,0.005718585934264796,30.231374504536475,7.937025154585558,0.030601399345320506,27.403961793490495,6.575051923987619
226,0,45,20,Median,40,[   0  206  558 1046],3,488,206,348.6666666666667,142084.39827116855,29.888613990078163,0.032094803160905724,52.18526473462151,4.1637999785966615,0.06947771434025869,47.711311320837936,3.781103696929583
227,0,45,20,Mode,40,[   0  124  681  976 1046],4,557,70,261.5,75260.40291631012,25.990220073736097,-0.003966382112214675,24.026901630845302,6.437931002935967,0.03201493351044818,22.137593083083605,5.314869353921499
228,0,45,20,Median,40,[   0  206  539  681  976 1046],5,333,70,209.2,162184.34473985783,39.126939268902895,0.02185686261030418,46.377285362561636,4.788783924358045,0.09685534294840605,54.31994751312077,2.9274151289575405
229,0,45,20,Mode,40,[   0  124  486  681  976 1046],5,362,70,209.2,163131.70274672276,37.95387035982815,0.010766218345309084,44.85670656929624,4.245611422683382,0.08282714374177678,53.75320107969057,3.0165230828526988
230,0,45,20,Median,40,[   0  206  539  681  842  980 1046],6,333,66,174.33333333333334,197032.71154089834,48.640812280442255,0.024301497098061654,50.176667830801854,4.876352913525762,0.14225874089991208,65.62469277484267,2.200620764986347
231,0,45,20,Mode,40,[   0  124  486  681  842  976 1046],6,362,70,174.33333333333334,201166.78663148687,48.40156297054531,0.014161973549272877,49.984695910630414,4.911864701591548,0.13096933320821152,65.97341787310754,2.1543099057231307
232,0,45,20,Median,40,[   0   91  223  542  681  842  980 1046],7,319,66,149.42857142857142,158962.68860859398,45.13125912341439,0.0021396534675039622,45.36225280504937,4.739535951220902,0.12608250906372526,52.71061404047771,2.3755369115400007
233,0,45,20,Mode,40,[   0  124  262  486  681  842  976 1046],7,224,70,149.42857142857142,152414.53249723752,43.233838878388134,0.009219752467644182,46.52724885037456,4.876207509139127,0.11886760371336295,50.67867139243699,2.493486254296981
234,0,45,20,Median,40,[   0   91  217  340  546  681  842  980 1046],8,206,66,130.75,127277.29488802342,40.89419131520679,-0.006049238785715433,41.74521848941346,4.826047673658993,0.10914058460782257,42.50763060939175,2.8165610721679863
235,0,45,20,Mode,40,[   0  124  262  486  681  842  976 1046],7,224,70,149.42857142857142,152414.53249723752,43.233838878388134,0.009219752467644182,46.52724885037456,4.876207509139127,0.11886760371336295,50.67867139243699,2.493486254296981
236,0,45,20,Median,40,[   0   91  217  340  546  681  783  855  984 1046],9,206,62,116.22222222222223,104661.5099817448,41.03650524888417,-0.0017893425368848167,39.796324567629384,4.741174960314057,0.11251035026233491,35.95612220248486,2.77879823714553
237,0,45,20,Mode,40,[   0  124  262  486  681  776  842  976 1046],8,224,66,130.75,123884.8644713786,43.60334798539855,0.009523288979156788,43.57486460386415,4.676700283630706,0.12235140697363213,42.10560941498552,2.4647084241336303
238,0,45,20,Median,40,[   0   91  217  340  486  553  681  783  855  984 1046],10,146,62,104.6,81421.15760699824,38.54144770792671,-0.005689568563854912,37.606216805460804,4.627655733234819,0.10144525456172074,28.037679552622393,2.9149544639975096
239,0,45,20,Mode,40,[   0  124  262  486  556  681  776  842  976 1046],9,224,66,116.22222222222223,98211.83048538276,42.56386783405069,0.004093641695725553,42.63222854451746,4.379625930579867,0.11892537556475141,34.18071499254979,2.5208469663745063
240,0,45,20,Median,40,[   0  124  217  340  486  553  681  783  855  984 1046],10,146,62,104.6,81309.14667665644,38.689213013099874,0.0027133633741042444,38.169166243847506,4.6309299753599324,0.1053757830221697,28.18836660204948,2.9185925108031916
241,0,45,20,Mode,40,[   0  124  262  486  556  681  776  842  976 1046],9,224,66,116.22222222222223,98211.83048538276,42.56386783405069,0.004093641695725553,42.63222854451746,4.379625930579867,0.11892537556475141,34.18071499254979,2.5208469663745063
242,0,45,20,Median,40,[   0  124  217  340  486  553  681  783  855  976 1046],10,146,67,104.6,84907.91126594083,39.390873270824564,0.0034334140342755963,39.253383081371986,4.6311698196329925,0.10959003522516947,29.58251573083652,2.8847705738604374
243,0,45,20,Mode,40,[   0  124  262  486  556  681  776  842  976 1046],9,224,66,116.22222222222223,98211.83048538276,42.56386783405069,0.004093641695725553,42.63222854451746,4.379625930579867,0.11892537556475141,34.18071499254979,2.5208469663745063
244,0,45,20,Median,40,[   0   52  124  210  262  342  486  553  681  783  855  976 1046],12,144,52,87.16666666666667,68908.2925505487,36.47151597230122,-0.024289353761966143,33.73088332395973,4.85428181906664,0.09150186982937387,24.055019194303046,3.029288678639445
245,0,45,20,Mode,40,[   0   52  124  210  262  340  486  556  681  776  842  976 1046],12,146,52,87.16666666666667,68697.65415629595,36.751566780972034,-0.02420229590353607,33.76017966507944,4.621226534621642,0.09250867582187876,24.0557372978916,2.9993479927027322
246,0,45,20,Median,40,[   0   52  124  210  262  342  486  553  681  783  842  888  976 1046],13,144,46,80.46153846153847,57098.590384015995,34.98127084274008,-0.027467444549224028,31.271973410934756,4.643085016647133,0.08383253784627803,20.095837271959883,3.172646564154848
247,0,45,20,Mode,40,[   0   52  124  210  262  340  486  556  681  776  842  888  976 1046],13,146,46,80.46153846153847,57049.055816326,35.012670631544054,-0.026958000571786513,31.506785329511015,4.755650828513702,0.08387205986822092,20.176030886905213,3.1665665174631665
248,0,45,20,Median,40,[   0   52  124  210  262  342  486  553  681  783  842  888  976 1046],13,144,46,80.46153846153847,57098.590384015995,34.98127084274008,-0.027467444549224028,31.271973410934756,4.643085016647133,0.08383253784627803,20.095837271959883,3.172646564154848
249,0,45,20,Mode,40,[   0   52  124  210  262  340  486  556  681  776  842  888  976 1046],13,146,46,80.46153846153847,57049.055816326,35.012670631544054,-0.026958000571786513,31.506785329511015,4.755650828513702,0.08387205986822092,20.176030886905213,3.1665665174631665
250,0,45,20,Median,40,[   0   52  124  210  262  342  486  553  681  783  842  888  976 1046],13,144,46,80.46153846153847,57098.590384015995,34.98127084274008,-0.027467444549224028,31.271973410934756,4.643085016647133,0.08383253784627803,20.095837271959883,3.172646564154848
251,0,45,20,Mode,40,[   0   52  124  210  262  340  486  556  681  776  842  888  976 1046],13,146,46,80.46153846153847,57049.055816326,35.012670631544054,-0.026958000571786513,31.506785329511015,4.755650828513702,0.08387205986822092,20.176030886905213,3.1665665174631665
252,0,50,10,Median,40,[   0  186 1046],2,860,186,523.0,242217.6369765679,39.79816296235427,0.0670194708537027,70.00979388050754,2.596452873699181,0.0670194708537027,70.00979388050754,2.596452873699181
253,0,50,10,Mode,40,[   0   52  681 1046],3,629,52,348.6666666666667,64090.66660944382,28.044132206568737,-0.0295033177414372,20.249398247299336,6.617813855444311,0.011688753144226904,18.562030637108265,5.496164186980399
254,0,50,10,Median,40,[   0  186  554  859 1046],4,368,186,261.5,104423.89104251278,26.345883247508052,0.02597476733417781,39.356305473275384,5.458941410547272,0.05986361718606217,34.925831825538076,4.82051140418594
255,0,50,10,Mode,40,[   0   52  681  976 1046],4,629,52,261.5,56248.51435485072,27.80901271541583,-0.040363956893330756,17.238358157502514,5.728823926148388,0.019173189535528126,15.97704052124404,4.853150056053676
256,0,50,10,Median,40,[   0  186  546  681  888 1046],5,360,135,209.2,197283.02933221005,43.67578547673971,0.02508952012434929,50.225072795191245,5.419640076028618,0.11972428052064842,66.14601104237123,2.686434259167568
257,0,50,10,Mode,40,[   0   52  552  681  976 1046],5,500,52,209.2,159307.96290870727,42.986230866926526,-0.01812736651937682,39.773798474711974,4.094149765324486,0.08206562760272648,50.5140340143662,2.673361831754696
258,0,50,10,Median,40,[   0   81  217  546  681  888 1046],6,329,81,174.33333333333334,150368.6707792976,40.31183961183877,-0.005019614106789509,43.92440729815158,5.123028765294039,0.10468996500181875,50.6310446218625,2.7873920344973415
259,0,50,10,Mode,40,[   0   52  262  552  681  976 1046],6,295,52,174.33333333333334,133662.58320130841,38.56164479491399,-0.01334412916669219,41.33543270517791,4.800900452552322,0.0810449144893858,44.82230358081516,2.8575189507082372
260,0,50,10,Median,40,[   0   81  217  546  681  842  976 1046],7,329,70,149.42857142857142,169257.13415117687,46.77719951932779,0.0004150273923574398,47.52037850302154,4.575085654330173,0.13288007933479318,56.82094402872054,2.2754165831630284
261,0,50,10,Mode,40,[   0   52  262  552  681  842  976 1046],7,290,52,149.42857142857142,171362.06200791747,47.289086399520755,-0.0044971093151064965,46.73123163647292,4.802841692213329,0.12644101120401488,57.51856763036468,2.243583254516922
262,0,50,10,Median,40,[   0   81  210  546  681  842  976 1046],7,336,70,149.42857142857142,169927.34898933946,47.011000442107424,0.0011300358377844292,47.65268412168251,4.5206143278722415,0.13509941551629182,57.13398213368625,2.2572634122045017
263,0,50,10,Mode,40,[   0   52  217  552  681  842  976 1046],7,335,52,149.42857142857142,172618.53463742646,47.572055881979374,-0.002823251736834355,47.15981583552261,4.477451308687089,0.12979830734889838,58.13287441033012,2.207167163224961
264,0,50,10,Median,40,[   0   81  210  262  486  552  681  842  976 1046],9,224,52,116.22222222222223,101031.88057870799,40.20458441087517,-0.018845217372246575,39.97389311621725,4.330479508927751,0.09523081291820525,33.77714166238805,2.6283387179641537
265,0,50,10,Mode,40,[   0   52  217  262  486  552  681  842  976 1046],9,224,45,116.22222222222223,98991.74403134624,40.127694647952566,-0.02364114133449732,39.35436224799705,4.329933300062059,0.09132175984331228,33.02627353259406,2.627724232990251
266,0,50,10,Median,40,[   0   81  210  262  503  552  681  795  842  976 1046],10,241,47,104.6,79821.24708972086,40.739892313174465,-0.017775333302277336,37.59103721591055,4.265423264664067,0.1018215675356572,27.30016665601648,2.6068668237016657
267,0,50,10,Mode,40,[   0   52  217  262  486  552  681  795  842  976 1046],10,224,45,104.6,79883.37751749562,40.4637478418876,-0.02391657069429352,37.31856485736983,4.309233645018045,0.0955762656785032,27.40968041451164,2.6038939531007044
268,0,50,10,Median,40,[   0  124  210  262  486  552  681  795  842  976 1046],10,224,47,104.6,83233.9386676541,41.19449833906807,-0.010749819007133428,38.546080791798396,4.298716854193396,0.1074303801299486,28.832853162473175,2.5616388554726877
269,0,50,10,Mode,40,[   0  124  217  262  486  552  681  795  842  976 1046],10,224,45,104.6,81960.71443642324,40.81925199590982,-0.010301784825122978,38.241932215737464,4.319406238644903,0.10482834059710575,28.311351706684448,2.597084464618177
270,0,50,10,Median,40,[   0   52  123  210  262  486  552  681  795  842  888  976 1046],12,224,46,87.16666666666667,62336.95231107866,36.334099533053404,-0.029126236546660463,32.644272172498546,4.515548109538345,0.0852218109135851,21.584140894416507,2.9622055099811964
271,0,50,10,Mode,40,[   0   91  217  262  486  552  681  795  842  888  976 1046],11,224,45,95.0909090909091,68484.89608862551,37.82604770032789,-0.019355368828711358,34.55419409083564,4.516245187207108,0.08882420738976515,23.56898569674884,2.8806811420675764
272,0,50,10,Median,40,[   0   52  124  210  262  486  552  681  795  842  888  976 1046],12,224,46,87.16666666666667,62540.62750019301,36.422813635637354,-0.028958813235858773,32.718568885365556,4.509239813023187,0.08572964476558752,21.66703678516075,2.9521105771330824
273,0,50,10,Mode,40,[   0   52  124  217  262  486  552  681  795  842  888  976 1046],12,224,45,87.16666666666667,61542.95529727179,36.13252136089347,-0.029118345501406646,32.46526525890538,4.524327542172942,0.0839022813468265,21.270649174343657,2.9843915884591783
274,0,50,10,Median,40,[   0   52  124  210  262  486  552  681  795  842  888  976 1046],12,224,46,87.16666666666667,62540.62750019301,36.422813635637354,-0.028958813235858773,32.718568885365556,4.509239813023187,0.08572964476558752,21.66703678516075,2.9521105771330824
275,0,50,10,Mode,40,[   0   52  124  217  262  486  552  681  795  842  888  976 1046],12,224,45,87.16666666666667,61542.95529727179,36.13252136089347,-0.029118345501406646,32.46526525890538,4.524327542172942,0.0839022813468265,21.270649174343657,2.9843915884591783
276,0,50,10,Median,40,[   0   52  124  217  262  486  552  681  795  842  888  976 1046],12,224,45,87.16666666666667,61542.95529727179,36.13252136089347,-0.029118345501406646,32.46526525890538,4.524327542172942,0.0839022813468265,21.270649174343657,2.9843915884591783
277,0,50,10,Mode,40,[   0   52  124  217  262  486  552  681  795  842  888  976 1046],12,224,45,87.16666666666667,61542.95529727179,36.13252136089347,-0.029118345501406646,32.46526525890538,4.524327542172942,0.0839022813468265,21.270649174343657,2.9843915884591783
278,0,50,10,Median,40,[   0   52  124  217  262  486  552  681  795  842  888  976 1046],12,224,45,87.16666666666667,61542.95529727179,36.13252136089347,-0.029118345501406646,32.46526525890538,4.524327542172942,0.0839022813468265,21.270649174343657,2.9843915884591783
279,0,50,10,Mode,40,[   0   52  124  217  262  486  552  681  795  842  888  976 1046],12,224,45,87.16666666666667,61542.95529727179,36.13252136089347,-0.029118345501406646,32.46526525890538,4.524327542172942,0.0839022813468265,21.270649174343657,2.9843915884591783
280,0,50,15,Median,40,[   0  204 1046],2,842,204,523.0,248112.87648708123,38.87043176131045,0.0737916010601902,71.83097191473897,2.704787708823722,0.0737916010601902,71.83097191473897,2.704787708823722
281,0,50,15,Mode,40,[   0  124  681 1046],3,557,124,348.6666666666667,91052.15850787068,25.035208083455487,0.005718585934264796,30.231374504536475,7.937025154585558,0.030601399345320506,27.403961793490495,6.575051923987619
282,0,50,15,Median,40,[   0  204  556 1046],3,490,204,348.6666666666667,143642.70362989436,30.105635550004735,0.032558248844829926,52.67805506875657,4.110336254799148,0.0703714476217564,48.229621082116424,3.73857686217442
283,0,50,15,Mode,40,[   0  124  681  976 1046],4,557,70,261.5,75260.40291631012,25.990220073736097,-0.003966382112214675,24.026901630845302,6.437931002935967,0.03201493351044818,22.137593083083605,5.314869353921499
284,0,50,15,Median,40,[   0  204  539  681 1046],4,365,142,261.5,213105.5888601103,44.23332324629271,0.026431411710007072,57.14941678393385,5.1524161091373255,0.11943625410515991,71.29151823345317,2.3819164698685182
285,0,50,15,Mode,40,[   0  124  486  681  976 1046],5,362,70,209.2,163131.70274672276,37.95387035982815,0.010766218345309084,44.85670656929624,4.245611422683382,0.08282714374177678,53.75320107969057,3.0165230828526988
286,0,50,15,Median,40,[   0   91  219  546  681  970 1046],6,327,76,174.33333333333334,128159.18596797693,36.966557956680205,-0.002965279234238728,41.445264203346994,4.8694197120452705,0.09028870984309666,43.083731636990485,3.114633338672548
287,0,50,15,Mode,40,[   0  124  262  486  681  976 1046],6,295,70,174.33333333333334,112236.01456257634,33.84213997138297,0.002318799919431828,41.11708788573844,4.526006109710359,0.07793350624124543,37.84354866156931,3.2510920657154054
288,0,50,15,Median,40,[   0   91  219  546  681  842  976 1046],7,327,70,149.42857142857142,167732.78751275057,46.56184739242039,0.0037344774892737226,47.55271106323439,4.606316803526426,0.13451553051467938,56.245438782322566,2.305104961711123
289,0,50,15,Mode,40,[   0  124  262  486  681  842  976 1046],7,224,70,149.42857142857142,152414.53249723752,43.233838878388134,0.009219752467644182,46.52724885037456,4.876207509139127,0.11886760371336295,50.67867139243699,2.493486254296981
290,0,50,15,Median,40,[   0   91  210  546  681  842  976 1046],7,336,70,149.42857142857142,168554.20042056884,46.88938303445829,0.004636059683669873,47.71804434921811,4.539597356269707,0.13753261797030455,56.62681771831112,2.2785171426536928
291,0,50,15,Mode,40,[   0  124  210  262  486  681  842  976 1046],8,224,52,130.75,130009.66341601555,42.07870591899667,-0.009029522160137492,42.048021179862005,4.5967845415793045,0.10986120797069818,43.49893753631556,2.5036843429636875
292,0,50,15,Median,40,[   0   91  210  262  546  681  791  855  976 1046],9,284,52,116.22222222222223,113228.03155785232,42.92454310014156,-0.011950194968600161,40.34848469863898,4.7596268238888495,0.1133109174151958,38.89348008156912,2.5532603596990757
293,0,50,15,Mode,40,[   0  124  210  262  486  681  795  842  976 1046],9,224,47,116.22222222222223,105346.46026479595,42.28442749263546,-0.008948985680754034,39.34404355681664,4.525180922952682,0.1119115636022185,35.955887268777154,2.4895894298872676
294,0,50,15,Median,40,[   0   91  210  262  486  552  681  791  855  976 1046],10,224,52,104.6,83946.20022310964,40.32238371963706,-0.012824585865289966,38.50258630674891,4.892352523183328,0.10151023211873376,28.928291861657712,2.641277806744876
295,0,50,15,Mode,40,[   0  124  210  262  486  552  681  795  842  976 1046],10,224,47,104.6,83233.9386676541,41.19449833906807,-0.010749819007133428,38.546080791798396,4.298716854193396,0.1074303801299486,28.832853162473175,2.5616388554726877
296,0,50,15,Median,40,[   0  124  210  262  503  552  681  791  855  976 1046],10,241,49,104.6,83547.11958510833,41.20555035990151,-0.005485364245207279,38.81973862207112,4.7418499821594455,0.11117569467198443,28.898425016291608,2.592507447832589
297,0,50,15,Mode,40,[   0  124  210  262  486  552  681  795  842  976 1046],10,224,47,104.6,83233.9386676541,41.19449833906807,-0.010749819007133428,38.546080791798396,4.298716854193396,0.1074303801299486,28.832853162473175,2.5616388554726877
298,0,50,15,Median,40,[   0  124  210  262  340  486  552  681  791  855  976 1046],11,146,52,95.0909090909091,76378.59784706031,38.32721142041473,-0.010647713853881219,35.915269449699814,4.852774182171056,0.1008678044543971,26.589151591953616,2.9222780625534304
299,0,50,15,Mode,40,[   0   52  124  210  262  340  486  552  681  795  842  976 1046],12,146,47,87.16666666666667,65837.54029669467,36.30541738378244,-0.02749758394324456,32.76617704660033,4.501527601422421,0.08873143284036654,22.77119778560818,3.0288705504846662
300,0,50,15,Median,40,[   0  124  210  262  340  486  552  681  791  855  976 1046],11,146,52,95.0909090909091,76378.59784706031,38.32721142041473,-0.010647713853881219,35.915269449699814,4.852774182171056,0.1008678044543971,26.589151591953616,2.9222780625534304
301,0,50,15,Mode,40,[   0   52  124  210  262  340  486  552  681  795  842  976 1046],12,146,47,87.16666666666667,65837.54029669467,36.30541738378244,-0.02749758394324456,32.76617704660033,4.501527601422421,0.08873143284036654,22.77119778560818,3.0288705504846662
302,0,50,15,Median,40,[   0  124  210  262  340  486  552  681  791  842  888  976 1046],12,146,46,87.16666666666667,63836.479919030215,36.54014382718384,-0.014580572516673199,32.95360178009077,4.658866017805195,0.09182518623236988,22.302509412141973,3.0845904942081486
303,0,50,15,Mode,40,[   0   52  124  210  262  340  486  552  681  795  842  888  976 1046],13,146,46,80.46153846153847,56910.711539823715,34.57860775793713,-0.030348252999337196,30.58733155307511,4.638509217476028,0.08133818141940134,19.7625438787393,3.198772491593527
304,0,50,15,Median,40,[   0   52  124  210  262  340  486  552  681  791  842  888  976 1046],13,146,46,80.46153846153847,56860.59486569379,34.68819543048181,-0.029625951907829982,30.75424470649504,4.665652402255257,0.08218477533493414,19.791831567074144,3.1901056868090283
305,0,50,15,Mode,40,[   0   52  124  210  262  340  486  552  681  795  842  888  976 1046],13,146,46,80.46153846153847,56910.711539823715,34.57860775793713,-0.030348252999337196,30.58733155307511,4.638509217476028,0.08133818141940134,19.7625438787393,3.198772491593527
306,0,50,15,Median,40,[   0   52  124  210  262  340  486  552  681  791  842  888  976 1046],13,146,46,80.46153846153847,56860.59486569379,34.68819543048181,-0.029625951907829982,30.75424470649504,4.665652402255257,0.08218477533493414,19.791831567074144,3.1901056868090283
307,0,50,15,Mode,40,[   0   52  124  210  262  340  486  552  681  795  842  888  976 1046],13,146,46,80.46153846153847,56910.711539823715,34.57860775793713,-0.030348252999337196,30.58733155307511,4.638509217476028,0.08133818141940134,19.7625438787393,3.198772491593527
308,0,50,20,Median,40,[   0  206 1046],2,840,206,523.0,248218.43075501217,38.735538856039796,0.07306466680138056,71.8636343726179,2.7141786841043487,0.07306466680138056,71.8636343726179,2.7141786841043487
309,0,50,20,Mode,40,[   0  124  681 1046],3,557,124,348.6666666666667,91052.15850787068,25.035208083455487,0.005718585934264796,30.231374504536475,7.937025154585558,0.030601399345320506,27.403961793490495,6.575051923987619
310,0,50,20,Median,40,[   0  205  558 1046],3,488,205,348.6666666666667,142096.07650158386,29.900005293731176,0.032056343635298766,52.167087391871895,4.1629961077568005,0.06967049380776749,47.717137412325584,3.780097656938631
311,0,50,20,Mode,40,[   0  124  681  976 1046],4,557,70,261.5,75260.40291631012,25.990220073736097,-0.003966382112214675,24.026901630845302,6.437931002935967,0.03201493351044818,22.137593083083605,5.314869353921499
312,0,50,20,Median,40,[   0  204  539  681  976 1046],5,335,70,209.2,162117.05254615546,39.12606363207983,0.021699215077397804,46.35795430217234,4.78794449489518,0.09695013513809854,54.32150047769351,2.926906973837186
313,0,50,20,Mode,40,[   0  124  486  681  976 1046],5,362,70,209.2,163131.70274672276,37.95387035982815,0.010766218345309084,44.85670656929624,4.245611422683382,0.08282714374177678,53.75320107969057,3.0165230828526988
314,0,50,20,Median,40,[   0  204  539  681  842 1046],5,335,142,209.2,207960.0850876028,46.182692820692196,0.02372381384784787,53.38456094485228,4.417961568301054,0.13395550368975145,69.90313057035196,2.383096983239895
315,0,50,20,Mode,40,[   0  124  486  681  842  976 1046],6,362,70,174.33333333333334,201166.78663148687,48.40156297054531,0.014161973549272877,49.984695910630414,4.911864701591548,0.13096933320821152,65.97341787310754,2.1543099057231307
316,0,50,20,Median,40,[   0   91  219  544  681  842 1046],6,325,91,174.33333333333334,162892.17840227316,42.91710620603483,0.0004997835733460008,47.30324067642414,4.2667857022376765,0.1197620936957173,54.71509023808412,2.536772291717984
317,0,50,20,Mode,40,[   0  124  210  486  681  842  976 1046],7,276,70,149.42857142857142,153846.5452608916,44.544178035399746,0.012970015370141846,46.97885246532545,4.590851679322159,0.1290596851763736,51.4863093146711,2.3585417565994207
318,0,50,20,Median,40,[   0   91  210  288  546  681  842 1046],7,258,78,149.42857142857142,128101.20808707958,38.76761632738852,-0.0073472001677176635,42.00587457769027,4.367702375684504,0.10058336351055785,43.42161137345982,2.957140209967673
319,0,50,20,Mode,40,[   0  124  210  262  486  681  842  976 1046],8,224,52,130.75,130009.66341601555,42.07870591899667,-0.009029522160137492,42.048021179862005,4.5967845415793045,0.10986120797069818,43.49893753631556,2.5036843429636875
320,0,50,20,Median,40,[   0   91  210  338  546  681  784  855 1046],8,208,71,130.75,99662.39614042538,38.38559207999372,-0.004966995282245155,39.579189061463374,4.177815778529688,0.10157700165370408,34.67977344817893,2.928030899608544
321,0,50,20,Mode,40,[   0  124  210  288  486  681  776  842  976 1046],9,198,66,116.22222222222223,104435.47341739724,41.32505801925144,0.007030520295604219,39.93494927960692,4.581604374865645,0.11526712153664773,35.74794087444705,2.6671147907573474
322,0,50,20,Median,40,[   0   91  210  337  486  552  681  784  855 1046],9,191,66,116.22222222222223,73482.35356351017,35.861090846961694,-0.010762904010713071,36.85396594072924,4.500985873119587,0.09006822644759012,25.683860875738823,3.053591918859843
323,0,50,20,Mode,40,[   0  124  210  288  486  556  681  776  842  976 1046],10,198,66,104.6,85768.58861197469,40.63369023689879,0.0032699480271464474,39.58638461322287,4.323747047996396,0.11366425989716336,30.029846124270737,2.7006278564890493
324,0,50,20,Median,40,[   0   52  124  210  288  486  552  681  784  855 1046],10,198,52,104.6,63418.82720255976,34.27501080687735,-0.022027583732103423,34.08822541883352,4.675432280764719,0.08236217676640972,22.284778031893968,3.0860286270271686
325,0,50,20,Mode,40,[   0  124  210  262  486  556  681  776  842  976 1046],10,224,52,104.6,86808.34364574954,41.73987231500594,-0.006680973113542703,39.73859207897006,4.198150625018273,0.11191398200363564,30.429583815553922,2.5257387339955533
326,0,50,20,Median,40,[   0  124  217  337  486  552  681  784  855  976 1046],10,149,66,104.6,84647.4253494117,39.395239860527184,0.003468408101385139,39.158940329384876,4.607691005924549,0.10952331639790343,29.468238098682612,2.884134379304756
327,0,50,20,Mode,40,[   0  124  210  288  486  556  681  776  842  976 1046],10,198,66,104.6,85768.58861197469,40.63369023689879,0.0032699480271464474,39.58638461322287,4.323747047996396,0.11366425989716336,30.029846124270737,2.7006278564890493
328,0,50,20,Median,40,[   0   52  124  210  262  342  486  552  681  784  855  976 1046],12,144,52,87.16666666666667,68691.47287391355,36.46565655408552,-0.024222720568616216,33.659073147041624,4.817972868392902,0.09146689057838286,23.960724279675983,3.02934557279014
329,0,50,20,Mode,40,[   0   52  124  210  262  340  486  556  681  776  842  976 1046],12,146,52,87.16666666666667,68697.65415629595,36.751566780972034,-0.02420229590353607,33.76017966507944,4.621226534621642,0.09250867582187876,24.0557372978916,2.9993479927027322
330,0,50,20,Median,40,[   0   52  124  210  262  342  486  552  681  784  842  888  976 1046],13,144,46,80.46153846153847,56934.15625545697,35.010542489436205,-0.027495797304479742,31.223798355131724,4.61514573441876,0.08396672484489211,20.026812215092658,3.1703764712324176
331,0,50,20,Mode,40,[   0   52  124  210  262  340  486  556  681  776  842  888  976 1046],13,146,46,80.46153846153847,57049.055816326,35.012670631544054,-0.026958000571786513,31.506785329511015,4.755650828513702,0.08387205986822092,20.176030886905213,3.1665665174631665
332,0,50,20,Median,40,[   0   52  124  210  262  342  486  552  681  784  842  888  976 1046],13,144,46,80.46153846153847,56934.15625545697,35.010542489436205,-0.027495797304479742,31.223798355131724,4.61514573441876,0.08396672484489211,20.026812215092658,3.1703764712324176
333,0,50,20,Mode,40,[   0   52  124  210  262  340  486  556  681  776  842  888  976 1046],13,146,46,80.46153846153847,57049.055816326,35.012670631544054,-0.026958000571786513,31.506785329511015,4.755650828513702,0.08387205986822092,20.176030886905213,3.1665665174631665
334,0,50,20,Median,40,[   0   52  124  210  262  342  486  552  681  784  842  888  976 1046],13,144,46,80.46153846153847,56934.15625545697,35.010542489436205,-0.027495797304479742,31.223798355131724,4.61514573441876,0.08396672484489211,20.026812215092658,3.1703764712324176
335,0,50,20,Mode,40,[   0   52  124  210  262  340  486  556  681  776  842  888  976 1046],13,146,46,80.46153846153847,57049.055816326,35.012670631544054,-0.026958000571786513,31.506785329511015,4.755650828513702,0.08387205986822092,20.176030886905213,3.1665665174631665
336,40,35,10,Median,40,[   0  190 1046],2,856,190,523.0,244665.6642854089,39.66785092136932,0.06755412004866347,70.7653248084335,2.609379925645052,0.06755412004866347,70.7653248084335,2.609379925645052
337,40,35,10,Mode,40,[   0  217 1046],2,829,217,523.0,252769.08190478027,38.337226046030345,0.07167349516109604,73.27359742654461,2.7441404978915678,0.07167349516109604,73.27359742654461,2.7441404978915678
338,40,35,10,Median,40,[   0  190  554  855 1046],4,364,190,261.5,104711.41886231043,26.41534657811941,0.02625517829995102,39.72218063132106,5.374287288880801,0.0602474157559083,35.023124342754315,4.76837482758906
339,40,35,10,Mode,40,[   0  217  681  976 1046],4,464,70,261.5,94485.39587027032,25.402083432400076,0.023820502580116292,30.833668350172843,6.766791026439255,0.047752543989835035,28.833929509887728,5.650985416051946
340,40,35,10,Median,40,[   0  190  539  681  888 1046],5,349,142,209.2,191610.95772743967,42.689741924403556,0.024681167922358485,49.32390556788175,5.446113932947734,0.11566383574531333,64.01297060075784,2.7290518996422297
341,40,35,10,Mode,40,[   0  217  486  681  976 1046],5,295,70,209.2,151245.23174003902,36.37677564649691,0.021204718409100633,45.66342207901908,4.546561629931302,0.08762285873722721,51.18691183615408,3.116231462322357
342,40,35,10,Median,40,[   0  190  539  681  842  976 1046],6,349,70,174.33333333333334,206004.1954987958,49.97143451441716,0.02582262074164659,52.098228009064755,4.8986739351682695,0.14682759972069998,68.64377681914915,2.12238551449679
343,40,35,10,Mode,40,[   0  217  486  681  842  976 1046],6,269,70,174.33333333333334,191657.60982613987,47.13988719988032,0.0228183730897878,50.70646578343265,4.847668434011158,0.13480590520457186,63.92038647827834,2.2340766092988575
344,40,35,10,Median,40,[   0   81  217  539  681  842  976 1046],7,322,70,149.42857142857142,165465.61914809127,46.129765478448924,-0.000598894249882718,46.73003055554329,4.604848201194719,0.12956417825893826,55.24272400140776,2.299728440265475
345,40,35,10,Mode,40,[   0   81  217  486  681  842  976 1046],7,269,70,149.42857142857142,156899.4463240754,44.03733641915856,-0.0023266891493879107,46.009815349456204,4.613623572720429,0.11917201069732752,52.21392181213684,2.375320010573252
346,40,35,10,Median,40,[   0   81  217  486  546  681  842  976 1046],8,269,60,130.75,119416.59304454585,42.26006347187854,-0.006796078121102182,43.46314515901904,4.360987879844352,0.1101506042789341,39.80131763661934,2.5015860402869343
347,40,35,10,Mode,40,[   0   81  217  486  539  681  842  976 1046],8,269,53,130.75,116348.17364546466,41.9136428335866,-0.008742649484982452,42.78366529093452,4.371934125409862,0.10657501926265676,38.57272541812663,2.5020595828339958
348,40,35,10,Median,40,[   0   81  217  486  546  681  783  842  976 1046],9,269,59,116.22222222222223,97825.26101169028,42.86016057484675,-0.007281741644691922,41.43726372888434,4.150168619395605,0.11657815758119801,33.71124441227017,2.462148915556839
349,40,35,10,Mode,40,[   0   81  217  486  539  681  795  842  976 1046],9,269,47,116.22222222222223,92887.26972069402,42.084323850208605,-0.013439357488409975,40.00730867966427,4.2655518691503405,0.10929454460528522,31.576352935760113,2.4904948282040693
350,40,35,10,Median,40,[   0  124  217  486  546  681  783  842  976 1046],9,269,59,116.22222222222223,94983.98977252914,42.933234183145856,0.004645798145577272,42.107373538638946,4.151213106349872,0.12180219937534958,32.90226797697909,2.4744218928155437
351,40,35,10,Mode,40,[   0  124  217  486  539  681  795  842  976 1046],9,269,47,116.22222222222223,90045.9984815329,42.15739745850772,-0.0018799570073723077,40.66624048448619,4.269022586416732,0.1145185863994368,30.767376500469034,2.502767805462774
352,40,35,10,Median,40,[   0  124  217  486  546  681  783  842  976 1046],9,269,59,116.22222222222223,94983.98977252914,42.933234183145856,0.004645798145577272,42.107373538638946,4.151213106349872,0.12180219937534958,32.90226797697909,2.4744218928155437
353,40,35,10,Mode,40,[   0  124  217  486  539  681  795  842  976 1046],9,269,47,116.22222222222223,90045.9984815329,42.15739745850772,-0.0018799570073723077,40.66624048448619,4.269022586416732,0.1145185863994368,30.767376500469034,2.502767805462774
354,40,35,10,Median,40,[   0  124  217  262  486  546  681  783  842  888  976 1046],11,224,45,95.0909090909091,68028.89859154806,38.50804220806839,-0.010723720506633934,35.50753861048921,4.4232125605212875,0.0954539799469382,23.78850392789968,2.822888051705367
355,40,35,10,Mode,40,[   0  124  217  262  486  539  681  795  842  888  976 1046],11,224,45,95.0909090909091,66278.27998786558,37.88024076505205,-0.015783910205376207,34.32511056933011,4.494835745225514,0.09066212003831849,22.76516195134986,2.8526074995342787
356,40,35,10,Median,40,[   0   52  124  217  262  486  546  681  783  842  888  976 1046],12,224,45,87.16666666666667,60081.769913037984,36.32556247397135,-0.02655906148533758,32.87036891518504,4.469494083987703,0.08490885573833974,20.9447876303123,2.965066724068185
357,40,35,10,Mode,40,[   0   52  124  217  262  486  539  681  795  842  888  976 1046],12,224,45,87.16666666666667,58490.29845514483,35.75483388941105,-0.03148718533666362,31.785910967992514,4.521564392248967,0.08055261945777638,20.014476742539742,2.9920844039126506
358,40,35,10,Median,40,[   0   52  124  217  262  486  546  681  791  842  888  976 1046],12,224,45,87.16666666666667,60237.10731899964,36.08068106620394,-0.028914478221320993,32.429507877313206,4.5092933744928265,0.08372090841360823,20.7984472640476,2.98164994711231
359,40,35,10,Mode,40,[   0   52  124  217  262  486  539  681  795  842  888  976 1046],12,224,45,87.16666666666667,58490.29845514483,35.75483388941105,-0.03148718533666362,31.785910967992514,4.521564392248967,0.08055261945777638,20.014476742539742,2.9920844039126506
360,40,35,10,Median,40,[   0   52  124  217  262  486  546  681  791  842  888  976 1046],12,224,45,87.16666666666667,60237.10731899964,36.08068106620394,-0.028914478221320993,32.429507877313206,4.5092933744928265,0.08372090841360823,20.7984472640476,2.98164994711231
361,40,35,10,Mode,40,[   0   52  124  217  262  486  539  681  795  842  888  976 1046],12,224,45,87.16666666666667,58490.29845514483,35.75483388941105,-0.03148718533666362,31.785910967992514,4.521564392248967,0.08055261945777638,20.014476742539742,2.9920844039126506
362,40,35,10,Median,40,[   0   52  124  217  262  486  546  681  791  842  888  976 1046],12,224,45,87.16666666666667,60237.10731899964,36.08068106620394,-0.028914478221320993,32.429507877313206,4.5092933744928265,0.08372090841360823,20.7984472640476,2.98164994711231
363,40,35,10,Mode,40,[   0   52  124  217  262  486  539  681  795  842  888  976 1046],12,224,45,87.16666666666667,58490.29845514483,35.75483388941105,-0.03148718533666362,31.785910967992514,4.521564392248967,0.08055261945777638,20.014476742539742,2.9920844039126506
364,40,35,15,Median,40,[   0  206 1046],2,840,206,523.0,248218.43075501217,38.735538856039796,0.07306466680138056,71.8636343726179,2.7141786841043487,0.07306466680138056,71.8636343726179,2.7141786841043487
365,40,35,15,Mode,40,[   0  124  681 1046],3,557,124,348.6666666666667,91052.15850787068,25.035208083455487,0.005718585934264796,30.231374504536475,7.937025154585558,0.030601399345320506,27.403961793490495,6.575051923987619
366,40,35,15,Median,40,[   0  206  556  855 1046],4,350,191,261.5,99145.31628484694,25.61422783334868,0.023708435622894552,38.69356481834588,5.4304661288007114,0.05930933920421123,33.11183446332496,4.860906693397622
367,40,35,15,Mode,40,[   0  124  681  976 1046],4,557,70,261.5,75260.40291631012,25.990220073736097,-0.003966382112214675,24.026901630845302,6.437931002935967,0.03201493351044818,22.137593083083605,5.314869353921499
368,40,35,15,Median,40,[   0  206  539  681  888 1046],5,333,142,209.2,185996.8062629565,42.066139401363536,0.022554661657754146,48.471364732462646,5.509508115501219,0.11524876110894536,62.29480594167868,2.768206793889369
369,40,35,15,Mode,40,[   0  124  486  681  976 1046],5,362,70,209.2,163131.70274672276,37.95387035982815,0.010766218345309084,44.85670656929624,4.245611422683382,0.08282714374177678,53.75320107969057,3.0165230828526988
370,40,35,15,Median,40,[   0  206  539  681  842  976 1046],6,333,70,174.33333333333334,201512.87432720925,49.472552495985155,0.023934740750616107,51.345345144682526,4.801102224861858,0.1464955400116056,67.26924509188582,2.1537094298945014
371,40,35,15,Mode,40,[   0  124  486  681  855  976 1046],6,362,70,174.33333333333334,205044.01068880968,49.218892577210326,0.013743484079476878,50.90229395098143,4.954605903335647,0.1343055942640581,67.35703782911244,2.111337032988567
372,40,35,15,Median,40,[   0   81  217  539  681  842  976 1046],7,322,70,149.42857142857142,165465.61914809127,46.129765478448924,-0.000598894249882718,46.73003055554329,4.604848201194719,0.12956417825893826,55.24272400140776,2.299728440265475
373,40,35,15,Mode,40,[   0  124  217  486  681  855  976 1046],7,269,70,149.42857142857142,156342.10471962957,44.81587590244488,0.011327982289870399,47.63473557639087,4.672580896806461,0.12891761730273507,52.28830319508615,2.3558732529727213
374,40,35,15,Median,40,[   0   81  217  486  555  681  842  976 1046],8,269,69,130.75,123453.35306614109,42.89992689479691,-0.006269486061803559,44.26948814599598,4.297411197061917,0.11381031255479823,41.388646344361064,2.468450538406107
375,40,35,15,Mode,40,[   0  124  217  486  556  681  855  976 1046],8,269,70,130.75,123565.9349295956,43.66830439466046,0.004661420554765717,45.83347929547748,4.412140923235067,0.1223764769552473,41.59371419526019,2.4419900675556083
376,40,35,15,Median,40,[   0   81  217  486  555  681  776  855  976 1046],9,269,69,116.22222222222223,101942.06358420948,42.91449474914663,-0.0035615004522032523,42.43050098593973,4.551752978356863,0.11777745177048346,35.365927201724524,2.472180034645909
377,40,35,15,Mode,40,[   0  124  217  486  556  681  776  855  976 1046],9,269,70,116.22222222222223,99524.92248834712,43.06604134531875,0.007707367474379828,43.19829323178068,4.5489782167571065,0.12343628710645935,34.72744121102947,2.478888933648869
378,40,35,15,Median,40,[   0   81  217  262  486  555  681  776  855  976 1046],10,224,45,104.6,84985.61937510167,40.616217629338834,-0.013286227266629516,39.020346063253086,4.790768464377026,0.10088076125551963,29.51155128738008,2.6178156356640674
379,40,35,15,Mode,40,[   0  124  217  262  486  556  681  776  855  976 1046],10,224,45,104.6,86669.99657569737,41.16389897868531,-0.004755335767676218,39.71421539876415,4.756871658218506,0.10860785230526102,30.30453615521465,2.583709321848366
380,40,35,15,Median,40,[   0  124  217  262  486  555  681  776  855  976 1046],10,224,45,104.6,86288.1968494021,41.09306604400544,-0.004795393358097996,39.633001838583475,4.764484375225843,0.1081995043987562,30.150133816360178,2.588611092162753
381,40,35,15,Mode,40,[   0  124  217  262  486  556  681  776  855  976 1046],10,224,45,104.6,86669.99657569737,41.16389897868531,-0.004755335767676218,39.71421539876415,4.756871658218506,0.10860785230526102,30.30453615521465,2.583709321848366
382,40,35,15,Median,40,[   0  124  217  262  486  555  681  776  842  888  976 1046],11,224,45,95.0909090909091,69529.43512706671,38.75289503223468,-0.009173209079224661,36.07095859318498,4.427008619729855,0.0969001635456577,24.52823805542515,2.8100745310926802
383,40,35,15,Mode,40,[   0  124  217  262  486  556  681  776  855  976 1046],10,224,45,104.6,86669.99657569737,41.16389897868531,-0.004755335767676218,39.71421539876415,4.756871658218506,0.10860785230526102,30.30453615521465,2.583709321848366
384,40,35,15,Median,40,[   0  124  217  262  340  486  555  681  776  842  888  976 1046],12,146,45,87.16666666666667,62874.30952949736,36.53581211350335,-0.011661854190450282,33.4422769790399,4.783022139041068,0.09089100444002336,22.23383309681209,3.091460625804419
385,40,35,15,Mode,40,[   0  124  217  262  486  556  681  776  855  976 1046],10,224,45,104.6,86669.99657569737,41.16389897868531,-0.004755335767676218,39.71421539876415,4.756871658218506,0.10860785230526102,30.30453615521465,2.583709321848366
386,40,35,15,Median,40,[   0   52  124  217  262  340  486  555  681  776  842  888  976 1046],13,146,45,80.46153846153847,56018.99066270068,34.69955819846149,-0.027288308017309942,31.20621760787962,4.773192215475395,0.08160488854105102,19.75664905994763,3.199410027628748
387,40,35,15,Mode,40,[   0   52  124  217  262  340  486  556  681  776  855  976 1046],12,146,45,87.16666666666667,68788.1274653419,36.30205497580837,-0.024548933712686377,33.73985920589765,4.980715397117372,0.08981148931821087,24.03964116855076,3.0495988266866476
388,40,35,15,Median,40,[   0   52  124  217  262  340  486  555  681  779  842  888  976 1046],13,146,45,80.46153846153847,56567.12875805193,34.88961371098461,-0.02739874096388343,31.335297884422804,4.665005064562274,0.08266899279163116,19.9519471251455,3.186333851566309
389,40,35,15,Mode,40,[   0   52  124  217  262  340  486  556  681  776  855  976 1046],12,146,45,87.16666666666667,68788.1274653419,36.30205497580837,-0.024548933712686377,33.73985920589765,4.980715397117372,0.08981148931821087,24.03964116855076,3.0495988266866476
390,40,35,15,Median,40,[   0   52  124  217  262  340  486  556  681  779  842  888  976 1046],13,146,45,80.46153846153847,56830.75901102296,34.94144318408134,-0.02732101469721004,31.397826068546568,4.662863854614746,0.08299380392669602,20.059693235706327,3.1826465216801942
391,40,35,15,Mode,40,[   0   52  124  217  262  340  486  556  681  776  855  976 1046],12,146,45,87.16666666666667,68788.1274653419,36.30205497580837,-0.024548933712686377,33.73985920589765,4.980715397117372,0.08981148931821087,24.03964116855076,3.0495988266866476
392,40,35,20,Median,40,[   0  206 1046],2,840,206,523.0,248218.43075501217,38.735538856039796,0.07306466680138056,71.8636343726179,2.7141786841043487,0.07306466680138056,71.8636343726179,2.7141786841043487
393,40,35,20,Mode,40,[   0  124  681 1046],3,557,124,348.6666666666667,91052.15850787068,25.035208083455487,0.005718585934264796,30.231374504536475,7.937025154585558,0.030601399345320506,27.403961793490495,6.575051923987619
394,40,35,20,Median,40,[   0  206  556  855 1046],4,350,191,261.5,99145.31628484694,25.61422783334868,0.023708435622894552,38.69356481834588,5.4304661288007114,0.05930933920421123,33.11183446332496,4.860906693397622
395,40,35,20,Mode,40,[   0  124  681  976 1046],4,557,70,261.5,75260.40291631012,25.990220073736097,-0.003966382112214675,24.026901630845302,6.437931002935967,0.03201493351044818,22.137593083083605,5.314869353921499
396,40,35,20,Median,40,[   0  206  539  681  918 1046],5,333,128,209.2,177773.43788182962,40.507671232144624,0.022186057433945364,46.88426669347449,5.874149907706259,0.11045336475552572,59.79977341750658,2.9706024931208397
397,40,35,20,Mode,40,[   0  124  486  681  976 1046],5,362,70,209.2,163131.70274672276,37.95387035982815,0.010766218345309084,44.85670656929624,4.245611422683382,0.08282714374177678,53.75320107969057,3.0165230828526988
398,40,35,20,Median,40,[   0  206  539  681  842  976 1046],6,333,70,174.33333333333334,201512.87432720925,49.472552495985155,0.023934740750616107,51.345345144682526,4.801102224861858,0.1464955400116056,67.26924509188582,2.1537094298945014
399,40,35,20,Mode,40,[   0  124  486  681  842  976 1046],6,362,70,174.33333333333334,201166.78663148687,48.40156297054531,0.014161973549272877,49.984695910630414,4.911864701591548,0.13096933320821152,65.97341787310754,2.1543099057231307
400,40,35,20,Median,40,[   0  124  217  539  681  842  976 1046],7,322,70,149.42857142857142,161947.79958956913,46.38026923147556,0.013407021707303018,47.558802834561206,4.631301047659016,0.1367605881571539,54.279702432960995,2.302312339758263
401,40,35,20,Mode,40,[   0  124  217  486  681  842  976 1046],7,269,70,149.42857142857142,153111.08467186056,44.1347678968907,0.012000774349059266,46.83315749359031,4.640076419184725,0.12613739975619628,51.13528656508206,2.391683980251525
402,40,35,20,Median,40,[   0  124  217  486  556  681  842  976 1046],8,269,70,130.75,120693.6281510125,43.07316030301837,0.0046889757403709795,45.1100400399176,4.310445755058279,0.12024497985003461,40.65055647537257,2.4761857230415587
403,40,35,20,Mode,40,[   0  124  217  486  556  681  842  976 1046],8,269,70,130.75,120693.6281510125,43.07316030301837,0.0046889757403709795,45.1100400399176,4.310445755058279,0.12024497985003461,40.65055647537257,2.4761857230415587
404,40,35,20,Median,40,[   0  124  217  486  556  681  780  855  976 1046],9,269,70,116.22222222222223,100097.20982102181,43.2471418049554,0.0075235060808218355,43.31417098060718,4.415900819331956,0.1246341780243608,34.93924829627551,2.4679413502108574
405,40,35,20,Mode,40,[   0  124  217  486  556  681  776  842  976 1046],9,269,66,116.22222222222223,98248.18568202107,43.29185921262644,0.005624166715963519,42.88348360982092,4.102477197684554,0.12422838854268263,34.28143069114884,2.4535483326031295
406,40,35,20,Median,40,[   0  124  210  262  486  556  681  780  855  976 1046],10,224,52,104.6,88451.92065819463,41.700123508187225,-0.005338036623114121,40.129383683893224,4.5760982856259655,0.11227468376512736,31.014310575666507,2.5385325274246444
407,40,35,20,Mode,40,[   0  124  217  262  486  556  681  776  842  976 1046],10,224,45,104.6,85535.11941451866,41.3646259718477,-0.006194988478143926,39.42970902238183,4.230051673249213,0.10931194247079283,29.908082359765192,2.561184343141042
408,40,35,20,Median,40,[   0  124  210  262  486  556  681  780  855  976 1046],10,224,52,104.6,88451.92065819463,41.700123508187225,-0.005338036623114121,40.129383683893224,4.5760982856259655,0.11227468376512736,31.014310575666507,2.5385325274246444
409,40,35,20,Mode,40,[   0  124  217  262  486  556  681  776  842  976 1046],10,224,45,104.6,85535.11941451866,41.3646259718477,-0.006194988478143926,39.42970902238183,4.230051673249213,0.10931194247079283,29.908082359765192,2.561184343141042
410,40,35,20,Median,40,[   0  124  210  262  486  556  681  780  842  918  976 1046],11,224,52,95.0909090909091,76210.4137077035,41.18177949303565,-0.0115269265041949,37.448816179044606,4.124253407885292,0.10643895494547599,26.92679839888836,2.5712375353753325
411,40,35,20,Mode,40,[   0  124  217  262  486  556  681  776  842  888  976 1046],11,224,45,95.0909090909091,69873.05488073245,38.81664467344656,-0.009104340850277235,36.14443840072172,4.424478098882778,0.09726767666151201,24.667200160394167,2.805662937809732
412,40,35,20,Median,40,[   0  124  210  262  340  486  556  681  780  842  918  976 1046],12,146,52,87.16666666666667,68761.58006414106,38.73721960174872,-0.01357852963720367,34.707237069362115,4.431046675724942,0.09987444454541494,24.349133150397996,2.8747983511004263
413,40,35,20,Mode,40,[   0  124  217  262  340  486  556  681  776  842  888  976 1046],12,146,45,87.16666666666667,63159.954419715614,36.5921086842899,-0.011578173531565077,33.50973267987091,4.780702494931247,0.09124316951961231,22.350873127875424,3.0874526479380715
414,40,35,20,Median,40,[   0   52  124  210  262  340  486  556  681  780  842  918  976 1046],13,146,52,80.46153846153847,61375.26999871205,36.702181557166284,-0.028412673909009683,32.37625204345212,4.455357624950407,0.08956326212189213,21.66790332714217,2.997796222293617
415,40,35,20,Mode,40,[   0   52  124  217  262  340  486  556  681  776  842  888  976 1046],13,146,45,80.46153846153847,56280.831812067416,34.751163388349156,-0.027209837466973242,31.268608354474885,4.771051005527867,0.08192770653067423,19.86393575508902,3.1957360479179293
416,40,35,20,Median,40,[   0   52  124  210  262  340  486  556  681  780  842  918  976 1046],13,146,52,80.46153846153847,61375.26999871205,36.702181557166284,-0.028412673909009683,32.37625204345212,4.455357624950407,0.08956326212189213,21.66790332714217,2.997796222293617
417,40,35,20,Mode,40,[   0   52  124  217  262  340  486  556  681  776  842  918  976 1046],13,146,45,80.46153846153847,59933.28763409559,36.22042629979931,-0.028672353932008017,32.0007765347125,4.590182913227583,0.08639385747457388,21.101964481897042,3.0405973208614046
418,40,35,20,Median,40,[   0   52  124  210  262  340  486  556  681  780  842  918  976 1046],13,146,52,80.46153846153847,61375.26999871205,36.702181557166284,-0.028412673909009683,32.37625204345212,4.455357624950407,0.08956326212189213,21.66790332714217,2.997796222293617
419,40,35,20,Mode,40,[   0   52  124  217  262  340  486  556  681  776  842  918  976 1046],13,146,45,80.46153846153847,59933.28763409559,36.22042629979931,-0.028672353932008017,32.0007765347125,4.590182913227583,0.08639385747457388,21.101964481897042,3.0405973208614046
420,40,40,10,Median,40,[   0  186 1046],2,860,186,523.0,242217.6369765679,39.79816296235427,0.0670194708537027,70.00979388050754,2.596452873699181,0.0670194708537027,70.00979388050754,2.596452873699181
421,40,40,10,Mode,40,[   0  217 1046],2,829,217,523.0,252769.08190478027,38.337226046030345,0.07167349516109604,73.27359742654461,2.7441404978915678,0.07167349516109604,73.27359742654461,2.7441404978915678
422,40,40,10,Median,40,[   0  186  555  855 1046],4,369,186,261.5,104246.10772762827,26.419150973659526,0.025993518702053426,39.509807059354316,5.369485786560145,0.060164555036392904,34.832769176255056,4.768996857735492
423,40,40,10,Mode,40,[   0  217  681  976 1046],4,464,70,261.5,94485.39587027032,25.402083432400076,0.023820502580116292,30.833668350172843,6.766791026439255,0.047752543989835035,28.833929509887728,5.650985416051946
424,40,40,10,Median,40,[   0  186  546  681  888 1046],5,360,135,209.2,197283.02933221005,43.67578547673971,0.02508952012434929,50.225072795191245,5.419640076028618,0.11972428052064842,66.14601104237123,2.686434259167568
425,40,40,10,Mode,40,[   0  217  486  681  976 1046],5,295,70,209.2,151245.23174003902,36.37677564649691,0.021204718409100633,45.66342207901908,4.546561629931302,0.08762285873722721,51.18691183615408,3.116231462322357
426,40,40,10,Median,40,[   0  186  546  681  842  976 1046],6,360,70,174.33333333333334,210566.3136678827,50.76142819274635,0.02631777039474886,52.8942840942567,4.862729572225412,0.15054555461645175,70.47089704649913,2.0922552726323462
427,40,40,10,Mode,40,[   0  217  486  681  842  976 1046],6,269,70,174.33333333333334,191657.60982613987,47.13988719988032,0.0228183730897878,50.70646578343265,4.847668434011158,0.13480590520457186,63.92038647827834,2.2340766092988575
428,40,40,10,Median,40,[   0   81  217  546  681  842  976 1046],7,329,70,149.42857142857142,169257.13415117687,46.77719951932779,0.0004150273923574398,47.52037850302154,4.575085654330173,0.13288007933479318,56.82094402872054,2.2754165831630284
429,40,40,10,Mode,40,[   0   81  217  486  681  842  976 1046],7,269,70,149.42857142857142,156899.4463240754,44.03733641915856,-0.0023266891493879107,46.009815349456204,4.613623572720429,0.11917201069732752,52.21392181213684,2.375320010573252
430,40,40,10,Median,40,[   0   81  217  486  552  681  842  976 1046],8,269,66,130.75,121355.8204262566,42.523708554345035,-0.006300707020199602,43.777138299937164,4.319488155550351,0.11178176276317922,40.55663624901475,2.4919729928759504
431,40,40,10,Mode,40,[   0   81  217  486  539  681  842  976 1046],8,269,53,130.75,116348.17364546466,41.9136428335866,-0.008742649484982452,42.78366529093452,4.371934125409862,0.10657501926265676,38.57272541812663,2.5020595828339958
432,40,40,10,Median,40,[   0   81  217  486  552  681  795  842  976 1046],9,269,47,116.22222222222223,97063.39854881089,42.60226665922289,-0.011072775536546741,40.90316184379757,4.218933229275221,0.11401058146278563,33.29667365161945,2.4821328330144983
433,40,40,10,Mode,40,[   0   81  217  486  539  681  795  842  976 1046],9,269,47,116.22222222222223,92887.26972069402,42.084323850208605,-0.013439357488409975,40.00730867966427,4.2655518691503405,0.10929454460528522,31.576352935760113,2.4904948282040693
434,40,40,10,Median,40,[   0  124  217  486  552  681  795  842  976 1046],9,269,47,116.22222222222223,94222.12730964975,42.675340267521996,0.0006861624540068935,41.56908551912839,4.222403946541611,0.1192346232569372,32.48769721632837,2.494405810273203
435,40,40,10,Mode,40,[   0  124  217  486  539  681  795  842  976 1046],9,269,47,116.22222222222223,90045.9984815329,42.15739745850772,-0.0018799570073723077,40.66624048448619,4.269022586416732,0.1145185863994368,30.767376500469034,2.502767805462774
436,40,40,10,Median,40,[   0  124  217  262  486  552  681  795  842  976 1046],10,224,45,104.6,81960.71443642324,40.81925199590982,-0.010301784825122978,38.241932215737464,4.319406238644903,0.10482834059710575,28.311351706684448,2.597084464618177
437,40,40,10,Mode,40,[   0  124  217  262  486  539  681  795  842  976 1046],10,224,45,104.6,78229.68940715695,40.35763397520909,-0.012587774452769334,37.42615414476827,4.36136301453251,0.10073430939937783,26.776029845590774,2.606486794616865
438,40,40,10,Median,40,[   0  124  217  262  486  552  681  795  842  888  976 1046],11,224,45,95.0909090909091,69636.20251420523,38.29569698368272,-0.013323924884252892,35.06584942437956,4.497850090597122,0.09434674811627361,24.146951626334168,2.8441454025354593
439,40,40,10,Mode,40,[   0  124  217  262  486  539  681  795  842  888  976 1046],11,224,45,95.0909090909091,66278.27998786558,37.88024076505205,-0.015783910205376207,34.32511056933011,4.494835745225514,0.09066212003831849,22.76516195134986,2.8526074995342787
440,40,40,10,Median,40,[   0   52  124  217  262  486  552  681  795  842  888  976 1046],12,224,45,87.16666666666667,61542.95529727179,36.13252136089347,-0.029118345501406646,32.46526525890538,4.524327542172942,0.0839022813468265,21.270649174343657,2.9843915884591783
441,40,40,10,Mode,40,[   0   52  124  217  262  486  539  681  795  842  888  976 1046],12,224,45,87.16666666666667,58490.29845514483,35.75483388941105,-0.03148718533666362,31.785910967992514,4.521564392248967,0.08055261945777638,20.014476742539742,2.9920844039126506
442,40,40,10,Median,40,[   0   52  124  217  262  486  552  681  795  842  888  976 1046],12,224,45,87.16666666666667,61542.95529727179,36.13252136089347,-0.029118345501406646,32.46526525890538,4.524327542172942,0.0839022813468265,21.270649174343657,2.9843915884591783
443,40,40,10,Mode,40,[   0   52  124  217  262  486  539  681  795  842  888  976 1046],12,224,45,87.16666666666667,58490.29845514483,35.75483388941105,-0.03148718533666362,31.785910967992514,4.521564392248967,0.08055261945777638,20.014476742539742,2.9920844039126506
444,40,40,10,Median,40,[   0   52  124  217  262  486  552  681  795  842  888  976 1046],12,224,45,87.16666666666667,61542.95529727179,36.13252136089347,-0.029118345501406646,32.46526525890538,4.524327542172942,0.0839022813468265,21.270649174343657,2.9843915884591783
445,40,40,10,Mode,40,[   0   52  124  217  262  486  539  681  795  842  888  976 1046],12,224,45,87.16666666666667,58490.29845514483,35.75483388941105,-0.03148718533666362,31.785910967992514,4.521564392248967,0.08055261945777638,20.014476742539742,2.9920844039126506
446,40,40,10,Median,40,[   0   52  124  206  262  486  552  681  795  842  888  976 1046],12,224,46,87.16666666666667,62694.5866020836,36.40756516437141,-0.027067684955349045,32.67926957428981,4.505892018949414,0.08701320541006029,21.727936341296722,2.9571851414055774
447,40,40,10,Mode,40,[   0   52  124  217  262  486  539  681  795  842  888  976 1046],12,224,45,87.16666666666667,58490.29845514483,35.75483388941105,-0.03148718533666362,31.785910967992514,4.521564392248967,0.08055261945777638,20.014476742539742,2.9920844039126506
448,40,40,15,Median,40,[   0  204 1046],2,842,204,523.0,248112.87648708123,38.87043176131045,0.0737916010601902,71.83097191473897,2.704787708823722,0.0737916010601902,71.83097191473897,2.704787708823722
449,40,40,15,Mode,40,[   0  124  681 1046],3,557,124,348.6666666666667,91052.15850787068,25.035208083455487,0.005718585934264796,30.231374504536475,7.937025154585558,0.030601399345320506,27.403961793490495,6.575051923987619
450,40,40,15,Median,40,[   0  204  556  855 1046],4,352,191,261.5,99047.24284832906,25.618634237518865,0.023656091736568862,38.67021416027933,5.429868412762938,0.059520326381040635,33.084807937142465,4.862201370707264
451,40,40,15,Mode,40,[   0  124  681  976 1046],4,557,70,261.5,75260.40291631012,25.990220073736097,-0.003966382112214675,24.026901630845302,6.437931002935967,0.03201493351044818,22.137593083083605,5.314869353921499
452,40,40,15,Median,40,[   0  204  546  681  888 1046],5,342,135,209.2,191772.99466658258,43.03910353610445,0.023254037824105133,49.49141278685022,5.483071887331244,0.11969751549520873,64.57236786113505,2.7259727311909003
453,40,40,15,Mode,40,[   0  124  486  681  976 1046],5,362,70,209.2,163131.70274672276,37.95387035982815,0.010766218345309084,44.85670656929624,4.245611422683382,0.08282714374177678,53.75320107969057,3.0165230828526988
454,40,40,15,Median,40,[   0  204  546  681  842  976 1046],6,342,70,174.33333333333334,206158.2859353807,50.25208264023813,0.02473716165481143,52.2461794047294,4.7605700246978,0.1505241425961,69.21198250151019,2.1238860502510124
455,40,40,15,Mode,40,[   0  124  486  681  842  976 1046],6,362,70,174.33333333333334,201166.78663148687,48.40156297054531,0.014161973549272877,49.984695910630414,4.911864701591548,0.13096933320821152,65.97341787310754,2.1543099057231307
456,40,40,15,Median,40,[   0   81  217  546  681  842  976 1046],7,329,70,149.42857142857142,169257.13415117687,46.77719951932779,0.0004150273923574398,47.52037850302154,4.575085654330173,0.13288007933479318,56.82094402872054,2.2754165831630284
457,40,40,15,Mode,40,[   0  124  217  486  681  842  976 1046],7,269,70,149.42857142857142,153111.08467186056,44.1347678968907,0.012000774349059266,46.83315749359031,4.640076419184725,0.12613739975619628,51.13528656508206,2.391683980251525
458,40,40,15,Median,40,[   0   81  217  546  681  784  855  976 1046],8,329,70,130.75,139101.6707305247,46.50325487660009,0.0004439597955046403,44.905838346483534,4.433757455517582,0.13634484686117865,48.00617196693524,2.293477032493672
459,40,40,15,Mode,40,[   0  124  217  486  681  776  842  976 1046],8,269,66,130.75,124481.90919248409,44.375572858400744,0.011575123729792362,43.847325495166444,4.36490795912348,0.12858266072463212,42.4969938486813,2.377449332094668
460,40,40,15,Median,40,[   0   81  217  486  554  681  784  855  976 1046],9,269,68,116.22222222222223,102218.14216734133,43.05223447535185,-0.003823276696814018,42.436556040035335,4.5000096731664465,0.11897322366787251,35.459443658377126,2.4661979045154583
461,40,40,15,Mode,40,[   0  124  217  486  556  681  776  842  976 1046],9,269,66,116.22222222222223,98248.18568202107,43.29185921262644,0.005624166715963519,42.88348360982092,4.102477197684554,0.12422838854268263,34.28143069114884,2.4535483326031295
462,40,40,15,Median,40,[   0   81  210  262  486  554  681  784  855  976 1046],10,224,52,104.6,86268.00706020092,40.92826430125589,-0.013585207518061707,39.2763665377692,4.702704123333377,0.10346719163588214,29.997304891515473,2.5904394036918124
463,40,40,15,Mode,40,[   0  124  217  262  486  556  681  776  842  976 1046],10,224,45,104.6,85535.11941451866,41.3646259718477,-0.006194988478143926,39.42970902238183,4.230051673249213,0.10931194247079283,29.908082359765192,2.561184343141042
464,40,40,15,Median,40,[   0  124  210  262  486  554  681  784  855  976 1046],10,224,52,104.6,87805.11350159341,41.590668342505154,-0.005480608726806878,39.94823644116982,4.66957955331361,0.11184659224297826,30.753039301882357,2.547638097198104
465,40,40,15,Mode,40,[   0  124  217  262  486  556  681  776  842  976 1046],10,224,45,104.6,85535.11941451866,41.3646259718477,-0.006194988478143926,39.42970902238183,4.230051673249213,0.10931194247079283,29.908082359765192,2.561184343141042
466,40,40,15,Median,40,[   0  124  210  262  486  554  681  784  842  976 1046],10,224,52,104.6,86829.09103478517,41.95713906245524,-0.007376710277258451,39.70147691453888,4.171604729380942,0.11303606089927198,30.42210343903485,2.5172304537289367
467,40,40,15,Mode,40,[   0  124  217  262  486  556  681  776  842  888  976 1046],11,224,45,95.0909090909091,69873.05488073245,38.81664467344656,-0.009104340850277235,36.14443840072172,4.424478098882778,0.09726767666151201,24.667200160394167,2.805662937809732
468,40,40,15,Median,40,[   0  124  210  262  340  486  554  681  784  842  888  976 1046],12,146,46,87.16666666666667,64791.16066282413,37.05786124549903,-0.012348908245098357,33.73629919232103,4.621101717967998,0.09471913682091677,22.936590549899208,3.0511676375823225
469,40,40,15,Mode,40,[   0  124  217  262  340  486  556  681  776  842  888  976 1046],12,146,45,87.16666666666667,63159.954419715614,36.5921086842899,-0.011578173531565077,33.50973267987091,4.780702494931247,0.09124316951961231,22.350873127875424,3.0874526479380715
470,40,40,15,Median,40,[   0   52  124  210  262  340  486  554  681  784  842  888  976 1046],13,146,46,80.46153846153847,57735.7188808382,35.16276973060408,-0.027362432815537324,31.478165380616982,4.630793048559383,0.08483756337443547,20.37307261001828,3.159468068235355
471,40,40,15,Mode,40,[   0   52  124  217  262  340  486  556  681  776  842  888  976 1046],13,146,45,80.46153846153847,56280.831812067416,34.751163388349156,-0.027209837466973242,31.268608354474885,4.771051005527867,0.08192770653067423,19.86393575508902,3.1957360479179293
472,40,40,15,Median,40,[   0   52  124  210  262  340  486  554  681  784  842  888  976 1046],13,146,46,80.46153846153847,57735.7188808382,35.16276973060408,-0.027362432815537324,31.478165380616982,4.630793048559383,0.08483756337443547,20.37307261001828,3.159468068235355
473,40,40,15,Mode,40,[   0   52  124  217  262  340  486  556  681  776  842  888  976 1046],13,146,45,80.46153846153847,56280.831812067416,34.751163388349156,-0.027209837466973242,31.268608354474885,4.771051005527867,0.08192770653067423,19.86393575508902,3.1957360479179293
474,40,40,15,Median,40,[   0   52  124  210  262  340  486  554  681  776  842  888  976 1046],13,146,46,80.46153846153847,56527.2771316527,34.90711732144773,-0.027181250538203482,31.382827243117937,4.760255007205696,0.08322880923131766,19.962758890573152,3.174422641433249
475,40,40,15,Mode,40,[   0   52  124  217  262  340  486  556  681  776  842  888  976 1046],13,146,45,80.46153846153847,56280.831812067416,34.751163388349156,-0.027209837466973242,31.268608354474885,4.771051005527867,0.08192770653067423,19.86393575508902,3.1957360479179293
476,40,40,20,Median,40,[   0  206 1046],2,840,206,523.0,248218.43075501217,38.735538856039796,0.07306466680138056,71.8636343726179,2.7141786841043487,0.07306466680138056,71.8636343726179,2.7141786841043487
477,40,40,20,Mode,40,[   0  124  681 1046],3,557,124,348.6666666666667,91052.15850787068,25.035208083455487,0.005718585934264796,30.231374504536475,7.937025154585558,0.030601399345320506,27.403961793490495,6.575051923987619
478,40,40,20,Median,40,[   0  206  556  855 1046],4,350,191,261.5,99145.31628484694,25.61422783334868,0.023708435622894552,38.69356481834588,5.4304661288007114,0.05930933920421123,33.11183446332496,4.860906693397622
479,40,40,20,Mode,40,[   0  124  681  976 1046],4,557,70,261.5,75260.40291631012,25.990220073736097,-0.003966382112214675,24.026901630845302,6.437931002935967,0.03201493351044818,22.137593083083605,5.314869353921499
480,40,40,20,Median,40,[   0  206  546  681  918 1046],5,340,128,209.2,183569.24873401492,41.47611889161695,0.02304686468886179,47.912834743809356,5.862020701364159,0.11455467548393747,62.03063154791315,2.92638535587412
481,40,40,20,Mode,40,[   0  124  486  681  976 1046],5,362,70,209.2,163131.70274672276,37.95387035982815,0.010766218345309084,44.85670656929624,4.245611422683382,0.08282714374177678,53.75320107969057,3.0165230828526988
482,40,40,20,Median,40,[   0  206  546  681  842  976 1046],6,340,70,174.33333333333334,206209.89246736158,50.2517207161603,0.02487504385680602,52.263134493270655,4.764729547209598,0.15044446816165397,69.2092248514892,2.124374338593486
483,40,40,20,Mode,40,[   0  124  486  681  842  976 1046],6,362,70,174.33333333333334,201166.78663148687,48.40156297054531,0.014161973549272877,49.984695910630414,4.911864701591548,0.13096933320821152,65.97341787310754,2.1543099057231307
484,40,40,20,Median,40,[   0  124  217  546  681  842  976 1046],7,329,70,149.42857142857142,165721.59081896394,47.03558926188625,0.014323132987543546,48.355130306655006,4.601538500794468,0.14007868721322236,55.851509797874286,2.277293107826177
485,40,40,20,Mode,40,[   0  124  262  486  681  842  976 1046],7,224,70,149.42857142857142,152414.53249723752,43.233838878388134,0.009219752467644182,46.52724885037456,4.876207509139127,0.11886760371336295,50.67867139243699,2.493486254296981
486,40,40,20,Median,40,[   0  124  217  546  681  780  855  976 1046],8,329,70,130.75,135932.4437677109,46.679470050399864,0.014262712049384566,45.676721562173604,4.400852985970699,0.14197999120070817,47.11479898660296,2.2968754074703286
487,40,40,20,Mode,40,[   0  124  262  486  681  776  842  976 1046],8,224,66,130.75,123884.8644713786,43.60334798539855,0.009523288979156788,43.57486460386415,4.676700283630706,0.12235140697363213,42.10560941498552,2.4647084241336303
488,40,40,20,Median,40,[   0  124  217  486  556  681  780  855  976 1046],9,269,70,116.22222222222223,100097.20982102181,43.2471418049554,0.0075235060808218355,43.31417098060718,4.415900819331956,0.1246341780243608,34.93924829627551,2.4679413502108574
489,40,40,20,Mode,40,[   0  124  262  486  556  681  776  842  976 1046],9,224,66,116.22222222222223,98211.83048538276,42.56386783405069,0.004093641695725553,42.63222854451746,4.379625930579867,0.11892537556475141,34.18071499254979,2.5208469663745063
490,40,40,20,Median,40,[   0  124  210  262  486  556  681  780  855  976 1046],10,224,52,104.6,88451.92065819463,41.700123508187225,-0.005338036623114121,40.129383683893224,4.5760982856259655,0.11227468376512736,31.014310575666507,2.5385325274246444
491,40,40,20,Mode,40,[   0  124  217  262  486  556  681  776  842  976 1046],10,224,45,104.6,85535.11941451866,41.3646259718477,-0.006194988478143926,39.42970902238183,4.230051673249213,0.10931194247079283,29.908082359765192,2.561184343141042
492,40,40,20,Median,40,[   0  124  210  262  486  556  681  780  855  976 1046],10,224,52,104.6,88451.92065819463,41.700123508187225,-0.005338036623114121,40.129383683893224,4.5760982856259655,0.11227468376512736,31.014310575666507,2.5385325274246444
493,40,40,20,Mode,40,[   0  124  217  262  486  556  681  776  842  976 1046],10,224,45,104.6,85535.11941451866,41.3646259718477,-0.006194988478143926,39.42970902238183,4.230051673249213,0.10931194247079283,29.908082359765192,2.561184343141042
494,40,40,20,Median,40,[   0  124  210  262  486  556  681  780  855  912  976 1046],11,224,52,95.0909090909091,73120.78743541625,39.74906912212123,-0.010328340416360136,36.975246138045804,4.612924909958235,0.09989862175217643,25.79556237480616,2.700872023625982
495,40,40,20,Mode,40,[   0  124  217  262  486  556  681  776  842  888  976 1046],11,224,45,95.0909090909091,69873.05488073245,38.81664467344656,-0.009104340850277235,36.14443840072172,4.424478098882778,0.09726767666151201,24.667200160394167,2.805662937809732
496,40,40,20,Median,40,[   0  124  210  262  340  486  556  681  780  855  912  976 1046],12,146,52,87.16666666666667,65952.82890751628,37.43475562819015,-0.013863524448011503,34.27245476942719,4.844037893864706,0.09392868709696077,23.32073676486872,2.992647885873744
497,40,40,20,Mode,40,[   0  124  217  262  340  486  556  681  776  842  888  976 1046],12,146,45,87.16666666666667,63159.954419715614,36.5921086842899,-0.011578173531565077,33.50973267987091,4.780702494931247,0.09124316951961231,22.350873127875424,3.0874526479380715
498,40,40,20,Median,40,[   0   52  124  210  262  340  486  556  681  780  855  912  976 1046],13,146,52,80.46153846153847,58800.58143847269,35.50825624807094,-0.02868635432673536,31.974083826174464,4.836580287848651,0.08411298446080913,20.725206640407002,3.1058249625024916
499,40,40,20,Mode,40,[   0   52  124  217  262  340  486  556  681  776  842  888  976 1046],13,146,45,80.46153846153847,56280.831812067416,34.751163388349156,-0.027209837466973242,31.268608354474885,4.771051005527867,0.08192770653067423,19.86393575508902,3.1957360479179293
500,40,40,20,Median,40,[   0   52  124  210  262  340  486  556  681  780  855  918  976 1046],13,146,52,80.46153846153847,59832.26600555886,35.99296961725262,-0.028564332278837354,32.21780363883519,4.761226776923552,0.08628740526161723,21.092310419173455,3.053527817311146
501,40,40,20,Mode,40,[   0   52  124  217  262  340  486  556  681  776  842  918  976 1046],13,146,45,80.46153846153847,59933.28763409559,36.22042629979931,-0.028672353932008017,32.0007765347125,4.590182913227583,0.08639385747457388,21.101964481897042,3.0405973208614046
502,40,40,20,Median,40,[   0   52  124  210  262  340  486  556  681  780  842  918  976 1046],13,146,52,80.46153846153847,61375.26999871205,36.702181557166284,-0.028412673909009683,32.37625204345212,4.455357624950407,0.08956326212189213,21.66790332714217,2.997796222293617
503,40,40,20,Mode,40,[   0   52  124  217  262  340  486  556  681  776  842  918  976 1046],13,146,45,80.46153846153847,59933.28763409559,36.22042629979931,-0.028672353932008017,32.0007765347125,4.590182913227583,0.08639385747457388,21.101964481897042,3.0405973208614046
504,40,45,10,Median,40,[   0  186 1046],2,860,186,523.0,242217.6369765679,39.79816296235427,0.0670194708537027,70.00979388050754,2.596452873699181,0.0670194708537027,70.00979388050754,2.596452873699181
505,40,45,10,Mode,40,[   0  217 1046],2,829,217,523.0,252769.08190478027,38.337226046030345,0.07167349516109604,73.27359742654461,2.7441404978915678,0.07167349516109604,73.27359742654461,2.7441404978915678
506,40,45,10,Median,40,[   0  186  555  855 1046],4,369,186,261.5,104246.10772762827,26.419150973659526,0.025993518702053426,39.509807059354316,5.369485786560145,0.060164555036392904,34.832769176255056,4.768996857735492
507,40,45,10,Mode,40,[   0  217  681  976 1046],4,464,70,261.5,94485.39587027032,25.402083432400076,0.023820502580116292,30.833668350172843,6.766791026439255,0.047752543989835035,28.833929509887728,5.650985416051946
508,40,45,10,Median,40,[   0  186  546  681  888 1046],5,360,135,209.2,197283.02933221005,43.67578547673971,0.02508952012434929,50.225072795191245,5.419640076028618,0.11972428052064842,66.14601104237123,2.686434259167568
509,40,45,10,Mode,40,[   0  217  486  681  976 1046],5,295,70,209.2,151245.23174003902,36.37677564649691,0.021204718409100633,45.66342207901908,4.546561629931302,0.08762285873722721,51.18691183615408,3.116231462322357
510,40,45,10,Median,40,[   0   91  217  546  681  888 1046],6,329,91,174.33333333333334,148653.8356022187,40.12146391538537,-0.0011831993105013683,43.98195189031904,5.145815505952934,0.10722204744494294,49.996066250446404,2.816910624825806
511,40,45,10,Mode,40,[   0   81  217  486  681  976 1046],6,295,70,174.33333333333334,117617.91115478182,34.80633702030748,-0.010168651032907478,40.563121087065234,4.271467800806426,0.07829879462200291,39.68584916520913,3.1092925732469303
512,40,45,10,Median,40,[   0   91  217  546  681  842  976 1046],7,329,70,149.42857142857142,167828.10483694446,46.61855310561663,0.003834111857537901,47.5734207511856,4.596207434718634,0.1349901480373967,56.2917953858738,2.300015408436748
513,40,45,10,Mode,40,[   0   81  217  486  681  842  976 1046],7,269,70,149.42857142857142,156899.4463240754,44.03733641915856,-0.0023266891493879107,46.009815349456204,4.613623572720429,0.11917201069732752,52.21392181213684,2.375320010573252
514,40,45,10,Median,40,[   0   91  217  486  552  681  842  976 1046],8,269,66,130.75,120158.59950725811,42.37225877399978,-0.003180050605739845,43.82405437588271,4.337969713390256,0.1135037399100524,40.102173787500654,2.5142907700095702
515,40,45,10,Mode,40,[   0   81  217  486  552  681  842  976 1046],8,269,66,130.75,121355.8204262566,42.523708554345035,-0.006300707020199602,43.777138299937164,4.319488155550351,0.11178176276317922,40.55663624901475,2.4919729928759504
516,40,45,10,Median,40,[   0   91  217  486  552  681  795  842  976 1046],9,269,47,116.22222222222223,96015.83024468721,42.469748101420805,-0.007899427653849175,40.945471486859525,4.231594396105482,0.11551731146629965,32.89901899779461,2.501660888006416
517,40,45,10,Mode,40,[   0   81  217  486  552  681  795  842  976 1046],9,269,47,116.22222222222223,97063.39854881089,42.60226665922289,-0.011072775536546741,40.90316184379757,4.218933229275221,0.11401058146278563,33.29667365161945,2.4821328330144983
518,40,45,10,Median,40,[   0  124  217  486  552  681  795  842  976 1046],9,269,47,116.22222222222223,94222.12730964975,42.675340267521996,0.0006861624540068935,41.56908551912839,4.222403946541611,0.1192346232569372,32.48769721632837,2.494405810273203
519,40,45,10,Mode,40,[   0  124  217  486  552  681  795  842  976 1046],9,269,47,116.22222222222223,94222.12730964975,42.675340267521996,0.0006861624540068935,41.56908551912839,4.222403946541611,0.1192346232569372,32.48769721632837,2.494405810273203
520,40,45,10,Median,40,[   0  124  217  486  552  681  795  842  976 1046],9,269,47,116.22222222222223,94222.12730964975,42.675340267521996,0.0006861624540068935,41.56908551912839,4.222403946541611,0.1192346232569372,32.48769721632837,2.494405810273203
521,40,45,10,Mode,40,[   0  124  217  486  552  681  795  842  976 1046],9,269,47,116.22222222222223,94222.12730964975,42.675340267521996,0.0006861624540068935,41.56908551912839,4.222403946541611,0.1192346232569372,32.48769721632837,2.494405810273203
522,40,45,10,Median,40,[   0  123  217  486  552  681  795  842  976 1046],9,269,47,116.22222222222223,94034.624297219,42.60244964328375,0.00010129726767942152,41.477538039881914,4.227715982736278,0.11866365830666092,32.399992171923884,2.5002790889906192
523,40,45,10,Mode,40,[   0   91  217  486  552  681  795  842  976 1046],9,269,47,116.22222222222223,96015.83024468721,42.469748101420805,-0.007899427653849175,40.945471486859525,4.231594396105482,0.11551731146629965,32.89901899779461,2.501660888006416
524,40,45,10,Median,40,[   0   52  124  217  486  552  681  795  842  888  976 1046],11,269,46,95.0909090909091,69310.30968193784,37.148718914681574,-0.023586751009423163,34.52935776237233,4.463591239863708,0.09333470154966371,23.907655328824713,2.9409793773672996
525,40,45,10,Mode,40,[   0   52  124  217  486  552  681  795  842  888  976 1046],11,269,46,95.0909090909091,69310.30968193784,37.148718914681574,-0.023586751009423163,34.52935776237233,4.463591239863708,0.09333470154966371,23.907655328824713,2.9409793773672996
526,40,45,10,Median,40,[   0   52  124  217  486  552  681  795  842  888  976 1046],11,269,46,95.0909090909091,69310.30968193784,37.148718914681574,-0.023586751009423163,34.52935776237233,4.463591239863708,0.09333470154966371,23.907655328824713,2.9409793773672996
527,40,45,10,Mode,40,[   0   52  124  217  486  552  681  795  842  888  976 1046],11,269,46,95.0909090909091,69310.30968193784,37.148718914681574,-0.023586751009423163,34.52935776237233,4.463591239863708,0.09333470154966371,23.907655328824713,2.9409793773672996
528,40,45,10,Median,40,[   0   52  124  217  486  552  681  795  842  888  976 1046],11,269,46,95.0909090909091,69310.30968193784,37.148718914681574,-0.023586751009423163,34.52935776237233,4.463591239863708,0.09333470154966371,23.907655328824713,2.9409793773672996
529,40,45,10,Mode,40,[   0   52  124  217  486  552  681  795  842  888  976 1046],11,269,46,95.0909090909091,69310.30968193784,37.148718914681574,-0.023586751009423163,34.52935776237233,4.463591239863708,0.09333470154966371,23.907655328824713,2.9409793773672996
530,40,45,10,Median,40,[   0   52  124  217  486  552  681  776  842  888  976 1046],11,269,46,95.0909090909091,67873.51285058455,37.353025056419675,-0.018482061902785365,35.15898224712479,4.401902070274951,0.09439824015784277,23.723453836825197,2.923058834972673
531,40,45,10,Mode,40,[   0   52  124  217  486  552  681  776  842  888  976 1046],11,269,46,95.0909090909091,67873.51285058455,37.353025056419675,-0.018482061902785365,35.15898224712479,4.401902070274951,0.09439824015784277,23.723453836825197,2.923058834972673
532,40,45,15,Median,40,[   0  204 1046],2,842,204,523.0,248112.87648708123,38.87043176131045,0.0737916010601902,71.83097191473897,2.704787708823722,0.0737916010601902,71.83097191473897,2.704787708823722
533,40,45,15,Mode,40,[   0  124  681 1046],3,557,124,348.6666666666667,91052.15850787068,25.035208083455487,0.005718585934264796,30.231374504536475,7.937025154585558,0.030601399345320506,27.403961793490495,6.575051923987619
534,40,45,15,Median,40,[   0  204  556  855 1046],4,352,191,261.5,99047.24284832906,25.618634237518865,0.023656091736568862,38.67021416027933,5.429868412762938,0.059520326381040635,33.084807937142465,4.862201370707264
535,40,45,15,Mode,40,[   0  124  681  976 1046],4,557,70,261.5,75260.40291631012,25.990220073736097,-0.003966382112214675,24.026901630845302,6.437931002935967,0.03201493351044818,22.137593083083605,5.314869353921499
536,40,45,15,Median,40,[   0  204  552  681  888 1046],5,348,129,209.2,193442.38796399973,43.57363024809239,0.023331189319259725,49.6147713040986,5.494422751993939,0.12154604177355362,65.12098891957312,2.7079861990347753
537,40,45,15,Mode,40,[   0  124  486  681  976 1046],5,362,70,209.2,163131.70274672276,37.95387035982815,0.010766218345309084,44.85670656929624,4.245611422683382,0.08282714374177678,53.75320107969057,3.0165230828526988
538,40,45,15,Median,40,[   0  204  552  681  842  976 1046],6,348,70,174.33333333333334,207460.08245577203,50.676663672417455,0.024808676339826117,52.35514153519142,4.709247533174789,0.1521872365262603,69.6903498201523,2.1118575469134067
539,40,45,15,Mode,40,[   0  124  486  681  842  976 1046],6,362,70,174.33333333333334,201166.78663148687,48.40156297054531,0.014161973549272877,49.984695910630414,4.911864701591548,0.13096933320821152,65.97341787310754,2.1543099057231307
540,40,45,15,Median,40,[   0   91  217  552  681  842  976 1046],7,335,70,149.42857142857142,168978.54207241203,46.98974428512711,0.003789752782270524,47.65958565404332,4.552040847772253,0.13646776512441902,56.72345438787993,2.288640283025576
541,40,45,15,Mode,40,[   0  124  210  486  681  842  976 1046],7,276,70,149.42857142857142,153846.5452608916,44.544178035399746,0.012970015370141846,46.97885246532545,4.590851679322159,0.1290596851763736,51.4863093146711,2.3585417565994207
542,40,45,15,Median,40,[   0   91  217  552  681  783  842  976 1046],8,335,59,130.75,137208.90688648153,46.9962786658953,0.0006773225462145604,44.641872516317825,4.220371090243262,0.14019774046124064,47.388655905357496,2.2738217500810993
543,40,45,15,Mode,40,[   0  124  210  486  681  776  842  976 1046],8,276,66,130.75,125112.30398308214,44.72649583426564,0.012383129671618923,43.977095614014395,4.3102644457508825,0.13108747679906982,42.79787049118619,2.3490417118214357
544,40,45,15,Median,40,[   0   91  217  486  554  681  783  842  976 1046],9,269,59,116.22222222222223,99734.85972996254,43.194922003292035,-0.0036435249605195914,42.12735023869772,4.112912065059178,0.12103627444097712,34.55639437978017,2.458807613290933
545,40,45,15,Mode,40,[   0  124  210  486  556  681  776  842  976 1046],9,276,66,116.22222222222223,98630.72870355632,43.58049175331292,0.006320107380607448,43.003160420682256,4.0539051857978015,0.12630408384021788,34.451426305917444,2.4323652646770286
546,40,45,15,Median,40,[   0   91  210  262  486  554  681  783  842  976 1046],10,224,52,104.6,85052.41866238276,41.15992734936727,-0.013248111835188791,39.005012201710564,4.234542948602811,0.10544622505327947,29.556714384694537,2.5749076989865993
547,40,45,15,Mode,40,[   0  124  210  262  486  556  681  776  842  976 1046],10,224,52,104.6,86808.34364574954,41.73987231500594,-0.006680973113542703,39.73859207897006,4.198150625018273,0.11191398200363564,30.429583815553922,2.5257387339955533
548,40,45,15,Median,40,[   0  124  210  262  486  554  681  783  842  976 1046],10,224,52,104.6,86528.92316092218,41.83529597427606,-0.007399332160537239,39.62623546078871,4.194148702989004,0.11234109959372542,30.303799635418248,2.5237106783390435
549,40,45,15,Mode,40,[   0  124  210  262  486  556  681  776  842  976 1046],10,224,52,104.6,86808.34364574954,41.73987231500594,-0.006680973113542703,39.73859207897006,4.198150625018273,0.11191398200363564,30.429583815553922,2.5257387339955533
550,40,45,15,Median,40,[   0  124  210  262  486  554  681  783  842  976 1046],10,224,52,104.6,86528.92316092218,41.83529597427606,-0.007399332160537239,39.62623546078871,4.194148702989004,0.11234109959372542,30.303799635418248,2.5237106783390435
551,40,45,15,Mode,40,[   0  124  210  262  486  556  681  776  842  888  976 1046],11,224,46,95.0909090909091,71018.95668884023,39.15436638228897,-0.009650604174131428,36.42494053322114,4.395477145945559,0.09960951224107056,25.13655147060402,2.773761889578792
552,40,45,15,Median,40,[   0  124  210  262  340  486  554  681  783  842  888  976 1046],12,146,46,87.16666666666667,64587.12668662223,36.95913752331915,-0.012422042975093186,33.67357132958539,4.65307393135413,0.09414890989617684,22.85361888712742,3.0576266169924917
553,40,45,15,Mode,40,[   0  124  210  262  340  486  556  681  776  842  888  976 1046],12,146,46,87.16666666666667,64042.07368335626,36.894116773797194,-0.011970066366462933,33.76724187634278,4.756364312918511,0.09366586026868272,22.721635942866772,3.0589114003762985
554,40,45,15,Median,40,[   0   52  124  210  262  340  486  554  681  783  842  888  976 1046],13,146,46,80.46153846153847,57548.68773598647,35.07227298527253,-0.027435284644530964,31.420146442705153,4.6603058609158134,0.08431485536009053,20.297015252477475,3.165388799361344
555,40,45,15,Mode,40,[   0   52  124  210  262  340  486  556  681  776  842  888  976 1046],13,146,46,80.46153846153847,57049.055816326,35.012670631544054,-0.026958000571786513,31.506785329511015,4.755650828513702,0.08387205986822092,20.176030886905213,3.1665665174631665
556,40,45,15,Median,40,[   0   52  124  210  262  340  486  554  681  783  842  888  976 1046],13,146,46,80.46153846153847,57548.68773598647,35.07227298527253,-0.027435284644530964,31.420146442705153,4.6603058609158134,0.08431485536009053,20.297015252477475,3.165388799361344
557,40,45,15,Mode,40,[   0   52  124  210  262  340  486  556  681  776  842  888  976 1046],13,146,46,80.46153846153847,57049.055816326,35.012670631544054,-0.026958000571786513,31.506785329511015,4.755650828513702,0.08387205986822092,20.176030886905213,3.1665665174631665
558,40,45,15,Median,40,[   0   52  124  209  262  340  486  554  681  784  842  888  976 1046],13,146,46,80.46153846153847,57637.60173780934,35.099670790623854,-0.02681657607397954,31.422351867933866,4.635348588293002,0.0846749155939741,20.33006406670065,3.1680342271573774
559,40,45,15,Mode,40,[   0   52  124  210  262  340  486  556  681  776  842  888  976 1046],13,146,46,80.46153846153847,57049.055816326,35.012670631544054,-0.026958000571786513,31.506785329511015,4.755650828513702,0.08387205986822092,20.176030886905213,3.1665665174631665
560,40,45,20,Median,40,[   0  206 1046],2,840,206,523.0,248218.43075501217,38.735538856039796,0.07306466680138056,71.8636343726179,2.7141786841043487,0.07306466680138056,71.8636343726179,2.7141786841043487
561,40,45,20,Mode,40,[   0  124  681 1046],3,557,124,348.6666666666667,91052.15850787068,25.035208083455487,0.005718585934264796,30.231374504536475,7.937025154585558,0.030601399345320506,27.403961793490495,6.575051923987619
562,40,45,20,Median,40,[   0  206  556  855 1046],4,350,191,261.5,99145.31628484694,25.61422783334868,0.023708435622894552,38.69356481834588,5.4304661288007114,0.05930933920421123,33.11183446332496,4.860906693397622
563,40,45,20,Mode,40,[   0  124  681  976 1046],4,557,70,261.5,75260.40291631012,25.990220073736097,-0.003966382112214675,24.026901630845302,6.437931002935967,0.03201493351044818,22.137593083083605,5.314869353921499
564,40,45,20,Median,40,[   0  206  552  681  918 1046],5,346,128,209.2,185241.53157639637,42.00965227515551,0.023105736857791697,48.03460997583558,5.915308068384459,0.11631984711279789,62.57023919857227,2.90690082622631
565,40,45,20,Mode,40,[   0  124  486  681  976 1046],5,362,70,209.2,163131.70274672276,37.95387035982815,0.010766218345309084,44.85670656929624,4.245611422683382,0.08282714374177678,53.75320107969057,3.0165230828526988
566,40,45,20,Median,40,[   0  206  552  681  842  976 1046],6,346,70,174.33333333333334,207510.300641043,50.675408203566654,0.02494631759212896,52.371817312155564,4.7127255028727095,0.15210399048485038,69.68688536993595,2.1124069916722985
567,40,45,20,Mode,40,[   0  124  486  681  842  976 1046],6,362,70,174.33333333333334,201166.78663148687,48.40156297054531,0.014161973549272877,49.984695910630414,4.911864701591548,0.13096933320821152,65.97341787310754,2.1543099057231307
568,40,45,20,Median,40,[   0  124  217  552  681  842  976 1046],7,335,70,149.42857142857142,166910.21357228447,47.42281047917377,0.01428169781667829,48.44190668368778,4.557371913848086,0.14158492336791603,56.29770425025634,2.264475765482361
569,40,45,20,Mode,40,[   0  124  210  486  681  842  976 1046],7,276,70,149.42857142857142,153846.5452608916,44.544178035399746,0.012970015370141846,46.97885246532545,4.590851679322159,0.1290596851763736,51.4863093146711,2.3585417565994207
570,40,45,20,Median,40,[   0  124  217  552  681  780  842  976 1046],8,335,62,130.75,135831.7530584034,47.440211330004004,0.011888483452324447,45.48907450985659,4.179139876042539,0.14503383630797928,47.17818343905411,2.2488986418530046
571,40,45,20,Mode,40,[   0  124  210  486  681  776  842  976 1046],8,276,66,130.75,125112.30398308214,44.72649583426564,0.012383129671618923,43.977095614014395,4.3102644457508825,0.13108747679906982,42.79787049118619,2.3490417118214357
572,40,45,20,Median,40,[   0  124  217  486  555  681  780  842  976 1046],9,269,62,116.22222222222223,98703.7325939293,43.546224891618635,0.0053336082267472894,42.98333537022734,4.0589633718913785,0.1255937438726707,34.448489930386415,2.441491714945401
573,40,45,20,Mode,40,[   0  124  210  486  556  681  776  842  976 1046],9,276,66,116.22222222222223,98630.72870355632,43.58049175331292,0.006320107380607448,43.003160420682256,4.0539051857978015,0.12630408384021788,34.451426305917444,2.4323652646770286
574,40,45,20,Median,40,[   0  124  210  262  486  555  681  780  842  976 1046],10,224,52,104.6,87208.47907963827,41.96489597309515,-0.00702322557182434,39.82919241473448,4.143022379270268,0.11310576642763073,30.57522564010711,2.514977663497964
575,40,45,20,Mode,40,[   0  124  210  262  486  556  681  776  842  976 1046],10,224,52,104.6,86808.34364574954,41.73987231500594,-0.006680973113542703,39.73859207897006,4.198150625018273,0.11191398200363564,30.429583815553922,2.5257387339955533
576,40,45,20,Median,40,[   0  124  210  262  486  555  681  780  842  976 1046],10,224,52,104.6,87208.47907963827,41.96489597309515,-0.00702322557182434,39.82919241473448,4.143022379270268,0.11310576642763073,30.57522564010711,2.514977663497964
577,40,45,20,Mode,40,[   0  124  210  262  486  556  681  776  842  976 1046],10,224,52,104.6,86808.34364574954,41.73987231500594,-0.006680973113542703,39.73859207897006,4.198150625018273,0.11191398200363564,30.429583815553922,2.5257387339955533
578,40,45,20,Median,40,[   0  124  210  262  486  555  681  780  842  912  976 1046],11,224,52,95.0909090909091,74609.06539257789,40.53309829495814,-0.011837297160399565,37.08225664035035,4.162634559878496,0.10350987642349112,26.344589886975996,2.6265050550508318
579,40,45,20,Mode,40,[   0  124  210  262  486  556  681  776  842  888  976 1046],11,224,46,95.0909090909091,71018.95668884023,39.15436638228897,-0.009650604174131428,36.42494053322114,4.395477145945559,0.09960951224107056,25.13655147060402,2.773761889578792
580,40,45,20,Median,40,[   0  124  210  262  340  486  555  681  780  842  912  976 1046],12,146,52,87.16666666666667,67332.54557259564,38.14916707017524,-0.013907862014706318,34.370699190849024,4.466229398385379,0.09719358364207097,23.829141840295254,2.925038989323639
581,40,45,20,Mode,40,[   0  124  210  262  340  486  556  681  776  842  888  976 1046],12,146,46,87.16666666666667,64042.07368335626,36.894116773797194,-0.011970066366462933,33.76724187634278,4.756364312918511,0.09366586026868272,22.721635942866772,3.0589114003762985
582,40,45,20,Median,40,[   0   52  124  210  262  340  486  555  681  780  842  912  976 1046],13,146,52,80.46153846153847,60065.32171479543,36.16313340322393,-0.028739376427074657,32.064957499959846,4.4878339843292725,0.0871058062938268,21.191244626214658,3.0438501406648943
583,40,45,20,Mode,40,[   0   52  124  210  262  340  486  556  681  776  842  888  976 1046],13,146,46,80.46153846153847,57049.055816326,35.012670631544054,-0.026958000571786513,31.506785329511015,4.755650828513702,0.08387205986822092,20.176030886905213,3.1665665174631665
584,40,45,20,Median,40,[   0   52  124  210  262  340  486  555  681  780  842  927  976 1046],13,146,49,80.46153846153847,61144.68905417245,36.799616560041194,-0.030174577581025475,32.11266434095348,4.43073525049183,0.0892797555804382,21.529730574292458,3.0045861168753176
585,40,45,20,Mode,40,[   0   52  124  210  262  340  486  556  681  776  842  918  976 1046],13,146,52,80.46153846153847,60701.51163835419,36.481933542994206,-0.02840441113685986,32.241937845350385,4.574782736213417,0.08833821081212058,21.414059613713235,3.011427790406641
586,40,45,20,Median,40,[   0   52  124  210  262  340  486  555  681  780  842  927  976 1046],13,146,49,80.46153846153847,61144.68905417245,36.799616560041194,-0.030174577581025475,32.11266434095348,4.43073525049183,0.0892797555804382,21.529730574292458,3.0045861168753176
587,40,45,20,Mode,40,[   0   52  124  210  262  340  486  556  681  776  842  918  976 1046],13,146,52,80.46153846153847,60701.51163835419,36.481933542994206,-0.02840441113685986,32.241937845350385,4.574782736213417,0.08833821081212058,21.414059613713235,3.011427790406641
588,40,50,10,Median,40,[   0  186 1046],2,860,186,523.0,242217.6369765679,39.79816296235427,0.0670194708537027,70.00979388050754,2.596452873699181,0.0670194708537027,70.00979388050754,2.596452873699181
589,40,50,10,Mode,40,[   0  217 1046],2,829,217,523.0,252769.08190478027,38.337226046030345,0.07167349516109604,73.27359742654461,2.7441404978915678,0.07167349516109604,73.27359742654461,2.7441404978915678
590,40,50,10,Median,40,[   0  186  554  855 1046],4,368,186,261.5,104398.37354780086,26.43474774756058,0.026011175053196015,39.569519950058066,5.37072891287186,0.06013786675294736,34.878128716807446,4.767230059906846
591,40,50,10,Mode,40,[   0  217  681  976 1046],4,464,70,261.5,94485.39587027032,25.402083432400076,0.023820502580116292,30.833668350172843,6.766791026439255,0.047752543989835035,28.833929509887728,5.650985416051946
592,40,50,10,Median,40,[   0  186  546  681  888 1046],5,360,135,209.2,197283.02933221005,43.67578547673971,0.02508952012434929,50.225072795191245,5.419640076028618,0.11972428052064842,66.14601104237123,2.686434259167568
593,40,50,10,Mode,40,[   0  217  552  681  976 1046],5,335,70,209.2,169500.44427152714,40.59219421540569,0.02312898432541068,47.73202393300345,4.876706128375365,0.10145644333283413,56.898478359206806,2.8492425113667608
594,40,50,10,Median,40,[   0   91  217  546  681  888 1046],6,329,91,174.33333333333334,148653.8356022187,40.12146391538537,-0.0011831993105013683,43.98195189031904,5.145815505952934,0.10722204744494294,49.996066250446404,2.816910624825806
595,40,50,10,Mode,40,[   0   52  217  552  681  976 1046],6,335,52,174.33333333333334,135170.3503567192,38.90120817386433,-0.010963895000743734,41.794118770864316,4.496342808190694,0.08507366986324597,45.5594717167737,2.813819641157884
596,40,50,10,Median,40,[   0   91  217  546  681  842  976 1046],7,329,70,149.42857142857142,167828.10483694446,46.61855310561663,0.003834111857537901,47.5734207511856,4.596207434718634,0.1349901480373967,56.2917953858738,2.300015408436748
597,40,50,10,Mode,40,[   0   52  217  552  681  842  976 1046],7,335,52,149.42857142857142,172618.53463742646,47.572055881979374,-0.002823251736834355,47.15981583552261,4.477451308687089,0.12979830734889838,58.13287441033012,2.207167163224961
598,40,50,10,Median,40,[   0   91  217  486  552  681  842  976 1046],8,269,66,130.75,120158.59950725811,42.37225877399978,-0.003180050605739845,43.82405437588271,4.337969713390256,0.1135037399100524,40.102173787500654,2.5142907700095702
599,40,50,10,Mode,40,[   0   52  217  486  552  681  842  976 1046],8,269,52,130.75,123229.04977782749,42.93200812436545,-0.011034443177329394,43.38236510907242,4.272703866690738,0.10824139784290443,41.3404324769654,2.4397135125474483
600,40,50,10,Median,40,[   0   91  217  486  552  681  795  842  976 1046],9,269,47,116.22222222222223,96015.83024468721,42.469748101420805,-0.007899427653849175,40.945471486859525,4.231594396105482,0.11551731146629965,32.89901899779461,2.501660888006416
601,40,50,10,Mode,40,[   0   52  217  486  552  681  795  842  976 1046],9,269,47,116.22222222222223,98702.47423143541,42.95952878299076,-0.015995916791614818,40.547162122711626,4.183576226917115,0.11091276215754518,33.98249535107626,2.4364057877270593
602,40,50,10,Median,40,[   0   91  210  262  486  552  681  795  842  976 1046],10,224,47,104.6,81757.43416911467,40.51912971415928,-0.01657570781244412,37.93348307678334,4.3172813757356305,0.10053550558950265,28.085767911749468,2.6128358761202435
603,40,50,10,Mode,40,[   0   52  217  486  552  681  795  842  976 1046],9,269,47,116.22222222222223,98702.47423143541,42.95952878299076,-0.015995916791614818,40.547162122711626,4.183576226917115,0.11091276215754518,33.98249535107626,2.4364057877270593
604,40,50,10,Median,40,[   0  124  210  262  486  552  681  795  842  976 1046],10,224,47,104.6,83233.9386676541,41.19449833906807,-0.010749819007133428,38.546080791798396,4.298716854193396,0.1074303801299486,28.832853162473175,2.5616388554726877
605,40,50,10,Mode,40,[   0  124  217  486  552  681  795  842  976 1046],9,269,47,116.22222222222223,94222.12730964975,42.675340267521996,0.0006861624540068935,41.56908551912839,4.222403946541611,0.1192346232569372,32.48769721632837,2.494405810273203
606,40,50,10,Median,40,[   0  124  210  262  486  552  681  795  842  976 1046],10,224,47,104.6,83233.9386676541,41.19449833906807,-0.010749819007133428,38.546080791798396,4.298716854193396,0.1074303801299486,28.832853162473175,2.5616388554726877
607,40,50,10,Mode,40,[   0  124  217  486  552  681  795  842  976 1046],9,269,47,116.22222222222223,94222.12730964975,42.675340267521996,0.0006861624540068935,41.56908551912839,4.222403946541611,0.1192346232569372,32.48769721632837,2.494405810273203
608,40,50,10,Median,40,[   0   52  124  210  262  486  552  681  795  842  888  976 1046],12,224,46,87.16666666666667,62540.62750019301,36.422813635637354,-0.028958813235858773,32.718568885365556,4.509239813023187,0.08572964476558752,21.66703678516075,2.9521105771330824
609,40,50,10,Mode,40,[   0   52  124  217  486  552  681  795  842  888  976 1046],11,269,46,95.0909090909091,69310.30968193784,37.148718914681574,-0.023586751009423163,34.52935776237233,4.463591239863708,0.09333470154966371,23.907655328824713,2.9409793773672996
610,40,50,10,Median,40,[   0   52  124  217  262  486  552  681  795  842  888  976 1046],12,224,45,87.16666666666667,61542.95529727179,36.13252136089347,-0.029118345501406646,32.46526525890538,4.524327542172942,0.0839022813468265,21.270649174343657,2.9843915884591783
611,40,50,10,Mode,40,[   0   52  124  217  486  552  681  795  842  888  976 1046],11,269,46,95.0909090909091,69310.30968193784,37.148718914681574,-0.023586751009423163,34.52935776237233,4.463591239863708,0.09333470154966371,23.907655328824713,2.9409793773672996
612,40,50,10,Median,40,[   0   52  124  217  262  486  552  681  795  842  888  976 1046],12,224,45,87.16666666666667,61542.95529727179,36.13252136089347,-0.029118345501406646,32.46526525890538,4.524327542172942,0.0839022813468265,21.270649174343657,2.9843915884591783
613,40,50,10,Mode,40,[   0   52  124  217  486  552  681  795  842  888  976 1046],11,269,46,95.0909090909091,69310.30968193784,37.148718914681574,-0.023586751009423163,34.52935776237233,4.463591239863708,0.09333470154966371,23.907655328824713,2.9409793773672996
614,40,50,10,Median,40,[   0   52  124  217  288  486  552  681  795  842  888  976 1046],12,198,46,87.16666666666667,60919.53292306142,35.20831677687152,-0.023736985551483798,32.38877141992165,4.620048768973741,0.0857645081806464,21.042795461644133,3.1404009541974607
615,40,50,10,Mode,40,[   0   52  124  217  288  486  552  681  795  842  888  976 1046],12,198,46,87.16666666666667,60919.53292306142,35.20831677687152,-0.023736985551483798,32.38877141992165,4.620048768973741,0.0857645081806464,21.042795461644133,3.1404009541974607
616,40,50,15,Median,40,[   0  204 1046],2,842,204,523.0,248112.87648708123,38.87043176131045,0.0737916010601902,71.83097191473897,2.704787708823722,0.0737916010601902,71.83097191473897,2.704787708823722
617,40,50,15,Mode,40,[   0  124  681 1046],3,557,124,348.6666666666667,91052.15850787068,25.035208083455487,0.005718585934264796,30.231374504536475,7.937025154585558,0.030601399345320506,27.403961793490495,6.575051923987619
618,40,50,15,Median,40,[   0  204  556  855 1046],4,352,191,261.5,99047.24284832906,25.618634237518865,0.023656091736568862,38.67021416027933,5.429868412762938,0.059520326381040635,33.084807937142465,4.862201370707264
619,40,50,15,Mode,40,[   0  124  681  976 1046],4,557,70,261.5,75260.40291631012,25.990220073736097,-0.003966382112214675,24.026901630845302,6.437931002935967,0.03201493351044818,22.137593083083605,5.314869353921499
620,40,50,15,Median,40,[   0  204  552  681  888 1046],5,348,129,209.2,193442.38796399973,43.57363024809239,0.023331189319259725,49.6147713040986,5.494422751993939,0.12154604177355362,65.12098891957312,2.7079861990347753
621,40,50,15,Mode,40,[   0  124  486  681  976 1046],5,362,70,209.2,163131.70274672276,37.95387035982815,0.010766218345309084,44.85670656929624,4.245611422683382,0.08282714374177678,53.75320107969057,3.0165230828526988
622,40,50,15,Median,40,[   0   91  217  552  681  888 1046],6,335,91,174.33333333333334,150068.0784023222,40.56993366820898,-0.0012070316756306544,44.0754277356322,5.16054354829171,0.1088109150418854,50.474586580962104,2.800899751945104
623,40,50,15,Mode,40,[   0  124  210  486  681  976 1046],6,295,70,174.33333333333334,113954.42987896127,35.41454695979691,0.007291987221183765,41.600457546641316,4.233618645114213,0.09016400399685823,38.81271416825024,3.0891586684783325
624,40,50,15,Median,40,[   0   91  217  552  681  842  976 1046],7,335,70,149.42857142857142,168978.54207241203,46.98974428512711,0.003789752782270524,47.65958565404332,4.552040847772253,0.13646776512441902,56.72345438787993,2.288640283025576
625,40,50,15,Mode,40,[   0  124  210  486  681  842  976 1046],7,276,70,149.42857142857142,153846.5452608916,44.544178035399746,0.012970015370141846,46.97885246532545,4.590851679322159,0.1290596851763736,51.4863093146711,2.3585417565994207
626,40,50,15,Median,40,[   0   91  217  552  681  784  842  976 1046],8,335,58,130.75,137594.45117083087,47.15296067472959,0.0006666515667347959,44.73266851270785,4.205480971968286,0.14109265313540936,47.540355588829485,2.2655107490290343
627,40,50,15,Mode,40,[   0  124  210  486  681  795  842  976 1046],8,276,47,130.75,122254.75853880121,44.42707810292934,0.00732892323503793,43.1320489500405,4.4147274541825645,0.1286603091544432,41.72462732629071,2.363167939706979
628,40,50,15,Median,40,[   0   91  217  486  552  681  784  842  976 1046],9,269,58,116.22222222222223,98800.01278901886,43.09225880379287,-0.0037366466290463573,41.84783650764224,4.104833497773292,0.1204210200714648,34.144622413378926,2.4658461168895975
629,40,50,15,Mode,40,[   0  124  210  486  552  681  795  842  976 1046],9,276,47,116.22222222222223,94611.37797777433,42.96480037799899,0.0013520749767449891,41.686944941851216,4.1753733187578135,0.12133176599575166,32.66054099441375,2.4731775665427347
630,40,50,15,Median,40,[   0   91  210  262  486  552  681  784  842  976 1046],10,224,52,104.6,84232.26309740946,41.07247256071223,-0.013575225791078898,38.751582182470095,4.222255056549901,0.10489435768298278,29.192970947824417,2.581000524016405
631,40,50,15,Mode,40,[   0  124  210  262  486  552  681  795  842  976 1046],10,224,47,104.6,83233.9386676541,41.19449833906807,-0.010749819007133428,38.546080791798396,4.298716854193396,0.1074303801299486,28.832853162473175,2.5616388554726877
632,40,50,15,Median,40,[   0  124  210  262  486  552  681  784  842  976 1046],10,224,52,104.6,85708.76759594888,41.74784118562101,-0.007673315218410477,39.370759926347475,4.181574343791672,0.11178923222342872,29.940056198548127,2.5298035033688486
633,40,50,15,Mode,40,[   0  124  210  262  486  552  681  795  842  976 1046],10,224,47,104.6,83233.9386676541,41.19449833906807,-0.010749819007133428,38.546080791798396,4.298716854193396,0.1074303801299486,28.832853162473175,2.5616388554726877
634,40,50,15,Median,40,[   0  124  210  262  486  552  681  784  842  888  976 1046],11,224,46,95.0909090909091,70776.67840172487,39.14366219693321,-0.010784444177787459,36.09090632505191,4.372548368003276,0.09968627738807087,24.919270805723677,2.776361667563962
635,40,50,15,Mode,40,[   0  124  210  262  486  552  681  795  842  888  976 1046],11,224,46,95.0909090909091,70782.10432231301,38.63341869252513,-0.013826889278683857,35.342030908181975,4.4790415592775705,0.09668858369583215,24.616302936544024,2.812244354304519
636,40,50,15,Median,40,[   0   52  124  210  262  486  552  681  784  842  888  976 1046],12,224,46,87.16666666666667,62535.69484511288,36.88667136691742,-0.025914853369750707,33.40543517274019,4.430051213701748,0.08845482084944088,21.94246212077862,2.9194899528234846
637,40,50,15,Mode,40,[   0   52  124  210  262  486  552  681  795  842  888  976 1046],12,224,46,87.16666666666667,62540.62750019301,36.422813635637354,-0.028958813235858773,32.718568885365556,4.509239813023187,0.08572964476558752,21.66703678516075,2.9521105771330824
638,40,50,15,Median,40,[   0   52  124  210  262  486  552  681  784  842  888  976 1046],12,224,46,87.16666666666667,62535.69484511288,36.88667136691742,-0.025914853369750707,33.40543517274019,4.430051213701748,0.08845482084944088,21.94246212077862,2.9194899528234846
639,40,50,15,Mode,40,[   0   52  124  210  262  486  552  681  795  842  888  976 1046],12,224,46,87.16666666666667,62540.62750019301,36.422813635637354,-0.028958813235858773,32.718568885365556,4.509239813023187,0.08572964476558752,21.66703678516075,2.9521105771330824
640,40,50,15,Median,40,[   0   52  124  210  262  340  486  552  681  784  842  888  976 1046],13,146,46,80.46153846153847,56906.18993933359,35.0038106782772,-0.027811620045644334,31.223154899498162,4.639346976335663,0.08383625949626694,20.01501710305568,3.1688702526430634
641,40,50,15,Mode,40,[   0   52  124  210  262  340  486  552  681  795  842  888  976 1046],13,146,46,80.46153846153847,56910.711539823715,34.57860775793713,-0.030348252999337196,30.58733155307511,4.638509217476028,0.08133818141940134,19.7625438787393,3.198772491593527
642,40,50,15,Median,40,[   0   52  124  210  262  486  552  681  791  842  888  976 1046],12,224,46,87.16666666666667,62485.95476477854,36.542363823867916,-0.028226095024254664,32.898885453310605,4.488398426259903,0.08665320176435057,21.69898699061695,2.942655881004538
643,40,50,15,Mode,40,[   0   52  124  210  262  486  552  681  795  842  888  976 1046],12,224,46,87.16666666666667,62540.62750019301,36.422813635637354,-0.028958813235858773,32.718568885365556,4.509239813023187,0.08572964476558752,21.66703678516075,2.9521105771330824
644,40,50,20,Median,40,[   0  206 1046],2,840,206,523.0,248218.43075501217,38.735538856039796,0.07306466680138056,71.8636343726179,2.7141786841043487,0.07306466680138056,71.8636343726179,2.7141786841043487
645,40,50,20,Mode,40,[   0  124  681 1046],3,557,124,348.6666666666667,91052.15850787068,25.035208083455487,0.005718585934264796,30.231374504536475,7.937025154585558,0.030601399345320506,27.403961793490495,6.575051923987619
646,40,50,20,Median,40,[   0  206  556  855 1046],4,350,191,261.5,99145.31628484694,25.61422783334868,0.023708435622894552,38.69356481834588,5.4304661288007114,0.05930933920421123,33.11183446332496,4.860906693397622
647,40,50,20,Mode,40,[   0  124  681  976 1046],4,557,70,261.5,75260.40291631012,25.990220073736097,-0.003966382112214675,24.026901630845302,6.437931002935967,0.03201493351044818,22.137593083083605,5.314869353921499
648,40,50,20,Median,40,[   0  206  552  682  912 1046],5,346,130,209.2,187342.96965136955,42.3093038867735,0.023037123243145368,48.40660049653591,5.837612047773946,0.11681654992630164,63.19580399293947,2.862091743912737
649,40,50,20,Mode,40,[   0  124  486  681  976 1046],5,362,70,209.2,163131.70274672276,37.95387035982815,0.010766218345309084,44.85670656929624,4.245611422683382,0.08282714374177678,53.75320107969057,3.0165230828526988
650,40,50,20,Median,40,[   0  206  552  681  842  976 1046],6,346,70,174.33333333333334,207510.300641043,50.675408203566654,0.02494631759212896,52.371817312155564,4.7127255028727095,0.15210399048485038,69.68688536993595,2.1124069916722985
651,40,50,20,Mode,40,[   0  124  486  681  842  976 1046],6,362,70,174.33333333333334,201166.78663148687,48.40156297054531,0.014161973549272877,49.984695910630414,4.911864701591548,0.13096933320821152,65.97341787310754,2.1543099057231307
652,40,50,20,Median,40,[   0  124  217  552  681  842  976 1046],7,335,70,149.42857142857142,166910.21357228447,47.42281047917377,0.01428169781667829,48.44190668368778,4.557371913848086,0.14158492336791603,56.29770425025634,2.264475765482361
653,40,50,20,Mode,40,[   0  124  210  486  681  842  976 1046],7,276,70,149.42857142857142,153846.5452608916,44.544178035399746,0.012970015370141846,46.97885246532545,4.590851679322159,0.1290596851763736,51.4863093146711,2.3585417565994207
654,40,50,20,Median,40,[   0  124  217  552  681  780  842  976 1046],8,335,62,130.75,135831.7530584034,47.440211330004004,0.011888483452324447,45.48907450985659,4.179139876042539,0.14503383630797928,47.17818343905411,2.2488986418530046
655,40,50,20,Mode,40,[   0  124  210  486  681  776  842  976 1046],8,276,66,130.75,125112.30398308214,44.72649583426564,0.012383129671618923,43.977095614014395,4.3102644457508825,0.13108747679906982,42.79787049118619,2.3490417118214357
656,40,50,20,Median,40,[   0  124  217  486  554  681  780  842  976 1046],9,269,62,116.22222222222223,98276.76094436197,43.46416212262618,0.005317155037083266,42.89550605073886,4.067509985646954,0.12515485786826977,34.27821899952326,2.4477702189739166
657,40,50,20,Mode,40,[   0  124  210  486  556  681  776  842  976 1046],9,276,66,116.22222222222223,98630.72870355632,43.58049175331292,0.006320107380607448,43.003160420682256,4.0539051857978015,0.12630408384021788,34.451426305917444,2.4323652646770286
658,40,50,20,Median,40,[   0  124  210  262  486  554  681  780  842  976 1046],10,224,52,104.6,86827.23796042164,41.89187193270536,-0.007099982177637894,39.74950056152593,4.150714331650286,0.11269778549297442,30.422151992048768,2.52034861915344
659,40,50,20,Mode,40,[   0  124  210  262  486  556  681  776  842  976 1046],10,224,52,104.6,86808.34364574954,41.73987231500594,-0.006680973113542703,39.73859207897006,4.198150625018273,0.11191398200363564,30.429583815553922,2.5257387339955533
660,40,50,20,Median,40,[   0  124  210  262  486  554  681  780  842  976 1046],10,224,52,104.6,86827.23796042164,41.89187193270536,-0.007099982177637894,39.74950056152593,4.150714331650286,0.11269778549297442,30.422151992048768,2.52034861915344
661,40,50,20,Mode,40,[   0  124  210  262  486  556  681  776  842  976 1046],10,224,52,104.6,86808.34364574954,41.73987231500594,-0.006680973113542703,39.73859207897006,4.198150625018273,0.11191398200363564,30.429583815553922,2.5257387339955533
662,40,50,20,Median,40,[   0  124  210  262  486  554  681  780  842  912  976 1046],11,224,52,95.0909090909091,74265.94838528291,40.46737665860731,-0.011939825397715173,37.009290562678665,4.168551732229068,0.10314269358230047,26.20682360372349,2.631338915140761
663,40,50,20,Mode,40,[   0  124  210  262  486  556  681  776  842  888  976 1046],11,224,46,95.0909090909091,71018.95668884023,39.15436638228897,-0.009650604174131428,36.42494053322114,4.395477145945559,0.09960951224107056,25.13655147060402,2.773761889578792
664,40,50,20,Median,40,[   0  124  210  262  486  554  681  780  842  912  976 1046],11,224,52,95.0909090909091,74265.94838528291,40.46737665860731,-0.011939825397715173,37.009290562678665,4.168551732229068,0.10314269358230047,26.20682360372349,2.631338915140761
665,40,50,20,Mode,40,[   0  124  210  262  486  556  681  776  842  888  976 1046],11,224,46,95.0909090909091,71018.95668884023,39.15436638228897,-0.009650604174131428,36.42494053322114,4.395477145945559,0.09960951224107056,25.13655147060402,2.773761889578792
666,40,50,20,Median,40,[   0   52  124  210  262  486  554  681  780  842  912  976 1046],12,224,52,87.16666666666667,65707.7584665293,38.09004815025752,-0.026875926113019463,34.24782421871239,4.247103623432825,0.09159701738964961,23.112964664414815,2.787651086984211
667,40,50,20,Mode,40,[   0   52  124  210  262  486  556  681  776  842  888  976 1046],12,224,46,87.16666666666667,62755.94783339957,36.89640244451357,-0.024715615955201678,33.71182210608328,4.4555664316693155,0.08838503435216788,22.13998999794257,2.917126518291512
668,40,50,20,Median,40,[   0   52  124  210  262  486  554  681  780  842  912  976 1046],12,224,52,87.16666666666667,65707.7584665293,38.09004815025752,-0.026875926113019463,34.24782421871239,4.247103623432825,0.09159701738964961,23.112964664414815,2.787651086984211
669,40,50,20,Mode,40,[   0   52  124  210  262  486  556  681  776  842  888  976 1046],12,224,46,87.16666666666667,62755.94783339957,36.89640244451357,-0.024715615955201678,33.71182210608328,4.4555664316693155,0.08838503435216788,22.13998999794257,2.917126518291512
670,40,50,20,Median,40,[   0   52  124  210  262  486  554  681  780  842  912  976 1046],12,224,52,87.16666666666667,65707.7584665293,38.09004815025752,-0.026875926113019463,34.24782421871239,4.247103623432825,0.09159701738964961,23.112964664414815,2.787651086984211
671,40,50,20,Mode,40,[   0   52  124  210  262  486  556  681  776  842  888  976 1046],12,224,46,87.16666666666667,62755.94783339957,36.89640244451357,-0.024715615955201678,33.71182210608328,4.4555664316693155,0.08838503435216788,22.13998999794257,2.917126518291512
672,20,35,10,Median,40,[   0  194 1046],2,852,194,523.0,247763.02727329175,39.59710446190167,0.06976881101534166,71.72272908854954,2.6239717787448424,0.06976881101534166,71.72272908854954,2.6239717787448424
673,20,35,10,Mode,40,[   0  217 1046],2,829,217,523.0,252769.08190478027,38.337226046030345,0.07167349516109604,73.27359742654461,2.7441404978915678,0.07167349516109604,73.27359742654461,2.7441404978915678
674,20,35,10,Median,40,[   0  194  554  855 1046],4,360,191,261.5,104495.85148280552,26.337121521668266,0.02632226851251453,39.80092445392914,5.38270363708121,0.060619680712717505,35.008617387275486,4.778123122770339
675,20,35,10,Mode,40,[   0  217  681  976 1046],4,464,70,261.5,94485.39587027032,25.402083432400076,0.023820502580116292,30.833668350172843,6.766791026439255,0.047752543989835035,28.833929509887728,5.650985416051946
676,20,35,10,Median,40,[   0  194  539  681  888 1046],5,345,142,209.2,191039.51373826808,42.61473347057075,0.02470915723711898,49.383083947863376,5.431811671583036,0.11608618513081043,63.95589830972059,2.733250376298585
677,20,35,10,Mode,40,[   0  217  486  681  976 1046],5,295,70,209.2,151245.23174003902,36.37677564649691,0.021204718409100633,45.66342207901908,4.546561629931302,0.08762285873722721,51.18691183615408,3.116231462322357
678,20,35,10,Median,40,[   0  194  539  681  842  976 1046],6,345,70,174.33333333333334,205547.04030745855,49.911427751350914,0.025839798470870666,52.15049660372458,4.8688476951399435,0.14716547922909767,68.59811898631935,2.125744295821874
679,20,35,10,Mode,40,[   0  217  486  681  842  976 1046],6,269,70,174.33333333333334,191657.60982613987,47.13988719988032,0.0228183730897878,50.70646578343265,4.847668434011158,0.13480590520457186,63.92038647827834,2.2340766092988575
680,20,35,10,Median,40,[   0   81  217  539  681  842  976 1046],7,322,70,149.42857142857142,165465.61914809127,46.129765478448924,-0.000598894249882718,46.73003055554329,4.604848201194719,0.12956417825893826,55.24272400140776,2.299728440265475
681,20,35,10,Mode,40,[   0   81  217  486  681  842  976 1046],7,269,70,149.42857142857142,156899.4463240754,44.03733641915856,-0.0023266891493879107,46.009815349456204,4.613623572720429,0.11917201069732752,52.21392181213684,2.375320010573252
682,20,35,10,Median,40,[   0   81  217  486  546  681  842  976 1046],8,269,60,130.75,119416.59304454585,42.26006347187854,-0.006796078121102182,43.46314515901904,4.360987879844352,0.1101506042789341,39.80131763661934,2.5015860402869343
683,20,35,10,Mode,40,[   0   81  217  486  539  681  842  976 1046],8,269,53,130.75,116348.17364546466,41.9136428335866,-0.008742649484982452,42.78366529093452,4.371934125409862,0.10657501926265676,38.57272541812663,2.5020595828339958
684,20,35,10,Median,40,[   0   81  217  486  546  681  791  842  976 1046],9,269,51,116.22222222222223,96215.38405129593,42.53316496058272,-0.010640776915635315,40.856014501285756,4.224506363373541,0.11388577234624124,32.958882874017824,2.4807949724072897
685,20,35,10,Mode,40,[   0   81  217  486  539  681  795  842  976 1046],9,269,47,116.22222222222223,92887.26972069402,42.084323850208605,-0.013439357488409975,40.00730867966427,4.2655518691503405,0.10929454460528522,31.576352935760113,2.4904948282040693
686,20,35,10,Median,40,[   0   81  217  262  486  546  681  791  842  976 1046],10,224,45,104.6,79871.3066870408,40.27290480957724,-0.018688240013764085,37.59762083706048,4.3375793098542115,0.09737668776144097,27.359406222199297,2.62586421844758
687,20,35,10,Mode,40,[   0   81  217  262  486  539  681  795  842  976 1046],10,224,45,104.6,76927.11193285653,39.88078556054248,-0.021121079628924833,36.830814650548575,4.371345970422562,0.09341556625614127,26.137447316610675,2.63569133811818
688,20,35,10,Median,40,[   0  124  217  262  486  546  681  791  842  976 1046],10,224,45,104.6,81173.88416134124,40.749753224243854,-0.009959346753144624,38.19899639220512,4.320138631857872,0.10469543090467755,27.997988751179395,2.5966596749462654
689,20,35,10,Mode,40,[   0  124  217  262  486  539  681  795  842  976 1046],10,224,45,104.6,78229.68940715695,40.35763397520909,-0.012587774452769334,37.42615414476827,4.36136301453251,0.10073430939937783,26.776029845590774,2.606486794616865
690,20,35,10,Median,40,[   0  124  217  262  486  546  681  791  842  888  976 1046],11,224,45,95.0909090909091,68199.76973810588,38.23867265952423,-0.013081051191897225,35.02686207488144,4.47466943303128,0.09414723788973352,23.627529525008505,2.841129597053904
691,20,35,10,Mode,40,[   0  124  217  262  486  539  681  795  842  888  976 1046],11,224,45,95.0909090909091,66278.27998786558,37.88024076505205,-0.015783910205376207,34.32511056933011,4.494835745225514,0.09066212003831849,22.76516195134986,2.8526074995342787
692,20,35,10,Median,40,[   0   52  124  217  262  486  546  681  791  842  888  976 1046],12,224,45,87.16666666666667,60237.10731899964,36.08068106620394,-0.028914478221320993,32.429507877313206,4.5092933744928265,0.08372090841360823,20.7984472640476,2.98164994711231
693,20,35,10,Mode,40,[   0   52  124  217  262  486  539  681  795  842  888  976 1046],12,224,45,87.16666666666667,58490.29845514483,35.75483388941105,-0.03148718533666362,31.785910967992514,4.521564392248967,0.08055261945777638,20.014476742539742,2.9920844039126506
694,20,35,10,Median,40,[   0   52  124  217  262  486  546  681  791  842  888  976 1046],12,224,45,87.16666666666667,60237.10731899964,36.08068106620394,-0.028914478221320993,32.429507877313206,4.5092933744928265,0.08372090841360823,20.7984472640476,2.98164994711231
695,20,35,10,Mode,40,[   0   52  124  217  262  486  539  681  795  842  888  976 1046],12,224,45,87.16666666666667,58490.29845514483,35.75483388941105,-0.03148718533666362,31.785910967992514,4.521564392248967,0.08055261945777638,20.014476742539742,2.9920844039126506
696,20,35,10,Median,40,[   0   52  124  217  262  486  546  681  776  842  888  976 1046],12,224,45,87.16666666666667,58991.82703905173,36.146508218411796,-0.025937100126938215,32.83052664842498,4.490715995242868,0.0837102754433003,20.58463568317567,2.9750287363347314
697,20,35,10,Mode,40,[   0   52  124  217  262  486  539  681  776  842  888  976 1046],12,224,45,87.16666666666667,57302.60385916094,35.94702488585446,-0.027819671801785198,32.36164499728109,4.482145626235725,0.08139495649653196,19.847004049011677,2.9763129352156867
698,20,35,10,Median,40,[   0   52  124  217  262  486  546  681  793  842  888  976 1046],12,224,45,87.16666666666667,60187.02217596493,36.04223146899415,-0.02924061754593502,32.33027680284307,4.5079568865218915,0.0834610034484991,20.75865238857963,2.985484700611606
699,20,35,10,Mode,40,[   0   52  124  217  262  486  539  681  795  842  888  976 1046],12,224,45,87.16666666666667,58490.29845514483,35.75483388941105,-0.03148718533666362,31.785910967992514,4.521564392248967,0.08055261945777638,20.014476742539742,2.9920844039126506
700,20,35,15,Median,40,[   0  206 1046],2,840,206,523.0,248218.43075501217,38.735538856039796,0.07306466680138056,71.8636343726179,2.7141786841043487,0.07306466680138056,71.8636343726179,2.7141786841043487
701,20,35,15,Mode,40,[   0  124  681 1046],3,557,124,348.6666666666667,91052.15850787068,25.035208083455487,0.005718585934264796,30.231374504536475,7.937025154585558,0.030601399345320506,27.403961793490495,6.575051923987619
702,20,35,15,Median,40,[   0  206  556  855 1046],4,350,191,261.5,99145.31628484694,25.61422783334868,0.023708435622894552,38.69356481834588,5.4304661288007114,0.05930933920421123,33.11183446332496,4.860906693397622
703,20,35,15,Mode,40,[   0  124  681  976 1046],4,557,70,261.5,75260.40291631012,25.990220073736097,-0.003966382112214675,24.026901630845302,6.437931002935967,0.03201493351044818,22.137593083083605,5.314869353921499
704,20,35,15,Median,40,[   0  206  539  681  888 1046],5,333,142,209.2,185996.8062629565,42.066139401363536,0.022554661657754146,48.471364732462646,5.509508115501219,0.11524876110894536,62.29480594167868,2.768206793889369
705,20,35,15,Mode,40,[   0  124  486  681  976 1046],5,362,70,209.2,163131.70274672276,37.95387035982815,0.010766218345309084,44.85670656929624,4.245611422683382,0.08282714374177678,53.75320107969057,3.0165230828526988
706,20,35,15,Median,40,[   0   81  217  539  681  888 1046],6,322,81,174.33333333333334,145843.31366086547,39.53607759924439,-0.00601137525377882,43.06681021328527,5.140861414207129,0.10118048278627659,48.85786846314643,2.820530133535564
707,20,35,15,Mode,40,[   0  124  217  486  681  976 1046],6,295,70,174.33333333333334,113071.87717212402,34.92325479358605,0.006111964822141747,41.44452646277098,4.287831770484698,0.08665726149264544,38.3914868687434,3.1289293368608577
708,20,35,15,Median,40,[   0   81  217  539  681  842  976 1046],7,322,70,149.42857142857142,165465.61914809127,46.129765478448924,-0.000598894249882718,46.73003055554329,4.604848201194719,0.12956417825893826,55.24272400140776,2.299728440265475
709,20,35,15,Mode,40,[   0  124  217  486  681  855  976 1046],7,269,70,149.42857142857142,156342.10471962957,44.81587590244488,0.011327982289870399,47.63473557639087,4.672580896806461,0.12891761730273507,52.28830319508615,2.3558732529727213
710,20,35,15,Median,40,[   0   81  217  340  539  681  842  976 1046],8,199,70,130.75,127646.35740129168,41.08084016820188,-0.010089500607503027,41.86112739996736,4.764259768799701,0.10772995676165929,42.47676695413758,2.779969998292838
711,20,35,15,Mode,40,[   0  124  217  486  681  855  976 1046],7,269,70,149.42857142857142,156342.10471962957,44.81587590244488,0.011327982289870399,47.63473557639087,4.672580896806461,0.12891761730273507,52.28830319508615,2.3558732529727213
712,20,35,15,Median,40,[   0   81  217  340  486  555  681  842  976 1046],9,161,69,116.22222222222223,102780.08820174239,38.994594241131026,-0.013568433727894695,39.99255821756058,4.4437472976594545,0.09964203664398476,34.42565350080875,2.8977513656944023
713,20,35,15,Mode,40,[   0  124  217  340  486  556  681  855  976 1046],9,174,70,116.22222222222223,105146.54266677969,39.62815275120694,-0.00264627025807237,41.38092129509606,4.497867427251326,0.10772209935129554,35.41242791835339,2.889603787997072
714,20,35,15,Median,40,[   0   81  217  340  486  555  681  776  855  976 1046],10,146,69,104.6,85955.97142495861,39.44146929540475,-0.007603672254119328,38.880537258705374,4.587678878206489,0.10474263549246203,29.845791245526527,2.853366381542193
715,20,35,15,Mode,40,[   0  124  217  340  486  556  681  776  855  976 1046],10,146,70,104.6,85823.35297042722,39.54171355662026,0.003722383694328523,39.57314555370251,4.601846323491987,0.11029241699725645,29.995883740915733,2.872667922253141
716,20,35,15,Median,40,[   0  124  217  340  486  555  681  776  855  976 1046],10,146,69,104.6,85474.23143793824,39.472906636770034,0.0037444317346275848,39.492079883609364,4.609459040499325,0.10986199301109217,29.852834814060543,2.877566561867566
717,20,35,15,Mode,40,[   0  124  217  340  486  556  681  776  855  976 1046],10,146,70,104.6,85823.35297042722,39.54171355662026,0.003722383694328523,39.57314555370251,4.601846323491987,0.11029241699725645,29.995883740915733,2.872667922253141
718,20,35,15,Median,40,[   0  124  217  262  486  555  681  776  855  976 1046],10,224,45,104.6,86288.1968494021,41.09306604400544,-0.004795393358097996,39.633001838583475,4.764484375225843,0.1081995043987562,30.150133816360178,2.588611092162753
719,20,35,15,Mode,40,[   0  124  217  262  486  556  681  776  855  976 1046],10,224,45,104.6,86669.99657569737,41.16389897868531,-0.004755335767676218,39.71421539876415,4.756871658218506,0.10860785230526102,30.30453615521465,2.583709321848366
720,20,35,15,Median,40,[   0  124  217  262  340  486  555  681  776  842  888  976 1046],12,146,45,87.16666666666667,62874.30952949736,36.53581211350335,-0.011661854190450282,33.4422769790399,4.783022139041068,0.09089100444002336,22.23383309681209,3.091460625804419
721,20,35,15,Mode,40,[   0  124  217  262  486  556  681  776  855  976 1046],10,224,45,104.6,86669.99657569737,41.16389897868531,-0.004755335767676218,39.71421539876415,4.756871658218506,0.10860785230526102,30.30453615521465,2.583709321848366
722,20,35,15,Median,40,[   0  124  217  262  340  486  555  681  776  842  888  976 1046],12,146,45,87.16666666666667,62874.30952949736,36.53581211350335,-0.011661854190450282,33.4422769790399,4.783022139041068,0.09089100444002336,22.23383309681209,3.091460625804419
723,20,35,15,Mode,40,[   0  124  217  262  486  556  681  776  855  976 1046],10,224,45,104.6,86669.99657569737,41.16389897868531,-0.004755335767676218,39.71421539876415,4.756871658218506,0.10860785230526102,30.30453615521465,2.583709321848366
724,20,35,15,Median,40,[   0   52  124  217  262  340  486  555  681  776  842  888  976 1046],13,146,45,80.46153846153847,56018.99066270068,34.69955819846149,-0.027288308017309942,31.20621760787962,4.773192215475395,0.08160488854105102,19.75664905994763,3.199410027628748
725,20,35,15,Mode,40,[   0   52  124  217  262  340  486  556  681  776  855  976 1046],12,146,45,87.16666666666667,68788.1274653419,36.30205497580837,-0.024548933712686377,33.73985920589765,4.980715397117372,0.08981148931821087,24.03964116855076,3.0495988266866476
726,20,35,15,Median,40,[   0   52  124  217  262  340  486  555  681  776  842  888  976 1046],13,146,45,80.46153846153847,56018.99066270068,34.69955819846149,-0.027288308017309942,31.20621760787962,4.773192215475395,0.08160488854105102,19.75664905994763,3.199410027628748
727,20,35,15,Mode,40,[   0   52  124  217  262  340  486  556  681  776  855  976 1046],12,146,45,87.16666666666667,68788.1274653419,36.30205497580837,-0.024548933712686377,33.73985920589765,4.980715397117372,0.08981148931821087,24.03964116855076,3.0495988266866476
728,20,35,20,Median,40,[   0  206 1046],2,840,206,523.0,248218.43075501217,38.735538856039796,0.07306466680138056,71.8636343726179,2.7141786841043487,0.07306466680138056,71.8636343726179,2.7141786841043487
729,20,35,20,Mode,40,[   0  124  681 1046],3,557,124,348.6666666666667,91052.15850787068,25.035208083455487,0.005718585934264796,30.231374504536475,7.937025154585558,0.030601399345320506,27.403961793490495,6.575051923987619
730,20,35,20,Median,40,[   0  206  556  855 1046],4,350,191,261.5,99145.31628484694,25.61422783334868,0.023708435622894552,38.69356481834588,5.4304661288007114,0.05930933920421123,33.11183446332496,4.860906693397622
731,20,35,20,Mode,40,[   0  124  681  976 1046],4,557,70,261.5,75260.40291631012,25.990220073736097,-0.003966382112214675,24.026901630845302,6.437931002935967,0.03201493351044818,22.137593083083605,5.314869353921499
732,20,35,20,Median,40,[   0  204  510  681  918 1046],5,306,128,209.2,170185.36579547412,38.60019991215602,0.02164477056766326,46.11904386079628,5.778572627676629,0.1051996415965677,57.37774063966036,3.0598853170876525
733,20,35,20,Mode,40,[   0  124  486  681  976 1046],5,362,70,209.2,163131.70274672276,37.95387035982815,0.010766218345309084,44.85670656929624,4.245611422683382,0.08282714374177678,53.75320107969057,3.0165230828526988
734,20,35,20,Median,40,[   0   91  219  539  681  918 1046],6,320,91,174.33333333333334,137456.98270011245,38.032035151023926,-0.0032326482829556835,41.78834391851888,5.489611423295087,0.09930196471650377,46.177914331712564,3.0179591661204426
735,20,35,20,Mode,40,[   0  124  217  486  681  976 1046],6,295,70,174.33333333333334,113071.87717212402,34.92325479358605,0.006111964822141747,41.44452646277098,4.287831770484698,0.08665726149264544,38.3914868687434,3.1289293368608577
736,20,35,20,Median,40,[   0   91  219  539  681  842  976 1046],7,320,70,149.42857142857142,163959.25560154833,45.91537555107782,0.002739836258544254,46.76239054744138,4.635895347580369,0.13119567743640734,54.672783907994265,2.3293221679318936
737,20,35,20,Mode,40,[   0  124  217  486  681  842  976 1046],7,269,70,149.42857142857142,153111.08467186056,44.1347678968907,0.012000774349059266,46.83315749359031,4.640076419184725,0.12613739975619628,51.13528656508206,2.391683980251525
738,20,35,20,Median,40,[   0   91  217  340  539  681  842  976 1046],8,199,70,130.75,127170.99147127639,40.93127564330603,-0.00661012098329845,41.90711196734819,4.787392169009355,0.10925845126503513,42.29208247870363,2.80640702710387
739,20,35,20,Mode,40,[   0  124  217  486  681  842  976 1046],7,269,70,149.42857142857142,153111.08467186056,44.1347678968907,0.012000774349059266,46.83315749359031,4.640076419184725,0.12613739975619628,51.13528656508206,2.391683980251525
740,20,35,20,Median,40,[   0   91  217  340  539  681  780  855  976 1046],9,199,70,116.22222222222223,106252.7220458345,41.40273852518749,-0.00234037666414463,40.385399260844956,4.706745347115142,0.1145981867218095,36.38981512277701,2.757521603651683
741,20,35,20,Mode,40,[   0  124  217  340  486  681  776  842  976 1046],9,195,66,116.22222222222223,97763.23864131236,40.225883313735025,0.006385646476346832,39.61783195436325,4.581396698553133,0.1108099698799484,33.23550650359303,2.8302333310940786
742,20,35,20,Median,40,[   0   91  217  340  486  556  681  780  855  976 1046],10,146,70,104.6,86444.06375203542,39.554926437790776,-0.004515947777701366,39.10361671659235,4.492567660096683,0.10742668046383103,30.03346965615178,2.859298690169227
743,20,35,20,Mode,40,[   0  124  217  340  486  556  681  776  842  976 1046],10,146,66,104.6,84688.47580924853,39.74244054978265,0.0027239905953800082,39.289156924351886,4.323560139315136,0.11099650716278825,29.599429945466277,2.8501429435458174
744,20,35,20,Median,40,[   0  124  217  340  486  556  681  780  855  976 1046],10,146,70,104.6,86332.05282169362,39.70269174296394,0.00372833721627761,39.67768051147662,4.495841902221796,0.11135720892427997,30.18415670557887,2.8629367369749086
745,20,35,20,Mode,40,[   0  124  217  340  486  556  681  776  842  976 1046],10,146,66,104.6,84688.47580924853,39.74244054978265,0.0027239905953800082,39.289156924351886,4.323560139315136,0.11099650716278825,29.599429945466277,2.8501429435458174
746,20,35,20,Median,40,[   0   52  124  210  262  340  486  556  681  780  855  976 1046],12,146,52,87.16666666666667,70042.39898466012,36.71904502993855,-0.024023820134856096,34.08595353125293,4.824529382395961,0.09280379544491744,24.534150101620085,3.0098156418719886
747,20,35,20,Mode,40,[   0   52  124  217  262  340  486  556  681  776  842  976 1046],12,146,45,87.16666666666667,67859.59160619568,36.46628615203214,-0.02450228091101377,33.5026989062826,4.637910059720322,0.09038756309000963,23.715269881364847,3.031169298653383
748,20,35,20,Median,40,[   0   52  124  210  262  340  486  556  681  780  842  888  976 1046],13,146,46,80.46153846153847,57709.92029577365,35.228538525531754,-0.026966078080614582,31.6394347939872,4.636225717250692,0.08508017944018875,20.419227682108264,3.1527917696451855
749,20,35,20,Mode,40,[   0   52  124  217  262  340  486  556  681  776  842  888  976 1046],13,146,45,80.46153846153847,56280.831812067416,34.751163388349156,-0.027209837466973242,31.268608354474885,4.771051005527867,0.08192770653067423,19.86393575508902,3.1957360479179293
750,20,35,20,Median,40,[   0   52  124  210  262  340  486  556  681  780  842  888  976 1046],13,146,46,80.46153846153847,57709.92029577365,35.228538525531754,-0.026966078080614582,31.6394347939872,4.636225717250692,0.08508017944018875,20.419227682108264,3.1527917696451855
751,20,35,20,Mode,40,[   0   52  124  217  262  340  486  556  681  776  842  888  976 1046],13,146,45,80.46153846153847,56280.831812067416,34.751163388349156,-0.027209837466973242,31.268608354474885,4.771051005527867,0.08192770653067423,19.86393575508902,3.1957360479179293
752,20,35,20,Median,40,[   0   52  124  210  262  340  486  556  681  780  842  888  976 1046],13,146,46,80.46153846153847,57709.92029577365,35.228538525531754,-0.026966078080614582,31.6394347939872,4.636225717250692,0.08508017944018875,20.419227682108264,3.1527917696451855
753,20,35,20,Mode,40,[   0   52  124  217  262  340  486  556  681  776  842  888  976 1046],13,146,45,80.46153846153847,56280.831812067416,34.751163388349156,-0.027209837466973242,31.268608354474885,4.771051005527867,0.08192770653067423,19.86393575508902,3.1957360479179293
754,20,35,20,Median,40,[   0   52  124  210  262  340  486  556  681  780  842  888  976 1046],13,146,46,80.46153846153847,57709.92029577365,35.228538525531754,-0.026966078080614582,31.6394347939872,4.636225717250692,0.08508017944018875,20.419227682108264,3.1527917696451855
755,20,35,20,Mode,40,[   0   52  124  217  262  340  486  556  681  776  842  888  976 1046],13,146,45,80.46153846153847,56280.831812067416,34.751163388349156,-0.027209837466973242,31.268608354474885,4.771051005527867,0.08192770653067423,19.86393575508902,3.1957360479179293
756,20,40,10,Median,40,[   0  186 1046],2,860,186,523.0,242217.6369765679,39.79816296235427,0.0670194708537027,70.00979388050754,2.596452873699181,0.0670194708537027,70.00979388050754,2.596452873699181
757,20,40,10,Mode,40,[   0  217 1046],2,829,217,523.0,252769.08190478027,38.337226046030345,0.07167349516109604,73.27359742654461,2.7441404978915678,0.07167349516109604,73.27359742654461,2.7441404978915678
758,20,40,10,Median,40,[   0  186  554  855 1046],4,368,186,261.5,104398.37354780086,26.43474774756058,0.026011175053196015,39.569519950058066,5.37072891287186,0.06013786675294736,34.878128716807446,4.767230059906846
759,20,40,10,Mode,40,[   0  217  681  976 1046],4,464,70,261.5,94485.39587027032,25.402083432400076,0.023820502580116292,30.833668350172843,6.766791026439255,0.047752543989835035,28.833929509887728,5.650985416051946
760,20,40,10,Median,40,[   0  186  539  681  888 1046],5,353,142,209.2,191493.46453880423,42.701422643759194,0.024306700099869093,49.190799603639235,5.441101960707406,0.11542771332951596,63.9166596497705,2.727896647845311
761,20,40,10,Mode,40,[   0  217  486  681  976 1046],5,295,70,209.2,151245.23174003902,36.37677564649691,0.021204718409100633,45.66342207901908,4.546561629931302,0.08762285873722721,51.18691183615408,3.116231462322357
762,20,40,10,Median,40,[   0   81  217  539  681  888 1046],6,322,81,174.33333333333334,145843.31366086547,39.53607759924439,-0.00601137525377882,43.06681021328527,5.140861414207129,0.10118048278627659,48.85786846314643,2.820530133535564
763,20,40,10,Mode,40,[   0   81  217  486  681  976 1046],6,295,70,174.33333333333334,117617.91115478182,34.80633702030748,-0.010168651032907478,40.563121087065234,4.271467800806426,0.07829879462200291,39.68584916520913,3.1092925732469303
764,20,40,10,Median,40,[   0   81  217  539  681  842  976 1046],7,322,70,149.42857142857142,165465.61914809127,46.129765478448924,-0.000598894249882718,46.73003055554329,4.604848201194719,0.12956417825893826,55.24272400140776,2.299728440265475
765,20,40,10,Mode,40,[   0   81  217  486  681  842  976 1046],7,269,70,149.42857142857142,156899.4463240754,44.03733641915856,-0.0023266891493879107,46.009815349456204,4.613623572720429,0.11917201069732752,52.21392181213684,2.375320010573252
766,20,40,10,Median,40,[   0   81  217  486  552  681  842  976 1046],8,269,66,130.75,121355.8204262566,42.523708554345035,-0.006300707020199602,43.777138299937164,4.319488155550351,0.11178176276317922,40.55663624901475,2.4919729928759504
767,20,40,10,Mode,40,[   0   81  217  486  539  681  842  976 1046],8,269,53,130.75,116348.17364546466,41.9136428335866,-0.008742649484982452,42.78366529093452,4.371934125409862,0.10657501926265676,38.57272541812663,2.5020595828339958
768,20,40,10,Median,40,[   0   81  217  486  552  681  795  855  976 1046],9,269,60,116.22222222222223,98818.30167236485,42.18659859587431,-0.006169024587153706,41.322582415268876,4.85130258858789,0.11395360004272966,33.956251770129526,2.529654685662256
769,20,40,10,Mode,40,[   0   81  217  486  539  681  795  842  976 1046],9,269,47,116.22222222222223,92887.26972069402,42.084323850208605,-0.013439357488409975,40.00730867966427,4.2655518691503405,0.10929454460528522,31.576352935760113,2.4904948282040693
770,20,40,10,Median,40,[   0   81  217  262  486  552  681  795  855  976 1046],10,224,45,104.6,82218.05084972632,39.9729208582667,-0.015487144408979988,38.01919348460866,4.974227082353425,0.09745894730270833,28.259060838602196,2.6685306549174985
771,20,40,10,Mode,40,[   0   81  217  262  486  539  681  795  842  976 1046],10,224,45,104.6,76927.11193285653,39.88078556054248,-0.021121079628924833,36.830814650548575,4.371345970422562,0.09341556625614127,26.137447316610675,2.63569133811818
772,20,40,10,Median,40,[   0  124  217  262  486  552  681  795  855  976 1046],10,224,45,104.6,83520.62832402677,40.44976927293331,-0.007001050324967385,38.623900550460824,4.964244126463374,0.1047776904459449,28.897643367582297,2.6393261114161835
773,20,40,10,Mode,40,[   0  124  217  262  486  539  681  795  842  976 1046],10,224,45,104.6,78229.68940715695,40.35763397520909,-0.012587774452769334,37.42615414476827,4.36136301453251,0.10073430939937783,26.776029845590774,2.606486794616865
774,20,40,10,Median,40,[   0  124  217  262  486  552  681  795  842  888  976 1046],11,224,45,95.0909090909091,69636.20251420523,38.29569698368272,-0.013323924884252892,35.06584942437956,4.497850090597122,0.09434674811627361,24.146951626334168,2.8441454025354593
775,20,40,10,Mode,40,[   0  124  217  262  486  539  681  795  842  888  976 1046],11,224,45,95.0909090909091,66278.27998786558,37.88024076505205,-0.015783910205376207,34.32511056933011,4.494835745225514,0.09066212003831849,22.76516195134986,2.8526074995342787
776,20,40,10,Median,40,[   0   52  124  217  262  486  552  681  795  842  888  976 1046],12,224,45,87.16666666666667,61542.95529727179,36.13252136089347,-0.029118345501406646,32.46526525890538,4.524327542172942,0.0839022813468265,21.270649174343657,2.9843915884591783
777,20,40,10,Mode,40,[   0   52  124  217  262  486  539  681  795  842  888  976 1046],12,224,45,87.16666666666667,58490.29845514483,35.75483388941105,-0.03148718533666362,31.785910967992514,4.521564392248967,0.08055261945777638,20.014476742539742,2.9920844039126506
778,20,40,10,Median,40,[   0   52  124  217  262  486  552  681  795  842  888  976 1046],12,224,45,87.16666666666667,61542.95529727179,36.13252136089347,-0.029118345501406646,32.46526525890538,4.524327542172942,0.0839022813468265,21.270649174343657,2.9843915884591783
779,20,40,10,Mode,40,[   0   52  124  217  262  486  539  681  795  842  888  976 1046],12,224,45,87.16666666666667,58490.29845514483,35.75483388941105,-0.03148718533666362,31.785910967992514,4.521564392248967,0.08055261945777638,20.014476742539742,2.9920844039126506
780,20,40,10,Median,40,[   0   52  124  217  262  486  552  681  795  842  888  976 1046],12,224,45,87.16666666666667,61542.95529727179,36.13252136089347,-0.029118345501406646,32.46526525890538,4.524327542172942,0.0839022813468265,21.270649174343657,2.9843915884591783
781,20,40,10,Mode,40,[   0   52  124  217  262  486  539  681  795  842  888  976 1046],12,224,45,87.16666666666667,58490.29845514483,35.75483388941105,-0.03148718533666362,31.785910967992514,4.521564392248967,0.08055261945777638,20.014476742539742,2.9920844039126506
782,20,40,10,Median,40,[   0   52  124  217  262  486  554  681  795  842  888  976 1046],12,224,45,87.16666666666667,62490.21177623679,36.30524331383213,-0.02872122985787884,32.73668141475097,4.515060787081972,0.08491004686882905,21.666512455869917,2.9741782268153485
783,20,40,10,Mode,40,[   0   52  124  217  262  486  554  681  795  842  888  976 1046],12,224,45,87.16666666666667,62490.21177623679,36.30524331383213,-0.02872122985787884,32.73668141475097,4.515060787081972,0.08491004686882905,21.666512455869917,2.9741782268153485
784,20,40,15,Median,40,[   0  206 1046],2,840,206,523.0,248218.43075501217,38.735538856039796,0.07306466680138056,71.8636343726179,2.7141786841043487,0.07306466680138056,71.8636343726179,2.7141786841043487
785,20,40,15,Mode,40,[   0  262 1046],2,784,262,523.0,249606.23457962726,35.65208059902461,0.06299928450043775,72.29325095088274,2.978036468744145,0.06299928450043775,72.29325095088274,2.978036468744145
786,20,40,15,Median,40,[   0  206  556  855 1046],4,350,191,261.5,99145.31628484694,25.61422783334868,0.023708435622894552,38.69356481834588,5.4304661288007114,0.05930933920421123,33.11183446332496,4.860906693397622
787,20,40,15,Mode,40,[   0  262  681  976 1046],4,419,70,261.5,92772.56403737857,24.744822825645453,0.02591630815318155,30.378145055471162,6.860858961124414,0.04514848648244133,28.228636348874314,5.7198925345694684
788,20,40,15,Median,40,[   0  206  539  681  918 1046],5,333,128,209.2,177773.43788182962,40.507671232144624,0.022186057433945364,46.88426669347449,5.874149907706259,0.11045336475552572,59.79977341750658,2.9706024931208397
789,20,40,15,Mode,40,[   0  262  486  681  976 1046],5,295,70,209.2,149639.51799500338,36.676851085785216,0.02018028047270197,45.16546132999741,4.749197340501011,0.08792011845423162,50.44127572521593,3.1096617323752054
790,20,40,15,Median,40,[   0   81  217  546  681  918 1046],6,329,81,174.33333333333334,143754.0675012626,39.061813820326606,-0.006006648277874663,42.60222491048445,5.4345480207272345,0.10065536742724779,48.60041322130598,2.947233845901444
791,20,40,15,Mode,40,[   0  124  262  486  681  976 1046],6,295,70,174.33333333333334,112236.01456257634,33.84213997138297,0.002318799919431828,41.11708788573844,4.526006109710359,0.07793350624124543,37.84354866156931,3.2510920657154054
792,20,40,15,Median,40,[   0   81  217  546  681  842  976 1046],7,329,70,149.42857142857142,169257.13415117687,46.77719951932779,0.0004150273923574398,47.52037850302154,4.575085654330173,0.13288007933479318,56.82094402872054,2.2754165831630284
793,20,40,15,Mode,40,[   0  124  262  486  681  842  976 1046],7,224,70,149.42857142857142,152414.53249723752,43.233838878388134,0.009219752467644182,46.52724885037456,4.876207509139127,0.11886760371336295,50.67867139243699,2.493486254296981
794,20,40,15,Median,40,[   0   81  217  340  546  681  842  976 1046],8,206,70,130.75,130952.77709397508,41.63785599406185,-0.009297880210724358,42.58713583217446,4.742701466289747,0.11063837518422785,43.86699531128507,2.7566159468627793
795,20,40,15,Mode,40,[   0  124  262  486  681  842  976 1046],7,224,70,149.42857142857142,152414.53249723752,43.233838878388134,0.009219752467644182,46.52724885037456,4.876207509139127,0.11886760371336295,50.67867139243699,2.493486254296981
796,20,40,15,Median,40,[   0   81  217  340  546  681  784  855  976 1046],9,206,70,116.22222222222223,109354.79123305465,42.04057237233336,-0.004781812331547227,40.98597870903929,4.696031290469821,0.1164502597886358,37.77331334690237,2.712268919564623
797,20,40,15,Mode,40,[   0  124  262  486  681  776  842  976 1046],8,224,66,130.75,123884.8644713786,43.60334798539855,0.009523288979156788,43.57486460386415,4.676700283630706,0.12235140697363213,42.10560941498552,2.4647084241336303
798,20,40,15,Median,40,[   0   81  217  340  486  554  681  784  855  976 1046],10,146,68,104.6,86231.41106275425,39.56452703044657,-0.007619519483430239,38.885999198159176,4.556601754375154,0.10576497460816536,29.93793988123621,2.8480619348867466
799,20,40,15,Mode,40,[   0  124  262  486  556  681  776  842  976 1046],9,224,66,116.22222222222223,98211.83048538276,42.56386783405069,0.004093641695725553,42.63222854451746,4.379625930579867,0.11892537556475141,34.18071499254979,2.5208469663745063
800,20,40,15,Median,40,[   0  124  217  340  486  554  681  784  855  976 1046],10,146,68,104.6,85749.6710757339,39.59596437181185,0.0037742285001110204,39.49758529166647,4.57838191666799,0.1108843321267955,29.944983449770234,2.8722621152121195
801,20,40,15,Mode,40,[   0  124  262  486  556  681  776  842  976 1046],9,224,66,116.22222222222223,98211.83048538276,42.56386783405069,0.004093641695725553,42.63222854451746,4.379625930579867,0.11892537556475141,34.18071499254979,2.5208469663745063
802,20,40,15,Median,40,[   0  124  210  262  486  554  681  784  855  976 1046],10,224,52,104.6,87805.11350159341,41.590668342505154,-0.005480608726806878,39.94823644116982,4.66957955331361,0.11184659224297826,30.753039301882357,2.547638097198104
803,20,40,15,Mode,40,[   0  124  217  262  486  556  681  776  842  976 1046],10,224,45,104.6,85535.11941451866,41.3646259718477,-0.006194988478143926,39.42970902238183,4.230051673249213,0.10931194247079283,29.908082359765192,2.561184343141042
804,20,40,15,Median,40,[   0  124  210  262  340  486  554  681  784  842  888  976 1046],12,146,46,87.16666666666667,64791.16066282413,37.05786124549903,-0.012348908245098357,33.73629919232103,4.621101717967998,0.09471913682091677,22.936590549899208,3.0511676375823225
805,20,40,15,Mode,40,[   0  124  217  262  340  486  556  681  776  842  888  976 1046],12,146,45,87.16666666666667,63159.954419715614,36.5921086842899,-0.011578173531565077,33.50973267987091,4.780702494931247,0.09124316951961231,22.350873127875424,3.0874526479380715
806,20,40,15,Median,40,[   0  124  210  262  340  486  554  681  784  842  888  976 1046],12,146,46,87.16666666666667,64791.16066282413,37.05786124549903,-0.012348908245098357,33.73629919232103,4.621101717967998,0.09471913682091677,22.936590549899208,3.0511676375823225
807,20,40,15,Mode,40,[   0  124  217  262  340  486  556  681  776  842  888  976 1046],12,146,45,87.16666666666667,63159.954419715614,36.5921086842899,-0.011578173531565077,33.50973267987091,4.780702494931247,0.09124316951961231,22.350873127875424,3.0874526479380715
808,20,40,15,Median,40,[   0   52  124  210  262  340  486  554  681  784  842  888  976 1046],13,146,46,80.46153846153847,57735.7188808382,35.16276973060408,-0.027362432815537324,31.478165380616982,4.630793048559383,0.08483756337443547,20.37307261001828,3.159468068235355
809,20,40,15,Mode,40,[   0   52  124  217  262  340  486  556  681  776  842  888  976 1046],13,146,45,80.46153846153847,56280.831812067416,34.751163388349156,-0.027209837466973242,31.268608354474885,4.771051005527867,0.08192770653067423,19.86393575508902,3.1957360479179293
810,20,40,15,Median,40,[   0   52  124  210  262  340  486  554  681  784  842  888  976 1046],13,146,46,80.46153846153847,57735.7188808382,35.16276973060408,-0.027362432815537324,31.478165380616982,4.630793048559383,0.08483756337443547,20.37307261001828,3.159468068235355
811,20,40,15,Mode,40,[   0   52  124  217  262  340  486  556  681  776  842  888  976 1046],13,146,45,80.46153846153847,56280.831812067416,34.751163388349156,-0.027209837466973242,31.268608354474885,4.771051005527867,0.08192770653067423,19.86393575508902,3.1957360479179293
812,20,40,20,Median,40,[   0  206 1046],2,840,206,523.0,248218.43075501217,38.735538856039796,0.07306466680138056,71.8636343726179,2.7141786841043487,0.07306466680138056,71.8636343726179,2.7141786841043487
813,20,40,20,Mode,40,[   0  124  681 1046],3,557,124,348.6666666666667,91052.15850787068,25.035208083455487,0.005718585934264796,30.231374504536475,7.937025154585558,0.030601399345320506,27.403961793490495,6.575051923987619
814,20,40,20,Median,40,[   0  206  556  859 1046],4,350,187,261.5,99042.74117351288,25.514140237086334,0.023726033700432234,38.47887356798922,5.519396573883704,0.05897524642971702,33.122015306752566,4.9156435785916415
815,20,40,20,Mode,40,[   0  124  681  976 1046],4,557,70,261.5,75260.40291631012,25.990220073736097,-0.003966382112214675,24.026901630845302,6.437931002935967,0.03201493351044818,22.137593083083605,5.314869353921499
816,20,40,20,Median,40,[   0  206  539  681 1046],4,365,142,261.5,213195.3117850468,44.234490762056815,0.02656252997095527,57.17462446008572,5.144357142223033,0.11930986451890326,71.28944761402285,2.382594010028991
817,20,40,20,Mode,40,[   0  124  486  681  976 1046],5,362,70,209.2,163131.70274672276,37.95387035982815,0.010766218345309084,44.85670656929624,4.245611422683382,0.08282714374177678,53.75320107969057,3.0165230828526988
818,20,40,20,Median,40,[   0   99  219  546  681  931 1046],6,327,99,174.33333333333334,137295.6920291593,38.02012205116361,0.0012442192337585077,41.90553734671543,5.443290027067512,0.10219806553789572,46.42027639906303,3.1226458333350555
819,20,40,20,Mode,40,[   0  124  262  486  681  976 1046],6,295,70,174.33333333333334,112236.01456257634,33.84213997138297,0.002318799919431828,41.11708788573844,4.526006109710359,0.07793350624124543,37.84354866156931,3.2510920657154054
820,20,40,20,Median,40,[   0   99  219  546  681  842  976 1046],7,327,70,149.42857142857142,166901.221804726,46.510852235168414,0.006815975397619903,47.5797490378345,4.618876013637316,0.1355655483097942,55.983561766261154,2.315823625533316
821,20,40,20,Mode,40,[   0  124  262  486  681  842  976 1046],7,224,70,149.42857142857142,152414.53249723752,43.233838878388134,0.009219752467644182,46.52724885037456,4.876207509139127,0.11886760371336295,50.67867139243699,2.493486254296981
822,20,40,20,Median,40,[   0   91  217  340  546  681  842  976 1046],8,206,70,130.75,130477.41116395978,41.48829146916599,-0.005830151589094733,42.63347226431316,4.765833866499399,0.11216686968760367,43.68231083585113,2.7830529756738116
823,20,40,20,Mode,40,[   0  124  262  486  681  842  976 1046],7,224,70,149.42857142857142,152414.53249723752,43.233838878388134,0.009219752467644182,46.52724885037456,4.876207509139127,0.11886760371336295,50.67867139243699,2.493486254296981
824,20,40,20,Median,40,[   0   91  217  340  546  681  780  855  976 1046],9,206,70,116.22222222222223,108817.42995098891,41.87009938320544,-0.0015415929930585636,41.04939116445772,4.695322421357989,0.1173194878673561,37.55883874624162,2.7369675043814894
825,20,40,20,Mode,40,[   0  124  262  486  681  776  842  976 1046],8,224,66,130.75,123884.8644713786,43.60334798539855,0.009523288979156788,43.57486460386415,4.676700283630706,0.12235140697363213,42.10560941498552,2.4647084241336303
826,20,40,20,Median,40,[   0   91  217  340  486  555  681  780  855  976 1046],10,146,69,104.6,86092.11405591981,39.485785415336785,-0.004505933265166412,39.023042305138425,4.50018037710402,0.1069924424109303,29.889444114348027,2.8642139885965863
827,20,40,20,Mode,40,[   0  124  262  486  556  681  776  842  976 1046],9,224,66,116.22222222222223,98211.83048538276,42.56386783405069,0.004093641695725553,42.63222854451746,4.379625930579867,0.11892537556475141,34.18071499254979,2.5208469663745063
828,20,40,20,Median,40,[   0  124  217  340  486  555  681  780  855  976 1046],10,146,69,104.6,85980.10312557801,39.63355072050996,0.0037530414681994943,39.59650526544537,4.503454619229133,0.11092297087137924,30.040131163775115,2.867852035402268
829,20,40,20,Mode,40,[   0  124  262  486  556  681  776  842  976 1046],9,224,66,116.22222222222223,98211.83048538276,42.56386783405069,0.004093641695725553,42.63222854451746,4.379625930579867,0.11892537556475141,34.18071499254979,2.5208469663745063
830,20,40,20,Median,40,[   0   52  124  210  262  340  486  555  681  780  855  976 1046],12,146,52,87.16666666666667,69754.44014238371,36.6624751024762,-0.02408784957094583,34.01788694634191,4.8308733132354105,0.0924485097652714,24.41631102196247,3.013837249676192
831,20,40,20,Mode,40,[   0   52  124  210  262  340  486  556  681  776  842  976 1046],12,146,52,87.16666666666667,68697.65415629595,36.751566780972034,-0.02420229590353607,33.76017966507944,4.621226534621642,0.09250867582187876,24.0557372978916,2.9993479927027322
832,20,40,20,Median,40,[   0   52  124  210  262  340  486  555  681  780  855  976 1046],12,146,52,87.16666666666667,69754.44014238371,36.6624751024762,-0.02408784957094583,34.01788694634191,4.8308733132354105,0.0924485097652714,24.41631102196247,3.013837249676192
833,20,40,20,Mode,40,[   0   52  124  210  262  340  486  556  681  776  842  888  976 1046],13,146,46,80.46153846153847,57049.055816326,35.012670631544054,-0.026958000571786513,31.506785329511015,4.755650828513702,0.08387205986822092,20.176030886905213,3.1665665174631665
834,20,40,20,Median,40,[   0   52  124  210  262  340  486  555  681  780  855  976 1046],12,146,52,87.16666666666667,69754.44014238371,36.6624751024762,-0.02408784957094583,34.01788694634191,4.8308733132354105,0.0924485097652714,24.41631102196247,3.013837249676192
835,20,40,20,Mode,40,[   0   52  124  210  262  340  486  556  681  776  842  888  976 1046],13,146,46,80.46153846153847,57049.055816326,35.012670631544054,-0.026958000571786513,31.506785329511015,4.755650828513702,0.08387205986822092,20.176030886905213,3.1665665174631665
836,20,40,20,Median,40,[   0   52  124  210  262  340  486  555  681  780  855  976 1046],12,146,52,87.16666666666667,69754.44014238371,36.6624751024762,-0.02408784957094583,34.01788694634191,4.8308733132354105,0.0924485097652714,24.41631102196247,3.013837249676192
837,20,40,20,Mode,40,[   0   52  124  210  262  340  486  556  681  776  842  888  976 1046],13,146,46,80.46153846153847,57049.055816326,35.012670631544054,-0.026958000571786513,31.506785329511015,4.755650828513702,0.08387205986822092,20.176030886905213,3.1665665174631665
838,20,40,20,Median,40,[   0   52  124  210  262  340  486  555  681  780  855  976 1046],12,146,52,87.16666666666667,69754.44014238371,36.6624751024762,-0.02408784957094583,34.01788694634191,4.8308733132354105,0.0924485097652714,24.41631102196247,3.013837249676192
839,20,40,20,Mode,40,[   0   52  124  210  262  340  486  556  681  776  842  888  976 1046],13,146,46,80.46153846153847,57049.055816326,35.012670631544054,-0.026958000571786513,31.506785329511015,4.755650828513702,0.08387205986822092,20.176030886905213,3.1665665174631665
840,20,45,10,Median,40,[   0  186 1046],2,860,186,523.0,242217.6369765679,39.79816296235427,0.0670194708537027,70.00979388050754,2.596452873699181,0.0670194708537027,70.00979388050754,2.596452873699181
841,20,45,10,Mode,40,[   0  262 1046],2,784,262,523.0,249606.23457962726,35.65208059902461,0.06299928450043775,72.29325095088274,2.978036468744145,0.06299928450043775,72.29325095088274,2.978036468744145
842,20,45,10,Median,40,[   0  186  554  859 1046],4,368,186,261.5,104423.89104251278,26.345883247508052,0.02597476733417781,39.356305473275384,5.458941410547272,0.05986361718606217,34.925831825538076,4.82051140418594
843,20,45,10,Mode,40,[   0  262  681  976 1046],4,419,70,261.5,92772.56403737857,24.744822825645453,0.02591630815318155,30.378145055471162,6.860858961124414,0.04514848648244133,28.228636348874314,5.7198925345694684
844,20,45,10,Median,40,[   0  186  546  681  888 1046],5,360,135,209.2,197283.02933221005,43.67578547673971,0.02508952012434929,50.225072795191245,5.419640076028618,0.11972428052064842,66.14601104237123,2.686434259167568
845,20,45,10,Mode,40,[   0  262  486  681  976 1046],5,295,70,209.2,149639.51799500338,36.676851085785216,0.02018028047270197,45.16546132999741,4.749197340501011,0.08792011845423162,50.44127572521593,3.1096617323752054
846,20,45,10,Median,40,[   0   81  217  546  681  888 1046],6,329,81,174.33333333333334,150368.6707792976,40.31183961183877,-0.005019614106789509,43.92440729815158,5.123028765294039,0.10468996500181875,50.6310446218625,2.7873920344973415
847,20,45,10,Mode,40,[   0   81  262  486  681  976 1046],6,295,70,174.33333333333334,116912.8026520545,34.49130343698583,-0.013312427245459418,40.263119978805854,4.453080766507882,0.07152573710357694,39.23951627882585,3.1508063403082267
848,20,45,10,Median,40,[   0   81  217  546  681  842  976 1046],7,329,70,149.42857142857142,169257.13415117687,46.77719951932779,0.0004150273923574398,47.52037850302154,4.575085654330173,0.13288007933479318,56.82094402872054,2.2754165831630284
849,20,45,10,Mode,40,[   0   81  262  486  681  842  976 1046],7,224,70,149.42857142857142,156311.85590513595,43.77480843305718,-0.004938394622357884,45.72965581208582,4.807263259421397,0.11352779609863921,51.841977740150774,2.409914816457666
850,20,45,10,Median,40,[   0   81  217  486  552  681  842  976 1046],8,269,66,130.75,121355.8204262566,42.523708554345035,-0.006300707020199602,43.777138299937164,4.319488155550351,0.11178176276317922,40.55663624901475,2.4919729928759504
851,20,45,10,Mode,40,[   0   81  262  486  552  681  842  976 1046],8,224,66,130.75,121413.2134458433,42.24231726051586,-0.008886993597308757,43.52591709631019,4.488922881413698,0.10705706137235071,40.511149525586006,2.5107423547528627
852,20,45,10,Median,40,[   0   81  217  486  552  681  795  842  976 1046],9,269,47,116.22222222222223,97063.39854881089,42.60226665922289,-0.011072775536546741,40.90316184379757,4.218933229275221,0.11401058146278563,33.29667365161945,2.4821328330144983
853,20,45,10,Mode,40,[   0   81  262  486  552  681  795  842  976 1046],9,224,47,116.22222222222223,97113.61744094925,42.35604927712237,-0.012621725671907663,40.67661219553397,4.424707778630809,0.10987646774581068,33.256872768619296,2.4985560246567964
854,20,45,10,Median,40,[   0   81  217  262  486  552  681  795  842  976 1046],10,224,45,104.6,80658.13696212281,40.34240358124322,-0.01895466709737769,37.64022043357572,4.329389194534953,0.09750959745386918,27.67276917770435,2.6262890081194916
855,20,45,10,Mode,40,[   0   81  217  262  486  552  681  795  842  976 1046],10,224,45,104.6,80658.13696212281,40.34240358124322,-0.01895466709737769,37.64022043357572,4.329389194534953,0.09750959745386918,27.67276917770435,2.6262890081194916
856,20,45,10,Median,40,[   0  124  217  262  486  552  681  795  842  976 1046],10,224,45,104.6,81960.71443642324,40.81925199590982,-0.010301784825122978,38.241932215737464,4.319406238644903,0.10482834059710575,28.311351706684448,2.597084464618177
857,20,45,10,Mode,40,[   0  124  217  262  486  552  681  795  842  976 1046],10,224,45,104.6,81960.71443642324,40.81925199590982,-0.010301784825122978,38.241932215737464,4.319406238644903,0.10482834059710575,28.311351706684448,2.597084464618177
858,20,45,10,Median,40,[   0  124  217  262  486  552  681  795  842  888  976 1046],11,224,45,95.0909090909091,69636.20251420523,38.29569698368272,-0.013323924884252892,35.06584942437956,4.497850090597122,0.09434674811627361,24.146951626334168,2.8441454025354593
859,20,45,10,Mode,40,[   0  124  217  262  486  552  681  795  842  888  976 1046],11,224,45,95.0909090909091,69636.20251420523,38.29569698368272,-0.013323924884252892,35.06584942437956,4.497850090597122,0.09434674811627361,24.146951626334168,2.8441454025354593
860,20,45,10,Median,40,[   0   52  124  217  262  486  552  681  795  842  888  976 1046],12,224,45,87.16666666666667,61542.95529727179,36.13252136089347,-0.029118345501406646,32.46526525890538,4.524327542172942,0.0839022813468265,21.270649174343657,2.9843915884591783
861,20,45,10,Mode,40,[   0   52  124  217  262  486  552  681  795  842  888  976 1046],12,224,45,87.16666666666667,61542.95529727179,36.13252136089347,-0.029118345501406646,32.46526525890538,4.524327542172942,0.0839022813468265,21.270649174343657,2.9843915884591783
862,20,45,10,Median,40,[   0   52  124  217  262  486  552  681  795  842  888  976 1046],12,224,45,87.16666666666667,61542.95529727179,36.13252136089347,-0.029118345501406646,32.46526525890538,4.524327542172942,0.0839022813468265,21.270649174343657,2.9843915884591783
863,20,45,10,Mode,40,[   0   52  124  217  262  486  552  681  795  842  888  976 1046],12,224,45,87.16666666666667,61542.95529727179,36.13252136089347,-0.029118345501406646,32.46526525890538,4.524327542172942,0.0839022813468265,21.270649174343657,2.9843915884591783
864,20,45,10,Median,40,[   0   52  124  217  262  486  552  681  795  842  888  976 1046],12,224,45,87.16666666666667,61542.95529727179,36.13252136089347,-0.029118345501406646,32.46526525890538,4.524327542172942,0.0839022813468265,21.270649174343657,2.9843915884591783
865,20,45,10,Mode,40,[   0   52  124  217  262  486  552  681  795  842  888  976 1046],12,224,45,87.16666666666667,61542.95529727179,36.13252136089347,-0.029118345501406646,32.46526525890538,4.524327542172942,0.0839022813468265,21.270649174343657,2.9843915884591783
866,20,45,10,Median,40,[   0   52  124  217  262  486  552  681  795  842  888  976 1046],12,224,45,87.16666666666667,61542.95529727179,36.13252136089347,-0.029118345501406646,32.46526525890538,4.524327542172942,0.0839022813468265,21.270649174343657,2.9843915884591783
867,20,45,10,Mode,40,[   0   52  124  217  262  486  552  681  795  842  888  976 1046],12,224,45,87.16666666666667,61542.95529727179,36.13252136089347,-0.029118345501406646,32.46526525890538,4.524327542172942,0.0839022813468265,21.270649174343657,2.9843915884591783
868,20,45,15,Median,40,[   0  206 1046],2,840,206,523.0,248218.43075501217,38.735538856039796,0.07306466680138056,71.8636343726179,2.7141786841043487,0.07306466680138056,71.8636343726179,2.7141786841043487
869,20,45,15,Mode,40,[   0  124  681 1046],3,557,124,348.6666666666667,91052.15850787068,25.035208083455487,0.005718585934264796,30.231374504536475,7.937025154585558,0.030601399345320506,27.403961793490495,6.575051923987619
870,20,45,15,Median,40,[   0  206  556  859 1046],4,350,187,261.5,99042.74117351288,25.514140237086334,0.023726033700432234,38.47887356798922,5.519396573883704,0.05897524642971702,33.122015306752566,4.9156435785916415
871,20,45,15,Mode,40,[   0  124  681  976 1046],4,557,70,261.5,75260.40291631012,25.990220073736097,-0.003966382112214675,24.026901630845302,6.437931002935967,0.03201493351044818,22.137593083083605,5.314869353921499
872,20,45,15,Median,40,[   0  206  546  681  910 1046],5,340,135,209.2,183782.41879986523,41.48262814187788,0.02307864568072873,47.85075637060296,5.77575837198255,0.11433764828428426,62.09026047849438,2.944608929649448
873,20,45,15,Mode,40,[   0  124  486  681  976 1046],5,362,70,209.2,163131.70274672276,37.95387035982815,0.010766218345309084,44.85670656929624,4.245611422683382,0.08282714374177678,53.75320107969057,3.0165230828526988
874,20,45,15,Median,40,[   0   91  223  546  681  910 1046],6,323,91,174.33333333333334,141749.78339326318,38.69288579444634,-0.0025150666279893643,42.56199785774234,5.425324832669193,0.1008338459668223,47.78364546146814,3.003775017366059
875,20,45,15,Mode,40,[   0  124  262  486  681  976 1046],6,295,70,174.33333333333334,112236.01456257634,33.84213997138297,0.002318799919431828,41.11708788573844,4.526006109710359,0.07793350624124543,37.84354866156931,3.2510920657154054
876,20,45,15,Median,40,[   0   91  223  546  681  842  976 1046],7,323,70,149.42857142857142,167444.78401727715,46.46541999758694,0.003519377165685387,47.53075868967904,4.635393362212967,0.13317349625087405,56.10055160846819,2.310385176866655
877,20,45,15,Mode,40,[   0  124  262  486  681  842  976 1046],7,224,70,149.42857142857142,152414.53249723752,43.233838878388134,0.009219752467644182,46.52724885037456,4.876207509139127,0.11886760371336295,50.67867139243699,2.493486254296981
878,20,45,15,Median,40,[   0   91  217  340  546  681  842  976 1046],8,206,70,130.75,130477.41116395978,41.48829146916599,-0.005830151589094733,42.63347226431316,4.765833866499399,0.11216686968760367,43.68231083585113,2.7830529756738116
879,20,45,15,Mode,40,[   0  124  262  486  681  842  976 1046],7,224,70,149.42857142857142,152414.53249723752,43.233838878388134,0.009219752467644182,46.52724885037456,4.876207509139127,0.11886760371336295,50.67867139243699,2.493486254296981
880,20,45,15,Median,40,[   0   91  217  340  546  681  781  855  976 1046],9,206,70,116.22222222222223,108536.23458187291,41.77673221563526,-0.0018358445510034125,40.94136380798288,4.728499388177823,0.11680448542651307,37.439856472832574,2.7436841747935
881,20,45,15,Mode,40,[   0  124  262  486  681  776  842  976 1046],8,224,66,130.75,123884.8644713786,43.60334798539855,0.009523288979156788,43.57486460386415,4.676700283630706,0.12235140697363213,42.10560941498552,2.4647084241336303
882,20,45,15,Median,40,[   0   91  217  340  486  552  681  781  855  976 1046],10,146,66,104.6,84397.05576696078,39.118284616733135,-0.0051728183854520045,38.51799542367936,4.591787160089985,0.10474562354699507,29.161694275867447,2.888469919861287
883,20,45,15,Mode,40,[   0  124  262  486  556  681  776  842  976 1046],9,224,66,116.22222222222223,98211.83048538276,42.56386783405069,0.004093641695725553,42.63222854451746,4.379625930579867,0.11892537556475141,34.18071499254979,2.5208469663745063
884,20,45,15,Median,40,[   0  124  217  340  486  552  681  781  855  976 1046],10,146,66,104.6,84285.04483661898,39.266049921906315,0.0032053829062653337,39.08769949706421,4.595061402215098,0.10867615200744403,29.312381325294535,2.892107966666968
885,20,45,15,Mode,40,[   0  124  262  486  556  681  776  842  976 1046],9,224,66,116.22222222222223,98211.83048538276,42.56386783405069,0.004093641695725553,42.63222854451746,4.379625930579867,0.11892537556475141,34.18071499254979,2.5208469663745063
886,20,45,15,Median,40,[   0  124  210  262  486  552  681  781  855  976 1046],10,224,52,104.6,86326.202412315,41.2634014188679,-0.006196778817578312,39.53596089187687,4.698518114203581,0.10972665528534152,30.115797279536725,2.56752075241592
887,20,45,15,Mode,40,[   0  124  210  262  486  556  681  776  842  976 1046],10,224,52,104.6,86808.34364574954,41.73987231500594,-0.006680973113542703,39.73859207897006,4.198150625018273,0.11191398200363564,30.429583815553922,2.5257387339955533
888,20,45,15,Median,40,[   0  124  210  262  340  486  552  681  781  842  888  976 1046],12,146,46,87.16666666666667,63286.076124932246,36.73765775429238,-0.013028576665756676,33.38111011284617,4.672382591497454,0.09275532037397888,22.311211753173197,3.0695490002303853
889,20,45,15,Mode,40,[   0  124  210  262  340  486  556  681  776  842  888  976 1046],12,146,46,87.16666666666667,64042.07368335626,36.894116773797194,-0.011970066366462933,33.76724187634278,4.756364312918511,0.09366586026868272,22.721635942866772,3.0589114003762985
890,20,45,15,Median,40,[   0   52  124  210  262  340  486  552  681  781  842  888  976 1046],13,146,46,80.46153846153847,56356.05805443731,34.869249863664656,-0.028078484003916087,31.149643778742245,4.6781292395096505,0.08303739829807574,19.799808713019434,3.176317650662746
891,20,45,15,Mode,40,[   0  124  210  262  340  486  556  681  776  842  888  976 1046],12,146,46,87.16666666666667,64042.07368335626,36.894116773797194,-0.011970066366462933,33.76724187634278,4.756364312918511,0.09366586026868272,22.721635942866772,3.0589114003762985
892,20,45,15,Median,40,[   0   52  124  210  262  340  486  552  681  781  842  888  976 1046],13,146,46,80.46153846153847,56356.05805443731,34.869249863664656,-0.028078484003916087,31.149643778742245,4.6781292395096505,0.08303739829807574,19.799808713019434,3.176317650662746
893,20,45,15,Mode,40,[   0   52  124  210  262  340  486  556  681  776  842  888  976 1046],13,146,46,80.46153846153847,57049.055816326,35.012670631544054,-0.026958000571786513,31.506785329511015,4.755650828513702,0.08387205986822092,20.176030886905213,3.1665665174631665
894,20,45,15,Median,40,[   0   52  124  210  262  340  486  552  681  781  842  888  976 1046],13,146,46,80.46153846153847,56356.05805443731,34.869249863664656,-0.028078484003916087,31.149643778742245,4.6781292395096505,0.08303739829807574,19.799808713019434,3.176317650662746
895,20,45,15,Mode,40,[   0   52  124  210  262  340  486  556  681  776  842  888  976 1046],13,146,46,80.46153846153847,57049.055816326,35.012670631544054,-0.026958000571786513,31.506785329511015,4.755650828513702,0.08387205986822092,20.176030886905213,3.1665665174631665
896,20,45,20,Median,40,[   0  206 1046],2,840,206,523.0,248218.43075501217,38.735538856039796,0.07306466680138056,71.8636343726179,2.7141786841043487,0.07306466680138056,71.8636343726179,2.7141786841043487
897,20,45,20,Mode,40,[   0  124  681 1046],3,557,124,348.6666666666667,91052.15850787068,25.035208083455487,0.005718585934264796,30.231374504536475,7.937025154585558,0.030601399345320506,27.403961793490495,6.575051923987619
898,20,45,20,Median,40,[   0  206  556  859 1046],4,350,187,261.5,99042.74117351288,25.514140237086334,0.023726033700432234,38.47887356798922,5.519396573883704,0.05897524642971702,33.122015306752566,4.9156435785916415
899,20,45,20,Mode,40,[   0  124  681  976 1046],4,557,70,261.5,75260.40291631012,25.990220073736097,-0.003966382112214675,24.026901630845302,6.437931002935967,0.03201493351044818,22.137593083083605,5.314869353921499
900,20,45,20,Median,40,[   0  206  546  681  918 1046],5,340,128,209.2,183569.24873401492,41.47611889161695,0.02304686468886179,47.912834743809356,5.862020701364159,0.11455467548393747,62.03063154791315,2.92638535587412
901,20,45,20,Mode,40,[   0  124  486  681  976 1046],5,362,70,209.2,163131.70274672276,37.95387035982815,0.010766218345309084,44.85670656929624,4.245611422683382,0.08282714374177678,53.75320107969057,3.0165230828526988
902,20,45,20,Median,40,[   0   91  223  546  681  918 1046],6,323,91,174.33333333333334,141579.24734058292,38.687678394237594,-0.00256953833637558,42.61336839913083,5.494152570962812,0.10100746772654486,47.73594231700316,2.989196158345796
903,20,45,20,Mode,40,[   0  124  262  486  681  976 1046],6,295,70,174.33333333333334,112236.01456257634,33.84213997138297,0.002318799919431828,41.11708788573844,4.526006109710359,0.07793350624124543,37.84354866156931,3.2510920657154054
904,20,45,20,Median,40,[   0   91  223  546  681  842  976 1046],7,323,70,149.42857142857142,167444.78401727715,46.46541999758694,0.003519377165685387,47.53075868967904,4.635393362212967,0.13317349625087405,56.10055160846819,2.310385176866655
905,20,45,20,Mode,40,[   0  124  262  486  681  842  976 1046],7,224,70,149.42857142857142,152414.53249723752,43.233838878388134,0.009219752467644182,46.52724885037456,4.876207509139127,0.11886760371336295,50.67867139243699,2.493486254296981
906,20,45,20,Median,40,[   0   91  217  340  546  681  842  976 1046],8,206,70,130.75,130477.41116395978,41.48829146916599,-0.005830151589094733,42.63347226431316,4.765833866499399,0.11216686968760367,43.68231083585113,2.7830529756738116
907,20,45,20,Mode,40,[   0  124  262  486  681  842  976 1046],7,224,70,149.42857142857142,152414.53249723752,43.233838878388134,0.009219752467644182,46.52724885037456,4.876207509139127,0.11886760371336295,50.67867139243699,2.493486254296981
908,20,45,20,Median,40,[   0   91  217  340  546  681  780  855  976 1046],9,206,70,116.22222222222223,108817.42995098891,41.87009938320544,-0.0015415929930585636,41.04939116445772,4.695322421357989,0.1173194878673561,37.55883874624162,2.7369675043814894
909,20,45,20,Mode,40,[   0  124  262  486  681  776  842  976 1046],8,224,66,130.75,123884.8644713786,43.60334798539855,0.009523288979156788,43.57486460386415,4.676700283630706,0.12235140697363213,42.10560941498552,2.4647084241336303
910,20,45,20,Median,40,[   0   91  217  340  486  554  681  780  855  976 1046],10,146,68,104.6,85742.6201535384,39.413463154647324,-0.004595508049264299,38.94417735255997,4.50745585339587,0.10656175228059811,29.747115072265924,2.869807883415776
911,20,45,20,Mode,40,[   0  124  262  486  556  681  776  842  976 1046],9,224,66,116.22222222222223,98211.83048538276,42.56386783405069,0.004093641695725553,42.63222854451746,4.379625930579867,0.11892537556475141,34.18071499254979,2.5208469663745063
912,20,45,20,Median,40,[   0  124  217  340  486  554  681  780  855  976 1046],10,146,68,104.6,85630.6092231966,39.5612284598205,0.0036798831092909874,39.51705253132021,4.510730095520984,0.11049228074104706,29.89780212169301,2.873445930221458
913,20,45,20,Mode,40,[   0  124  262  486  556  681  776  842  976 1046],9,224,66,116.22222222222223,98211.83048538276,42.56386783405069,0.004093641695725553,42.63222854451746,4.379625930579867,0.11892537556475141,34.18071499254979,2.5208469663745063
914,20,45,20,Median,40,[   0   52  124  210  262  340  486  554  681  780  855  976 1046],12,146,52,87.16666666666667,69468.49058588984,36.60330234373028,-0.024216552585514625,33.95126563351988,4.836936210145285,0.09209612693136324,24.299859987531658,3.0184140727100743
915,20,45,20,Mode,40,[   0   52  124  210  262  340  486  556  681  776  842  976 1046],12,146,52,87.16666666666667,68697.65415629595,36.751566780972034,-0.02420229590353607,33.76017966507944,4.621226534621642,0.09250867582187876,24.0557372978916,2.9993479927027322
916,20,45,20,Median,40,[   0   52  124  210  262  340  486  554  681  780  842  888  976 1046],13,146,46,80.46153846153847,57183.837596900885,35.12244106317417,-0.02718803806778988,31.515197031681208,4.640829895942686,0.08443148330276408,20.20446174419387,3.160673664580097
917,20,45,20,Mode,40,[   0   52  124  210  262  340  486  556  681  776  842  888  976 1046],13,146,46,80.46153846153847,57049.055816326,35.012670631544054,-0.026958000571786513,31.506785329511015,4.755650828513702,0.08387205986822092,20.176030886905213,3.1665665174631665
918,20,45,20,Median,40,[   0   52  124  210  262  340  486  554  681  780  842  888  976 1046],13,146,46,80.46153846153847,57183.837596900885,35.12244106317417,-0.02718803806778988,31.515197031681208,4.640829895942686,0.08443148330276408,20.20446174419387,3.160673664580097
919,20,45,20,Mode,40,[   0   52  124  210  262  340  486  556  681  776  842  888  976 1046],13,146,46,80.46153846153847,57049.055816326,35.012670631544054,-0.026958000571786513,31.506785329511015,4.755650828513702,0.08387205986822092,20.176030886905213,3.1665665174631665
920,20,45,20,Median,40,[   0   52  124  210  262  340  486  554  681  780  842  888  976 1046],13,146,46,80.46153846153847,57183.837596900885,35.12244106317417,-0.02718803806778988,31.515197031681208,4.640829895942686,0.08443148330276408,20.20446174419387,3.160673664580097
921,20,45,20,Mode,40,[   0   52  124  210  262  340  486  556  681  776  842  888  976 1046],13,146,46,80.46153846153847,57049.055816326,35.012670631544054,-0.026958000571786513,31.506785329511015,4.755650828513702,0.08387205986822092,20.176030886905213,3.1665665174631665
922,20,45,20,Median,40,[   0   52  124  210  262  340  486  554  681  780  842  888  976 1046],13,146,46,80.46153846153847,57183.837596900885,35.12244106317417,-0.02718803806778988,31.515197031681208,4.640829895942686,0.08443148330276408,20.20446174419387,3.160673664580097
923,20,45,20,Mode,40,[   0   52  124  210  262  340  486  556  681  776  842  888  976 1046],13,146,46,80.46153846153847,57049.055816326,35.012670631544054,-0.026958000571786513,31.506785329511015,4.755650828513702,0.08387205986822092,20.176030886905213,3.1665665174631665
924,20,50,10,Median,40,[   0  186 1046],2,860,186,523.0,242217.6369765679,39.79816296235427,0.0670194708537027,70.00979388050754,2.596452873699181,0.0670194708537027,70.00979388050754,2.596452873699181
925,20,50,10,Mode,40,[   0   52  681 1046],3,629,52,348.6666666666667,64090.66660944382,28.044132206568737,-0.0295033177414372,20.249398247299336,6.617813855444311,0.011688753144226904,18.562030637108265,5.496164186980399
926,20,50,10,Median,40,[   0  186  554  857 1046],4,368,186,261.5,104318.39207194788,26.3948623967855,0.026033004893120062,39.50235782707574,5.397100651840798,0.05994825044023788,34.87162420736727,4.784667310261691
927,20,50,10,Mode,40,[   0   52  681  976 1046],4,629,52,261.5,56248.51435485072,27.80901271541583,-0.040363956893330756,17.238358157502514,5.728823926148388,0.019173189535528126,15.97704052124404,4.853150056053676
928,20,50,10,Median,40,[   0  186  546  681  910 1046],5,360,135,209.2,189227.94530051659,42.11976248761044,0.024940816013155977,48.557575669549294,5.598774101952552,0.11446400635278152,63.667350722256806,2.904460097198024
929,20,50,10,Mode,40,[   0   52  552  681  976 1046],5,500,52,209.2,159307.96290870727,42.986230866926526,-0.01812736651937682,39.773798474711974,4.094149765324486,0.08206562760272648,50.5140340143662,2.673361831754696
930,20,50,10,Median,40,[   0   81  217  546  681  910 1046],6,329,81,174.33333333333334,143924.6035539428,39.06702122053535,-0.005962984711550616,42.5508589368942,5.363401962388365,0.10048174566752524,48.64811636577096,2.9618127049217065
931,20,50,10,Mode,40,[   0   52  262  552  681  976 1046],6,295,52,174.33333333333334,133662.58320130841,38.56164479491399,-0.01334412916669219,41.33543270517791,4.800900452552322,0.0810449144893858,44.82230358081516,2.8575189507082372
932,20,50,10,Median,40,[   0   81  217  546  681  842  976 1046],7,329,70,149.42857142857142,169257.13415117687,46.77719951932779,0.0004150273923574398,47.52037850302154,4.575085654330173,0.13288007933479318,56.82094402872054,2.2754165831630284
933,20,50,10,Mode,40,[   0   52  262  552  681  842  976 1046],7,290,52,149.42857142857142,171362.06200791747,47.289086399520755,-0.0044971093151064965,46.73123163647292,4.802841692213329,0.12644101120401488,57.51856763036468,2.243583254516922
934,20,50,10,Median,40,[   0   81  210  546  681  842  976 1046],7,336,70,149.42857142857142,169927.34898933946,47.011000442107424,0.0011300358377844292,47.65268412168251,4.5206143278722415,0.13509941551629182,57.13398213368625,2.2572634122045017
935,20,50,10,Mode,40,[   0   52  217  552  681  842  976 1046],7,335,52,149.42857142857142,172618.53463742646,47.572055881979374,-0.002823251736834355,47.15981583552261,4.477451308687089,0.12979830734889838,58.13287441033012,2.207167163224961
936,20,50,10,Median,40,[   0   81  210  262  486  552  681  842  976 1046],9,224,52,116.22222222222223,101031.88057870799,40.20458441087517,-0.018845217372246575,39.97389311621725,4.330479508927751,0.09523081291820525,33.77714166238805,2.6283387179641537
937,20,50,10,Mode,40,[   0   52  217  262  486  552  681  842  976 1046],9,224,45,116.22222222222223,98991.74403134624,40.127694647952566,-0.02364114133449732,39.35436224799705,4.329933300062059,0.09132175984331228,33.02627353259406,2.627724232990251
938,20,50,10,Median,40,[   0   81  210  262  486  552  681  795  842  976 1046],10,224,47,104.6,81696.83222626163,40.532094297818816,-0.019009909805656103,37.88628113724166,4.309725232997168,0.0990509795228525,28.077118752106298,2.604440161966396
939,20,50,10,Mode,40,[   0   52  217  262  486  552  681  795  842  976 1046],10,224,45,104.6,79883.37751749562,40.4637478418876,-0.02391657069429352,37.31856485736983,4.309233645018045,0.0955762656785032,27.40968041451164,2.6038939531007044
940,20,50,10,Median,40,[   0   91  210  262  486  552  681  795  842  976 1046],10,224,47,104.6,81757.43416911467,40.51912971415928,-0.01657570781244412,37.93348307678334,4.3172813757356305,0.10053550558950265,28.085767911749468,2.6128358761202435
941,20,50,10,Mode,40,[   0   81  217  262  486  552  681  795  842  976 1046],10,224,45,104.6,80658.13696212281,40.34240358124322,-0.01895466709737769,37.64022043357572,4.329389194534953,0.09750959745386918,27.67276917770435,2.6262890081194916
942,20,50,10,Median,40,[   0  124  210  262  486  552  681  795  842  976 1046],10,224,47,104.6,83233.9386676541,41.19449833906807,-0.010749819007133428,38.546080791798396,4.298716854193396,0.1074303801299486,28.832853162473175,2.5616388554726877
943,20,50,10,Mode,40,[   0  124  217  262  486  552  681  795  842  976 1046],10,224,45,104.6,81960.71443642324,40.81925199590982,-0.010301784825122978,38.241932215737464,4.319406238644903,0.10482834059710575,28.311351706684448,2.597084464618177
944,20,50,10,Median,40,[   0   52  124  210  262  486  552  681  795  842  888  976 1046],12,224,46,87.16666666666667,62540.62750019301,36.422813635637354,-0.028958813235858773,32.718568885365556,4.509239813023187,0.08572964476558752,21.66703678516075,2.9521105771330824
945,20,50,10,Mode,40,[   0   52  124  217  262  486  552  681  795  842  888  976 1046],12,224,45,87.16666666666667,61542.95529727179,36.13252136089347,-0.029118345501406646,32.46526525890538,4.524327542172942,0.0839022813468265,21.270649174343657,2.9843915884591783
946,20,50,10,Median,40,[   0   52  124  210  262  486  552  681  795  842  888  976 1046],12,224,46,87.16666666666667,62540.62750019301,36.422813635637354,-0.028958813235858773,32.718568885365556,4.509239813023187,0.08572964476558752,21.66703678516075,2.9521105771330824
947,20,50,10,Mode,40,[   0   52  124  217  262  486  552  681  795  842  888  976 1046],12,224,45,87.16666666666667,61542.95529727179,36.13252136089347,-0.029118345501406646,32.46526525890538,4.524327542172942,0.0839022813468265,21.270649174343657,2.9843915884591783
948,20,50,10,Median,40,[   0   52  124  217  262  486  552  681  795  842  888  976 1046],12,224,45,87.16666666666667,61542.95529727179,36.13252136089347,-0.029118345501406646,32.46526525890538,4.524327542172942,0.0839022813468265,21.270649174343657,2.9843915884591783
949,20,50,10,Mode,40,[   0   52  124  217  262  486  552  681  795  842  888  976 1046],12,224,45,87.16666666666667,61542.95529727179,36.13252136089347,-0.029118345501406646,32.46526525890538,4.524327542172942,0.0839022813468265,21.270649174343657,2.9843915884591783
950,20,50,10,Median,40,[   0   52  124  217  262  486  552  681  795  842  888  976 1046],12,224,45,87.16666666666667,61542.95529727179,36.13252136089347,-0.029118345501406646,32.46526525890538,4.524327542172942,0.0839022813468265,21.270649174343657,2.9843915884591783
951,20,50,10,Mode,40,[   0   52  124  217  262  486  552  681  795  842  888  976 1046],12,224,45,87.16666666666667,61542.95529727179,36.13252136089347,-0.029118345501406646,32.46526525890538,4.524327542172942,0.0839022813468265,21.270649174343657,2.9843915884591783
952,20,50,15,Median,40,[   0  206 1046],2,840,206,523.0,248218.43075501217,38.735538856039796,0.07306466680138056,71.8636343726179,2.7141786841043487,0.07306466680138056,71.8636343726179,2.7141786841043487
953,20,50,15,Mode,40,[   0  124  681 1046],3,557,124,348.6666666666667,91052.15850787068,25.035208083455487,0.005718585934264796,30.231374504536475,7.937025154585558,0.030601399345320506,27.403961793490495,6.575051923987619
954,20,50,15,Median,40,[   0  206  556  859 1046],4,350,187,261.5,99042.74117351288,25.514140237086334,0.023726033700432234,38.47887356798922,5.519396573883704,0.05897524642971702,33.122015306752566,4.9156435785916415
955,20,50,15,Mode,40,[   0  124  681  976 1046],4,557,70,261.5,75260.40291631012,25.990220073736097,-0.003966382112214675,24.026901630845302,6.437931002935967,0.03201493351044818,22.137593083083605,5.314869353921499
956,20,50,15,Median,40,[   0  206  546  681  910 1046],5,340,135,209.2,183782.41879986523,41.48262814187788,0.02307864568072873,47.85075637060296,5.77575837198255,0.11433764828428426,62.09026047849438,2.944608929649448
957,20,50,15,Mode,40,[   0  124  486  681  976 1046],5,362,70,209.2,163131.70274672276,37.95387035982815,0.010766218345309084,44.85670656929624,4.245611422683382,0.08282714374177678,53.75320107969057,3.0165230828526988
958,20,50,15,Median,40,[   0   91  223  546  681  910 1046],6,323,91,174.33333333333334,141749.78339326318,38.69288579444634,-0.0025150666279893643,42.56199785774234,5.425324832669193,0.1008338459668223,47.78364546146814,3.003775017366059
959,20,50,15,Mode,40,[   0  124  210  486  681  976 1046],6,295,70,174.33333333333334,113954.42987896127,35.41454695979691,0.007291987221183765,41.600457546641316,4.233618645114213,0.09016400399685823,38.81271416825024,3.0891586684783325
960,20,50,15,Median,40,[   0   91  223  546  681  842  976 1046],7,323,70,149.42857142857142,167444.78401727715,46.46541999758694,0.003519377165685387,47.53075868967904,4.635393362212967,0.13317349625087405,56.10055160846819,2.310385176866655
961,20,50,15,Mode,40,[   0  124  210  486  681  842  976 1046],7,276,70,149.42857142857142,153846.5452608916,44.544178035399746,0.012970015370141846,46.97885246532545,4.590851679322159,0.1290596851763736,51.4863093146711,2.3585417565994207
962,20,50,15,Median,40,[   0   91  210  546  681  842  976 1046],7,336,70,149.42857142857142,168554.20042056884,46.88938303445829,0.004636059683669873,47.71804434921811,4.539597356269707,0.13753261797030455,56.62681771831112,2.2785171426536928
963,20,50,15,Mode,40,[   0  124  210  262  486  681  842  976 1046],8,224,52,130.75,130009.66341601555,42.07870591899667,-0.009029522160137492,42.048021179862005,4.5967845415793045,0.10986120797069818,43.49893753631556,2.5036843429636875
964,20,50,15,Median,40,[   0   91  210  262  546  681  784  855  976 1046],9,284,52,116.22222222222223,114646.09778507816,43.35519709471022,-0.010627876989874718,40.88418194665909,4.636585384199898,0.11572179322256587,39.54327897969053,2.5198776279441284
965,20,50,15,Mode,40,[   0  124  210  262  486  681  795  842  976 1046],9,224,47,116.22222222222223,105346.46026479595,42.28442749263546,-0.008948985680754034,39.34404355681664,4.525180922952682,0.1119115636022185,35.955887268777154,2.4895894298872676
966,20,50,15,Median,40,[   0   91  210  262  503  552  681  784  855  976 1046],10,241,49,104.6,83332.70042767693,40.91379985611781,-0.01015634086075632,38.69578495328322,4.559602794680586,0.10647547703949373,28.746954714582102,2.6138348292208406
967,20,50,15,Mode,40,[   0  124  210  262  486  552  681  795  842  976 1046],10,224,47,104.6,83233.9386676541,41.19449833906807,-0.010749819007133428,38.546080791798396,4.298716854193396,0.1074303801299486,28.832853162473175,2.5616388554726877
968,20,50,15,Median,40,[   0  124  210  283  486  552  681  784  855  976 1046],10,203,66,104.6,86463.80666331705,40.686096964402864,0.0020722536870611766,39.67435331288339,4.682412153657402,0.11233907138221998,30.1951957124112,2.661501562741288
969,20,50,15,Mode,40,[   0  124  210  262  486  552  681  795  842  976 1046],10,224,47,104.6,83233.9386676541,41.19449833906807,-0.010749819007133428,38.546080791798396,4.298716854193396,0.1074303801299486,28.832853162473175,2.5616388554726877
970,20,50,15,Median,40,[   0  124  210  262  486  552  681  784  855  976 1046],10,224,52,104.6,86684.79006275712,41.381370465670926,-0.00578271364118975,39.61646546683785,4.677501405235505,0.11059976356713497,30.27099206139563,2.5602111468380158
971,20,50,15,Mode,40,[   0   52  124  210  262  340  486  552  681  795  842  976 1046],12,146,47,87.16666666666667,65837.54029669467,36.30541738378244,-0.02749758394324456,32.76617704660033,4.501527601422421,0.08873143284036654,22.77119778560818,3.0288705504846662
972,20,50,15,Median,40,[   0   52  124  210  262  340  486  552  681  784  855  976 1046],12,146,52,87.16666666666667,68660.96416541532,36.458312760093875,-0.024572227412727736,33.658375293350794,4.840436929346836,0.09132456474351903,23.94785688472655,3.027702425238117
973,20,50,15,Mode,40,[   0   52  124  210  262  340  486  552  681  795  842  976 1046],12,146,47,87.16666666666667,65837.54029669467,36.30541738378244,-0.02749758394324456,32.76617704660033,4.501527601422421,0.08873143284036654,22.77119778560818,3.0288705504846662
974,20,50,15,Median,40,[   0   52  124  210  262  340  486  552  681  784  842  888  976 1046],13,146,46,80.46153846153847,56906.18993933359,35.0038106782772,-0.027811620045644334,31.223154899498162,4.639346976335663,0.08383625949626694,20.01501710305568,3.1688702526430634
975,20,50,15,Mode,40,[   0   52  124  210  262  340  486  552  681  795  842  888  976 1046],13,146,46,80.46153846153847,56910.711539823715,34.57860775793713,-0.030348252999337196,30.58733155307511,4.638509217476028,0.08133818141940134,19.7625438787393,3.198772491593527
976,20,50,15,Median,40,[   0  124  210  262  340  486  552  681  784  842  888  976 1046],12,146,46,87.16666666666667,63886.21999936455,36.88445137023334,-0.012762247870116828,33.46058929504511,4.630368473058968,0.0936268053174602,22.545984542303646,3.061424566027095
977,20,50,15,Mode,40,[   0   52  124  210  262  340  486  552  681  795  842  888  976 1046],13,146,46,80.46153846153847,56910.711539823715,34.57860775793713,-0.030348252999337196,30.58733155307511,4.638509217476028,0.08133818141940134,19.7625438787393,3.198772491593527
978,20,50,15,Median,40,[   0   52  124  210  262  340  486  552  681  784  842  888  976 1046],13,146,46,80.46153846153847,56906.18993933359,35.0038106782772,-0.027811620045644334,31.223154899498162,4.639346976335663,0.08383625949626694,20.01501710305568,3.1688702526430634
979,20,50,15,Mode,40,[   0   52  124  210  262  340  486  552  681  795  842  888  976 1046],13,146,46,80.46153846153847,56910.711539823715,34.57860775793713,-0.030348252999337196,30.58733155307511,4.638509217476028,0.08133818141940134,19.7625438787393,3.198772491593527
980,20,50,20,Median,40,[   0  206 1046],2,840,206,523.0,248218.43075501217,38.735538856039796,0.07306466680138056,71.8636343726179,2.7141786841043487,0.07306466680138056,71.8636343726179,2.7141786841043487
981,20,50,20,Mode,40,[   0  124  681 1046],3,557,124,348.6666666666667,91052.15850787068,25.035208083455487,0.005718585934264796,30.231374504536475,7.937025154585558,0.030601399345320506,27.403961793490495,6.575051923987619
982,20,50,20,Median,40,[   0  206  556  864 1046],4,350,182,261.5,98494.6040969678,25.325685619275646,0.023397921698704246,38.212157887905065,5.6508852313071305,0.058251338428677246,32.98228821103077,5.004035334645397
983,20,50,20,Mode,40,[   0  124  681  976 1046],4,557,70,261.5,75260.40291631012,25.990220073736097,-0.003966382112214675,24.026901630845302,6.437931002935967,0.03201493351044818,22.137593083083605,5.314869353921499
984,20,50,20,Median,40,[   0  206  546  681 1046],4,365,135,261.5,220970.62986601182,45.53092769092445,0.027470724560922605,58.511391552132174,5.169190199627027,0.12400386286605584,74.07625764970847,2.3127049328293197
985,20,50,20,Mode,40,[   0  124  486  681  976 1046],5,362,70,209.2,163131.70274672276,37.95387035982815,0.010766218345309084,44.85670656929624,4.245611422683382,0.08282714374177678,53.75320107969057,3.0165230828526988
986,20,50,20,Median,40,[   0   91  223  546  681  927 1046],6,323,91,174.33333333333334,137085.97745689924,37.76739852162368,-0.0024460599368502593,41.67242461657175,5.474331786139054,0.09788755648929269,46.245199375173584,3.1671379551839918
987,20,50,20,Mode,40,[   0  124  210  486  681  976 1046],6,295,70,174.33333333333334,113954.42987896127,35.41454695979691,0.007291987221183765,41.600457546641316,4.233618645114213,0.09016400399685823,38.81271416825024,3.0891586684783325
988,20,50,20,Median,40,[   0   92  223  546  681  842  976 1046],7,323,70,149.42857142857142,167012.61763839147,46.36687300561797,0.0033623457919807883,47.41510373321599,4.643936420804581,0.1328528879920273,55.91544925076107,2.321573341224999
989,20,50,20,Mode,40,[   0  124  210  486  681  842  976 1046],7,276,70,149.42857142857142,153846.5452608916,44.544178035399746,0.012970015370141846,46.97885246532545,4.590851679322159,0.1290596851763736,51.4863093146711,2.3585417565994207
990,20,50,20,Median,40,[   0   91  217  337  546  681  842  976 1046],8,209,70,130.75,130665.04371445139,41.47156251075793,-0.005936819917304998,42.57569715613427,4.780458492086223,0.11199078662538496,43.73516626273547,2.7916818040955524
991,20,50,20,Mode,40,[   0  124  210  288  486  681  842  976 1046],8,198,70,130.75,126110.99014613612,40.68286593236435,0.0034443616911138974,41.86950226348246,4.742659667332504,0.11126896367970494,42.18804134932852,2.720696697557894
992,20,50,20,Median,40,[   0   91  217  337  546  681  780  855  976 1046],9,209,70,116.22222222222223,108981.60843266906,41.855461544598384,-0.0016554206171910217,40.99657268336847,4.690206636799915,0.11716541518791472,37.60508724476542,2.7445177292505125
993,20,50,20,Mode,40,[   0  124  210  288  486  681  776  842  976 1046],9,198,66,116.22222222222223,104435.47341739724,41.32505801925144,0.007030520295604219,39.93494927960692,4.581604374865645,0.11526712153664773,35.74794087444705,2.6671147907573474
994,20,50,20,Median,40,[   0   91  217  337  486  552  681  780  855  976 1046],10,149,66,104.6,84583.78651243607,39.20189797727536,-0.004954655781222537,38.607949713876316,4.53698124535204,0.10512972919794658,29.24973542177476,2.883078786544944
995,20,50,20,Mode,40,[   0  124  210  288  486  556  681  776  842  976 1046],10,198,66,104.6,85768.58861197469,40.63369023689879,0.0032699480271464474,39.58638461322287,4.323747047996396,0.11366425989716336,30.029846124270737,2.7006278564890493
996,20,50,20,Median,40,[   0  124  217  337  486  552  681  780  855  976 1046],10,149,66,104.6,84538.11481721274,39.360477458579155,0.003364515479965342,39.178322377504905,4.539060598964928,0.10912346627923117,29.423152192848573,2.8853891794481554
997,20,50,20,Mode,40,[   0  124  210  288  486  556  681  776  842  976 1046],10,198,66,104.6,85768.58861197469,40.63369023689879,0.0032699480271464474,39.58638461322287,4.323747047996396,0.11366425989716336,30.029846124270737,2.7006278564890493
998,20,50,20,Median,40,[   0   52  124  210  262  340  486  552  681  780  855  976 1046],12,146,52,87.16666666666667,68571.52827543435,36.42987079486367,-0.02461071432901542,33.674627980102905,4.843537753413531,0.09099741464642354,23.910968416316884,3.028729079900898
999,20,50,20,Mode,40,[   0   52  124  210  262  340  486  556  681  776  842  976 1046],12,146,52,87.16666666666667,68697.65415629595,36.751566780972034,-0.02420229590353607,33.76017966507944,4.621226534621642,0.09250867582187876,24.0557372978916,2.9993479927027322
1000,20,50,20,Median,40,[   0   52  124  210  262  340  486  552  681  780  842  888  976 1046],13,146,46,80.46153846153847,56361.62214565003,34.963462143379786,-0.02764027073371408,31.260026043969166,4.649383823718966,0.0834243303749027,19.84797780391366,3.1701290878383515
1001,20,50,20,Mode,40,[   0   52  124  210  262  340  486  556  681  776  842  888  976 1046],13,146,46,80.46153846153847,57049.055816326,35.012670631544054,-0.026958000571786513,31.506785329511015,4.755650828513702,0.08387205986822092,20.176030886905213,3.1665665174631665
1002,20,50,20,Median,40,[   0   52  124  210  262  340  486  552  681  780  842  888  976 1046],13,146,46,80.46153846153847,56361.62214565003,34.963462143379786,-0.02764027073371408,31.260026043969166,4.649383823718966,0.0834243303749027,19.84797780391366,3.1701290878383515
1003,20,50,20,Mode,40,[   0   52  124  210  262  340  486  556  681  776  842  888  976 1046],13,146,46,80.46153846153847,57049.055816326,35.012670631544054,-0.026958000571786513,31.506785329511015,4.755650828513702,0.08387205986822092,20.176030886905213,3.1665665174631665
1004,20,50,20,Median,40,[   0   52  124  210  262  340  486  552  681  780  842  888  976 1046],13,146,46,80.46153846153847,56361.62214565003,34.963462143379786,-0.02764027073371408,31.260026043969166,4.649383823718966,0.0834243303749027,19.84797780391366,3.1701290878383515
1005,20,50,20,Mode,40,[   0   52  124  210  262  340  486  556  681  776  842  888  976 1046],13,146,46,80.46153846153847,57049.055816326,35.012670631544054,-0.026958000571786513,31.506785329511015,4.755650828513702,0.08387205986822092,20.176030886905213,3.1665665174631665
1006,20,50,20,Median,40,[   0   52  124  210  262  340  486  552  681  780  842  888  976 1046],13,146,46,80.46153846153847,56361.62214565003,34.963462143379786,-0.02764027073371408,31.260026043969166,4.649383823718966,0.0834243303749027,19.84797780391366,3.1701290878383515
1007,20,50,20,Mode,40,[   0   52  124  210  262  340  486  556  681  776  842  888  976 1046],13,146,46,80.46153846153847,57049.055816326,35.012670631544054,-0.026958000571786513,31.506785329511015,4.755650828513702,0.08387205986822092,20.176030886905213,3.1665665174631665
1008,60,35,10,Median,40,[   0  209 1046],2,837,209,523.0,250153.20460707042,38.67523895090838,0.07330792218403438,72.46266505398083,2.719965637252284,0.07330792218403438,72.46266505398083,2.719965637252284
1009,60,35,10,Mode,40,[   0  217 1046],2,829,217,523.0,252769.08190478027,38.337226046030345,0.07167349516109604,73.27359742654461,2.7441404978915678,0.07167349516109604,73.27359742654461,2.7441404978915678
1010,60,35,10,Median,40,[   0  209  556  855 1046],4,347,191,261.5,99694.9911382792,25.64937349489955,0.023876532064008922,38.87435227018122,5.4301212024187855,0.05940230021555428,33.34148189561869,4.855394737878444
1011,60,35,10,Mode,40,[   0  217  681  976 1046],4,464,70,261.5,94485.39587027032,25.402083432400076,0.023820502580116292,30.833668350172843,6.766791026439255,0.047752543989835035,28.833929509887728,5.650985416051946
1012,60,35,10,Median,40,[   0  209  546  681  888 1046],5,337,135,209.2,192193.91175495254,43.06685507765559,0.02365564524639732,49.67518705562894,5.474108545282866,0.11983209393097043,64.78070397601138,2.724732397091372
1013,60,35,10,Mode,40,[   0  217  539  681  976 1046],5,322,70,209.2,162330.15223715582,39.12538917181587,0.022480391732177234,46.59676937727427,4.833787286905393,0.09661571080181895,54.38690489745748,2.9284341499217184
1014,60,35,10,Median,40,[   0  209  546  681  842  976 1046],6,337,70,174.33333333333334,206495.0196060767,50.27428387347906,0.02510647365571376,52.40850817243081,4.758747019790154,0.15063180534470938,69.37865139341127,2.12289378297139
1015,60,35,10,Mode,40,[   0  217  539  681  842  976 1046],6,322,70,174.33333333333334,201629.52032504766,49.47131241831553,0.024631731010202104,51.54180948352606,4.837430500564497,0.14630383429433597,67.32281099935518,2.154524646665844
1016,60,35,10,Median,40,[   0   81  217  546  681  842  976 1046],7,329,70,149.42857142857142,169257.13415117687,46.77719951932779,0.0004150273923574398,47.52037850302154,4.575085654330173,0.13288007933479318,56.82094402872054,2.2754165831630284
1017,60,35,10,Mode,40,[   0   81  217  539  681  842  976 1046],7,322,70,149.42857142857142,165465.61914809127,46.129765478448924,-0.000598894249882718,46.73003055554329,4.604848201194719,0.12956417825893826,55.24272400140776,2.299728440265475
1018,60,35,10,Median,40,[   0   81  217  546  681  776  842  976 1046],8,329,66,130.75,136881.41553978735,46.5123293944252,-0.001686603407331323,44.4594613363804,4.260217966817411,0.13536281121857366,47.20424463456497,2.2786160405527567
1019,60,35,10,Mode,40,[   0   81  217  539  681  776  842  976 1046],8,322,66,130.75,134027.3053882302,45.98152481199089,-0.0024495448588605167,43.75547267347648,4.290367672459112,0.13230359005634643,45.91199721085129,2.2994499408119866
1020,60,35,10,Median,40,[   0   81  217  486  546  681  776  842  976 1046],9,269,60,116.22222222222223,97317.90689790892,42.59294411851994,-0.006466307056193287,41.384737746888185,4.162294154113787,0.11516417905922442,33.51415896574586,2.4761143833624586
1021,60,35,10,Mode,40,[   0   81  217  486  539  681  776  842  976 1046],9,269,53,116.22222222222223,94979.32979341454,42.31094758104361,-0.008429804790578541,40.76653332497225,4.172024150172018,0.11184564945992408,32.49208929929986,2.4765245029911274
1022,60,35,10,Median,40,[   0   81  217  262  486  546  681  776  842  976 1046],10,224,45,104.6,80851.32699514125,40.32604183885476,-0.01569709318479222,38.075356142710326,4.315286454754262,0.09851304928409269,27.852984970401995,2.6217036948521746
1023,60,35,10,Mode,40,[   0   81  217  262  486  539  681  776  842  976 1046],10,224,45,104.6,78786.72088638584,40.08222887684025,-0.017481295538381774,37.5167714138581,4.324043451206671,0.09568321501582025,26.95143519531267,2.6232732712622315
1024,60,35,10,Median,40,[   0  124  217  262  486  546  681  776  842  976 1046],10,224,45,104.6,82153.90446944168,40.80289025352138,-0.006963585139920325,38.680507735737784,4.289002365603079,0.10583179242732926,28.4915674993821,2.59249915135086
1025,60,35,10,Mode,40,[   0  124  217  262  486  539  681  776  842  976 1046],10,224,45,104.6,80089.29836068628,40.55907729150686,-0.008896993385321045,38.117509105933095,4.297759362055487,0.10300195815905681,27.59001772429277,2.594068727760917
1026,60,35,10,Median,40,[   0  124  217  262  486  546  681  776  842  888  976 1046],11,224,45,95.0909090909091,66829.96143016317,38.31108252695287,-0.010115477858590243,35.464098740905136,4.446363736436013,0.09413554162239482,23.39233678604938,2.8338462651985674
1027,60,35,10,Mode,40,[   0  124  217  262  486  539  681  776  842  888  976 1046],11,224,45,95.0909090909091,64971.815932283316,38.091650861139804,-0.012124684848223686,34.95286883773663,4.437014242973674,0.09158869078094962,22.58094198846899,2.8352588839676187
1028,60,35,10,Median,40,[   0  124  217  262  486  546  681  783  842  888  976 1046],11,224,45,95.0909090909091,68028.89859154806,38.50804220806839,-0.010723720506633934,35.50753861048921,4.4232125605212875,0.0954539799469382,23.78850392789968,2.822888051705367
1029,60,35,10,Mode,40,[   0  124  217  262  486  539  681  776  842  888  976 1046],11,224,45,95.0909090909091,64971.815932283316,38.091650861139804,-0.012124684848223686,34.95286883773663,4.437014242973674,0.09158869078094962,22.58094198846899,2.8352588839676187
1030,60,35,10,Median,40,[   0  124  217  262  486  546  681  783  842  888  976 1046],11,224,45,95.0909090909091,68028.89859154806,38.50804220806839,-0.010723720506633934,35.50753861048921,4.4232125605212875,0.0954539799469382,23.78850392789968,2.822888051705367
1031,60,35,10,Mode,40,[   0  124  217  262  486  539  681  776  842  888  976 1046],11,224,45,95.0909090909091,64971.815932283316,38.091650861139804,-0.012124684848223686,34.95286883773663,4.437014242973674,0.09158869078094962,22.58094198846899,2.8352588839676187
1032,60,35,10,Median,40,[   0  124  217  262  486  546  681  783  842  888  976 1046],11,224,45,95.0909090909091,68028.89859154806,38.50804220806839,-0.010723720506633934,35.50753861048921,4.4232125605212875,0.0954539799469382,23.78850392789968,2.822888051705367
1033,60,35,10,Mode,40,[   0  124  217  262  486  539  681  776  842  888  976 1046],11,224,45,95.0909090909091,64971.815932283316,38.091650861139804,-0.012124684848223686,34.95286883773663,4.437014242973674,0.09158869078094962,22.58094198846899,2.8352588839676187
1034,60,35,10,Median,40,[   0  124  217  262  486  554  681  783  842  888  976 1046],11,224,45,95.0909090909091,70414.63031474766,38.88571248284373,-0.009902414571541347,36.042813262180864,4.406768225058591,0.09783933799955735,24.792493182902913,2.8040518484701686
1035,60,35,10,Mode,40,[   0  124  217  262  486  554  681  776  842  888  976 1046],11,224,45,95.0909090909091,69188.93758954715,38.68752568625398,-0.009290062691999786,35.99903825439208,4.429919400973317,0.09653608264502991,24.391385548617723,2.8148924589564546
1036,60,35,15,Median,40,[   0  206 1046],2,840,206,523.0,248218.43075501217,38.735538856039796,0.07306466680138056,71.8636343726179,2.7141786841043487,0.07306466680138056,71.8636343726179,2.7141786841043487
1037,60,35,15,Mode,40,[   0  124  681 1046],3,557,124,348.6666666666667,91052.15850787068,25.035208083455487,0.005718585934264796,30.231374504536475,7.937025154585558,0.030601399345320506,27.403961793490495,6.575051923987619
1038,60,35,15,Median,40,[   0  206  556  855 1046],4,350,191,261.5,99145.31628484694,25.61422783334868,0.023708435622894552,38.69356481834588,5.4304661288007114,0.05930933920421123,33.11183446332496,4.860906693397622
1039,60,35,15,Mode,40,[   0  124  681  976 1046],4,557,70,261.5,75260.40291631012,25.990220073736097,-0.003966382112214675,24.026901630845302,6.437931002935967,0.03201493351044818,22.137593083083605,5.314869353921499
1040,60,35,15,Median,40,[   0  206  546  681  888 1046],5,340,135,209.2,191837.5028315587,43.03865113100715,0.02341256329550001,49.510608360879694,5.486476369664774,0.11959792245215116,64.5689207986088,2.726583091618992
1041,60,35,15,Mode,40,[   0  124  486  681  976 1046],5,362,70,209.2,163131.70274672276,37.95387035982815,0.010766218345309084,44.85670656929624,4.245611422683382,0.08282714374177678,53.75320107969057,3.0165230828526988
1042,60,35,15,Median,40,[   0  206  546  681  842  976 1046],6,340,70,174.33333333333334,206209.89246736158,50.2517207161603,0.02487504385680602,52.263134493270655,4.764729547209598,0.15044446816165397,69.2092248514892,2.124374338593486
1043,60,35,15,Mode,40,[   0  124  486  681  855  976 1046],6,362,70,174.33333333333334,205044.01068880968,49.218892577210326,0.013743484079476878,50.90229395098143,4.954605903335647,0.1343055942640581,67.35703782911244,2.111337032988567
1044,60,35,15,Median,40,[   0  108  217  546  681  842  976 1046],7,329,70,149.42857142857142,167365.64593986052,46.912593442138736,0.010561741873109086,48.13355289737448,4.594652464545405,0.13811526255007758,56.345607906101236,2.281477691022324
1045,60,35,15,Mode,40,[   0  124  217  486  681  855  976 1046],7,269,70,149.42857142857142,156342.10471962957,44.81587590244488,0.011327982289870399,47.63473557639087,4.672580896806461,0.12891761730273507,52.28830319508615,2.3558732529727213
1046,60,35,15,Median,40,[   0  108  217  546  681  776  855  976 1046],8,329,70,130.75,136719.26770874596,46.370303765625806,0.010667348569341702,45.35118698109157,4.452500092215114,0.13894485233313367,47.306539980754856,2.31277196277014
1047,60,35,15,Mode,40,[   0  124  217  486  681  776  855  976 1046],8,269,70,130.75,125941.03697114243,44.11749529576338,0.013055820037481423,44.188675351574915,4.7939678553223315,0.12767740194037694,43.00672015711631,2.406410019004084
1048,60,35,15,Median,40,[   0  108  217  486  555  681  776  855  976 1046],9,269,69,116.22222222222223,100412.73544312386,42.95041462885246,0.0047254111297059575,42.928459413687214,4.555636801969109,0.12160866673699354,34.96253475103414,2.4824280240089447
1049,60,35,15,Mode,40,[   0  124  217  486  556  681  776  855  976 1046],9,269,70,116.22222222222223,99524.92248834712,43.06604134531875,0.007707367474379828,43.19829323178068,4.5489782167571065,0.12343628710645935,34.72744121102947,2.478888933648869
1050,60,35,15,Median,40,[   0  108  217  262  486  555  681  776  855  976 1046],10,224,45,104.6,85986.4266297384,40.89622928267713,-0.00686597678317685,39.47035494294574,4.776992281409484,0.1057129841277064,29.983126531935724,2.602508765700133
1051,60,35,15,Mode,40,[   0  124  217  262  486  556  681  776  855  976 1046],10,224,45,104.6,86669.99657569737,41.16389897868531,-0.004755335767676218,39.71421539876415,4.756871658218506,0.10860785230526102,30.30453615521465,2.583709321848366
1052,60,35,15,Median,40,[   0  124  217  262  486  555  681  776  855  976 1046],10,224,45,104.6,86288.1968494021,41.09306604400544,-0.004795393358097996,39.633001838583475,4.764484375225843,0.1081995043987562,30.150133816360178,2.588611092162753
1053,60,35,15,Mode,40,[   0  124  217  262  486  556  681  776  855  976 1046],10,224,45,104.6,86669.99657569737,41.16389897868531,-0.004755335767676218,39.71421539876415,4.756871658218506,0.10860785230526102,30.30453615521465,2.583709321848366
1054,60,35,15,Median,40,[   0  124  217  262  486  555  681  776  842  888  976 1046],11,224,45,95.0909090909091,69529.43512706671,38.75289503223468,-0.009173209079224661,36.07095859318498,4.427008619729855,0.0969001635456577,24.52823805542515,2.8100745310926802
1055,60,35,15,Mode,40,[   0  124  217  262  486  556  681  776  855  976 1046],10,224,45,104.6,86669.99657569737,41.16389897868531,-0.004755335767676218,39.71421539876415,4.756871658218506,0.10860785230526102,30.30453615521465,2.583709321848366
1056,60,35,15,Median,40,[   0  124  217  262  340  486  555  681  776  842  888  976 1046],12,146,45,87.16666666666667,62874.30952949736,36.53581211350335,-0.011661854190450282,33.4422769790399,4.783022139041068,0.09089100444002336,22.23383309681209,3.091460625804419
1057,60,35,15,Mode,40,[   0  124  217  262  486  556  681  776  855  976 1046],10,224,45,104.6,86669.99657569737,41.16389897868531,-0.004755335767676218,39.71421539876415,4.756871658218506,0.10860785230526102,30.30453615521465,2.583709321848366
1058,60,35,15,Median,40,[   0  124  217  262  340  486  555  681  776  842  888  976 1046],12,146,45,87.16666666666667,62874.30952949736,36.53581211350335,-0.011661854190450282,33.4422769790399,4.783022139041068,0.09089100444002336,22.23383309681209,3.091460625804419
1059,60,35,15,Mode,40,[   0  124  217  262  486  556  681  776  855  976 1046],10,224,45,104.6,86669.99657569737,41.16389897868531,-0.004755335767676218,39.71421539876415,4.756871658218506,0.10860785230526102,30.30453615521465,2.583709321848366
1060,60,35,15,Median,40,[   0  124  217  262  340  486  555  681  776  842  888  976 1046],12,146,45,87.16666666666667,62874.30952949736,36.53581211350335,-0.011661854190450282,33.4422769790399,4.783022139041068,0.09089100444002336,22.23383309681209,3.091460625804419
1061,60,35,15,Mode,40,[   0  124  217  262  340  486  556  681  776  842  888  976 1046],12,146,45,87.16666666666667,63159.954419715614,36.5921086842899,-0.011578173531565077,33.50973267987091,4.780702494931247,0.09124316951961231,22.350873127875424,3.0874526479380715
1062,60,35,15,Median,40,[   0  124  207  262  340  486  556  681  776  842  888  976 1046],12,146,46,87.16666666666667,63981.56173699035,36.81271380926457,-0.009618250682313945,33.67209970715151,4.771716046924481,0.09418078420300285,22.710560641736798,3.075368025154957
1063,60,35,15,Mode,40,[   0  124  210  262  340  486  556  681  776  842  888  976 1046],12,146,46,87.16666666666667,64042.07368335626,36.894116773797194,-0.011970066366462933,33.76724187634278,4.756364312918511,0.09366586026868272,22.721635942866772,3.0589114003762985
1064,60,35,20,Median,40,[   0  206 1046],2,840,206,523.0,248218.43075501217,38.735538856039796,0.07306466680138056,71.8636343726179,2.7141786841043487,0.07306466680138056,71.8636343726179,2.7141786841043487
1065,60,35,20,Mode,40,[   0  124  681 1046],3,557,124,348.6666666666667,91052.15850787068,25.035208083455487,0.005718585934264796,30.231374504536475,7.937025154585558,0.030601399345320506,27.403961793490495,6.575051923987619
1066,60,35,20,Median,40,[   0  206  556  855 1046],4,350,191,261.5,99145.31628484694,25.61422783334868,0.023708435622894552,38.69356481834588,5.4304661288007114,0.05930933920421123,33.11183446332496,4.860906693397622
1067,60,35,20,Mode,40,[   0  124  681  976 1046],4,557,70,261.5,75260.40291631012,25.990220073736097,-0.003966382112214675,24.026901630845302,6.437931002935967,0.03201493351044818,22.137593083083605,5.314869353921499
1068,60,35,20,Median,40,[   0  206  546  681  888 1046],5,340,135,209.2,191837.5028315587,43.03865113100715,0.02341256329550001,49.510608360879694,5.486476369664774,0.11959792245215116,64.5689207986088,2.726583091618992
1069,60,35,20,Mode,40,[   0  124  486  681  976 1046],5,362,70,209.2,163131.70274672276,37.95387035982815,0.010766218345309084,44.85670656929624,4.245611422683382,0.08282714374177678,53.75320107969057,3.0165230828526988
1070,60,35,20,Median,40,[   0  206  546  681  842  976 1046],6,340,70,174.33333333333334,206209.89246736158,50.2517207161603,0.02487504385680602,52.263134493270655,4.764729547209598,0.15044446816165397,69.2092248514892,2.124374338593486
1071,60,35,20,Mode,40,[   0  124  486  681  842  976 1046],6,362,70,174.33333333333334,201166.78663148687,48.40156297054531,0.014161973549272877,49.984695910630414,4.911864701591548,0.13096933320821152,65.97341787310754,2.1543099057231307
1072,60,35,20,Median,40,[   0  124  217  546  681  842  976 1046],7,329,70,149.42857142857142,165721.59081896394,47.03558926188625,0.014323132987543546,48.355130306655006,4.601538500794468,0.14007868721322236,55.851509797874286,2.277293107826177
1073,60,35,20,Mode,40,[   0  124  217  486  681  842  976 1046],7,269,70,149.42857142857142,153111.08467186056,44.1347678968907,0.012000774349059266,46.83315749359031,4.640076419184725,0.12613739975619628,51.13528656508206,2.391683980251525
1074,60,35,20,Median,40,[   0  124  217  546  681  776  855  976 1046],8,329,70,130.75,135310.07760512034,46.47572875398082,0.014499781672036789,45.54929976807541,4.449361654818004,0.14062778775868634,46.88302731656033,2.309185177173443
1075,60,35,20,Mode,40,[   0  124  217  486  681  776  842  976 1046],8,269,66,130.75,124481.90919248409,44.375572858400744,0.011575123729792362,43.847325495166444,4.36490795912348,0.12858266072463212,42.4969938486813,2.377449332094668
1076,60,35,20,Median,40,[   0  124  217  486  556  681  776  855  976 1046],9,269,70,116.22222222222223,99524.92248834712,43.06604134531875,0.007707367474379828,43.19829323178068,4.5489782167571065,0.12343628710645935,34.72744121102947,2.478888933648869
1077,60,35,20,Mode,40,[   0  124  217  486  556  681  776  842  976 1046],9,269,66,116.22222222222223,98248.18568202107,43.29185921262644,0.005624166715963519,42.88348360982092,4.102477197684554,0.12422838854268263,34.28143069114884,2.4535483326031295
1078,60,35,20,Median,40,[   0  124  217  283  486  556  681  776  855  976 1046],10,203,66,104.6,86582.38964464993,40.44302195156271,0.00226440973480601,39.81169287323696,4.774247156204403,0.1105897137019269,30.290480397844615,2.6949556849941874
1079,60,35,20,Mode,40,[   0  124  217  262  486  556  681  776  842  976 1046],10,224,45,104.6,85535.11941451866,41.3646259718477,-0.006194988478143926,39.42970902238183,4.230051673249213,0.10931194247079283,29.908082359765192,2.561184343141042
1080,60,35,20,Median,40,[   0  124  217  283  486  556  681  776  855  976 1046],10,203,66,104.6,86582.38964464993,40.44302195156271,0.00226440973480601,39.81169287323696,4.774247156204403,0.1105897137019269,30.290480397844615,2.6949556849941874
1081,60,35,20,Mode,40,[   0  124  217  262  486  556  681  776  842  976 1046],10,224,45,104.6,85535.11941451866,41.3646259718477,-0.006194988478143926,39.42970902238183,4.230051673249213,0.10931194247079283,29.908082359765192,2.561184343141042
1082,60,35,20,Median,40,[   0  124  217  283  486  556  681  776  842  888  976 1046],11,203,46,95.0909090909091,69794.20864278976,38.16785534903622,-0.0022126152224713996,36.23263367189945,4.516936184969837,0.0990513519185113,24.654549978761136,2.9057846646409713
1083,60,35,20,Mode,40,[   0  124  217  262  486  556  681  776  842  888  976 1046],11,224,45,95.0909090909091,69873.05488073245,38.81664467344656,-0.009104340850277235,36.14443840072172,4.424478098882778,0.09726767666151201,24.667200160394167,2.805662937809732
1084,60,35,20,Median,40,[   0  124  217  264  340  486  556  681  776  842  888  976 1046],12,146,46,87.16666666666667,63061.97079330125,36.488883619049126,-0.01072094872068401,33.50457364003461,4.782017866863306,0.09115856175246778,22.312689932941115,3.1048206974343917
1085,60,35,20,Mode,40,[   0  124  217  262  340  486  556  681  776  842  888  976 1046],12,146,45,87.16666666666667,63159.954419715614,36.5921086842899,-0.011578173531565077,33.50973267987091,4.780702494931247,0.09124316951961231,22.350873127875424,3.0874526479380715
1086,60,35,20,Median,40,[   0  124  217  264  340  486  556  681  776  842  888  976 1046],12,146,46,87.16666666666667,63061.97079330125,36.488883619049126,-0.01072094872068401,33.50457364003461,4.782017866863306,0.09115856175246778,22.312689932941115,3.1048206974343917
1087,60,35,20,Mode,40,[   0  124  217  262  340  486  556  681  776  842  888  976 1046],12,146,45,87.16666666666667,63159.954419715614,36.5921086842899,-0.011578173531565077,33.50973267987091,4.780702494931247,0.09124316951961231,22.350873127875424,3.0874526479380715
1088,60,35,20,Median,40,[   0  124  206  264  340  486  556  681  776  842  888  976 1046],12,146,46,87.16666666666667,64152.03467722657,36.84955414915295,-0.00941080666894752,33.73752095944816,4.7629962231156675,0.09479765242936437,22.782377784517436,3.0749665452284844
1089,60,35,20,Mode,40,[   0  124  210  262  340  486  556  681  776  842  888  976 1046],12,146,46,87.16666666666667,64042.07368335626,36.894116773797194,-0.011970066366462933,33.76724187634278,4.756364312918511,0.09366586026868272,22.721635942866772,3.0589114003762985
1090,60,35,20,Median,40,[   0  124  206  264  340  486  556  681  776  842  888  976 1046],12,146,46,87.16666666666667,64152.03467722657,36.84955414915295,-0.00941080666894752,33.73752095944816,4.7629962231156675,0.09479765242936437,22.782377784517436,3.0749665452284844
1091,60,35,20,Mode,40,[   0  124  210  262  340  486  556  681  776  842  888  976 1046],12,146,46,87.16666666666667,64042.07368335626,36.894116773797194,-0.011970066366462933,33.76724187634278,4.756364312918511,0.09366586026868272,22.721635942866772,3.0589114003762985
1092,60,40,10,Median,40,[   0  206 1046],2,840,206,523.0,248218.43075501217,38.735538856039796,0.07306466680138056,71.8636343726179,2.7141786841043487,0.07306466680138056,71.8636343726179,2.7141786841043487
1093,60,40,10,Mode,40,[   0  217 1046],2,829,217,523.0,252769.08190478027,38.337226046030345,0.07167349516109604,73.27359742654461,2.7441404978915678,0.07167349516109604,73.27359742654461,2.7441404978915678
1094,60,40,10,Median,40,[   0  206  556  855 1046],4,350,191,261.5,99145.31628484694,25.61422783334868,0.023708435622894552,38.69356481834588,5.4304661288007114,0.05930933920421123,33.11183446332496,4.860906693397622
1095,60,40,10,Mode,40,[   0  217  681  976 1046],4,464,70,261.5,94485.39587027032,25.402083432400076,0.023820502580116292,30.833668350172843,6.766791026439255,0.047752543989835035,28.833929509887728,5.650985416051946
1096,60,40,10,Median,40,[   0  206  546  681  888 1046],5,340,135,209.2,191837.5028315587,43.03865113100715,0.02341256329550001,49.510608360879694,5.486476369664774,0.11959792245215116,64.5689207986088,2.726583091618992
1097,60,40,10,Mode,40,[   0  217  539  681  976 1046],5,322,70,209.2,162330.15223715582,39.12538917181587,0.022480391732177234,46.59676937727427,4.833787286905393,0.09661571080181895,54.38690489745748,2.9284341499217184
1098,60,40,10,Median,40,[   0  206  546  681  842  976 1046],6,340,70,174.33333333333334,206209.89246736158,50.2517207161603,0.02487504385680602,52.263134493270655,4.764729547209598,0.15044446816165397,69.2092248514892,2.124374338593486
1099,60,40,10,Mode,40,[   0  217  539  681  842  976 1046],6,322,70,174.33333333333334,201629.52032504766,49.47131241831553,0.024631731010202104,51.54180948352606,4.837430500564497,0.14630383429433597,67.32281099935518,2.154524646665844
1100,60,40,10,Median,40,[   0   91  217  546  681  842  976 1046],7,329,70,149.42857142857142,167828.10483694446,46.61855310561663,0.003834111857537901,47.5734207511856,4.596207434718634,0.1349901480373967,56.2917953858738,2.300015408436748
1101,60,40,10,Mode,40,[   0   81  217  539  681  842  976 1046],7,322,70,149.42857142857142,165465.61914809127,46.129765478448924,-0.000598894249882718,46.73003055554329,4.604848201194719,0.12956417825893826,55.24272400140776,2.299728440265475
1102,60,40,10,Median,40,[   0   91  217  546  681  795  842  976 1046],8,329,47,130.75,133438.35312415616,46.127647111257886,-0.004088467713918181,43.65701299815905,4.374126271128388,0.13415625686238908,45.72770867662549,2.316070662314395
1103,60,40,10,Mode,40,[   0   81  217  539  681  795  842  976 1046],8,322,47,130.75,131636.37959083533,45.72252626246517,-0.008322499105737508,42.91236879974425,4.3918290624123575,0.12938804165104487,44.865441366805875,2.315416026769634
1104,60,40,10,Median,40,[   0   91  217  486  552  681  795  842  976 1046],9,269,47,116.22222222222223,96015.83024468721,42.469748101420805,-0.007899427653849175,40.945471486859525,4.231594396105482,0.11551731146629965,32.89901899779461,2.501660888006416
1105,60,40,10,Mode,40,[   0   81  217  486  539  681  795  842  976 1046],9,269,47,116.22222222222223,92887.26972069402,42.084323850208605,-0.013439357488409975,40.00730867966427,4.2655518691503405,0.10929454460528522,31.576352935760113,2.4904948282040693
1106,60,40,10,Median,40,[   0   91  217  262  486  552  681  795  842  976 1046],10,224,45,104.6,80681.48507466799,40.29741945884891,-0.016375300750566826,37.678449140635216,4.339640844915888,0.0986921842343186,27.669167340478527,2.6376797307649738
1107,60,40,10,Mode,40,[   0   81  217  262  486  539  681  795  842  976 1046],10,224,45,104.6,76927.11193285653,39.88078556054248,-0.021121079628924833,36.830814650548575,4.371345970422562,0.09341556625614127,26.137447316610675,2.63569133811818
1108,60,40,10,Median,40,[   0  124  217  262  486  552  681  795  842  976 1046],10,224,45,104.6,81960.71443642324,40.81925199590982,-0.010301784825122978,38.241932215737464,4.319406238644903,0.10482834059710575,28.311351706684448,2.597084464618177
1109,60,40,10,Mode,40,[   0  124  217  262  486  539  681  795  842  976 1046],10,224,45,104.6,78229.68940715695,40.35763397520909,-0.012587774452769334,37.42615414476827,4.36136301453251,0.10073430939937783,26.776029845590774,2.606486794616865
1110,60,40,10,Median,40,[   0  124  217  262  486  552  681  795  842  888  976 1046],11,224,45,95.0909090909091,69636.20251420523,38.29569698368272,-0.013323924884252892,35.06584942437956,4.497850090597122,0.09434674811627361,24.146951626334168,2.8441454025354593
1111,60,40,10,Mode,40,[   0  124  217  262  486  539  681  795  842  888  976 1046],11,224,45,95.0909090909091,66278.27998786558,37.88024076505205,-0.015783910205376207,34.32511056933011,4.494835745225514,0.09066212003831849,22.76516195134986,2.8526074995342787
1112,60,40,10,Median,40,[   0  124  217  262  486  552  681  795  842  888  976 1046],11,224,45,95.0909090909091,69636.20251420523,38.29569698368272,-0.013323924884252892,35.06584942437956,4.497850090597122,0.09434674811627361,24.146951626334168,2.8441454025354593
1113,60,40,10,Mode,40,[   0  124  217  262  486  539  681  795  842  888  976 1046],11,224,45,95.0909090909091,66278.27998786558,37.88024076505205,-0.015783910205376207,34.32511056933011,4.494835745225514,0.09066212003831849,22.76516195134986,2.8526074995342787
1114,60,40,10,Median,40,[   0  124  217  262  486  552  681  776  842  888  976 1046],11,224,45,95.0909090909091,68199.40568285194,38.500003125420825,-0.009665354842086568,35.70038911235805,4.4400285883452835,0.09541028672445266,23.96275013433465,2.826224860140833
1115,60,40,10,Mode,40,[   0  124  217  262  486  539  681  776  842  888  976 1046],11,224,45,95.0909090909091,64971.815932283316,38.091650861139804,-0.012124684848223686,34.95286883773663,4.437014242973674,0.09158869078094962,22.58094198846899,2.8352588839676187
1116,60,40,10,Median,40,[   0  124  217  262  486  552  681  795  842  888  976 1046],11,224,45,95.0909090909091,69636.20251420523,38.29569698368272,-0.013323924884252892,35.06584942437956,4.497850090597122,0.09434674811627361,24.146951626334168,2.8441454025354593
1117,60,40,10,Mode,40,[   0  124  217  262  486  539  681  795  842  888  976 1046],11,224,45,95.0909090909091,66278.27998786558,37.88024076505205,-0.015783910205376207,34.32511056933011,4.494835745225514,0.09066212003831849,22.76516195134986,2.8526074995342787
1118,60,40,10,Median,40,[   0  124  217  262  486  554  681  795  842  888  976 1046],11,224,45,95.0909090909091,70678.18464106673,38.48569113191523,-0.01296451071960553,35.3617791164747,4.487740903225156,0.09545529019047642,24.58240123601305,2.8329107047272464
1119,60,40,10,Mode,40,[   0  124  217  262  486  554  681  795  842  888  976 1046],11,224,45,95.0909090909091,70678.18464106673,38.48569113191523,-0.01296451071960553,35.3617791164747,4.487740903225156,0.09545529019047642,24.58240123601305,2.8329107047272464
1120,60,40,15,Median,40,[   0  204 1046],2,842,204,523.0,248112.87648708123,38.87043176131045,0.0737916010601902,71.83097191473897,2.704787708823722,0.0737916010601902,71.83097191473897,2.704787708823722
1121,60,40,15,Mode,40,[   0  124  681 1046],3,557,124,348.6666666666667,91052.15850787068,25.035208083455487,0.005718585934264796,30.231374504536475,7.937025154585558,0.030601399345320506,27.403961793490495,6.575051923987619
1122,60,40,15,Median,40,[   0  204  556  855 1046],4,352,191,261.5,99047.24284832906,25.618634237518865,0.023656091736568862,38.67021416027933,5.429868412762938,0.059520326381040635,33.084807937142465,4.862201370707264
1123,60,40,15,Mode,40,[   0  124  681  976 1046],4,557,70,261.5,75260.40291631012,25.990220073736097,-0.003966382112214675,24.026901630845302,6.437931002935967,0.03201493351044818,22.137593083083605,5.314869353921499
1124,60,40,15,Median,40,[   0  204  552  681  888 1046],5,348,129,209.2,193442.38796399973,43.57363024809239,0.023331189319259725,49.6147713040986,5.494422751993939,0.12154604177355362,65.12098891957312,2.7079861990347753
1125,60,40,15,Mode,40,[   0  124  486  681  976 1046],5,362,70,209.2,163131.70274672276,37.95387035982815,0.010766218345309084,44.85670656929624,4.245611422683382,0.08282714374177678,53.75320107969057,3.0165230828526988
1126,60,40,15,Median,40,[   0  204  552  681  842  976 1046],6,348,70,174.33333333333334,207460.08245577203,50.676663672417455,0.024808676339826117,52.35514153519142,4.709247533174789,0.1521872365262603,69.6903498201523,2.1118575469134067
1127,60,40,15,Mode,40,[   0  124  486  681  842  976 1046],6,362,70,174.33333333333334,201166.78663148687,48.40156297054531,0.014161973549272877,49.984695910630414,4.911864701591548,0.13096933320821152,65.97341787310754,2.1543099057231307
1128,60,40,15,Median,40,[   0  108  217  552  681  842  976 1046],7,335,70,149.42857142857142,168543.2793919322,47.29221235329458,0.010509082561085044,48.22015573096999,4.550485877599024,0.1396066472819685,56.7868380887137,2.2693636444884624
1129,60,40,15,Mode,40,[   0  124  217  486  681  842  976 1046],7,269,70,149.42857142857142,153111.08467186056,44.1347678968907,0.012000774349059266,46.83315749359031,4.640076419184725,0.12613739975619628,51.13528656508206,2.391683980251525
1130,60,40,15,Median,40,[   0  108  217  552  681  777  855  976 1046],8,335,70,130.75,137615.0054432274,46.665079452616716,0.01016964095478082,45.37835792141959,4.402069179286429,0.14017678737838035,47.673629435806994,2.304932516570289
1131,60,40,15,Mode,40,[   0  124  217  486  681  776  842  976 1046],8,269,66,130.75,124481.90919248409,44.375572858400744,0.011575123729792362,43.847325495166444,4.36490795912348,0.12858266072463212,42.4969938486813,2.377449332094668
1132,60,40,15,Median,40,[   0  108  217  486  554  681  777  855  976 1046],9,269,68,116.22222222222223,99917.84028484664,42.846245747223236,0.004339202088590403,42.79511256000139,4.545824667773141,0.12099055724217048,34.74666165060873,2.491148032640018
1133,60,40,15,Mode,40,[   0  124  217  486  556  681  776  842  976 1046],9,269,66,116.22222222222223,98248.18568202107,43.29185921262644,0.005624166715963519,42.88348360982092,4.102477197684554,0.12422838854268263,34.28143069114884,2.4535483326031295
1134,60,40,15,Median,40,[   0  108  210  262  486  554  681  777  855  976 1046],10,224,52,104.6,86693.99582619539,41.08036822099969,-0.00769087552262717,39.62827973818397,4.738020039952302,0.10721530954427118,30.249201466208586,2.5817530635040593
1135,60,40,15,Mode,40,[   0  124  217  262  486  556  681  776  842  976 1046],10,224,45,104.6,85535.11941451866,41.3646259718477,-0.006194988478143926,39.42970902238183,4.230051673249213,0.10931194247079283,29.908082359765192,2.561184343141042
1136,60,40,15,Median,40,[   0  124  210  262  486  554  681  777  855  976 1046],10,224,52,104.6,87119.80350922975,41.37563846887454,-0.005743086811382947,39.82145277220244,4.720541320960603,0.11023425322767859,30.47802636225745,2.560706664986125
1137,60,40,15,Mode,40,[   0  124  217  262  486  556  681  776  842  976 1046],10,224,45,104.6,85535.11941451866,41.3646259718477,-0.006194988478143926,39.42970902238183,4.230051673249213,0.10931194247079283,29.908082359765192,2.561184343141042
1138,60,40,15,Median,40,[   0  124  210  262  486  554  681  777  855  976 1046],10,224,52,104.6,87119.80350922975,41.37563846887454,-0.005743086811382947,39.82145277220244,4.720541320960603,0.11023425322767859,30.47802636225745,2.560706664986125
1139,60,40,15,Mode,40,[   0  124  217  262  486  556  681  776  842  888  976 1046],11,224,45,95.0909090909091,69873.05488073245,38.81664467344656,-0.009104340850277235,36.14443840072172,4.424478098882778,0.09726767666151201,24.667200160394167,2.805662937809732
1140,60,40,15,Median,40,[   0  124  210  262  486  554  681  777  855  976 1046],10,224,52,104.6,87119.80350922975,41.37563846887454,-0.005743086811382947,39.82145277220244,4.720541320960603,0.11023425322767859,30.47802636225745,2.560706664986125
1141,60,40,15,Mode,40,[   0  124  217  262  340  486  556  681  776  842  888  976 1046],12,146,45,87.16666666666667,63159.954419715614,36.5921086842899,-0.011578173531565077,33.50973267987091,4.780702494931247,0.09124316951961231,22.350873127875424,3.0874526479380715
1142,60,40,15,Median,40,[   0  124  210  262  486  554  681  776  855  976 1046],10,224,52,104.6,87183.09048338901,41.39567978051846,-0.005431946149489407,39.862890265208385,4.739858803286753,0.11039700959756817,30.51957693125177,2.5585187361992348
1143,60,40,15,Mode,40,[   0  124  217  262  340  486  556  681  776  842  888  976 1046],12,146,45,87.16666666666667,63159.954419715614,36.5921086842899,-0.011578173531565077,33.50973267987091,4.780702494931247,0.09124316951961231,22.350873127875424,3.0874526479380715
1144,60,40,15,Median,40,[   0  124  213  262  486  554  681  776  855  976 1046],10,224,49,104.6,86662.10602928798,41.23077857165469,-0.005563343645541299,39.71400219796362,4.753982924355422,0.10914575780965671,30.304460362009145,2.574212204053313
1145,60,40,15,Mode,40,[   0  124  217  262  340  486  556  681  776  842  888  976 1046],12,146,45,87.16666666666667,63159.954419715614,36.5921086842899,-0.011578173531565077,33.50973267987091,4.780702494931247,0.09124316951961231,22.350873127875424,3.0874526479380715
1146,60,40,15,Median,40,[   0  124  213  262  340  486  554  681  776  842  888  976 1046],12,146,46,87.16666666666667,63136.12018669399,36.65867142609151,-0.01235617128470947,33.509555595236286,4.770815987459568,0.09185550815346656,22.345346653933664,3.0783301520058894
1147,60,40,15,Mode,40,[   0  124  217  262  340  486  556  681  776  842  888  976 1046],12,146,45,87.16666666666667,63159.954419715614,36.5921086842899,-0.011578173531565077,33.50973267987091,4.780702494931247,0.09124316951961231,22.350873127875424,3.0874526479380715
1148,60,40,20,Median,40,[   0  204 1046],2,842,204,523.0,248112.87648708123,38.87043176131045,0.0737916010601902,71.83097191473897,2.704787708823722,0.0737916010601902,71.83097191473897,2.704787708823722
1149,60,40,20,Mode,40,[   0  124  681 1046],3,557,124,348.6666666666667,91052.15850787068,25.035208083455487,0.005718585934264796,30.231374504536475,7.937025154585558,0.030601399345320506,27.403961793490495,6.575051923987619
1150,60,40,20,Median,40,[   0  204  556  855 1046],4,352,191,261.5,99047.24284832906,25.618634237518865,0.023656091736568862,38.67021416027933,5.429868412762938,0.059520326381040635,33.084807937142465,4.862201370707264
1151,60,40,20,Mode,40,[   0  124  681  976 1046],4,557,70,261.5,75260.40291631012,25.990220073736097,-0.003966382112214675,24.026901630845302,6.437931002935967,0.03201493351044818,22.137593083083605,5.314869353921499
1152,60,40,20,Median,40,[   0  204  552  681  888 1046],5,348,129,209.2,193442.38796399973,43.57363024809239,0.023331189319259725,49.6147713040986,5.494422751993939,0.12154604177355362,65.12098891957312,2.7079861990347753
1153,60,40,20,Mode,40,[   0  124  486  681  976 1046],5,362,70,209.2,163131.70274672276,37.95387035982815,0.010766218345309084,44.85670656929624,4.245611422683382,0.08282714374177678,53.75320107969057,3.0165230828526988
1154,60,40,20,Median,40,[   0  204  552  681  842  976 1046],6,348,70,174.33333333333334,207460.08245577203,50.676663672417455,0.024808676339826117,52.35514153519142,4.709247533174789,0.1521872365262603,69.6903498201523,2.1118575469134067
1155,60,40,20,Mode,40,[   0  124  486  681  842  976 1046],6,362,70,174.33333333333334,201166.78663148687,48.40156297054531,0.014161973549272877,49.984695910630414,4.911864701591548,0.13096933320821152,65.97341787310754,2.1543099057231307
1156,60,40,20,Median,40,[   0  124  210  552  681  842  976 1046],7,342,70,149.42857142857142,167948.14858032714,47.90817886400429,0.015309549119911975,48.6566204412354,4.489427449773076,0.14490707669133862,56.770333501394056,2.2268701251145315
1157,60,40,20,Mode,40,[   0  124  217  486  681  842  976 1046],7,269,70,149.42857142857142,153111.08467186056,44.1347678968907,0.012000774349059266,46.83315749359031,4.640076419184725,0.12613739975619628,51.13528656508206,2.391683980251525
1158,60,40,20,Median,40,[   0  124  210  552  681  780  855  976 1046],8,342,70,130.75,137825.60066497,47.42431915704102,0.015056835846497047,45.946653156697316,4.2880784151012765,0.14628293891066987,47.94805905943034,2.253273755464296
1159,60,40,20,Mode,40,[   0  124  217  486  681  776  842  976 1046],8,269,66,130.75,124481.90919248409,44.375572858400744,0.011575123729792362,43.847325495166444,4.36490795912348,0.12858266072463212,42.4969938486813,2.377449332094668
1160,60,40,20,Median,40,[   0  124  210  486  556  681  780  855  976 1046],9,276,70,116.22222222222223,100479.75284255706,43.535774345641876,0.00820734208520336,43.43444631972845,4.3484843567303155,0.12670987332189607,35.10924391104411,2.4467582822847564
1161,60,40,20,Mode,40,[   0  124  217  486  556  681  776  842  976 1046],9,269,66,116.22222222222223,98248.18568202107,43.29185921262644,0.005624166715963519,42.88348360982092,4.102477197684554,0.12422838854268263,34.28143069114884,2.4535483326031295
1162,60,40,20,Median,40,[   0  124  210  262  486  556  681  780  855  976 1046],10,224,52,104.6,88451.92065819463,41.700123508187225,-0.005338036623114121,40.129383683893224,4.5760982856259655,0.11227468376512736,31.014310575666507,2.5385325274246444
1163,60,40,20,Mode,40,[   0  124  217  262  486  556  681  776  842  976 1046],10,224,45,104.6,85535.11941451866,41.3646259718477,-0.006194988478143926,39.42970902238183,4.230051673249213,0.10931194247079283,29.908082359765192,2.561184343141042
1164,60,40,20,Median,40,[   0  124  210  262  486  556  681  780  855  976 1046],10,224,52,104.6,88451.92065819463,41.700123508187225,-0.005338036623114121,40.129383683893224,4.5760982856259655,0.11227468376512736,31.014310575666507,2.5385325274246444
1165,60,40,20,Mode,40,[   0  124  217  262  486  556  681  776  842  976 1046],10,224,45,104.6,85535.11941451866,41.3646259718477,-0.006194988478143926,39.42970902238183,4.230051673249213,0.10931194247079283,29.908082359765192,2.561184343141042
1166,60,40,20,Median,40,[   0  124  210  262  486  556  681  780  855  976 1046],10,224,52,104.6,88451.92065819463,41.700123508187225,-0.005338036623114121,40.129383683893224,4.5760982856259655,0.11227468376512736,31.014310575666507,2.5385325274246444
1167,60,40,20,Mode,40,[   0  124  217  262  486  556  681  776  842  888  976 1046],11,224,45,95.0909090909091,69873.05488073245,38.81664467344656,-0.009104340850277235,36.14443840072172,4.424478098882778,0.09726767666151201,24.667200160394167,2.805662937809732
1168,60,40,20,Median,40,[   0  124  210  262  486  556  681  780  855  976 1046],10,224,52,104.6,88451.92065819463,41.700123508187225,-0.005338036623114121,40.129383683893224,4.5760982856259655,0.11227468376512736,31.014310575666507,2.5385325274246444
1169,60,40,20,Mode,40,[   0  124  217  262  340  486  556  681  776  842  888  976 1046],12,146,45,87.16666666666667,63159.954419715614,36.5921086842899,-0.011578173531565077,33.50973267987091,4.780702494931247,0.09124316951961231,22.350873127875424,3.0874526479380715
1170,60,40,20,Median,40,[   0  124  210  262  340  486  556  681  780  842  888  976 1046],12,146,46,87.16666666666667,64763.0167518446,37.12960902178378,-0.011976472785711135,33.91065591776936,4.62698710905025,0.09498380889264763,22.986941537633736,3.043884402756683
1171,60,40,20,Mode,40,[   0  124  217  262  340  486  556  681  776  842  888  976 1046],12,146,45,87.16666666666667,63159.954419715614,36.5921086842899,-0.011578173531565077,33.50973267987091,4.780702494931247,0.09124316951961231,22.350873127875424,3.0874526479380715
1172,60,40,20,Median,40,[   0  124  206  262  340  486  556  681  780  842  888  976 1046],12,146,46,87.16666666666667,64908.75061813376,37.131639146725796,-0.010101108164202703,33.87061384015824,4.637349122666585,0.09610576370294055,23.061004599477403,3.0509385789812384
1173,60,40,20,Mode,40,[   0  124  210  262  340  486  556  681  776  842  888  976 1046],12,146,46,87.16666666666667,64042.07368335626,36.894116773797194,-0.011970066366462933,33.76724187634278,4.756364312918511,0.09366586026868272,22.721635942866772,3.0589114003762985
1174,60,40,20,Median,40,[   0  124  206  262  340  486  556  681  776  842  888  976 1046],12,146,46,87.16666666666667,64187.80754964542,36.89614689873921,-0.010092490908680295,33.727289525111125,4.766726326534846,0.09478781507897564,22.795699004710443,3.0659655766008544
1175,60,40,20,Mode,40,[   0  124  210  262  340  486  556  681  776  842  888  976 1046],12,146,46,87.16666666666667,64042.07368335626,36.894116773797194,-0.011970066366462933,33.76724187634278,4.756364312918511,0.09366586026868272,22.721635942866772,3.0589114003762985
1176,60,45,10,Median,40,[   0  206 1046],2,840,206,523.0,248218.43075501217,38.735538856039796,0.07306466680138056,71.8636343726179,2.7141786841043487,0.07306466680138056,71.8636343726179,2.7141786841043487
1177,60,45,10,Mode,40,[   0  217 1046],2,829,217,523.0,252769.08190478027,38.337226046030345,0.07167349516109604,73.27359742654461,2.7441404978915678,0.07167349516109604,73.27359742654461,2.7441404978915678
1178,60,45,10,Median,40,[   0  206  556  855 1046],4,350,191,261.5,99145.31628484694,25.61422783334868,0.023708435622894552,38.69356481834588,5.4304661288007114,0.05930933920421123,33.11183446332496,4.860906693397622
1179,60,45,10,Mode,40,[   0  217  681  976 1046],4,464,70,261.5,94485.39587027032,25.402083432400076,0.023820502580116292,30.833668350172843,6.766791026439255,0.047752543989835035,28.833929509887728,5.650985416051946
1180,60,45,10,Median,40,[   0  206  552  681  888 1046],5,346,129,209.2,193505.16069558842,43.57206091202888,0.02349235957625921,49.63364988772796,5.4981508052209085,0.12144198422179121,65.11665835680267,2.70867300498339
1181,60,45,10,Mode,40,[   0  217  552  681  976 1046],5,335,70,209.2,169500.44427152714,40.59219421540569,0.02312898432541068,47.73202393300345,4.876706128375365,0.10145644333283413,56.898478359206806,2.8492425113667608
1182,60,45,10,Median,40,[   0  206  552  681  842  976 1046],6,346,70,174.33333333333334,207510.300641043,50.675408203566654,0.02494631759212896,52.371817312155564,4.7127255028727095,0.15210399048485038,69.68688536993595,2.1124069916722985
1183,60,45,10,Mode,40,[   0  217  552  681  842  976 1046],6,335,70,174.33333333333334,207572.24662541426,50.65901425683546,0.025623131001424337,52.5582592137557,4.751179844451746,0.15184945362169935,69.7187602629879,2.114174963805478
1184,60,45,10,Median,40,[   0   91  217  552  681  842  976 1046],7,335,70,149.42857142857142,168978.54207241203,46.98974428512711,0.003789752782270524,47.65958565404332,4.552040847772253,0.13646776512441902,56.72345438787993,2.288640283025576
1185,60,45,10,Mode,40,[   0   81  217  552  681  842  976 1046],7,335,70,149.42857142857142,170409.14600287346,47.14631334688829,0.0003896148494798161,47.606501993169125,4.53091906738379,0.13434737005163233,57.251895685167376,2.2642296711522603
1186,60,45,10,Median,40,[   0   91  217  552  681  795  842  976 1046],8,335,47,130.75,134412.52826302327,46.44151987201865,-0.004310958363687987,43.73309447015762,4.3273156326107705,0.13548841472950632,46.1168088281617,2.306441916019684
1187,60,45,10,Mode,40,[   0   81  217  552  681  795  842  976 1046],8,335,47,130.75,135638.76020341876,46.5757219249568,-0.0077991486994302955,43.686222805810644,4.313071819926726,0.13367093323854634,46.56975851155094,2.2855185344139852
1188,60,45,10,Median,40,[   0   91  217  486  552  681  795  842  976 1046],9,269,47,116.22222222222223,96015.83024468721,42.469748101420805,-0.007899427653849175,40.945471486859525,4.231594396105482,0.11551731146629965,32.89901899779461,2.501660888006416
1189,60,45,10,Mode,40,[   0   81  217  486  552  681  795  842  976 1046],9,269,47,116.22222222222223,97063.39854881089,42.60226665922289,-0.011072775536546741,40.90316184379757,4.218933229275221,0.11401058146278563,33.29667365161945,2.4821328330144983
1190,60,45,10,Median,40,[   0   91  217  486  552  681  795  842  976 1046],9,269,47,116.22222222222223,96015.83024468721,42.469748101420805,-0.007899427653849175,40.945471486859525,4.231594396105482,0.11551731146629965,32.89901899779461,2.501660888006416
1191,60,45,10,Mode,40,[   0   81  217  486  552  681  795  842  976 1046],9,269,47,116.22222222222223,97063.39854881089,42.60226665922289,-0.011072775536546741,40.90316184379757,4.218933229275221,0.11401058146278563,33.29667365161945,2.4821328330144983
1192,60,45,10,Median,40,[   0  124  217  486  552  681  795  842  976 1046],9,269,47,116.22222222222223,94222.12730964975,42.675340267521996,0.0006861624540068935,41.56908551912839,4.222403946541611,0.1192346232569372,32.48769721632837,2.494405810273203
1193,60,45,10,Mode,40,[   0  124  217  486  552  681  795  842  976 1046],9,269,47,116.22222222222223,94222.12730964975,42.675340267521996,0.0006861624540068935,41.56908551912839,4.222403946541611,0.1192346232569372,32.48769721632837,2.494405810273203
1194,60,45,10,Median,40,[   0  124  217  486  552  681  795  842  976 1046],9,269,47,116.22222222222223,94222.12730964975,42.675340267521996,0.0006861624540068935,41.56908551912839,4.222403946541611,0.1192346232569372,32.48769721632837,2.494405810273203
1195,60,45,10,Mode,40,[   0  124  217  486  552  681  795  842  976 1046],9,269,47,116.22222222222223,94222.12730964975,42.675340267521996,0.0006861624540068935,41.56908551912839,4.222403946541611,0.1192346232569372,32.48769721632837,2.494405810273203
1196,60,45,10,Median,40,[   0  124  217  486  552  681  795  842  976 1046],9,269,47,116.22222222222223,94222.12730964975,42.675340267521996,0.0006861624540068935,41.56908551912839,4.222403946541611,0.1192346232569372,32.48769721632837,2.494405810273203
1197,60,45,10,Mode,40,[   0  124  217  486  552  681  795  842  976 1046],9,269,47,116.22222222222223,94222.12730964975,42.675340267521996,0.0006861624540068935,41.56908551912839,4.222403946541611,0.1192346232569372,32.48769721632837,2.494405810273203
1198,60,45,10,Median,40,[   0  124  217  486  552  681  795  842  976 1046],9,269,47,116.22222222222223,94222.12730964975,42.675340267521996,0.0006861624540068935,41.56908551912839,4.222403946541611,0.1192346232569372,32.48769721632837,2.494405810273203
1199,60,45,10,Mode,40,[   0  124  217  486  552  681  795  842  976 1046],9,269,47,116.22222222222223,94222.12730964975,42.675340267521996,0.0006861624540068935,41.56908551912839,4.222403946541611,0.1192346232569372,32.48769721632837,2.494405810273203
1200,60,45,10,Median,40,[   0  124  217  486  552  681  795  842  976 1046],9,269,47,116.22222222222223,94222.12730964975,42.675340267521996,0.0006861624540068935,41.56908551912839,4.222403946541611,0.1192346232569372,32.48769721632837,2.494405810273203
1201,60,45,10,Mode,40,[   0  124  217  486  552  681  795  842  976 1046],9,269,47,116.22222222222223,94222.12730964975,42.675340267521996,0.0006861624540068935,41.56908551912839,4.222403946541611,0.1192346232569372,32.48769721632837,2.494405810273203
1202,60,45,10,Median,40,[   0  124  206  248  486  554  681  795  842  888  976 1046],11,238,42,95.0909090909091,70822.53866064017,38.82763834722317,-0.01851259179133976,35.42526049397374,4.42223055424047,0.09611025086957878,24.686407982870204,2.790058641369806
1203,60,45,10,Mode,40,[   0  124  210  486  552  681  795  842  976 1046],9,276,47,116.22222222222223,94611.37797777433,42.96480037799899,0.0013520749767449891,41.686944941851216,4.1753733187578135,0.12133176599575166,32.66054099441375,2.4731775665427347
1204,60,45,15,Median,40,[   0  204 1046],2,842,204,523.0,248112.87648708123,38.87043176131045,0.0737916010601902,71.83097191473897,2.704787708823722,0.0737916010601902,71.83097191473897,2.704787708823722
1205,60,45,15,Mode,40,[   0  124  681 1046],3,557,124,348.6666666666667,91052.15850787068,25.035208083455487,0.005718585934264796,30.231374504536475,7.937025154585558,0.030601399345320506,27.403961793490495,6.575051923987619
1206,60,45,15,Median,40,[   0  204  556  855 1046],4,352,191,261.5,99047.24284832906,25.618634237518865,0.023656091736568862,38.67021416027933,5.429868412762938,0.059520326381040635,33.084807937142465,4.862201370707264
1207,60,45,15,Mode,40,[   0  124  681  976 1046],4,557,70,261.5,75260.40291631012,25.990220073736097,-0.003966382112214675,24.026901630845302,6.437931002935967,0.03201493351044818,22.137593083083605,5.314869353921499
1208,60,45,15,Median,40,[   0  204  552  681  888 1046],5,348,129,209.2,193442.38796399973,43.57363024809239,0.023331189319259725,49.6147713040986,5.494422751993939,0.12154604177355362,65.12098891957312,2.7079861990347753
1209,60,45,15,Mode,40,[   0  124  486  681  976 1046],5,362,70,209.2,163131.70274672276,37.95387035982815,0.010766218345309084,44.85670656929624,4.245611422683382,0.08282714374177678,53.75320107969057,3.0165230828526988
1210,60,45,15,Median,40,[   0  204  552  681  842  976 1046],6,348,70,174.33333333333334,207460.08245577203,50.676663672417455,0.024808676339826117,52.35514153519142,4.709247533174789,0.1521872365262603,69.6903498201523,2.1118575469134067
1211,60,45,15,Mode,40,[   0  124  486  681  842  976 1046],6,362,70,174.33333333333334,201166.78663148687,48.40156297054531,0.014161973549272877,49.984695910630414,4.911864701591548,0.13096933320821152,65.97341787310754,2.1543099057231307
1212,60,45,15,Median,40,[   0  108  217  552  681  842  976 1046],7,335,70,149.42857142857142,168543.2793919322,47.29221235329458,0.010509082561085044,48.22015573096999,4.550485877599024,0.1396066472819685,56.7868380887137,2.2693636444884624
1213,60,45,15,Mode,40,[   0  124  210  486  681  842  976 1046],7,276,70,149.42857142857142,153846.5452608916,44.544178035399746,0.012970015370141846,46.97885246532545,4.590851679322159,0.1290596851763736,51.4863093146711,2.3585417565994207
1214,60,45,15,Median,40,[   0  108  217  552  681  776  842  976 1046],8,335,66,130.75,136244.1820831911,46.949628259474125,0.008328407203972644,45.08285960746797,4.218766352288892,0.14129010193491878,47.21771994560943,2.2731359587045588
1215,60,45,15,Mode,40,[   0  124  210  486  681  776  842  976 1046],8,276,66,130.75,125112.30398308214,44.72649583426564,0.012383129671618923,43.977095614014395,4.3102644457508825,0.13108747679906982,42.79787049118619,2.3490417118214357
1216,60,45,15,Median,40,[   0  108  217  486  554  681  776  842  976 1046],9,269,66,116.22222222222223,98712.30132444974,43.09461009013034,0.0024889301822336534,42.52717657838223,4.118211984563889,0.12196575959451955,34.3473955208467,2.4633460117090276
1217,60,45,15,Mode,40,[   0  124  210  486  556  681  776  842  976 1046],9,276,66,116.22222222222223,98630.72870355632,43.58049175331292,0.006320107380607448,43.003160420682256,4.0539051857978015,0.12630408384021788,34.451426305917444,2.4323652646770286
1218,60,45,15,Median,40,[   0  108  210  486  554  681  776  842  976 1046],9,276,66,116.22222222222223,98959.65694827412,43.292309087554514,0.003146698987452046,42.61320938003484,4.0762747785910385,0.12367647847208714,34.457579901847566,2.4496818716079165
1219,60,45,15,Mode,40,[   0  124  210  486  556  681  776  842  976 1046],9,276,66,116.22222222222223,98630.72870355632,43.58049175331292,0.006320107380607448,43.003160420682256,4.0539051857978015,0.12630408384021788,34.451426305917444,2.4323652646770286
1220,60,45,15,Median,40,[   0  124  210  486  554  681  776  842  976 1046],9,276,66,116.22222222222223,97787.25599649062,43.420878999337134,0.00643596969804238,42.82574217644072,4.07143996191773,0.12544569190937,34.113467224226234,2.4442427028504445
1221,60,45,15,Mode,40,[   0  124  210  486  556  681  776  842  976 1046],9,276,66,116.22222222222223,98630.72870355632,43.58049175331292,0.006320107380607448,43.003160420682256,4.0539051857978015,0.12630408384021788,34.451426305917444,2.4323652646770286
1222,60,45,15,Median,40,[   0  124  210  486  554  681  776  842  976 1046],9,276,66,116.22222222222223,97787.25599649062,43.420878999337134,0.00643596969804238,42.82574217644072,4.07143996191773,0.12544569190937,34.113467224226234,2.4442427028504445
1223,60,45,15,Mode,40,[   0  124  210  486  556  681  776  842  976 1046],9,276,66,116.22222222222223,98630.72870355632,43.58049175331292,0.006320107380607448,43.003160420682256,4.0539051857978015,0.12630408384021788,34.451426305917444,2.4323652646770286
1224,60,45,15,Median,40,[   0  124  210  486  554  681  776  842  976 1046],9,276,66,116.22222222222223,97787.25599649062,43.420878999337134,0.00643596969804238,42.82574217644072,4.07143996191773,0.12544569190937,34.113467224226234,2.4442427028504445
1225,60,45,15,Mode,40,[   0  124  210  486  556  681  776  842  976 1046],9,276,66,116.22222222222223,98630.72870355632,43.58049175331292,0.006320107380607448,43.003160420682256,4.0539051857978015,0.12630408384021788,34.451426305917444,2.4323652646770286
1226,60,45,15,Median,40,[   0  124  210  340  486  554  681  776  842  888  976 1046],11,146,46,95.0909090909091,69238.22531079067,37.57126371977328,0.00018826653557934414,36.05516632606951,4.4740575601414,0.10015512032589362,24.438807839653563,3.030196535957098
1227,60,45,15,Mode,40,[   0  124  210  340  486  556  681  776  842  888  976 1046],11,146,46,95.0909090909091,69864.35973239862,37.69792769188887,0.0002811885048578289,36.20068356178279,4.4686162580508615,0.10092702109017752,24.694734235252035,3.020769187192999
1228,60,45,15,Median,40,[   0  124  210  340  486  554  681  776  842  888  976 1046],11,146,46,95.0909090909091,69238.22531079067,37.57126371977328,0.00018826653557934414,36.05516632606951,4.4740575601414,0.10015512032589362,24.438807839653563,3.030196535957098
1229,60,45,15,Mode,40,[   0  124  210  340  486  556  681  776  842  888  976 1046],11,146,46,95.0909090909091,69864.35973239862,37.69792769188887,0.0002811885048578289,36.20068356178279,4.4686162580508615,0.10092702109017752,24.694734235252035,3.020769187192999
1230,60,45,15,Median,40,[   0  124  210  340  486  554  681  776  842  888  976 1046],11,146,46,95.0909090909091,69238.22531079067,37.57126371977328,0.00018826653557934414,36.05516632606951,4.4740575601414,0.10015512032589362,24.438807839653563,3.030196535957098
1231,60,45,15,Mode,40,[   0  124  210  340  486  556  681  776  842  888  976 1046],11,146,46,95.0909090909091,69864.35973239862,37.69792769188887,0.0002811885048578289,36.20068356178279,4.4686162580508615,0.10092702109017752,24.694734235252035,3.020769187192999
1232,60,45,20,Median,40,[   0  204 1046],2,842,204,523.0,248112.87648708123,38.87043176131045,0.0737916010601902,71.83097191473897,2.704787708823722,0.0737916010601902,71.83097191473897,2.704787708823722
1233,60,45,20,Mode,40,[   0  124  681 1046],3,557,124,348.6666666666667,91052.15850787068,25.035208083455487,0.005718585934264796,30.231374504536475,7.937025154585558,0.030601399345320506,27.403961793490495,6.575051923987619
1234,60,45,20,Median,40,[   0  204  556  855 1046],4,352,191,261.5,99047.24284832906,25.618634237518865,0.023656091736568862,38.67021416027933,5.429868412762938,0.059520326381040635,33.084807937142465,4.862201370707264
1235,60,45,20,Mode,40,[   0  124  681  976 1046],4,557,70,261.5,75260.40291631012,25.990220073736097,-0.003966382112214675,24.026901630845302,6.437931002935967,0.03201493351044818,22.137593083083605,5.314869353921499
1236,60,45,20,Median,40,[   0  204  552  681  888 1046],5,348,129,209.2,193442.38796399973,43.57363024809239,0.023331189319259725,49.6147713040986,5.494422751993939,0.12154604177355362,65.12098891957312,2.7079861990347753
1237,60,45,20,Mode,40,[   0  124  556  681  976 1046],5,432,70,209.2,180316.29660259263,42.93179522074126,0.010983820999242501,46.714852955257996,4.4851129642525684,0.0982901468619928,58.76499299139969,2.709839082356098
1238,60,45,20,Median,40,[   0  204  552  681  842  976 1046],6,348,70,174.33333333333334,207460.08245577203,50.676663672417455,0.024808676339826117,52.35514153519142,4.709247533174789,0.1521872365262603,69.6903498201523,2.1118575469134067
1239,60,45,20,Mode,40,[   0  124  556  681  842  976 1046],6,432,70,174.33333333333334,216308.4249104992,52.53408227122977,0.014590798876504763,51.647515132923004,4.768781549798426,0.14986044120471648,71.31946695691283,2.0102449258962034
1240,60,45,20,Median,40,[   0  124  217  552  681  842  976 1046],7,335,70,149.42857142857142,166910.21357228447,47.42281047917377,0.01428169781667829,48.44190668368778,4.557371913848086,0.14158492336791603,56.29770425025634,2.264475765482361
1241,60,45,20,Mode,40,[   0  124  210  556  681  842  976 1046],7,346,70,149.42857142857142,170314.97878083258,48.34248359186151,0.01635742163377903,49.166048768242106,4.455850833756107,0.14782327640993279,57.71502695337665,2.2115594670478456
1242,60,45,20,Median,40,[   0  124  217  552  681  780  842  976 1046],8,335,62,130.75,135831.7530584034,47.440211330004004,0.011888483452324447,45.48907450985659,4.179139876042539,0.14503383630797928,47.17818343905411,2.2488986418530046
1243,60,45,20,Mode,40,[   0  124  210  556  681  776  842  976 1046],8,346,66,130.75,137574.2801548681,47.83966473300742,0.014305536167555493,45.92563602627371,4.118964241995476,0.14843598683583079,47.99824456026323,2.2234919145458862
1244,60,45,20,Median,40,[   0  124  217  486  555  681  780  842  976 1046],9,269,62,116.22222222222223,98703.7325939293,43.546224891618635,0.0053336082267472894,42.98333537022734,4.0589633718913785,0.1255937438726707,34.448489930386415,2.441491714945401
1245,60,45,20,Mode,40,[   0  124  210  486  556  681  776  842  976 1046],9,276,66,116.22222222222223,98630.72870355632,43.58049175331292,0.006320107380607448,43.003160420682256,4.0539051857978015,0.12630408384021788,34.451426305917444,2.4323652646770286
1246,60,45,20,Median,40,[   0  124  210  486  555  681  780  842  976 1046],9,276,62,116.22222222222223,99087.77986599792,43.83491601767824,0.0060354334514743395,43.103150812515324,4.011548565418517,0.12767369230585665,34.61907322986074,2.42034664617102
1247,60,45,20,Mode,40,[   0  124  210  486  556  681  776  842  976 1046],9,276,66,116.22222222222223,98630.72870355632,43.58049175331292,0.006320107380607448,43.003160420682256,4.0539051857978015,0.12630408384021788,34.451426305917444,2.4323652646770286
1248,60,45,20,Median,40,[   0  124  210  486  555  681  780  842  976 1046],9,276,62,116.22222222222223,99087.77986599792,43.83491601767824,0.0060354334514743395,43.103150812515324,4.011548565418517,0.12767369230585665,34.61907322986074,2.42034664617102
1249,60,45,20,Mode,40,[   0  124  210  486  556  681  776  842  976 1046],9,276,66,116.22222222222223,98630.72870355632,43.58049175331292,0.006320107380607448,43.003160420682256,4.0539051857978015,0.12630408384021788,34.451426305917444,2.4323652646770286
1250,60,45,20,Median,40,[   0  124  210  486  555  681  780  842  976 1046],9,276,62,116.22222222222223,99087.77986599792,43.83491601767824,0.0060354334514743395,43.103150812515324,4.011548565418517,0.12767369230585665,34.61907322986074,2.42034664617102
1251,60,45,20,Mode,40,[   0  124  210  486  556  681  776  842  976 1046],9,276,66,116.22222222222223,98630.72870355632,43.58049175331292,0.006320107380607448,43.003160420682256,4.0539051857978015,0.12630408384021788,34.451426305917444,2.4323652646770286
1252,60,45,20,Median,40,[   0  124  210  340  486  555  681  780  842  888  976 1046],11,146,46,95.0909090909091,70340.64238123175,37.89474224446552,-2.8910904986815893e-05,36.28269678296638,4.441247089889836,0.1019859503289283,24.85694740187232,3.008663258396045
1253,60,45,20,Mode,40,[   0  124  210  340  486  556  681  776  842  888  976 1046],11,146,46,95.0909090909091,69864.35973239862,37.69792769188887,0.0002811885048578289,36.20068356178279,4.4686162580508615,0.10092702109017752,24.694734235252035,3.020769187192999
1254,60,45,20,Median,40,[   0  124  209  340  486  555  681  780  842  888  976 1046],11,146,46,95.0909090909091,70249.18872232447,37.87591442138892,1.420616656938993e-05,36.21991356813221,4.4452813991383415,0.10192358641770796,24.82186216688452,3.0131009985694006
1255,60,45,20,Mode,40,[   0  124  210  340  486  556  681  776  842  888  976 1046],11,146,46,95.0909090909091,69864.35973239862,37.69792769188887,0.0002811885048578289,36.20068356178279,4.4686162580508615,0.10092702109017752,24.694734235252035,3.020769187192999
1256,60,45,20,Median,40,[   0  124  209  340  486  555  681  780  842  888  976 1046],11,146,46,95.0909090909091,70249.18872232447,37.87591442138892,1.420616656938993e-05,36.21991356813221,4.4452813991383415,0.10192358641770796,24.82186216688452,3.0131009985694006
1257,60,45,20,Mode,40,[   0  124  210  340  486  556  681  776  842  888  976 1046],11,146,46,95.0909090909091,69864.35973239862,37.69792769188887,0.0002811885048578289,36.20068356178279,4.4686162580508615,0.10092702109017752,24.694734235252035,3.020769187192999
1258,60,45,20,Median,40,[   0  124  210  340  486  556  681  780  842  888  976 1046],11,146,46,95.0909090909091,70657.3971077358,37.95696916467411,-2.320396166359091e-05,36.356399765742054,4.438716569042759,0.10237676457653892,24.986570389495697,3.0042394898114217
1259,60,45,20,Mode,40,[   0  124  210  340  486  556  681  776  842  888  976 1046],11,146,46,95.0909090909091,69864.35973239862,37.69792769188887,0.0002811885048578289,36.20068356178279,4.4686162580508615,0.10092702109017752,24.694734235252035,3.020769187192999
1260,60,50,10,Median,40,[   0  206 1046],2,840,206,523.0,248218.43075501217,38.735538856039796,0.07306466680138056,71.8636343726179,2.7141786841043487,0.07306466680138056,71.8636343726179,2.7141786841043487
1261,60,50,10,Mode,40,[   0  217 1046],2,829,217,523.0,252769.08190478027,38.337226046030345,0.07167349516109604,73.27359742654461,2.7441404978915678,0.07167349516109604,73.27359742654461,2.7441404978915678
1262,60,50,10,Median,40,[   0  206  556  855 1046],4,350,191,261.5,99145.31628484694,25.61422783334868,0.023708435622894552,38.69356481834588,5.4304661288007114,0.05930933920421123,33.11183446332496,4.860906693397622
1263,60,50,10,Mode,40,[   0  217  681  976 1046],4,464,70,261.5,94485.39587027032,25.402083432400076,0.023820502580116292,30.833668350172843,6.766791026439255,0.047752543989835035,28.833929509887728,5.650985416051946
1264,60,50,10,Median,40,[   0  206  552  681  888 1046],5,346,129,209.2,193505.16069558842,43.57206091202888,0.02349235957625921,49.63364988772796,5.4981508052209085,0.12144198422179121,65.11665835680267,2.70867300498339
1265,60,50,10,Mode,40,[   0  217  552  681  976 1046],5,335,70,209.2,169500.44427152714,40.59219421540569,0.02312898432541068,47.73202393300345,4.876706128375365,0.10145644333283413,56.898478359206806,2.8492425113667608
1266,60,50,10,Median,40,[   0  206  552  681  842  976 1046],6,346,70,174.33333333333334,207510.300641043,50.675408203566654,0.02494631759212896,52.371817312155564,4.7127255028727095,0.15210399048485038,69.68688536993595,2.1124069916722985
1267,60,50,10,Mode,40,[   0  217  552  681  842  976 1046],6,335,70,174.33333333333334,207572.24662541426,50.65901425683546,0.025623131001424337,52.5582592137557,4.751179844451746,0.15184945362169935,69.7187602629879,2.114174963805478
1268,60,50,10,Median,40,[   0   91  217  552  681  842  976 1046],7,335,70,149.42857142857142,168978.54207241203,46.98974428512711,0.003789752782270524,47.65958565404332,4.552040847772253,0.13646776512441902,56.72345438787993,2.288640283025576
1269,60,50,10,Mode,40,[   0   81  217  552  681  842  976 1046],7,335,70,149.42857142857142,170409.14600287346,47.14631334688829,0.0003896148494798161,47.606501993169125,4.53091906738379,0.13434737005163233,57.251895685167376,2.2642296711522603
1270,60,50,10,Median,40,[   0   91  217  552  681  795  842  976 1046],8,335,47,130.75,134412.52826302327,46.44151987201865,-0.004310958363687987,43.73309447015762,4.3273156326107705,0.13548841472950632,46.1168088281617,2.306441916019684
1271,60,50,10,Mode,40,[   0   81  217  552  681  795  842  976 1046],8,335,47,130.75,135638.76020341876,46.5757219249568,-0.0077991486994302955,43.686222805810644,4.313071819926726,0.13367093323854634,46.56975851155094,2.2855185344139852
1272,60,50,10,Median,40,[   0   91  210  262  552  681  795  842  976 1046],9,290,47,116.22222222222223,111445.29600494952,43.379354541573235,-0.016261402251044343,39.780357809384874,4.498280688943028,0.11313972294617079,38.22799110258581,2.5180720367155205
1273,60,50,10,Mode,40,[   0   81  217  552  681  795  842  976 1046],8,335,47,130.75,135638.76020341876,46.5757219249568,-0.0077991486994302955,43.686222805810644,4.313071819926726,0.13367093323854634,46.56975851155094,2.2855185344139852
1274,60,50,10,Median,40,[   0   91  210  262  486  552  681  795  842  976 1046],10,224,47,104.6,81757.43416911467,40.51912971415928,-0.01657570781244412,37.93348307678334,4.3172813757356305,0.10053550558950265,28.085767911749468,2.6128358761202435
1275,60,50,10,Mode,40,[   0   81  217  486  552  681  795  842  976 1046],9,269,47,116.22222222222223,97063.39854881089,42.60226665922289,-0.011072775536546741,40.90316184379757,4.218933229275221,0.11401058146278563,33.29667365161945,2.4821328330144983
1276,60,50,10,Median,40,[   0  124  210  262  486  552  681  795  842  976 1046],10,224,47,104.6,83233.9386676541,41.19449833906807,-0.010749819007133428,38.546080791798396,4.298716854193396,0.1074303801299486,28.832853162473175,2.5616388554726877
1277,60,50,10,Mode,40,[   0  124  217  486  552  681  795  842  976 1046],9,269,47,116.22222222222223,94222.12730964975,42.675340267521996,0.0006861624540068935,41.56908551912839,4.222403946541611,0.1192346232569372,32.48769721632837,2.494405810273203
1278,60,50,10,Median,40,[   0  124  210  262  486  552  681  795  842  888  976 1046],11,224,46,95.0909090909091,70782.10432231301,38.63341869252513,-0.013826889278683857,35.342030908181975,4.4790415592775705,0.09668858369583215,24.616302936544024,2.812244354304519
1279,60,50,10,Mode,40,[   0  124  217  486  552  681  795  842  976 1046],9,269,47,116.22222222222223,94222.12730964975,42.675340267521996,0.0006861624540068935,41.56908551912839,4.222403946541611,0.1192346232569372,32.48769721632837,2.494405810273203
1280,60,50,10,Median,40,[   0  124  217  262  486  552  681  795  842  888  976 1046],11,224,45,95.0909090909091,69636.20251420523,38.29569698368272,-0.013323924884252892,35.06584942437956,4.497850090597122,0.09434674811627361,24.146951626334168,2.8441454025354593
1281,60,50,10,Mode,40,[   0  124  217  486  552  681  795  842  976 1046],9,269,47,116.22222222222223,94222.12730964975,42.675340267521996,0.0006861624540068935,41.56908551912839,4.222403946541611,0.1192346232569372,32.48769721632837,2.494405810273203
1282,60,50,10,Median,40,[   0  124  217  262  486  552  681  795  842  888  976 1046],11,224,45,95.0909090909091,69636.20251420523,38.29569698368272,-0.013323924884252892,35.06584942437956,4.497850090597122,0.09434674811627361,24.146951626334168,2.8441454025354593
1283,60,50,10,Mode,40,[   0  124  217  486  552  681  795  842  976 1046],9,269,47,116.22222222222223,94222.12730964975,42.675340267521996,0.0006861624540068935,41.56908551912839,4.222403946541611,0.1192346232569372,32.48769721632837,2.494405810273203
1284,60,50,10,Median,40,[   0  124  217  288  486  552  681  795  842  888  976 1046],11,198,46,95.0909090909091,68950.43790257385,37.27907194125858,-0.00425691840056944,34.98244575787271,4.616850190454324,0.09639519763347551,23.896312542364694,3.01575570484757
1285,60,50,10,Mode,40,[   0  124  217  288  486  552  681  795  842  888  976 1046],11,198,46,95.0909090909091,68950.43790257385,37.27907194125858,-0.00425691840056944,34.98244575787271,4.616850190454324,0.09639519763347551,23.896312542364694,3.01575570484757
1286,60,50,10,Median,40,[   0  124  217  288  486  552  681  795  842  888  976 1046],11,198,46,95.0909090909091,68950.43790257385,37.27907194125858,-0.00425691840056944,34.98244575787271,4.616850190454324,0.09639519763347551,23.896312542364694,3.01575570484757
1287,60,50,10,Mode,40,[   0  124  217  288  486  552  681  795  842  888  976 1046],11,198,46,95.0909090909091,68950.43790257385,37.27907194125858,-0.00425691840056944,34.98244575787271,4.616850190454324,0.09639519763347551,23.896312542364694,3.01575570484757
1288,60,50,15,Median,40,[   0  206 1046],2,840,206,523.0,248218.43075501217,38.735538856039796,0.07306466680138056,71.8636343726179,2.7141786841043487,0.07306466680138056,71.8636343726179,2.7141786841043487
1289,60,50,15,Mode,40,[   0  124  681 1046],3,557,124,348.6666666666667,91052.15850787068,25.035208083455487,0.005718585934264796,30.231374504536475,7.937025154585558,0.030601399345320506,27.403961793490495,6.575051923987619
1290,60,50,15,Median,40,[   0  206  556  855 1046],4,350,191,261.5,99145.31628484694,25.61422783334868,0.023708435622894552,38.69356481834588,5.4304661288007114,0.05930933920421123,33.11183446332496,4.860906693397622
1291,60,50,15,Mode,40,[   0  124  681  976 1046],4,557,70,261.5,75260.40291631012,25.990220073736097,-0.003966382112214675,24.026901630845302,6.437931002935967,0.03201493351044818,22.137593083083605,5.314869353921499
1292,60,50,15,Median,40,[   0  206  552  681  888 1046],5,346,129,209.2,193505.16069558842,43.57206091202888,0.02349235957625921,49.63364988772796,5.4981508052209085,0.12144198422179121,65.11665835680267,2.70867300498339
1293,60,50,15,Mode,40,[   0  124  552  681  976 1046],5,428,70,209.2,177177.12931041166,42.32262984787439,0.010097506010971284,46.12444950178651,4.485263944585201,0.0950422493111315,57.64919439812759,2.7386683836294328
1294,60,50,15,Median,40,[   0  206  552  681  842  976 1046],6,346,70,174.33333333333334,207510.300641043,50.675408203566654,0.02494631759212896,52.371817312155564,4.7127255028727095,0.15210399048485038,69.68688536993595,2.1124069916722985
1295,60,50,15,Mode,40,[   0  124  552  681  842  976 1046],6,428,70,174.33333333333334,213713.59465652186,52.04336276281042,0.013753530009242577,51.11904724218743,4.810035025856434,0.1467180984043373,70.31933309412452,2.0257156616156156
1296,60,50,15,Median,40,[   0  108  217  552  681  842  976 1046],7,335,70,149.42857142857142,168543.2793919322,47.29221235329458,0.010509082561085044,48.22015573096999,4.550485877599024,0.1396066472819685,56.7868380887137,2.2693636444884624
1297,60,50,15,Mode,40,[   0  124  210  552  681  842  976 1046],7,342,70,149.42857142857142,167948.14858032714,47.90817886400429,0.015309549119911975,48.6566204412354,4.489427449773076,0.14490707669133862,56.770333501394056,2.2268701251145315
1298,60,50,15,Median,40,[   0  108  217  552  681  776  842  976 1046],8,335,66,130.75,136244.1820831911,46.949628259474125,0.008328407203972644,45.08285960746797,4.218766352288892,0.14129010193491878,47.21771994560943,2.2731359587045588
1299,60,50,15,Mode,40,[   0  124  210  552  681  776  842  976 1046],8,342,66,130.75,135734.06995895816,47.477599554368155,0.013248694495439545,45.47172518077296,4.151572896391036,0.14583332714295033,47.203573156478306,2.236712942098332
1300,60,50,15,Median,40,[   0  108  217  486  552  681  776  842  976 1046],9,269,66,116.22222222222223,97463.21451073198,42.85593032682666,0.002499032003360264,42.16400732162497,4.129289333909145,0.12056411111586945,33.80904065307051,2.4776955886296346
1301,60,50,15,Mode,40,[   0  124  210  486  552  681  776  842  976 1046],9,276,66,116.22222222222223,96540.52208078103,43.18254416589693,0.006488650371088601,42.46131346300283,4.082517311262986,0.1240540806823254,33.57630044655519,2.458492332794835
1302,60,50,15,Median,40,[   0  108  210  262  486  552  681  776  842  976 1046],10,224,52,104.6,84522.9257428479,41.09277812488027,-0.009164468606217117,39.05590249763407,4.242843296603079,0.10683127172349563,29.418036668327815,2.5696317128813773
1303,60,50,15,Mode,40,[   0  124  210  486  552  681  776  842  976 1046],9,276,66,116.22222222222223,96540.52208078103,43.18254416589693,0.006488650371088601,42.46131346300283,4.082517311262986,0.1240540806823254,33.57630044655519,2.458492332794835
1304,60,50,15,Median,40,[   0  124  210  262  486  552  681  776  842  976 1046],10,224,52,104.6,84948.73342588228,41.388048372755115,-0.0070966729202555975,39.24764820459796,4.223901537936938,0.10985021540690304,29.64686156437668,2.5485853143634434
1305,60,50,15,Mode,40,[   0  124  210  486  552  681  776  842  976 1046],9,276,66,116.22222222222223,96540.52208078103,43.18254416589693,0.006488650371088601,42.46131346300283,4.082517311262986,0.1240540806823254,33.57630044655519,2.458492332794835
1306,60,50,15,Median,40,[   0  124  210  262  486  552  681  776  842  888  976 1046],11,224,46,95.0909090909091,69345.3074909597,38.837724834263234,-0.010210259493943902,35.97910838776482,4.411027635408065,0.09775212230401122,24.432101444544507,2.794323811909893
1307,60,50,15,Mode,40,[   0  124  210  486  552  681  776  842  976 1046],9,276,66,116.22222222222223,96540.52208078103,43.18254416589693,0.006488650371088601,42.46131346300283,4.082517311262986,0.1240540806823254,33.57630044655519,2.458492332794835
1308,60,50,15,Median,40,[   0  124  210  288  486  552  681  776  842  888  976 1046],11,198,46,95.0909090909091,68442.51152056303,37.84436647187929,-0.0003835705576899095,35.84176439821167,4.525206201751813,0.0993285175228581,24.082450980189964,2.9515736014560217
1309,60,50,15,Mode,40,[   0  124  210  288  486  552  681  776  842  888  976 1046],11,198,46,95.0909090909091,68442.51152056303,37.84436647187929,-0.0003835705576899095,35.84176439821167,4.525206201751813,0.0993285175228581,24.082450980189964,2.9515736014560217
1310,60,50,15,Median,40,[   0  124  210  288  486  552  681  776  842  888  976 1046],11,198,46,95.0909090909091,68442.51152056303,37.84436647187929,-0.0003835705576899095,35.84176439821167,4.525206201751813,0.0993285175228581,24.082450980189964,2.9515736014560217
1311,60,50,15,Mode,40,[   0  124  210  288  486  552  681  776  842  888  976 1046],11,198,46,95.0909090909091,68442.51152056303,37.84436647187929,-0.0003835705576899095,35.84176439821167,4.525206201751813,0.0993285175228581,24.082450980189964,2.9515736014560217
1312,60,50,15,Median,40,[   0  124  210  288  486  552  681  776  842  888  976 1046],11,198,46,95.0909090909091,68442.51152056303,37.84436647187929,-0.0003835705576899095,35.84176439821167,4.525206201751813,0.0993285175228581,24.082450980189964,2.9515736014560217
1313,60,50,15,Mode,40,[   0  124  210  288  486  552  681  776  842  888  976 1046],11,198,46,95.0909090909091,68442.51152056303,37.84436647187929,-0.0003835705576899095,35.84176439821167,4.525206201751813,0.0993285175228581,24.082450980189964,2.9515736014560217
1314,60,50,15,Median,40,[   0  124  210  288  486  552  681  777  842  888  976 1046],11,198,46,95.0909090909091,68493.86637041476,37.83710627766142,-0.0008528310361892042,35.808411902467114,4.520157997900881,0.09924139401992867,24.071761044634734,2.9520296602914593
1315,60,50,15,Mode,40,[   0  124  210  288  486  552  681  776  842  888  976 1046],11,198,46,95.0909090909091,68442.51152056303,37.84436647187929,-0.0003835705576899095,35.84176439821167,4.525206201751813,0.0993285175228581,24.082450980189964,2.9515736014560217
1316,60,50,20,Median,40,[   0  204 1046],2,842,204,523.0,248112.87648708123,38.87043176131045,0.0737916010601902,71.83097191473897,2.704787708823722,0.0737916010601902,71.83097191473897,2.704787708823722
1317,60,50,20,Mode,40,[   0  124  681 1046],3,557,124,348.6666666666667,91052.15850787068,25.035208083455487,0.005718585934264796,30.231374504536475,7.937025154585558,0.030601399345320506,27.403961793490495,6.575051923987619
1318,60,50,20,Median,40,[   0  204  556  855 1046],4,352,191,261.5,99047.24284832906,25.618634237518865,0.023656091736568862,38.67021416027933,5.429868412762938,0.059520326381040635,33.084807937142465,4.862201370707264
1319,60,50,20,Mode,40,[   0  124  681  976 1046],4,557,70,261.5,75260.40291631012,25.990220073736097,-0.003966382112214675,24.026901630845302,6.437931002935967,0.03201493351044818,22.137593083083605,5.314869353921499
1320,60,50,20,Median,40,[   0  204  552  682  888 1046],5,348,130,209.2,194137.32006299234,43.6178894693873,0.02325714732760547,49.750260581631906,5.494819184356452,0.12171076001465819,65.36805480294235,2.699300642108978
1321,60,50,20,Mode,40,[   0  124  556  681  976 1046],5,432,70,209.2,180316.29660259263,42.93179522074126,0.010983820999242501,46.714852955257996,4.4851129642525684,0.0982901468619928,58.76499299139969,2.709839082356098
1322,60,50,20,Median,40,[   0  204  552  681  842  976 1046],6,348,70,174.33333333333334,207460.08245577203,50.676663672417455,0.024808676339826117,52.35514153519142,4.709247533174789,0.1521872365262603,69.6903498201523,2.1118575469134067
1323,60,50,20,Mode,40,[   0  124  556  681  842  976 1046],6,432,70,174.33333333333334,216308.4249104992,52.53408227122977,0.014590798876504763,51.647515132923004,4.768781549798426,0.14986044120471648,71.31946695691283,2.0102449258962034
1324,60,50,20,Median,40,[   0  124  210  552  681  842  976 1046],7,342,70,149.42857142857142,167948.14858032714,47.90817886400429,0.015309549119911975,48.6566204412354,4.489427449773076,0.14490707669133862,56.770333501394056,2.2268701251145315
1325,60,50,20,Mode,40,[   0  124  210  556  681  842  976 1046],7,346,70,149.42857142857142,170314.97878083258,48.34248359186151,0.01635742163377903,49.166048768242106,4.455850833756107,0.14782327640993279,57.71502695337665,2.2115594670478456
1326,60,50,20,Median,40,[   0  124  210  552  681  779  842  976 1046],8,342,63,130.75,136653.26230342017,47.80960626166185,0.012511437617057173,45.67620863829263,4.122020240005865,0.14744700970428187,47.54923244174006,2.2177949839446303
1327,60,50,20,Mode,40,[   0  124  210  556  681  776  842  976 1046],8,346,66,130.75,137574.2801548681,47.83966473300742,0.014305536167555493,45.92563602627371,4.118964241995476,0.14843598683583079,47.99824456026323,2.2234919145458862
1328,60,50,20,Median,40,[   0  124  210  486  554  681  779  842  976 1046],9,276,63,116.22222222222223,98601.14733494756,43.71230998222122,0.0057644440834692156,43.01104857308048,4.023505874612402,0.12685855919680245,34.41810064761374,2.427627732398035
1329,60,50,20,Mode,40,[   0  124  210  486  556  681  776  842  976 1046],9,276,66,116.22222222222223,98630.72870355632,43.58049175331292,0.006320107380607448,43.003160420682256,4.0539051857978015,0.12630408384021788,34.451426305917444,2.4323652646770286
1330,60,50,20,Median,40,[   0  124  210  262  486  554  681  779  842  976 1046],10,224,52,104.6,86771.67228972758,41.855456536244475,-0.007302628063449007,39.74573941969365,4.154710070989305,0.11235698179637327,30.393908401035656,2.5212248948675473
1331,60,50,20,Mode,40,[   0  124  210  486  556  681  776  842  976 1046],9,276,66,116.22222222222223,98630.72870355632,43.58049175331292,0.006320107380607448,43.003160420682256,4.0539051857978015,0.12630408384021788,34.451426305917444,2.4323652646770286
1332,60,50,20,Median,40,[   0  124  210  262  486  554  681  779  842  976 1046],10,224,52,104.6,86771.67228972758,41.855456536244475,-0.007302628063449007,39.74573941969365,4.154710070989305,0.11235698179637327,30.393908401035656,2.5212248948675473
1333,60,50,20,Mode,40,[   0  124  210  486  556  681  776  842  976 1046],9,276,66,116.22222222222223,98630.72870355632,43.58049175331292,0.006320107380607448,43.003160420682256,4.0539051857978015,0.12630408384021788,34.451426305917444,2.4323652646770286
1334,60,50,20,Median,40,[   0  124  210  262  486  554  681  779  842  888  976 1046],11,224,46,95.0909090909091,70990.07851101918,39.25296029571113,-0.010334172908706165,36.43143122504906,4.347080400275275,0.10015237797898899,25.094375856007826,2.767317699400352
1335,60,50,20,Mode,40,[   0  124  210  486  556  681  776  842  976 1046],9,276,66,116.22222222222223,98630.72870355632,43.58049175331292,0.006320107380607448,43.003160420682256,4.0539051857978015,0.12630408384021788,34.451426305917444,2.4323652646770286
1336,60,50,20,Median,40,[   0  124  210  288  486  554  681  779  842  888  976 1046],11,198,46,95.0909090909091,70078.09468488616,38.25903289436052,-0.0006584247030234516,36.293195434985435,4.470535539462518,0.10173086382715575,24.74146701168594,2.9247388876920817
1337,60,50,20,Mode,40,[   0  124  210  283  486  556  681  776  842  888  976 1046],11,203,46,95.0909090909091,70793.97983088487,38.526465866114904,-0.0021227288538073277,36.47759315982775,4.479942413490646,0.10117936377160434,25.06001240699061,2.865091516013861
1338,60,50,20,Median,40,[   0  124  210  288  486  554  681  779  842  888  976 1046],11,198,46,95.0909090909091,70078.09468488616,38.25903289436052,-0.0006584247030234516,36.293195434985435,4.470535539462518,0.10173086382715575,24.74146701168594,2.9247388876920817
1339,60,50,20,Mode,40,[   0  124  210  283  486  556  681  776  842  888  976 1046],11,203,46,95.0909090909091,70793.97983088487,38.526465866114904,-0.0021227288538073277,36.47759315982775,4.479942413490646,0.10117936377160434,25.06001240699061,2.865091516013861
1340,60,50,20,Median,40,[   0  124  210  288  486  554  681  779  842  888  976 1046],11,198,46,95.0909090909091,70078.09468488616,38.25903289436052,-0.0006584247030234516,36.293195434985435,4.470535539462518,0.10173086382715575,24.74146701168594,2.9247388876920817
1341,60,50,20,Mode,40,[   0  124  210  283  486  556  681  776  842  888  976 1046],11,203,46,95.0909090909091,70793.97983088487,38.526465866114904,-0.0021227288538073277,36.47759315982775,4.479942413490646,0.10117936377160434,25.06001240699061,2.865091516013861
1342,60,50,20,Median,40,[   0  124  210  288  486  554  681  779  842  888  976 1046],11,198,46,95.0909090909091,70078.09468488616,38.25903289436052,-0.0006584247030234516,36.293195434985435,4.470535539462518,0.10173086382715575,24.74146701168594,2.9247388876920817
1343,60,50,20,Mode,40,[   0  124  210  283  486  556  681  776  842  888  976 1046],11,203,46,95.0909090909091,70793.97983088487,38.526465866114904,-0.0021227288538073277,36.47759315982775,4.479942413490646,0.10117936377160434,25.06001240699061,2.865091516013861
