,N_clusters,K_neighb,Len_min,St_edges,Silh,Cal-Har,Dav-Bold
0,2,20,0,[   0  681  822 1180],0.12148742837175146,155.24995140426023,2.549542106794565
1,2,20,20,[   0  681  822 1180],0.12148742837175146,155.24995140426023,2.549542106794565
2,2,20,40,[   0  681  822 1180],0.12148742837175146,155.24995140426023,2.549542106794565
3,2,20,60,[   0  681  822 1180],0.12148742837175146,155.24995140426023,2.549542106794565
4,2,21,0,[   0  681  822 1180],0.12179881613523108,154.70077461838892,2.552349953079304
5,2,21,20,[   0  681  822 1180],0.12179881613523108,154.70077461838892,2.552349953079304
6,2,21,40,[   0  681  822 1180],0.12179881613523108,154.70077461838892,2.552349953079304
7,2,21,60,[   0  681  822 1180],0.12179881613523108,154.70077461838892,2.552349953079304
8,2,22,0,[   0  678  689 1180],0.10646426143027561,144.49429436172846,2.6730704877086735
9,2,22,20,[   0  689 1180],0.10646426143027561,144.49429436172846,2.6730704877086735
10,2,22,40,[   0  689 1180],0.10646426143027561,144.49429436172846,2.6730704877086735
11,2,22,60,[   0  689 1180],0.10646426143027561,144.49429436172846,2.6730704877086735
12,2,23,0,[   0  681  822 1180],0.11928838920278804,153.52382592227002,2.5668016135624905
13,2,23,20,[   0  681  822 1180],0.11928838920278804,153.52382592227002,2.5668016135624905
14,2,23,40,[   0  681  822 1180],0.11928838920278804,153.52382592227002,2.5668016135624905
15,2,23,60,[   0  681  822 1180],0.11928838920278804,153.52382592227002,2.5668016135624905
16,2,24,0,[   0  618  822 1180],0.12266116445289194,157.39225744854105,2.5467929475782194
17,2,24,20,[   0  618  822 1180],0.12266116445289194,157.39225744854105,2.5467929475782194
18,2,24,40,[   0  618  822 1180],0.12266116445289194,157.39225744854105,2.5467929475782194
19,2,24,60,[   0  618  822 1180],0.12266116445289194,157.39225744854105,2.5467929475782194
20,2,25,0,[   0  618  822 1180],0.11736097921452669,154.59276298067368,2.5762936434505477
21,2,25,20,[   0  618  822 1180],0.11736097921452669,154.59276298067368,2.5762936434505477
22,2,25,40,[   0  618  822 1180],0.11736097921452669,154.59276298067368,2.5762936434505477
23,2,25,60,[   0  618  822 1180],0.11736097921452669,154.59276298067368,2.5762936434505477
24,2,26,0,[   0  210  745 1180],0.09236418518688255,119.4738727118221,2.436641618181437
25,2,26,20,[   0  210  745 1180],0.09236418518688255,119.4738727118221,2.436641618181437
26,2,26,40,[   0  210  745 1180],0.09236418518688255,119.4738727118221,2.436641618181437
27,2,26,60,[   0  210  745 1180],0.09236418518688255,119.4738727118221,2.436641618181437
28,2,27,0,[   0  822 1180],0.10730171022091993,188.1406914301074,2.2133469985488614
29,2,27,20,[   0  822 1180],0.10730171022091993,188.1406914301074,2.2133469985488614
30,2,27,40,[   0  822 1180],0.10730171022091993,188.1406914301074,2.2133469985488614
31,2,27,60,[   0  822 1180],0.10730171022091993,188.1406914301074,2.2133469985488614
32,2,28,0,[   0  618  822 1180],0.11860768811553044,154.32607771758748,2.576227566522472
33,2,28,20,[   0  618  822 1180],0.11860768811553044,154.32607771758748,2.576227566522472
34,2,28,40,[   0  618  822 1180],0.11860768811553044,154.32607771758748,2.576227566522472
35,2,28,60,[   0  618  822 1180],0.11860768811553044,154.32607771758748,2.576227566522472
36,2,29,0,[   0  270  745 1180],0.10199744324884252,118.20002438467014,2.2760342685026025
37,2,29,20,[   0  270  745 1180],0.10199744324884252,118.20002438467014,2.2760342685026025
38,2,29,40,[   0  270  745 1180],0.10199744324884252,118.20002438467014,2.2760342685026025
39,2,29,60,[   0  270  745 1180],0.10199744324884252,118.20002438467014,2.2760342685026025
40,2,30,0,[   0  664  822 1180],0.11910805925211432,153.08241401727906,2.5717798032197168
41,2,30,20,[   0  664  822 1180],0.11910805925211432,153.08241401727906,2.5717798032197168
42,2,30,40,[   0  664  822 1180],0.11910805925211432,153.08241401727906,2.5717798032197168
43,2,30,60,[   0  664  822 1180],0.11910805925211432,153.08241401727906,2.5717798032197168
44,2,31,0,[   0  677  949 1180],0.29249102544132655,120.48828516230711,1.4441382781296757
45,2,31,20,[   0  677  949 1180],0.29249102544132655,120.48828516230711,1.4441382781296757
46,2,31,40,[   0  677  949 1180],0.29249102544132655,120.48828516230711,1.4441382781296757
47,2,31,60,[   0  677  949 1180],0.29249102544132655,120.48828516230711,1.4441382781296757
48,2,32,0,[   0  635 1180],0.14707248442739573,140.6488450583295,2.243411109730413
49,2,32,20,[   0  635 1180],0.14707248442739573,140.6488450583295,2.243411109730413
50,2,32,40,[   0  635 1180],0.14707248442739573,140.6488450583295,2.243411109730413
51,2,32,60,[   0  635 1180],0.14707248442739573,140.6488450583295,2.243411109730413
52,2,33,0,[   0  677 1180],0.2812429641196942,175.8130478501478,1.562323051405739
53,2,33,20,[   0  677 1180],0.2812429641196942,175.8130478501478,1.562323051405739
54,2,33,40,[   0  677 1180],0.2812429641196942,175.8130478501478,1.562323051405739
55,2,33,60,[   0  677 1180],0.2812429641196942,175.8130478501478,1.562323051405739
56,2,34,0,[   0  677  949 1180],0.2830565034969093,124.80923223144242,1.4685350862029876
57,2,34,20,[   0  677  949 1180],0.2830565034969093,124.80923223144242,1.4685350862029876
58,2,34,40,[   0  677  949 1180],0.2830565034969093,124.80923223144242,1.4685350862029876
59,2,34,60,[   0  677  949 1180],0.2830565034969093,124.80923223144242,1.4685350862029876
60,2,35,0,[   0  606  822 1180],0.10874573157953449,147.40340837309384,2.6500782578710487
61,2,35,20,[   0  606  822 1180],0.10874573157953449,147.40340837309384,2.6500782578710487
62,2,35,40,[   0  606  822 1180],0.10874573157953449,147.40340837309384,2.6500782578710487
63,2,35,60,[   0  606  822 1180],0.10874573157953449,147.40340837309384,2.6500782578710487
64,2,36,0,[   0  606  822 1180],0.10986993873647348,146.07971343591694,2.642405786055291
65,2,36,20,[   0  606  822 1180],0.10986993873647348,146.07971343591694,2.642405786055291
66,2,36,40,[   0  606  822 1180],0.10986993873647348,146.07971343591694,2.642405786055291
67,2,36,60,[   0  606  822 1180],0.10986993873647348,146.07971343591694,2.642405786055291
68,2,37,0,[   0  615 1180],0.25161872203655006,182.4005027255836,1.6706077108914361
69,2,37,20,[   0  615 1180],0.25161872203655006,182.4005027255836,1.6706077108914361
70,2,37,40,[   0  615 1180],0.25161872203655006,182.4005027255836,1.6706077108914361
71,2,37,60,[   0  615 1180],0.25161872203655006,182.4005027255836,1.6706077108914361
72,2,38,0,[   0  615 1180],0.24427051707867428,184.7930265284962,1.6903906061827358
73,2,38,20,[   0  615 1180],0.24427051707867428,184.7930265284962,1.6903906061827358
74,2,38,40,[   0  615 1180],0.24427051707867428,184.7930265284962,1.6903906061827358
75,2,38,60,[   0  615 1180],0.24427051707867428,184.7930265284962,1.6903906061827358
76,2,39,0,[   0  618 1180],0.24416808107390156,182.51645542975092,1.6777351314662943
77,2,39,20,[   0  618 1180],0.24416808107390156,182.51645542975092,1.6777351314662943
78,2,39,40,[   0  618 1180],0.24416808107390156,182.51645542975092,1.6777351314662943
79,2,39,60,[   0  618 1180],0.24416808107390156,182.51645542975092,1.6777351314662943
80,2,40,0,[   0  615 1180],0.24664811233302583,184.40894568995108,1.6788975090732539
81,2,40,20,[   0  615 1180],0.24664811233302583,184.40894568995108,1.6788975090732539
82,2,40,40,[   0  615 1180],0.24664811233302583,184.40894568995108,1.6788975090732539
83,2,40,60,[   0  615 1180],0.24664811233302583,184.40894568995108,1.6788975090732539
84,2,41,0,[   0  615  822 1180],0.11783996740012803,152.5863614128813,2.590226963360335
85,2,41,20,[   0  615  822 1180],0.11783996740012803,152.5863614128813,2.590226963360335
86,2,41,40,[   0  615  822 1180],0.11783996740012803,152.5863614128813,2.590226963360335
87,2,41,60,[   0  615  822 1180],0.11783996740012803,152.5863614128813,2.590226963360335
88,2,42,0,[   0  618 1180],0.1996087986045611,210.95187503865904,1.9224860447645642
89,2,42,20,[   0  618 1180],0.1996087986045611,210.95187503865904,1.9224860447645642
90,2,42,40,[   0  618 1180],0.1996087986045611,210.95187503865904,1.9224860447645642
91,2,42,60,[   0  618 1180],0.1996087986045611,210.95187503865904,1.9224860447645642
92,2,43,0,[   0  843 1180],0.07611020157151206,153.82182997061366,2.2621182135471702
93,2,43,20,[   0  843 1180],0.07611020157151206,153.82182997061366,2.2621182135471702
94,2,43,40,[   0  843 1180],0.07611020157151206,153.82182997061366,2.2621182135471702
95,2,43,60,[   0  843 1180],0.07611020157151206,153.82182997061366,2.2621182135471702
96,2,44,0,[   0   17 1180],0.12533397808645005,171.62249828493657,2.464378403342018
97,2,44,20,[   0   17 1180],0.12533397808645005,171.62249828493657,2.464378403342018
98,2,44,40,[   0   17 1180],0.12533397808645005,171.62249828493657,2.464378403342018
99,2,44,60,[   0   17 1180],0.12533397808645005,171.62249828493657,2.464378403342018
100,2,45,0,[   0  618  822 1180],0.11501401575641822,152.54061458776238,2.5948094960103734
101,2,45,20,[   0  618  822 1180],0.11501401575641822,152.54061458776238,2.5948094960103734
102,2,45,40,[   0  618  822 1180],0.11501401575641822,152.54061458776238,2.5948094960103734
103,2,45,60,[   0  618  822 1180],0.11501401575641822,152.54061458776238,2.5948094960103734
104,2,46,0,[   0  615 1180],0.17198347733372032,208.2806680705729,2.0318140343370668
105,2,46,20,[   0  615 1180],0.17198347733372032,208.2806680705729,2.0318140343370668
106,2,46,40,[   0  615 1180],0.17198347733372032,208.2806680705729,2.0318140343370668
107,2,46,60,[   0  615 1180],0.17198347733372032,208.2806680705729,2.0318140343370668
108,2,47,0,[   0  615 1180],0.197675270180347,203.8818862340775,1.9701324504009383
109,2,47,20,[   0  615 1180],0.197675270180347,203.8818862340775,1.9701324504009383
110,2,47,40,[   0  615 1180],0.197675270180347,203.8818862340775,1.9701324504009383
111,2,47,60,[   0  615 1180],0.197675270180347,203.8818862340775,1.9701324504009383
112,2,48,0,[   0   17 1180],0.12396554895645266,209.4161132839044,2.188342208551141
113,2,48,20,[   0   17 1180],0.12396554895645266,209.4161132839044,2.188342208551141
114,2,48,40,[   0   17 1180],0.12396554895645266,209.4161132839044,2.188342208551141
115,2,48,60,[   0   17 1180],0.12396554895645266,209.4161132839044,2.188342208551141
116,2,49,0,[   0  567 1180],0.1350718650562057,183.51056301440457,2.300878163231564
117,2,49,20,[   0  567 1180],0.1350718650562057,183.51056301440457,2.300878163231564
118,2,49,40,[   0  567 1180],0.1350718650562057,183.51056301440457,2.300878163231564
119,2,49,60,[   0  567 1180],0.1350718650562057,183.51056301440457,2.300878163231564
120,2,50,0,[   0  618 1180],0.15197186349922293,196.79247113304177,2.175180810405129
121,2,50,20,[   0  618 1180],0.15197186349922293,196.79247113304177,2.175180810405129
122,2,50,40,[   0  618 1180],0.15197186349922293,196.79247113304177,2.175180810405129
123,2,50,60,[   0  618 1180],0.15197186349922293,196.79247113304177,2.175180810405129
124,3,20,0,[   0  681  822  949 1180],0.04282373823239638,127.06166803782475,2.534885028849828
125,3,20,20,[   0  681  822  949 1180],0.04282373823239638,127.06166803782475,2.534885028849828
126,3,20,40,[   0  681  822  949 1180],0.04282373823239638,127.06166803782475,2.534885028849828
127,3,20,60,[   0  681  822  949 1180],0.04282373823239638,127.06166803782475,2.534885028849828
128,3,21,0,[   0  270  681  822 1180],0.06697915743250016,124.90562865787953,2.5217510386913182
129,3,21,20,[   0  270  681  822 1180],0.06697915743250016,124.90562865787953,2.5217510386913182
130,3,21,40,[   0  270  681  822 1180],0.06697915743250016,124.90562865787953,2.5217510386913182
131,3,21,60,[   0  270  681  822 1180],0.06697915743250016,124.90562865787953,2.5217510386913182
132,3,22,0,[   0  689  949 1180],0.08447089962277711,116.35651783469883,2.456894099557309
133,3,22,20,[   0  689  949 1180],0.08447089962277711,116.35651783469883,2.456894099557309
134,3,22,40,[   0  689  949 1180],0.08447089962277711,116.35651783469883,2.456894099557309
135,3,22,60,[   0  689  949 1180],0.08447089962277711,116.35651783469883,2.456894099557309
136,3,23,0,[   0   17  681  822 1180],0.05844307319421431,134.45034556352422,2.531354854031365
137,3,23,20,[   0  681  822 1180],0.05844307319421431,134.45034556352422,2.531354854031365
138,3,23,40,[   0  681  822 1180],0.05844307319421431,134.45034556352422,2.531354854031365
139,3,23,60,[   0  681  822 1180],0.05844307319421431,134.45034556352422,2.531354854031365
140,3,24,0,[   0   17  618  683  822 1180],0.05666092398159306,133.67109192438036,2.5586204310865774
141,3,24,20,[   0  618  683  822 1180],0.05666092398159306,133.67109192438036,2.5586204310865774
142,3,24,40,[   0  618  683  822 1180],0.05666092398159306,133.67109192438036,2.5586204310865774
143,3,24,60,[   0  618  683  822 1180],0.05666092398159306,133.67109192438036,2.5586204310865774
144,3,25,0,[   0   17  618  683  822 1180],0.05556669025124054,132.279704043306,2.559527212412171
145,3,25,20,[   0  618  683  822 1180],0.05556669025124054,132.279704043306,2.559527212412171
146,3,25,40,[   0  618  683  822 1180],0.05556669025124054,132.279704043306,2.559527212412171
147,3,25,60,[   0  618  683  822 1180],0.05556669025124054,132.279704043306,2.559527212412171
148,3,26,0,[   0  210  745  949 1180],0.09437544073768758,123.2347429090848,2.0813346456837967
149,3,26,20,[   0  210  745  949 1180],0.09437544073768758,123.2347429090848,2.0813346456837967
150,3,26,40,[   0  210  745  949 1180],0.09437544073768758,123.2347429090848,2.0813346456837967
151,3,26,60,[   0  210  745  949 1180],0.09437544073768758,123.2347429090848,2.0813346456837967
152,3,27,0,[   0   17  649  822  949 1180],0.08760896019454485,147.3760699782072,2.605812844014709
153,3,27,20,[   0  649  822  949 1180],0.08760896019454485,147.3760699782072,2.605812844014709
154,3,27,40,[   0  649  822  949 1180],0.08760896019454485,147.3760699782072,2.605812844014709
155,3,27,60,[   0  649  822  949 1180],0.08760896019454485,147.3760699782072,2.605812844014709
156,3,28,0,[   0  618  822  913 1180],0.05533285641347428,130.81682839339362,2.3013827429164677
157,3,28,20,[   0  618  822  913 1180],0.05533285641347428,130.81682839339362,2.3013827429164677
158,3,28,40,[   0  618  822  913 1180],0.05533285641347428,130.81682839339362,2.3013827429164677
159,3,28,60,[   0  618  822  913 1180],0.05533285641347428,130.81682839339362,2.3013827429164677
160,3,29,0,[   0  270  745  949 1180],0.10490309228908032,126.16688718751212,1.9551012854624397
161,3,29,20,[   0  270  745  949 1180],0.10490309228908032,126.16688718751212,1.9551012854624397
162,3,29,40,[   0  270  745  949 1180],0.10490309228908032,126.16688718751212,1.9551012854624397
163,3,29,60,[   0  270  745  949 1180],0.10490309228908032,126.16688718751212,1.9551012854624397
164,3,30,0,[   0  677  822  949 1180],0.09670447183205626,127.56179147611562,2.352704206566904
165,3,30,20,[   0  677  822  949 1180],0.09670447183205626,127.56179147611562,2.352704206566904
166,3,30,40,[   0  677  822  949 1180],0.09670447183205626,127.56179147611562,2.352704206566904
167,3,30,60,[   0  677  822  949 1180],0.09670447183205626,127.56179147611562,2.352704206566904
168,3,31,0,[   0  268  677  765  949 1180],0.09572272220915912,130.04956196864046,2.0419437414482826
169,3,31,20,[   0  268  677  765  949 1180],0.09572272220915912,130.04956196864046,2.0419437414482826
170,3,31,40,[   0  268  677  765  949 1180],0.09572272220915912,130.04956196864046,2.0419437414482826
171,3,31,60,[   0  268  677  765  949 1180],0.09572272220915912,130.04956196864046,2.0419437414482826
172,3,32,0,[   0  200  683 1180],0.08131622896793869,139.07547004670258,2.2349754368297616
173,3,32,20,[   0  200  683 1180],0.08131622896793869,139.07547004670258,2.2349754368297616
174,3,32,40,[   0  200  683 1180],0.08131622896793869,139.07547004670258,2.2349754368297616
175,3,32,60,[   0  200  683 1180],0.08131622896793869,139.07547004670258,2.2349754368297616
176,3,33,0,[   0  197  677  744 1180],0.09171174648987605,155.23750719972057,2.20268086830259
177,3,33,20,[   0  197  677  744 1180],0.09171174648987605,155.23750719972057,2.20268086830259
178,3,33,40,[   0  197  677  744 1180],0.09171174648987605,155.23750719972057,2.20268086830259
179,3,33,60,[   0  197  677  744 1180],0.09171174648987605,155.23750719972057,2.20268086830259
180,3,34,0,[   0  200  677  729  949 1180],0.09242035885321867,132.21290014928616,2.0520357290075344
181,3,34,20,[   0  200  677  729  949 1180],0.09242035885321867,132.21290014928616,2.0520357290075344
182,3,34,40,[   0  200  677  729  949 1180],0.09242035885321867,132.21290014928616,2.0520357290075344
183,3,34,60,[   0  200  677  949 1180],0.09242035885321867,132.21290014928616,2.0520357290075344
184,3,35,0,[   0  618  822  949 1180],0.08975226506057757,126.13167501669399,2.4297704702365066
185,3,35,20,[   0  618  822  949 1180],0.08975226506057757,126.13167501669399,2.4297704702365066
186,3,35,40,[   0  618  822  949 1180],0.08975226506057757,126.13167501669399,2.4297704702365066
187,3,35,60,[   0  618  822  949 1180],0.08975226506057757,126.13167501669399,2.4297704702365066
188,3,36,0,[   0  679  822  949 1180],0.08968937708106321,124.2286649957269,2.3864474042400223
189,3,36,20,[   0  679  822  949 1180],0.08968937708106321,124.2286649957269,2.3864474042400223
190,3,36,40,[   0  679  822  949 1180],0.08968937708106321,124.2286649957269,2.3864474042400223
191,3,36,60,[   0  679  822  949 1180],0.08968937708106321,124.2286649957269,2.3864474042400223
192,3,37,0,[   0   64  615  829 1180],0.09378022184842524,152.91866189599946,2.4820642285542305
193,3,37,20,[   0   64  615  829 1180],0.09378022184842524,152.91866189599946,2.4820642285542305
194,3,37,40,[   0   64  615  829 1180],0.09378022184842524,152.91866189599946,2.4820642285542305
195,3,37,60,[   0   64  615  829 1180],0.09378022184842524,152.91866189599946,2.4820642285542305
196,3,38,0,[   0  615  822 1180],0.09471179971838259,149.94621690495376,2.2542115635332896
197,3,38,20,[   0  615  822 1180],0.09471179971838259,149.94621690495376,2.2542115635332896
198,3,38,40,[   0  615  822 1180],0.09471179971838259,149.94621690495376,2.2542115635332896
199,3,38,60,[   0  615  822 1180],0.09471179971838259,149.94621690495376,2.2542115635332896
200,3,39,0,[   0   17  618  795 1180],0.1036687492474377,157.9546602003075,2.400275527784968
201,3,39,20,[   0  618  795 1180],0.1036687492474377,157.9546602003075,2.400275527784968
202,3,39,40,[   0  618  795 1180],0.1036687492474377,157.9546602003075,2.400275527784968
203,3,39,60,[   0  618  795 1180],0.1036687492474377,157.9546602003075,2.400275527784968
204,3,40,0,[   0  209  615  795 1180],0.10647819314421117,165.80790042113813,2.0116970426943297
205,3,40,20,[   0  209  615  795 1180],0.10647819314421117,165.80790042113813,2.0116970426943297
206,3,40,40,[   0  209  615  795 1180],0.10647819314421117,165.80790042113813,2.0116970426943297
207,3,40,60,[   0  209  615  795 1180],0.10647819314421117,165.80790042113813,2.0116970426943297
208,3,41,0,[   0  648  822  949 1180],0.09666920275872512,130.8665765460996,2.3714351580004114
209,3,41,20,[   0  648  822  949 1180],0.09666920275872512,130.8665765460996,2.3714351580004114
210,3,41,40,[   0  648  822  949 1180],0.09666920275872512,130.8665765460996,2.3714351580004114
211,3,41,60,[   0  648  822  949 1180],0.09666920275872512,130.8665765460996,2.3714351580004114
212,3,42,0,[   0  200  618  795 1180],0.09864746994051815,163.1255446141124,2.151226067034953
213,3,42,20,[   0  200  618  795 1180],0.09864746994051815,163.1255446141124,2.151226067034953
214,3,42,40,[   0  200  618  795 1180],0.09864746994051815,163.1255446141124,2.151226067034953
215,3,42,60,[   0  200  618  795 1180],0.09864746994051815,163.1255446141124,2.151226067034953
216,3,43,0,[   0   17  584  676  843 1180],0.06531749737231864,134.44844993011654,2.633628067289079
217,3,43,20,[   0  584  676  843 1180],0.06531749737231864,134.44844993011654,2.633628067289079
218,3,43,40,[   0  584  676  843 1180],0.06531749737231864,134.44844993011654,2.633628067289079
219,3,43,60,[   0  584  676  843 1180],0.06531749737231864,134.44844993011654,2.633628067289079
220,3,44,0,[   0  717 1180],0.07290957828921625,148.05393886122243,2.35035190310916
221,3,44,20,[   0  717 1180],0.07290957828921625,148.05393886122243,2.35035190310916
222,3,44,40,[   0  717 1180],0.07290957828921625,148.05393886122243,2.35035190310916
223,3,44,60,[   0  717 1180],0.07290957828921625,148.05393886122243,2.35035190310916
224,3,45,0,[   0  649  822  949 1180],0.09643033024901627,132.71896681002434,2.33992430412421
225,3,45,20,[   0  649  822  949 1180],0.09643033024901627,132.71896681002434,2.33992430412421
226,3,45,40,[   0  649  822  949 1180],0.09643033024901627,132.71896681002434,2.33992430412421
227,3,45,60,[   0  649  822  949 1180],0.09643033024901627,132.71896681002434,2.33992430412421
228,3,46,0,[   0  217  615  802 1180],0.08346614540767575,165.3313582041922,2.3859943615335126
229,3,46,20,[   0  217  615  802 1180],0.08346614540767575,165.3313582041922,2.3859943615335126
230,3,46,40,[   0  217  615  802 1180],0.08346614540767575,165.3313582041922,2.3859943615335126
231,3,46,60,[   0  217  615  802 1180],0.08346614540767575,165.3313582041922,2.3859943615335126
232,3,47,0,[   0  729 1180],0.07568071276572226,155.47019014187396,2.5927755979888296
233,3,47,20,[   0  729 1180],0.07568071276572226,155.47019014187396,2.5927755979888296
234,3,47,40,[   0  729 1180],0.07568071276572226,155.47019014187396,2.5927755979888296
235,3,47,60,[   0  729 1180],0.07568071276572226,155.47019014187396,2.5927755979888296
236,3,48,0,[   0  729 1180],0.10404824865613076,171.0426903153203,2.388397291157855
237,3,48,20,[   0  729 1180],0.10404824865613076,171.0426903153203,2.388397291157855
238,3,48,40,[   0  729 1180],0.10404824865613076,171.0426903153203,2.388397291157855
239,3,48,60,[   0  729 1180],0.10404824865613076,171.0426903153203,2.388397291157855
240,3,49,0,[   0  802 1180],0.07482377011204006,156.29157547620156,2.368583946482151
241,3,49,20,[   0  802 1180],0.07482377011204006,156.29157547620156,2.368583946482151
242,3,49,40,[   0  802 1180],0.07482377011204006,156.29157547620156,2.368583946482151
243,3,49,60,[   0  802 1180],0.07482377011204006,156.29157547620156,2.368583946482151
244,3,50,0,[   0   17  618  795 1180],0.08218264562342642,165.35637213337327,2.2869969489893447
245,3,50,20,[   0  618  795 1180],0.08218264562342642,165.35637213337327,2.2869969489893447
246,3,50,40,[   0  618  795 1180],0.08218264562342642,165.35637213337327,2.2869969489893447
247,3,50,60,[   0  618  795 1180],0.08218264562342642,165.35637213337327,2.2869969489893447
248,4,20,0,[   0  291  681  822  949 1180],0.039648483111953216,116.62066254696576,2.594621042959048
249,4,20,20,[   0  291  681  822  949 1180],0.039648483111953216,116.62066254696576,2.594621042959048
250,4,20,40,[   0  291  681  822  949 1180],0.039648483111953216,116.62066254696576,2.594621042959048
251,4,20,60,[   0  291  681  822  949 1180],0.039648483111953216,116.62066254696576,2.594621042959048
252,4,21,0,[   0  270  681  822  949 1180],0.03814566926171679,119.2252091914958,2.675609926650225
253,4,21,20,[   0  270  681  822  949 1180],0.03814566926171679,119.2252091914958,2.675609926650225
254,4,21,40,[   0  270  681  822  949 1180],0.03814566926171679,119.2252091914958,2.675609926650225
255,4,21,60,[   0  270  681  822  949 1180],0.03814566926171679,119.2252091914958,2.675609926650225
256,4,22,0,[   0  270  689  949 1180],0.05743817171161045,109.5532432407393,3.052707126173833
257,4,22,20,[   0  270  689  949 1180],0.05743817171161045,109.5532432407393,3.052707126173833
258,4,22,40,[   0  270  689  949 1180],0.05743817171161045,109.5532432407393,3.052707126173833
259,4,22,60,[   0  270  689  949 1180],0.05743817171161045,109.5532432407393,3.052707126173833
260,4,23,0,[   0   17  203  267  681  822 1180],0.03428804580235715,122.59473484393051,3.168529768355918
261,4,23,20,[   0  203  267  681  822 1180],0.03428804580235715,122.59473484393051,3.168529768355918
262,4,23,40,[   0  203  267  681  822 1180],0.03428804580235715,122.59473484393051,3.168529768355918
263,4,23,60,[   0  203  267  681  822 1180],0.03428804580235715,122.59473484393051,3.168529768355918
264,4,24,0,[   0   17  683  822  949 1180],0.05982693698931167,124.907201516438,2.2759120072783112
265,4,24,20,[   0  683  822  949 1180],0.05982693698931167,124.907201516438,2.2759120072783112
266,4,24,40,[   0  683  822  949 1180],0.05982693698931167,124.907201516438,2.2759120072783112
267,4,24,60,[   0  683  822  949 1180],0.05982693698931167,124.907201516438,2.2759120072783112
268,4,25,0,[   0   17  683  822  949 1180],0.06383974445419423,126.98621615331345,2.294024291140636
269,4,25,20,[   0  683  822  949 1180],0.06383974445419423,126.98621615331345,2.294024291140636
270,4,25,40,[   0  683  822  949 1180],0.06383974445419423,126.98621615331345,2.294024291140636
271,4,25,60,[   0  683  822  949 1180],0.06383974445419423,126.98621615331345,2.294024291140636
272,4,26,0,[   0  210  649  822  949 1180],0.06316916186754924,114.54428673249127,2.559602455430512
273,4,26,20,[   0  210  649  822  949 1180],0.06316916186754924,114.54428673249127,2.559602455430512
274,4,26,40,[   0  210  649  822  949 1180],0.06316916186754924,114.54428673249127,2.559602455430512
275,4,26,60,[   0  210  649  822  949 1180],0.06316916186754924,114.54428673249127,2.559602455430512
276,4,27,0,[   0   17  649  822  949 1180],0.08733414278291152,130.99318259748947,2.2907660702657386
277,4,27,20,[   0  649  822  949 1180],0.08733414278291152,130.99318259748947,2.2907660702657386
278,4,27,40,[   0  649  822  949 1180],0.08733414278291152,130.99318259748947,2.2907660702657386
279,4,27,60,[   0  649  822  949 1180],0.08733414278291152,130.99318259748947,2.2907660702657386
280,4,28,0,[   0  210  683  822  913 1180],0.047197057024646105,118.79052056878224,2.6639511069100505
281,4,28,20,[   0  210  683  822  913 1180],0.047197057024646105,118.79052056878224,2.6639511069100505
282,4,28,40,[   0  210  683  822  913 1180],0.047197057024646105,118.79052056878224,2.6639511069100505
283,4,28,60,[   0  210  683  822  913 1180],0.047197057024646105,118.79052056878224,2.6639511069100505
284,4,29,0,[   0  270  664  822  949 1180],0.06959318130083599,119.61131807791331,2.469772997845129
285,4,29,20,[   0  270  664  822  949 1180],0.06959318130083599,119.61131807791331,2.469772997845129
286,4,29,40,[   0  270  664  822  949 1180],0.06959318130083599,119.61131807791331,2.469772997845129
287,4,29,60,[   0  270  664  822  949 1180],0.06959318130083599,119.61131807791331,2.469772997845129
288,4,30,0,[   0  267  677  822  949 1180],0.06291109853968531,113.89525874038162,3.065628329207228
289,4,30,20,[   0  267  677  822  949 1180],0.06291109853968531,113.89525874038162,3.065628329207228
290,4,30,40,[   0  267  677  822  949 1180],0.06291109853968531,113.89525874038162,3.065628329207228
291,4,30,60,[   0  267  677  822  949 1180],0.06291109853968531,113.89525874038162,3.065628329207228
292,4,31,0,[   0  268  677  822  949 1180],0.06497547548682883,120.50542170016523,2.5432889145993163
293,4,31,20,[   0  268  677  822  949 1180],0.06497547548682883,120.50542170016523,2.5432889145993163
294,4,31,40,[   0  268  677  822  949 1180],0.06497547548682883,120.50542170016523,2.5432889145993163
295,4,31,60,[   0  268  677  822  949 1180],0.06497547548682883,120.50542170016523,2.5432889145993163
296,4,32,0,[   0  200  683  822 1180],0.05627615134215006,116.79898446512956,2.6958638629449085
297,4,32,20,[   0  200  683  822 1180],0.05627615134215006,116.79898446512956,2.6958638629449085
298,4,32,40,[   0  200  683  822 1180],0.05627615134215006,116.79898446512956,2.6958638629449085
299,4,32,60,[   0  200  683  822 1180],0.05627615134215006,116.79898446512956,2.6958638629449085
300,4,33,0,[   0  197  677  822 1180],0.061809728713939624,125.63715178157855,2.9005697049586296
301,4,33,20,[   0  197  677  822 1180],0.061809728713939624,125.63715178157855,2.9005697049586296
302,4,33,40,[   0  197  677  822 1180],0.061809728713939624,125.63715178157855,2.9005697049586296
303,4,33,60,[   0  197  677  822 1180],0.061809728713939624,125.63715178157855,2.9005697049586296
304,4,34,0,[   0  200  677  822  949 1180],0.06676126203207863,120.67845551881925,2.5657104944570475
305,4,34,20,[   0  200  677  822  949 1180],0.06676126203207863,120.67845551881925,2.5657104944570475
306,4,34,40,[   0  200  677  822  949 1180],0.06676126203207863,120.67845551881925,2.5657104944570475
307,4,34,60,[   0  200  677  822  949 1180],0.06676126203207863,120.67845551881925,2.5657104944570475
308,4,35,0,[   0  270  676  822  949 1180],0.06192331524373052,117.40091155111934,2.533301985884457
309,4,35,20,[   0  270  676  822  949 1180],0.06192331524373052,117.40091155111934,2.533301985884457
310,4,35,40,[   0  270  676  822  949 1180],0.06192331524373052,117.40091155111934,2.533301985884457
311,4,35,60,[   0  270  676  822  949 1180],0.06192331524373052,117.40091155111934,2.533301985884457
312,4,36,0,[   0  195  679  822  949 1180],0.03872042717494432,113.57820765473915,2.421504964390093
313,4,36,20,[   0  195  679  822  949 1180],0.03872042717494432,113.57820765473915,2.421504964390093
314,4,36,40,[   0  195  679  822  949 1180],0.03872042717494432,113.57820765473915,2.421504964390093
315,4,36,60,[   0  195  679  822  949 1180],0.03872042717494432,113.57820765473915,2.421504964390093
316,4,37,0,[   0   64  615  822 1180],0.06694027958723,138.04676098049575,2.3811407167666787
317,4,37,20,[   0   64  615  822 1180],0.06694027958723,138.04676098049575,2.3811407167666787
318,4,37,40,[   0   64  615  822 1180],0.06694027958723,138.04676098049575,2.3811407167666787
319,4,37,60,[   0   64  615  822 1180],0.06694027958723,138.04676098049575,2.3811407167666787
320,4,38,0,[   0   17  243  615  822 1180],0.07881947094807161,139.14408357166064,2.5558094430287706
321,4,38,20,[   0  243  615  822 1180],0.07881947094807161,139.14408357166064,2.5558094430287706
322,4,38,40,[   0  243  615  822 1180],0.07881947094807161,139.14408357166064,2.5558094430287706
323,4,38,60,[   0  243  615  822 1180],0.07881947094807161,139.14408357166064,2.5558094430287706
324,4,39,0,[   0   17  648  822 1180],0.07838257009428941,148.53605902177776,2.1992484478322205
325,4,39,20,[   0  648  822 1180],0.07838257009428941,148.53605902177776,2.1992484478322205
326,4,39,40,[   0  648  822 1180],0.07838257009428941,148.53605902177776,2.1992484478322205
327,4,39,60,[   0  648  822 1180],0.07838257009428941,148.53605902177776,2.1992484478322205
328,4,40,0,[   0  209  648  822 1180],0.0681458800668626,135.64731579763944,2.7124220658695877
329,4,40,20,[   0  209  648  822 1180],0.0681458800668626,135.64731579763944,2.7124220658695877
330,4,40,40,[   0  209  648  822 1180],0.0681458800668626,135.64731579763944,2.7124220658695877
331,4,40,60,[   0  209  648  822 1180],0.0681458800668626,135.64731579763944,2.7124220658695877
332,4,41,0,[   0  218  648  822  949 1180],0.06548916799041046,121.80307749185222,2.506637347812764
333,4,41,20,[   0  218  648  822  949 1180],0.06548916799041046,121.80307749185222,2.506637347812764
334,4,41,40,[   0  218  648  822  949 1180],0.06548916799041046,121.80307749185222,2.506637347812764
335,4,41,60,[   0  218  648  822  949 1180],0.06548916799041046,121.80307749185222,2.506637347812764
336,4,42,0,[   0  200  618  735  795  949 1180],0.08707240056413248,135.72073592871732,2.1176589796453698
337,4,42,20,[   0  200  618  735  795  949 1180],0.08707240056413248,135.72073592871732,2.1176589796453698
338,4,42,40,[   0  200  618  735  795  949 1180],0.08707240056413248,135.72073592871732,2.1176589796453698
339,4,42,60,[   0  200  618  795  949 1180],0.08707240056413248,135.72073592871732,2.1176589796453698
340,4,43,0,[   0   17  584  676  843  913 1180],0.03662834650069705,125.70649414863055,2.795560295593458
341,4,43,20,[   0  676  843  913 1180],0.03662834650069705,125.70649414863055,2.795560295593458
342,4,43,40,[   0  676  843  913 1180],0.03662834650069705,125.70649414863055,2.795560295593458
343,4,43,60,[   0  676  843  913 1180],0.03662834650069705,125.70649414863055,2.795560295593458
344,4,44,0,[   0   17  584  649  717  727 1165 1180],0.06422844040539388,128.4863250284536,2.4920513484459126
345,4,44,20,[   0  584  649  727 1180],0.06422844040539388,128.4863250284536,2.4920513484459126
346,4,44,40,[   0  584  649  727 1180],0.06422844040539388,128.4863250284536,2.4920513484459126
347,4,44,60,[   0  584  649  727 1180],0.06422844040539388,128.4863250284536,2.4920513484459126
348,4,45,0,[   0   17  311  649  822  949 1180],0.07605930346863765,131.215578132949,2.6636494454927253
349,4,45,20,[   0  311  649  822  949 1180],0.07605930346863765,131.215578132949,2.6636494454927253
350,4,45,40,[   0  311  649  822  949 1180],0.07605930346863765,131.215578132949,2.6636494454927253
351,4,45,60,[   0  311  649  822  949 1180],0.07605930346863765,131.215578132949,2.6636494454927253
352,4,46,0,[   0   13  217  262  615  802 1180],0.06014376545084606,152.75597631574263,2.9703099628748557
353,4,46,20,[   0  262  615  802 1180],0.06014376545084606,152.75597631574263,2.9703099628748557
354,4,46,40,[   0  262  615  802 1180],0.06014376545084606,152.75597631574263,2.9703099628748557
355,4,46,60,[   0  262  615  802 1180],0.06014376545084606,152.75597631574263,2.9703099628748557
356,4,47,0,[   0   17  198  262  615  729 1180],0.05494342356214488,141.24783571926804,2.887066260708955
357,4,47,20,[   0  198  262  615  729 1180],0.05494342356214488,141.24783571926804,2.887066260708955
358,4,47,40,[   0  198  262  615  729 1180],0.05494342356214488,141.24783571926804,2.887066260708955
359,4,47,60,[   0  198  262  615  729 1180],0.05494342356214488,141.24783571926804,2.887066260708955
360,4,48,0,[   0   17  218  262  618  729 1180],0.07225620869545787,146.99624497741758,3.032755170000525
361,4,48,20,[   0  218  262  618  729 1180],0.07225620869545787,146.99624497741758,3.032755170000525
362,4,48,40,[   0  218  262  618  729 1180],0.07225620869545787,146.99624497741758,3.032755170000525
363,4,48,60,[   0  262  729 1180],0.07225620869545787,146.99624497741758,3.032755170000525
364,4,49,0,[   0   17  199  567  802 1180],0.0529994752137757,144.64108320092677,3.2880147684714043
365,4,49,20,[   0  199  567  802 1180],0.0529994752137757,144.64108320092677,3.2880147684714043
366,4,49,40,[   0  199  567  802 1180],0.0529994752137757,144.64108320092677,3.2880147684714043
367,4,49,60,[   0  199  567  802 1180],0.0529994752137757,144.64108320092677,3.2880147684714043
368,4,50,0,[   0   17  209  306  618  795 1180],0.059114750108498995,150.3738838045841,3.1614055470231923
369,4,50,20,[   0  209  306  618  795 1180],0.059114750108498995,150.3738838045841,3.1614055470231923
370,4,50,40,[   0  209  306  618  795 1180],0.059114750108498995,150.3738838045841,3.1614055470231923
371,4,50,60,[   0  209  306  618  795 1180],0.059114750108498995,150.3738838045841,3.1614055470231923
372,5,20,0,[   0  267  681  822  949 1180],0.04275461316419355,110.83549615864358,2.5864377229210076
373,5,20,20,[   0  267  681  822  949 1180],0.04275461316419355,110.83549615864358,2.5864377229210076
374,5,20,40,[   0  267  681  822  949 1180],0.04275461316419355,110.83549615864358,2.5864377229210076
375,5,20,60,[   0  267  681  822  949 1180],0.04275461316419355,110.83549615864358,2.5864377229210076
376,5,21,0,[   0  267  681  822  949 1180],0.03637116496109759,112.13858356078374,2.6253932857080433
377,5,21,20,[   0  267  681  822  949 1180],0.03637116496109759,112.13858356078374,2.6253932857080433
378,5,21,40,[   0  267  681  822  949 1180],0.03637116496109759,112.13858356078374,2.6253932857080433
379,5,21,60,[   0  267  681  822  949 1180],0.03637116496109759,112.13858356078374,2.6253932857080433
380,5,22,0,[   0  270  689  949 1180],0.036761650981133834,106.21871037994379,2.758055802310236
381,5,22,20,[   0  270  689  949 1180],0.036761650981133834,106.21871037994379,2.758055802310236
382,5,22,40,[   0  270  689  949 1180],0.036761650981133834,106.21871037994379,2.758055802310236
383,5,22,60,[   0  270  689  949 1180],0.036761650981133834,106.21871037994379,2.758055802310236
384,5,23,0,[   0   17  203  267  681  822  949 1180],0.04923549832414194,117.68978307591337,2.9597142051401324
385,5,23,20,[   0  267  681  822  949 1180],0.04923549832414194,117.68978307591337,2.9597142051401324
386,5,23,40,[   0  267  681  822  949 1180],0.04923549832414194,117.68978307591337,2.9597142051401324
387,5,23,60,[   0  267  681  822  949 1180],0.04923549832414194,117.68978307591337,2.9597142051401324
388,5,24,0,[   0   17  210  267  683  822  949 1180],0.053186388227983494,123.70650896196858,2.8460135406026588
389,5,24,20,[   0  267  683  822  949 1180],0.053186388227983494,123.70650896196858,2.8460135406026588
390,5,24,40,[   0  267  683  822  949 1180],0.053186388227983494,123.70650896196858,2.8460135406026588
391,5,24,60,[   0  267  683  822  949 1180],0.053186388227983494,123.70650896196858,2.8460135406026588
392,5,25,0,[   0   17  210  267  683  822  949 1180],0.053840406520738675,126.43700352550778,2.5666258132147965
393,5,25,20,[   0  267  683  822  949 1180],0.053840406520738675,126.43700352550778,2.5666258132147965
394,5,25,40,[   0  267  683  822  949 1180],0.053840406520738675,126.43700352550778,2.5666258132147965
395,5,25,60,[   0  267  683  822  949 1180],0.053840406520738675,126.43700352550778,2.5666258132147965
396,5,26,0,[   0  267  649  822  949 1180],0.047957139686006324,110.97170977269282,2.7758390479999377
397,5,26,20,[   0  267  649  822  949 1180],0.047957139686006324,110.97170977269282,2.7758390479999377
398,5,26,40,[   0  267  649  822  949 1180],0.047957139686006324,110.97170977269282,2.7758390479999377
399,5,26,60,[   0  267  649  822  949 1180],0.047957139686006324,110.97170977269282,2.7758390479999377
400,5,27,0,[   0   17  267  649  822  949 1180],0.07320510106804849,122.17380791195662,2.4544423350998663
401,5,27,20,[   0  267  649  822  949 1180],0.07320510106804849,122.17380791195662,2.4544423350998663
402,5,27,40,[   0  267  649  822  949 1180],0.07320510106804849,122.17380791195662,2.4544423350998663
403,5,27,60,[   0  267  649  822  949 1180],0.07320510106804849,122.17380791195662,2.4544423350998663
404,5,28,0,[   0  267  683  822  913 1180],0.03618146516893705,111.92680475311077,2.579699660894539
405,5,28,20,[   0  267  683  822  913 1180],0.03618146516893705,111.92680475311077,2.579699660894539
406,5,28,40,[   0  267  683  822  913 1180],0.03618146516893705,111.92680475311077,2.579699660894539
407,5,28,60,[   0  267  683  822  913 1180],0.03618146516893705,111.92680475311077,2.579699660894539
408,5,29,0,[   0  267  664  822  949 1180],0.053706459371389806,111.70647746229362,2.782098132602774
409,5,29,20,[   0  267  664  822  949 1180],0.053706459371389806,111.70647746229362,2.782098132602774
410,5,29,40,[   0  267  664  822  949 1180],0.053706459371389806,111.70647746229362,2.782098132602774
411,5,29,60,[   0  267  664  822  949 1180],0.053706459371389806,111.70647746229362,2.782098132602774
412,5,30,0,[   0  267  677  822  949 1180],0.056808458591709465,109.46378805627197,2.7918565237725286
413,5,30,20,[   0  267  677  822  949 1180],0.056808458591709465,109.46378805627197,2.7918565237725286
414,5,30,40,[   0  267  677  822  949 1180],0.056808458591709465,109.46378805627197,2.7918565237725286
415,5,30,60,[   0  267  677  822  949 1180],0.056808458591709465,109.46378805627197,2.7918565237725286
416,5,31,0,[   0  268  677  822  949 1180],0.04845157067682436,113.35607613073729,2.7644972537907138
417,5,31,20,[   0  268  677  822  949 1180],0.04845157067682436,113.35607613073729,2.7644972537907138
418,5,31,40,[   0  268  677  822  949 1180],0.04845157067682436,113.35607613073729,2.7644972537907138
419,5,31,60,[   0  268  677  822  949 1180],0.04845157067682436,113.35607613073729,2.7644972537907138
420,5,32,0,[   0  200  250  635  683  822 1122 1180],0.04717933115615031,111.84336759868458,2.678792703577289
421,5,32,20,[   0  200  250  635  683  822 1122 1180],0.04717933115615031,111.84336759868458,2.678792703577289
422,5,32,40,[   0  200  250  635  683  822 1122 1180],0.04717933115615031,111.84336759868458,2.678792703577289
423,5,32,60,[   0  250  683  822 1180],0.04717933115615031,111.84336759868458,2.678792703577289
424,5,33,0,[   0  197  267  677  822 1180],0.04876820168083065,119.48270604679878,2.8721138159056308
425,5,33,20,[   0  197  267  677  822 1180],0.04876820168083065,119.48270604679878,2.8721138159056308
426,5,33,40,[   0  197  267  677  822 1180],0.04876820168083065,119.48270604679878,2.8721138159056308
427,5,33,60,[   0  197  267  677  822 1180],0.04876820168083065,119.48270604679878,2.8721138159056308
428,5,34,0,[   0  250  677  822  949 1180],0.052481363702540945,114.80126575885943,2.799162327513303
429,5,34,20,[   0  250  677  822  949 1180],0.052481363702540945,114.80126575885943,2.799162327513303
430,5,34,40,[   0  250  677  822  949 1180],0.052481363702540945,114.80126575885943,2.799162327513303
431,5,34,60,[   0  250  677  822  949 1180],0.052481363702540945,114.80126575885943,2.799162327513303
432,5,35,0,[   0  267  676  822  949 1180],0.05045407878425485,112.8541556901908,2.8669211350935937
433,5,35,20,[   0  267  676  822  949 1180],0.05045407878425485,112.8541556901908,2.8669211350935937
434,5,35,40,[   0  267  676  822  949 1180],0.05045407878425485,112.8541556901908,2.8669211350935937
435,5,35,60,[   0  267  676  822  949 1180],0.05045407878425485,112.8541556901908,2.8669211350935937
436,5,36,0,[   0  267  679  822  949 1180],0.04374315753389471,110.34117934610141,2.8420184974250846
437,5,36,20,[   0  267  679  822  949 1180],0.04374315753389471,110.34117934610141,2.8420184974250846
438,5,36,40,[   0  267  679  822  949 1180],0.04374315753389471,110.34117934610141,2.8420184974250846
439,5,36,60,[   0  267  679  822  949 1180],0.04374315753389471,110.34117934610141,2.8420184974250846
440,5,37,0,[   0   64  243  615  822 1180],0.05560342950185073,130.6953960846055,2.662210166428634
441,5,37,20,[   0   64  243  615  822 1180],0.05560342950185073,130.6953960846055,2.662210166428634
442,5,37,40,[   0   64  243  615  822 1180],0.05560342950185073,130.6953960846055,2.662210166428634
443,5,37,60,[   0   64  243  615  822 1180],0.05560342950185073,130.6953960846055,2.662210166428634
444,5,38,0,[   0   17  243  615  822 1180],0.034685864740123765,125.59034499315165,2.670801415624195
445,5,38,20,[   0  243  615  822 1180],0.034685864740123765,125.59034499315165,2.670801415624195
446,5,38,40,[   0  243  615  822 1180],0.034685864740123765,125.59034499315165,2.670801415624195
447,5,38,60,[   0  243  615  822 1180],0.034685864740123765,125.59034499315165,2.670801415624195
448,5,39,0,[   0   17  263  648  822 1180],0.06996125016727558,142.32774446824368,2.436856986521963
449,5,39,20,[   0  263  648  822 1180],0.06996125016727558,142.32774446824368,2.436856986521963
450,5,39,40,[   0  263  648  822 1180],0.06996125016727558,142.32774446824368,2.436856986521963
451,5,39,60,[   0  263  648  822 1180],0.06996125016727558,142.32774446824368,2.436856986521963
452,5,40,0,[   0  209  267  648  822 1180],0.060965253644698354,126.99685225881939,2.7751268499466057
453,5,40,20,[   0  209  267  648  822 1180],0.060965253644698354,126.99685225881939,2.7751268499466057
454,5,40,40,[   0  209  267  648  822 1180],0.060965253644698354,126.99685225881939,2.7751268499466057
455,5,40,60,[   0  267  648  822 1180],0.060965253644698354,126.99685225881939,2.7751268499466057
456,5,41,0,[   0  218  648  822  949 1180],0.05245813364757765,116.34141264935674,2.766682021350048
457,5,41,20,[   0  218  648  822  949 1180],0.05245813364757765,116.34141264935674,2.766682021350048
458,5,41,40,[   0  218  648  822  949 1180],0.05245813364757765,116.34141264935674,2.766682021350048
459,5,41,60,[   0  218  648  822  949 1180],0.05245813364757765,116.34141264935674,2.766682021350048
460,5,42,0,[   0  200  250  618  735  795  949 1180],0.06866396203490234,119.10481699334275,2.586640373360622
461,5,42,20,[   0  200  250  618  735  795  949 1180],0.06866396203490234,119.10481699334275,2.586640373360622
462,5,42,40,[   0  200  250  618  735  795  949 1180],0.06866396203490234,119.10481699334275,2.586640373360622
463,5,42,60,[   0  250  618  795  949 1180],0.06866396203490234,119.10481699334275,2.586640373360622
464,5,43,0,[   0   17  262  676  843  913 1180],0.035209508050674895,125.47976660356169,3.4407600146233976
465,5,43,20,[   0  262  676  843  913 1180],0.035209508050674895,125.47976660356169,3.4407600146233976
466,5,43,40,[   0  262  676  843  913 1180],0.035209508050674895,125.47976660356169,3.4407600146233976
467,5,43,60,[   0  262  676  843  913 1180],0.035209508050674895,125.47976660356169,3.4407600146233976
468,5,44,0,[   0   17  243  649  727 1180],0.055071375918503696,124.6546887153881,2.905861327141264
469,5,44,20,[   0  153  243  649  727 1180],0.055071375918503696,124.6546887153881,2.905861327141264
470,5,44,40,[   0  153  243  649  727 1180],0.055071375918503696,124.6546887153881,2.905861327141264
471,5,44,60,[   0  153  243  649  727 1180],0.055071375918503696,124.6546887153881,2.905861327141264
472,5,45,0,[   0   17  198  649  822  949 1180],0.05124942300670081,129.697443362836,2.499910430439339
473,5,45,20,[   0  198  649  822  949 1180],0.05124942300670081,129.697443362836,2.499910430439339
474,5,45,40,[   0  198  649  822  949 1180],0.05124942300670081,129.697443362836,2.499910430439339
475,5,45,60,[   0  198  649  822  949 1180],0.05124942300670081,129.697443362836,2.499910430439339
476,5,46,0,[   0   13  217  649  802  949 1180],0.07183998717714302,137.08068452887187,2.7035768484892757
477,5,46,20,[   0  262  649  802  949 1180],0.07183998717714302,137.08068452887187,2.7035768484892757
478,5,46,40,[   0  262  649  802  949 1180],0.07183998717714302,137.08068452887187,2.7035768484892757
479,5,46,60,[   0  262  649  802  949 1180],0.07183998717714302,137.08068452887187,2.7035768484892757
480,5,47,0,[   0   17  198  262  615  729  822  949 1180],0.06934739582260085,130.77231538941967,2.41874500280515
481,5,47,20,[   0  198  262  615  729  822  949 1180],0.06934739582260085,130.77231538941967,2.41874500280515
482,5,47,40,[   0  198  262  615  729  822  949 1180],0.06934739582260085,130.77231538941967,2.41874500280515
483,5,47,60,[   0  198  262  615  729  822  949 1180],0.06934739582260085,130.77231538941967,2.41874500280515
484,5,48,0,[   0   17  218  262  618  729  949 1180],0.08530042531528333,137.77893267743826,2.4903540011227103
485,5,48,20,[   0  262  729  949 1180],0.08530042531528333,137.77893267743826,2.4903540011227103
486,5,48,40,[   0  262  729  949 1180],0.08530042531528333,137.77893267743826,2.4903540011227103
487,5,48,60,[   0  262  729  949 1180],0.08530042531528333,137.77893267743826,2.4903540011227103
488,5,49,0,[   0   17  199  618  802  949 1180],0.06983740539983936,138.1960360972529,2.70666384438516
489,5,49,20,[   0  199  618  802  949 1180],0.06983740539983936,138.1960360972529,2.70666384438516
490,5,49,40,[   0  199  618  802  949 1180],0.06983740539983936,138.1960360972529,2.70666384438516
491,5,49,60,[   0  199  618  802  949 1180],0.06983740539983936,138.1960360972529,2.70666384438516
492,5,50,0,[   0   17  209  306  649  795 1045 1180],0.07408138669565836,145.54970673335382,2.6261256288010197
493,5,50,20,[   0  209  306  649  795 1045 1180],0.07408138669565836,145.54970673335382,2.6261256288010197
494,5,50,40,[   0  209  306  649  795 1045 1180],0.07408138669565836,145.54970673335382,2.6261256288010197
495,5,50,60,[   0  209  306  649  795 1045 1180],0.07408138669565836,145.54970673335382,2.6261256288010197
496,6,20,0,[   0   17  195  267  681  822  949 1180],0.01692238678826195,102.88821492202283,3.2415268616053
497,6,20,20,[   0  153  195  267  681  822  949 1180],0.01692238678826195,102.88821492202283,3.2415268616053
498,6,20,40,[   0  153  195  267  681  822  949 1180],0.01692238678826195,102.88821492202283,3.2415268616053
499,6,20,60,[   0  267  681  822  949 1180],0.01692238678826195,102.88821492202283,3.2415268616053
500,6,21,0,[   0   17  195  267  681  822  949 1180],0.018392964923282035,103.85044535973302,3.6572388183665296
501,6,21,20,[   0  153  195  267  681  822  949 1180],0.018392964923282035,103.85044535973302,3.6572388183665296
502,6,21,40,[   0  153  195  267  681  822  949 1180],0.018392964923282035,103.85044535973302,3.6572388183665296
503,6,21,60,[   0  267  681  822  949 1180],0.018392964923282035,103.85044535973302,3.6572388183665296
504,6,22,0,[   0  270  689  949 1180],0.04239786881324536,96.85407387502225,3.095059950142913
505,6,22,20,[   0  270  689  949 1180],0.04239786881324536,96.85407387502225,3.095059950142913
506,6,22,40,[   0  270  689  949 1180],0.04239786881324536,96.85407387502225,3.095059950142913
507,6,22,60,[   0  270  689  949 1180],0.04239786881324536,96.85407387502225,3.095059950142913
508,6,23,0,[   0   17  203  267  681  822  949 1180],0.055015271656874344,107.02452690961319,2.963254778885289
509,6,23,20,[   0  267  681  822  949 1180],0.055015271656874344,107.02452690961319,2.963254778885289
510,6,23,40,[   0  267  681  822  949 1180],0.055015271656874344,107.02452690961319,2.963254778885289
511,6,23,60,[   0  267  681  822  949 1180],0.055015271656874344,107.02452690961319,2.963254778885289
512,6,24,0,[   0   17  210  267  683  822  949 1180],0.058803810491229395,112.45859834779972,2.8317569126269113
513,6,24,20,[   0  267  683  822  949 1180],0.058803810491229395,112.45859834779972,2.8317569126269113
514,6,24,40,[   0  267  683  822  949 1180],0.058803810491229395,112.45859834779972,2.8317569126269113
515,6,24,60,[   0  267  683  822  949 1180],0.058803810491229395,112.45859834779972,2.8317569126269113
516,6,25,0,[   0   17  210  267  683  822  949 1180],0.05903595187336177,113.2845485610165,2.764639908928665
517,6,25,20,[   0  267  683  822  949 1180],0.05903595187336177,113.2845485610165,2.764639908928665
518,6,25,40,[   0  267  683  822  949 1180],0.05903595187336177,113.2845485610165,2.764639908928665
519,6,25,60,[   0  267  683  822  949 1180],0.05903595187336177,113.2845485610165,2.764639908928665
520,6,26,0,[   0   17  132  195  267  649  822  949 1180],0.019623241051656127,102.25833278806802,3.3311160873732195
521,6,26,20,[   0  132  195  267  649  822  949 1180],0.019623241051656127,102.25833278806802,3.3311160873732195
522,6,26,40,[   0  132  195  267  649  822  949 1180],0.019623241051656127,102.25833278806802,3.3311160873732195
523,6,26,60,[   0  132  195  267  649  822  949 1180],0.019623241051656127,102.25833278806802,3.3311160873732195
524,6,27,0,[   0   17  267  649  822  949 1180],0.05228823738634853,111.95458339379918,2.7881977364034847
525,6,27,20,[   0  267  649  822  949 1180],0.05228823738634853,111.95458339379918,2.7881977364034847
526,6,27,40,[   0  267  649  822  949 1180],0.05228823738634853,111.95458339379918,2.7881977364034847
527,6,27,60,[   0  267  649  822  949 1180],0.05228823738634853,111.95458339379918,2.7881977364034847
528,6,28,0,[   0  267  683  822  949 1180],0.038329996897257655,103.74958336759863,2.676199012521917
529,6,28,20,[   0  267  683  822  949 1180],0.038329996897257655,103.74958336759863,2.676199012521917
530,6,28,40,[   0  267  683  822  949 1180],0.038329996897257655,103.74958336759863,2.676199012521917
531,6,28,60,[   0  267  683  822  949 1180],0.038329996897257655,103.74958336759863,2.676199012521917
532,6,29,0,[   0   17  195  267  664  822  949 1180],0.020834271080036777,104.32655442046747,3.2347573137085845
533,6,29,20,[   0  153  195  267  664  822  949 1180],0.020834271080036777,104.32655442046747,3.2347573137085845
534,6,29,40,[   0  153  195  267  664  822  949 1180],0.020834271080036777,104.32655442046747,3.2347573137085845
535,6,29,60,[   0  267  664  822  949 1180],0.020834271080036777,104.32655442046747,3.2347573137085845
536,6,30,0,[   0   17  195  267  677  822  949 1180],0.015229803515537554,102.33413249550219,3.0077824703368496
537,6,30,20,[   0  153  195  267  677  822  949 1180],0.015229803515537554,102.33413249550219,3.0077824703368496
538,6,30,40,[   0  153  195  267  677  822  949 1180],0.015229803515537554,102.33413249550219,3.0077824703368496
539,6,30,60,[   0  267  677  822  949 1180],0.015229803515537554,102.33413249550219,3.0077824703368496
540,6,31,0,[   0   17  195  268  677  822  949 1180],0.021719897335175733,104.97641082885981,3.311120279133186
541,6,31,20,[   0  153  195  268  677  822  949 1180],0.021719897335175733,104.97641082885981,3.311120279133186
542,6,31,40,[   0  153  195  268  677  822  949 1180],0.021719897335175733,104.97641082885981,3.311120279133186
543,6,31,60,[   0  268  677  822  949 1180],0.021719897335175733,104.97641082885981,3.311120279133186
544,6,32,0,[   0   17  132  195  250  635  683  822 1122 1180],0.022976133932225,104.1470346644075,3.617300725118298
545,6,32,20,[   0  132  195  250  635  683  822 1122 1180],0.022976133932225,104.1470346644075,3.617300725118298
546,6,32,40,[   0  132  195  250  635  683  822 1122 1180],0.022976133932225,104.1470346644075,3.617300725118298
547,6,32,60,[   0  132  195  683  822 1180],0.022976133932225,104.1470346644075,3.617300725118298
548,6,33,0,[   0   17  132  195  267  677  822 1180],0.02722105188271872,110.34762167285207,3.257923836857616
549,6,33,20,[   0  132  195  267  677  822 1180],0.02722105188271872,110.34762167285207,3.257923836857616
550,6,33,40,[   0  132  195  267  677  822 1180],0.02722105188271872,110.34762167285207,3.257923836857616
551,6,33,60,[   0  132  195  267  677  822 1180],0.02722105188271872,110.34762167285207,3.257923836857616
552,6,34,0,[   0   17  132  195  250  677  822  949 1180],0.024426008540105265,106.7322045916476,3.344740716518365
553,6,34,20,[   0  132  195  250  677  822  949 1180],0.024426008540105265,106.7322045916476,3.344740716518365
554,6,34,40,[   0  132  195  250  677  822  949 1180],0.024426008540105265,106.7322045916476,3.344740716518365
555,6,34,60,[   0  132  195  677  822  949 1180],0.024426008540105265,106.7322045916476,3.344740716518365
556,6,35,0,[   0   17  195  267  676  822  949 1180],0.01997778469811833,104.51189782479841,3.148421013209694
557,6,35,20,[   0  158  195  267  676  822  949 1180],0.01997778469811833,104.51189782479841,3.148421013209694
558,6,35,40,[   0  267  676  822  949 1180],0.01997778469811833,104.51189782479841,3.148421013209694
559,6,35,60,[   0  267  676  822  949 1180],0.01997778469811833,104.51189782479841,3.148421013209694
560,6,36,0,[   0   17  195  267  679  822  949 1180],0.017611712787334612,103.23331865660454,3.082094069549337
561,6,36,20,[   0  153  195  267  679  822  949 1180],0.017611712787334612,103.23331865660454,3.082094069549337
562,6,36,40,[   0  153  195  267  679  822  949 1180],0.017611712787334612,103.23331865660454,3.082094069549337
563,6,36,60,[   0  267  679  822  949 1180],0.017611712787334612,103.23331865660454,3.082094069549337
564,6,37,0,[   0   64  243  615  822  952 1180],0.032910104543487785,114.90581122149807,2.7414364636874073
565,6,37,20,[   0   64  243  615  822  952 1180],0.032910104543487785,114.90581122149807,2.7414364636874073
566,6,37,40,[   0   64  243  615  822  952 1180],0.032910104543487785,114.90581122149807,2.7414364636874073
567,6,37,60,[   0   64  243  615  822  952 1180],0.032910104543487785,114.90581122149807,2.7414364636874073
568,6,38,0,[   0   17  153  195  243  615  822 1180],0.031306485367042704,116.21830818685814,3.1904765730403404
569,6,38,20,[   0  153  195  243  615  822 1180],0.031306485367042704,116.21830818685814,3.1904765730403404
570,6,38,40,[   0  153  195  243  615  822 1180],0.031306485367042704,116.21830818685814,3.1904765730403404
571,6,38,60,[   0  243  615  822 1180],0.031306485367042704,116.21830818685814,3.1904765730403404
572,6,39,0,[   0   17  263  648  822  953 1180],0.045075291403649236,124.02331111555584,2.682149770560727
573,6,39,20,[   0  263  648  822  953 1180],0.045075291403649236,124.02331111555584,2.682149770560727
574,6,39,40,[   0  263  648  822  953 1180],0.045075291403649236,124.02331111555584,2.682149770560727
575,6,39,60,[   0  263  648  822  953 1180],0.045075291403649236,124.02331111555584,2.682149770560727
576,6,40,0,[   0   17  153  195  267  648  822 1180],0.03378603561749132,118.94973325454494,3.1914232762953936
577,6,40,20,[   0  153  195  267  648  822 1180],0.03378603561749132,118.94973325454494,3.1914232762953936
578,6,40,40,[   0  153  195  267  648  822 1180],0.03378603561749132,118.94973325454494,3.1914232762953936
579,6,40,60,[   0  195  267  648  822 1180],0.03378603561749132,118.94973325454494,3.1914232762953936
580,6,41,0,[   0  218  648  822  949 1180],0.048870751738042555,108.31003313305354,3.12695625994968
581,6,41,20,[   0  218  648  822  949 1180],0.048870751738042555,108.31003313305354,3.12695625994968
582,6,41,40,[   0  218  648  822  949 1180],0.048870751738042555,108.31003313305354,3.12695625994968
583,6,41,60,[   0  218  648  822  949 1180],0.048870751738042555,108.31003313305354,3.12695625994968
584,6,42,0,[   0   17  153  195  250  618  735  795  949 1180],0.024599587728114686,112.01745359385657,3.2509326652709873
585,6,42,20,[   0  153  195  250  618  735  795  949 1180],0.024599587728114686,112.01745359385657,3.2509326652709873
586,6,42,40,[   0  153  195  250  618  735  795  949 1180],0.024599587728114686,112.01745359385657,3.2509326652709873
587,6,42,60,[   0  250  618  795  949 1180],0.024599587728114686,112.01745359385657,3.2509326652709873
588,6,43,0,[   0   17  262  676  843  949 1180],0.04577337708114404,116.3729894930781,3.0831766356560117
589,6,43,20,[   0  262  676  843  949 1180],0.04577337708114404,116.3729894930781,3.0831766356560117
590,6,43,40,[   0  262  676  843  949 1180],0.04577337708114404,116.3729894930781,3.0831766356560117
591,6,43,60,[   0  262  676  843  949 1180],0.04577337708114404,116.3729894930781,3.0831766356560117
592,6,44,0,[   0   17  243  649  827  949 1180],0.06235529551366688,114.66492542700988,2.564144039703408
593,6,44,20,[   0  243  649  827  949 1180],0.06235529551366688,114.66492542700988,2.564144039703408
594,6,44,40,[   0  243  649  827  949 1180],0.06235529551366688,114.66492542700988,2.564144039703408
595,6,44,60,[   0  243  649  827  949 1180],0.06235529551366688,114.66492542700988,2.564144039703408
596,6,45,0,[   0   17  198  649  822  949 1180],0.058508247521950135,117.36873463151407,2.69670360315104
597,6,45,20,[   0  198  649  822  949 1180],0.058508247521950135,117.36873463151407,2.69670360315104
598,6,45,40,[   0  198  649  822  949 1180],0.058508247521950135,117.36873463151407,2.69670360315104
599,6,45,60,[   0  198  649  822  949 1180],0.058508247521950135,117.36873463151407,2.69670360315104
600,6,46,0,[   0   13  217  685  822  949 1180],0.04959892431655569,120.77312993123113,2.7557248651286024
601,6,46,20,[   0  262  685  822  949 1180],0.04959892431655569,120.77312993123113,2.7557248651286024
602,6,46,40,[   0  262  685  822  949 1180],0.04959892431655569,120.77312993123113,2.7557248651286024
603,6,46,60,[   0  262  685  822  949 1180],0.04959892431655569,120.77312993123113,2.7557248651286024
604,6,47,0,[   0   17  198  262  615  729  822  949 1180],0.054694295989033206,121.44609019908775,2.4962591018761597
605,6,47,20,[   0  198  262  615  729  822  949 1180],0.054694295989033206,121.44609019908775,2.4962591018761597
606,6,47,40,[   0  198  262  615  729  822  949 1180],0.054694295989033206,121.44609019908775,2.4962591018761597
607,6,47,60,[   0  198  262  615  729  822  949 1180],0.054694295989033206,121.44609019908775,2.4962591018761597
608,6,48,0,[   0   17  199  262  683  729  949 1180],0.026220858869889764,119.83661309579588,2.925665928205254
609,6,48,20,[   0  199  262  683  729  949 1180],0.026220858869889764,119.83661309579588,2.925665928205254
610,6,48,40,[   0  199  262  683  729  949 1180],0.026220858869889764,119.83661309579588,2.925665928205254
611,6,48,60,[   0  262  729  949 1180],0.026220858869889764,119.83661309579588,2.925665928205254
612,6,49,0,[   0   17  199  618  822  949 1180],0.07008458942712527,122.95523884128404,2.8355756912990504
613,6,49,20,[   0  199  618  822  949 1180],0.07008458942712527,122.95523884128404,2.8355756912990504
614,6,49,40,[   0  199  618  822  949 1180],0.07008458942712527,122.95523884128404,2.8355756912990504
615,6,49,60,[   0  199  618  822  949 1180],0.07008458942712527,122.95523884128404,2.8355756912990504
616,6,50,0,[   0   17  209  306  618  727  795 1045 1180],0.04518468973941584,128.44008719930625,2.768698675650041
617,6,50,20,[   0  209  306  618  727  795 1045 1180],0.04518468973941584,128.44008719930625,2.768698675650041
618,6,50,40,[   0  209  306  618  727  795 1045 1180],0.04518468973941584,128.44008719930625,2.768698675650041
619,6,50,60,[   0  209  306  618  727  795 1045 1180],0.04518468973941584,128.44008719930625,2.768698675650041
620,7,20,0,[   0   17  153  195  267  681  829  887  949 1180],0.022027070384949034,95.2573644075387,3.062480941107911
621,7,20,20,[   0  153  195  267  681  829  887  949 1180],0.022027070384949034,95.2573644075387,3.062480941107911
622,7,20,40,[   0  153  195  267  681  829  887  949 1180],0.022027070384949034,95.2573644075387,3.062480941107911
623,7,20,60,[   0  267  681  829  949 1180],0.022027070384949034,95.2573644075387,3.062480941107911
624,7,21,0,[   0   17  153  195  267  681  829  887  949 1180],0.024362278400799894,96.78370148441908,3.3893186080839675
625,7,21,20,[   0  153  195  267  681  829  887  949 1180],0.024362278400799894,96.78370148441908,3.3893186080839675
626,7,21,40,[   0  153  195  267  681  829  887  949 1180],0.024362278400799894,96.78370148441908,3.3893186080839675
627,7,21,60,[   0  267  681  829  949 1180],0.024362278400799894,96.78370148441908,3.3893186080839675
628,7,22,0,[   0  270  678  829  949 1180],0.03552395596763108,91.22638462905007,2.854815694622527
629,7,22,20,[   0  270  678  829  949 1180],0.03552395596763108,91.22638462905007,2.854815694622527
630,7,22,40,[   0  270  678  829  949 1180],0.03552395596763108,91.22638462905007,2.854815694622527
631,7,22,60,[   0  270  678  829  949 1180],0.03552395596763108,91.22638462905007,2.854815694622527
632,7,23,0,[   0   17  203  267  681  827  949 1180],0.05431671382524894,99.73732290288962,2.877016831729692
633,7,23,20,[   0  267  681  822  949 1180],0.05431671382524894,99.73732290288962,2.877016831729692
634,7,23,40,[   0  267  681  822  949 1180],0.05431671382524894,99.73732290288962,2.877016831729692
635,7,23,60,[   0  267  681  822  949 1180],0.05431671382524894,99.73732290288962,2.877016831729692
636,7,24,0,[   0   17  210  683  827  949 1180],0.06161148285306403,104.43039451791769,2.7326769936976234
637,7,24,20,[   0  210  267  618  683  822  854  949 1017 1122 1180],0.06161148285306403,104.43039451791769,2.7326769936976234
638,7,24,40,[   0  267  683  822  949 1180],0.06161148285306403,104.43039451791769,2.7326769936976234
639,7,24,60,[   0  267  683  822  949 1180],0.06161148285306403,104.43039451791769,2.7326769936976234
640,7,25,0,[   0   17  210  267  683  822  949 1180],0.056897242494840704,104.05511630201282,3.3125570339892234
641,7,25,20,[   0  267  683  822  949 1180],0.056897242494840704,104.05511630201282,3.3125570339892234
642,7,25,40,[   0  267  683  822  949 1180],0.056897242494840704,104.05511630201282,3.3125570339892234
643,7,25,60,[   0  267  683  822  949 1180],0.056897242494840704,104.05511630201282,3.3125570339892234
644,7,26,0,[   0   17  132  195  267  649  822  949 1180],0.026159209620329513,97.38734854182266,3.4160324388789354
645,7,26,20,[   0  132  195  267  649  822  949 1180],0.026159209620329513,97.38734854182266,3.4160324388789354
646,7,26,40,[   0  132  195  267  649  822  949 1180],0.026159209620329513,97.38734854182266,3.4160324388789354
647,7,26,60,[   0  132  195  267  649  822  949 1180],0.026159209620329513,97.38734854182266,3.4160324388789354
648,7,27,0,[   0   17  197  267  683  822  949 1180],0.024869966395727614,102.92334453023672,2.9326633111009417
649,7,27,20,[   0  267  683  822  949 1180],0.024869966395727614,102.92334453023672,2.9326633111009417
650,7,27,40,[   0  267  683  822  949 1180],0.024869966395727614,102.92334453023672,2.9326633111009417
651,7,27,60,[   0  267  683  822  949 1180],0.024869966395727614,102.92334453023672,2.9326633111009417
652,7,28,0,[   0   17  132  195  267  683  822  949 1180],0.02874522385795919,99.13350685758483,3.7307102816117106
653,7,28,20,[   0  132  195  267  683  822  949 1180],0.02874522385795919,99.13350685758483,3.7307102816117106
654,7,28,40,[   0  132  195  267  683  822  949 1180],0.02874522385795919,99.13350685758483,3.7307102816117106
655,7,28,60,[   0  132  195  267  683  822  949 1180],0.02874522385795919,99.13350685758483,3.7307102816117106
656,7,29,0,[   0   17  195  267  664  822  949 1180],0.027893864066699383,97.48644086559088,3.242505121496717
657,7,29,20,[   0  153  195  267  664  822  949 1180],0.027893864066699383,97.48644086559088,3.242505121496717
658,7,29,40,[   0  153  195  267  664  822  949 1180],0.027893864066699383,97.48644086559088,3.242505121496717
659,7,29,60,[   0  267  664  822  949 1180],0.027893864066699383,97.48644086559088,3.242505121496717
660,7,30,0,[   0   17  195  267  677  822  949 1180],0.023073059581058562,95.27642142841235,3.0695952505748165
661,7,30,20,[   0  153  195  267  677  822  949 1180],0.023073059581058562,95.27642142841235,3.0695952505748165
662,7,30,40,[   0  153  195  267  677  822  949 1180],0.023073059581058562,95.27642142841235,3.0695952505748165
663,7,30,60,[   0  267  677  822  949 1180],0.023073059581058562,95.27642142841235,3.0695952505748165
664,7,31,0,[   0   17  195  268  677  822  949 1180],0.02950147880694116,97.61792104633004,3.3251434621319196
665,7,31,20,[   0  153  195  268  677  822  949 1180],0.02950147880694116,97.61792104633004,3.3251434621319196
666,7,31,40,[   0  153  195  268  677  822  949 1180],0.02950147880694116,97.61792104633004,3.3251434621319196
667,7,31,60,[   0  268  677  822  949 1180],0.02950147880694116,97.61792104633004,3.3251434621319196
668,7,32,0,[   0   17  132  195  250  683  822  949 1180],0.029930915889555366,99.0288052461903,3.4812059268199165
669,7,32,20,[   0  132  195  250  683  822  949 1180],0.029930915889555366,99.0288052461903,3.4812059268199165
670,7,32,40,[   0  132  195  250  683  822  949 1180],0.029930915889555366,99.0288052461903,3.4812059268199165
671,7,32,60,[   0  132  195  683  822  949 1180],0.029930915889555366,99.0288052461903,3.4812059268199165
672,7,33,0,[   0   17  132  195  267  677  822  943 1180],0.026658449302088005,101.22745381747623,3.747550612992652
673,7,33,20,[   0  132  195  267  677  822  943 1180],0.026658449302088005,101.22745381747623,3.747550612992652
674,7,33,40,[   0  132  195  267  677  822  943 1180],0.026658449302088005,101.22745381747623,3.747550612992652
675,7,33,60,[   0  132  195  267  677  822  943 1180],0.026658449302088005,101.22745381747623,3.747550612992652
676,7,34,0,[   0   17  132  195  250  677  822  949 1180],0.03206165968310404,99.62308846519953,3.384739936978559
677,7,34,20,[   0  132  195  250  677  822  949 1180],0.03206165968310404,99.62308846519953,3.384739936978559
678,7,34,40,[   0  132  195  250  677  822  949 1180],0.03206165968310404,99.62308846519953,3.384739936978559
679,7,34,60,[   0  132  195  677  822  949 1180],0.03206165968310404,99.62308846519953,3.384739936978559
680,7,35,0,[   0   17  195  267  676  822  949 1180],0.028285659776246214,97.24826528476603,3.186335977050254
681,7,35,20,[   0  158  195  267  676  822  949 1180],0.028285659776246214,97.24826528476603,3.186335977050254
682,7,35,40,[   0  267  676  822  949 1180],0.028285659776246214,97.24826528476603,3.186335977050254
683,7,35,60,[   0  267  676  822  949 1180],0.028285659776246214,97.24826528476603,3.186335977050254
684,7,36,0,[   0   17  195  267  679  822  949 1180],0.025171043858468772,97.88152216972867,3.1786510457271895
685,7,36,20,[   0  153  195  267  679  822  949 1180],0.025171043858468772,97.88152216972867,3.1786510457271895
686,7,36,40,[   0  153  195  267  679  822  949 1180],0.025171043858468772,97.88152216972867,3.1786510457271895
687,7,36,60,[   0  267  679  822  949 1180],0.025171043858468772,97.88152216972867,3.1786510457271895
688,7,37,0,[   0   64  243  615  822  865  866  952 1180],0.03445284699898135,104.16471691775894,2.390212796506387
689,7,37,20,[   0   64  243  615  829  952 1180],0.03445284699898135,104.16471691775894,2.390212796506387
690,7,37,40,[   0   64  243  615  829  952 1180],0.03445284699898135,104.16471691775894,2.390212796506387
691,7,37,60,[   0   64  243  615  829  952 1180],0.03445284699898135,104.16471691775894,2.390212796506387
692,7,38,0,[   0   17  153  195  243  615  822  865  866 1180],0.032746149691530876,105.38453133248191,2.775669551226259
693,7,38,20,[   0  153  195  243  615  829  866 1180],0.032746149691530876,105.38453133248191,2.775669551226259
694,7,38,40,[   0  153  195  243  615  829 1180],0.032746149691530876,105.38453133248191,2.775669551226259
695,7,38,60,[   0  243  615  829 1180],0.032746149691530876,105.38453133248191,2.775669551226259
696,7,39,0,[   0   17  263  648  822  865  866  953 1180],0.04657666929818634,112.23408602504915,2.33385810939254
697,7,39,20,[   0  263  648  822  953 1180],0.04657666929818634,112.23408602504915,2.33385810939254
698,7,39,40,[   0  263  648  822  953 1180],0.04657666929818634,112.23408602504915,2.33385810939254
699,7,39,60,[   0  263  648  822  953 1180],0.04657666929818634,112.23408602504915,2.33385810939254
700,7,40,0,[   0   17  153  195  267  648  822 1180],0.03369078350863937,107.89161742571011,3.181073164875547
701,7,40,20,[   0  153  195  267  648  822 1180],0.03369078350863937,107.89161742571011,3.181073164875547
702,7,40,40,[   0  153  195  267  648  822 1180],0.03369078350863937,107.89161742571011,3.181073164875547
703,7,40,60,[   0  195  267  648  822 1180],0.03369078350863937,107.89161742571011,3.181073164875547
704,7,41,0,[   0   17  195  648  822  949 1180],0.03175200860083051,103.34532578823527,3.001161676541728
705,7,41,20,[   0  153  195  648  822  949 1180],0.03175200860083051,103.34532578823527,3.001161676541728
706,7,41,40,[   0  153  195  648  822  949 1180],0.03175200860083051,103.34532578823527,3.001161676541728
707,7,41,60,[   0  195  648  822  949 1180],0.03175200860083051,103.34532578823527,3.001161676541728
708,7,42,0,[   0   17  153  195  250  648  735  822  949 1180],0.0323025860933385,105.12405845315553,3.046698795121864
709,7,42,20,[   0  153  195  250  648  735  822  949 1180],0.0323025860933385,105.12405845315553,3.046698795121864
710,7,42,40,[   0  153  195  250  648  735  822  949 1180],0.0323025860933385,105.12405845315553,3.046698795121864
711,7,42,60,[   0  250  648  822  949 1180],0.0323025860933385,105.12405845315553,3.046698795121864
712,7,43,0,[   0   17  209  262  676  822  846  913  949 1180],0.04887773047002069,107.94857859862945,2.9621535003129216
713,7,43,20,[   0  209  262  584  676  822  846  913  949 1180],0.04887773047002069,107.94857859862945,2.9621535003129216
714,7,43,40,[   0  262  676  846  949 1180],0.04887773047002069,107.94857859862945,2.9621535003129216
715,7,43,60,[   0  262  676  846  949 1180],0.04887773047002069,107.94857859862945,2.9621535003129216
716,7,44,0,[   0   17  243  649  827  949 1180],0.05397158067383789,107.92979017289368,2.6413165227204947
717,7,44,20,[   0  243  649  827  949 1180],0.05397158067383789,107.92979017289368,2.6413165227204947
718,7,44,40,[   0  243  649  827  949 1180],0.05397158067383789,107.92979017289368,2.6413165227204947
719,7,44,60,[   0  243  649  827  949 1180],0.05397158067383789,107.92979017289368,2.6413165227204947
720,7,45,0,[   0   17  198  649  822  949 1180],0.04564427441071216,106.93141743830218,2.9945001477981967
721,7,45,20,[   0  198  649  822  949 1180],0.04564427441071216,106.93141743830218,2.9945001477981967
722,7,45,40,[   0  198  649  822  949 1180],0.04564427441071216,106.93141743830218,2.9945001477981967
723,7,45,60,[   0  198  649  822  949 1180],0.04564427441071216,106.93141743830218,2.9945001477981967
724,7,46,0,[   0   13  217  262  685  822  865  866  949 1180],0.05078066839221038,109.04090442398716,2.3924277530534988
725,7,46,20,[   0  262  685  822  949 1180],0.05078066839221038,109.04090442398716,2.3924277530534988
726,7,46,40,[   0  262  685  822  949 1180],0.05078066839221038,109.04090442398716,2.3924277530534988
727,7,46,60,[   0  262  685  822  949 1180],0.05078066839221038,109.04090442398716,2.3924277530534988
728,7,47,0,[   0   17  198  262  615  729  822  865  866  949 1180],0.05582721853154259,109.63382661126118,2.174614838326058
729,7,47,20,[   0  198  262  615  729  822  949 1180],0.05582721853154259,109.63382661126118,2.174614838326058
730,7,47,40,[   0  198  262  615  729  822  949 1180],0.05582721853154259,109.63382661126118,2.174614838326058
731,7,47,60,[   0  198  262  615  729  822  949 1180],0.05582721853154259,109.63382661126118,2.174614838326058
732,7,48,0,[   0   17  262  683  865  866  949 1180],0.027440065814903228,108.18943149525526,2.5441852750182927
733,7,48,20,[   0  199  262  618  683  729  865  949 1180],0.027440065814903228,108.18943149525526,2.5441852750182927
734,7,48,40,[   0  199  262  618  683  729  865  949 1180],0.027440065814903228,108.18943149525526,2.5441852750182927
735,7,48,60,[   0  199  262  618  729  865  949 1180],0.027440065814903228,108.18943149525526,2.5441852750182927
736,7,49,0,[   0   17  218  683  822  949 1180],0.0365437896440825,111.98868942539443,2.993328806220241
737,7,49,20,[   0  218  683  822  949 1180],0.0365437896440825,111.98868942539443,2.993328806220241
738,7,49,40,[   0  218  683  822  949 1180],0.0365437896440825,111.98868942539443,2.993328806220241
739,7,49,60,[   0  218  683  822  949 1180],0.0365437896440825,111.98868942539443,2.993328806220241
740,7,50,0,[   0   17  209  306  618  727  865  866 1045 1180],0.046575719544319945,115.5420991266949,2.4090499051433194
741,7,50,20,[   0  209  306  618  727  795  866 1045 1180],0.046575719544319945,115.5420991266949,2.4090499051433194
742,7,50,40,[   0  209  306  618  727  795  866 1045 1180],0.046575719544319945,115.5420991266949,2.4090499051433194
743,7,50,60,[   0  209  306  618  727  795  866 1045 1180],0.046575719544319945,115.5420991266949,2.4090499051433194
744,8,20,0,[   0   17  153  195  267  681  822  855  887  949 1180],0.02154310807571547,88.33859930824245,3.0690541817036223
745,8,20,20,[   0  153  195  267  681  822  855  887  949 1180],0.02154310807571547,88.33859930824245,3.0690541817036223
746,8,20,40,[   0  153  195  267  681  822  949 1180],0.02154310807571547,88.33859930824245,3.0690541817036223
747,8,20,60,[   0  267  681  822  949 1180],0.02154310807571547,88.33859930824245,3.0690541817036223
748,8,21,0,[   0   17  153  195  267  681  829  865  866  887  949 1180],0.02423754863179869,89.16201460047256,2.9934059598837903
749,8,21,20,[   0  153  195  267  681  829  887  949 1180],0.02423754863179869,89.16201460047256,2.9934059598837903
750,8,21,40,[   0  153  195  267  681  829  887  949 1180],0.02423754863179869,89.16201460047256,2.9934059598837903
751,8,21,60,[   0  267  681  829  949 1180],0.02423754863179869,89.16201460047256,2.9934059598837903
752,8,22,0,[   0  103  195  270  678  829  949 1180],0.02894858066833293,87.70741764027761,2.93183259077706
753,8,22,20,[   0  103  195  270  678  829  949 1180],0.02894858066833293,87.70741764027761,2.93183259077706
754,8,22,40,[   0  103  195  270  678  829  949 1180],0.02894858066833293,87.70741764027761,2.93183259077706
755,8,22,60,[   0  103  195  270  678  829  949 1180],0.02894858066833293,87.70741764027761,2.93183259077706
756,8,23,0,[   0   17  203  267  681  827  949 1017 1040 1117 1180],0.037135493218044914,92.78476505704737,3.0792397370525793
757,8,23,20,[   0  267  681  822  949 1017 1040 1117 1180],0.037135493218044914,92.78476505704737,3.0792397370525793
758,8,23,40,[   0  203  267  681  822  949 1040 1117 1180],0.037135493218044914,92.78476505704737,3.0792397370525793
759,8,23,60,[   0  203  267  681  822  949 1040 1117 1180],0.037135493218044914,92.78476505704737,3.0792397370525793
760,8,24,0,[   0   17  210  267  683  827  949 1017 1040 1117 1180],0.04504353939065304,96.88528947629135,2.9552484433269424
761,8,24,20,[   0  267  683  822  949 1017 1040 1117 1180],0.04504353939065304,96.88528947629135,2.9552484433269424
762,8,24,40,[   0  210  267  683  822  949 1040 1117 1180],0.04504353939065304,96.88528947629135,2.9552484433269424
763,8,24,60,[   0  267  683  822  949 1040 1117 1180],0.04504353939065304,96.88528947629135,2.9552484433269424
764,8,25,0,[   0   17  210  267  683  822  865  866  949 1180],0.058405665303018335,96.65769077392154,2.9064894961668113
765,8,25,20,[   0  267  683  822  949 1180],0.058405665303018335,96.65769077392154,2.9064894961668113
766,8,25,40,[   0  267  683  822  949 1180],0.058405665303018335,96.65769077392154,2.9064894961668113
767,8,25,60,[   0  267  683  822  949 1180],0.058405665303018335,96.65769077392154,2.9064894961668113
768,8,26,0,[   0   17  132  195  267  683  822  949 1180],0.017743921395879887,91.26428976669551,3.391961246790335
769,8,26,20,[   0  132  195  267  683  822  949 1180],0.017743921395879887,91.26428976669551,3.391961246790335
770,8,26,40,[   0  132  195  267  683  822  949 1180],0.017743921395879887,91.26428976669551,3.391961246790335
771,8,26,60,[   0  132  195  267  683  822  949 1180],0.017743921395879887,91.26428976669551,3.391961246790335
772,8,27,0,[   0   17  197  267  683  822  949 1017 1060 1180],0.025481290266826717,95.6837991561866,2.959435880380928
773,8,27,20,[   0  197  267  683  822  949 1017 1060 1180],0.025481290266826717,95.6837991561866,2.959435880380928
774,8,27,40,[   0  197  267  683  822  949 1017 1060 1180],0.025481290266826717,95.6837991561866,2.959435880380928
775,8,27,60,[   0  267  683  822  949 1180],0.025481290266826717,95.6837991561866,2.959435880380928
776,8,28,0,[   0   17  132  195  267  683  822  865  866  949 1180],0.029434060269729584,91.81941980049218,3.293219960165392
777,8,28,20,[   0  132  195  267  618  683  822  866  913  949 1180],0.029434060269729584,91.81941980049218,3.293219960165392
778,8,28,40,[   0  132  195  267  683  822  949 1180],0.029434060269729584,91.81941980049218,3.293219960165392
779,8,28,60,[   0  132  195  267  683  822  949 1180],0.029434060269729584,91.81941980049218,3.293219960165392
780,8,29,0,[   0   17  195  267  664  822  949 1180],0.03472990679381921,91.52656990487301,3.216166903485705
781,8,29,20,[   0  153  195  267  664  822  949 1180],0.03472990679381921,91.52656990487301,3.216166903485705
782,8,29,40,[   0  153  195  267  664  822  949 1180],0.03472990679381921,91.52656990487301,3.216166903485705
783,8,29,60,[   0  267  664  822  949 1180],0.03472990679381921,91.52656990487301,3.216166903485705
784,8,30,0,[   0   17  195  267  677  822  949 1180],0.02350987488316987,90.16132178331905,3.6859669356022033
785,8,30,20,[   0  153  195  267  677  822  949 1180],0.02350987488316987,90.16132178331905,3.6859669356022033
786,8,30,40,[   0  153  195  267  677  822  949 1180],0.02350987488316987,90.16132178331905,3.6859669356022033
787,8,30,60,[   0  267  677  822  949 1180],0.02350987488316987,90.16132178331905,3.6859669356022033
788,8,31,0,[   0   17  153  195  268  677  822  949 1017 1040 1117 1180],0.03459049616978691,91.48004708313938,3.3558450963197677
789,8,31,20,[   0  153  195  268  677  822  949 1017 1040 1117 1180],0.03459049616978691,91.48004708313938,3.3558450963197677
790,8,31,40,[   0  153  195  268  677  822  949 1040 1117 1180],0.03459049616978691,91.48004708313938,3.3558450963197677
791,8,31,60,[   0  195  268  677  822  949 1040 1117 1180],0.03459049616978691,91.48004708313938,3.3558450963197677
792,8,32,0,[   0   17  132  195  250  683  822  949 1017 1038 1122 1180],0.02908081197294394,92.46232625817633,3.2099996619449653
793,8,32,20,[   0  132  195  250  683  822  949 1017 1038 1122 1180],0.02908081197294394,92.46232625817633,3.2099996619449653
794,8,32,40,[   0  132  195  250  683  822  949 1038 1122 1180],0.02908081197294394,92.46232625817633,3.2099996619449653
795,8,32,60,[   0  132  195  683  822  949 1180],0.02908081197294394,92.46232625817633,3.2099996619449653
796,8,33,0,[   0   17  132  195  267  677  822  943 1180],0.016573012005315718,94.02165665519915,3.7138903994464423
797,8,33,20,[   0  132  195  267  677  822  943 1180],0.016573012005315718,94.02165665519915,3.7138903994464423
798,8,33,40,[   0  132  195  267  677  822  943 1180],0.016573012005315718,94.02165665519915,3.7138903994464423
799,8,33,60,[   0  132  195  267  677  822  943 1180],0.016573012005315718,94.02165665519915,3.7138903994464423
800,8,34,0,[   0   17  132  195  250  677  822  949 1180],0.03891740572795733,93.62703871581846,3.3830280497825855
801,8,34,20,[   0  132  195  250  677  822  949 1180],0.03891740572795733,93.62703871581846,3.3830280497825855
802,8,34,40,[   0  132  195  250  677  822  949 1180],0.03891740572795733,93.62703871581846,3.3830280497825855
803,8,34,60,[   0  132  195  677  822  949 1180],0.03891740572795733,93.62703871581846,3.3830280497825855
804,8,35,0,[   0   17  195  267  676  822  949 1180],0.031978845183027196,92.36849857021672,3.6286527105115063
805,8,35,20,[   0  158  195  267  676  822  949 1180],0.031978845183027196,92.36849857021672,3.6286527105115063
806,8,35,40,[   0  267  676  822  949 1180],0.031978845183027196,92.36849857021672,3.6286527105115063
807,8,35,60,[   0  267  676  822  949 1180],0.031978845183027196,92.36849857021672,3.6286527105115063
808,8,36,0,[   0   17  195  267  679  822  949 1180],0.031997632753043494,91.77628360505311,3.1772008210322555
809,8,36,20,[   0  153  195  267  679  822  949 1180],0.031997632753043494,91.77628360505311,3.1772008210322555
810,8,36,40,[   0  153  195  267  679  822  949 1180],0.031997632753043494,91.77628360505311,3.1772008210322555
811,8,36,60,[   0  267  679  822  949 1180],0.031997632753043494,91.77628360505311,3.1772008210322555
812,8,37,0,[   0   64  243  614  745  829  865  866  952 1180],0.018438456940322236,95.72544488431866,2.393338446778599
813,8,37,20,[   0   64  243  614  745  829  952 1180],0.018438456940322236,95.72544488431866,2.393338446778599
814,8,37,40,[   0   64  243  614  745  829  952 1180],0.018438456940322236,95.72544488431866,2.393338446778599
815,8,37,60,[   0   64  243  614  745  829  952 1180],0.018438456940322236,95.72544488431866,2.393338446778599
816,8,38,0,[   0   17  153  195  243  615  822  865  866  953 1180],0.03649362117353096,98.07821116320407,2.806465212695199
817,8,38,20,[   0  153  195  243  615  829  953 1180],0.03649362117353096,98.07821116320407,2.806465212695199
818,8,38,40,[   0  153  195  243  615  829  953 1180],0.03649362117353096,98.07821116320407,2.806465212695199
819,8,38,60,[   0  243  615  829  953 1180],0.03649362117353096,98.07821116320407,2.806465212695199
820,8,39,0,[   0   17  263  648  822  865  866  953 1180],0.043348418381365286,102.36522750212785,2.6768820524482506
821,8,39,20,[   0  263  648  822  953 1180],0.043348418381365286,102.36522750212785,2.6768820524482506
822,8,39,40,[   0  263  648  822  953 1180],0.043348418381365286,102.36522750212785,2.6768820524482506
823,8,39,60,[   0  263  648  822  953 1180],0.043348418381365286,102.36522750212785,2.6768820524482506
824,8,40,0,[   0   17  153  195  267  648  822  865  866 1180],0.035199277847356186,100.3355541662904,2.8192930761551436
825,8,40,20,[   0  153  195  267  648  822  866 1180],0.035199277847356186,100.3355541662904,2.8192930761551436
826,8,40,40,[   0  153  195  267  648  822  866 1180],0.035199277847356186,100.3355541662904,2.8192930761551436
827,8,40,60,[   0  195  267  648  822 1180],0.035199277847356186,100.3355541662904,2.8192930761551436
828,8,41,0,[   0   17  195  648  822  949 1180],0.031243364195462572,96.00365961842132,3.5150240687808405
829,8,41,20,[   0  153  195  648  822  949 1180],0.031243364195462572,96.00365961842132,3.5150240687808405
830,8,41,40,[   0  153  195  648  822  949 1180],0.031243364195462572,96.00365961842132,3.5150240687808405
831,8,41,60,[   0  195  648  822  949 1180],0.031243364195462572,96.00365961842132,3.5150240687808405
832,8,42,0,[   0   17  153  195  250  648  735  822  949 1180],0.027634698349448355,97.60728093243283,3.301634717713853
833,8,42,20,[   0  153  195  250  648  735  822  949 1180],0.027634698349448355,97.60728093243283,3.301634717713853
834,8,42,40,[   0  153  195  250  648  735  822  949 1180],0.027634698349448355,97.60728093243283,3.301634717713853
835,8,42,60,[   0  250  648  822  949 1180],0.027634698349448355,97.60728093243283,3.301634717713853
836,8,43,0,[   0   17  209  262  676  822  846  913  949 1180],0.054062557953740355,100.2171462282698,2.99802067474027
837,8,43,20,[   0  209  262  584  676  822  846  913  949 1001 1180],0.054062557953740355,100.2171462282698,2.99802067474027
838,8,43,40,[   0  262  676  846  949 1180],0.054062557953740355,100.2171462282698,2.99802067474027
839,8,43,60,[   0  262  676  846  949 1180],0.054062557953740355,100.2171462282698,2.99802067474027
840,8,44,0,[   0   17  243  649  827  865  866  949 1180],0.05491566659900236,99.39473932178431,2.3436513489234105
841,8,44,20,[   0  243  649  827  949 1180],0.05491566659900236,99.39473932178431,2.3436513489234105
842,8,44,40,[   0  243  649  827  949 1180],0.05491566659900236,99.39473932178431,2.3436513489234105
843,8,44,60,[   0  243  649  827  949 1180],0.05491566659900236,99.39473932178431,2.3436513489234105
844,8,45,0,[   0   17  263  683  822  949 1180],0.031126988261313403,99.96757972957433,3.052880549642703
845,8,45,20,[   0  263  683  822  949 1180],0.031126988261313403,99.96757972957433,3.052880549642703
846,8,45,40,[   0  263  683  822  949 1180],0.031126988261313403,99.96757972957433,3.052880549642703
847,8,45,60,[   0  263  683  822  949 1180],0.031126988261313403,99.96757972957433,3.052880549642703
848,8,46,0,[   0   13  217  262  683  822  865  866  949 1180],0.029114151916545178,100.96045026035831,2.551229238271911
849,8,46,20,[   0  262  683  822  949 1180],0.029114151916545178,100.96045026035831,2.551229238271911
850,8,46,40,[   0  262  683  822  949 1180],0.029114151916545178,100.96045026035831,2.551229238271911
851,8,46,60,[   0  262  683  822  949 1180],0.029114151916545178,100.96045026035831,2.551229238271911
852,8,47,0,[   0   17  198  262  615  729  822  865  866  949 1180],0.05954455960757365,101.34446568004348,2.4406660261055926
853,8,47,20,[   0  198  262  615  729  822  949 1180],0.05954455960757365,101.34446568004348,2.4406660261055926
854,8,47,40,[   0  198  262  615  729  822  949 1180],0.05954455960757365,101.34446568004348,2.4406660261055926
855,8,47,60,[   0  198  262  615  729  822  949 1180],0.05954455960757365,101.34446568004348,2.4406660261055926
856,8,48,0,[   0   17  199  262  683  822  865  866  949 1180],0.013533075489903913,98.36173101800902,2.8134406252581865
857,8,48,20,[   0  262  683  822  949 1180],0.013533075489903913,98.36173101800902,2.8134406252581865
858,8,48,40,[   0  262  683  822  949 1180],0.013533075489903913,98.36173101800902,2.8134406252581865
859,8,48,60,[   0  262  683  822  949 1180],0.013533075489903913,98.36173101800902,2.8134406252581865
860,8,49,0,[   0   17  218  683  822  865  866  949 1180],0.03788568013470341,103.72867475286627,2.6491687691126167
861,8,49,20,[   0  218  683  822  949 1180],0.03788568013470341,103.72867475286627,2.6491687691126167
862,8,49,40,[   0  218  683  822  949 1180],0.03788568013470341,103.72867475286627,2.6491687691126167
863,8,49,60,[   0  218  683  822  949 1180],0.03788568013470341,103.72867475286627,2.6491687691126167
864,8,50,0,[   0   17  209  306  618  727  822  865  866  930 1045 1180],0.03742721233217855,104.40289081251862,3.078678602745855
865,8,50,20,[   0  209  306  618  727  822  930 1045 1180],0.03742721233217855,104.40289081251862,3.078678602745855
866,8,50,40,[   0  209  306  618  727  822  930 1045 1180],0.03742721233217855,104.40289081251862,3.078678602745855
867,8,50,60,[   0  209  306  618  727  822  930 1045 1180],0.03742721233217855,104.40289081251862,3.078678602745855
868,9,20,0,[   0   17  153  195  267  681  822  855  865  866  887  949 1180],0.021911595655921275,82.96121532550913,2.7510959195799547
869,9,20,20,[   0  153  195  267  681  822  855  887  949 1180],0.021911595655921275,82.96121532550913,2.7510959195799547
870,9,20,40,[   0  153  195  267  681  822  949 1180],0.021911595655921275,82.96121532550913,2.7510959195799547
871,9,20,60,[   0  267  681  822  949 1180],0.021911595655921275,82.96121532550913,2.7510959195799547
872,9,21,0,[   0   17  153  195  267  681  822  855  865  866  887  949 1180],0.02352567157538165,83.6793924208291,2.9904361975580716
873,9,21,20,[   0  153  195  267  681  822  855  887  949 1180],0.02352567157538165,83.6793924208291,2.9904361975580716
874,9,21,40,[   0  153  195  267  681  822  949 1180],0.02352567157538165,83.6793924208291,2.9904361975580716
875,9,21,60,[   0  267  681  822  949 1180],0.02352567157538165,83.6793924208291,2.9904361975580716
876,9,22,0,[   0  103  195  270  678  829  865  866  949 1180],0.030235486969664632,82.50798283750039,2.6411773167960053
877,9,22,20,[   0  103  195  270  678  829  949 1180],0.030235486969664632,82.50798283750039,2.6411773167960053
878,9,22,40,[   0  103  195  270  678  829  949 1180],0.030235486969664632,82.50798283750039,2.6411773167960053
879,9,22,60,[   0  103  195  270  678  829  949 1180],0.030235486969664632,82.50798283750039,2.6411773167960053
880,9,23,0,[   0   17  203  267  681  822  854  865  866  949 1017 1040 1117 1180],0.03795487434083205,87.35468278031225,2.759212199832728
881,9,23,20,[   0  267  681  822  949 1017 1040 1117 1180],0.03795487434083205,87.35468278031225,2.759212199832728
882,9,23,40,[   0  203  267  681  822  949 1040 1117 1180],0.03795487434083205,87.35468278031225,2.759212199832728
883,9,23,60,[   0  203  267  681  822  949 1040 1117 1180],0.03795487434083205,87.35468278031225,2.759212199832728
884,9,24,0,[   0   17  210  267  683  822  854  865  866  949 1017 1040 1117 1180],0.046093895895461624,91.1930681092271,2.6444144516346655
885,9,24,20,[   0  267  683  822  949 1017 1040 1117 1180],0.046093895895461624,91.1930681092271,2.6444144516346655
886,9,24,40,[   0  210  267  683  822  949 1040 1117 1180],0.046093895895461624,91.1930681092271,2.6444144516346655
887,9,24,60,[   0  267  683  822  949 1040 1117 1180],0.046093895895461624,91.1930681092271,2.6444144516346655
888,9,25,0,[   0   17  210  267  683  822  865  866  949 1017 1040 1117 1180],0.04268814879682911,90.5412820563163,3.1060564021813266
889,9,25,20,[   0  267  683  822  949 1017 1040 1117 1180],0.04268814879682911,90.5412820563163,3.1060564021813266
890,9,25,40,[   0  210  267  683  822  949 1040 1117 1180],0.04268814879682911,90.5412820563163,3.1060564021813266
891,9,25,60,[   0  267  683  822  949 1040 1117 1180],0.04268814879682911,90.5412820563163,3.1060564021813266
892,9,26,0,[   0   17  132  195  267  683  822  949 1017 1060 1180],0.018203803116066265,86.54342346421281,3.4163406382263934
893,9,26,20,[   0  132  195  267  683  822  949 1017 1060 1180],0.018203803116066265,86.54342346421281,3.4163406382263934
894,9,26,40,[   0  132  195  267  683  822  949 1017 1060 1180],0.018203803116066265,86.54342346421281,3.4163406382263934
895,9,26,60,[   0  132  195  267  683  822  949 1180],0.018203803116066265,86.54342346421281,3.4163406382263934
896,9,27,0,[   0   17  197  267  683  822  865  866  949 1017 1060 1180],0.026668079323064645,90.22907134681982,2.6477572890479117
897,9,27,20,[   0  197  267  683  822  949 1017 1060 1180],0.026668079323064645,90.22907134681982,2.6477572890479117
898,9,27,40,[   0  197  267  683  822  949 1017 1060 1180],0.026668079323064645,90.22907134681982,2.6477572890479117
899,9,27,60,[   0  267  683  822  949 1180],0.026668079323064645,90.22907134681982,2.6477572890479117
900,9,28,0,[   0   17  132  195  267  618  683  822  846  865  866  913  949 1180],0.02589429081051646,86.5591566128417,3.1512451401518344
901,9,28,20,[   0  132  195  267  618  683  822  846  913  949 1180],0.02589429081051646,86.5591566128417,3.1512451401518344
902,9,28,40,[   0  132  195  267  683  846  949 1180],0.02589429081051646,86.5591566128417,3.1512451401518344
903,9,28,60,[   0  132  195  267  683  846  949 1180],0.02589429081051646,86.5591566128417,3.1512451401518344
904,9,29,0,[   0   17  153  195  267  664  822  865  866  949 1180],0.03554062045593141,86.37620663790581,2.8779836500509206
905,9,29,20,[   0  153  195  267  664  822  949 1180],0.03554062045593141,86.37620663790581,2.8779836500509206
906,9,29,40,[   0  153  195  267  664  822  949 1180],0.03554062045593141,86.37620663790581,2.8779836500509206
907,9,29,60,[   0  267  664  822  949 1180],0.03554062045593141,86.37620663790581,2.8779836500509206
908,9,30,0,[   0   17  195  267  677  822  949 1180],0.0199702456628805,86.16690206710622,3.8027222956926616
909,9,30,20,[   0  153  195  267  677  822  949 1180],0.0199702456628805,86.16690206710622,3.8027222956926616
910,9,30,40,[   0  153  195  267  677  822  949 1180],0.0199702456628805,86.16690206710622,3.8027222956926616
911,9,30,60,[   0  267  677  822  949 1180],0.0199702456628805,86.16690206710622,3.8027222956926616
912,9,31,0,[   0   17  153  195  268  677  822  865  866  949 1017 1040 1117 1180],0.035731178471109466,86.31628408587088,3.0048591819578747
913,9,31,20,[   0  153  195  268  677  822  949 1017 1040 1117 1180],0.035731178471109466,86.31628408587088,3.0048591819578747
914,9,31,40,[   0  153  195  268  677  822  949 1040 1117 1180],0.035731178471109466,86.31628408587088,3.0048591819578747
915,9,31,60,[   0  195  268  677  822  949 1040 1117 1180],0.035731178471109466,86.31628408587088,3.0048591819578747
916,9,32,0,[   0   17  132  195  250  683  822  949 1017 1040 1117 1180],0.034178444441974494,87.25636404651186,3.2253353056452005
917,9,32,20,[   0  132  195  250  683  822  949 1017 1040 1117 1180],0.034178444441974494,87.25636404651186,3.2253353056452005
918,9,32,40,[   0  132  195  250  683  822  949 1040 1117 1180],0.034178444441974494,87.25636404651186,3.2253353056452005
919,9,32,60,[   0  132  195  683  822  949 1040 1117 1180],0.034178444441974494,87.25636404651186,3.2253353056452005
920,9,33,0,[   0   17  132  195  267  677  822  865  866  943 1180],0.018137578280611,88.93164835666445,3.3284611619696056
921,9,33,20,[   0  132  195  267  677  822  943 1180],0.018137578280611,88.93164835666445,3.3284611619696056
922,9,33,40,[   0  132  195  267  677  822  943 1180],0.018137578280611,88.93164835666445,3.3284611619696056
923,9,33,60,[   0  132  195  267  677  822  943 1180],0.018137578280611,88.93164835666445,3.3284611619696056
924,9,34,0,[   0   17  132  195  250  677  822  865  866  949 1180],0.04006064631964978,88.37733767810259,3.02700190548916
925,9,34,20,[   0  132  195  250  677  822  949 1180],0.04006064631964978,88.37733767810259,3.02700190548916
926,9,34,40,[   0  132  195  250  677  822  949 1180],0.04006064631964978,88.37733767810259,3.02700190548916
927,9,34,60,[   0  132  195  677  822  949 1180],0.04006064631964978,88.37733767810259,3.02700190548916
928,9,35,0,[   0   17  158  195  267  676  822  865  866  949 1180],0.033378559256709885,87.26535155821756,3.244685071295595
929,9,35,20,[   0  158  195  267  676  822  949 1180],0.033378559256709885,87.26535155821756,3.244685071295595
930,9,35,40,[   0  267  676  822  949 1180],0.033378559256709885,87.26535155821756,3.244685071295595
931,9,35,60,[   0  267  676  822  949 1180],0.033378559256709885,87.26535155821756,3.244685071295595
932,9,36,0,[   0   17  153  195  267  679  822  865  866  949 1180],0.033189379103913626,86.54033314731754,2.8462472067251663
933,9,36,20,[   0  153  195  267  679  822  949 1180],0.033189379103913626,86.54033314731754,2.8462472067251663
934,9,36,40,[   0  153  195  267  679  822  949 1180],0.033189379103913626,86.54033314731754,2.8462472067251663
935,9,36,60,[   0  267  679  822  949 1180],0.033189379103913626,86.54033314731754,2.8462472067251663
936,9,37,0,[   0   64  195  267  614  745  829  865  866  952 1180],0.02062980196694233,88.46735638794982,2.6849261658771923
937,9,37,20,[   0   64  195  270  614  745  829  952 1180],0.02062980196694233,88.46735638794982,2.6849261658771923
938,9,37,40,[   0   64  195  270  614  745  829  952 1180],0.02062980196694233,88.46735638794982,2.6849261658771923
939,9,37,60,[   0   64  195  270  614  745  829  952 1180],0.02062980196694233,88.46735638794982,2.6849261658771923
940,9,38,0,[   0   17  153  195  277  615  829  865  866  953 1180],0.02589991399994969,91.51825252765832,2.929655390999779
941,9,38,20,[   0  153  195  277  615  829  953 1180],0.02589991399994969,91.51825252765832,2.929655390999779
942,9,38,40,[   0  153  195  277  615  829  953 1180],0.02589991399994969,91.51825252765832,2.929655390999779
943,9,38,60,[   0  277  615  829  953 1180],0.02589991399994969,91.51825252765832,2.929655390999779
944,9,39,0,[   0   17  263  648  827  865  866  949 1180],0.04605413532277916,95.05495965180603,2.651175430205931
945,9,39,20,[   0  263  648  827  949 1180],0.04605413532277916,95.05495965180603,2.651175430205931
946,9,39,40,[   0  263  648  827  949 1180],0.04605413532277916,95.05495965180603,2.651175430205931
947,9,39,60,[   0  263  648  827  949 1180],0.04605413532277916,95.05495965180603,2.651175430205931
948,9,40,0,[   0   17  153  195  267  648  822  865  866  953 1180],0.03579367113106337,93.36049954764916,2.830835362030564
949,9,40,20,[   0  153  195  267  648  822  953 1180],0.03579367113106337,93.36049954764916,2.830835362030564
950,9,40,40,[   0  153  195  267  648  822  953 1180],0.03579367113106337,93.36049954764916,2.830835362030564
951,9,40,60,[   0  267  648  822  953 1180],0.03579367113106337,93.36049954764916,2.830835362030564
952,9,41,0,[   0   17  153  195  340  648  822  865  866  949 1180],0.03261237067465169,90.79441212566248,3.1507988443618333
953,9,41,20,[   0  153  195  648  822  949 1180],0.03261237067465169,90.79441212566248,3.1507988443618333
954,9,41,40,[   0  153  195  648  822  949 1180],0.03261237067465169,90.79441212566248,3.1507988443618333
955,9,41,60,[   0  195  648  822  949 1180],0.03261237067465169,90.79441212566248,3.1507988443618333
956,9,42,0,[   0   17  153  195  250  648  735  822  865  866  913  949 1180],0.029065626809840994,92.17554592186686,2.9625886394406487
957,9,42,20,[   0  153  195  250  648  735  822  866  913  949 1180],0.029065626809840994,92.17554592186686,2.9625886394406487
958,9,42,40,[   0  153  195  250  648  735  822  949 1180],0.029065626809840994,92.17554592186686,2.9625886394406487
959,9,42,60,[   0  250  648  822  949 1180],0.029065626809840994,92.17554592186686,2.9625886394406487
960,9,43,0,[   0   17  209  262  676  822  865  866  949 1180],0.05518066536893742,94.49333114622544,2.6838640795233397
961,9,43,20,[   0  209  262  584  676  822  846  913  949 1001 1180],0.05518066536893742,94.49333114622544,2.6838640795233397
962,9,43,40,[   0  262  676  846  949 1180],0.05518066536893742,94.49333114622544,2.6838640795233397
963,9,43,60,[   0  262  676  846  949 1180],0.05518066536893742,94.49333114622544,2.6838640795233397
964,9,44,0,[   0   17  243  649  727  827  865  866  949 1017 1038 1180],0.05331470415224844,92.93802835307274,2.305122244201762
965,9,44,20,[   0  153  243  649  727  827  949 1017 1038 1180],0.05331470415224844,92.93802835307274,2.305122244201762
966,9,44,40,[   0  153  243  649  727  827  949 1038 1180],0.05331470415224844,92.93802835307274,2.305122244201762
967,9,44,60,[   0  153  243  649  727  827  949 1038 1180],0.05331470415224844,92.93802835307274,2.305122244201762
968,9,45,0,[   0   17  198  263  683  822  865  866  949 1180],0.03236050024451505,94.42567290387083,2.731604520577962
969,9,45,20,[   0  263  683  822  949 1180],0.03236050024451505,94.42567290387083,2.731604520577962
970,9,45,40,[   0  263  683  822  949 1180],0.03236050024451505,94.42567290387083,2.731604520577962
971,9,45,60,[   0  263  683  822  949 1180],0.03236050024451505,94.42567290387083,2.731604520577962
972,9,46,0,[   0   13  217  262  683  822  865  866  949 1017 1038 1180],0.029788309003632225,94.27349423951541,2.47859270196474
973,9,46,20,[   0  262  683  822  949 1017 1038 1180],0.029788309003632225,94.27349423951541,2.47859270196474
974,9,46,40,[   0  262  683  822  949 1180],0.029788309003632225,94.27349423951541,2.47859270196474
975,9,46,60,[   0  262  683  822  949 1180],0.029788309003632225,94.27349423951541,2.47859270196474
976,9,47,0,[   0   17  198  262  685  822  865  866  949 1180],0.038246796805524105,94.82850638062492,2.8743357426082685
977,9,47,20,[   0  262  685  822  949 1180],0.038246796805524105,94.82850638062492,2.8743357426082685
978,9,47,40,[   0  262  685  822  949 1180],0.038246796805524105,94.82850638062492,2.8743357426082685
979,9,47,60,[   0  262  685  822  949 1180],0.038246796805524105,94.82850638062492,2.8743357426082685
980,9,48,0,[   0   17  199  262  683  822  865  866  949 1180],0.02148573866884993,92.37529388000121,2.788445822936451
981,9,48,20,[   0  262  683  822  949 1180],0.02148573866884993,92.37529388000121,2.788445822936451
982,9,48,40,[   0  262  683  822  949 1180],0.02148573866884993,92.37529388000121,2.788445822936451
983,9,48,60,[   0  262  683  822  949 1180],0.02148573866884993,92.37529388000121,2.788445822936451
984,9,49,0,[   0   17  218  683  822  865  866  949 1017 1038 1180],0.037423228942930674,96.6862492505584,2.5480016328055926
985,9,49,20,[   0  218  683  822  949 1017 1038 1180],0.037423228942930674,96.6862492505584,2.5480016328055926
986,9,49,40,[   0  218  683  822  949 1180],0.037423228942930674,96.6862492505584,2.5480016328055926
987,9,49,60,[   0  218  683  822  949 1180],0.037423228942930674,96.6862492505584,2.5480016328055926
988,9,50,0,[   0   17  209  306  618  727  822  865  866  930 1045 1180],0.04222969322366319,98.06282010905393,2.9547472684251463
989,9,50,20,[   0  209  306  618  727  822  930 1045 1180],0.04222969322366319,98.06282010905393,2.9547472684251463
990,9,50,40,[   0  209  306  618  727  822  930 1045 1180],0.04222969322366319,98.06282010905393,2.9547472684251463
991,9,50,60,[   0  209  306  618  727  822  930 1045 1180],0.04222969322366319,98.06282010905393,2.9547472684251463
992,10,20,0,[   0   17  153  195  267  681  822  855  865  866  887  949 1180],0.014371435373072436,78.82884757937488,2.8349349940137287
993,10,20,20,[   0  153  195  267  681  822  855  887  949 1180],0.014371435373072436,78.82884757937488,2.8349349940137287
994,10,20,40,[   0  153  195  267  681  822  949 1180],0.014371435373072436,78.82884757937488,2.8349349940137287
995,10,20,60,[   0  267  681  822  949 1180],0.014371435373072436,78.82884757937488,2.8349349940137287
996,10,21,0,"[   0   17  153  195  267  681  822  855  865  866  887  949 1022 1038
 1180]",0.026097170160525332,78.76987953461882,2.867454417606802
997,10,21,20,[   0  153  195  267  681  822  855  887  949 1038 1180],0.026097170160525332,78.76987953461882,2.867454417606802
998,10,21,40,[   0  153  195  267  681  822  887  949 1038 1180],0.026097170160525332,78.76987953461882,2.867454417606802
999,10,21,60,[   0  195  267  681  822  887  949 1038 1180],0.026097170160525332,78.76987953461882,2.867454417606802
1000,10,22,0,[   0   13  103  195  270  678  829  865  866  949 1180],0.01264533273906155,78.384927458703,2.8647139512721784
1001,10,22,20,[   0   46  103  195  270  678  829  949 1180],0.01264533273906155,78.384927458703,2.8647139512721784
1002,10,22,40,[   0   46  103  195  270  678  829  949 1180],0.01264533273906155,78.384927458703,2.8647139512721784
1003,10,22,60,[   0  103  195  270  678  829  949 1180],0.01264533273906155,78.384927458703,2.8647139512721784
1004,10,23,0,[   0   17  203  267  681  822  854  865  866  949 1017 1040 1117 1180],0.03845147662828691,82.7032024638749,2.743323031843086
1005,10,23,20,[   0  267  681  822  949 1017 1040 1117 1180],0.03845147662828691,82.7032024638749,2.743323031843086
1006,10,23,40,[   0  203  267  681  822  949 1040 1117 1180],0.03845147662828691,82.7032024638749,2.743323031843086
1007,10,23,60,[   0  203  267  681  822  949 1040 1117 1180],0.03845147662828691,82.7032024638749,2.743323031843086
1008,10,24,0,[   0   17  210  267  683  822  854  865  866  949 1017 1040 1117 1180],0.031540356727219734,85.17113585862076,2.7840219505924795
1009,10,24,20,[   0  267  683  822  949 1017 1040 1117 1180],0.031540356727219734,85.17113585862076,2.7840219505924795
1010,10,24,40,[   0  210  267  683  822  949 1040 1117 1180],0.031540356727219734,85.17113585862076,2.7840219505924795
1011,10,24,60,[   0  267  683  822  949 1040 1117 1180],0.031540356727219734,85.17113585862076,2.7840219505924795
1012,10,25,0,[   0   17  210  267  683  827  865  866  949 1017 1040 1117 1180],0.04486775781612237,85.5946116781791,2.904357385494785
1013,10,25,20,[   0  267  683  827  949 1017 1040 1117 1180],0.04486775781612237,85.5946116781791,2.904357385494785
1014,10,25,40,[   0  210  267  683  827  949 1040 1117 1180],0.04486775781612237,85.5946116781791,2.904357385494785
1015,10,25,60,[   0  267  683  827  949 1040 1117 1180],0.04486775781612237,85.5946116781791,2.904357385494785
1016,10,26,0,[   0   17  132  195  267  683  822  865  866  949 1017 1060 1180],0.01929654161778989,82.85312029603847,3.090139430242132
1017,10,26,20,[   0  132  195  267  683  822  949 1017 1060 1180],0.01929654161778989,82.85312029603847,3.090139430242132
1018,10,26,40,[   0  132  195  267  683  822  949 1017 1060 1180],0.01929654161778989,82.85312029603847,3.090139430242132
1019,10,26,60,[   0  132  195  267  683  822  949 1180],0.01929654161778989,82.85312029603847,3.090139430242132
1020,10,27,0,[   0   17  197  267  677  822  865  866  949 1017 1060 1180],0.02612852297263057,84.22305079954793,2.591945453942526
1021,10,27,20,[   0  197  267  677  822  949 1017 1060 1180],0.02612852297263057,84.22305079954793,2.591945453942526
1022,10,27,40,[   0  197  267  677  822  949 1017 1060 1180],0.02612852297263057,84.22305079954793,2.591945453942526
1023,10,27,60,[   0  267  677  822  949 1180],0.02612852297263057,84.22305079954793,2.591945453942526
1024,10,28,0,"[   0   17  132  195  267  618  683  822  846  865  866  913  949 1017
 1121 1180]",0.02810099540077273,82.65512736077845,3.1826557351421947
1025,10,28,20,[   0  132  195  267  618  683  822  846  913  949 1017 1121 1180],0.02810099540077273,82.65512736077845,3.1826557351421947
1026,10,28,40,[   0  132  195  267  683  846  949 1180],0.02810099540077273,82.65512736077845,3.1826557351421947
1027,10,28,60,[   0  132  195  267  683  846  949 1180],0.02810099540077273,82.65512736077845,3.1826557351421947
1028,10,29,0,[   0   17  153  195  267  681  822  865  866  949 1180],0.029924667592402237,82.44660090261465,2.881396641528169
1029,10,29,20,[   0  153  195  267  681  822  949 1180],0.029924667592402237,82.44660090261465,2.881396641528169
1030,10,29,40,[   0  153  195  267  681  822  949 1180],0.029924667592402237,82.44660090261465,2.881396641528169
1031,10,29,60,[   0  267  681  822  949 1180],0.029924667592402237,82.44660090261465,2.881396641528169
1032,10,30,0,[   0   17  195  267  677  822  949 1180],0.02636839616451074,82.85060242332207,3.7667122251424106
1033,10,30,20,[   0  153  195  267  677  822  949 1180],0.02636839616451074,82.85060242332207,3.7667122251424106
1034,10,30,40,[   0  153  195  267  677  822  949 1180],0.02636839616451074,82.85060242332207,3.7667122251424106
1035,10,30,60,[   0  267  677  822  949 1180],0.02636839616451074,82.85060242332207,3.7667122251424106
1036,10,31,0,[   0   17  153  195  268  677  822  865  866  949 1017 1040 1117 1180],0.030568756413801263,82.40189792851531,3.6108122042302435
1037,10,31,20,[   0  153  195  268  677  822  949 1017 1040 1117 1180],0.030568756413801263,82.40189792851531,3.6108122042302435
1038,10,31,40,[   0  153  195  268  677  822  949 1040 1117 1180],0.030568756413801263,82.40189792851531,3.6108122042302435
1039,10,31,60,[   0  195  268  677  822  949 1040 1117 1180],0.030568756413801263,82.40189792851531,3.6108122042302435
1040,10,32,0,[   0   17  132  195  250  683  822  865  866  949 1017 1040 1117 1180],0.03549980052682279,83.49571345575356,2.9182057621485704
1041,10,32,20,[   0  132  195  250  683  822  949 1017 1040 1117 1180],0.03549980052682279,83.49571345575356,2.9182057621485704
1042,10,32,40,[   0  132  195  250  683  822  949 1040 1117 1180],0.03549980052682279,83.49571345575356,2.9182057621485704
1043,10,32,60,[   0  132  195  683  822  949 1040 1117 1180],0.03549980052682279,83.49571345575356,2.9182057621485704
1044,10,33,0,[   0   17  132  195  267  677  822  865  866  943 1040 1117 1180],0.022299123544957018,84.23712672879171,3.3539926541775893
1045,10,33,20,[   0  132  195  267  677  822  943 1040 1117 1180],0.022299123544957018,84.23712672879171,3.3539926541775893
1046,10,33,40,[   0  132  195  267  677  822  943 1040 1117 1180],0.022299123544957018,84.23712672879171,3.3539926541775893
1047,10,33,60,[   0  132  195  267  677  822  943 1040 1117 1180],0.022299123544957018,84.23712672879171,3.3539926541775893
1048,10,34,0,[   0   17  132  195  250  677  822  865  866  949 1180],0.03931929239467326,84.50931723242941,3.313600627410074
1049,10,34,20,[   0  132  195  250  677  729  822  866  913  949 1017 1122 1180],0.03931929239467326,84.50931723242941,3.313600627410074
1050,10,34,40,[   0  132  195  250  677  822  949 1180],0.03931929239467326,84.50931723242941,3.313600627410074
1051,10,34,60,[   0  132  195  677  822  949 1180],0.03931929239467326,84.50931723242941,3.313600627410074
1052,10,35,0,[   0   17  158  195  267  676  822  865  866  949 1180],0.036412426067187885,83.62024434559206,3.216415837935893
1053,10,35,20,[   0  158  195  267  676  822  949 1180],0.036412426067187885,83.62024434559206,3.216415837935893
1054,10,35,40,[   0  267  676  822  949 1180],0.036412426067187885,83.62024434559206,3.216415837935893
1055,10,35,60,[   0  267  676  822  949 1180],0.036412426067187885,83.62024434559206,3.216415837935893
1056,10,36,0,[   0   17  153  195  267  679  822  865  866  949 1180],0.033169051329497774,82.64249024245467,3.1687333691569375
1057,10,36,20,[   0  153  195  267  679  822  949 1180],0.033169051329497774,82.64249024245467,3.1687333691569375
1058,10,36,40,[   0  153  195  267  679  822  949 1180],0.033169051329497774,82.64249024245467,3.1687333691569375
1059,10,36,60,[   0  267  679  822  949 1180],0.033169051329497774,82.64249024245467,3.1687333691569375
1060,10,37,0,[   0   13   74  195  267  614  745  829  865  866  952 1180],0.01290867059267009,83.7263020953162,2.724368388757316
1061,10,37,20,[   0   74  195  270  614  745  829  952 1180],0.01290867059267009,83.7263020953162,2.724368388757316
1062,10,37,40,[   0   74  195  270  614  745  829  952 1180],0.01290867059267009,83.7263020953162,2.724368388757316
1063,10,37,60,[   0   74  195  270  614  745  829  952 1180],0.01290867059267009,83.7263020953162,2.724368388757316
1064,10,38,0,[   0   17  153  195  277  615  822  865  866  949 1180],0.029528017637200574,86.42713185897709,2.8474996387555214
1065,10,38,20,[   0  153  195  277  615  827  949 1180],0.029528017637200574,86.42713185897709,2.8474996387555214
1066,10,38,40,[   0  153  195  277  615  827  949 1180],0.029528017637200574,86.42713185897709,2.8474996387555214
1067,10,38,60,[   0  277  615  827  949 1180],0.029528017637200574,86.42713185897709,2.8474996387555214
1068,10,39,0,[   0   17  263  648  827  865  866  949 1017 1038 1117 1180],0.04828600503799414,89.26566565760135,2.5476307805751643
1069,10,39,20,[   0  263  648  827  949 1017 1038 1117 1180],0.04828600503799414,89.26566565760135,2.5476307805751643
1070,10,39,40,[   0  263  648  827  949 1038 1117 1180],0.04828600503799414,89.26566565760135,2.5476307805751643
1071,10,39,60,[   0  263  648  827  949 1038 1117 1180],0.04828600503799414,89.26566565760135,2.5476307805751643
1072,10,40,0,[   0   17  153  195  267  648  827  865  866  949 1180],0.0390502368170953,88.06580985414556,2.782696695437326
1073,10,40,20,[   0  153  195  267  648  827  949 1180],0.0390502368170953,88.06580985414556,2.782696695437326
1074,10,40,40,[   0  153  195  267  648  827  949 1180],0.0390502368170953,88.06580985414556,2.782696695437326
1075,10,40,60,[   0  267  648  827  949 1180],0.0390502368170953,88.06580985414556,2.782696695437326
1076,10,41,0,[   0   17  153  195  340  648  822  865  866  949 1180],0.03670777569552371,86.1433622234502,3.24388829685915
1077,10,41,20,[   0  153  195  648  822  949 1180],0.03670777569552371,86.1433622234502,3.24388829685915
1078,10,41,40,[   0  153  195  648  822  949 1180],0.03670777569552371,86.1433622234502,3.24388829685915
1079,10,41,60,[   0  195  648  822  949 1180],0.03670777569552371,86.1433622234502,3.24388829685915
1080,10,42,0,[   0   17  153  195  250  648  735  822  865  866  913  949 1180],0.03496462204411028,87.55565653399594,3.034534647969982
1081,10,42,20,[   0  153  195  250  648  735  822  866  913  949 1180],0.03496462204411028,87.55565653399594,3.034534647969982
1082,10,42,40,[   0  153  195  250  648  735  822  949 1180],0.03496462204411028,87.55565653399594,3.034534647969982
1083,10,42,60,[   0  250  648  822  949 1180],0.03496462204411028,87.55565653399594,3.034534647969982
1084,10,43,0,[   0   17  209  262  676  822  865  866  949 1017 1038 1180],0.05664764543191202,88.16564804388327,2.5183759719369143
1085,10,43,20,[   0  209  262  676  822  846  913  949 1017 1038 1180],0.05664764543191202,88.16564804388327,2.5183759719369143
1086,10,43,40,[   0  262  676  846  949 1180],0.05664764543191202,88.16564804388327,2.5183759719369143
1087,10,43,60,[   0  262  676  846  949 1180],0.05664764543191202,88.16564804388327,2.5183759719369143
1088,10,44,0,[   0   17  218  683  827  865  866  949 1017 1038 1180],0.019524499641778506,87.57257312436319,2.5098400287592892
1089,10,44,20,[   0  218  683  827  949 1017 1038 1180],0.019524499641778506,87.57257312436319,2.5098400287592892
1090,10,44,40,[   0  218  683  827  949 1180],0.019524499641778506,87.57257312436319,2.5098400287592892
1091,10,44,60,[   0  218  683  827  949 1180],0.019524499641778506,87.57257312436319,2.5098400287592892
1092,10,45,0,[   0   17  198  263  683  822  865  866  949 1180],0.02813926528790754,88.64531371355511,3.0115075117014514
1093,10,45,20,[   0  198  263  618  683  822  866  913  949 1001 1117 1180],0.02813926528790754,88.64531371355511,3.0115075117014514
1094,10,45,40,[   0  263  683  822  949 1180],0.02813926528790754,88.64531371355511,3.0115075117014514
1095,10,45,60,[   0  263  683  822  949 1180],0.02813926528790754,88.64531371355511,3.0115075117014514
1096,10,46,0,[   0   13  217  262  683  822  865  866  949 1017 1038 1180],0.0319426207835939,88.73047469801499,2.4042652983335677
1097,10,46,20,[   0  262  683  822  949 1017 1038 1180],0.0319426207835939,88.73047469801499,2.4042652983335677
1098,10,46,40,[   0  262  683  822  949 1180],0.0319426207835939,88.73047469801499,2.4042652983335677
1099,10,46,60,[   0  262  683  822  949 1180],0.0319426207835939,88.73047469801499,2.4042652983335677
1100,10,47,0,[   0   17  198  262  683  822  865  866  949 1180],0.026106852689868933,89.8303744115368,2.9358880369225107
1101,10,47,20,[   0  262  683  822  949 1180],0.026106852689868933,89.8303744115368,2.9358880369225107
1102,10,47,40,[   0  262  683  822  949 1180],0.026106852689868933,89.8303744115368,2.9358880369225107
1103,10,47,60,[   0  262  683  822  949 1180],0.026106852689868933,89.8303744115368,2.9358880369225107
1104,10,48,0,[   0   17  199  262  683  822  865  866  949 1017 1038 1180],0.022682770775251535,87.51505042589457,2.6781322524822393
1105,10,48,20,[   0  262  683  822  949 1017 1038 1180],0.022682770775251535,87.51505042589457,2.6781322524822393
1106,10,48,40,[   0  262  683  822  949 1180],0.022682770775251535,87.51505042589457,2.6781322524822393
1107,10,48,60,[   0  262  683  822  949 1180],0.022682770775251535,87.51505042589457,2.6781322524822393
1108,10,49,0,[   0   17  218  683  822  865  866  949 1017 1038 1180],0.03967123531625493,90.69265176388751,2.466501219412004
1109,10,49,20,[   0  218  683  822  949 1017 1038 1180],0.03967123531625493,90.69265176388751,2.466501219412004
1110,10,49,40,[   0  218  683  822  949 1180],0.03967123531625493,90.69265176388751,2.466501219412004
1111,10,49,60,[   0  218  683  822  949 1180],0.03967123531625493,90.69265176388751,2.466501219412004
1112,10,50,0,[   0   17  209  306  618  727  827  865  866  930 1045 1180],0.045771671760806605,92.66846261451894,2.8469784326593706
1113,10,50,20,[   0  209  306  618  727  827  866  930 1001 1045 1180],0.045771671760806605,92.66846261451894,2.8469784326593706
1114,10,50,40,[   0  209  306  618  727  827  930 1045 1180],0.045771671760806605,92.66846261451894,2.8469784326593706
1115,10,50,60,[   0  209  306  618  727  827  930 1045 1180],0.045771671760806605,92.66846261451894,2.8469784326593706
1116,11,20,0,"[   0   17  153  195  267  681  822  855  865  866  887  949 1017 1058
 1180]",0.015451106907901755,74.65690491430344,2.850082413298826
1117,11,20,20,[   0  153  195  267  681  822  855  887  949 1017 1058 1180],0.015451106907901755,74.65690491430344,2.850082413298826
1118,11,20,40,[   0  153  195  267  681  822  887  949 1017 1058 1180],0.015451106907901755,74.65690491430344,2.850082413298826
1119,11,20,60,[   0  195  267  681  822  887  949 1058 1180],0.015451106907901755,74.65690491430344,2.850082413298826
1120,11,21,0,"[   0   17  153  195  267  681  822  855  865  866  887  908  949 1022
 1038 1180]",0.026114488413368556,74.12139786674614,3.0338296963276474
1121,11,21,20,[   0  153  195  267  681  822  855  887  908  949 1038 1180],0.026114488413368556,74.12139786674614,3.0338296963276474
1122,11,21,40,[   0  153  195  267  681  822  887  949 1038 1180],0.026114488413368556,74.12139786674614,3.0338296963276474
1123,11,21,60,[   0  195  267  681  822  887  949 1038 1180],0.026114488413368556,74.12139786674614,3.0338296963276474
1124,11,22,0,[   0   13  103  195  270  678  829  865  866  949 1017 1038 1126 1180],0.016320099148049272,75.26356881737097,2.8188082732675577
1125,11,22,20,[   0   46  103  195  270  678  829  949 1017 1038 1126 1180],0.016320099148049272,75.26356881737097,2.8188082732675577
1126,11,22,40,[   0   46  103  195  270  678  829  949 1038 1126 1180],0.016320099148049272,75.26356881737097,2.8188082732675577
1127,11,22,60,[   0  103  195  270  678  829  949 1180],0.016320099148049272,75.26356881737097,2.8188082732675577
1128,11,23,0,[   0   17  203  267  681  822  854  865  866  949 1017 1040 1117 1180],0.022677725348550948,79.10146015162421,2.8455747832288507
1129,11,23,20,[   0  267  681  822  949 1017 1040 1117 1180],0.022677725348550948,79.10146015162421,2.8455747832288507
1130,11,23,40,[   0  203  267  681  822  949 1040 1117 1180],0.022677725348550948,79.10146015162421,2.8455747832288507
1131,11,23,60,[   0  203  267  681  822  949 1040 1117 1180],0.022677725348550948,79.10146015162421,2.8455747832288507
1132,11,24,0,[   0   17  210  267  683  822  854  865  866  949 1017 1040 1117 1180],0.025292610720125966,80.4558189552435,2.7593824861240255
1133,11,24,20,[   0  267  683  822  949 1017 1040 1117 1180],0.025292610720125966,80.4558189552435,2.7593824861240255
1134,11,24,40,[   0  210  267  683  822  949 1040 1117 1180],0.025292610720125966,80.4558189552435,2.7593824861240255
1135,11,24,60,[   0  267  683  822  949 1040 1117 1180],0.025292610720125966,80.4558189552435,2.7593824861240255
1136,11,25,0,[   0   17  210  267  683  827  865  866  949 1017 1040 1117 1180],0.032661085545890874,80.7245750738467,2.7673323529453175
1137,11,25,20,[   0  267  683  827  949 1017 1040 1117 1180],0.032661085545890874,80.7245750738467,2.7673323529453175
1138,11,25,40,[   0  210  267  683  827  949 1040 1117 1180],0.032661085545890874,80.7245750738467,2.7673323529453175
1139,11,25,60,[   0  267  683  827  949 1040 1117 1180],0.032661085545890874,80.7245750738467,2.7673323529453175
1140,11,26,0,[   0   17  132  195  267  683  822  854  865  866  949 1017 1060 1180],0.01303927021616115,78.18958978542213,3.126885574953161
1141,11,26,20,[   0  132  195  267  683  822  854  913  949 1017 1060 1180],0.01303927021616115,78.18958978542213,3.126885574953161
1142,11,26,40,[   0  132  195  267  683  822  949 1017 1060 1180],0.01303927021616115,78.18958978542213,3.126885574953161
1143,11,26,60,[   0  132  195  267  683  822  949 1180],0.01303927021616115,78.18958978542213,3.126885574953161
1144,11,27,0,[   0   17  197  267  677  822  854  865  866  949 1017 1060 1180],0.02127783077668066,79.46952901496654,2.6914399119365924
1145,11,27,20,[   0  197  267  618  677  822  854  913  949 1017 1060 1180],0.02127783077668066,79.46952901496654,2.6914399119365924
1146,11,27,40,[   0  197  267  677  822  949 1017 1060 1180],0.02127783077668066,79.46952901496654,2.6914399119365924
1147,11,27,60,[   0  267  677  822  949 1180],0.02127783077668066,79.46952901496654,2.6914399119365924
1148,11,28,0,"[   0   17  132  195  267  618  683  822  846  865  866  913  949 1017
 1121 1180]",0.020218901919054205,79.21226733576377,3.2017721721648797
1149,11,28,20,[   0  132  195  267  618  683  822  846  913  949 1017 1121 1180],0.020218901919054205,79.21226733576377,3.2017721721648797
1150,11,28,40,[   0  132  195  267  683  846  949 1180],0.020218901919054205,79.21226733576377,3.2017721721648797
1151,11,28,60,[   0  132  195  267  683  846  949 1180],0.020218901919054205,79.21226733576377,3.2017721721648797
1152,11,29,0,[   0   17  153  195  267  681  822  865  866  949 1180],0.029286865259267818,79.22858219738613,3.177775162582391
1153,11,29,20,[   0  153  195  267  681  822  949 1180],0.029286865259267818,79.22858219738613,3.177775162582391
1154,11,29,40,[   0  153  195  267  681  822  949 1180],0.029286865259267818,79.22858219738613,3.177775162582391
1155,11,29,60,[   0  267  681  822  949 1180],0.029286865259267818,79.22858219738613,3.177775162582391
1156,11,30,0,[   0   17  153  195  267  677  822  865  866  949 1180],0.027766644195120527,80.19420552792468,3.4427458765376104
1157,11,30,20,[   0  153  195  267  677  822  949 1180],0.027766644195120527,80.19420552792468,3.4427458765376104
1158,11,30,40,[   0  153  195  267  677  822  949 1180],0.027766644195120527,80.19420552792468,3.4427458765376104
1159,11,30,60,[   0  267  677  822  949 1180],0.027766644195120527,80.19420552792468,3.4427458765376104
1160,11,31,0,[   0   17  153  195  268  677  822  865  866  949 1017 1040 1117 1180],0.020605330347458227,78.37632805109024,3.668326174423922
1161,11,31,20,[   0  153  195  268  677  822  949 1017 1040 1117 1180],0.020605330347458227,78.37632805109024,3.668326174423922
1162,11,31,40,[   0  153  195  268  677  822  949 1040 1117 1180],0.020605330347458227,78.37632805109024,3.668326174423922
1163,11,31,60,[   0  195  268  677  822  949 1040 1117 1180],0.020605330347458227,78.37632805109024,3.668326174423922
1164,11,32,0,[   0   17  132  195  250  683  822  865  866  949 1017 1040 1117 1180],0.028100674224904608,80.12982959481864,2.946250015579324
1165,11,32,20,[   0  132  195  250  683  822  949 1017 1040 1117 1180],0.028100674224904608,80.12982959481864,2.946250015579324
1166,11,32,40,[   0  132  195  250  683  822  949 1040 1117 1180],0.028100674224904608,80.12982959481864,2.946250015579324
1167,11,32,60,[   0  132  195  683  822  949 1040 1117 1180],0.028100674224904608,80.12982959481864,2.946250015579324
1168,11,33,0,[   0   17  132  195  267  677  822  851  865  866  943 1040 1117 1180],0.023644161510980612,79.52110209414627,3.2461240509945584
1169,11,33,20,[   0  132  195  267  677  822  851  913  943 1040 1117 1180],0.023644161510980612,79.52110209414627,3.2461240509945584
1170,11,33,40,[   0  132  195  267  677  822  943 1040 1117 1180],0.023644161510980612,79.52110209414627,3.2461240509945584
1171,11,33,60,[   0  132  195  267  677  822  943 1040 1117 1180],0.023644161510980612,79.52110209414627,3.2461240509945584
1172,11,34,0,[   0   17  132  195  250  677  822  865  866  949 1180],0.029854759811665594,80.77934446374611,3.317097180238319
1173,11,34,20,[   0  132  195  250  358  677  729  822  866  913  949 1017 1122 1180],0.029854759811665594,80.77934446374611,3.317097180238319
1174,11,34,40,[   0  132  195  250  677  822  949 1180],0.029854759811665594,80.77934446374611,3.317097180238319
1175,11,34,60,[   0  132  195  677  822  949 1180],0.029854759811665594,80.77934446374611,3.317097180238319
1176,11,35,0,[   0   17  158  195  267  676  822  865  866  949 1017 1038 1117 1180],0.03650476724193526,79.0391822846871,2.9240427180354147
1177,11,35,20,[   0  158  195  267  676  822  949 1017 1038 1117 1180],0.03650476724193526,79.0391822846871,2.9240427180354147
1178,11,35,40,[   0  195  267  676  822  949 1038 1117 1180],0.03650476724193526,79.0391822846871,2.9240427180354147
1179,11,35,60,[   0  195  267  676  822  949 1038 1117 1180],0.03650476724193526,79.0391822846871,2.9240427180354147
1180,11,36,0,[   0   17  153  195  267  679  822  865  866  949 1180],0.024662058169346093,79.17230506417965,3.178507426247697
1181,11,36,20,[   0  153  195  267  475  679  822  866  913  949 1017 1122 1180],0.024662058169346093,79.17230506417965,3.178507426247697
1182,11,36,40,[   0  153  195  267  679  822  949 1180],0.024662058169346093,79.17230506417965,3.178507426247697
1183,11,36,60,[   0  267  679  822  949 1180],0.024662058169346093,79.17230506417965,3.178507426247697
1184,11,37,0,[   0   13   74  195  267  614  745  822  851  865  866  952 1180],0.01675562998389163,79.73334537958185,2.627523458175013
1185,11,37,20,[   0   74  195  270  614  745  822  952 1180],0.01675562998389163,79.73334537958185,2.627523458175013
1186,11,37,40,[   0   74  195  270  614  745  822  952 1180],0.01675562998389163,79.73334537958185,2.627523458175013
1187,11,37,60,[   0   74  195  270  614  745  822  952 1180],0.01675562998389163,79.73334537958185,2.627523458175013
1188,11,38,0,[   0   17  153  195  277  615  822  865  866  949 1017 1038 1117 1180],0.03200770020726471,82.21677711865581,2.7232310289663992
1189,11,38,20,[   0  153  195  277  615  827  949 1017 1038 1117 1180],0.03200770020726471,82.21677711865581,2.7232310289663992
1190,11,38,40,[   0  153  195  277  615  827  949 1038 1117 1180],0.03200770020726471,82.21677711865581,2.7232310289663992
1191,11,38,60,[   0  195  277  615  827  949 1038 1117 1180],0.03200770020726471,82.21677711865581,2.7232310289663992
1192,11,39,0,[   0   17  195  263  618  715  827  865  866  949 1017 1038 1117 1180],0.04096553579313463,83.91790215064611,2.6974934040355745
1193,11,39,20,[   0  195  263  618  715  827  866  913  949 1017 1038 1117 1180],0.04096553579313463,83.91790215064611,2.6974934040355745
1194,11,39,40,[   0  195  263  618  715  827  949 1038 1117 1180],0.04096553579313463,83.91790215064611,2.6974934040355745
1195,11,39,60,[   0  195  263  618  715  827  949 1038 1117 1180],0.04096553579313463,83.91790215064611,2.6974934040355745
1196,11,40,0,[   0   17  153  195  267  648  827  865  866  949 1017 1038 1117 1180],0.04121638490231025,83.75560029657197,2.6725016327648032
1197,11,40,20,[   0  153  195  267  648  827  949 1017 1038 1117 1180],0.04121638490231025,83.75560029657197,2.6725016327648032
1198,11,40,40,[   0  153  195  267  648  827  949 1038 1117 1180],0.04121638490231025,83.75560029657197,2.6725016327648032
1199,11,40,60,[   0  267  648  827  949 1038 1117 1180],0.04121638490231025,83.75560029657197,2.6725016327648032
1200,11,41,0,[   0   17  153  195  340  648  827  865  866  949 1180],0.03905385412222425,82.1418218180355,3.0468229314348307
1201,11,41,20,[   0  153  195  218  340  615  648  795  827  866  913  949 1001 1180],0.03905385412222425,82.1418218180355,3.0468229314348307
1202,11,41,40,[   0  153  195  648  827  949 1180],0.03905385412222425,82.1418218180355,3.0468229314348307
1203,11,41,60,[   0  195  648  827  949 1180],0.03905385412222425,82.1418218180355,3.0468229314348307
1204,11,42,0,"[   0   17  153  195  250  648  735  821  827  865  866  913  949 1001
 1165 1180]",0.03710804533742346,82.87212394268666,2.863142253075983
1205,11,42,20,[   0  153  195  250  648  735  827  866  913  949 1180],0.03710804533742346,82.87212394268666,2.863142253075983
1206,11,42,40,[   0  153  195  250  648  735  827  949 1180],0.03710804533742346,82.87212394268666,2.863142253075983
1207,11,42,60,[   0  250  648  827  949 1180],0.03710804533742346,82.87212394268666,2.863142253075983
1208,11,43,0,[   0   17  209  262  676  822  865  866  949 1017 1038 1180],0.05408406716124495,83.18970988216061,2.495055533811977
1209,11,43,20,[   0  209  262  676  822  846  913  949 1017 1038 1180],0.05408406716124495,83.18970988216061,2.495055533811977
1210,11,43,40,[   0  262  676  846  949 1180],0.05408406716124495,83.18970988216061,2.495055533811977
1211,11,43,60,[   0  262  676  846  949 1180],0.05408406716124495,83.18970988216061,2.495055533811977
1212,11,44,0,[   0   17  218  683  827  865  866  949 1017 1038 1180],0.02068980752857145,82.98263487759921,2.4782102718696692
1213,11,44,20,[   0  218  683  827  949 1017 1038 1180],0.02068980752857145,82.98263487759921,2.4782102718696692
1214,11,44,40,[   0  218  683  827  949 1180],0.02068980752857145,82.98263487759921,2.4782102718696692
1215,11,44,60,[   0  218  683  827  949 1180],0.02068980752857145,82.98263487759921,2.4782102718696692
1216,11,45,0,[   0   17  198  263  683  822  865  866  949 1180],0.02987675922648359,83.85258866477503,2.850260166882901
1217,11,45,20,[   0  198  263  618  683  822  866  913  949 1001 1117 1180],0.02987675922648359,83.85258866477503,2.850260166882901
1218,11,45,40,[   0  263  683  822  949 1180],0.02987675922648359,83.85258866477503,2.850260166882901
1219,11,45,60,[   0  263  683  822  949 1180],0.02987675922648359,83.85258866477503,2.850260166882901
1220,11,46,0,[   0   13   64  217  262  683  822  865  866  949 1017 1038 1180],0.025431842194966678,83.63967920167698,2.475907329468591
1221,11,46,20,[   0   64  217  683  822  949 1017 1038 1180],0.025431842194966678,83.63967920167698,2.475907329468591
1222,11,46,40,[   0   64  217  683  822  949 1180],0.025431842194966678,83.63967920167698,2.475907329468591
1223,11,46,60,[   0   64  217  683  822  949 1180],0.025431842194966678,83.63967920167698,2.475907329468591
1224,11,47,0,[   0   17  198  262  683  822  865  866  949 1180],0.029789787726189215,85.54123944753253,2.7700484965094456
1225,11,47,20,[   0  262  683  822  949 1180],0.029789787726189215,85.54123944753253,2.7700484965094456
1226,11,47,40,[   0  262  683  822  949 1180],0.029789787726189215,85.54123944753253,2.7700484965094456
1227,11,47,60,[   0  262  683  822  949 1180],0.029789787726189215,85.54123944753253,2.7700484965094456
1228,11,48,0,[   0   17  199  262  683  822  865  866  949 1017 1038 1180],0.02630320750764375,83.10005805901893,2.618671753061457
1229,11,48,20,[   0  262  683  822  949 1017 1038 1180],0.02630320750764375,83.10005805901893,2.618671753061457
1230,11,48,40,[   0  262  683  822  949 1180],0.02630320750764375,83.10005805901893,2.618671753061457
1231,11,48,60,[   0  262  683  822  949 1180],0.02630320750764375,83.10005805901893,2.618671753061457
1232,11,49,0,[   0   17  218  683  822  865  866  949 1017 1038 1180],0.03203707104476455,85.17368234446225,2.443342009677255
1233,11,49,20,[   0  218  683  822  949 1017 1038 1180],0.03203707104476455,85.17368234446225,2.443342009677255
1234,11,49,40,[   0  218  683  822  949 1180],0.03203707104476455,85.17368234446225,2.443342009677255
1235,11,49,60,[   0  218  683  822  949 1180],0.03203707104476455,85.17368234446225,2.443342009677255
1236,11,50,0,[   0   17  209  306  685  827  865  866  930 1045 1180],0.03524351167848355,87.04842898521603,3.003026452443142
1237,11,50,20,[   0  209  306  618  685  827  866  930 1001 1045 1180],0.03524351167848355,87.04842898521603,3.003026452443142
1238,11,50,40,[   0  209  685  827  930 1180],0.03524351167848355,87.04842898521603,3.003026452443142
1239,11,50,60,[   0  209  685  827  930 1180],0.03524351167848355,87.04842898521603,3.003026452443142
1240,12,20,0,"[   0   17  153  195  267  681  822  855  865  866  887  908  949 1017
 1058 1180]",0.012867203915318547,71.4134601281288,3.028374420787584
1241,12,20,20,[   0  153  195  267  681  822  855  887  908  949 1017 1058 1180],0.012867203915318547,71.4134601281288,3.028374420787584
1242,12,20,40,[   0  153  195  267  681  822  887  949 1017 1058 1180],0.012867203915318547,71.4134601281288,3.028374420787584
1243,12,20,60,[   0  195  267  681  822  887  949 1058 1180],0.012867203915318547,71.4134601281288,3.028374420787584
1244,12,21,0,"[   0   17  153  195  267  681  822  855  865  866  887  908  949 1022
 1038 1180]",0.02662833882906006,70.44990203269764,3.022725918019502
1245,12,21,20,[   0  153  195  267  681  822  855  887  908  949 1022 1058 1180],0.02662833882906006,70.44990203269764,3.022725918019502
1246,12,21,40,[   0  153  195  267  681  822  887  949 1058 1180],0.02662833882906006,70.44990203269764,3.022725918019502
1247,12,21,60,[   0  195  267  681  822  887  949 1058 1180],0.02662833882906006,70.44990203269764,3.022725918019502
1248,12,22,0,[   0   13  103  195  270  678  829  865  866  949 1017 1038 1126 1180],0.01567443704623423,71.64572996065456,2.974976633607138
1249,12,22,20,[   0   46  103  195  270  678  829  949 1017 1038 1126 1180],0.01567443704623423,71.64572996065456,2.974976633607138
1250,12,22,40,[   0   46  103  195  270  678  829  949 1038 1126 1180],0.01567443704623423,71.64572996065456,2.974976633607138
1251,12,22,60,[   0  103  195  270  678  829  949 1180],0.01567443704623423,71.64572996065456,2.974976633607138
1252,12,23,0,[   0   17  203  267  681  822  854  865  866  949 1017 1040 1117 1180],0.02432073371388863,75.43618926589384,2.7486611315596416
1253,12,23,20,[   0  267  681  822  949 1017 1040 1117 1180],0.02432073371388863,75.43618926589384,2.7486611315596416
1254,12,23,40,[   0  203  267  681  822  949 1040 1117 1180],0.02432073371388863,75.43618926589384,2.7486611315596416
1255,12,23,60,[   0  203  267  681  822  949 1040 1117 1180],0.02432073371388863,75.43618926589384,2.7486611315596416
1256,12,24,0,[   0   17  210  267  683  822  854  865  866  949 1017 1040 1117 1180],0.023080040397907016,76.68842584009126,2.843458831032011
1257,12,24,20,[   0  267  683  822  949 1017 1040 1117 1180],0.023080040397907016,76.68842584009126,2.843458831032011
1258,12,24,40,[   0  210  267  683  822  949 1040 1117 1180],0.023080040397907016,76.68842584009126,2.843458831032011
1259,12,24,60,[   0  267  683  822  949 1040 1117 1180],0.023080040397907016,76.68842584009126,2.843458831032011
1260,12,25,0,[   0   17  210  267  683  827  865  866  949 1017 1040 1117 1180],0.0341531187127834,76.67176256403862,2.7002893880193284
1261,12,25,20,[   0  267  683  827  949 1017 1040 1117 1180],0.0341531187127834,76.67176256403862,2.7002893880193284
1262,12,25,40,[   0  210  267  683  827  949 1040 1117 1180],0.0341531187127834,76.67176256403862,2.7002893880193284
1263,12,25,60,[   0  267  683  827  949 1040 1117 1180],0.0341531187127834,76.67176256403862,2.7002893880193284
1264,12,26,0,"[   0   17   64  132  195  267  683  822  854  865  866  913  949 1017
 1060 1180]",0.010327374003924361,74.26821222672196,3.1678913198154803
1265,12,26,20,[   0   64  132  195  267  683  822  854  913  949 1017 1060 1180],0.010327374003924361,74.26821222672196,3.1678913198154803
1266,12,26,40,[   0   64  195  267  683  822  949 1017 1060 1180],0.010327374003924361,74.26821222672196,3.1678913198154803
1267,12,26,60,[   0   64  195  267  683  822  949 1180],0.010327374003924361,74.26821222672196,3.1678913198154803
1268,12,27,0,[   0   17  197  267  677  822  854  865  866  949 1017 1038 1180],0.021778905343990556,74.62085748502676,2.612213865449401
1269,12,27,20,[   0  197  267  677  822  854  913  949 1017 1038 1180],0.021778905343990556,74.62085748502676,2.612213865449401
1270,12,27,40,[   0  197  267  677  822  949 1017 1060 1180],0.021778905343990556,74.62085748502676,2.612213865449401
1271,12,27,60,[   0  267  677  822  949 1180],0.021778905343990556,74.62085748502676,2.612213865449401
1272,12,28,0,"[   0   17   64  132  195  267  618  683  822  846  865  866  913  949
 1017 1121 1180]",0.015288043196859488,75.41252257423842,3.0687058438742145
1273,12,28,20,[   0   64  132  195  267  618  683  822  846  913  949 1017 1121 1180],0.015288043196859488,75.41252257423842,3.0687058438742145
1274,12,28,40,[   0   64  195  267  683  846  949 1180],0.015288043196859488,75.41252257423842,3.0687058438742145
1275,12,28,60,[   0   64  195  267  683  846  949 1180],0.015288043196859488,75.41252257423842,3.0687058438742145
1276,12,29,0,[   0   17  153  195  267  681  822  865  866  949 1017 1038 1117 1180],0.03012768474412714,75.60688703402873,2.947666887130326
1277,12,29,20,[   0  153  195  267  681  822  949 1017 1038 1117 1180],0.03012768474412714,75.60688703402873,2.947666887130326
1278,12,29,40,[   0  153  195  267  681  822  949 1038 1117 1180],0.03012768474412714,75.60688703402873,2.947666887130326
1279,12,29,60,[   0  195  267  681  822  949 1038 1117 1180],0.03012768474412714,75.60688703402873,2.947666887130326
1280,12,30,0,[   0   17  153  195  267  677  822  865  866  949 1017 1038 1117 1180],0.028243916251610966,76.52030140608859,3.144877247165635
1281,12,30,20,[   0  153  195  267  677  822  949 1017 1038 1117 1180],0.028243916251610966,76.52030140608859,3.144877247165635
1282,12,30,40,[   0  153  195  267  677  822  949 1038 1117 1180],0.028243916251610966,76.52030140608859,3.144877247165635
1283,12,30,60,[   0  195  267  677  822  949 1038 1117 1180],0.028243916251610966,76.52030140608859,3.144877247165635
1284,12,31,0,[   0   17  153  195  268  677  822  865  866  949 1017 1040 1117 1180],0.021133100670985203,74.80086501431087,3.357594732766587
1285,12,31,20,[   0  153  195  268  677  822  949 1017 1040 1117 1180],0.021133100670985203,74.80086501431087,3.357594732766587
1286,12,31,40,[   0  153  195  268  677  822  949 1040 1117 1180],0.021133100670985203,74.80086501431087,3.357594732766587
1287,12,31,60,[   0  195  268  677  822  949 1040 1117 1180],0.021133100670985203,74.80086501431087,3.357594732766587
1288,12,32,0,[   0   17  132  195  250  683  822  865  866  949 1017 1040 1117 1180],0.02582625052150083,76.66662524184407,2.915957700390811
1289,12,32,20,[   0  132  195  250  683  822  949 1017 1040 1117 1180],0.02582625052150083,76.66662524184407,2.915957700390811
1290,12,32,40,[   0  132  195  250  683  822  949 1040 1117 1180],0.02582625052150083,76.66662524184407,2.915957700390811
1291,12,32,60,[   0  132  195  683  822  949 1040 1117 1180],0.02582625052150083,76.66662524184407,2.915957700390811
1292,12,33,0,[   0   17  132  195  267  677  822  851  865  866  943 1040 1117 1180],0.018668784885018615,75.56744576915298,3.05489222356328
1293,12,33,20,[   0  132  195  267  677  822  851  913  943 1040 1117 1180],0.018668784885018615,75.56744576915298,3.05489222356328
1294,12,33,40,[   0  132  195  267  677  822  943 1040 1117 1180],0.018668784885018615,75.56744576915298,3.05489222356328
1295,12,33,60,[   0  132  195  267  677  822  943 1040 1117 1180],0.018668784885018615,75.56744576915298,3.05489222356328
1296,12,34,0,[   0   17  132  195  250  677  822  865  866  949 1017 1038 1117 1180],0.030468196987635462,77.07389276944812,3.0403510307207875
1297,12,34,20,[   0  132  195  250  677  822  949 1017 1038 1117 1180],0.030468196987635462,77.07389276944812,3.0403510307207875
1298,12,34,40,[   0  132  195  250  677  822  949 1038 1117 1180],0.030468196987635462,77.07389276944812,3.0403510307207875
1299,12,34,60,[   0  132  195  677  822  949 1038 1117 1180],0.030468196987635462,77.07389276944812,3.0403510307207875
1300,12,35,0,[   0   17  158  195  267  676  822  865  866  949 1017 1038 1117 1180],0.031069432315550666,75.39875415460718,2.8038412009188387
1301,12,35,20,[   0  158  195  267  676  822  949 1017 1038 1117 1180],0.031069432315550666,75.39875415460718,2.8038412009188387
1302,12,35,40,[   0  195  267  676  822  949 1038 1117 1180],0.031069432315550666,75.39875415460718,2.8038412009188387
1303,12,35,60,[   0  195  267  676  822  949 1038 1117 1180],0.031069432315550666,75.39875415460718,2.8038412009188387
1304,12,36,0,[   0   17  153  195  267  679  822  865  866  949 1017 1038 1117 1180],0.025393856643828594,75.55365834295519,2.9219031286782626
1305,12,36,20,[   0  153  195  267  679  822  949 1017 1038 1117 1180],0.025393856643828594,75.55365834295519,2.9219031286782626
1306,12,36,40,[   0  153  195  267  679  822  949 1038 1117 1180],0.025393856643828594,75.55365834295519,2.9219031286782626
1307,12,36,60,[   0  195  267  679  822  949 1038 1117 1180],0.025393856643828594,75.55365834295519,2.9219031286782626
1308,12,37,0,"[   0   13   74  195  267  614  745  822  851  865  866  952 1017 1038
 1117 1180]",0.019555009276774987,76.24684913796045,2.5342544341864115
1309,12,37,20,[   0   74  195  270  614  745  822  952 1017 1038 1117 1180],0.019555009276774987,76.24684913796045,2.5342544341864115
1310,12,37,40,[   0   74  195  270  614  745  822  952 1038 1117 1180],0.019555009276774987,76.24684913796045,2.5342544341864115
1311,12,37,60,[   0   74  195  270  614  745  822  952 1038 1117 1180],0.019555009276774987,76.24684913796045,2.5342544341864115
1312,12,38,0,[   0   17  153  195  277  615  822  865  866  949 1017 1038 1117 1180],0.02957098464554043,78.49359019801001,2.7201088325275795
1313,12,38,20,[   0  153  195  277  615  827  949 1017 1038 1117 1180],0.02957098464554043,78.49359019801001,2.7201088325275795
1314,12,38,40,[   0  153  195  277  615  827  949 1038 1117 1180],0.02957098464554043,78.49359019801001,2.7201088325275795
1315,12,38,60,[   0  195  277  615  827  949 1038 1117 1180],0.02957098464554043,78.49359019801001,2.7201088325275795
1316,12,39,0,[   0   17  195  263  618  715  827  865  866  949 1017 1038 1117 1180],0.03376213102390748,79.23230878079885,2.696353687541618
1317,12,39,20,[   0  195  263  618  715  827  866  913  949 1017 1038 1117 1180],0.03376213102390748,79.23230878079885,2.696353687541618
1318,12,39,40,[   0  195  263  618  715  827  949 1038 1117 1180],0.03376213102390748,79.23230878079885,2.696353687541618
1319,12,39,60,[   0  195  263  618  715  827  949 1038 1117 1180],0.03376213102390748,79.23230878079885,2.696353687541618
1320,12,40,0,"[   0   17  153  195  267  615  721  827  865  866  949 1017 1038 1117
 1180]",0.027019704102405912,78.98550561465198,2.841846392365437
1321,12,40,20,[   0  153  195  267  615  721  827  949 1017 1038 1117 1180],0.027019704102405912,78.98550561465198,2.841846392365437
1322,12,40,40,[   0  153  195  267  615  721  827  949 1038 1117 1180],0.027019704102405912,78.98550561465198,2.841846392365437
1323,12,40,60,[   0  195  267  615  721  827  949 1038 1117 1180],0.027019704102405912,78.98550561465198,2.841846392365437
1324,12,41,0,[   0   17  153  195  340  648  827  865  866  949 1017 1038 1180],0.040278953900022285,78.32366866984735,2.9234446493602326
1325,12,41,20,[   0  153  195  648  827  949 1017 1038 1180],0.040278953900022285,78.32366866984735,2.9234446493602326
1326,12,41,40,[   0  153  195  648  827  949 1180],0.040278953900022285,78.32366866984735,2.9234446493602326
1327,12,41,60,[   0  195  648  827  949 1180],0.040278953900022285,78.32366866984735,2.9234446493602326
1328,12,42,0,[   0   17  153  195  250  648  735  827  865  866  949 1017 1038 1180],0.038827990178642836,79.01459149687275,2.7802966172619037
1329,12,42,20,[   0  153  195  250  648  735  827  866  913  949 1017 1038 1180],0.038827990178642836,79.01459149687275,2.7802966172619037
1330,12,42,40,[   0  153  195  250  648  735  827  949 1038 1180],0.038827990178642836,79.01459149687275,2.7802966172619037
1331,12,42,60,[   0  153  250  648  735  827  949 1038 1180],0.038827990178642836,79.01459149687275,2.7802966172619037
1332,12,43,0,[   0   17  209  262  676  822  865  866  949 1017 1038 1180],0.04899847366136112,79.21342569059513,2.4695968834764703
1333,12,43,20,[   0  209  262  676  822  846  913  949 1017 1038 1180],0.04899847366136112,79.21342569059513,2.4695968834764703
1334,12,43,40,[   0  262  676  846  949 1180],0.04899847366136112,79.21342569059513,2.4695968834764703
1335,12,43,60,[   0  262  676  846  949 1180],0.04899847366136112,79.21342569059513,2.4695968834764703
1336,12,44,0,"[   0   17  153  218  243  618  683  821  827  865  866  913  949 1017
 1038 1180]",0.021489015840211973,78.74883794168682,2.5380441260266213
1337,12,44,20,[   0  153  218  243  618  683  827  866  913  949 1017 1038 1180],0.021489015840211973,78.74883794168682,2.5380441260266213
1338,12,44,40,[   0  218  683  827  949 1180],0.021489015840211973,78.74883794168682,2.5380441260266213
1339,12,44,60,[   0  218  683  827  949 1180],0.021489015840211973,78.74883794168682,2.5380441260266213
1340,12,45,0,[   0   17  198  263  683  822  865  866  949 1017 1038 1117 1180],0.03144433208053146,79.9423514465882,2.7292663288307195
1341,12,45,20,[   0  198  263  618  683  822  866  913  949 1017 1038 1117 1180],0.03144433208053146,79.9423514465882,2.7292663288307195
1342,12,45,40,[   0  263  683  822  949 1038 1117 1180],0.03144433208053146,79.9423514465882,2.7292663288307195
1343,12,45,60,[   0  263  683  822  949 1038 1117 1180],0.03144433208053146,79.9423514465882,2.7292663288307195
1344,12,46,0,[   0   13   64  217  262  683  822  865  866  949 1017 1038 1180],0.019891010005661652,79.37783606693048,2.669844912482788
1345,12,46,20,[   0   64  217  683  822  949 1017 1038 1180],0.019891010005661652,79.37783606693048,2.669844912482788
1346,12,46,40,[   0   64  217  683  822  949 1180],0.019891010005661652,79.37783606693048,2.669844912482788
1347,12,46,60,[   0   64  217  683  822  949 1180],0.019891010005661652,79.37783606693048,2.669844912482788
1348,12,47,0,[   0   17  198  262  683  822  865  866  949 1017 1038 1180],0.031667804059285216,81.54066922729471,2.656874066980986
1349,12,47,20,[   0  262  683  822  949 1017 1038 1180],0.031667804059285216,81.54066922729471,2.656874066980986
1350,12,47,40,[   0  262  683  822  949 1180],0.031667804059285216,81.54066922729471,2.656874066980986
1351,12,47,60,[   0  262  683  822  949 1180],0.031667804059285216,81.54066922729471,2.656874066980986
1352,12,48,0,[   0   17  199  262  683  822  865  866  949 1017 1038 1180],0.02236184250679222,78.69877861470795,2.811539000723826
1353,12,48,20,[   0  262  683  822  949 1017 1038 1180],0.02236184250679222,78.69877861470795,2.811539000723826
1354,12,48,40,[   0  262  683  822  949 1180],0.02236184250679222,78.69877861470795,2.811539000723826
1355,12,48,60,[   0  262  683  822  949 1180],0.02236184250679222,78.69877861470795,2.811539000723826
1356,12,49,0,[   0   17  218  683  822  865  866  949 1017 1038 1180],0.026813244042903944,80.70641604562933,2.5673927093165005
1357,12,49,20,[   0  218  683  822  949 1017 1038 1180],0.026813244042903944,80.70641604562933,2.5673927093165005
1358,12,49,40,[   0  218  683  822  949 1180],0.026813244042903944,80.70641604562933,2.5673927093165005
1359,12,49,60,[   0  218  683  822  949 1180],0.026813244042903944,80.70641604562933,2.5673927093165005
1360,12,50,0,[   0   17  209  306  685  827  865  866  930 1045 1180],0.03050558594996417,82.23749727884037,3.06866483969165
1361,12,50,20,[   0  209  231  306  618  685  727  827  866  930 1001 1045 1180],0.03050558594996417,82.23749727884037,3.06866483969165
1362,12,50,40,[   0  209  685  827  930 1180],0.03050558594996417,82.23749727884037,3.06866483969165
1363,12,50,60,[   0  209  685  827  930 1180],0.03050558594996417,82.23749727884037,3.06866483969165
1364,13,20,0,"[   0   17  153  195  267  678  822  855  865  866  887  908  949 1017
 1058 1180]",-0.0005298480727042977,67.98832802915186,3.2579172294719347
1365,13,20,20,[   0  153  195  267  678  822  855  887  908  949 1017 1058 1180],-0.0005298480727042977,67.98832802915186,3.2579172294719347
1366,13,20,40,[   0  153  195  267  678  822  887  949 1017 1058 1180],-0.0005298480727042977,67.98832802915186,3.2579172294719347
1367,13,20,60,[   0  195  267  678  822  887  949 1058 1180],-0.0005298480727042977,67.98832802915186,3.2579172294719347
1368,13,21,0,"[   0   17  153  195  267  681  822  855  865  866  887  908  949 1022
 1038 1118 1180]",0.02365243569610689,67.58309679470524,2.9893765467450537
1369,13,21,20,[   0  153  195  267  681  822  855  887  908  949 1022 1058 1118 1180],0.02365243569610689,67.58309679470524,2.9893765467450537
1370,13,21,40,[   0  153  195  267  681  822  887  949 1058 1118 1180],0.02365243569610689,67.58309679470524,2.9893765467450537
1371,13,21,60,[   0  195  267  681  822  887  949 1058 1180],0.02365243569610689,67.58309679470524,2.9893765467450537
1372,13,22,0,[   0   13  103  195  270  678  829  865  866  949 1017 1038 1126 1180],0.01388426572729026,68.54522441401619,2.908793380261552
1373,13,22,20,[   0   46  103  195  270  678  829  949 1017 1038 1126 1180],0.01388426572729026,68.54522441401619,2.908793380261552
1374,13,22,40,[   0   46  103  195  270  678  829  949 1038 1126 1180],0.01388426572729026,68.54522441401619,2.908793380261552
1375,13,22,60,[   0  103  195  270  678  829  949 1180],0.01388426572729026,68.54522441401619,2.908793380261552
1376,13,23,0,[   0   17  203  267  689  822  854  865  866  949 1017 1040 1117 1180],0.013110543121494192,70.90558363353648,2.821582787069858
1377,13,23,20,[   0  267  689  822  949 1017 1040 1117 1180],0.013110543121494192,70.90558363353648,2.821582787069858
1378,13,23,40,[   0  203  267  689  822  949 1040 1117 1180],0.013110543121494192,70.90558363353648,2.821582787069858
1379,13,23,60,[   0  203  267  689  822  949 1040 1117 1180],0.013110543121494192,70.90558363353648,2.821582787069858
1380,13,24,0,[   0   17  210  267  683  822  854  865  866  949 1017 1040 1117 1180],0.024849612183567817,73.53446196461502,2.736363186909924
1381,13,24,20,[   0  267  683  822  949 1017 1040 1117 1180],0.024849612183567817,73.53446196461502,2.736363186909924
1382,13,24,40,[   0  210  267  683  822  949 1040 1117 1180],0.024849612183567817,73.53446196461502,2.736363186909924
1383,13,24,60,[   0  267  683  822  949 1040 1117 1180],0.024849612183567817,73.53446196461502,2.736363186909924
1384,13,25,0,[   0   17  210  267  683  827  865  866  949 1017 1040 1117 1180],0.02503706573212838,73.05229598879596,2.7841441094437567
1385,13,25,20,[   0  267  683  827  949 1017 1040 1117 1180],0.02503706573212838,73.05229598879596,2.7841441094437567
1386,13,25,40,[   0  210  267  683  827  949 1040 1117 1180],0.02503706573212838,73.05229598879596,2.7841441094437567
1387,13,25,60,[   0  267  683  827  949 1040 1117 1180],0.02503706573212838,73.05229598879596,2.7841441094437567
1388,13,26,0,[   0   17   64  195  267  683  822  854  865  866  949 1017 1038 1180],0.011439561616460744,70.30635573083842,3.0802192161528668
1389,13,26,20,[   0   64  132  195  267  683  822  854  913  949 1017 1038 1180],0.011439561616460744,70.30635573083842,3.0802192161528668
1390,13,26,40,[   0   64  195  267  683  822  949 1017 1060 1180],0.011439561616460744,70.30635573083842,3.0802192161528668
1391,13,26,60,[   0   64  195  267  683  822  949 1180],0.011439561616460744,70.30635573083842,3.0802192161528668
1392,13,27,0,[   0   17  197  267  677  822  854  865  866  949 1017 1038 1118 1180],0.01825176404973723,71.31989455465424,2.6595926182818292
1393,13,27,20,[   0  197  267  677  822  854  913  949 1017 1038 1060 1118 1180],0.01825176404973723,71.31989455465424,2.6595926182818292
1394,13,27,40,[   0  197  267  677  822  949 1017 1060 1118 1180],0.01825176404973723,71.31989455465424,2.6595926182818292
1395,13,27,60,[   0  267  677  822  949 1180],0.01825176404973723,71.31989455465424,2.6595926182818292
1396,13,28,0,"[   0   17   64  132  195  267  618  683  822  846  865  866  913  949
 1017 1121 1180]",0.013888766277978935,72.21605167768043,3.0827296946916536
1397,13,28,20,[   0   64  132  195  267  618  683  822  846  913  949 1017 1121 1180],0.013888766277978935,72.21605167768043,3.0827296946916536
1398,13,28,40,[   0   64  195  267  683  846  949 1180],0.013888766277978935,72.21605167768043,3.0827296946916536
1399,13,28,60,[   0   64  195  267  683  846  949 1180],0.013888766277978935,72.21605167768043,3.0827296946916536
1400,13,29,0,[   0   17  153  195  267  681  822  865  866  949 1017 1038 1117 1180],0.025001528475444127,72.31697969898553,2.8579904771400297
1401,13,29,20,[   0  153  195  267  681  822  949 1017 1038 1117 1180],0.025001528475444127,72.31697969898553,2.8579904771400297
1402,13,29,40,[   0  153  195  267  681  846  949 1038 1117 1180],0.025001528475444127,72.31697969898553,2.8579904771400297
1403,13,29,60,[   0  267  681  846  949 1038 1117 1180],0.025001528475444127,72.31697969898553,2.8579904771400297
1404,13,30,0,[   0   17  153  195  267  677  822  865  866  949 1017 1038 1117 1180],0.02202337340760457,72.59750040651251,3.133092450491671
1405,13,30,20,[   0  153  195  267  677  822  949 1017 1038 1117 1180],0.02202337340760457,72.59750040651251,3.133092450491671
1406,13,30,40,[   0  153  195  267  677  822  949 1038 1117 1180],0.02202337340760457,72.59750040651251,3.133092450491671
1407,13,30,60,[   0  195  267  677  822  949 1038 1117 1180],0.02202337340760457,72.59750040651251,3.133092450491671
1408,13,31,0,[   0   17  153  195  268  677  822  865  866  949 1017 1040 1117 1180],0.016201421816874166,71.35021450660062,3.0654549568253917
1409,13,31,20,[   0  153  195  268  677  822  949 1017 1040 1117 1180],0.016201421816874166,71.35021450660062,3.0654549568253917
1410,13,31,40,[   0  153  195  268  677  822  949 1040 1117 1180],0.016201421816874166,71.35021450660062,3.0654549568253917
1411,13,31,60,[   0  195  268  677  822  949 1040 1117 1180],0.016201421816874166,71.35021450660062,3.0654549568253917
1412,13,32,0,[   0   17  132  195  250  683  829  865  866  949 1017 1040 1117 1180],0.023333850206421265,73.23285621920748,2.8361986378983324
1413,13,32,20,[   0  132  195  250  683  829  949 1017 1040 1117 1180],0.023333850206421265,73.23285621920748,2.8361986378983324
1414,13,32,40,[   0  132  195  250  683  829  949 1040 1117 1180],0.023333850206421265,73.23285621920748,2.8361986378983324
1415,13,32,60,[   0  132  195  683  829  949 1040 1117 1180],0.023333850206421265,73.23285621920748,2.8361986378983324
1416,13,33,0,[   0   17  132  195  267  677  822  865  866  943 1017 1040 1117 1180],0.02071671872460276,72.30231806399932,2.943722264791149
1417,13,33,20,[   0  132  195  267  677  822  943 1017 1040 1117 1180],0.02071671872460276,72.30231806399932,2.943722264791149
1418,13,33,40,[   0  132  195  267  677  822  943 1040 1117 1180],0.02071671872460276,72.30231806399932,2.943722264791149
1419,13,33,60,[   0  132  195  267  677  822  943 1040 1117 1180],0.02071671872460276,72.30231806399932,2.943722264791149
1420,13,34,0,[   0   17  132  195  250  677  822  865  866  949 1017 1038 1117 1180],0.02741572989579605,73.87843563089194,2.8588501892722387
1421,13,34,20,[   0  132  195  250  677  822  949 1017 1038 1117 1180],0.02741572989579605,73.87843563089194,2.8588501892722387
1422,13,34,40,[   0  132  195  250  677  846  949 1038 1117 1180],0.02741572989579605,73.87843563089194,2.8588501892722387
1423,13,34,60,[   0  132  195  677  846  949 1038 1117 1180],0.02741572989579605,73.87843563089194,2.8588501892722387
1424,13,35,0,[   0   17  158  195  267  676  822  865  866  949 1017 1038 1117 1180],0.03432060367670343,72.48646116804933,2.7453067291459017
1425,13,35,20,[   0  158  195  267  676  822  949 1017 1038 1117 1180],0.03432060367670343,72.48646116804933,2.7453067291459017
1426,13,35,40,[   0  195  267  676  822  949 1038 1117 1180],0.03432060367670343,72.48646116804933,2.7453067291459017
1427,13,35,60,[   0  195  267  676  822  949 1038 1117 1180],0.03432060367670343,72.48646116804933,2.7453067291459017
1428,13,36,0,[   0   17  153  195  267  679  822  865  866  949 1017 1038 1117 1180],0.022779095819177166,72.34691608720065,2.8379964466380705
1429,13,36,20,[   0  153  195  267  679  822  949 1017 1038 1117 1180],0.022779095819177166,72.34691608720065,2.8379964466380705
1430,13,36,40,[   0  153  195  267  679  822  949 1038 1117 1180],0.022779095819177166,72.34691608720065,2.8379964466380705
1431,13,36,60,[   0  195  267  679  822  949 1038 1117 1180],0.022779095819177166,72.34691608720065,2.8379964466380705
1432,13,37,0,"[   0   13   74  195  267  614  745  822  851  865  866  913  952 1017
 1038 1117 1180]",0.020627364748449045,73.35457502239232,2.5243109311714322
1433,13,37,20,[   0   74  195  270  614  745  822  851  913  952 1017 1038 1117 1180],0.020627364748449045,73.35457502239232,2.5243109311714322
1434,13,37,40,[   0   74  195  270  614  745  822  952 1038 1117 1180],0.020627364748449045,73.35457502239232,2.5243109311714322
1435,13,37,60,[   0   74  195  270  614  745  822  952 1038 1117 1180],0.020627364748449045,73.35457502239232,2.5243109311714322
1436,13,38,0,[   0   17  153  195  277  677  827  865  866  949 1017 1038 1117 1180],0.0235123100010359,74.75756300890305,2.749043649469774
1437,13,38,20,[   0  153  195  277  677  827  949 1017 1038 1117 1180],0.0235123100010359,74.75756300890305,2.749043649469774
1438,13,38,40,[   0  153  195  277  677  827  949 1038 1117 1180],0.0235123100010359,74.75756300890305,2.749043649469774
1439,13,38,60,[   0  195  277  677  827  949 1038 1117 1180],0.0235123100010359,74.75756300890305,2.749043649469774
1440,13,39,0,[   0   25  195  263  618  715  827  865  866  949 1017 1038 1117 1180],0.016538087162369316,75.33897564535634,2.6231322826836614
1441,13,39,20,[   0   25  195  263  618  715  827  949 1017 1038 1117 1180],0.016538087162369316,75.33897564535634,2.6231322826836614
1442,13,39,40,[   0  195  263  618  715  827  949 1038 1117 1180],0.016538087162369316,75.33897564535634,2.6231322826836614
1443,13,39,60,[   0  195  263  618  715  827  949 1038 1117 1180],0.016538087162369316,75.33897564535634,2.6231322826836614
1444,13,40,0,"[   0   17  153  195  267  615  721  827  865  866  949 1017 1038 1117
 1180]",0.02258400616168057,75.08379267263014,2.856226134839951
1445,13,40,20,[   0  153  195  267  615  721  827  949 1017 1038 1117 1180],0.02258400616168057,75.08379267263014,2.856226134839951
1446,13,40,40,[   0  153  195  267  615  721  827  949 1038 1117 1180],0.02258400616168057,75.08379267263014,2.856226134839951
1447,13,40,60,[   0  195  267  615  721  827  949 1038 1117 1180],0.02258400616168057,75.08379267263014,2.856226134839951
1448,13,41,0,[   0   25  153  195  243  648  827  865  866  949 1017 1038 1180],0.028560339900664866,75.08898402654492,2.8112792884012547
1449,13,41,20,[   0   25  243  648  827  949 1017 1038 1180],0.028560339900664866,75.08898402654492,2.8112792884012547
1450,13,41,40,[   0  153  195  243  648  827  949 1180],0.028560339900664866,75.08898402654492,2.8112792884012547
1451,13,41,60,[   0  243  648  827  949 1180],0.028560339900664866,75.08898402654492,2.8112792884012547
1452,13,42,0,[   0   17  153  195  250  648  735  827  865  866  949 1017 1038 1180],0.029019134337120944,75.45361730149254,2.7747279831875127
1453,13,42,20,[   0  153  195  250  648  735  827  866  913  949 1017 1038 1180],0.029019134337120944,75.45361730149254,2.7747279831875127
1454,13,42,40,[   0  153  195  250  648  735  827  949 1038 1180],0.029019134337120944,75.45361730149254,2.7747279831875127
1455,13,42,60,[   0  153  250  648  735  827  949 1038 1180],0.029019134337120944,75.45361730149254,2.7747279831875127
1456,13,43,0,[   0   17  209  262  676  822  865  866  949 1017 1038 1180],0.022782309108702384,75.48643219568181,2.546195481822345
1457,13,43,20,[   0  209  262  676  822  846  913  949 1017 1038 1180],0.022782309108702384,75.48643219568181,2.546195481822345
1458,13,43,40,[   0  262  676  846  949 1180],0.022782309108702384,75.48643219568181,2.546195481822345
1459,13,43,60,[   0  262  676  846  949 1180],0.022782309108702384,75.48643219568181,2.546195481822345
1460,13,44,0,[   0   17  218  270  683  827  865  866  949 1017 1038 1180],0.022044110298507894,74.96432549254664,2.5879886413807074
1461,13,44,20,[   0  153  218  270  618  683  827  866  913  949 1017 1038 1180],0.022044110298507894,74.96432549254664,2.5879886413807074
1462,13,44,40,[   0  153  218  270  683  827  949 1038 1180],0.022044110298507894,74.96432549254664,2.5879886413807074
1463,13,44,60,[   0  218  683  827  949 1180],0.022044110298507894,74.96432549254664,2.5879886413807074
1464,13,45,0,[   0   52  198  263  683  822  865  866  949 1017 1038 1117 1180],0.026953653932056447,75.93778798805442,2.912629965685526
1465,13,45,20,[   0   52  198  263  683  822  949 1017 1038 1117 1180],0.026953653932056447,75.93778798805442,2.912629965685526
1466,13,45,40,[   0   52  198  263  683  822  949 1038 1117 1180],0.026953653932056447,75.93778798805442,2.912629965685526
1467,13,45,60,[   0  263  683  822  949 1038 1117 1180],0.026953653932056447,75.93778798805442,2.912629965685526
1468,13,46,0,[   0   13   64  217  262  683  822  865  866  949 1017 1038 1180],0.017806740553145906,74.91554043966347,2.7195977174086106
1469,13,46,20,[   0   64  217  683  822  949 1017 1038 1180],0.017806740553145906,74.91554043966347,2.7195977174086106
1470,13,46,40,[   0   64  217  683  822  949 1180],0.017806740553145906,74.91554043966347,2.7195977174086106
1471,13,46,60,[   0   64  217  683  822  949 1180],0.017806740553145906,74.91554043966347,2.7195977174086106
1472,13,47,0,[   0   17  198  262  683  822  865  866  949 1017 1038 1117 1180],0.025420331625820615,77.72462381365362,2.6917390287806766
1473,13,47,20,[   0  262  683  822  949 1017 1038 1117 1180],0.025420331625820615,77.72462381365362,2.6917390287806766
1474,13,47,40,[   0  262  683  822  949 1038 1117 1180],0.025420331625820615,77.72462381365362,2.6917390287806766
1475,13,47,60,[   0  262  683  822  949 1038 1117 1180],0.025420331625820615,77.72462381365362,2.6917390287806766
1476,13,48,0,[   0   17  199  262  683  822  865  866  949 1017 1038 1180],0.01887567678147073,75.40894202491015,2.9307127470091396
1477,13,48,20,[   0  262  683  822  949 1017 1038 1180],0.01887567678147073,75.40894202491015,2.9307127470091396
1478,13,48,40,[   0  262  683  822  949 1180],0.01887567678147073,75.40894202491015,2.9307127470091396
1479,13,48,60,[   0  262  683  822  949 1180],0.01887567678147073,75.40894202491015,2.9307127470091396
1480,13,49,0,[   0   17  218  683  822  865  866  949 1017 1038 1126 1180],0.02897238792554637,76.88301851171687,2.5809335673279756
1481,13,49,20,[   0  218  683  822  949 1017 1038 1126 1180],0.02897238792554637,76.88301851171687,2.5809335673279756
1482,13,49,40,[   0  218  683  822  949 1038 1126 1180],0.02897238792554637,76.88301851171687,2.5809335673279756
1483,13,49,60,[   0  218  683  822  949 1180],0.02897238792554637,76.88301851171687,2.5809335673279756
1484,13,50,0,[   0   17   64  209  306  685  827  865  866  930 1045 1180],0.027592179829303617,78.18099188409495,2.8476609649798896
1485,13,50,20,[   0   64  209  685  827  930 1180],0.027592179829303617,78.18099188409495,2.8476609649798896
1486,13,50,40,[   0   64  209  685  827  930 1180],0.027592179829303617,78.18099188409495,2.8476609649798896
1487,13,50,60,[   0   64  209  685  827  930 1180],0.027592179829303617,78.18099188409495,2.8476609649798896
1488,14,20,0,"[   0   17  153  195  267  678  822  855  865  866  887  908  949 1017
 1038 1180]",0.0006584929097180503,64.78392156581255,3.1789414979730566
1489,14,20,20,[   0  153  195  267  678  822  855  887  908  949 1017 1038 1180],0.0006584929097180503,64.78392156581255,3.1789414979730566
1490,14,20,40,[   0  153  195  267  678  822  887  949 1038 1180],0.0006584929097180503,64.78392156581255,3.1789414979730566
1491,14,20,60,[   0  195  267  678  822  887  949 1038 1180],0.0006584929097180503,64.78392156581255,3.1789414979730566
1492,14,21,0,"[   0   17  153  195  267  681  822  855  865  866  887  908  949 1022
 1038 1118 1180]",0.022879940851409302,64.72234872032442,3.069751938150484
1493,14,21,20,[   0  153  195  267  681  822  855  887  908  949 1022 1058 1118 1180],0.022879940851409302,64.72234872032442,3.069751938150484
1494,14,21,40,[   0  153  195  267  681  822  887  949 1058 1118 1180],0.022879940851409302,64.72234872032442,3.069751938150484
1495,14,21,60,[   0  195  267  681  822  887  949 1058 1180],0.022879940851409302,64.72234872032442,3.069751938150484
1496,14,22,0,[   0   13  103  195  270  678  829  865  866  949 1017 1038 1118 1180],0.007592909441166738,65.89444760390815,2.825397579685397
1497,14,22,20,[   0   46  103  195  270  678  829  949 1017 1038 1118 1180],0.007592909441166738,65.89444760390815,2.825397579685397
1498,14,22,40,[   0   46  103  195  270  678  829  949 1038 1118 1180],0.007592909441166738,65.89444760390815,2.825397579685397
1499,14,22,60,[   0  103  195  270  678  829  949 1038 1118 1180],0.007592909441166738,65.89444760390815,2.825397579685397
1500,14,23,0,[   0   17  203  267  689  822  854  865  866  949 1017 1040 1117 1180],0.01595992892666975,67.97104911308334,3.013852327530056
1501,14,23,20,[   0  267  689  822  949 1017 1040 1117 1180],0.01595992892666975,67.97104911308334,3.013852327530056
1502,14,23,40,[   0  203  267  689  822  949 1040 1117 1180],0.01595992892666975,67.97104911308334,3.013852327530056
1503,14,23,60,[   0  203  267  689  822  949 1040 1117 1180],0.01595992892666975,67.97104911308334,3.013852327530056
1504,14,24,0,[   0   17  210  267  683  822  854  865  866  949 1017 1040 1117 1180],0.013265858865533983,69.47292350149219,2.799170857475702
1505,14,24,20,[   0  267  689  822  949 1017 1040 1117 1180],0.013265858865533983,69.47292350149219,2.799170857475702
1506,14,24,40,[   0  210  267  689  822  949 1040 1117 1180],0.013265858865533983,69.47292350149219,2.799170857475702
1507,14,24,60,[   0  267  689  822  949 1040 1117 1180],0.013265858865533983,69.47292350149219,2.799170857475702
1508,14,25,0,[   0   17  195  265  683  827  865  866  949 1017 1040 1117 1180],0.01939864780440198,68.93909118988334,2.983521250400497
1509,14,25,20,[   0  265  683  827  949 1017 1040 1117 1180],0.01939864780440198,68.93909118988334,2.983521250400497
1510,14,25,40,[   0  265  683  827  949 1040 1117 1180],0.01939864780440198,68.93909118988334,2.983521250400497
1511,14,25,60,[   0  265  683  827  949 1040 1117 1180],0.01939864780440198,68.93909118988334,2.983521250400497
1512,14,26,0,"[   0   17   64  195  267  683  822  854  865  866  949 1017 1038 1118
 1180]",0.008040932784900376,67.65333166776651,2.9845686326568064
1513,14,26,20,"[   0   64  132  195  267  683  822  854  913  949 1017 1038 1060 1118
 1180]",0.008040932784900376,67.65333166776651,2.9845686326568064
1514,14,26,40,[   0   64  195  267  683  822  949 1017 1060 1118 1180],0.008040932784900376,67.65333166776651,2.9845686326568064
1515,14,26,60,[   0   64  195  267  683  822  949 1180],0.008040932784900376,67.65333166776651,2.9845686326568064
1516,14,27,0,[   0   17  197  267  677  822  854  865  866  949 1017 1038 1118 1180],0.013576260055607714,68.35133000823068,2.8051732237429134
1517,14,27,20,[   0  197  267  677  822  854  913  949 1017 1038 1060 1118 1180],0.013576260055607714,68.35133000823068,2.8051732237429134
1518,14,27,40,[   0  197  267  677  822  949 1017 1060 1118 1180],0.013576260055607714,68.35133000823068,2.8051732237429134
1519,14,27,60,[   0  267  677  822  949 1180],0.013576260055607714,68.35133000823068,2.8051732237429134
1520,14,28,0,"[   0   17   64  132  195  267  618  683  822  846  865  866  913  949
 1017 1038 1121 1180]",0.015998771549633094,69.61093722719627,2.9649055610251205
1521,14,28,20,"[   0   64  132  195  267  618  683  822  846  913  949 1017 1038 1121
 1180]",0.015998771549633094,69.61093722719627,2.9649055610251205
1522,14,28,40,[   0   64  195  267  683  846  949 1038 1121 1180],0.015998771549633094,69.61093722719627,2.9649055610251205
1523,14,28,60,[   0   64  195  267  683  846  949 1180],0.015998771549633094,69.61093722719627,2.9649055610251205
1524,14,29,0,[   0   17   64  195  267  681  822  865  866  949 1017 1038 1117 1180],0.025311099567856977,68.87846149699675,2.937669075098264
1525,14,29,20,[   0   64  195  267  681  822  949 1017 1038 1117 1180],0.025311099567856977,68.87846149699675,2.937669075098264
1526,14,29,40,[   0   64  195  267  681  846  949 1038 1117 1180],0.025311099567856977,68.87846149699675,2.937669075098264
1527,14,29,60,[   0   64  195  267  681  846  949 1038 1117 1180],0.025311099567856977,68.87846149699675,2.937669075098264
1528,14,30,0,"[   0   17  153  195  267  677  829  865  866  948  949 1017 1038 1117
 1180]",0.023452314251793824,69.33233650955765,3.1576378109227323
1529,14,30,20,[   0  153  195  267  677  829  949 1017 1038 1117 1180],0.023452314251793824,69.33233650955765,3.1576378109227323
1530,14,30,40,[   0  153  195  267  677  829  949 1038 1117 1180],0.023452314251793824,69.33233650955765,3.1576378109227323
1531,14,30,60,[   0  267  677  829  949 1038 1117 1180],0.023452314251793824,69.33233650955765,3.1576378109227323
1532,14,31,0,[   0   17  153  195  268  677  822  865  866  949 1017 1040 1117 1180],0.018435470302130542,68.21837311980205,3.0730312579518233
1533,14,31,20,[   0  153  195  268  677  822  949 1017 1040 1117 1180],0.018435470302130542,68.21837311980205,3.0730312579518233
1534,14,31,40,[   0  153  195  268  677  822  949 1040 1117 1180],0.018435470302130542,68.21837311980205,3.0730312579518233
1535,14,31,60,[   0  195  268  677  822  949 1040 1117 1180],0.018435470302130542,68.21837311980205,3.0730312579518233
1536,14,32,0,"[   0   17   64  132  195  250  635  683  829  865  866  913  949 1017
 1040 1117 1180]",0.022663441175713634,70.18242287266297,2.88893505183001
1537,14,32,20,"[   0   64  132  195  250  635  683  829  866  913  949 1017 1040 1117
 1180]",0.022663441175713634,70.18242287266297,2.88893505183001
1538,14,32,40,[   0   64  195  250  683  829  949 1040 1117 1180],0.022663441175713634,70.18242287266297,2.88893505183001
1539,14,32,60,[   0   64  195  683  829  949 1040 1117 1180],0.022663441175713634,70.18242287266297,2.88893505183001
1540,14,33,0,"[   0   17   64  195  267  677  822  851  865  866  943 1017 1040 1117
 1180]",0.020066073901507848,69.3915203725663,3.055114380231746
1541,14,33,20,[   0   64  132  195  267  677  822  851  913  943 1017 1040 1117 1180],0.020066073901507848,69.3915203725663,3.055114380231746
1542,14,33,40,[   0   64  195  267  677  822  943 1040 1117 1180],0.020066073901507848,69.3915203725663,3.055114380231746
1543,14,33,60,[   0   64  195  267  677  822  943 1040 1117 1180],0.020066073901507848,69.3915203725663,3.055114380231746
1544,14,34,0,[   0   17   64  195  250  677  822  865  866  949 1017 1038 1117 1180],0.026113355799349664,70.79803891861006,2.959681461168319
1545,14,34,20,[   0   64  132  195  250  677  822  846  913  949 1017 1038 1117 1180],0.026113355799349664,70.79803891861006,2.959681461168319
1546,14,34,40,[   0   64  132  195  250  677  729  846  949 1038 1117 1180],0.026113355799349664,70.79803891861006,2.959681461168319
1547,14,34,60,[   0   64  195  677  846  949 1038 1117 1180],0.026113355799349664,70.79803891861006,2.959681461168319
1548,14,35,0,[   0   17   64  195  267  676  822  865  866  949 1017 1038 1117 1180],0.028290373203056562,69.40745141532197,2.8410283882190845
1549,14,35,20,[   0   64  195  270  676  822  949 1017 1038 1117 1180],0.028290373203056562,69.40745141532197,2.8410283882190845
1550,14,35,40,[   0   64  195  270  676  822  949 1038 1117 1180],0.028290373203056562,69.40745141532197,2.8410283882190845
1551,14,35,60,[   0   64  195  270  676  822  949 1038 1117 1180],0.028290373203056562,69.40745141532197,2.8410283882190845
1552,14,36,0,[   0   17  153  195  267  677  822  865  866  949 1017 1038 1117 1180],0.019235710375768336,69.23439476389433,2.9080566924086186
1553,14,36,20,[   0  153  195  267  677  822  949 1017 1038 1117 1180],0.019235710375768336,69.23439476389433,2.9080566924086186
1554,14,36,40,[   0  153  195  267  677  822  949 1038 1117 1180],0.019235710375768336,69.23439476389433,2.9080566924086186
1555,14,36,60,[   0  195  267  677  822  949 1038 1117 1180],0.019235710375768336,69.23439476389433,2.9080566924086186
1556,14,37,0,"[   0   13   74  195  267  614  745  822  851  865  866  913  952 1017
 1038 1117 1180]",0.012988889216707362,70.1256143032982,2.7219704942601797
1557,14,37,20,[   0   74  195  270  614  745  822  851  913  952 1017 1038 1117 1180],0.012988889216707362,70.1256143032982,2.7219704942601797
1558,14,37,40,[   0   74  195  270  614  745  822  952 1038 1117 1180],0.012988889216707362,70.1256143032982,2.7219704942601797
1559,14,37,60,[   0   74  195  270  614  745  822  952 1038 1117 1180],0.012988889216707362,70.1256143032982,2.7219704942601797
1560,14,38,0,[   0   17  153  195  277  677  827  865  866  949 1017 1038 1117 1180],0.02496573377007817,71.67088138665177,2.726786380423434
1561,14,38,20,[   0  153  195  277  677  827  949 1017 1038 1117 1180],0.02496573377007817,71.67088138665177,2.726786380423434
1562,14,38,40,[   0  153  195  277  677  827  949 1038 1117 1180],0.02496573377007817,71.67088138665177,2.726786380423434
1563,14,38,60,[   0  195  277  677  827  949 1038 1117 1180],0.02496573377007817,71.67088138665177,2.726786380423434
1564,14,39,0,[   0   25  195  263  618  715  827  865  866  949 1017 1038 1117 1180],0.01829065845465361,72.07650480379256,2.5843206289929617
1565,14,39,20,[   0   25  195  263  618  715  827  949 1017 1038 1117 1180],0.01829065845465361,72.07650480379256,2.5843206289929617
1566,14,39,40,[   0  195  263  618  715  827  949 1038 1117 1180],0.01829065845465361,72.07650480379256,2.5843206289929617
1567,14,39,60,[   0  195  263  618  715  827  949 1038 1117 1180],0.01829065845465361,72.07650480379256,2.5843206289929617
1568,14,40,0,"[   0   17  153  195  267  648  735  827  865  866  949 1017 1038 1117
 1180]",0.02231863119071031,71.67536389072103,2.8460958841961945
1569,14,40,20,[   0  153  195  267  648  735  827  949 1017 1038 1117 1180],0.02231863119071031,71.67536389072103,2.8460958841961945
1570,14,40,40,[   0  153  195  267  648  735  827  949 1038 1117 1180],0.02231863119071031,71.67536389072103,2.8460958841961945
1571,14,40,60,[   0  195  267  648  735  827  949 1038 1117 1180],0.02231863119071031,71.67536389072103,2.8460958841961945
1572,14,41,0,[   0   25  153  195  243  683  827  865  866  949 1017 1038 1180],0.015701630869244983,71.59990235777062,2.88238372910927
1573,14,41,20,[   0   25  243  683  827  949 1017 1038 1180],0.015701630869244983,71.59990235777062,2.88238372910927
1574,14,41,40,[   0  153  195  243  683  827  949 1038 1180],0.015701630869244983,71.59990235777062,2.88238372910927
1575,14,41,60,[   0  243  683  827  949 1180],0.015701630869244983,71.59990235777062,2.88238372910927
1576,14,42,0,[   0   17  153  195  270  618  717  827  865  866  949 1017 1038 1180],0.024741884724124218,72.21845580316993,2.849151633959682
1577,14,42,20,[   0  153  195  270  648  735  827  866  913  949 1017 1038 1180],0.024741884724124218,72.21845580316993,2.849151633959682
1578,14,42,40,[   0  153  195  270  648  735  827  949 1038 1180],0.024741884724124218,72.21845580316993,2.849151633959682
1579,14,42,60,[   0  195  270  648  735  827  949 1038 1180],0.024741884724124218,72.21845580316993,2.849151633959682
1580,14,43,0,[   0   17  209  270  676  822  865  866  949 1017 1038 1180],0.0175107405412885,72.32322653832048,2.6337434562275943
1581,14,43,20,[   0  209  270  675  822  846  913  949 1017 1038 1180],0.0175107405412885,72.32322653832048,2.6337434562275943
1582,14,43,40,[   0  270  675  846  949 1180],0.0175107405412885,72.32322653832048,2.6337434562275943
1583,14,43,60,[   0  270  675  846  949 1180],0.0175107405412885,72.32322653832048,2.6337434562275943
1584,14,44,0,[   0   17  218  270  683  827  865  866  949 1017 1038 1180],0.01891115738983943,71.83499364124896,2.6551230606822984
1585,14,44,20,[   0  153  218  270  618  683  827  866  913  949 1017 1038 1180],0.01891115738983943,71.83499364124896,2.6551230606822984
1586,14,44,40,[   0  153  218  270  683  827  949 1038 1180],0.01891115738983943,71.83499364124896,2.6551230606822984
1587,14,44,60,[   0  218  683  827  949 1180],0.01891115738983943,71.83499364124896,2.6551230606822984
1588,14,45,0,[   0   52  198  263  683  822  865  866  949 1017 1038 1117 1180],0.02737480679683815,72.47332617914898,2.912408953191626
1589,14,45,20,[   0   52  198  263  683  822  949 1017 1038 1117 1180],0.02737480679683815,72.47332617914898,2.912408953191626
1590,14,45,40,[   0   52  198  263  683  846  949 1038 1117 1180],0.02737480679683815,72.47332617914898,2.912408953191626
1591,14,45,60,[   0  263  683  846  949 1038 1117 1180],0.02737480679683815,72.47332617914898,2.912408953191626
1592,14,46,0,"[   0   13   64  217  262  615  683  822  846  865  866  949 1017 1038
 1058 1118 1165 1180]",0.015834621533243855,72.08320086774705,2.818752104315422
1593,14,46,20,[   0   64  217  683  822  949 1017 1038 1118 1180],0.015834621533243855,72.08320086774705,2.818752104315422
1594,14,46,40,[   0   64  217  262  683  822  949 1038 1118 1180],0.015834621533243855,72.08320086774705,2.818752104315422
1595,14,46,60,[   0   64  217  683  822  949 1038 1118 1180],0.015834621533243855,72.08320086774705,2.818752104315422
1596,14,47,0,[   0   17   64  198  262  683  822  865  866  949 1017 1038 1117 1180],0.024433827914858132,74.35903120957666,2.821000212864066
1597,14,47,20,[   0   64  198  262  683  822  949 1017 1038 1117 1180],0.024433827914858132,74.35903120957666,2.821000212864066
1598,14,47,40,[   0   64  198  262  683  822  949 1038 1117 1180],0.024433827914858132,74.35903120957666,2.821000212864066
1599,14,47,60,[   0   64  198  262  683  822  949 1038 1117 1180],0.024433827914858132,74.35903120957666,2.821000212864066
1600,14,48,0,[   0   13   60  199  262  683  822  865  866  949 1017 1038 1180],0.016043575227631415,72.42930876925035,2.983011692672382
1601,14,48,20,[   0   60  199  262  683  822  949 1017 1038 1180],0.016043575227631415,72.42930876925035,2.983011692672382
1602,14,48,40,[   0   60  199  262  683  822  949 1180],0.016043575227631415,72.42930876925035,2.983011692672382
1603,14,48,60,[   0  262  683  822  949 1180],0.016043575227631415,72.42930876925035,2.983011692672382
1604,14,49,0,[   0   17   64  199  306  683  822  865  866  949 1017 1038 1126 1180],0.02821546441725449,73.66985518493038,2.7529771681159603
1605,14,49,20,[   0   64  199  306  683  822  949 1017 1038 1126 1180],0.02821546441725449,73.66985518493038,2.7529771681159603
1606,14,49,40,[   0   64  199  306  683  822  949 1038 1126 1180],0.02821546441725449,73.66985518493038,2.7529771681159603
1607,14,49,60,[   0   64  199  683  822  949 1180],0.02821546441725449,73.66985518493038,2.7529771681159603
1608,14,50,0,[   0   13   60  209  306  685  827  865  866  930 1045 1180],0.02266192202613249,74.83113467248936,2.909131134977939
1609,14,50,20,[   0   60  209  685  827  930 1180],0.02266192202613249,74.83113467248936,2.909131134977939
1610,14,50,40,[   0   60  209  685  827  930 1180],0.02266192202613249,74.83113467248936,2.909131134977939
1611,14,50,60,[   0  209  685  827  930 1180],0.02266192202613249,74.83113467248936,2.909131134977939
1612,15,20,0,"[   0   17  153  195  267  678  822  855  865  866  887  908  949 1017
 1038 1118 1180]",-0.0028603867106098023,62.38566487899524,3.127953548388803
1613,15,20,20,[   0  153  195  267  678  822  855  887  908  949 1017 1038 1118 1180],-0.0028603867106098023,62.38566487899524,3.127953548388803
1614,15,20,40,[   0  153  195  267  678  822  887  949 1038 1118 1180],-0.0028603867106098023,62.38566487899524,3.127953548388803
1615,15,20,60,[   0  195  267  678  822  887  949 1038 1118 1180],-0.0028603867106098023,62.38566487899524,3.127953548388803
1616,15,21,0,"[   0   17  153  195  267  678  822  855  865  866  887  908  949 1022
 1038 1118 1180]",0.014248930760311073,62.31863761668586,3.1154407946177565
1617,15,21,20,[   0  153  195  267  678  822  855  887  908  949 1022 1058 1118 1180],0.014248930760311073,62.31863761668586,3.1154407946177565
1618,15,21,40,[   0  153  195  267  678  822  887  949 1058 1118 1180],0.014248930760311073,62.31863761668586,3.1154407946177565
1619,15,21,60,[   0  195  267  678  822  887  949 1058 1180],0.014248930760311073,62.31863761668586,3.1154407946177565
1620,15,22,0,[   0   13  103  195  270  678  829  865  866  949 1017 1038 1118 1180],5.3382020504289725e-05,63.547566894658324,3.0354926807986953
1621,15,22,20,[   0   46  103  195  270  678  829  949 1017 1038 1118 1180],5.3382020504289725e-05,63.547566894658324,3.0354926807986953
1622,15,22,40,[   0   46  103  195  270  678  829  949 1038 1118 1180],5.3382020504289725e-05,63.547566894658324,3.0354926807986953
1623,15,22,60,[   0  103  195  270  678  829  949 1038 1118 1180],5.3382020504289725e-05,63.547566894658324,3.0354926807986953
1624,15,23,0,[   0   17  203  267  689  822  854  865  866  949 1017 1040 1117 1180],0.01382716659379738,65.31833599132732,2.972664056287483
1625,15,23,20,[   0  267  685  822  949 1017 1040 1117 1180],0.01382716659379738,65.31833599132732,2.972664056287483
1626,15,23,40,[   0  203  267  685  822  949 1040 1117 1180],0.01382716659379738,65.31833599132732,2.972664056287483
1627,15,23,60,[   0  203  267  685  822  949 1040 1117 1180],0.01382716659379738,65.31833599132732,2.972664056287483
1628,15,24,0,[   0   17  195  267  683  822  854  865  866  949 1017 1040 1117 1180],0.015057546769874653,66.58752739500756,3.0159772200548267
1629,15,24,20,[   0  267  689  822  949 1017 1040 1117 1180],0.015057546769874653,66.58752739500756,3.0159772200548267
1630,15,24,40,[   0  195  267  689  822  949 1040 1117 1180],0.015057546769874653,66.58752739500756,3.0159772200548267
1631,15,24,60,[   0  195  267  689  822  949 1040 1117 1180],0.015057546769874653,66.58752739500756,3.0159772200548267
1632,15,25,0,[   0   34  195  265  683  827  865  866  949 1017 1040 1117 1180],0.01248725837790195,66.08981230364172,2.7991981202535743
1633,15,25,20,[   0   34  195  265  683  827  949 1017 1040 1117 1180],0.01248725837790195,66.08981230364172,2.7991981202535743
1634,15,25,40,[   0  265  683  827  949 1040 1117 1180],0.01248725837790195,66.08981230364172,2.7991981202535743
1635,15,25,60,[   0  265  683  827  949 1040 1117 1180],0.01248725837790195,66.08981230364172,2.7991981202535743
1636,15,26,0,"[   0   17   64  195  267  677  822  854  865  866  949 1017 1038 1118
 1180]",0.009629897350967661,65.40480976232598,3.0598006576007664
1637,15,26,20,[   0   64  195  267  677  822  854  913  949 1017 1038 1118 1180],0.009629897350967661,65.40480976232598,3.0598006576007664
1638,15,26,40,[   0   64  195  267  677  822  949 1017 1060 1118 1180],0.009629897350967661,65.40480976232598,3.0598006576007664
1639,15,26,60,[   0   64  195  267  677  822  949 1180],0.009629897350967661,65.40480976232598,3.0598006576007664
1640,15,27,0,[   0   17  197  267  677  822  854  865  866  949 1017 1038 1118 1180],0.005555238325104568,65.61008525160894,2.8506851056312823
1641,15,27,20,[   0  197  267  677  822  854  913  949 1017 1038 1060 1118 1180],0.005555238325104568,65.61008525160894,2.8506851056312823
1642,15,27,40,[   0  197  267  677  822  949 1017 1060 1118 1180],0.005555238325104568,65.61008525160894,2.8506851056312823
1643,15,27,60,[   0  267  677  822  949 1180],0.005555238325104568,65.61008525160894,2.8506851056312823
1644,15,28,0,"[   0   17   64  132  195  267  618  683  822  846  865  866  913  949
 1017 1040 1117 1180]",0.01639644687287137,67.07048867867901,3.0308684422383467
1645,15,28,20,"[   0   64  132  195  267  618  683  822  846  913  949 1017 1040 1117
 1180]",0.01639644687287137,67.07048867867901,3.0308684422383467
1646,15,28,40,[   0   64  195  267  683  846  949 1040 1117 1180],0.01639644687287137,67.07048867867901,3.0308684422383467
1647,15,28,60,[   0   64  195  267  683  846  949 1040 1117 1180],0.01639644687287137,67.07048867867901,3.0308684422383467
1648,15,29,0,[   0   17   64  195  267  681  822  865  866  949 1017 1038 1117 1180],0.016456214409408282,65.86543258864928,2.7231800988352775
1649,15,29,20,[   0   64  195  267  681  822  949 1017 1038 1117 1180],0.016456214409408282,65.86543258864928,2.7231800988352775
1650,15,29,40,[   0   64  195  267  681  846  949 1038 1117 1180],0.016456214409408282,65.86543258864928,2.7231800988352775
1651,15,29,60,[   0   64  195  267  681  846  949 1038 1117 1180],0.016456214409408282,65.86543258864928,2.7231800988352775
1652,15,30,0,"[   0   17  153  195  267  677  829  865  866  948  949 1017 1038 1117
 1180]",0.013054012220823048,66.47646724642951,3.1351426269991864
1653,15,30,20,[   0  153  195  267  677  829  949 1017 1038 1117 1180],0.013054012220823048,66.47646724642951,3.1351426269991864
1654,15,30,40,[   0  153  195  267  677  829  949 1038 1117 1180],0.013054012220823048,66.47646724642951,3.1351426269991864
1655,15,30,60,[   0  267  677  829  949 1038 1117 1180],0.013054012220823048,66.47646724642951,3.1351426269991864
1656,15,31,0,[   0   17  153  195  268  677  822  865  866  949 1017 1040 1118 1180],0.007462175929295327,64.91300575849229,3.023845216525298
1657,15,31,20,[   0  153  195  268  677  822  949 1017 1040 1118 1180],0.007462175929295327,64.91300575849229,3.023845216525298
1658,15,31,40,[   0  153  195  268  677  822  949 1040 1118 1180],0.007462175929295327,64.91300575849229,3.023845216525298
1659,15,31,60,[   0  195  268  677  822  949 1040 1118 1180],0.007462175929295327,64.91300575849229,3.023845216525298
1660,15,32,0,"[   0   17   64  132  195  250  635  683  822  851  865  866  913  949
 1017 1040 1117 1180]",0.025566746646828533,67.59190744824649,2.7902882962857327
1661,15,32,20,"[   0   64  132  195  250  635  683  822  851  913  949 1017 1040 1117
 1180]",0.025566746646828533,67.59190744824649,2.7902882962857327
1662,15,32,40,[   0   64  195  250  683  822  949 1040 1117 1180],0.025566746646828533,67.59190744824649,2.7902882962857327
1663,15,32,60,[   0   64  195  683  822  949 1040 1117 1180],0.025566746646828533,67.59190744824649,2.7902882962857327
1664,15,33,0,"[   0   17   64  195  267  677  822  851  865  866  943 1017 1040 1118
 1180]",0.013971045095075652,66.41103358755373,2.9840600107854813
1665,15,33,20,[   0   64  132  195  267  677  822  851  913  943 1017 1040 1118 1180],0.013971045095075652,66.41103358755373,2.9840600107854813
1666,15,33,40,[   0   64  195  267  677  822  943 1040 1118 1180],0.013971045095075652,66.41103358755373,2.9840600107854813
1667,15,33,60,[   0   64  195  267  677  822  943 1040 1118 1180],0.013971045095075652,66.41103358755373,2.9840600107854813
1668,15,34,0,[   0   17   64  195  250  677  822  865  866  949 1017 1038 1117 1180],0.02412399384238295,68.10566110223688,2.9750411296773502
1669,15,34,20,[   0   64  132  195  250  677  822  846  913  949 1017 1038 1117 1180],0.02412399384238295,68.10566110223688,2.9750411296773502
1670,15,34,40,[   0   64  132  195  250  677  729  846  949 1038 1117 1180],0.02412399384238295,68.10566110223688,2.9750411296773502
1671,15,34,60,[   0   64  195  677  846  949 1038 1117 1180],0.02412399384238295,68.10566110223688,2.9750411296773502
1672,15,35,0,[   0   13   60  195  267  676  822  865  866  949 1017 1038 1117 1180],0.020140797164617218,66.81364918178399,2.6637410441462968
1673,15,35,20,[   0   60  195  270  676  822  949 1017 1038 1117 1180],0.020140797164617218,66.81364918178399,2.6637410441462968
1674,15,35,40,[   0   60  195  270  676  822  949 1038 1117 1180],0.020140797164617218,66.81364918178399,2.6637410441462968
1675,15,35,60,[   0  195  270  676  822  949 1038 1117 1180],0.020140797164617218,66.81364918178399,2.6637410441462968
1676,15,36,0,[   0   17   64  195  267  677  822  865  866  949 1017 1038 1117 1180],0.015522386283028235,66.594563904739,2.964330604598503
1677,15,36,20,[   0   64  195  267  677  822  949 1017 1038 1117 1180],0.015522386283028235,66.594563904739,2.964330604598503
1678,15,36,40,[   0   64  195  267  677  822  949 1038 1117 1180],0.015522386283028235,66.594563904739,2.964330604598503
1679,15,36,60,[   0   64  195  267  677  822  949 1038 1117 1180],0.015522386283028235,66.594563904739,2.964330604598503
1680,15,37,0,"[   0   13   74  195  267  614  735  822  851  865  866  913  949 1017
 1038 1117 1180]",0.014739503018573545,67.3255538679007,2.7294568337595657
1681,15,37,20,[   0   74  195  270  614  735  822  851  913  949 1017 1038 1117 1180],0.014739503018573545,67.3255538679007,2.7294568337595657
1682,15,37,40,[   0   74  195  270  614  735  851  949 1038 1117 1180],0.014739503018573545,67.3255538679007,2.7294568337595657
1683,15,37,60,[   0   74  195  270  614  735  851  949 1038 1117 1180],0.014739503018573545,67.3255538679007,2.7294568337595657
1684,15,38,0,[   0   13   74  195  277  677  827  865  866  949 1017 1038 1117 1180],0.016528572555037525,68.87088964416677,2.548462655853543
1685,15,38,20,[   0   74  195  277  677  827  949 1017 1038 1117 1180],0.016528572555037525,68.87088964416677,2.548462655853543
1686,15,38,40,[   0   74  195  277  677  827  949 1038 1117 1180],0.016528572555037525,68.87088964416677,2.548462655853543
1687,15,38,60,[   0   74  195  277  677  827  949 1038 1117 1180],0.016528572555037525,68.87088964416677,2.548462655853543
1688,15,39,0,[   0   25  195  270  676  827  865  866  949 1017 1038 1117 1180],0.016323906519901066,69.1363957983913,2.636255288314464
1689,15,39,20,[   0   25  195  270  676  827  949 1017 1038 1117 1180],0.016323906519901066,69.1363957983913,2.636255288314464
1690,15,39,40,[   0  195  270  676  827  949 1038 1117 1180],0.016323906519901066,69.1363957983913,2.636255288314464
1691,15,39,60,[   0  195  270  676  827  949 1038 1117 1180],0.016323906519901066,69.1363957983913,2.636255288314464
1692,15,40,0,"[   0   17  153  195  267  648  735  827  865  866  949 1017 1038 1117
 1180]",0.0199340317554058,68.79601485424381,2.7800781712279616
1693,15,40,20,[   0  153  195  267  648  735  827  949 1017 1038 1117 1180],0.0199340317554058,68.79601485424381,2.7800781712279616
1694,15,40,40,[   0  153  195  267  648  735  827  949 1038 1117 1180],0.0199340317554058,68.79601485424381,2.7800781712279616
1695,15,40,60,[   0  195  267  648  735  827  949 1038 1117 1180],0.0199340317554058,68.79601485424381,2.7800781712279616
1696,15,41,0,[   0   25   60  195  243  683  827  865  866  949 1017 1038 1180],0.01174423603938028,68.65678228654549,2.674365779145151
1697,15,41,20,"[   0   25   60  153  195  243  615  683  827  866  913  949 1017 1038
 1180]",0.01174423603938028,68.65678228654549,2.674365779145151
1698,15,41,40,[   0   60  243  683  827  949 1180],0.01174423603938028,68.65678228654549,2.674365779145151
1699,15,41,60,[   0  195  683  827  949 1180],0.01174423603938028,68.65678228654549,2.674365779145151
1700,15,42,0,[   0   13   60  195  270  618  717  827  865  866  949 1017 1038 1180],0.017438744812628908,69.24791180616326,2.7633304639942704
1701,15,42,20,[   0   60  195  270  648  735  827  949 1017 1038 1180],0.017438744812628908,69.24791180616326,2.7633304639942704
1702,15,42,40,[   0   60  195  270  648  735  827  949 1038 1180],0.017438744812628908,69.24791180616326,2.7633304639942704
1703,15,42,60,[   0  195  270  648  735  827  949 1038 1180],0.017438744812628908,69.24791180616326,2.7633304639942704
1704,15,43,0,[   0   17  209  262  676  822  865  866  949 1017 1038 1180],0.01932055661390114,69.27891948020063,2.5649730491157334
1705,15,43,20,[   0  209  262  675  822  846  913  949 1017 1038 1180],0.01932055661390114,69.27891948020063,2.5649730491157334
1706,15,43,40,[   0  262  675  846  949 1180],0.01932055661390114,69.27891948020063,2.5649730491157334
1707,15,43,60,[   0  209  675  846  949 1180],0.01932055661390114,69.27891948020063,2.5649730491157334
1708,15,44,0,[   0   17  218  270  683  827  865  866  949 1017 1038 1180],0.021092885128371874,68.94481979499112,2.5601863699963263
1709,15,44,20,[   0  153  218  270  637  683  827  866  913  949 1017 1038 1180],0.021092885128371874,68.94481979499112,2.5601863699963263
1710,15,44,40,[   0  153  218  270  683  827  949 1038 1180],0.021092885128371874,68.94481979499112,2.5601863699963263
1711,15,44,60,[   0  218  683  827  949 1180],0.021092885128371874,68.94481979499112,2.5601863699963263
1712,15,45,0,[   0   52  198  263  683  822  865  866  949 1017 1038 1117 1180],0.02784519112114968,69.30979889965012,2.849737913536733
1713,15,45,20,[   0   52  198  263  683  822  949 1017 1038 1117 1180],0.02784519112114968,69.30979889965012,2.849737913536733
1714,15,45,40,[   0   52  198  263  683  846  949 1038 1117 1180],0.02784519112114968,69.30979889965012,2.849737913536733
1715,15,45,60,[   0  263  683  846  949 1038 1117 1180],0.02784519112114968,69.30979889965012,2.849737913536733
1716,15,46,0,"[   0   13   64  217  262  615  683  822  846  865  866  949 1017 1038
 1058 1118 1165 1180]",0.013084439297027359,69.4645867078593,2.88610088239397
1717,15,46,20,[   0   64  217  683  822  949 1017 1038 1118 1180],0.013084439297027359,69.4645867078593,2.88610088239397
1718,15,46,40,[   0   64  217  262  683  822  949 1038 1118 1180],0.013084439297027359,69.4645867078593,2.88610088239397
1719,15,46,60,[   0   64  217  683  822  949 1038 1118 1180],0.013084439297027359,69.4645867078593,2.88610088239397
1720,15,47,0,[   0   17   64  198  262  683  822  865  866  949 1017 1038 1117 1180],0.024051641027930497,70.88425902414396,2.911632413239711
1721,15,47,20,[   0   64  198  262  683  822  949 1017 1038 1117 1180],0.024051641027930497,70.88425902414396,2.911632413239711
1722,15,47,40,[   0   64  198  262  683  822  949 1038 1117 1180],0.024051641027930497,70.88425902414396,2.911632413239711
1723,15,47,60,[   0   64  198  262  683  822  949 1038 1117 1180],0.024051641027930497,70.88425902414396,2.911632413239711
1724,15,48,0,[   0   13   60  199  262  683  822  865  866  949 1017 1040 1117 1180],0.018072314708277085,69.80113113873321,3.0312919436469303
1725,15,48,20,[   0   60  199  262  683  822  949 1017 1040 1117 1180],0.018072314708277085,69.80113113873321,3.0312919436469303
1726,15,48,40,[   0   60  199  262  683  822  949 1040 1117 1180],0.018072314708277085,69.80113113873321,3.0312919436469303
1727,15,48,60,[   0  262  683  822  949 1040 1117 1180],0.018072314708277085,69.80113113873321,3.0312919436469303
1728,15,49,0,[   0   17   64  199  306  683  822  865  866  949 1017 1038 1126 1180],0.02868368036172693,70.69219179470636,2.714512001060192
1729,15,49,20,[   0   64  199  306  683  822  949 1017 1038 1126 1180],0.02868368036172693,70.69219179470636,2.714512001060192
1730,15,49,40,[   0   64  199  306  683  822  949 1038 1126 1180],0.02868368036172693,70.69219179470636,2.714512001060192
1731,15,49,60,[   0   64  199  683  822  949 1180],0.02868368036172693,70.69219179470636,2.714512001060192
1732,15,50,0,[   0   13   60  209  306  685  827  865  866  949 1001 1045 1180],0.022963102600096565,71.67213198233387,2.8542523279752854
1733,15,50,20,[   0   60  209  685  827  949 1180],0.022963102600096565,71.67213198233387,2.8542523279752854
1734,15,50,40,[   0   60  209  685  827  949 1180],0.022963102600096565,71.67213198233387,2.8542523279752854
1735,15,50,60,[   0  209  685  827  949 1180],0.022963102600096565,71.67213198233387,2.8542523279752854
1736,16,20,0,"[   0   17  153  195  267  678  822  855  865  866  887  908  949 1017
 1038 1118 1180]",-0.001414943134430265,60.170729743729694,3.1695365397429867
1737,16,20,20,[   0  153  195  267  678  822  855  887  908  949 1017 1038 1118 1180],-0.001414943134430265,60.170729743729694,3.1695365397429867
1738,16,20,40,[   0  153  195  267  678  822  887  949 1038 1118 1180],-0.001414943134430265,60.170729743729694,3.1695365397429867
1739,16,20,60,[   0  195  267  678  822  887  949 1038 1118 1180],-0.001414943134430265,60.170729743729694,3.1695365397429867
1740,16,21,0,"[   0   17  153  195  267  475  678  822  855  865  866  887  908  949
 1022 1038 1058 1118 1180]",0.010359681803750648,60.159678974595934,3.095070748406424
1741,16,21,20,"[   0  153  195  267  475  678  822  855  887  908  949 1022 1058 1118
 1180]",0.010359681803750648,60.159678974595934,3.095070748406424
1742,16,21,40,[   0  153  195  267  678  822  887  949 1058 1118 1180],0.010359681803750648,60.159678974595934,3.095070748406424
1743,16,21,60,[   0  195  267  678  822  887  949 1058 1180],0.010359681803750648,60.159678974595934,3.095070748406424
1744,16,22,0,"[   0   13  103  195  270  678  822  855  865  866  949 1017 1038 1118
 1180]",-0.0027336596693450683,61.50134728637025,2.9091182552599713
1745,16,22,20,[   0   46  103  195  270  678  822  949 1017 1038 1118 1180],-0.0027336596693450683,61.50134728637025,2.9091182552599713
1746,16,22,40,[   0   46  103  195  270  678  822  949 1038 1118 1180],-0.0027336596693450683,61.50134728637025,2.9091182552599713
1747,16,22,60,[   0  103  195  270  678  822  949 1038 1118 1180],-0.0027336596693450683,61.50134728637025,2.9091182552599713
1748,16,23,0,[   0   34  203  267  689  822  854  865  866  949 1017 1040 1117 1180],0.011316928464910966,62.92034209430314,2.9711648470684233
1749,16,23,20,[   0   34  203  267  685  822  949 1017 1040 1117 1180],0.011316928464910966,62.92034209430314,2.9711648470684233
1750,16,23,40,[   0  203  267  685  822  949 1040 1117 1180],0.011316928464910966,62.92034209430314,2.9711648470684233
1751,16,23,60,[   0  203  267  685  822  949 1040 1117 1180],0.011316928464910966,62.92034209430314,2.9711648470684233
1752,16,24,0,[   0   34  195  267  683  822  854  865  866  949 1017 1040 1117 1180],0.011659518331328816,64.09383629461618,3.0697885975032326
1753,16,24,20,[   0   34  195  267  689  822  949 1017 1040 1117 1180],0.011659518331328816,64.09383629461618,3.0697885975032326
1754,16,24,40,[   0  195  267  689  822  949 1040 1117 1180],0.011659518331328816,64.09383629461618,3.0697885975032326
1755,16,24,60,[   0  195  267  689  822  949 1040 1117 1180],0.011659518331328816,64.09383629461618,3.0697885975032326
1756,16,25,0,[   0   17  103  195  267  683  827  865  866  949 1017 1040 1117 1180],0.011544388864808125,63.5817470943923,2.880243314698942
1757,16,25,20,[   0   34  103  195  267  683  827  949 1017 1040 1117 1180],0.011544388864808125,63.5817470943923,2.880243314698942
1758,16,25,40,[   0  103  195  267  683  827  949 1040 1117 1180],0.011544388864808125,63.5817470943923,2.880243314698942
1759,16,25,60,[   0  103  195  267  683  827  949 1040 1117 1180],0.011544388864808125,63.5817470943923,2.880243314698942
1760,16,26,0,"[   0   17   64  195  267  677  822  854  865  866  949 1017 1038 1118
 1180]",0.011779399135087142,63.35749261357873,3.122758481043177
1761,16,26,20,[   0   64  195  267  677  822  854  913  949 1017 1038 1118 1180],0.011779399135087142,63.35749261357873,3.122758481043177
1762,16,26,40,[   0   64  195  267  677  822  949 1017 1060 1118 1180],0.011779399135087142,63.35749261357873,3.122758481043177
1763,16,26,60,[   0   64  195  267  677  822  949 1180],0.011779399135087142,63.35749261357873,3.122758481043177
1764,16,27,0,[   0   17  195  267  677  822  854  865  866  949 1017 1038 1118 1180],0.005112836191490411,62.53166103694382,2.976467740432379
1765,16,27,20,[   0  195  267  677  822  854  913  949 1017 1038 1118 1180],0.005112836191490411,62.53166103694382,2.976467740432379
1766,16,27,40,[   0  267  677  822  949 1017 1060 1118 1180],0.005112836191490411,62.53166103694382,2.976467740432379
1767,16,27,60,[   0  267  677  822  949 1180],0.005112836191490411,62.53166103694382,2.976467740432379
1768,16,28,0,"[   0   17   64  132  195  267  618  683  822  846  865  866  913  949
 1017 1040 1117 1180]",0.01151107260209704,64.83919887095355,2.890823627024658
1769,16,28,20,"[   0   64  132  195  267  618  683  822  846  913  949 1017 1040 1117
 1180]",0.01151107260209704,64.83919887095355,2.890823627024658
1770,16,28,40,[   0   64  195  267  683  846  949 1040 1117 1180],0.01151107260209704,64.83919887095355,2.890823627024658
1771,16,28,60,[   0   64  195  267  683  846  949 1040 1117 1180],0.01151107260209704,64.83919887095355,2.890823627024658
1772,16,29,0,[   0   17   64  195  267  681  822  865  866  949 1017 1038 1118 1180],0.01013048288874833,63.27962489348385,2.6682670303362763
1773,16,29,20,[   0   64  195  267  681  822  949 1017 1038 1118 1180],0.01013048288874833,63.27962489348385,2.6682670303362763
1774,16,29,40,[   0   64  195  267  681  846  949 1038 1118 1180],0.01013048288874833,63.27962489348385,2.6682670303362763
1775,16,29,60,[   0   64  195  267  681  846  949 1038 1118 1180],0.01013048288874833,63.27962489348385,2.6682670303362763
1776,16,30,0,"[   0   17   64  195  267  677  829  865  866  948  949 1017 1038 1117
 1180]",0.01366768018108407,64.01765310003086,3.1462084832661485
1777,16,30,20,[   0   64  195  267  677  829  949 1017 1038 1117 1180],0.01366768018108407,64.01765310003086,3.1462084832661485
1778,16,30,40,[   0   64  195  267  677  829  949 1038 1117 1180],0.01366768018108407,64.01765310003086,3.1462084832661485
1779,16,30,60,[   0   64  195  267  677  829  949 1038 1117 1180],0.01366768018108407,64.01765310003086,3.1462084832661485
1780,16,31,0,[   0   17  153  195  268  677  822  865  866  949 1017 1038 1118 1180],0.0074998940950341845,62.63012725497248,3.133270642454778
1781,16,31,20,[   0  153  195  268  677  822  851  913  949 1017 1038 1118 1180],0.0074998940950341845,62.63012725497248,3.133270642454778
1782,16,31,40,[   0  153  195  268  677  851  949 1038 1118 1180],0.0074998940950341845,62.63012725497248,3.133270642454778
1783,16,31,60,[   0  268  677  851  949 1038 1118 1180],0.0074998940950341845,62.63012725497248,3.133270642454778
1784,16,32,0,"[   0   17   64  132  195  250  635  683  822  851  865  866  913  949
 1017 1040 1118 1180]",0.019378499452675974,65.03368546964673,2.7307132053058734
1785,16,32,20,"[   0   64  132  195  250  635  683  822  851  913  949 1017 1040 1118
 1180]",0.019378499452675974,65.03368546964673,2.7307132053058734
1786,16,32,40,[   0   64  195  250  683  822  949 1040 1118 1180],0.019378499452675974,65.03368546964673,2.7307132053058734
1787,16,32,60,[   0   64  195  683  822  949 1040 1118 1180],0.019378499452675974,65.03368546964673,2.7307132053058734
1788,16,33,0,"[   0   17   64  195  267  677  822  851  865  866  943 1017 1040 1118
 1180]",0.011724338861200116,63.87600145935035,3.0491486741113976
1789,16,33,20,[   0   64  132  195  267  677  822  851  913  943 1017 1040 1118 1180],0.011724338861200116,63.87600145935035,3.0491486741113976
1790,16,33,40,[   0   64  195  267  677  822  943 1040 1118 1180],0.011724338861200116,63.87600145935035,3.0491486741113976
1791,16,33,60,[   0   64  195  267  677  822  943 1040 1118 1180],0.011724338861200116,63.87600145935035,3.0491486741113976
1792,16,34,0,[   0   17   64  195  250  677  822  865  866  949 1017 1038 1117 1180],0.0258397670192612,65.53389866320978,2.890350334890141
1793,16,34,20,[   0   64  132  195  250  677  822  846  913  949 1017 1038 1117 1180],0.0258397670192612,65.53389866320978,2.890350334890141
1794,16,34,40,[   0   64  132  195  250  677  729  846  949 1038 1117 1180],0.0258397670192612,65.53389866320978,2.890350334890141
1795,16,34,60,[   0   64  195  677  846  949 1038 1117 1180],0.0258397670192612,65.53389866320978,2.890350334890141
1796,16,35,0,[   0   13   60  195  267  676  822  865  866  949 1017 1038 1117 1180],0.013574326545950052,64.21570143967024,2.788540203193068
1797,16,35,20,[   0   60  195  267  676  822  949 1017 1038 1117 1180],0.013574326545950052,64.21570143967024,2.788540203193068
1798,16,35,40,[   0   60  195  267  676  822  949 1038 1117 1180],0.013574326545950052,64.21570143967024,2.788540203193068
1799,16,35,60,[   0  195  267  676  822  949 1038 1117 1180],0.013574326545950052,64.21570143967024,2.788540203193068
1800,16,36,0,[   0   13   60  195  267  677  822  865  866  949 1017 1038 1117 1180],0.00982698007831094,64.32700729968944,2.8195823217976614
1801,16,36,20,[   0   60  195  267  677  822  949 1017 1038 1117 1180],0.00982698007831094,64.32700729968944,2.8195823217976614
1802,16,36,40,[   0   60  195  267  677  822  949 1038 1117 1180],0.00982698007831094,64.32700729968944,2.8195823217976614
1803,16,36,60,[   0  195  267  677  822  949 1038 1117 1180],0.00982698007831094,64.32700729968944,2.8195823217976614
1804,16,37,0,"[   0   13   74  195  267  614  735  822  851  865  866  913  949 1017
 1038 1117 1180]",0.013330784962998166,64.87222825858252,2.949165822362525
1805,16,37,20,[   0   74  195  270  614  735  822  851  913  949 1017 1038 1117 1180],0.013330784962998166,64.87222825858252,2.949165822362525
1806,16,37,40,[   0   74  195  270  614  735  851  949 1038 1117 1180],0.013330784962998166,64.87222825858252,2.949165822362525
1807,16,37,60,[   0   74  195  270  614  735  851  949 1038 1117 1180],0.013330784962998166,64.87222825858252,2.949165822362525
1808,16,38,0,[   0   13   74  195  263  677  827  865  866  949 1017 1038 1117 1180],0.012531700737332131,66.17360941830337,2.6865560848606336
1809,16,38,20,[   0   74  195  263  677  827  949 1017 1038 1117 1180],0.012531700737332131,66.17360941830337,2.6865560848606336
1810,16,38,40,[   0   74  195  263  677  827  949 1038 1117 1180],0.012531700737332131,66.17360941830337,2.6865560848606336
1811,16,38,60,[   0   74  195  263  677  827  949 1038 1117 1180],0.012531700737332131,66.17360941830337,2.6865560848606336
1812,16,39,0,[   0   25   74  195  270  676  827  865  866  949 1017 1038 1117 1180],0.014063340789244167,66.62995194848764,2.6060223171185424
1813,16,39,20,[   0   25   74  195  270  676  827  949 1017 1038 1117 1180],0.014063340789244167,66.62995194848764,2.6060223171185424
1814,16,39,40,[   0   74  195  270  676  827  949 1038 1117 1180],0.014063340789244167,66.62995194848764,2.6060223171185424
1815,16,39,60,[   0   74  195  270  676  827  949 1038 1117 1180],0.014063340789244167,66.62995194848764,2.6060223171185424
1816,16,40,0,"[   0   13   74  195  267  648  735  827  865  866  949 1017 1038 1117
 1180]",0.01482909739865387,66.34283693753132,2.7461763769970924
1817,16,40,20,[   0   74  195  267  648  735  827  949 1017 1038 1117 1180],0.01482909739865387,66.34283693753132,2.7461763769970924
1818,16,40,40,[   0   74  195  267  648  735  827  949 1038 1117 1180],0.01482909739865387,66.34283693753132,2.7461763769970924
1819,16,40,60,[   0   74  195  267  648  735  827  949 1038 1117 1180],0.01482909739865387,66.34283693753132,2.7461763769970924
1820,16,41,0,[   0   25   60  195  270  683  827  865  866  949 1017 1038 1180],0.011597977888204486,66.05030443560796,2.764439680865647
1821,16,41,20,[   0   25   60  195  270  615  683  827  866  913  949 1017 1038 1180],0.011597977888204486,66.05030443560796,2.764439680865647
1822,16,41,40,[   0   60  195  270  683  827  949 1180],0.011597977888204486,66.05030443560796,2.764439680865647
1823,16,41,60,[   0  270  683  827  949 1180],0.011597977888204486,66.05030443560796,2.764439680865647
1824,16,42,0,"[   0   13   60  195  270  618  717  827  865  866  949 1017 1038 1117
 1165 1180]",0.01661844526330254,66.58668895259164,2.773701648224013
1825,16,42,20,[   0   60  195  270  648  735  827  949 1017 1038 1117 1180],0.01661844526330254,66.58668895259164,2.773701648224013
1826,16,42,40,[   0   60  195  270  648  735  827  949 1038 1117 1180],0.01661844526330254,66.58668895259164,2.773701648224013
1827,16,42,60,[   0  195  270  648  735  827  949 1038 1117 1180],0.01661844526330254,66.58668895259164,2.773701648224013
1828,16,43,0,[   0   17   64  209  262  676  822  865  866  949 1017 1038 1180],0.016986892088221246,66.64415440413178,2.6853425170294294
1829,16,43,20,[   0   64  209  270  675  822  949 1017 1038 1180],0.016986892088221246,66.64415440413178,2.6853425170294294
1830,16,43,40,[   0   64  209  675  846  949 1180],0.016986892088221246,66.64415440413178,2.6853425170294294
1831,16,43,60,[   0   64  209  675  846  949 1180],0.016986892088221246,66.64415440413178,2.6853425170294294
1832,16,44,0,[   0   13   74  218  270  683  827  865  866  949 1017 1038 1180],0.01593412201301682,66.47792321230763,2.7815070957167807
1833,16,44,20,[   0   74  218  683  827  949 1017 1038 1180],0.01593412201301682,66.47792321230763,2.7815070957167807
1834,16,44,40,[   0   74  218  683  827  949 1180],0.01593412201301682,66.47792321230763,2.7815070957167807
1835,16,44,60,[   0   74  218  683  827  949 1180],0.01593412201301682,66.47792321230763,2.7815070957167807
1836,16,45,0,[   0   52  198  263  683  822  865  866  949 1017 1038 1117 1180],0.02794279528872221,66.4992469690525,2.817371452764264
1837,16,45,20,[   0   52  198  263  683  822  949 1017 1038 1117 1180],0.02794279528872221,66.4992469690525,2.817371452764264
1838,16,45,40,[   0   52  198  263  683  846  949 1038 1117 1180],0.02794279528872221,66.4992469690525,2.817371452764264
1839,16,45,60,[   0  263  683  846  949 1038 1117 1180],0.02794279528872221,66.4992469690525,2.817371452764264
1840,16,46,0,"[   0   13   64  217  263  615  683  822  846  865  866  949 1017 1038
 1058 1118 1165 1180]",0.013526150460327485,66.76094202120338,2.8683072513367653
1841,16,46,20,[   0   64  217  683  822  949 1017 1038 1118 1180],0.013526150460327485,66.76094202120338,2.8683072513367653
1842,16,46,40,[   0   64  217  263  683  822  949 1038 1118 1180],0.013526150460327485,66.76094202120338,2.8683072513367653
1843,16,46,60,[   0   64  217  683  822  949 1038 1118 1180],0.013526150460327485,66.76094202120338,2.8683072513367653
1844,16,47,0,[   0   13   60  198  262  683  822  865  866  949 1017 1038 1117 1180],0.019721507711854824,68.1454850557343,2.9289561956524324
1845,16,47,20,[   0   60  198  262  683  822  949 1017 1038 1117 1180],0.019721507711854824,68.1454850557343,2.9289561956524324
1846,16,47,40,[   0   60  198  262  683  822  949 1038 1117 1180],0.019721507711854824,68.1454850557343,2.9289561956524324
1847,16,47,60,[   0  262  683  822  949 1038 1117 1180],0.019721507711854824,68.1454850557343,2.9289561956524324
1848,16,48,0,[   0   13   60  199  262  683  822  865  866  949 1017 1040 1117 1180],0.01480922766953627,67.24909734568367,3.251208968184159
1849,16,48,20,[   0   60  199  262  683  822  949 1017 1040 1117 1180],0.01480922766953627,67.24909734568367,3.251208968184159
1850,16,48,40,[   0   60  199  262  683  822  949 1040 1117 1180],0.01480922766953627,67.24909734568367,3.251208968184159
1851,16,48,60,[   0  262  683  822  949 1040 1117 1180],0.01480922766953627,67.24909734568367,3.251208968184159
1852,16,49,0,[   0   17   64  199  306  683  822  865  866  949 1017 1038 1126 1180],0.024710224610616095,67.70572568176323,2.7875888956600003
1853,16,49,20,[   0   64  199  306  683  822  949 1017 1038 1126 1180],0.024710224610616095,67.70572568176323,2.7875888956600003
1854,16,49,40,[   0   64  199  306  683  822  949 1038 1126 1180],0.024710224610616095,67.70572568176323,2.7875888956600003
1855,16,49,60,[   0   64  199  683  822  949 1180],0.024710224610616095,67.70572568176323,2.7875888956600003
1856,16,50,0,[   0   13   60  209  306  685  827  865  866  949 1001 1040 1117 1180],0.022967456113339876,68.65154864369094,2.8972177152689653
1857,16,50,20,[   0   60  209  685  827  949 1040 1117 1180],0.022967456113339876,68.65154864369094,2.8972177152689653
1858,16,50,40,[   0   60  209  685  827  949 1040 1117 1180],0.022967456113339876,68.65154864369094,2.8972177152689653
1859,16,50,60,[   0  209  685  827  949 1040 1117 1180],0.022967456113339876,68.65154864369094,2.8972177152689653
1860,17,20,0,"[   0   17  103  195  267  678  822  855  865  866  887  908  949 1017
 1038 1118 1180]",0.0005472512322395423,58.25885051008839,3.0722219445936436
1861,17,20,20,[   0  103  195  267  678  822  855  887  908  949 1017 1038 1118 1180],0.0005472512322395423,58.25885051008839,3.0722219445936436
1862,17,20,40,[   0  103  195  267  678  822  949 1038 1118 1180],0.0005472512322395423,58.25885051008839,3.0722219445936436
1863,17,20,60,[   0  103  195  267  678  822  949 1038 1118 1180],0.0005472512322395423,58.25885051008839,3.0722219445936436
1864,17,21,0,"[   0   17   34  153  195  267  475  678  822  855  865  866  887  908
  949 1022 1038 1058 1118 1180]",0.0028800427511875113,58.20404268291164,3.045414873386844
1865,17,21,20,"[   0   34  153  195  267  475  678  822  855  887  908  949 1022 1058
 1118 1180]",0.0028800427511875113,58.20404268291164,3.045414873386844
1866,17,21,40,[   0  153  195  267  678  822  887  949 1058 1118 1180],0.0028800427511875113,58.20404268291164,3.045414873386844
1867,17,21,60,[   0  195  267  678  822  887  949 1058 1180],0.0028800427511875113,58.20404268291164,3.045414873386844
1868,17,22,0,"[   0   13  103  195  270  678  822  855  865  866  949 1017 1038 1118
 1180]",-0.0030286721804256185,59.475710161471135,2.827638257453392
1869,17,22,20,[   0   46  103  195  270  678  822  949 1017 1038 1118 1180],-0.0030286721804256185,59.475710161471135,2.827638257453392
1870,17,22,40,[   0   46  103  195  270  678  822  949 1038 1118 1180],-0.0030286721804256185,59.475710161471135,2.827638257453392
1871,17,22,60,[   0  103  195  270  678  822  949 1038 1118 1180],-0.0030286721804256185,59.475710161471135,2.827638257453392
1872,17,23,0,[   0   34  203  267  689  822  854  865  866  949 1017 1040 1118 1180],0.004844875950730641,60.818247456361185,2.925752811879334
1873,17,23,20,[   0   34  203  267  685  822  949 1017 1040 1118 1180],0.004844875950730641,60.818247456361185,2.925752811879334
1874,17,23,40,[   0  203  267  685  822  949 1040 1118 1180],0.004844875950730641,60.818247456361185,2.925752811879334
1875,17,23,60,[   0  203  267  685  822  949 1040 1118 1180],0.004844875950730641,60.818247456361185,2.925752811879334
1876,17,24,0,[   0   34  195  267  683  822  854  865  866  949 1017 1040 1118 1180],0.006586832461680274,61.85087502280267,3.021211138374162
1877,17,24,20,[   0   34  195  267  689  822  949 1017 1040 1118 1180],0.006586832461680274,61.85087502280267,3.021211138374162
1878,17,24,40,[   0  195  267  689  822  949 1040 1118 1180],0.006586832461680274,61.85087502280267,3.021211138374162
1879,17,24,60,[   0  195  267  689  822  949 1040 1118 1180],0.006586832461680274,61.85087502280267,3.021211138374162
1880,17,25,0,[   0   17  103  195  267  683  827  865  866  949 1017 1040 1118 1180],0.005050185487566167,61.4055270195478,2.8247482428761934
1881,17,25,20,[   0   34  103  195  267  683  827  949 1017 1040 1118 1180],0.005050185487566167,61.4055270195478,2.8247482428761934
1882,17,25,40,[   0  103  195  267  683  827  949 1040 1118 1180],0.005050185487566167,61.4055270195478,2.8247482428761934
1883,17,25,60,[   0  103  195  267  683  827  949 1040 1118 1180],0.005050185487566167,61.4055270195478,2.8247482428761934
1884,17,26,0,"[   0   17   64  195  267  677  822  855  865  866  949 1017 1038 1118
 1180]",0.011084811457896245,61.221322743124276,3.1506901885299765
1885,17,26,20,[   0   64  195  267  677  822  855  913  949 1017 1038 1118 1180],0.011084811457896245,61.221322743124276,3.1506901885299765
1886,17,26,40,[   0   64  195  267  677  822  949 1017 1060 1118 1180],0.011084811457896245,61.221322743124276,3.1506901885299765
1887,17,26,60,[   0   64  195  267  677  822  949 1180],0.011084811457896245,61.221322743124276,3.1506901885299765
1888,17,27,0,[   0   34  195  267  677  822  854  865  866  949 1017 1038 1118 1180],0.0010083347849462222,60.47096151518419,2.841115541569511
1889,17,27,20,[   0   34  195  267  677  822  854  913  949 1017 1038 1118 1180],0.0010083347849462222,60.47096151518419,2.841115541569511
1890,17,27,40,[   0  267  677  822  949 1017 1060 1118 1180],0.0010083347849462222,60.47096151518419,2.841115541569511
1891,17,27,60,[   0  267  677  822  949 1180],0.0010083347849462222,60.47096151518419,2.841115541569511
1892,17,28,0,"[   0   17   64  132  195  267  618  683  822  846  865  866  913  949
 1017 1040 1117 1180]",0.014143759471899222,62.85046516920416,2.8726666435186825
1893,17,28,20,"[   0   64  132  195  267  618  683  822  846  913  949 1017 1040 1117
 1180]",0.014143759471899222,62.85046516920416,2.8726666435186825
1894,17,28,40,[   0   64  195  267  683  846  949 1040 1117 1180],0.014143759471899222,62.85046516920416,2.8726666435186825
1895,17,28,60,[   0   64  195  267  683  846  949 1040 1117 1180],0.014143759471899222,62.85046516920416,2.8726666435186825
1896,17,29,0,[   0   17   64  195  267  681  822  865  866  949 1017 1038 1118 1180],0.0059928640201631035,60.99316163272991,2.903357727298468
1897,17,29,20,[   0   64  195  267  681  822  949 1017 1038 1118 1180],0.0059928640201631035,60.99316163272991,2.903357727298468
1898,17,29,40,[   0   64  195  267  681  846  949 1038 1118 1180],0.0059928640201631035,60.99316163272991,2.903357727298468
1899,17,29,60,[   0   64  195  267  681  846  949 1038 1118 1180],0.0059928640201631035,60.99316163272991,2.903357727298468
1900,17,30,0,"[   0   17   64  195  267  677  822  854  865  866  948  949 1017 1038
 1117 1180]",0.011363952225926753,61.889026159846615,2.9659239199066394
1901,17,30,20,[   0   64  195  267  677  822  949 1017 1038 1117 1180],0.011363952225926753,61.889026159846615,2.9659239199066394
1902,17,30,40,[   0   64  195  267  677  822  949 1038 1117 1180],0.011363952225926753,61.889026159846615,2.9659239199066394
1903,17,30,60,[   0   64  195  267  677  822  949 1038 1117 1180],0.011363952225926753,61.889026159846615,2.9659239199066394
1904,17,31,0,"[   0   17  153  195  268  677  822  854  865  866  949 1017 1038 1118
 1180]",0.006701318151209045,60.663088106917094,3.038397552568216
1905,17,31,20,[   0  153  195  268  677  841  949 1017 1038 1118 1180],0.006701318151209045,60.663088106917094,3.038397552568216
1906,17,31,40,[   0  153  195  268  677  841  949 1038 1118 1180],0.006701318151209045,60.663088106917094,3.038397552568216
1907,17,31,60,[   0  268  677  841  949 1038 1118 1180],0.006701318151209045,60.663088106917094,3.038397552568216
1908,17,32,0,"[   0   17   64  132  195  250  635  683  822  851  865  866  913  949
 1017 1040 1118 1180]",0.012769300665612063,62.71976122245527,2.532503073710844
1909,17,32,20,"[   0   34   64  132  195  250  291  635  683  822  851  913  949 1017
 1040 1118 1180]",0.012769300665612063,62.71976122245527,2.532503073710844
1910,17,32,40,[   0   64  195  250  683  822  949 1040 1118 1180],0.012769300665612063,62.71976122245527,2.532503073710844
1911,17,32,60,[   0   64  195  683  822  949 1040 1118 1180],0.012769300665612063,62.71976122245527,2.532503073710844
1912,17,33,0,"[   0   17   64  195  267  677  822  851  865  866  943 1017 1040 1118
 1180]",0.005676253310860937,61.606020355002656,2.8471962360282173
1913,17,33,20,[   0   64  132  195  267  677  822  851  913  943 1017 1040 1118 1180],0.005676253310860937,61.606020355002656,2.8471962360282173
1914,17,33,40,[   0   64  195  267  677  822  943 1040 1118 1180],0.005676253310860937,61.606020355002656,2.8471962360282173
1915,17,33,60,[   0   64  195  267  677  822  943 1040 1118 1180],0.005676253310860937,61.606020355002656,2.8471962360282173
1916,17,34,0,[   0   17   64  195  250  677  822  865  866  949 1017 1038 1117 1180],0.018799068575666388,63.20106291265709,2.661739071228422
1917,17,34,20,"[   0   34   64  132  195  250  358  677  729  822  846  913  949 1017
 1038 1117 1180]",0.018799068575666388,63.20106291265709,2.661739071228422
1918,17,34,40,[   0   64  132  195  250  677  729  846  949 1038 1117 1180],0.018799068575666388,63.20106291265709,2.661739071228422
1919,17,34,60,[   0   64  195  677  846  949 1038 1117 1180],0.018799068575666388,63.20106291265709,2.661739071228422
1920,17,35,0,[   0   13   94  195  267  676  822  865  866  949 1017 1038 1117 1180],0.010048795535051055,61.892403248070494,2.8717339954400107
1921,17,35,20,[   0   60  195  267  676  822  949 1017 1038 1117 1180],0.010048795535051055,61.892403248070494,2.8717339954400107
1922,17,35,40,[   0   60  195  267  676  822  949 1038 1117 1180],0.010048795535051055,61.892403248070494,2.8717339954400107
1923,17,35,60,[   0  195  267  676  822  949 1038 1117 1180],0.010048795535051055,61.892403248070494,2.8717339954400107
1924,17,36,0,[   0   13   60  195  267  677  829  865  866  949 1017 1038 1117 1180],0.010858751883480563,62.08991525903984,2.8066386083776345
1925,17,36,20,[   0   60  195  267  677  829  949 1017 1038 1117 1180],0.010858751883480563,62.08991525903984,2.8066386083776345
1926,17,36,40,[   0   60  195  267  677  829  949 1038 1117 1180],0.010858751883480563,62.08991525903984,2.8066386083776345
1927,17,36,60,[   0  267  677  829  949 1038 1117 1180],0.010858751883480563,62.08991525903984,2.8066386083776345
1928,17,37,0,[   0   13   74  195  267  677  822  865  866  949 1017 1038 1117 1180],0.007996743889051673,62.61590283761411,3.0213348901029007
1929,17,37,20,[   0   74  195  270  677  822  949 1017 1038 1117 1180],0.007996743889051673,62.61590283761411,3.0213348901029007
1930,17,37,40,[   0   74  195  270  677  735  851  949 1038 1117 1180],0.007996743889051673,62.61590283761411,3.0213348901029007
1931,17,37,60,[   0   74  195  270  677  851  949 1038 1117 1180],0.007996743889051673,62.61590283761411,3.0213348901029007
1932,17,38,0,[   0   13   74  195  263  677  827  865  866  949 1017 1038 1117 1180],0.01334793814748224,63.84924977193979,2.822636260911789
1933,17,38,20,[   0   74  195  263  677  827  949 1017 1038 1117 1180],0.01334793814748224,63.84924977193979,2.822636260911789
1934,17,38,40,[   0   74  195  263  677  827  949 1038 1117 1180],0.01334793814748224,63.84924977193979,2.822636260911789
1935,17,38,60,[   0   74  195  263  677  827  949 1038 1117 1180],0.01334793814748224,63.84924977193979,2.822636260911789
1936,17,39,0,[   0   25   74  195  270  676  827  865  866  949 1017 1038 1117 1180],0.015201099745595803,64.36031312338508,2.609533337173459
1937,17,39,20,[   0   25   74  195  270  676  827  949 1017 1038 1117 1180],0.015201099745595803,64.36031312338508,2.609533337173459
1938,17,39,40,[   0   74  195  270  676  827  949 1038 1117 1180],0.015201099745595803,64.36031312338508,2.609533337173459
1939,17,39,60,[   0   74  195  270  676  827  949 1038 1117 1180],0.015201099745595803,64.36031312338508,2.609533337173459
1940,17,40,0,"[   0   13   74  195  267  648  735  827  865  866  949 1017 1038 1117
 1180]",0.01563248293008663,64.25167548160499,2.820623602128908
1941,17,40,20,[   0   74  195  267  648  735  827  949 1017 1038 1117 1180],0.01563248293008663,64.25167548160499,2.820623602128908
1942,17,40,40,[   0   74  195  267  648  735  827  949 1038 1117 1180],0.01563248293008663,64.25167548160499,2.820623602128908
1943,17,40,60,[   0   74  195  267  648  735  827  949 1038 1117 1180],0.01563248293008663,64.25167548160499,2.820623602128908
1944,17,41,0,[   0   25   60  195  270  683  827  865  866  949 1017 1038 1117 1180],0.012041034148843955,63.79200050632984,2.8133238439787216
1945,17,41,20,[   0   25   60  195  270  683  827  949 1017 1038 1117 1180],0.012041034148843955,63.79200050632984,2.8133238439787216
1946,17,41,40,[   0   60  195  270  683  827  949 1038 1117 1180],0.012041034148843955,63.79200050632984,2.8133238439787216
1947,17,41,60,[   0  195  270  683  827  949 1038 1117 1180],0.012041034148843955,63.79200050632984,2.8133238439787216
1948,17,42,0,"[   0   13   60  195  270  618  717  827  865  866  949 1017 1038 1117
 1165 1180]",0.014662348388328115,64.2979066949781,2.8840928953251552
1949,17,42,20,[   0   60  195  270  648  735  827  949 1017 1038 1117 1180],0.014662348388328115,64.2979066949781,2.8840928953251552
1950,17,42,40,[   0   60  195  270  648  735  827  949 1038 1117 1180],0.014662348388328115,64.2979066949781,2.8840928953251552
1951,17,42,60,[   0  195  270  648  735  827  949 1038 1117 1180],0.014662348388328115,64.2979066949781,2.8840928953251552
1952,17,43,0,[   0   17   64  209  262  676  822  865  866  949 1017 1038 1117 1180],0.015772244196428687,64.36430365319478,2.6572018051000033
1953,17,43,20,[   0   64  209  270  675  822  949 1017 1038 1117 1180],0.015772244196428687,64.36430365319478,2.6572018051000033
1954,17,43,40,[   0   64  209  270  675  846  949 1038 1117 1180],0.015772244196428687,64.36430365319478,2.6572018051000033
1955,17,43,60,[   0   64  209  270  675  846  949 1038 1117 1180],0.015772244196428687,64.36430365319478,2.6572018051000033
1956,17,44,0,[   0   13   74  218  270  683  827  865  866  949 1017 1038 1180],0.013469305845345022,64.34401246712743,3.087866260989689
1957,17,44,20,[   0   74  218  683  827  949 1017 1038 1180],0.013469305845345022,64.34401246712743,3.087866260989689
1958,17,44,40,[   0   74  218  683  827  949 1180],0.013469305845345022,64.34401246712743,3.087866260989689
1959,17,44,60,[   0   74  218  683  827  949 1180],0.013469305845345022,64.34401246712743,3.087866260989689
1960,17,45,0,"[   0   25   52  198  263  618  683  822  846  865  866  913  949 1017
 1038 1117 1165 1180]",0.021426784364395202,64.08065071684099,2.827094753492847
1961,17,45,20,"[   0   25   52  198  263  618  683  822  846  913  949 1017 1038 1117
 1180]",0.021426784364395202,64.08065071684099,2.827094753492847
1962,17,45,40,[   0   52  198  263  683  846  949 1038 1117 1180],0.021426784364395202,64.08065071684099,2.827094753492847
1963,17,45,60,[   0  263  683  846  949 1038 1117 1180],0.021426784364395202,64.08065071684099,2.827094753492847
1964,17,46,0,"[   0   13   64  217  263  615  683  822  846  865  866  949 1017 1038
 1058 1118 1165 1180]",0.01107919776289372,64.32853203534444,2.9378134398376137
1965,17,46,20,[   0   64  217  683  822  949 1017 1038 1118 1180],0.01107919776289372,64.32853203534444,2.9378134398376137
1966,17,46,40,[   0   64  217  263  683  822  949 1038 1118 1180],0.01107919776289372,64.32853203534444,2.9378134398376137
1967,17,46,60,[   0   64  217  683  822  949 1038 1118 1180],0.01107919776289372,64.32853203534444,2.9378134398376137
1968,17,47,0,"[   0   13   60  198  262  615  683  822  846  865  866  949 1017 1038
 1058 1117 1165 1180]",0.015986895241282717,65.59984792403606,2.9210118620314693
1969,17,47,20,[   0   60  198  262  683  822  949 1017 1038 1117 1180],0.015986895241282717,65.59984792403606,2.9210118620314693
1970,17,47,40,[   0   60  198  262  683  822  949 1038 1117 1180],0.015986895241282717,65.59984792403606,2.9210118620314693
1971,17,47,60,[   0  262  683  822  949 1038 1117 1180],0.015986895241282717,65.59984792403606,2.9210118620314693
1972,17,48,0,[   0   13   60  199  262  683  822  865  866  949 1017 1040 1117 1180],0.01377209742402627,64.80940193133637,3.235723024018478
1973,17,48,20,[   0   60  199  262  683  822  949 1017 1040 1117 1180],0.01377209742402627,64.80940193133637,3.235723024018478
1974,17,48,40,[   0   60  199  262  683  822  949 1040 1117 1180],0.01377209742402627,64.80940193133637,3.235723024018478
1975,17,48,60,[   0  262  683  822  949 1040 1117 1180],0.01377209742402627,64.80940193133637,3.235723024018478
1976,17,49,0,[   0   13   60  199  306  683  822  865  866  949 1017 1038 1126 1180],0.019134074826637308,65.4818381804841,2.7718089853977195
1977,17,49,20,[   0   60  199  306  683  822  949 1017 1038 1126 1180],0.019134074826637308,65.4818381804841,2.7718089853977195
1978,17,49,40,[   0   60  199  306  683  822  949 1038 1126 1180],0.019134074826637308,65.4818381804841,2.7718089853977195
1979,17,49,60,[   0  199  683  822  949 1180],0.019134074826637308,65.4818381804841,2.7718089853977195
1980,17,50,0,[   0   13   60  209  306  685  827  865  866  949 1001 1040 1117 1180],0.02295116898780096,65.9830397407748,2.835287193894959
1981,17,50,20,[   0   60  209  685  827  949 1040 1117 1180],0.02295116898780096,65.9830397407748,2.835287193894959
1982,17,50,40,[   0   60  209  685  827  949 1040 1117 1180],0.02295116898780096,65.9830397407748,2.835287193894959
1983,17,50,60,[   0  209  685  827  949 1040 1117 1180],0.02295116898780096,65.9830397407748,2.835287193894959
1984,18,20,0,"[   0   17  103  195  267  678  822  855  865  866  887  908  949 1017
 1038 1118 1180]",-0.004486491729278065,56.397798161594935,3.0667439787857984
1985,18,20,20,"[   0   34  103  195  267  678  822  855  887  908  949 1017 1038 1118
 1180]",-0.004486491729278065,56.397798161594935,3.0667439787857984
1986,18,20,40,[   0  103  195  267  678  822  949 1038 1118 1180],-0.004486491729278065,56.397798161594935,3.0667439787857984
1987,18,20,60,[   0  103  195  267  678  822  949 1038 1118 1180],-0.004486491729278065,56.397798161594935,3.0667439787857984
1988,18,21,0,"[   0   17   95  195  267  678  822  855  865  866  887  908  949 1022
 1038 1118 1180]",0.0016398322598079993,56.50670340595887,2.9949330172410105
1989,18,21,20,"[   0   34   95  195  267  475  678  822  855  887  908  949 1022 1058
 1118 1180]",0.0016398322598079993,56.50670340595887,2.9949330172410105
1990,18,21,40,[   0   95  195  267  678  822  949 1058 1118 1180],0.0016398322598079993,56.50670340595887,2.9949330172410105
1991,18,21,60,[   0   95  195  267  678  822  949 1180],0.0016398322598079993,56.50670340595887,2.9949330172410105
1992,18,22,0,"[   0   13  103  195  270  678  822  855  865  866  949 1017 1038 1118
 1180]",-0.0068398854465991565,57.6124385067799,2.9594810392411115
1993,18,22,20,[   0   46  103  195  270  678  822  949 1017 1038 1118 1180],-0.0068398854465991565,57.6124385067799,2.9594810392411115
1994,18,22,40,[   0   46  103  195  270  678  822  949 1038 1118 1180],-0.0068398854465991565,57.6124385067799,2.9594810392411115
1995,18,22,60,[   0  103  195  270  678  822  949 1038 1118 1180],-0.0068398854465991565,57.6124385067799,2.9594810392411115
1996,18,23,0,"[   0   17  103  203  267  689  822  854  865  866  949 1017 1040 1118
 1180]",0.004843481955689806,58.98561877563322,2.8898054510150106
1997,18,23,20,[   0   34  103  203  267  685  822  949 1017 1040 1118 1180],0.004843481955689806,58.98561877563322,2.8898054510150106
1998,18,23,40,[   0  103  203  267  685  822  949 1040 1118 1180],0.004843481955689806,58.98561877563322,2.8898054510150106
1999,18,23,60,[   0  103  203  267  685  822  949 1040 1118 1180],0.004843481955689806,58.98561877563322,2.8898054510150106
2000,18,24,0,"[   0   17  134  195  267  683  822  854  865  866  949 1017 1040 1118
 1180]",0.0072687826268816366,59.53146272117862,3.0106936361438064
2001,18,24,20,[   0   34  134  195  267  689  822  949 1017 1040 1118 1180],0.0072687826268816366,59.53146272117862,3.0106936361438064
2002,18,24,40,[   0  134  195  267  689  822  949 1040 1118 1180],0.0072687826268816366,59.53146272117862,3.0106936361438064
2003,18,24,60,[   0  134  195  267  689  822  949 1040 1118 1180],0.0072687826268816366,59.53146272117862,3.0106936361438064
2004,18,25,0,[   0   17  103  195  267  683  827  865  866  949 1017 1040 1118 1180],0.0012587298456934453,59.512906440596225,3.145559657195294
2005,18,25,20,[   0   34  103  195  267  689  827  949 1017 1040 1118 1180],0.0012587298456934453,59.512906440596225,3.145559657195294
2006,18,25,40,[   0  103  195  267  689  827  949 1040 1118 1180],0.0012587298456934453,59.512906440596225,3.145559657195294
2007,18,25,60,[   0  103  195  267  689  827  949 1040 1118 1180],0.0012587298456934453,59.512906440596225,3.145559657195294
2008,18,26,0,"[   0   17   64  195  267  677  822  855  865  866  949 1017 1038 1118
 1180]",0.0052243974115688974,59.2428114743338,2.9449161723189423
2009,18,26,20,"[   0   34   64  132  195  267  618  677  822  855  913  949 1017 1038
 1060 1118 1180]",0.0052243974115688974,59.2428114743338,2.9449161723189423
2010,18,26,40,[   0   64  195  267  677  822  949 1017 1060 1118 1180],0.0052243974115688974,59.2428114743338,2.9449161723189423
2011,18,26,60,[   0   64  195  267  677  822  949 1180],0.0052243974115688974,59.2428114743338,2.9449161723189423
2012,18,27,0,[   0   34  195  267  677  822  855  865  866  949 1017 1038 1118 1180],-0.0001280581612618824,58.658186495473444,2.873391849860326
2013,18,27,20,[   0   34  195  267  677  822  855  913  949 1017 1038 1118 1180],-0.0001280581612618824,58.658186495473444,2.873391849860326
2014,18,27,40,[   0  267  677  822  949 1017 1060 1118 1180],-0.0001280581612618824,58.658186495473444,2.873391849860326
2015,18,27,60,[   0  267  677  822  949 1180],-0.0001280581612618824,58.658186495473444,2.873391849860326
2016,18,28,0,"[   0   17   64  132  195  267  618  683  822  846  865  866  913  949
 1017 1040 1117 1180]",0.010902002296580436,60.681414730102205,2.849753870282197
2017,18,28,20,"[   0   64  132  195  267  618  683  822  846  913  949 1017 1040 1117
 1180]",0.010902002296580436,60.681414730102205,2.849753870282197
2018,18,28,40,[   0   64  195  267  683  846  949 1040 1117 1180],0.010902002296580436,60.681414730102205,2.849753870282197
2019,18,28,60,[   0   64  195  267  683  846  949 1040 1117 1180],0.010902002296580436,60.681414730102205,2.849753870282197
2020,18,29,0,[   0   17   64  195  267  681  822  865  866  949 1017 1038 1118 1180],-0.0028105413624278704,58.95473805200089,2.9573675527410384
2021,18,29,20,"[   0   34   64  153  195  270  613  681  822  846  913  949 1017 1038
 1118 1180]",-0.0028105413624278704,58.95473805200089,2.9573675527410384
2022,18,29,40,[   0   64  195  270  681  846  949 1038 1118 1180],-0.0028105413624278704,58.95473805200089,2.9573675527410384
2023,18,29,60,[   0   64  195  270  681  846  949 1038 1118 1180],-0.0028105413624278704,58.95473805200089,2.9573675527410384
2024,18,30,0,"[   0   17   64  195  267  677  822  854  865  866  948  949 1017 1038
 1118 1180]",0.003044433850421861,59.63773438174892,2.942495031052619
2025,18,30,20,[   0   64  195  267  677  822  949 1017 1038 1118 1180],0.003044433850421861,59.63773438174892,2.942495031052619
2026,18,30,40,[   0   64  195  267  677  822  949 1038 1118 1180],0.003044433850421861,59.63773438174892,2.942495031052619
2027,18,30,60,[   0   64  195  267  677  822  949 1038 1118 1180],0.003044433850421861,59.63773438174892,2.942495031052619
2028,18,31,0,"[   0   17   64  195  268  677  822  854  865  866  949 1017 1038 1118
 1180]",0.007404022291779291,58.83637114117023,3.0271908498902436
2029,18,31,20,[   0   64  195  268  677  841  949 1017 1038 1118 1180],0.007404022291779291,58.83637114117023,3.0271908498902436
2030,18,31,40,[   0   64  195  268  677  841  949 1038 1118 1180],0.007404022291779291,58.83637114117023,3.0271908498902436
2031,18,31,60,[   0   64  195  268  677  841  949 1038 1118 1180],0.007404022291779291,58.83637114117023,3.0271908498902436
2032,18,32,0,"[   0   17   64  132  195  250  291  635  683  822  851  865  866  913
  949 1017 1038 1058 1118 1122 1180]",0.013747494835255615,60.432646535167855,2.5366295028464645
2033,18,32,20,"[   0   34   64  132  195  250  291  635  683  822  851  913  949 1017
 1038 1118 1180]",0.013747494835255615,60.432646535167855,2.5366295028464645
2034,18,32,40,[   0   64  195  250  683  822  949 1038 1118 1180],0.013747494835255615,60.432646535167855,2.5366295028464645
2035,18,32,60,[   0   64  195  683  822  949 1038 1118 1180],0.013747494835255615,60.432646535167855,2.5366295028464645
2036,18,33,0,"[   0   17   64  195  267  677  822  851  865  866  943 1017 1040 1118
 1180]",0.0021384754027059852,59.55079142891041,2.8853420485378893
2037,18,33,20,"[   0   34   64  132  195  267  475  677  822  851  913  943 1017 1040
 1118 1180]",0.0021384754027059852,59.55079142891041,2.8853420485378893
2038,18,33,40,[   0   64  195  267  677  822  943 1040 1118 1180],0.0021384754027059852,59.55079142891041,2.8853420485378893
2039,18,33,60,[   0   64  195  267  677  822  943 1040 1118 1180],0.0021384754027059852,59.55079142891041,2.8853420485378893
2040,18,34,0,"[   0   17   64  132  195  250  441  677  822  846  865  866  913  949
 1017 1038 1117 1180]",0.010749799437583155,60.90839770333534,2.720570973520654
2041,18,34,20,"[   0   34   64  132  195  250  441  677  729  822  846  913  949 1017
 1038 1117 1180]",0.010749799437583155,60.90839770333534,2.720570973520654
2042,18,34,40,[   0   64  132  195  250  441  677  729  846  949 1038 1117 1180],0.010749799437583155,60.90839770333534,2.720570973520654
2043,18,34,60,[   0   64  195  677  846  949 1038 1117 1180],0.010749799437583155,60.90839770333534,2.720570973520654
2044,18,35,0,[   0   13   94  195  267  676  822  865  866  949 1017 1038 1117 1180],0.008574009823189158,59.75640288585228,2.823517163546077
2045,18,35,20,[   0   60  195  267  676  822  949 1017 1038 1117 1180],0.008574009823189158,59.75640288585228,2.823517163546077
2046,18,35,40,[   0   60  195  267  676  822  949 1038 1117 1180],0.008574009823189158,59.75640288585228,2.823517163546077
2047,18,35,60,[   0  195  267  676  822  949 1038 1117 1180],0.008574009823189158,59.75640288585228,2.823517163546077
2048,18,36,0,[   0   13   60  195  267  677  829  865  866  949 1017 1038 1117 1180],0.005906832186803783,59.90092908902536,2.884883811059481
2049,18,36,20,[   0   60  195  267  677  829  949 1017 1038 1117 1180],0.005906832186803783,59.90092908902536,2.884883811059481
2050,18,36,40,[   0   60  195  267  677  829  949 1038 1117 1180],0.005906832186803783,59.90092908902536,2.884883811059481
2051,18,36,60,[   0  267  677  829  949 1038 1117 1180],0.005906832186803783,59.90092908902536,2.884883811059481
2052,18,37,0,[   0   13   74  195  267  677  822  865  866  949 1017 1038 1117 1180],0.010361903998366688,60.654035425931276,2.988726255746887
2053,18,37,20,[   0   74  195  267  677  822  949 1017 1038 1117 1180],0.010361903998366688,60.654035425931276,2.988726255746887
2054,18,37,40,[   0   74  195  267  677  735  851  949 1038 1117 1180],0.010361903998366688,60.654035425931276,2.988726255746887
2055,18,37,60,[   0   74  195  267  677  851  949 1038 1117 1180],0.010361903998366688,60.654035425931276,2.988726255746887
2056,18,38,0,[   0   13   74  195  263  677  827  865  866  949 1017 1038 1118 1180],0.007482557074607261,61.78399125162806,2.7763693585504443
2057,18,38,20,[   0   74  195  263  677  827  949 1017 1038 1118 1180],0.007482557074607261,61.78399125162806,2.7763693585504443
2058,18,38,40,[   0   74  195  263  677  827  949 1038 1118 1180],0.007482557074607261,61.78399125162806,2.7763693585504443
2059,18,38,60,[   0   74  195  263  677  827  949 1038 1118 1180],0.007482557074607261,61.78399125162806,2.7763693585504443
2060,18,39,0,[   0   25   74  195  270  676  827  865  866  949 1017 1038 1117 1180],0.01621944794898836,62.1899580715685,2.574764055157621
2061,18,39,20,"[   0   25   74  195  270  415  676  735  827  866  913  949 1017 1038
 1117 1180]",0.01621944794898836,62.1899580715685,2.574764055157621
2062,18,39,40,[   0   74  195  270  676  827  949 1038 1117 1180],0.01621944794898836,62.1899580715685,2.574764055157621
2063,18,39,60,[   0   74  195  270  676  827  949 1038 1117 1180],0.01621944794898836,62.1899580715685,2.574764055157621
2064,18,40,0,"[   0   13   74  195  267  648  735  827  865  866  949 1017 1038 1117
 1180]",0.015955161527008863,62.242381984325824,2.999150687026052
2065,18,40,20,[   0   74  195  270  648  735  827  949 1017 1038 1117 1180],0.015955161527008863,62.242381984325824,2.999150687026052
2066,18,40,40,[   0   74  195  270  648  735  827  949 1038 1117 1180],0.015955161527008863,62.242381984325824,2.999150687026052
2067,18,40,60,[   0   74  195  270  648  735  827  949 1038 1117 1180],0.015955161527008863,62.242381984325824,2.999150687026052
2068,18,41,0,[   0   25   60  195  270  683  827  865  866  949 1017 1038 1117 1180],0.00886729457420239,61.81326664074918,2.8534909713341725
2069,18,41,20,[   0   25   60  195  270  683  827  949 1017 1038 1117 1180],0.00886729457420239,61.81326664074918,2.8534909713341725
2070,18,41,40,[   0   60  195  270  683  827  949 1038 1117 1180],0.00886729457420239,61.81326664074918,2.8534909713341725
2071,18,41,60,[   0  195  270  683  827  949 1038 1117 1180],0.00886729457420239,61.81326664074918,2.8534909713341725
2072,18,42,0,"[   0   13   60  195  270  637  721  827  865  866  949 1017 1038 1117
 1165 1180]",0.01687237162851315,62.24815822731574,2.8114617346692694
2073,18,42,20,[   0   60  195  270  637  735  827  949 1017 1038 1117 1180],0.01687237162851315,62.24815822731574,2.8114617346692694
2074,18,42,40,[   0   60  195  270  637  735  827  949 1038 1117 1180],0.01687237162851315,62.24815822731574,2.8114617346692694
2075,18,42,60,[   0  195  270  637  735  827  949 1038 1117 1180],0.01687237162851315,62.24815822731574,2.8114617346692694
2076,18,43,0,[   0   13   74  209  262  676  822  865  866  949 1017 1038 1117 1180],0.01573469036070714,62.30202309053636,2.8615400593173144
2077,18,43,20,[   0   74  209  270  675  822  949 1017 1038 1117 1180],0.01573469036070714,62.30202309053636,2.8615400593173144
2078,18,43,40,[   0   74  209  270  675  846  949 1038 1117 1180],0.01573469036070714,62.30202309053636,2.8615400593173144
2079,18,43,60,[   0   74  209  270  675  846  949 1038 1117 1180],0.01573469036070714,62.30202309053636,2.8615400593173144
2080,18,44,0,[   0   13   74  218  270  683  827  865  866  949 1017 1038 1117 1180],0.017669513948922924,62.40903774362693,3.08022736860169
2081,18,44,20,[   0   74  218  683  827  949 1017 1038 1117 1180],0.017669513948922924,62.40903774362693,3.08022736860169
2082,18,44,40,[   0   74  218  270  683  827  949 1038 1117 1180],0.017669513948922924,62.40903774362693,3.08022736860169
2083,18,44,60,[   0   74  218  683  827  949 1038 1117 1180],0.017669513948922924,62.40903774362693,3.08022736860169
2084,18,45,0,"[   0   25   52  198  263  400  683  822  846  865  866  913  949 1017
 1038 1117 1165 1180]",0.018099529107791126,61.69392489619575,2.8727007553482804
2085,18,45,20,"[   0   25   52  198  263  400  683  822  846  913  949 1017 1038 1117
 1180]",0.018099529107791126,61.69392489619575,2.8727007553482804
2086,18,45,40,[   0   52  198  263  683  846  949 1038 1117 1180],0.018099529107791126,61.69392489619575,2.8727007553482804
2087,18,45,60,[   0  263  683  846  949 1038 1117 1180],0.018099529107791126,61.69392489619575,2.8727007553482804
2088,18,46,0,"[   0   13   64  217  263  615  683  822  846  865  866  949 1017 1038
 1058 1118 1165 1180]",0.011865847197943069,62.11557077694668,2.8623915438366963
2089,18,46,20,[   0   64  217  683  822  949 1017 1038 1118 1180],0.011865847197943069,62.11557077694668,2.8623915438366963
2090,18,46,40,[   0   64  217  263  683  822  949 1038 1118 1180],0.011865847197943069,62.11557077694668,2.8623915438366963
2091,18,46,60,[   0   64  217  683  822  949 1038 1118 1180],0.011865847197943069,62.11557077694668,2.8623915438366963
2092,18,47,0,"[   0   13   60  198  262  615  683  822  846  865  866  949 1017 1038
 1058 1117 1165 1180]",0.01610096705452623,63.380932838634635,2.877387381335361
2093,18,47,20,[   0   60  198  262  683  822  949 1017 1038 1117 1180],0.01610096705452623,63.380932838634635,2.877387381335361
2094,18,47,40,[   0   60  198  262  683  822  949 1038 1117 1180],0.01610096705452623,63.380932838634635,2.877387381335361
2095,18,47,60,[   0  262  683  822  949 1038 1117 1180],0.01610096705452623,63.380932838634635,2.877387381335361
2096,18,48,0,"[   0   13   60  199  262  616  683  822  846  865  866  949 1017 1038
 1058 1117 1165 1180]",0.010346187957885762,62.65344468769023,3.2237227927792294
2097,18,48,20,[   0   60  199  262  683  822  949 1017 1038 1117 1180],0.010346187957885762,62.65344468769023,3.2237227927792294
2098,18,48,40,[   0   60  199  262  683  822  949 1038 1117 1180],0.010346187957885762,62.65344468769023,3.2237227927792294
2099,18,48,60,[   0  262  683  822  949 1038 1117 1180],0.010346187957885762,62.65344468769023,3.2237227927792294
2100,18,49,0,[   0   13   60  199  306  683  829  865  866  949 1017 1038 1126 1180],0.02057300220606425,63.36030383333004,2.7216023756984904
2101,18,49,20,[   0   60  199  306  683  829  949 1017 1038 1126 1180],0.02057300220606425,63.36030383333004,2.7216023756984904
2102,18,49,40,[   0   60  199  306  683  829  949 1038 1126 1180],0.02057300220606425,63.36030383333004,2.7216023756984904
2103,18,49,60,[   0  199  683  829  949 1180],0.02057300220606425,63.36030383333004,2.7216023756984904
2104,18,50,0,[   0   13   60  209  306  685  827  865  866  949 1001 1040 1117 1180],0.014627861343109708,63.59606820433572,2.7968453348783644
2105,18,50,20,[   0   60  209  685  827  949 1040 1117 1180],0.014627861343109708,63.59606820433572,2.7968453348783644
2106,18,50,40,[   0   60  209  685  827  949 1040 1117 1180],0.014627861343109708,63.59606820433572,2.7968453348783644
2107,18,50,60,[   0  209  685  827  949 1040 1117 1180],0.014627861343109708,63.59606820433572,2.7968453348783644
2108,19,20,0,"[   0   17  103  195  267  678  822  855  865  866  887  908  949 1017
 1038 1118 1180]",-0.0005334505789237659,54.65438088174124,3.043554715657996
2109,19,20,20,"[   0   34  103  195  267  678  822  855  887  908  949 1017 1038 1118
 1180]",-0.0005334505789237659,54.65438088174124,3.043554715657996
2110,19,20,40,[   0  103  195  267  678  822  949 1038 1118 1180],-0.0005334505789237659,54.65438088174124,3.043554715657996
2111,19,20,60,[   0  103  195  267  678  822  949 1038 1118 1180],-0.0005334505789237659,54.65438088174124,3.043554715657996
2112,19,21,0,"[   0   17   95  195  267  678  822  855  865  866  887  908  949 1022
 1038 1118 1180]",0.0019884161736134233,54.93542766084947,3.0000346226475716
2113,19,21,20,"[   0   34   95  195  267  475  678  822  855  887  908  949 1022 1058
 1118 1180]",0.0019884161736134233,54.93542766084947,3.0000346226475716
2114,19,21,40,[   0   95  195  267  678  822  949 1058 1118 1180],0.0019884161736134233,54.93542766084947,3.0000346226475716
2115,19,21,60,[   0   95  195  267  678  822  949 1180],0.0019884161736134233,54.93542766084947,3.0000346226475716
2116,19,22,0,"[   0   13  103  195  270  678  822  855  865  866  949 1017 1038 1118
 1180]",-0.005295233217976513,55.831249755832616,3.145572304081953
2117,19,22,20,"[   0   46  103  195  270  475  678  822  855  920  949 1017 1038 1060
 1118 1180]",-0.005295233217976513,55.831249755832616,3.145572304081953
2118,19,22,40,[   0   46  103  195  270  678  822  949 1017 1060 1118 1180],-0.005295233217976513,55.831249755832616,3.145572304081953
2119,19,22,60,[   0  103  195  270  678  822  949 1180],-0.005295233217976513,55.831249755832616,3.145572304081953
2120,19,23,0,"[   0   17  103  203  267  689  822  854  865  866  949 1017 1040 1118
 1180]",0.005702729225972273,57.146229113349435,2.8782715878124923
2121,19,23,20,[   0   34  103  203  267  685  822  949 1017 1040 1118 1180],0.005702729225972273,57.146229113349435,2.8782715878124923
2122,19,23,40,[   0  103  203  267  685  822  949 1040 1118 1180],0.005702729225972273,57.146229113349435,2.8782715878124923
2123,19,23,60,[   0  103  203  267  685  822  949 1040 1118 1180],0.005702729225972273,57.146229113349435,2.8782715878124923
2124,19,24,0,"[   0   17  134  195  267  683  822  854  865  866  949 1017 1038 1118
 1180]",0.006725162557707387,57.4591339838452,3.124069837271974
2125,19,24,20,[   0   34  134  195  267  689  822  949 1017 1038 1118 1180],0.006725162557707387,57.4591339838452,3.124069837271974
2126,19,24,40,[   0  134  195  267  689  822  949 1017 1060 1118 1180],0.006725162557707387,57.4591339838452,3.124069837271974
2127,19,24,60,[   0  134  195  267  689  822  949 1180],0.006725162557707387,57.4591339838452,3.124069837271974
2128,19,25,0,[   0   17  103  195  267  683  827  865  866  949 1017 1040 1118 1180],0.0023139957897238064,57.63645737802705,3.360353187788131
2129,19,25,20,[   0   34  103  195  267  689  827  949 1017 1040 1118 1180],0.0023139957897238064,57.63645737802705,3.360353187788131
2130,19,25,40,[   0  103  195  267  689  827  949 1040 1118 1180],0.0023139957897238064,57.63645737802705,3.360353187788131
2131,19,25,60,[   0  103  195  267  689  827  949 1040 1118 1180],0.0023139957897238064,57.63645737802705,3.360353187788131
2132,19,26,0,"[   0   17   64  195  267  677  822  855  865  866  949 1017 1038 1118
 1180]",0.0008558243453360991,57.28407084167569,3.028131607816276
2133,19,26,20,"[   0   34   64  132  195  267  618  677  822  855  913  949 1017 1038
 1060 1118 1180]",0.0008558243453360991,57.28407084167569,3.028131607816276
2134,19,26,40,[   0   64  195  267  677  822  949 1017 1060 1118 1180],0.0008558243453360991,57.28407084167569,3.028131607816276
2135,19,26,60,[   0   64  195  267  677  822  949 1180],0.0008558243453360991,57.28407084167569,3.028131607816276
2136,19,27,0,[   0   34  195  267  677  822  855  865  866  949 1017 1038 1118 1180],-0.003918037746284073,56.77491059618411,2.9938311435894254
2137,19,27,20,[   0   34  195  267  677  822  855  913  949 1017 1038 1118 1180],-0.003918037746284073,56.77491059618411,2.9938311435894254
2138,19,27,40,[   0  267  677  822  949 1017 1060 1118 1180],-0.003918037746284073,56.77491059618411,2.9938311435894254
2139,19,27,60,[   0  267  677  822  949 1180],-0.003918037746284073,56.77491059618411,2.9938311435894254
2140,19,28,0,"[   0   17   64  132  195  267  618  683  822  846  865  866  913  949
 1017 1040 1117 1180]",0.008088763700386695,58.755056604920405,2.8880577960976113
2141,19,28,20,"[   0   34   64  132  195  267  618  683  822  846  913  949 1017 1040
 1117 1180]",0.008088763700386695,58.755056604920405,2.8880577960976113
2142,19,28,40,[   0   64  195  267  683  846  949 1040 1117 1180],0.008088763700386695,58.755056604920405,2.8880577960976113
2143,19,28,60,[   0   64  195  267  683  846  949 1040 1117 1180],0.008088763700386695,58.755056604920405,2.8880577960976113
2144,19,29,0,"[   0   17   64  195  267  681  822  856  865  866  949 1017 1038 1118
 1180]",-0.0021512510490424956,56.99959460644117,2.934862288761303
2145,19,29,20,"[   0   34   64  195  270  613  681  822  856  913  949 1017 1038 1118
 1180]",-0.0021512510490424956,56.99959460644117,2.934862288761303
2146,19,29,40,[   0   64  195  270  681  822  949 1038 1118 1180],-0.0021512510490424956,56.99959460644117,2.934862288761303
2147,19,29,60,[   0   64  195  270  681  822  949 1038 1118 1180],-0.0021512510490424956,56.99959460644117,2.934862288761303
2148,19,30,0,"[   0   17   64  195  267  677  822  854  865  866  913  948  949 1017
 1038 1058 1118 1180]",0.0055539130103611015,58.01666397327293,3.063817475666367
2149,19,30,20,[   0   64  195  267  677  822  949 1017 1038 1118 1180],0.0055539130103611015,58.01666397327293,3.063817475666367
2150,19,30,40,[   0   64  195  267  677  822  949 1038 1118 1180],0.0055539130103611015,58.01666397327293,3.063817475666367
2151,19,30,60,[   0   64  195  267  677  822  949 1038 1118 1180],0.0055539130103611015,58.01666397327293,3.063817475666367
2152,19,31,0,"[   0   17   64  195  268  677  822  854  865  866  949 1017 1038 1118
 1180]",0.002433105583875322,57.20946279082005,2.838556532241293
2153,19,31,20,[   0   64  195  268  677  841  949 1017 1038 1118 1180],0.002433105583875322,57.20946279082005,2.838556532241293
2154,19,31,40,[   0   64  195  268  677  841  949 1038 1118 1180],0.002433105583875322,57.20946279082005,2.838556532241293
2155,19,31,60,[   0   64  195  268  677  841  949 1038 1118 1180],0.002433105583875322,57.20946279082005,2.838556532241293
2156,19,32,0,"[   0   17   64  132  195  270  441  635  683  822  851  865  866  913
  949 1017 1038 1058 1118 1122 1180]",0.007421930336302022,58.329934317862346,2.5603845733666484
2157,19,32,20,"[   0   34   64  132  195  270  441  635  683  822  851  913  949 1017
 1038 1118 1180]",0.007421930336302022,58.329934317862346,2.5603845733666484
2158,19,32,40,[   0   64  195  270  683  822  949 1038 1118 1180],0.007421930336302022,58.329934317862346,2.5603845733666484
2159,19,32,60,[   0   64  195  270  683  822  949 1038 1118 1180],0.007421930336302022,58.329934317862346,2.5603845733666484
2160,19,33,0,"[   0   17   64  195  267  677  822  851  865  866  943 1017 1040 1118
 1180]",0.0015329282845344713,57.69984150466473,2.932376344161209
2161,19,33,20,"[   0   34   64  132  195  267  488  677  822  851  913  943 1017 1040
 1118 1180]",0.0015329282845344713,57.69984150466473,2.932376344161209
2162,19,33,40,[   0   64  195  267  677  822  943 1040 1118 1180],0.0015329282845344713,57.69984150466473,2.932376344161209
2163,19,33,60,[   0   64  195  267  677  822  943 1040 1118 1180],0.0015329282845344713,57.69984150466473,2.932376344161209
2164,19,34,0,"[   0   17   64  132  195  250  441  677  822  859  865  866  913  949
 1017 1038 1117 1180]",0.011905228566010083,58.7585248563776,2.6192906528309394
2165,19,34,20,"[   0   34   64  132  195  250  441  677  729  822  846  913  949 1017
 1038 1117 1180]",0.011905228566010083,58.7585248563776,2.6192906528309394
2166,19,34,40,[   0   64  132  195  250  441  677  729  846  949 1038 1117 1180],0.011905228566010083,58.7585248563776,2.6192906528309394
2167,19,34,60,[   0   64  195  677  846  949 1038 1117 1180],0.011905228566010083,58.7585248563776,2.6192906528309394
2168,19,35,0,[   0   13   94  195  267  676  822  865  866  949 1017 1038 1118 1180],0.0023474485554187477,57.878600739236774,2.7936946682041843
2169,19,35,20,[   0   60  195  267  676  822  949 1017 1038 1118 1180],0.0023474485554187477,57.878600739236774,2.7936946682041843
2170,19,35,40,[   0   60  195  267  676  822  949 1038 1118 1180],0.0023474485554187477,57.878600739236774,2.7936946682041843
2171,19,35,60,[   0  195  267  676  822  949 1038 1118 1180],0.0023474485554187477,57.878600739236774,2.7936946682041843
2172,19,36,0,[   0   13   60  195  267  677  829  865  866  949 1017 1038 1118 1180],1.4459765445511682e-05,57.90269086507334,2.8570425920069105
2173,19,36,20,[   0   60  195  267  677  829  949 1017 1038 1118 1180],1.4459765445511682e-05,57.90269086507334,2.8570425920069105
2174,19,36,40,[   0   60  195  267  677  829  949 1038 1118 1180],1.4459765445511682e-05,57.90269086507334,2.8570425920069105
2175,19,36,60,[   0  267  677  829  949 1038 1118 1180],1.4459765445511682e-05,57.90269086507334,2.8570425920069105
2176,19,37,0,[   0   13   74  195  267  677  822  865  866  949 1017 1038 1118 1180],0.0042480179334691654,58.76351491996969,2.938474369746781
2177,19,37,20,[   0   74  195  267  677  822  949 1017 1038 1118 1180],0.0042480179334691654,58.76351491996969,2.938474369746781
2178,19,37,40,[   0   74  195  267  677  735  851  949 1038 1118 1180],0.0042480179334691654,58.76351491996969,2.938474369746781
2179,19,37,60,[   0   74  195  267  677  851  949 1038 1118 1180],0.0042480179334691654,58.76351491996969,2.938474369746781
2180,19,38,0,[   0   13   74  195  263  677  827  865  866  949 1017 1038 1118 1180],0.006761503163235426,59.95367840959524,2.8606294600295725
2181,19,38,20,[   0   74  195  263  677  827  949 1017 1038 1118 1180],0.006761503163235426,59.95367840959524,2.8606294600295725
2182,19,38,40,[   0   74  195  263  677  827  949 1038 1118 1180],0.006761503163235426,59.95367840959524,2.8606294600295725
2183,19,38,60,[   0   74  195  263  677  827  949 1038 1118 1180],0.006761503163235426,59.95367840959524,2.8606294600295725
2184,19,39,0,[   0   25   74  195  263  676  827  865  866  949 1017 1038 1117 1180],0.015514794574374245,60.25270216260023,2.6907905461214168
2185,19,39,20,"[   0   25   74  195  270  415  676  735  827  866  913  949 1017 1038
 1117 1180]",0.015514794574374245,60.25270216260023,2.6907905461214168
2186,19,39,40,[   0   74  195  270  676  827  949 1038 1117 1180],0.015514794574374245,60.25270216260023,2.6907905461214168
2187,19,39,60,[   0   74  195  270  676  827  949 1038 1117 1180],0.015514794574374245,60.25270216260023,2.6907905461214168
2188,19,40,0,"[   0   13   74  195  267  648  735  827  865  866  949 1017 1038 1117
 1180]",0.01371266334857249,60.43502639807303,2.9681223298953294
2189,19,40,20,[   0   74  195  270  648  735  827  949 1017 1038 1117 1180],0.01371266334857249,60.43502639807303,2.9681223298953294
2190,19,40,40,[   0   74  195  270  648  735  827  949 1038 1117 1180],0.01371266334857249,60.43502639807303,2.9681223298953294
2191,19,40,60,[   0   74  195  270  648  735  827  949 1038 1117 1180],0.01371266334857249,60.43502639807303,2.9681223298953294
2192,19,41,0,[   0   25   60  195  270  683  827  865  866  949 1017 1038 1117 1180],0.010610123173814684,60.001147560852694,2.8026629044416516
2193,19,41,20,[   0   25   60  195  270  683  827  949 1017 1038 1117 1180],0.010610123173814684,60.001147560852694,2.8026629044416516
2194,19,41,40,[   0   60  195  270  683  827  949 1038 1117 1180],0.010610123173814684,60.001147560852694,2.8026629044416516
2195,19,41,60,[   0  195  270  683  827  949 1038 1117 1180],0.010610123173814684,60.001147560852694,2.8026629044416516
2196,19,42,0,[   0   13   60  195  270  683  827  865  866  949 1017 1038 1117 1180],0.014258205001340736,60.46688434931657,2.9609264050438657
2197,19,42,20,[   0   60  195  270  683  827  949 1017 1038 1117 1180],0.014258205001340736,60.46688434931657,2.9609264050438657
2198,19,42,40,[   0   60  195  270  683  827  949 1038 1117 1180],0.014258205001340736,60.46688434931657,2.9609264050438657
2199,19,42,60,[   0  195  270  683  827  949 1038 1117 1180],0.014258205001340736,60.46688434931657,2.9609264050438657
2200,19,43,0,[   0   13   74  198  262  676  822  865  866  949 1017 1038 1117 1180],0.016309295587478997,60.185407589543836,2.959756893396031
2201,19,43,20,[   0   74  198  270  675  822  949 1017 1038 1117 1180],0.016309295587478997,60.185407589543836,2.959756893396031
2202,19,43,40,[   0   74  198  270  675  846  949 1038 1117 1180],0.016309295587478997,60.185407589543836,2.959756893396031
2203,19,43,60,[   0   74  198  270  675  846  949 1038 1117 1180],0.016309295587478997,60.185407589543836,2.959756893396031
2204,19,44,0,[   0   13   74  215  270  683  827  865  866  949 1017 1038 1117 1180],0.015346159203303612,60.60340193533509,3.046098420582058
2205,19,44,20,[   0   74  215  270  683  827  949 1017 1038 1117 1180],0.015346159203303612,60.60340193533509,3.046098420582058
2206,19,44,40,[   0   74  215  270  683  827  949 1038 1117 1180],0.015346159203303612,60.60340193533509,3.046098420582058
2207,19,44,60,[   0   74  215  683  827  949 1038 1117 1180],0.015346159203303612,60.60340193533509,3.046098420582058
2208,19,45,0,"[   0   25   60  198  263  400  683  822  846  865  866  913  949 1017
 1038 1117 1165 1180]",0.015641442731941558,59.88055626088669,2.8409920173498864
2209,19,45,20,"[   0   25   60  198  263  400  683  822  846  913  949 1017 1038 1117
 1180]",0.015641442731941558,59.88055626088669,2.8409920173498864
2210,19,45,40,[   0   60  198  263  683  846  949 1038 1117 1180],0.015641442731941558,59.88055626088669,2.8409920173498864
2211,19,45,60,[   0  263  683  846  949 1038 1117 1180],0.015641442731941558,59.88055626088669,2.8409920173498864
2212,19,46,0,"[   0   13   64  217  263  615  683  822  846  865  866  949 1017 1038
 1058 1118 1165 1180]",0.007628992449686042,59.80740861037043,2.9411442845733946
2213,19,46,20,[   0   64  217  683  822  949 1017 1038 1118 1180],0.007628992449686042,59.80740861037043,2.9411442845733946
2214,19,46,40,[   0   64  217  263  683  822  949 1038 1118 1180],0.007628992449686042,59.80740861037043,2.9411442845733946
2215,19,46,60,[   0   64  217  683  822  949 1038 1118 1180],0.007628992449686042,59.80740861037043,2.9411442845733946
2216,19,47,0,"[   0   13   60  198  262  615  683  822  846  865  866  949 1017 1038
 1058 1117 1165 1180]",0.011181863634802136,61.18474891446481,2.84053080549472
2217,19,47,20,[   0   60  198  262  683  822  949 1017 1038 1117 1180],0.011181863634802136,61.18474891446481,2.84053080549472
2218,19,47,40,[   0   60  198  262  683  822  949 1038 1117 1180],0.011181863634802136,61.18474891446481,2.84053080549472
2219,19,47,60,[   0  262  683  822  949 1038 1117 1180],0.011181863634802136,61.18474891446481,2.84053080549472
2220,19,48,0,"[   0   13   60  199  262  663  685  822  846  865  866  949 1017 1038
 1058 1117 1165 1180]",0.011046829019600789,60.643157197034185,3.218565554164577
2221,19,48,20,[   0   60  199  262  685  822  949 1017 1038 1117 1180],0.011046829019600789,60.643157197034185,3.218565554164577
2222,19,48,40,[   0   60  199  262  663  729  822  949 1038 1117 1180],0.011046829019600789,60.643157197034185,3.218565554164577
2223,19,48,60,[   0  199  262  663  729  822  949 1038 1117 1180],0.011046829019600789,60.643157197034185,3.218565554164577
2224,19,49,0,[   0   25   60  199  262  683  829  865  866  949 1017 1038 1126 1180],0.015298349727731983,61.28344576438891,2.6787311711252793
2225,19,49,20,[   0   25   60  199  262  683  829  949 1017 1038 1126 1180],0.015298349727731983,61.28344576438891,2.6787311711252793
2226,19,49,40,[   0   60  199  262  683  829  949 1038 1126 1180],0.015298349727731983,61.28344576438891,2.6787311711252793
2227,19,49,60,[   0  262  683  829  949 1180],0.015298349727731983,61.28344576438891,2.6787311711252793
2228,19,50,0,[   0   13   60  209  306  685  827  865  866  949 1001 1040 1117 1180],0.01651678354891877,61.45944792332115,2.770647005389029
2229,19,50,20,[   0   60  209  685  827  949 1040 1117 1180],0.01651678354891877,61.45944792332115,2.770647005389029
2230,19,50,40,[   0   60  209  685  827  949 1040 1117 1180],0.01651678354891877,61.45944792332115,2.770647005389029
2231,19,50,60,[   0  209  685  827  949 1040 1117 1180],0.01651678354891877,61.45944792332115,2.770647005389029
2232,20,20,0,"[   0   17  103  195  267  678  822  855  865  866  887  908  949 1017
 1038 1118 1180]",0.0001892800228669612,53.09867943993486,2.9762398254930753
2233,20,20,20,"[   0   34  103  195  267  678  822  855  887  908  949 1017 1038 1118
 1180]",0.0001892800228669612,53.09867943993486,2.9762398254930753
2234,20,20,40,[   0  103  195  267  678  822  949 1038 1118 1180],0.0001892800228669612,53.09867943993486,2.9762398254930753
2235,20,20,60,[   0  103  195  267  678  822  949 1038 1118 1180],0.0001892800228669612,53.09867943993486,2.9762398254930753
2236,20,21,0,"[   0   17   95  195  267  441  678  822  855  865  866  887  908  949
 1022 1038 1058 1118 1180]",-0.0036791474676886727,53.21774210435468,3.0719838439262253
2237,20,21,20,"[   0   34   95  195  267  441  678  822  855  887  908  949 1022 1058
 1118 1180]",-0.0036791474676886727,53.21774210435468,3.0719838439262253
2238,20,21,40,[   0   95  195  267  678  822  949 1058 1118 1180],-0.0036791474676886727,53.21774210435468,3.0719838439262253
2239,20,21,60,[   0   95  195  267  678  822  949 1180],-0.0036791474676886727,53.21774210435468,3.0719838439262253
2240,20,22,0,"[   0   13   46  103  195  270  475  678  822  855  865  866  920  949
 1017 1038 1060 1080 1090 1126 1180]",-0.0017952499796222512,54.344582472312226,3.216506905044998
2241,20,22,20,"[   0   46  103  195  270  678  822  855  920  949 1017 1038 1080 1126
 1180]",-0.0017952499796222512,54.344582472312226,3.216506905044998
2242,20,22,40,[   0   46  103  195  270  678  822  949 1038 1126 1180],-0.0017952499796222512,54.344582472312226,3.216506905044998
2243,20,22,60,[   0  103  195  270  678  822  949 1180],-0.0017952499796222512,54.344582472312226,3.216506905044998
2244,20,23,0,"[   0   17  103  203  267  689  822  854  865  866  949 1017 1038 1118
 1180]",0.004065947007285604,55.30530021231737,2.9572897564152085
2245,20,23,20,[   0   34  103  203  267  685  822  949 1017 1038 1118 1180],0.004065947007285604,55.30530021231737,2.9572897564152085
2246,20,23,40,[   0  103  203  267  685  822  949 1038 1118 1180],0.004065947007285604,55.30530021231737,2.9572897564152085
2247,20,23,60,[   0  103  203  267  685  822  949 1038 1118 1180],0.004065947007285604,55.30530021231737,2.9572897564152085
2248,20,24,0,"[   0   17  134  195  267  683  822  854  865  866  949 1017 1038 1118
 1180]",0.0024658573261236607,55.6036572415157,3.122204443729051
2249,20,24,20,[   0   34  134  195  270  689  822  949 1017 1038 1118 1180],0.0024658573261236607,55.6036572415157,3.122204443729051
2250,20,24,40,[   0  134  195  270  689  822  949 1017 1060 1118 1180],0.0024658573261236607,55.6036572415157,3.122204443729051
2251,20,24,60,[   0  134  195  270  689  822  949 1180],0.0024658573261236607,55.6036572415157,3.122204443729051
2252,20,25,0,"[   0   17  103  195  267  683  827  859  865  866  949 1017 1040 1118
 1180]",0.003098180306177191,55.7550074174254,3.280225732927948
2253,20,25,20,[   0   34  103  195  267  689  846  867  949 1017 1040 1118 1180],0.003098180306177191,55.7550074174254,3.280225732927948
2254,20,25,40,[   0  103  195  267  689  846  949 1040 1118 1180],0.003098180306177191,55.7550074174254,3.280225732927948
2255,20,25,60,[   0  103  195  267  689  846  949 1040 1118 1180],0.003098180306177191,55.7550074174254,3.280225732927948
2256,20,26,0,"[   0   17   64  195  267  677  822  855  865  866  949 1017 1038 1118
 1180]",-0.0035903618800656907,55.525714337086356,3.0243454426648797
2257,20,26,20,"[   0   34   64  132  195  267  618  677  822  855  913  949 1017 1038
 1060 1118 1180]",-0.0035903618800656907,55.525714337086356,3.0243454426648797
2258,20,26,40,[   0   64  195  267  677  822  949 1017 1060 1118 1180],-0.0035903618800656907,55.525714337086356,3.0243454426648797
2259,20,26,60,[   0   64  195  267  677  822  949 1180],-0.0035903618800656907,55.525714337086356,3.0243454426648797
2260,20,27,0,[   0   34  195  267  677  822  855  865  866  949 1017 1038 1118 1180],-0.0030905880784218333,55.00004343885369,2.990439703003993
2261,20,27,20,[   0   34  195  267  677  822  855  913  949 1017 1038 1118 1180],-0.0030905880784218333,55.00004343885369,2.990439703003993
2262,20,27,40,[   0  267  677  822  949 1017 1060 1118 1180],-0.0030905880784218333,55.00004343885369,2.990439703003993
2263,20,27,60,[   0  267  677  822  949 1180],-0.0030905880784218333,55.00004343885369,2.990439703003993
2264,20,28,0,"[   0   17   64  195  267  683  822  856  865  866  949 1017 1040 1117
 1180]",0.009605886798029772,57.02353803847281,2.880373215428966
2265,20,28,20,"[   0   34   64  132  195  267  618  683  822  856  913  949 1017 1040
 1117 1180]",0.009605886798029772,57.02353803847281,2.880373215428966
2266,20,28,40,[   0   64  195  267  683  822  949 1040 1117 1180],0.009605886798029772,57.02353803847281,2.880373215428966
2267,20,28,60,[   0   64  195  267  683  822  949 1040 1117 1180],0.009605886798029772,57.02353803847281,2.880373215428966
2268,20,29,0,"[   0   17   64  195  267  613  681  822  856  865  866  913  949 1017
 1038 1058 1118 1180]",-0.0019500517174200398,55.14684084483061,3.035063305438018
2269,20,29,20,"[   0   34   64  195  270  613  681  822  856  913  949 1017 1038 1118
 1180]",-0.0019500517174200398,55.14684084483061,3.035063305438018
2270,20,29,40,[   0   64  195  270  681  822  949 1038 1118 1180],-0.0019500517174200398,55.14684084483061,3.035063305438018
2271,20,29,60,[   0   64  195  270  681  822  949 1038 1118 1180],-0.0019500517174200398,55.14684084483061,3.035063305438018
2272,20,30,0,"[   0   17   64  195  267  677  822  854  865  866  913  948  949 1017
 1038 1058 1118 1180]",0.003933117475540967,56.582830112951015,3.0609203667014167
2273,20,30,20,[   0   64  195  267  677  822  949 1017 1038 1118 1180],0.003933117475540967,56.582830112951015,3.0609203667014167
2274,20,30,40,[   0   64  195  267  677  822  949 1038 1118 1180],0.003933117475540967,56.582830112951015,3.0609203667014167
2275,20,30,60,[   0   64  195  267  677  822  949 1038 1118 1180],0.003933117475540967,56.582830112951015,3.0609203667014167
2276,20,31,0,"[   0   17   64  195  268  683  822  854  865  866  949 1017 1038 1118
 1180]",-0.0004177042272608069,55.46855185395428,3.021992946671762
2277,20,31,20,[   0   64  195  268  683  841  949 1017 1038 1118 1180],-0.0004177042272608069,55.46855185395428,3.021992946671762
2278,20,31,40,[   0   64  195  268  683  841  949 1038 1118 1180],-0.0004177042272608069,55.46855185395428,3.021992946671762
2279,20,31,60,[   0   64  195  268  683  841  949 1038 1118 1180],-0.0004177042272608069,55.46855185395428,3.021992946671762
2280,20,32,0,"[   0   17   64  132  195  270  441  635  683  822  851  865  866  913
  949 1017 1038 1058 1118 1122 1180]",0.00443199269449441,56.4309934793152,2.6368511825920464
2281,20,32,20,"[   0   34   64  132  195  270  441  635  683  822  851  913  949 1017
 1038 1118 1180]",0.00443199269449441,56.4309934793152,2.6368511825920464
2282,20,32,40,[   0   64  195  270  683  822  949 1038 1118 1180],0.00443199269449441,56.4309934793152,2.6368511825920464
2283,20,32,60,[   0   64  195  270  683  822  949 1038 1118 1180],0.00443199269449441,56.4309934793152,2.6368511825920464
2284,20,33,0,"[   0   17   64  195  267  677  822  851  865  866  943 1017 1040 1118
 1180]",0.0005885627045268745,56.074705228974324,3.0944681594968078
2285,20,33,20,"[   0   34   64  132  195  267  488  677  822  851  913  943 1017 1040
 1118 1180]",0.0005885627045268745,56.074705228974324,3.0944681594968078
2286,20,33,40,[   0   64  195  267  677  822  943 1040 1118 1180],0.0005885627045268745,56.074705228974324,3.0944681594968078
2287,20,33,60,[   0   64  195  267  677  822  943 1040 1118 1180],0.0005885627045268745,56.074705228974324,3.0944681594968078
2288,20,34,0,"[   0   17   64  132  195  250  441  677  822  859  865  866  913  949
 1017 1038 1117 1180]",0.008537776253359674,56.698332093708636,2.717267125595833
2289,20,34,20,"[   0   34   64  132  195  250  441  677  729  822  846  913  949 1017
 1038 1117 1180]",0.008537776253359674,56.698332093708636,2.717267125595833
2290,20,34,40,[   0   64  132  195  250  441  677  729  846  949 1038 1117 1180],0.008537776253359674,56.698332093708636,2.717267125595833
2291,20,34,60,[   0   64  195  677  846  949 1038 1117 1180],0.008537776253359674,56.698332093708636,2.717267125595833
2292,20,35,0,[   0   13   94  195  267  683  822  865  866  949 1017 1038 1118 1180],0.002616217638715678,56.04387420276484,2.718438742730243
2293,20,35,20,[   0   60  195  267  683  822  949 1017 1038 1118 1180],0.002616217638715678,56.04387420276484,2.718438742730243
2294,20,35,40,[   0   60  195  267  683  822  949 1038 1118 1180],0.002616217638715678,56.04387420276484,2.718438742730243
2295,20,35,60,[   0  195  267  683  822  949 1038 1118 1180],0.002616217638715678,56.04387420276484,2.718438742730243
2296,20,36,0,[   0   13   96  195  267  677  829  865  866  949 1017 1038 1118 1180],-0.0015205348321422497,56.11902617190083,2.9010475155627176
2297,20,36,20,[   0   96  195  267  677  829  949 1017 1038 1118 1180],-0.0015205348321422497,56.11902617190083,2.9010475155627176
2298,20,36,40,[   0   60  195  267  677  829  949 1038 1118 1180],-0.0015205348321422497,56.11902617190083,2.9010475155627176
2299,20,36,60,[   0  267  677  829  949 1038 1118 1180],-0.0015205348321422497,56.11902617190083,2.9010475155627176
2300,20,37,0,[   0   13   74  195  267  677  822  865  866  949 1017 1038 1118 1180],0.005705822413940638,57.01715914352876,2.855115483862293
2301,20,37,20,[   0   74  195  267  677  822  949 1017 1038 1118 1180],0.005705822413940638,57.01715914352876,2.855115483862293
2302,20,37,40,[   0   74  195  267  677  735  851  949 1038 1118 1180],0.005705822413940638,57.01715914352876,2.855115483862293
2303,20,37,60,[   0   74  195  267  677  851  949 1038 1118 1180],0.005705822413940638,57.01715914352876,2.855115483862293
2304,20,38,0,"[   0   13   74  153  195  263  615  677  735  821  827  865  866  913
  949 1017 1038 1058 1118 1122 1180]",0.007249742826831487,58.01992803675679,2.8377174912379197
2305,20,38,20,[   0   74  195  263  677  827  949 1017 1038 1118 1180],0.007249742826831487,58.01992803675679,2.8377174912379197
2306,20,38,40,[   0   74  195  263  677  827  949 1038 1118 1180],0.007249742826831487,58.01992803675679,2.8377174912379197
2307,20,38,60,[   0   74  195  263  677  827  949 1038 1118 1180],0.007249742826831487,58.01992803675679,2.8377174912379197
2308,20,39,0,[   0   25   74  195  270  676  827  865  866  949 1017 1038 1117 1180],0.013485684117790124,58.381388942475574,2.68979757154745
2309,20,39,20,"[   0   25   74  195  270  415  676  735  827  866  913  949 1017 1038
 1117 1180]",0.013485684117790124,58.381388942475574,2.68979757154745
2310,20,39,40,[   0   74  195  270  676  827  949 1038 1117 1180],0.013485684117790124,58.381388942475574,2.68979757154745
2311,20,39,60,[   0   74  195  270  676  827  949 1038 1117 1180],0.013485684117790124,58.381388942475574,2.68979757154745
2312,20,40,0,"[   0   25   74  195  267  648  735  827  865  866  949 1017 1038 1117
 1180]",0.0098129792087214,58.70074388660882,2.847373767769594
2313,20,40,20,"[   0   25   74  195  270  648  735  827  866  910  949 1017 1038 1117
 1180]",0.0098129792087214,58.70074388660882,2.847373767769594
2314,20,40,40,[   0   74  195  270  648  735  827  949 1038 1117 1180],0.0098129792087214,58.70074388660882,2.847373767769594
2315,20,40,60,[   0   74  195  270  648  735  827  949 1038 1117 1180],0.0098129792087214,58.70074388660882,2.847373767769594
2316,20,41,0,[   0   25   60  195  270  683  827  865  866  949 1017 1038 1117 1180],0.012594189555125179,58.30195102327832,2.8860806853263075
2317,20,41,20,[   0   25   60  195  270  683  846  949 1017 1038 1117 1180],0.012594189555125179,58.30195102327832,2.8860806853263075
2318,20,41,40,[   0   60  195  270  683  846  949 1038 1117 1180],0.012594189555125179,58.30195102327832,2.8860806853263075
2319,20,41,60,[   0  195  270  683  846  949 1038 1117 1180],0.012594189555125179,58.30195102327832,2.8860806853263075
2320,20,42,0,"[   0   13   60  153  195  270  618  683  717  721  821  827  865  866
  913  949 1017 1038 1058 1117 1165 1180]",0.012883502788768566,58.85065694321556,2.9600743457643257
2321,20,42,20,[   0   60  195  270  683  827  949 1017 1038 1117 1180],0.012883502788768566,58.85065694321556,2.9600743457643257
2322,20,42,40,[   0   60  195  270  683  827  949 1038 1117 1180],0.012883502788768566,58.85065694321556,2.9600743457643257
2323,20,42,60,[   0  195  270  683  827  949 1038 1117 1180],0.012883502788768566,58.85065694321556,2.9600743457643257
2324,20,43,0,[   0   13   74  198  262  683  822  865  866  949 1017 1038 1117 1180],0.015232202688141096,58.70024347959658,3.112412460220111
2325,20,43,20,[   0   74  198  270  675  822  949 1017 1038 1117 1180],0.015232202688141096,58.70024347959658,3.112412460220111
2326,20,43,40,[   0   74  198  270  675  846  949 1038 1117 1180],0.015232202688141096,58.70024347959658,3.112412460220111
2327,20,43,60,[   0   74  198  270  675  846  949 1038 1117 1180],0.015232202688141096,58.70024347959658,3.112412460220111
2328,20,44,0,"[   0   13   74  215  270  637  683  821  827  865  866  913  949 1017
 1038 1058 1117 1165 1180]",0.0175953245980325,58.926067415920016,3.090819155267673
2329,20,44,20,[   0   74  215  270  683  827  949 1017 1038 1117 1180],0.0175953245980325,58.926067415920016,3.090819155267673
2330,20,44,40,[   0   74  215  270  683  827  949 1038 1117 1180],0.0175953245980325,58.926067415920016,3.090819155267673
2331,20,44,60,[   0   74  215  683  827  949 1038 1117 1180],0.0175953245980325,58.926067415920016,3.090819155267673
2332,20,45,0,"[   0   25   60  198  263  400  683  821  846  865  866  913  949 1017
 1038 1117 1165 1180]",0.01014406943629567,58.20738066173971,2.9199123387954478
2333,20,45,20,"[   0   25   60  198  263  400  618  692  821  846  913  949 1017 1038
 1117 1180]",0.01014406943629567,58.20738066173971,2.9199123387954478
2334,20,45,40,[   0   60  198  263  692  846  949 1038 1117 1180],0.01014406943629567,58.20738066173971,2.9199123387954478
2335,20,45,60,[   0  263  692  846  949 1038 1117 1180],0.01014406943629567,58.20738066173971,2.9199123387954478
2336,20,46,0,"[   0   13   60  217  263  615  683  822  846  865  866  949 1017 1038
 1058 1118 1165 1180]",0.005919973187092247,58.117542013236815,2.9249431356497397
2337,20,46,20,[   0   60  217  683  822  949 1017 1038 1118 1180],0.005919973187092247,58.117542013236815,2.9249431356497397
2338,20,46,40,[   0   60  217  263  683  822  949 1038 1118 1180],0.005919973187092247,58.117542013236815,2.9249431356497397
2339,20,46,60,[   0  217  683  822  949 1038 1118 1180],0.005919973187092247,58.117542013236815,2.9249431356497397
2340,20,47,0,"[   0   25   60  198  262  615  683  822  846  865  866  949 1017 1038
 1058 1117 1165 1180]",0.008725361709664257,59.20940020388812,2.9385442328589053
2341,20,47,20,[   0   25   60  198  262  683  822  949 1017 1038 1117 1180],0.008725361709664257,59.20940020388812,2.9385442328589053
2342,20,47,40,[   0   60  198  262  683  822  949 1038 1117 1180],0.008725361709664257,59.20940020388812,2.9385442328589053
2343,20,47,60,[   0  262  683  822  949 1038 1117 1180],0.008725361709664257,59.20940020388812,2.9385442328589053
2344,20,48,0,"[   0   13   60  199  262  663  685  822  846  865  866  949 1017 1038
 1058 1117 1165 1180]",0.008748522318717004,58.759702493962195,3.1180790207635054
2345,20,48,20,[   0   60  199  262  685  822  949 1017 1038 1117 1180],0.008748522318717004,58.759702493962195,3.1180790207635054
2346,20,48,40,[   0   60  199  262  663  729  822  949 1038 1117 1180],0.008748522318717004,58.759702493962195,3.1180790207635054
2347,20,48,60,[   0  199  262  663  729  822  949 1038 1117 1180],0.008748522318717004,58.759702493962195,3.1180790207635054
2348,20,49,0,[   0   25   60  199  262  683  829  865  866  949 1017 1040 1117 1180],0.017732432584799403,59.398566945113416,2.7058452405577755
2349,20,49,20,[   0   25   60  199  262  683  829  949 1017 1040 1117 1180],0.017732432584799403,59.398566945113416,2.7058452405577755
2350,20,49,40,[   0   60  199  262  683  829  949 1040 1117 1180],0.017732432584799403,59.398566945113416,2.7058452405577755
2351,20,49,60,[   0  262  683  829  949 1040 1117 1180],0.017732432584799403,59.398566945113416,2.7058452405577755
2352,20,50,0,[   0   13   89  209  306  685  827  865  866  949 1001 1040 1117 1180],0.012812057996598028,59.45521502668568,2.783339363446494
2353,20,50,20,[   0   60  209  685  827  949 1040 1117 1180],0.012812057996598028,59.45521502668568,2.783339363446494
2354,20,50,40,[   0   60  209  685  827  949 1040 1117 1180],0.012812057996598028,59.45521502668568,2.783339363446494
2355,20,50,60,[   0  209  685  827  949 1040 1117 1180],0.012812057996598028,59.45521502668568,2.783339363446494
