,N_clusters,K_neighb,Len_min,St_edges,Silh,Cal-Har,Dav-Bold
0,2,20,0,[   0  665 2094],0.08432674257315563,168.71550260235796,2.5044996808621054
1,2,20,20,[   0  665 2094],0.08432674257315563,168.71550260235796,2.5044996808621054
2,2,20,40,[   0  665 2094],0.08432674257315563,168.71550260235796,2.5044996808621054
3,2,20,60,[   0  665 2094],0.08432674257315563,168.71550260235796,2.5044996808621054
4,2,21,0,[   0  442 1924 2094],0.110082152772912,219.99070133602316,2.2396651711393716
5,2,21,20,[   0  442 1924 2094],0.110082152772912,219.99070133602316,2.2396651711393716
6,2,21,40,[   0  442 1924 2094],0.110082152772912,219.99070133602316,2.2396651711393716
7,2,21,60,[   0  442 1924 2094],0.110082152772912,219.99070133602316,2.2396651711393716
8,2,22,0,[   0  442 1924 2094],0.1131004979118783,223.37589295306847,2.243077347407727
9,2,22,20,[   0  442 1924 2094],0.1131004979118783,223.37589295306847,2.243077347407727
10,2,22,40,[   0  442 1924 2094],0.1131004979118783,223.37589295306847,2.243077347407727
11,2,22,60,[   0  442 1924 2094],0.1131004979118783,223.37589295306847,2.243077347407727
12,2,23,0,[   0  432 1978 2094],0.08644582325518227,170.6651366951073,2.939767291087311
13,2,23,20,[   0  432 1978 2094],0.08644582325518227,170.6651366951073,2.939767291087311
14,2,23,40,[   0  432 1978 2094],0.08644582325518227,170.6651366951073,2.939767291087311
15,2,23,60,[   0  432 1978 2094],0.08644582325518227,170.6651366951073,2.939767291087311
16,2,24,0,[   0  638 2093 2094],0.09559504151339082,199.6027504689208,2.6037576286686868
17,2,24,20,[   0  638 2094],0.09559504151339082,199.6027504689208,2.6037576286686868
18,2,24,40,[   0  638 2094],0.09559504151339082,199.6027504689208,2.6037576286686868
19,2,24,60,[   0  638 2094],0.09559504151339082,199.6027504689208,2.6037576286686868
20,2,25,0,[   0   97 1399 2094],0.06575884110816765,154.1600930607719,2.750557465085563
21,2,25,20,[   0   97 1399 2094],0.06575884110816765,154.1600930607719,2.750557465085563
22,2,25,40,[   0   97 1399 2094],0.06575884110816765,154.1600930607719,2.750557465085563
23,2,25,60,[   0   97 1399 2094],0.06575884110816765,154.1600930607719,2.750557465085563
24,2,26,0,[   0    6 2093 2094],0.15812825879720782,319.7159158954653,2.151251920363622
25,2,26,20,[   0    6 2094],0.15812825879720782,319.7159158954653,2.151251920363622
26,2,26,40,[   0    6 2094],0.15812825879720782,319.7159158954653,2.151251920363622
27,2,26,60,[   0    6 2094],0.15812825879720782,319.7159158954653,2.151251920363622
28,2,27,0,[   0    3 2093 2094],0.12619159943131017,309.9302197300639,2.29911281974446
29,2,27,20,[   0    3 2094],0.12619159943131017,309.9302197300639,2.29911281974446
30,2,27,40,[   0    3 2094],0.12619159943131017,309.9302197300639,2.29911281974446
31,2,27,60,[   0    3 2094],0.12619159943131017,309.9302197300639,2.29911281974446
32,2,28,0,[   0    6 1354 2094],0.09249717046238796,179.9978900388644,2.2931300604476643
33,2,28,20,[   0 1354 2094],0.09249717046238796,179.9978900388644,2.2931300604476643
34,2,28,40,[   0 1354 2094],0.09249717046238796,179.9978900388644,2.2931300604476643
35,2,28,60,[   0 1354 2094],0.09249717046238796,179.9978900388644,2.2931300604476643
36,2,29,0,[   0    2 2093 2094],0.12105863192335578,253.23343741791274,2.408145280499035
37,2,29,20,[   0    2 2094],0.12105863192335578,253.23343741791274,2.408145280499035
38,2,29,40,[   0    2 2094],0.12105863192335578,253.23343741791274,2.408145280499035
39,2,29,60,[   0    2 2094],0.12105863192335578,253.23343741791274,2.408145280499035
40,2,30,0,[   0   95 2090 2094],0.12135964623306353,291.24307003019345,2.282350981708614
41,2,30,20,[   0   95 2094],0.12135964623306353,291.24307003019345,2.282350981708614
42,2,30,40,[   0   95 2094],0.12135964623306353,291.24307003019345,2.282350981708614
43,2,30,60,[   0   95 2094],0.12135964623306353,291.24307003019345,2.282350981708614
44,2,31,0,[   0   97 2090 2094],0.12391395234476148,294.296418177031,2.2721887318780687
45,2,31,20,[   0   97 2094],0.12391395234476148,294.296418177031,2.2721887318780687
46,2,31,40,[   0   97 2094],0.12391395234476148,294.296418177031,2.2721887318780687
47,2,31,60,[   0   97 2094],0.12391395234476148,294.296418177031,2.2721887318780687
48,2,32,0,[   0    6 2089 2094],0.1431461846454361,285.36544868947885,2.1507237094882083
49,2,32,20,[   0    6 2094],0.1431461846454361,285.36544868947885,2.1507237094882083
50,2,32,40,[   0    6 2094],0.1431461846454361,285.36544868947885,2.1507237094882083
51,2,32,60,[   0    6 2094],0.1431461846454361,285.36544868947885,2.1507237094882083
52,2,33,0,[   0    6 2089 2094],0.14160777983359224,292.1521813591625,2.1014082209003604
53,2,33,20,[   0    6 2094],0.14160777983359224,292.1521813591625,2.1014082209003604
54,2,33,40,[   0    6 2094],0.14160777983359224,292.1521813591625,2.1014082209003604
55,2,33,60,[   0    6 2094],0.14160777983359224,292.1521813591625,2.1014082209003604
56,2,34,0,[   0    6 2089 2094],0.14558233919140143,306.91379857791907,2.0696104658227807
57,2,34,20,[   0    6 2094],0.14558233919140143,306.91379857791907,2.0696104658227807
58,2,34,40,[   0    6 2094],0.14558233919140143,306.91379857791907,2.0696104658227807
59,2,34,60,[   0    6 2094],0.14558233919140143,306.91379857791907,2.0696104658227807
60,2,35,0,[   0    6 2084 2094],0.1365357578405323,293.3486866045774,2.0696934368420665
61,2,35,20,[   0 2084 2094],0.1365357578405323,293.3486866045774,2.0696934368420665
62,2,35,40,[   0 2084 2094],0.1365357578405323,293.3486866045774,2.0696934368420665
63,2,35,60,[   0 2084 2094],0.1365357578405323,293.3486866045774,2.0696934368420665
64,2,36,0,[   0    6 2093 2094],0.1426613295275311,299.7019319196922,2.087366056837907
65,2,36,20,[   0    6 2094],0.1426613295275311,299.7019319196922,2.087366056837907
66,2,36,40,[   0    6 2094],0.1426613295275311,299.7019319196922,2.087366056837907
67,2,36,60,[   0    6 2094],0.1426613295275311,299.7019319196922,2.087366056837907
68,2,37,0,[   0    2 2093 2094],0.13063137239005507,318.88791476298036,2.3301800807910396
69,2,37,20,[   0    2 2094],0.13063137239005507,318.88791476298036,2.3301800807910396
70,2,37,40,[   0    2 2094],0.13063137239005507,318.88791476298036,2.3301800807910396
71,2,37,60,[   0    2 2094],0.13063137239005507,318.88791476298036,2.3301800807910396
72,2,38,0,[   0    2 2093 2094],0.13085918537935698,324.23938351000817,2.2830452877314413
73,2,38,20,[   0    2 2094],0.13085918537935698,324.23938351000817,2.2830452877314413
74,2,38,40,[   0    2 2094],0.13085918537935698,324.23938351000817,2.2830452877314413
75,2,38,60,[   0    2 2094],0.13085918537935698,324.23938351000817,2.2830452877314413
76,2,39,0,[   0    2 2093 2094],0.1353817960253001,333.5491536336326,2.2351153191026505
77,2,39,20,[   0    2 2094],0.1353817960253001,333.5491536336326,2.2351153191026505
78,2,39,40,[   0    2 2094],0.1353817960253001,333.5491536336326,2.2351153191026505
79,2,39,60,[   0    2 2094],0.1353817960253001,333.5491536336326,2.2351153191026505
80,2,40,0,[   0    2 2087 2094],0.13510403563320159,317.3497267001798,2.1534134302570926
81,2,40,20,[   0 2087 2094],0.13510403563320159,317.3497267001798,2.1534134302570926
82,2,40,40,[   0 2087 2094],0.13510403563320159,317.3497267001798,2.1534134302570926
83,2,40,60,[   0 2087 2094],0.13510403563320159,317.3497267001798,2.1534134302570926
84,2,41,0,[   0    6 2084 2094],0.13241068341296458,277.88733112031264,2.0399741591114258
85,2,41,20,[   0 2084 2094],0.13241068341296458,277.88733112031264,2.0399741591114258
86,2,41,40,[   0 2084 2094],0.13241068341296458,277.88733112031264,2.0399741591114258
87,2,41,60,[   0 2084 2094],0.13241068341296458,277.88733112031264,2.0399741591114258
88,2,42,0,[   0    6 2084 2094],0.13444062393747466,299.76240471413433,2.066782002119751
89,2,42,20,[   0 2084 2094],0.13444062393747466,299.76240471413433,2.066782002119751
90,2,42,40,[   0 2084 2094],0.13444062393747466,299.76240471413433,2.066782002119751
91,2,42,60,[   0 2084 2094],0.13444062393747466,299.76240471413433,2.066782002119751
92,2,43,0,[   0    2 2087 2094],0.12876984787019102,297.09493691091996,2.185137610770814
93,2,43,20,[   0 2087 2094],0.12876984787019102,297.09493691091996,2.185137610770814
94,2,43,40,[   0 2087 2094],0.12876984787019102,297.09493691091996,2.185137610770814
95,2,43,60,[   0 2087 2094],0.12876984787019102,297.09493691091996,2.185137610770814
96,2,44,0,[   0    2 2093 2094],0.13882649721664697,323.5097403894451,2.1091947675899307
97,2,44,20,[   0    2 2094],0.13882649721664697,323.5097403894451,2.1091947675899307
98,2,44,40,[   0    2 2094],0.13882649721664697,323.5097403894451,2.1091947675899307
99,2,44,60,[   0    2 2094],0.13882649721664697,323.5097403894451,2.1091947675899307
100,2,45,0,[   0    2 2090 2094],0.14854436496505258,329.2410579521515,2.0163253485713217
101,2,45,20,[   0 2090 2094],0.14854436496505258,329.2410579521515,2.0163253485713217
102,2,45,40,[   0 2090 2094],0.14854436496505258,329.2410579521515,2.0163253485713217
103,2,45,60,[   0 2090 2094],0.14854436496505258,329.2410579521515,2.0163253485713217
104,2,46,0,[   0    6 2093 2094],0.13894963624430076,304.54537204391323,2.0941161711332446
105,2,46,20,[   0    6 2094],0.13894963624430076,304.54537204391323,2.0941161711332446
106,2,46,40,[   0    6 2094],0.13894963624430076,304.54537204391323,2.0941161711332446
107,2,46,60,[   0    6 2094],0.13894963624430076,304.54537204391323,2.0941161711332446
108,2,47,0,[   0    6 2093 2094],0.14523952252981925,320.3661483428384,2.030003163868579
109,2,47,20,[   0    6 2094],0.14523952252981925,320.3661483428384,2.030003163868579
110,2,47,40,[   0    6 2094],0.14523952252981925,320.3661483428384,2.030003163868579
111,2,47,60,[   0    6 2094],0.14523952252981925,320.3661483428384,2.030003163868579
112,2,48,0,[   0    6 2093 2094],0.1485246206985175,324.0522742634226,2.0126083559605727
113,2,48,20,[   0    6 2094],0.1485246206985175,324.0522742634226,2.0126083559605727
114,2,48,40,[   0    6 2094],0.1485246206985175,324.0522742634226,2.0126083559605727
115,2,48,60,[   0    6 2094],0.1485246206985175,324.0522742634226,2.0126083559605727
116,2,49,0,[   0    6 2093 2094],0.14936906884675344,319.989946719381,1.9724712424372242
117,2,49,20,[   0    6 2094],0.14936906884675344,319.989946719381,1.9724712424372242
118,2,49,40,[   0    6 2094],0.14936906884675344,319.989946719381,1.9724712424372242
119,2,49,60,[   0    6 2094],0.14936906884675344,319.989946719381,1.9724712424372242
120,2,50,0,[   0    6 2093 2094],0.14886853188990617,317.8602814986646,1.982801629277996
121,2,50,20,[   0    6 2094],0.14886853188990617,317.8602814986646,1.982801629277996
122,2,50,40,[   0    6 2094],0.14886853188990617,317.8602814986646,1.982801629277996
123,2,50,60,[   0    6 2094],0.14886853188990617,317.8602814986646,1.982801629277996
124,3,20,0,[   0    2  401  665 2094],0.025019484976760126,104.9409155485505,4.296198062323323
125,3,20,20,[   0  401  665 2094],0.025019484976760126,104.9409155485505,4.296198062323323
126,3,20,40,[   0  401  665 2094],0.025019484976760126,104.9409155485505,4.296198062323323
127,3,20,60,[   0  401  665 2094],0.025019484976760126,104.9409155485505,4.296198062323323
128,3,21,0,[   0  401  442 2094],0.03520118085421898,129.3960551672208,4.361085739378814
129,3,21,20,[   0  401  442 2094],0.03520118085421898,129.3960551672208,4.361085739378814
130,3,21,40,[   0  401  442 2094],0.03520118085421898,129.3960551672208,4.361085739378814
131,3,21,60,[   0   97  442 1924 2094],0.03520118085421898,129.3960551672208,4.361085739378814
132,3,22,0,[   0  401  442 2094],0.040512835234356254,142.3606063648537,3.500784984106065
133,3,22,20,[   0  401  442 2094],0.040512835234356254,142.3606063648537,3.500784984106065
134,3,22,40,[   0  401  442 2094],0.040512835234356254,142.3606063648537,3.500784984106065
135,3,22,60,[   0  442 1924 2094],0.040512835234356254,142.3606063648537,3.500784984106065
136,3,23,0,[   0  432 1435 1978 2094],0.027895132008638544,115.694867112469,3.372219347350764
137,3,23,20,[   0  432 1435 1978 2094],0.027895132008638544,115.694867112469,3.372219347350764
138,3,23,40,[   0  432 1435 1978 2094],0.027895132008638544,115.694867112469,3.372219347350764
139,3,23,60,[   0  432 1435 1978 2094],0.027895132008638544,115.694867112469,3.372219347350764
140,3,24,0,[   0   97  612  638 2094],0.07504377159087472,159.76707246045183,6.655967616663858
141,3,24,20,[   0   97  612  638 2094],0.07504377159087472,159.76707246045183,6.655967616663858
142,3,24,40,[   0   97  638 2094],0.07504377159087472,159.76707246045183,6.655967616663858
143,3,24,60,[   0   97  638 2094],0.07504377159087472,159.76707246045183,6.655967616663858
144,3,25,0,[   0   97 1399 1435 2094],0.0652481870949079,159.0100986684994,7.803645710723134
145,3,25,20,[   0   97 1399 1435 2094],0.0652481870949079,159.0100986684994,7.803645710723134
146,3,25,40,[   0   97 1399 2094],0.0652481870949079,159.0100986684994,7.803645710723134
147,3,25,60,[   0   97 1399 2094],0.0652481870949079,159.0100986684994,7.803645710723134
148,3,26,0,[   0    6   97 1399 2093 2094],0.09312438640885727,224.76861317963713,2.6902961500262115
149,3,26,20,[   0   97 1399 2094],0.09312438640885727,224.76861317963713,2.6902961500262115
150,3,26,40,[   0   97 1399 2094],0.09312438640885727,224.76861317963713,2.6902961500262115
151,3,26,60,[   0   97 1399 2094],0.09312438640885727,224.76861317963713,2.6902961500262115
152,3,27,0,[   0    3  674 1362 2093 2094],0.05911661519419207,192.53778328709058,2.6884855675095167
153,3,27,20,[   0  674 1362 2094],0.05911661519419207,192.53778328709058,2.6884855675095167
154,3,27,40,[   0  674 1362 2094],0.05911661519419207,192.53778328709058,2.6884855675095167
155,3,27,60,[   0  674 1362 2094],0.05911661519419207,192.53778328709058,2.6884855675095167
156,3,28,0,[   0    6 1354 1382 1924 2094],0.0778868954393181,142.1237917582981,13.153843903202931
157,3,28,20,[   0 1354 1382 1924 2094],0.0778868954393181,142.1237917582981,13.153843903202931
158,3,28,40,[   0 1354 1924 2094],0.0778868954393181,142.1237917582981,13.153843903202931
159,3,28,60,[   0 1354 1924 2094],0.0778868954393181,142.1237917582981,13.153843903202931
160,3,29,0,[   0    2   97 1391 2094],0.07901495947239577,198.2429739031302,2.7404529598361447
161,3,29,20,[   0   97 1391 2094],0.07901495947239577,198.2429739031302,2.7404529598361447
162,3,29,40,[   0   97 1391 2094],0.07901495947239577,198.2429739031302,2.7404529598361447
163,3,29,60,[   0   97 1391 2094],0.07901495947239577,198.2429739031302,2.7404529598361447
164,3,30,0,[   0   95  901 2081 2090 2094],0.02026012579220978,214.05450667990564,2.5009236206609997
165,3,30,20,[   0   95  901 2094],0.02026012579220978,214.05450667990564,2.5009236206609997
166,3,30,40,[   0   95  901 2094],0.02026012579220978,214.05450667990564,2.5009236206609997
167,3,30,60,[   0   95  901 2094],0.02026012579220978,214.05450667990564,2.5009236206609997
168,3,31,0,[   0   97 1393 2087 2090 2094],0.040283064504770025,177.99612008605794,2.8729320898623976
169,3,31,20,[   0   97 1393 2094],0.040283064504770025,177.99612008605794,2.8729320898623976
170,3,31,40,[   0   97 1393 2094],0.040283064504770025,177.99612008605794,2.8729320898623976
171,3,31,60,[   0   97 1393 2094],0.040283064504770025,177.99612008605794,2.8729320898623976
172,3,32,0,[   0    6   59 2087 2089 2094],0.11662738638729586,278.0665200626019,2.2942112338548912
173,3,32,20,[   0   59 2094],0.11662738638729586,278.0665200626019,2.2942112338548912
174,3,32,40,[   0   59 2094],0.11662738638729586,278.0665200626019,2.2942112338548912
175,3,32,60,[   0   59 2094],0.11662738638729586,278.0665200626019,2.2942112338548912
176,3,33,0,[   0    2    6 1417 2089 2094],0.09422846200766197,232.97994327558675,2.514012274773267
177,3,33,20,[   0 1417 2094],0.09422846200766197,232.97994327558675,2.514012274773267
178,3,33,40,[   0 1417 2094],0.09422846200766197,232.97994327558675,2.514012274773267
179,3,33,60,[   0 1417 2094],0.09422846200766197,232.97994327558675,2.514012274773267
180,3,34,0,[   0    6  580 2089 2090 2094],0.1131547584353272,261.37996430489557,2.249023923433511
181,3,34,20,[   0  580 2094],0.1131547584353272,261.37996430489557,2.249023923433511
182,3,34,40,[   0  580 2094],0.1131547584353272,261.37996430489557,2.249023923433511
183,3,34,60,[   0  580 2094],0.1131547584353272,261.37996430489557,2.249023923433511
184,3,35,0,[   0  580 2084 2087 2094],0.1083441070075334,255.87165219896926,2.306124544510683
185,3,35,20,[   0  580 2094],0.1083441070075334,255.87165219896926,2.306124544510683
186,3,35,40,[   0  580 2094],0.1083441070075334,255.87165219896926,2.306124544510683
187,3,35,60,[   0  580 2094],0.1083441070075334,255.87165219896926,2.306124544510683
188,3,36,0,[   0    6   59 2087 2093 2094],0.12964410773918472,293.42759692145785,2.2331519278147383
189,3,36,20,[   0   59 2094],0.12964410773918472,293.42759692145785,2.2331519278147383
190,3,36,40,[   0   59 2094],0.12964410773918472,293.42759692145785,2.2331519278147383
191,3,36,60,[   0   59 2094],0.12964410773918472,293.42759692145785,2.2331519278147383
192,3,37,0,[   0    2    3 1655 2093 2094],0.13700539771329967,278.0398302161625,2.0729956776570644
193,3,37,20,[   0 1655 2094],0.13700539771329967,278.0398302161625,2.0729956776570644
194,3,37,40,[   0 1655 2094],0.13700539771329967,278.0398302161625,2.0729956776570644
195,3,37,60,[   0 1655 2094],0.13700539771329967,278.0398302161625,2.0729956776570644
196,3,38,0,[   0    2    3 1655 2093 2094],0.14035326560956785,289.4750912483342,2.040646910364552
197,3,38,20,[   0 1655 2094],0.14035326560956785,289.4750912483342,2.040646910364552
198,3,38,40,[   0 1655 2094],0.14035326560956785,289.4750912483342,2.040646910364552
199,3,38,60,[   0 1655 2094],0.14035326560956785,289.4750912483342,2.040646910364552
200,3,39,0,[   0    2    3 1472 2093 2094],0.14307628612715484,282.42197365313285,2.0117782325226825
201,3,39,20,[   0 1472 2094],0.14307628612715484,282.42197365313285,2.0117782325226825
202,3,39,40,[   0 1472 2094],0.14307628612715484,282.42197365313285,2.0117782325226825
203,3,39,60,[   0 1472 2094],0.14307628612715484,282.42197365313285,2.0117782325226825
204,3,40,0,[   0  442 2084 2087 2094],0.11857120579026396,290.1729475468888,2.101011248853697
205,3,40,20,[   0  442 2094],0.11857120579026396,290.1729475468888,2.101011248853697
206,3,40,40,[   0  442 2094],0.11857120579026396,290.1729475468888,2.101011248853697
207,3,40,60,[   0  442 2094],0.11857120579026396,290.1729475468888,2.101011248853697
208,3,41,0,[   0    2    6 1655 2084 2094],0.15244705003235154,265.54608304448715,1.8894257633686502
209,3,41,20,[   0 1655 2094],0.15244705003235154,265.54608304448715,1.8894257633686502
210,3,41,40,[   0 1655 2094],0.15244705003235154,265.54608304448715,1.8894257633686502
211,3,41,60,[   0 1655 2094],0.15244705003235154,265.54608304448715,1.8894257633686502
212,3,42,0,[   0    2    6 1655 2084 2094],0.15531531266198154,281.0928077169111,1.8873494741769843
213,3,42,20,[   0 1655 2094],0.15531531266198154,281.0928077169111,1.8873494741769843
214,3,42,40,[   0 1655 2094],0.15531531266198154,281.0928077169111,1.8873494741769843
215,3,42,60,[   0 1655 2094],0.15531531266198154,281.0928077169111,1.8873494741769843
216,3,43,0,[   0  442 2084 2087 2094],0.10939766528793787,275.1022184469162,2.1515931418888123
217,3,43,20,[   0  442 2094],0.10939766528793787,275.1022184469162,2.1515931418888123
218,3,43,40,[   0  442 2094],0.10939766528793787,275.1022184469162,2.1515931418888123
219,3,43,60,[   0  442 2094],0.10939766528793787,275.1022184469162,2.1515931418888123
220,3,44,0,[   0    2    3 2087 2093 2094],0.15703134011042405,330.6401825879521,1.9222631612882228
221,3,44,20,[   0 2087 2094],0.15703134011042405,330.6401825879521,1.9222631612882228
222,3,44,40,[   0 2087 2094],0.15703134011042405,330.6401825879521,1.9222631612882228
223,3,44,60,[   0 2087 2094],0.15703134011042405,330.6401825879521,1.9222631612882228
224,3,45,0,[   0    2    6 2090 2093 2094],0.14884428582664286,345.6301451593928,1.9348344076398443
225,3,45,20,[   0    6 2094],0.14884428582664286,345.6301451593928,1.9348344076398443
226,3,45,40,[   0    6 2094],0.14884428582664286,345.6301451593928,1.9348344076398443
227,3,45,60,[   0    6 2094],0.14884428582664286,345.6301451593928,1.9348344076398443
228,3,46,0,[   0    2    6 1655 2094],0.1595511922885065,286.6068139156289,1.9189856583324396
229,3,46,20,[   0 1655 2094],0.1595511922885065,286.6068139156289,1.9189856583324396
230,3,46,40,[   0 1655 2094],0.1595511922885065,286.6068139156289,1.9189856583324396
231,3,46,60,[   0 1655 2094],0.1595511922885065,286.6068139156289,1.9189856583324396
232,3,47,0,[   0    2    6 1655 2094],0.16440159694964745,289.3509236001894,1.8779523787997856
233,3,47,20,[   0 1655 2094],0.16440159694964745,289.3509236001894,1.8779523787997856
234,3,47,40,[   0 1655 2094],0.16440159694964745,289.3509236001894,1.8779523787997856
235,3,47,60,[   0 1655 2094],0.16440159694964745,289.3509236001894,1.8779523787997856
236,3,48,0,[   0    2    6 2090 2093 2094],0.14850284540871686,343.01383168057345,1.948320033109713
237,3,48,20,[   0    6 2094],0.14850284540871686,343.01383168057345,1.948320033109713
238,3,48,40,[   0    6 2094],0.14850284540871686,343.01383168057345,1.948320033109713
239,3,48,60,[   0    6 2094],0.14850284540871686,343.01383168057345,1.948320033109713
240,3,49,0,[   0    2    6 2087 2093 2094],0.17829239011887574,336.1224099143275,1.8300154235135864
241,3,49,20,[   0 2087 2094],0.17829239011887574,336.1224099143275,1.8300154235135864
242,3,49,40,[   0 2087 2094],0.17829239011887574,336.1224099143275,1.8300154235135864
243,3,49,60,[   0 2087 2094],0.17829239011887574,336.1224099143275,1.8300154235135864
244,3,50,0,[   0    2    6 1655 2094],0.1702286253906978,297.927237869723,1.8434368732361694
245,3,50,20,[   0 1655 2094],0.1702286253906978,297.927237869723,1.8434368732361694
246,3,50,40,[   0 1655 2094],0.1702286253906978,297.927237869723,1.8434368732361694
247,3,50,60,[   0 1655 2094],0.1702286253906978,297.927237869723,1.8434368732361694
248,4,20,0,[   0  401  432 2094],-0.016048677464733964,88.24714338808552,4.33265628408497
249,4,20,20,[   0  401  432 2094],-0.016048677464733964,88.24714338808552,4.33265628408497
250,4,20,40,[   0  401  501  665 2094],-0.016048677464733964,88.24714338808552,4.33265628408497
251,4,20,60,[   0  401  501  665 2094],-0.016048677464733964,88.24714338808552,4.33265628408497
252,4,21,0,[   0  401  432 2094],0.0006981241905627143,105.01950652300316,4.31895172558659
253,4,21,20,[   0  401  432 2094],0.0006981241905627143,105.01950652300316,4.31895172558659
254,4,21,40,[   0   97  401  501 1924 2094],0.0006981241905627143,105.01950652300316,4.31895172558659
255,4,21,60,[   0   97  401  501 1924 2094],0.0006981241905627143,105.01950652300316,4.31895172558659
256,4,22,0,[   0  401  442 2094],-0.007661378847021656,109.70630498681615,3.5679450838964044
257,4,22,20,[   0  401  442 2094],-0.007661378847021656,109.70630498681615,3.5679450838964044
258,4,22,40,[   0  401  442 2094],-0.007661378847021656,109.70630498681615,3.5679450838964044
259,4,22,60,[   0  442 1716 1924 2094],-0.007661378847021656,109.70630498681615,3.5679450838964044
260,4,23,0,[   0  432  901 1399 1435 2094],0.009034310798719558,112.72857526159703,4.183856052600413
261,4,23,20,[   0  432  901 1399 1435 2094],0.009034310798719558,112.72857526159703,4.183856052600413
262,4,23,40,[   0  432  901 1399 1978 2094],0.009034310798719558,112.72857526159703,4.183856052600413
263,4,23,60,[   0  432  901 1399 1978 2094],0.009034310798719558,112.72857526159703,4.183856052600413
264,4,24,0,[   0   97  612  638  901 1362 2093 2094],-0.005346428832794348,113.41301146039042,8.563108323145737
265,4,24,20,[   0   97  612  638  901 1362 2094],-0.005346428832794348,113.41301146039042,8.563108323145737
266,4,24,40,[   0   97  612  901 1362 2094],-0.005346428832794348,113.41301146039042,8.563108323145737
267,4,24,60,[   0   97  612  901 1362 2094],-0.005346428832794348,113.41301146039042,8.563108323145737
268,4,25,0,[   0   97 1064 1399 1435 2087 2094],0.008114713432456226,134.87935931376146,6.920276401593284
269,4,25,20,[   0   97 1064 1399 1435 2094],0.008114713432456226,134.87935931376146,6.920276401593284
270,4,25,40,[   0   97 1064 1399 2094],0.008114713432456226,134.87935931376146,6.920276401593284
271,4,25,60,[   0   97 1064 1399 2094],0.008114713432456226,134.87935931376146,6.920276401593284
272,4,26,0,[   0   97 1399 1454 2094],0.08809899132842301,193.95336746941612,4.116676313063248
273,4,26,20,[   0   97 1399 1454 2094],0.08809899132842301,193.95336746941612,4.116676313063248
274,4,26,40,[   0   97 1399 1454 2094],0.08809899132842301,193.95336746941612,4.116676313063248
275,4,26,60,[   0   97 1454 1942 2094],0.08809899132842301,193.95336746941612,4.116676313063248
276,4,27,0,[   0    3    6  644  674 1362 2093 2094],0.05857530167467938,162.6923115055208,6.881233449753691
277,4,27,20,[   0  644  674 1362 2094],0.05857530167467938,162.6923115055208,6.881233449753691
278,4,27,40,[   0  674 1362 2094],0.05857530167467938,162.6923115055208,6.881233449753691
279,4,27,60,[   0  674 1362 2094],0.05857530167467938,162.6923115055208,6.881233449753691
280,4,28,0,[   0    6  580 1354 1382 1399 1924 2094],0.016322989563281442,123.41791255385455,10.801727966789313
281,4,28,20,[   0  580 1354 1399 1924 2094],0.016322989563281442,123.41791255385455,10.801727966789313
282,4,28,40,[   0  580 1354 1399 1924 2094],0.016322989563281442,123.41791255385455,10.801727966789313
283,4,28,60,[   0  580 1399 1924 2094],0.016322989563281442,123.41791255385455,10.801727966789313
284,4,29,0,[   0    2   97 1391 1430 2087 2094],0.07754452901044055,193.45568653566318,8.55922373347194
285,4,29,20,[   0   97 1391 1430 2094],0.07754452901044055,193.45568653566318,8.55922373347194
286,4,29,40,[   0   97 1391 2094],0.07754452901044055,193.45568653566318,8.55922373347194
287,4,29,60,[   0   97 1391 2094],0.07754452901044055,193.45568653566318,8.55922373347194
288,4,30,0,[   0    2   95  383  901 2081 2090 2094],-0.01921391547700015,169.99724320040366,6.469995553398386
289,4,30,20,[   0   95  383  901 2094],-0.01921391547700015,169.99724320040366,6.469995553398386
290,4,30,40,[   0   95  383  901 2094],-0.01921391547700015,169.99724320040366,6.469995553398386
291,4,30,60,[   0   95  383  901 2094],-0.01921391547700015,169.99724320040366,6.469995553398386
292,4,31,0,[   0   97  897 1354 1393 2087 2090 2094],0.01889834882509984,145.8645537637492,3.934436697221254
293,4,31,20,[   0   97  897 1354 1393 2094],0.01889834882509984,145.8645537637492,3.934436697221254
294,4,31,40,[   0   97  897 1393 2094],0.01889834882509984,145.8645537637492,3.934436697221254
295,4,31,60,[   0   97  897 1393 2094],0.01889834882509984,145.8645537637492,3.934436697221254
296,4,32,0,[   0   59  436  661 2087 2089 2094],0.10333567450294724,219.40706396872847,2.155653884543539
297,4,32,20,[   0   59  436  661 2094],0.10333567450294724,219.40706396872847,2.155653884543539
298,4,32,40,[   0   59  436  661 2094],0.10333567450294724,219.40706396872847,2.155653884543539
299,4,32,60,[   0  436  661 2094],0.10333567450294724,219.40706396872847,2.155653884543539
300,4,33,0,[   0    2    6 1417 1454 2090 2094],0.09088950994049477,222.62220365292407,3.5723769795081495
301,4,33,20,[   0 1417 1454 2094],0.09088950994049477,222.62220365292407,3.5723769795081495
302,4,33,40,[   0 1454 2094],0.09088950994049477,222.62220365292407,3.5723769795081495
303,4,33,60,[   0 1454 2094],0.09088950994049477,222.62220365292407,3.5723769795081495
304,4,34,0,[   0    2    6  530  580 2090 2094],0.10092264239511797,227.05184873558497,8.16806568384348
305,4,34,20,[   0  530  580 2094],0.10092264239511797,227.05184873558497,8.16806568384348
306,4,34,40,[   0  530  580 2094],0.10092264239511797,227.05184873558497,8.16806568384348
307,4,34,60,[   0  530 2094],0.10092264239511797,227.05184873558497,8.16806568384348
308,4,35,0,[   0   59  580  984 2084 2087 2094],0.10892992179139646,218.8746417460718,2.219092953177518
309,4,35,20,[   0   59  580  984 2094],0.10892992179139646,218.8746417460718,2.219092953177518
310,4,35,40,[   0   59  580  984 2094],0.10892992179139646,218.8746417460718,2.219092953177518
311,4,35,60,[   0  580  984 2094],0.10892992179139646,218.8746417460718,2.219092953177518
312,4,36,0,[   0    6   59  439  984 2087 2094],0.11105403869409618,234.3581787504535,2.1676203383413064
313,4,36,20,[   0   59  439  984 2094],0.11105403869409618,234.3581787504535,2.1676203383413064
314,4,36,40,[   0   59  439  984 2094],0.11105403869409618,234.3581787504535,2.1676203383413064
315,4,36,60,[   0  439  984 2094],0.11105403869409618,234.3581787504535,2.1676203383413064
316,4,37,0,[   0    2    3  442 1655 2087 2093 2094],0.10955606933615436,262.59597597399824,2.0424422247283855
317,4,37,20,[   0  442 1655 2094],0.10955606933615436,262.59597597399824,2.0424422247283855
318,4,37,40,[   0  442 1655 2094],0.10955606933615436,262.59597597399824,2.0424422247283855
319,4,37,60,[   0  442 1655 2094],0.10955606933615436,262.59597597399824,2.0424422247283855
320,4,38,0,[   0    2    3  442 1655 2087 2093 2094],0.11145485748554448,271.9123179149381,1.9637575978839408
321,4,38,20,[   0  442 1655 2094],0.11145485748554448,271.9123179149381,1.9637575978839408
322,4,38,40,[   0  442 1655 2094],0.11145485748554448,271.9123179149381,1.9637575978839408
323,4,38,60,[   0  442 1655 2094],0.11145485748554448,271.9123179149381,1.9637575978839408
324,4,39,0,[   0    2    3  442 1472 2087 2093 2094],0.11312725817050312,264.4820880397203,2.0137396663698275
325,4,39,20,[   0  442 1472 2094],0.11312725817050312,264.4820880397203,2.0137396663698275
326,4,39,40,[   0  442 1472 2094],0.11312725817050312,264.4820880397203,2.0137396663698275
327,4,39,60,[   0  442 1472 2094],0.11312725817050312,264.4820880397203,2.0137396663698275
328,4,40,0,[   0  442 1655 2084 2087 2094],0.12294982398563292,280.9181955728283,1.9382643241338515
329,4,40,20,[   0  442 1655 2094],0.12294982398563292,280.9181955728283,1.9382643241338515
330,4,40,40,[   0  442 1655 2094],0.12294982398563292,280.9181955728283,1.9382643241338515
331,4,40,60,[   0  442 1655 2094],0.12294982398563292,280.9181955728283,1.9382643241338515
332,4,41,0,[   0    2    6  580 1655 2084 2087 2094],0.11347106892353702,255.05707000276192,2.1156330622384374
333,4,41,20,[   0  580 1655 2094],0.11347106892353702,255.05707000276192,2.1156330622384374
334,4,41,40,[   0  580 1655 2094],0.11347106892353702,255.05707000276192,2.1156330622384374
335,4,41,60,[   0  580 1655 2094],0.11347106892353702,255.05707000276192,2.1156330622384374
336,4,42,0,[   0    2    6  580 1655 2084 2087 2094],0.11725442094660965,262.9856476585543,2.143082498892258
337,4,42,20,[   0  580 1655 2094],0.11725442094660965,262.9856476585543,2.143082498892258
338,4,42,40,[   0  580 1655 2094],0.11725442094660965,262.9856476585543,2.143082498892258
339,4,42,60,[   0  580 1655 2094],0.11725442094660965,262.9856476585543,2.143082498892258
340,4,43,0,[   0  442 1655 2084 2087 2094],0.11821991009669132,275.2722649157596,1.9717671318546113
341,4,43,20,[   0  442 1655 2094],0.11821991009669132,275.2722649157596,1.9717671318546113
342,4,43,40,[   0  442 1655 2094],0.11821991009669132,275.2722649157596,1.9717671318546113
343,4,43,60,[   0  442 1655 2094],0.11821991009669132,275.2722649157596,1.9717671318546113
344,4,44,0,[   0  442 2072 2087 2094],0.12563816113888757,319.7349399964361,1.843178554129533
345,4,44,20,[   0  442 2072 2094],0.12563816113888757,319.7349399964361,1.843178554129533
346,4,44,40,[   0  442 2094],0.12563816113888757,319.7349399964361,1.843178554129533
347,4,44,60,[   0  442 2094],0.12563816113888757,319.7349399964361,1.843178554129533
348,4,45,0,[   0    2    3    6 2087 2090 2093 2094],0.1588813507181309,377.71472358613545,1.6396020431901446
349,4,45,20,[   0 2087 2094],0.1588813507181309,377.71472358613545,1.6396020431901446
350,4,45,40,[   0 2087 2094],0.1588813507181309,377.71472358613545,1.6396020431901446
351,4,45,60,[   0 2087 2094],0.1588813507181309,377.71472358613545,1.6396020431901446
352,4,46,0,[   0    2    3    6 1390 1655 2094],0.12483123877468846,265.86830886567606,1.959454894957598
353,4,46,20,[   0 1390 1655 2094],0.12483123877468846,265.86830886567606,1.959454894957598
354,4,46,40,[   0 1390 1655 2094],0.12483123877468846,265.86830886567606,1.959454894957598
355,4,46,60,[   0 1390 1655 2094],0.12483123877468846,265.86830886567606,1.959454894957598
356,4,47,0,[   0    2    3    6 1390 1655 2094],0.12650183078170074,269.2508851260978,1.987242580517568
357,4,47,20,[   0 1390 1655 2094],0.12650183078170074,269.2508851260978,1.987242580517568
358,4,47,40,[   0 1390 1655 2094],0.12650183078170074,269.2508851260978,1.987242580517568
359,4,47,60,[   0 1390 1655 2094],0.12650183078170074,269.2508851260978,1.987242580517568
360,4,48,0,[   0    2    3    6 1655 2090 2093 2094],0.1549467241529564,332.7486153126578,1.7629086501214153
361,4,48,20,[   0 1655 2094],0.1549467241529564,332.7486153126578,1.7629086501214153
362,4,48,40,[   0 1655 2094],0.1549467241529564,332.7486153126578,1.7629086501214153
363,4,48,60,[   0 1655 2094],0.1549467241529564,332.7486153126578,1.7629086501214153
364,4,49,0,[   0    2    6  580 2087 2090 2093 2094],0.1371668467140138,311.97215573549306,1.9211653782298028
365,4,49,20,[   0  580 2094],0.1371668467140138,311.97215573549306,1.9211653782298028
366,4,49,40,[   0  580 2094],0.1371668467140138,311.97215573549306,1.9211653782298028
367,4,49,60,[   0  580 2094],0.1371668467140138,311.97215573549306,1.9211653782298028
368,4,50,0,[   0    2    6  580 1655 2087 2093 2094],0.1258758196575882,276.151022040643,2.053778162975425
369,4,50,20,[   0  580 1655 2094],0.1258758196575882,276.151022040643,2.053778162975425
370,4,50,40,[   0  580 1655 2094],0.1258758196575882,276.151022040643,2.053778162975425
371,4,50,60,[   0  580 1655 2094],0.1258758196575882,276.151022040643,2.053778162975425
372,5,20,0,[   0  401  432 2094],-0.0199441346214275,73.56877304717813,7.574618293399746
373,5,20,20,[   0  401  432 2094],-0.0199441346214275,73.56877304717813,7.574618293399746
374,5,20,40,[   0  401  501  665  866 2094],-0.0199441346214275,73.56877304717813,7.574618293399746
375,5,20,60,[   0  401  501  665  866 2094],-0.0199441346214275,73.56877304717813,7.574618293399746
376,5,21,0,[   0  401  432 2094],-0.0016873166098680331,92.28949660406778,5.364645639672089
377,5,21,20,[   0  401  432 2094],-0.0016873166098680331,92.28949660406778,5.364645639672089
378,5,21,40,[   0   97  401  501 1716 1924 2094],-0.0016873166098680331,92.28949660406778,5.364645639672089
379,5,21,60,[   0   97  401  501 1716 1924 2094],-0.0016873166098680331,92.28949660406778,5.364645639672089
380,5,22,0,[   0  401  442 2094],-0.006982732190087899,101.76870296548906,4.62824653537221
381,5,22,20,[   0  401  442 2094],-0.006982732190087899,101.76870296548906,4.62824653537221
382,5,22,40,[   0  401  442 2094],-0.006982732190087899,101.76870296548906,4.62824653537221
383,5,22,60,[   0  442  901 1399 1716 1924 2094],-0.006982732190087899,101.76870296548906,4.62824653537221
384,5,23,0,[   0  401  432 1399 1435 2094],0.008862367709957557,113.60300656925551,8.127689902183324
385,5,23,20,[   0  401  432 1399 1435 2094],0.008862367709957557,113.60300656925551,8.127689902183324
386,5,23,40,[   0   97  432  901 1399 1978 2094],0.008862367709957557,113.60300656925551,8.127689902183324
387,5,23,60,[   0   97  432  901 1399 1978 2094],0.008862367709957557,113.60300656925551,8.127689902183324
388,5,24,0,[   0   97  448  612  866  901 2094],-0.017870502362537417,107.89625532331071,12.493215237499296
389,5,24,20,[   0   97  448  612  866  901 2094],-0.017870502362537417,107.89625532331071,12.493215237499296
390,5,24,40,[   0   97  448  612  866 2094],-0.017870502362537417,107.89625532331071,12.493215237499296
391,5,24,60,[   0   97  448  612  866 2094],-0.017870502362537417,107.89625532331071,12.493215237499296
392,5,25,0,[   0   97  897 1032 1064 1399 1435 2087 2094],-0.014012686054468655,115.52051251604719,6.964344316708109
393,5,25,20,[   0   97  897 1032 1064 1399 1435 2094],-0.014012686054468655,115.52051251604719,6.964344316708109
394,5,25,40,[   0   97  897 1032 1399 2094],-0.014012686054468655,115.52051251604719,6.964344316708109
395,5,25,60,[   0   97  897 1032 1399 2094],-0.014012686054468655,115.52051251604719,6.964344316708109
396,5,26,0,[   0   59   97  294 1399 1454 2094],0.08435859109367,161.3943757359627,3.6280225059978704
397,5,26,20,[   0   59   97  294 1399 1454 2094],0.08435859109367,161.3943757359627,3.6280225059978704
398,5,26,40,[   0   59  294 1399 1454 2094],0.08435859109367,161.3943757359627,3.6280225059978704
399,5,26,60,[   0  294 1399 1942 2094],0.08435859109367,161.3943757359627,3.6280225059978704
400,5,27,0,[   0    3    6  644  674 1362 1393 2087 2094],0.06753598235105769,156.58540716706165,7.450411230009659
401,5,27,20,[   0  644  674 1362 1393 2094],0.06753598235105769,156.58540716706165,7.450411230009659
402,5,27,40,[   0  674 1393 2094],0.06753598235105769,156.58540716706165,7.450411230009659
403,5,27,60,[   0  674 1393 2094],0.06753598235105769,156.58540716706165,7.450411230009659
404,5,28,0,[   0    6  580 1354 1382 1399 1429 1924 1935 2094],0.020727348917190903,115.65162942769037,11.6097814449402
405,5,28,20,[   0  580 1354 1399 1429 1924 2094],0.020727348917190903,115.65162942769037,11.6097814449402
406,5,28,40,[   0  580 1354 1399 1924 2094],0.020727348917190903,115.65162942769037,11.6097814449402
407,5,28,60,[   0  580 1399 1924 2094],0.020727348917190903,115.65162942769037,11.6097814449402
408,5,29,0,[   0    2   97 1075 1239 1391 1430 2087 2094],0.07248286038212771,154.93042389985217,7.204384524246689
409,5,29,20,[   0   97 1075 1239 1391 1430 2094],0.07248286038212771,154.93042389985217,7.204384524246689
410,5,29,40,[   0   97 1075 1239 1430 2094],0.07248286038212771,154.93042389985217,7.204384524246689
411,5,29,60,[   0   97 1075 1239 1430 2094],0.07248286038212771,154.93042389985217,7.204384524246689
412,5,30,0,[   0  383  432  866  901 2094],-0.007114531424443936,151.71401330296953,5.894587513126616
413,5,30,20,[   0  383  432  866  901 2094],-0.007114531424443936,151.71401330296953,5.894587513126616
414,5,30,40,[   0  383  432  866 2094],-0.007114531424443936,151.71401330296953,5.894587513126616
415,5,30,60,[   0   95  432  866 2094],-0.007114531424443936,151.71401330296953,5.894587513126616
416,5,31,0,[   0   97  432  866  897 1354 1393 2087 2090 2094],0.007204948781272342,128.2404672412043,6.3909801046546315
417,5,31,20,[   0   97  432  866  897 1354 1393 2094],0.007204948781272342,128.2404672412043,6.3909801046546315
418,5,31,40,[   0   97  432  866 1393 2094],0.007204948781272342,128.2404672412043,6.3909801046546315
419,5,31,60,[   0   97  432  866 1393 2094],0.007204948781272342,128.2404672412043,6.3909801046546315
420,5,32,0,[   0  383  436  661 2094],0.014349369273676351,187.30873347073788,3.1756971868790487
421,5,32,20,[   0  383  436  661 2094],0.014349369273676351,187.30873347073788,3.1756971868790487
422,5,32,40,[   0  383  436  661 2094],0.014349369273676351,187.30873347073788,3.1756971868790487
423,5,32,60,[   0  436  661 2094],0.014349369273676351,187.30873347073788,3.1756971868790487
424,5,33,0,[   0    2    6  901 1417 1454 2082 2089 2090 2094],0.002196790820326514,186.34560637130897,3.6955499719456433
425,5,33,20,[   0  901 1417 1454 2094],0.002196790820326514,186.34560637130897,3.6955499719456433
426,5,33,40,[   0  901 1454 2094],0.002196790820326514,186.34560637130897,3.6955499719456433
427,5,33,60,[   0  901 1454 2094],0.002196790820326514,186.34560637130897,3.6955499719456433
428,5,34,0,[   0    2    6   59  530  580  749 2090 2094],0.1020608385310039,204.01246280067596,6.899694001030329
429,5,34,20,[   0   59  530  580  749 2094],0.1020608385310039,204.01246280067596,6.899694001030329
430,5,34,40,[   0   59  530  580  749 2094],0.1020608385310039,204.01246280067596,6.899694001030329
431,5,34,60,[   0  530  749 2094],0.1020608385310039,204.01246280067596,6.899694001030329
432,5,35,0,[   0   59  234  530  580  984 2084 2087 2094],0.10216525042849534,196.5772873630231,3.289972994216291
433,5,35,20,[   0   59  234  530  580  984 2094],0.10216525042849534,196.5772873630231,3.289972994216291
434,5,35,40,[   0   59  234  530  580  984 2094],0.10216525042849534,196.5772873630231,3.289972994216291
435,5,35,60,[   0  234  530  984 2094],0.10216525042849534,196.5772873630231,3.289972994216291
436,5,36,0,[   0    6   59  439  984 1021 1524 2087 2094],0.09494661518516966,201.26363088386998,6.3540374402494715
437,5,36,20,[   0   59  439  984 1021 1524 2094],0.09494661518516966,201.26363088386998,6.3540374402494715
438,5,36,40,[   0   59  439  984 1524 2094],0.09494661518516966,201.26363088386998,6.3540374402494715
439,5,36,60,[   0  439  984 1524 2094],0.09494661518516966,201.26363088386998,6.3540374402494715
440,5,37,0,[   0  398  442 2094],0.09582774413728448,231.65366404681612,3.6255113172098605
441,5,37,20,[   0  398  442 2094],0.09582774413728448,231.65366404681612,3.6255113172098605
442,5,37,40,[   0  398  442 2094],0.09582774413728448,231.65366404681612,3.6255113172098605
443,5,37,60,[   0  442 1655 2094],0.09582774413728448,231.65366404681612,3.6255113172098605
444,5,38,0,[   0  398  442 2094],0.09406058091879452,234.98144500119542,5.306802556977045
445,5,38,20,[   0  398  442 2094],0.09406058091879452,234.98144500119542,5.306802556977045
446,5,38,40,[   0  398  442 2094],0.09406058091879452,234.98144500119542,5.306802556977045
447,5,38,60,[   0  442 1655 2094],0.09406058091879452,234.98144500119542,5.306802556977045
448,5,39,0,[   0  398  442 2094],0.09659546562333927,230.0534171295314,5.744079590631737
449,5,39,20,[   0  398  442 2094],0.09659546562333927,230.0534171295314,5.744079590631737
450,5,39,40,[   0  398  442 2094],0.09659546562333927,230.0534171295314,5.744079590631737
451,5,39,60,[   0  442 1472 2094],0.09659546562333927,230.0534171295314,5.744079590631737
452,5,40,0,[   0  398  442 2084 2087 2094],0.10587597894089018,245.04508000473817,4.798129824053578
453,5,40,20,[   0  398  442 2094],0.10587597894089018,245.04508000473817,4.798129824053578
454,5,40,40,[   0  398  442 2094],0.10587597894089018,245.04508000473817,4.798129824053578
455,5,40,60,[   0  442 1655 2094],0.10587597894089018,245.04508000473817,4.798129824053578
456,5,41,0,[   0    2    6  530  580 1655 2084 2087 2094],0.10930192887050265,241.18444860084387,4.10574336517614
457,5,41,20,[   0  530  580 1655 2094],0.10930192887050265,241.18444860084387,4.10574336517614
458,5,41,40,[   0  530  580 1655 2094],0.10930192887050265,241.18444860084387,4.10574336517614
459,5,41,60,[   0  530 1655 2094],0.10930192887050265,241.18444860084387,4.10574336517614
460,5,42,0,[   0    2    6  530  580 1655 2084 2087 2094],0.11070323281371558,253.84489830598125,3.4378768679449863
461,5,42,20,[   0  530  580 1655 2094],0.11070323281371558,253.84489830598125,3.4378768679449863
462,5,42,40,[   0  530  580 1655 2094],0.11070323281371558,253.84489830598125,3.4378768679449863
463,5,42,60,[   0  530 1655 2094],0.11070323281371558,253.84489830598125,3.4378768679449863
464,5,43,0,[   0  398  442 2084 2087 2094],0.10145214156689901,239.4544172832682,4.713243657043049
465,5,43,20,[   0  398  442 2094],0.10145214156689901,239.4544172832682,4.713243657043049
466,5,43,40,[   0  398  442 2094],0.10145214156689901,239.4544172832682,4.713243657043049
467,5,43,60,[   0  442 1655 2094],0.10145214156689901,239.4544172832682,4.713243657043049
468,5,44,0,[   0  398  442 2072 2087 2094],0.10854076263622423,275.72745569718944,5.052005448531761
469,5,44,20,[   0  398  442 2094],0.10854076263622423,275.72745569718944,5.052005448531761
470,5,44,40,[   0  398  442 2094],0.10854076263622423,275.72745569718944,5.052005448531761
471,5,44,60,[   0  442 2094],0.10854076263622423,275.72745569718944,5.052005448531761
472,5,45,0,[   0    2    3    6 1173 2083 2087 2090 2094],0.07957651232238558,300.738789054817,2.240332929683505
473,5,45,20,[   0 1173 2094],0.07957651232238558,300.738789054817,2.240332929683505
474,5,45,40,[   0 1173 2094],0.07957651232238558,300.738789054817,2.240332929683505
475,5,45,60,[   0 1173 2094],0.07957651232238558,300.738789054817,2.240332929683505
476,5,46,0,[   0    2    6 1390 1454 1655 2087 2094],0.1263742018623183,255.52808148263713,3.505138132680681
477,5,46,20,[   0 1390 1454 2094],0.1263742018623183,255.52808148263713,3.505138132680681
478,5,46,40,[   0 1390 1454 2094],0.1263742018623183,255.52808148263713,3.505138132680681
479,5,46,60,[   0 1390 1454 2094],0.1263742018623183,255.52808148263713,3.505138132680681
480,5,47,0,[   0    2    6 1390 1454 1655 2087 2094],0.12826636909903938,258.8037176962945,4.281603673255025
481,5,47,20,[   0 1390 1454 2094],0.12826636909903938,258.8037176962945,4.281603673255025
482,5,47,40,[   0 1390 1454 2094],0.12826636909903938,258.8037176962945,4.281603673255025
483,5,47,60,[   0 1390 1454 2094],0.12826636909903938,258.8037176962945,4.281603673255025
484,5,48,0,[   0    2    3    6 1655 1714 2087 2090 2093 2094],0.15324848294849822,280.5967423827995,5.946891964147923
485,5,48,20,[   0 1655 1714 2094],0.15324848294849822,280.5967423827995,5.946891964147923
486,5,48,40,[   0 1655 1714 2094],0.15324848294849822,280.5967423827995,5.946891964147923
487,5,48,60,[   0 1714 2094],0.15324848294849822,280.5967423827995,5.946891964147923
488,5,49,0,[   0    2    6  530  580 2087 2090 2094],0.13263244833977536,289.3621852322783,4.377304227393222
489,5,49,20,[   0  530  580 2094],0.13263244833977536,289.3621852322783,4.377304227393222
490,5,49,40,[   0  530  580 2094],0.13263244833977536,289.3621852322783,4.377304227393222
491,5,49,60,[   0  530 2094],0.13263244833977536,289.3621852322783,4.377304227393222
492,5,50,0,[   0    2    6  530  580 1655 2087 2094],0.11933345764705924,259.08870316637797,3.810037100772553
493,5,50,20,[   0  530  580 1655 2094],0.11933345764705924,259.08870316637797,3.810037100772553
494,5,50,40,[   0  530  580 1655 2094],0.11933345764705924,259.08870316637797,3.810037100772553
495,5,50,60,[   0  530 1655 2094],0.11933345764705924,259.08870316637797,3.810037100772553
496,6,20,0,[   0  401  432  866  901 2094],-0.046231155281194626,67.41993464527616,7.422095923461327
497,6,20,20,[   0  401  432  866  901 2094],-0.046231155281194626,67.41993464527616,7.422095923461327
498,6,20,40,[   0  401  501  665  866 1242 2094],-0.046231155281194626,67.41993464527616,7.422095923461327
499,6,20,60,[   0  401  501  665  866 1242 2094],-0.046231155281194626,67.41993464527616,7.422095923461327
500,6,21,0,[   0  401  432 2094],-0.08358042304385117,78.56396421821309,4.956910272287769
501,6,21,20,[   0  401  432 2094],-0.08358042304385117,78.56396421821309,4.956910272287769
502,6,21,40,[   0   97  401  501  901 1241 1716 1924 2094],-0.08358042304385117,78.56396421821309,4.956910272287769
503,6,21,60,[   0   97  401  501  901 1241 1716 1924 2094],-0.08358042304385117,78.56396421821309,4.956910272287769
504,6,22,0,[   0  401  442  866  901 2094],-0.01178667165658049,87.41024501372233,6.057121292396091
505,6,22,20,[   0  401  442  866  901 2094],-0.01178667165658049,87.41024501372233,6.057121292396091
506,6,22,40,[   0  401  442  866 2094],-0.01178667165658049,87.41024501372233,6.057121292396091
507,6,22,60,[   0  442  580  866 1399 1716 1924 2094],-0.01178667165658049,87.41024501372233,6.057121292396091
508,6,23,0,[   0  401  432  866  901 1399 1435 2094],0.008484279081788445,115.6265183969984,7.867212957516212
509,6,23,20,[   0  401  432  866  901 1399 1435 2094],0.008484279081788445,115.6265183969984,7.867212957516212
510,6,23,40,[   0   97  432  866 1399 2094],0.008484279081788445,115.6265183969984,7.867212957516212
511,6,23,60,[   0   97  432  866 1399 2094],0.008484279081788445,115.6265183969984,7.867212957516212
512,6,24,0,[   0   97  448  612  866  901 1362 1393 1924 2094],-0.02643963480984536,104.85409400330796,9.7602418321336
513,6,24,20,[   0   97  448  612  866  901 1362 1393 1924 2094],-0.02643963480984536,104.85409400330796,9.7602418321336
514,6,24,40,[   0   97  448  612  866 1393 1924 2094],-0.02643963480984536,104.85409400330796,9.7602418321336
515,6,24,60,[   0   97  448  612  866 1393 1924 2094],-0.02643963480984536,104.85409400330796,9.7602418321336
516,6,25,0,[   0   97  442  866  897 1032 1399 1435 2087 2094],-0.025857277305465356,110.88384789279085,9.563923555936892
517,6,25,20,[   0   97  442  866  897 1032 1399 1435 2094],-0.025857277305465356,110.88384789279085,9.563923555936892
518,6,25,40,[   0   97  442  866 1032 1399 2094],-0.025857277305465356,110.88384789279085,9.563923555936892
519,6,25,60,[   0   97  442  866 1032 1399 2094],-0.025857277305465356,110.88384789279085,9.563923555936892
520,6,26,0,[   0   59   97  294 1399 1454 1942 1968 2087 2094],0.08452906508089549,140.0911750591688,4.22284324773351
521,6,26,20,[   0   59   97  294 1399 1454 1942 1968 2094],0.08452906508089549,140.0911750591688,4.22284324773351
522,6,26,40,[   0   59  294 1399 1454 1968 2094],0.08452906508089549,140.0911750591688,4.22284324773351
523,6,26,60,[   0  294 1399 1968 2094],0.08452906508089549,140.0911750591688,4.22284324773351
524,6,27,0,[   0    3    6   59  275  644  674 1362 1393 2087 2094],0.060877110081394833,136.40943291020437,6.522890745835846
525,6,27,20,[   0   59  275  644  674 1362 1393 2094],0.060877110081394833,136.40943291020437,6.522890745835846
526,6,27,40,[   0   59  275  674 1393 2094],0.060877110081394833,136.40943291020437,6.522890745835846
527,6,27,60,[   0  275  674 1393 2094],0.060877110081394833,136.40943291020437,6.522890745835846
528,6,28,0,[   0   95  530  580 1354 1382 1399 1429 1924 1935 2094],0.03309864992304325,114.57152869363817,12.689520681118111
529,6,28,20,[   0   95  530  580 1354 1399 1429 2094],0.03309864992304325,114.57152869363817,12.689520681118111
530,6,28,40,[   0   95  530  580 1354 1399 1924 2094],0.03309864992304325,114.57152869363817,12.689520681118111
531,6,28,60,[   0   95  530 1399 1924 2094],0.03309864992304325,114.57152869363817,12.689520681118111
532,6,29,0,[   0    2   97 1075 1239 1268 1391 1430 1524 2087 2094],0.0715303271759789,132.53860268886712,7.9299809308172735
533,6,29,20,[   0   97 1075 1239 1268 1391 1430 1524 2094],0.0715303271759789,132.53860268886712,7.9299809308172735
534,6,29,40,[   0   97 1075 1268 1391 1524 2094],0.0715303271759789,132.53860268886712,7.9299809308172735
535,6,29,60,[   0   97 1075 1268 1391 1524 2094],0.0715303271759789,132.53860268886712,7.9299809308172735
536,6,30,0,[   0  383  432  866  901 2094],-0.007225233120844899,132.57356963250655,5.244479490650374
537,6,30,20,[   0  383  432  866  901 2094],-0.007225233120844899,132.57356963250655,5.244479490650374
538,6,30,40,[   0  383  432  866 2094],-0.007225233120844899,132.57356963250655,5.244479490650374
539,6,30,60,[   0   95  296  432  866 2094],-0.007225233120844899,132.57356963250655,5.244479490650374
540,6,31,0,[   0  401  432  866  897 2094],0.02244293863817707,129.12705807738683,12.905844874096703
541,6,31,20,[   0  401  432  866  897 2094],0.02244293863817707,129.12705807738683,12.905844874096703
542,6,31,40,[   0   97  432  866 1393 2094],0.02244293863817707,129.12705807738683,12.905844874096703
543,6,31,60,[   0   97  432  866 1393 2094],0.02244293863817707,129.12705807738683,12.905844874096703
544,6,32,0,[   0  383  436  785 2094],0.018069291360663656,161.36987016003224,4.381512857967561
545,6,32,20,[   0  383  436  785 2094],0.018069291360663656,161.36987016003224,4.381512857967561
546,6,32,40,[   0  383  436  785 2094],0.018069291360663656,161.36987016003224,4.381512857967561
547,6,32,60,[   0  436  661  785 1234 2094],0.018069291360663656,161.36987016003224,4.381512857967561
548,6,33,0,[   0    2    6   59  383  901 1417 1454 2082 2089 2090 2094],-0.03076845582081074,158.94981589521342,4.47838726330427
549,6,33,20,[   0   59  383  901 1417 1454 2094],-0.03076845582081074,158.94981589521342,4.47838726330427
550,6,33,40,[   0   59  383  901 1454 2094],-0.03076845582081074,158.94981589521342,4.47838726330427
551,6,33,60,[   0  383  901 1454 2094],-0.03076845582081074,158.94981589521342,4.47838726330427
552,6,34,0,[   0    2    6   59  530  580  749 1021 1234 2090 2094],0.10416188458353692,175.04386238307822,8.76125554732352
553,6,34,20,[   0   59  530  580  749 1021 1234 2094],0.10416188458353692,175.04386238307822,8.76125554732352
554,6,34,40,[   0   59  530  580  749 1021 1234 2094],0.10416188458353692,175.04386238307822,8.76125554732352
555,6,34,60,[   0  530  749 1021 1234 2094],0.10416188458353692,175.04386238307822,8.76125554732352
556,6,35,0,[   0   59  234  530  580  984 1021 2060 2084 2087 2094],0.09529803278278921,179.79234392411072,3.8444208948804537
557,6,35,20,[   0   59  234  530  580  984 1021 2060 2094],0.09529803278278921,179.79234392411072,3.8444208948804537
558,6,35,40,[   0   59  234  530  580  984 2094],0.09529803278278921,179.79234392411072,3.8444208948804537
559,6,35,60,[   0  234  530  984 2094],0.09529803278278921,179.79234392411072,3.8444208948804537
560,6,36,0,[   0    6   59  439  984 1021 1524 1714 2082 2087 2094],0.08011110585057375,182.423938372999,7.172706390798379
561,6,36,20,[   0   59  439  984 1021 1524 1714 2094],0.08011110585057375,182.423938372999,7.172706390798379
562,6,36,40,[   0   59  439  984 1524 1714 2094],0.08011110585057375,182.423938372999,7.172706390798379
563,6,36,60,[   0  439  984 1524 1714 2094],0.08011110585057375,182.423938372999,7.172706390798379
564,6,37,0,[   0  398  442 2082 2087 2094],0.08773370369740428,209.8632628347145,7.512297071546294
565,6,37,20,[   0  398  442 2094],0.08773370369740428,209.8632628347145,7.512297071546294
566,6,37,40,[   0  398  442 2094],0.08773370369740428,209.8632628347145,7.512297071546294
567,6,37,60,[   0  442 1714 2094],0.08773370369740428,209.8632628347145,7.512297071546294
568,6,38,0,[   0  398  442 2082 2087 2094],0.08920679101416439,212.75256551916618,9.163880859177597
569,6,38,20,[   0  398  442 2094],0.08920679101416439,212.75256551916618,9.163880859177597
570,6,38,40,[   0  398  442 2094],0.08920679101416439,212.75256551916618,9.163880859177597
571,6,38,60,[   0  442 1714 2094],0.08920679101416439,212.75256551916618,9.163880859177597
572,6,39,0,[   0  398  442 2082 2087 2094],0.09303568909556997,207.93337762544832,10.395795610017206
573,6,39,20,[   0  398  442 2094],0.09303568909556997,207.93337762544832,10.395795610017206
574,6,39,40,[   0  398  442 2094],0.09303568909556997,207.93337762544832,10.395795610017206
575,6,39,60,[   0  442 1472 1714 2094],0.09303568909556997,207.93337762544832,10.395795610017206
576,6,40,0,[   0  398  442 2084 2087 2094],0.10697929332089567,220.39911328902272,7.36062780579169
577,6,40,20,[   0  398  442 2094],0.10697929332089567,220.39911328902272,7.36062780579169
578,6,40,40,[   0  398  442 2094],0.10697929332089567,220.39911328902272,7.36062780579169
579,6,40,60,[   0  442 1714 2094],0.10697929332089567,220.39911328902272,7.36062780579169
580,6,41,0,[   0    2    6  530  580 1714 2082 2084 2087 2094],0.1112413847838987,216.8357359836635,7.414278950831258
581,6,41,20,[   0  530  580 1714 2094],0.1112413847838987,216.8357359836635,7.414278950831258
582,6,41,40,[   0  530  580 1714 2094],0.1112413847838987,216.8357359836635,7.414278950831258
583,6,41,60,[   0  530 1714 2094],0.1112413847838987,216.8357359836635,7.414278950831258
584,6,42,0,[   0    2    6  530  580 1714 2082 2084 2087 2094],0.11147328347413164,227.9010043514589,6.912411860364744
585,6,42,20,[   0  530  580 1714 2094],0.11147328347413164,227.9010043514589,6.912411860364744
586,6,42,40,[   0  530  580 1714 2094],0.11147328347413164,227.9010043514589,6.912411860364744
587,6,42,60,[   0  530 1714 2094],0.11147328347413164,227.9010043514589,6.912411860364744
588,6,43,0,[   0  398  442 2084 2087 2094],0.102021699136875,215.12936811306244,8.513345489187142
589,6,43,20,[   0  398  442 2094],0.102021699136875,215.12936811306244,8.513345489187142
590,6,43,40,[   0  398  442 2094],0.102021699136875,215.12936811306244,8.513345489187142
591,6,43,60,[   0  442 1714 2094],0.102021699136875,215.12936811306244,8.513345489187142
592,6,44,0,[   0  398  442  465 2072 2087 2094],0.0985481027336993,232.19589577510357,3.4809303988249933
593,6,44,20,[   0  398  442 2094],0.0985481027336993,232.19589577510357,3.4809303988249933
594,6,44,40,[   0  398  442 2094],0.0985481027336993,232.19589577510357,3.4809303988249933
595,6,44,60,[   0  442 1338 2094],0.0985481027336993,232.19589577510357,3.4809303988249933
596,6,45,0,[   0    2    6  622 1127 1173 2083 2087 2090 2094],0.07665490299440518,253.19028676729167,2.9594772048434526
597,6,45,20,[   0  622 1127 1173 2094],0.07665490299440518,253.19028676729167,2.9594772048434526
598,6,45,40,[   0  622 1127 1173 2094],0.07665490299440518,253.19028676729167,2.9594772048434526
599,6,45,60,[   0  622 1173 2094],0.07665490299440518,253.19028676729167,2.9594772048434526
600,6,46,0,[   0    2    6 1390 1454 2083 2087 2094],0.12838100876781222,229.66976139967463,5.883490918477793
601,6,46,20,[   0 1390 1454 2094],0.12838100876781222,229.66976139967463,5.883490918477793
602,6,46,40,[   0 1390 1454 2094],0.12838100876781222,229.66976139967463,5.883490918477793
603,6,46,60,[   0 1390 1454 2094],0.12838100876781222,229.66976139967463,5.883490918477793
604,6,47,0,[   0    2    6 1390 1454 1655 1714 2082 2087 2094],0.13058280670265446,231.93833938300736,7.132799052326764
605,6,47,20,[   0 1390 1454 2094],0.13058280670265446,231.93833938300736,7.132799052326764
606,6,47,40,[   0 1390 1454 2094],0.13058280670265446,231.93833938300736,7.132799052326764
607,6,47,60,[   0 1390 1454 2094],0.13058280670265446,231.93833938300736,7.132799052326764
608,6,48,0,[   0    2    3    6  622 1435 1655 1714 2087 2090 2093 2094],0.08331572857405321,237.39426021294642,5.620988615654977
609,6,48,20,[   0  622 1435 1655 1714 2094],0.08331572857405321,237.39426021294642,5.620988615654977
610,6,48,40,[   0  622 1435 1655 1714 2094],0.08331572857405321,237.39426021294642,5.620988615654977
611,6,48,60,[   0  622 1435 1655 2094],0.08331572857405321,237.39426021294642,5.620988615654977
612,6,49,0,[   0    2    6    7  530  580 2083 2087 2090 2094],0.0774168720186694,255.21872560487117,4.133471426875546
613,6,49,20,[   0  530  580 2094],0.0774168720186694,255.21872560487117,4.133471426875546
614,6,49,40,[   0  530  580 2094],0.0774168720186694,255.21872560487117,4.133471426875546
615,6,49,60,[   0  530 2094],0.0774168720186694,255.21872560487117,4.133471426875546
616,6,50,0,[   0    2    6  530  580 1714 2083 2087 2094],0.12096772784951713,232.01201133204572,6.483593540577918
617,6,50,20,[   0  530  580 1714 2094],0.12096772784951713,232.01201133204572,6.483593540577918
618,6,50,40,[   0  530  580 1714 2094],0.12096772784951713,232.01201133204572,6.483593540577918
619,6,50,60,[   0  530 1714 2094],0.12096772784951713,232.01201133204572,6.483593540577918
620,7,20,0,[   0  401  432  866  901 2094],-0.046363875184361025,64.47562946606675,8.659883862751474
621,7,20,20,[   0  401  432  866  901 2094],-0.046363875184361025,64.47562946606675,8.659883862751474
622,7,20,40,[   0  401  501  665  866 1262 2094],-0.046363875184361025,64.47562946606675,8.659883862751474
623,7,20,60,[   0  401  501  665  866 1262 2094],-0.046363875184361025,64.47562946606675,8.659883862751474
624,7,21,0,[   0  401  432 2094],-0.07950338697218688,70.49603740660014,5.862884857622828
625,7,21,20,[   0  401  432 2094],-0.07950338697218688,70.49603740660014,5.862884857622828
626,7,21,40,[   0   97  401  501  901 1262 1716 1924 2094],-0.07950338697218688,70.49603740660014,5.862884857622828
627,7,21,60,[   0   97  401  501  901 1262 1716 1924 2094],-0.07950338697218688,70.49603740660014,5.862884857622828
628,7,22,0,[   0  401  432  866  901 2094],-0.014852462592178536,87.63097827377497,7.660865027957622
629,7,22,20,[   0  401  432  866  901 2094],-0.014852462592178536,87.63097827377497,7.660865027957622
630,7,22,40,[   0  401  501  580  866 1399 1716 1924 2094],-0.014852462592178536,87.63097827377497,7.660865027957622
631,7,22,60,[   0  401  501  580  866 1399 1716 1924 2094],-0.014852462592178536,87.63097827377497,7.660865027957622
632,7,23,0,[   0  401  432  866  901 1399 1435 2094],-0.00669447693772031,109.1285296821576,10.798400850520007
633,7,23,20,[   0  401  432  866  901 1399 1435 2094],-0.00669447693772031,109.1285296821576,10.798400850520007
634,7,23,40,[   0   97  432  866 1399 2094],-0.00669447693772031,109.1285296821576,10.798400850520007
635,7,23,60,[   0   97  432  866 1399 2094],-0.00669447693772031,109.1285296821576,10.798400850520007
636,7,24,0,[   0  399  448  612  866  901 1362 1393 2094],-0.023282349800611803,102.56658270370991,13.020946362763116
637,7,24,20,[   0  399  448  612  866  901 1362 1393 2094],-0.023282349800611803,102.56658270370991,13.020946362763116
638,7,24,40,[   0  399  448  866 2094],-0.023282349800611803,102.56658270370991,13.020946362763116
639,7,24,60,[   0   97  448  612  866 1393 1924 2094],-0.023282349800611803,102.56658270370991,13.020946362763116
640,7,25,0,[   0  399  442  866  897 1399 1435 2094],-0.019467438063963137,110.01479282748036,15.209161756621597
641,7,25,20,[   0  399  442  866  897 1399 1435 2094],-0.019467438063963137,110.01479282748036,15.209161756621597
642,7,25,40,[   0  399  442  866 2094],-0.019467438063963137,110.01479282748036,15.209161756621597
643,7,25,60,[   0   97  442  866 1032 1399 2094],-0.019467438063963137,110.01479282748036,15.209161756621597
644,7,26,0,[   0    6   59   97  294 1268 1399 1454 1524 1942 1968 2087 2094],0.08607126789057264,126.20658804689442,5.535042201649936
645,7,26,20,[   0   59   97  294 1268 1399 1454 1524 1942 1968 2094],0.08607126789057264,126.20658804689442,5.535042201649936
646,7,26,40,[   0   59  294 1268 1399 1454 1524 1968 2094],0.08607126789057264,126.20658804689442,5.535042201649936
647,7,26,60,[   0  294 1268 1454 1524 1968 2094],0.08607126789057264,126.20658804689442,5.535042201649936
648,7,27,0,[   0    3    6   59  275  484  609  644  674 1362 1393 2087 2094],-0.02230922579567766,117.16907691319874,6.59868826992855
649,7,27,20,[   0   59  275  484  609  644  674 1362 1393 2094],-0.02230922579567766,117.16907691319874,6.59868826992855
650,7,27,40,[   0   59  275  484  609  674 1393 2094],-0.02230922579567766,117.16907691319874,6.59868826992855
651,7,27,60,[   0  275  484  609  674 1393 2094],-0.02230922579567766,117.16907691319874,6.59868826992855
652,7,28,0,[   0   59   95  296  530  580 1354 1382 1399 1429 1924 1935 2094],0.03092948842727727,105.86489310450925,11.13221224112564
653,7,28,20,[   0   59   95  296  530  580 1354 1399 1429 2094],0.03092948842727727,105.86489310450925,11.13221224112564
654,7,28,40,[   0   59  296  530  580 1354 1399 1924 2094],0.03092948842727727,105.86489310450925,11.13221224112564
655,7,28,60,[   0  296  530 1399 1924 2094],0.03092948842727727,105.86489310450925,11.13221224112564
656,7,29,0,[   0    2   97  436  661 1075 1239 1268 1391 1430 1524 2087 2094],0.027530022739310763,113.68107299236421,8.017853775145777
657,7,29,20,[   0   97  436  661 1075 1239 1268 1391 1430 1524 2094],0.027530022739310763,113.68107299236421,8.017853775145777
658,7,29,40,[   0   97  436  661 1075 1268 1391 1524 2094],0.027530022739310763,113.68107299236421,8.017853775145777
659,7,29,60,[   0   97  436  661 1075 1268 1391 1524 2094],0.027530022739310763,113.68107299236421,8.017853775145777
660,7,30,0,[   0  383  432  866  897 2094],-0.01588497169577219,121.21664407536997,5.462574616953374
661,7,30,20,[   0  383  432  866  897 2094],-0.01588497169577219,121.21664407536997,5.462574616953374
662,7,30,40,[   0  383  432  866 2094],-0.01588497169577219,121.21664407536997,5.462574616953374
663,7,30,60,[   0   95  296  432  866 2094],-0.01588497169577219,121.21664407536997,5.462574616953374
664,7,31,0,[   0  383  401  432  866  897 2094],-0.04534593247702871,121.95993231825729,8.148779185089532
665,7,31,20,[   0  401  432  866  897 2094],-0.04534593247702871,121.95993231825729,8.148779185089532
666,7,31,40,[   0   97  432  866 1393 2094],-0.04534593247702871,121.95993231825729,8.148779185089532
667,7,31,60,[   0   97  432  866 1393 2094],-0.04534593247702871,121.95993231825729,8.148779185089532
668,7,32,0,[   0  383  436  785 2094],0.021548734667819383,145.600951626545,6.6660673943254105
669,7,32,20,[   0  383  436  785 2094],0.021548734667819383,145.600951626545,6.6660673943254105
670,7,32,40,[   0  383  436  785 2094],0.021548734667819383,145.600951626545,6.6660673943254105
671,7,32,60,[   0  436  661  785 1268 1524 2094],0.021548734667819383,145.600951626545,6.6660673943254105
672,7,33,0,[   0  383  436  651 1417 1454 2094],-0.028800099680749713,144.82898046891836,4.279363897429955
673,7,33,20,[   0  383  436  651 1417 1454 2094],-0.028800099680749713,144.82898046891836,4.279363897429955
674,7,33,40,[   0  383  436  651 2094],-0.028800099680749713,144.82898046891836,4.279363897429955
675,7,33,60,[   0  436  651  901 1454 2094],-0.028800099680749713,144.82898046891836,4.279363897429955
676,7,34,0,[   0    2    6   59  530  580  749 1021 1234 1919 2087 2089 2090 2094],0.10423912265790304,154.53650925695771,10.140282939673495
677,7,34,20,[   0   59  530  580  749 1021 1234 1919 2094],0.10423912265790304,154.53650925695771,10.140282939673495
678,7,34,40,[   0   59  530  580  749 1021 1234 1919 2094],0.10423912265790304,154.53650925695771,10.140282939673495
679,7,34,60,[   0  530  749 1021 1234 1919 2094],0.10423912265790304,154.53650925695771,10.140282939673495
680,7,35,0,[   0    2    6   59  194  234  530  580  984 1021 2060 2084 2087 2094],0.06951206071899052,161.53632537634144,4.279761358429096
681,7,35,20,[   0   59  194  234  530  580  984 1021 2060 2094],0.06951206071899052,161.53632537634144,4.279761358429096
682,7,35,40,[   0   59  234  530  580  984 2094],0.06951206071899052,161.53632537634144,4.279761358429096
683,7,35,60,[   0  234  530  984 2094],0.06951206071899052,161.53632537634144,4.279761358429096
684,7,36,0,[   0  383  439  984 2082 2087 2094],0.019369619110583564,171.1586628970699,8.393407451517218
685,7,36,20,[   0  383  439 2094],0.019369619110583564,171.1586628970699,8.393407451517218
686,7,36,40,[   0  383  439 2094],0.019369619110583564,171.1586628970699,8.393407451517218
687,7,36,60,[   0  439  984 1524 1714 2094],0.019369619110583564,171.1586628970699,8.393407451517218
688,7,37,0,[   0  398  442 2082 2087 2094],0.045659764694774105,189.3474290545038,7.150354189426599
689,7,37,20,[   0  398  442 2094],0.045659764694774105,189.3474290545038,7.150354189426599
690,7,37,40,[   0  398  442 2094],0.045659764694774105,189.3474290545038,7.150354189426599
691,7,37,60,[   0  442 1234 1714 2094],0.045659764694774105,189.3474290545038,7.150354189426599
692,7,38,0,[   0  234  398  442 1714 2082 2087 2094],0.06260611424516452,185.63211919222147,8.344867480030059
693,7,38,20,[   0  398  442 2094],0.06260611424516452,185.63211919222147,8.344867480030059
694,7,38,40,[   0  398  442 2094],0.06260611424516452,185.63211919222147,8.344867480030059
695,7,38,60,[   0  234  442 1714 2094],0.06260611424516452,185.63211919222147,8.344867480030059
696,7,39,0,[   0  398  442 2082 2087 2094],0.059300876283236624,182.06158893020586,9.62868336437042
697,7,39,20,[   0  398  442 2094],0.059300876283236624,182.06158893020586,9.62868336437042
698,7,39,40,[   0  398  442 2094],0.059300876283236624,182.06158893020586,9.62868336437042
699,7,39,60,[   0  442 1472 1714 2094],0.059300876283236624,182.06158893020586,9.62868336437042
700,7,40,0,[   0  398  442  465 2084 2087 2094],0.0649581225059003,190.15898920951318,6.845898990805929
701,7,40,20,[   0  398  442 2094],0.0649581225059003,190.15898920951318,6.845898990805929
702,7,40,40,[   0  398  442 2094],0.0649581225059003,190.15898920951318,6.845898990805929
703,7,40,60,[   0  442 1089 1714 2094],0.0649581225059003,190.15898920951318,6.845898990805929
704,7,41,0,[   0    2    3    6  530  580 1373 1655 1714 1971 2082 2084 2087 2094],0.10297068878923325,189.06180111653973,6.468727478533059
705,7,41,20,[   0  530  580 1373 1655 1714 1971 2094],0.10297068878923325,189.06180111653973,6.468727478533059
706,7,41,40,[   0  530  580 1373 1655 1714 1971 2094],0.10297068878923325,189.06180111653973,6.468727478533059
707,7,41,60,[   0  530 1373 1714 1971 2094],0.10297068878923325,189.06180111653973,6.468727478533059
708,7,42,0,[   0    2    3    6  442  530  580 1338 1655 1714 2082 2084 2087 2094],0.07163332950923967,198.8645724076,6.6959899622354175
709,7,42,20,[   0  442  530  580 1338 1655 1714 2094],0.07163332950923967,198.8645724076,6.6959899622354175
710,7,42,40,[   0  442  530  580 1338 1655 1714 2094],0.07163332950923967,198.8645724076,6.6959899622354175
711,7,42,60,[   0  442  580 1338 1714 2094],0.07163332950923967,198.8645724076,6.6959899622354175
712,7,43,0,[   0  398  436 2084 2087 2094],0.030007380618440212,192.4982233264558,7.905347253277038
713,7,43,20,[   0  398  436 2094],0.030007380618440212,192.4982233264558,7.905347253277038
714,7,43,40,[   0  436 1655 1714 1758 2094],0.030007380618440212,192.4982233264558,7.905347253277038
715,7,43,60,[   0  436 1714 2094],0.030007380618440212,192.4982233264558,7.905347253277038
716,7,44,0,[   0  398  439  465 2072 2087 2094],0.026931102967263625,201.57101232209675,3.738920387807538
717,7,44,20,[   0  398  439 2094],0.026931102967263625,201.57101232209675,3.738920387807538
718,7,44,40,[   0  398  439 2094],0.026931102967263625,201.57101232209675,3.738920387807538
719,7,44,60,[   0  439 1338 1435 2094],0.026931102967263625,201.57101232209675,3.738920387807538
720,7,45,0,[   0    2    6  442  622 1127 1173 1486 2083 2087 2090 2094],0.05081968866645935,221.70301664859966,3.2630242529554505
721,7,45,20,[   0  442  622 1127 1173 1486 2094],0.05081968866645935,221.70301664859966,3.2630242529554505
722,7,45,40,[   0  442  622 1127 1173 1486 2094],0.05081968866645935,221.70301664859966,3.2630242529554505
723,7,45,60,[   0  442  622 1173 1486 2094],0.05081968866645935,221.70301664859966,3.2630242529554505
724,7,46,0,[   0    2    6  674 1390 1454 1655 1714 1983 2083 2087 2094],0.07460535937949804,203.4782801988647,5.555891103191025
725,7,46,20,[   0  674 1390 1454 1655 1714 1983 2094],0.07460535937949804,203.4782801988647,5.555891103191025
726,7,46,40,[   0  674 1390 1454 1655 1714 1983 2094],0.07460535937949804,203.4782801988647,5.555891103191025
727,7,46,60,[   0  674 1390 1454 2094],0.07460535937949804,203.4782801988647,5.555891103191025
728,7,47,0,[   0    2    6 1390 1454 1655 1714 2082 2087 2094],0.0777556559048186,202.56084575469046,6.80333109330688
729,7,47,20,[   0 1390 1454 2094],0.0777556559048186,202.56084575469046,6.80333109330688
730,7,47,40,[   0 1390 1454 2094],0.0777556559048186,202.56084575469046,6.80333109330688
731,7,47,60,[   0 1390 1454 2094],0.0777556559048186,202.56084575469046,6.80333109330688
732,7,48,0,[   0    2    6  442  622 1435 1486 1655 1714 2087 2090 2094],0.05342471081021417,207.45115380248555,5.608661829185659
733,7,48,20,[   0  442  622 1435 1486 1655 1714 2094],0.05342471081021417,207.45115380248555,5.608661829185659
734,7,48,40,[   0  442  622 1435 1486 1655 1714 2094],0.05342471081021417,207.45115380248555,5.608661829185659
735,7,48,60,[   0  442  622 1486 2094],0.05342471081021417,207.45115380248555,5.608661829185659
736,7,49,0,[   0    2    6    7  442  530  580 2084 2087 2090 2094],0.0553147494446455,232.6093533560101,3.9170245452160324
737,7,49,20,[   0  442  530  580 2094],0.0553147494446455,232.6093533560101,3.9170245452160324
738,7,49,40,[   0  442  530  580 2094],0.0553147494446455,232.6093533560101,3.9170245452160324
739,7,49,60,[   0  442  580 2094],0.0553147494446455,232.6093533560101,3.9170245452160324
740,7,50,0,[   0    2    3    6  442  530  580 1655 1714 2083 2084 2087 2094],0.07866054358346944,213.0484203128288,5.931341282220261
741,7,50,20,[   0  442  530  580 1655 1714 2094],0.07866054358346944,213.0484203128288,5.931341282220261
742,7,50,40,[   0  442  530  580 1655 1714 2094],0.07866054358346944,213.0484203128288,5.931341282220261
743,7,50,60,[   0  442  580 1714 2094],0.07866054358346944,213.0484203128288,5.931341282220261
744,8,20,0,[   0  401  432  866  901 2094],-0.03772006501377386,64.49960159256342,10.323243694193867
745,8,20,20,[   0  401  432  866  901 2094],-0.03772006501377386,64.49960159256342,10.323243694193867
746,8,20,40,[   0  401  501  665  866 1262 1716 2094],-0.03772006501377386,64.49960159256342,10.323243694193867
747,8,20,60,[   0  401  501  665  866 1262 1716 2094],-0.03772006501377386,64.49960159256342,10.323243694193867
748,8,21,0,[   0  401  432  866  901 2094],-0.07153833298952406,69.34757901786863,8.730251285939076
749,8,21,20,[   0  401  432  866  901 2094],-0.07153833298952406,69.34757901786863,8.730251285939076
750,8,21,40,[   0   97  401  501  752  866 1262 1716 1924 2094],-0.07153833298952406,69.34757901786863,8.730251285939076
751,8,21,60,[   0   97  401  501  752  866 1262 1716 1924 2094],-0.07153833298952406,69.34757901786863,8.730251285939076
752,8,22,0,[   0  401  432  501  580  866  901 1399 1429 1694 1716 2094],-0.006370791690165067,86.44068625879282,8.587930969780453
753,8,22,20,[   0  401  432  501  580  866  901 1399 1429 1694 1716 2094],-0.006370791690165067,86.44068625879282,8.587930969780453
754,8,22,40,[   0  401  501  580  866 1399 1716 1924 2094],-0.006370791690165067,86.44068625879282,8.587930969780453
755,8,22,60,[   0  401  501  580  866 1399 1716 1924 2094],-0.006370791690165067,86.44068625879282,8.587930969780453
756,8,23,0,[   0   97  400  401  432  436  484  651  866  901 1399 1435 1978 2094],-0.019577513304597297,100.23587548049397,9.887049479074637
757,8,23,20,[   0  401  432  866  901 1399 1435 2094],-0.019577513304597297,100.23587548049397,9.887049479074637
758,8,23,40,[   0   97  401  484  651  866 1399 1978 2094],-0.019577513304597297,100.23587548049397,9.887049479074637
759,8,23,60,[   0   97  401  484  651  866 1399 1978 2094],-0.019577513304597297,100.23587548049397,9.887049479074637
760,8,24,0,[   0  399  448  612  866  901 1056 1234 1362 1393 2094],-0.02711482083201476,95.1342657242977,10.124751267831591
761,8,24,20,[   0  399  448  612  866  901 1056 1234 1362 1393 2094],-0.02711482083201476,95.1342657242977,10.124751267831591
762,8,24,40,[   0  399  448  612  866 1056 1234 2094],-0.02711482083201476,95.1342657242977,10.124751267831591
763,8,24,60,[   0   97  448  612  866 1056 1234 1362 1924 2094],-0.02711482083201476,95.1342657242977,10.124751267831591
764,8,25,0,[   0   59   97  399  442  866  897 1399 1435 2094],-0.02874058620347404,103.53432361233476,10.646795900716231
765,8,25,20,[   0   59   97  399  442  866  897 1399 1435 2094],-0.02874058620347404,103.53432361233476,10.646795900716231
766,8,25,40,[   0  399  442  866 2094],-0.02874058620347404,103.53432361233476,10.646795900716231
767,8,25,60,[   0  294  442  866 1032 1399 2094],-0.02874058620347404,103.53432361233476,10.646795900716231
768,8,26,0,"[   0    6   59   97  294 1075 1234 1268 1399 1454 1524 1942 1968 2087
 2094]",0.08925078138256264,115.70577795220797,5.671662781817805
769,8,26,20,[   0   59   97  294 1075 1234 1268 1399 1454 1524 1942 1968 2094],0.08925078138256264,115.70577795220797,5.671662781817805
770,8,26,40,[   0   59  294 1075 1234 1399 1454 1524 1968 2094],0.08925078138256264,115.70577795220797,5.671662781817805
771,8,26,60,[   0  294 1075 1234 1454 1524 1968 2094],0.08925078138256264,115.70577795220797,5.671662781817805
772,8,27,0,"[   0    3    6   59  275  484  609  644  651  674  818 1362 1393 2087
 2094]",-0.019604140873125227,106.6618110195814,6.641831489184089
773,8,27,20,[   0   59  275  484  609  651  674  818 1362 1393 2094],-0.019604140873125227,106.6618110195814,6.641831489184089
774,8,27,40,[   0   59  275  484  609  651  818 1393 2094],-0.019604140873125227,106.6618110195814,6.641831489184089
775,8,27,60,[   0  275  484  609  818 1393 2094],-0.019604140873125227,106.6618110195814,6.641831489184089
776,8,28,0,"[   0   59   95  296  484  530  580  651 1354 1382 1399 1429 1924 1935
 2094]",0.026713942221905557,98.6138333822105,9.9390840597754
777,8,28,20,[   0   59   95  296  484  530  580  651 1354 1399 1429 1924 2094],0.026713942221905557,98.6138333822105,9.9390840597754
778,8,28,40,[   0   59  296  484  530  580  651 1354 1399 1924 2094],0.026713942221905557,98.6138333822105,9.9390840597754
779,8,28,60,[   0  296  484  580  651 1399 1924 2094],0.026713942221905557,98.6138333822105,9.9390840597754
780,8,29,0,[   0  375  383  436  661 1075 1268 1391 1430 2094],0.008799503230013286,103.76363967725722,9.195969362026501
781,8,29,20,[   0  383  436  661 1075 1268 1391 1430 2094],0.008799503230013286,103.76363967725722,9.195969362026501
782,8,29,40,[   0  383  436 1075 1268 2094],0.008799503230013286,103.76363967725722,9.195969362026501
783,8,29,60,[   0   97  436  661 1075 1268 1391 1524 2094],0.008799503230013286,103.76363967725722,9.195969362026501
784,8,30,0,[   0  383  432  866  897 2094],-0.016739375138567637,114.93146233523399,6.581589191770218
785,8,30,20,[   0  383  432  866  897 2094],-0.016739375138567637,114.93146233523399,6.581589191770218
786,8,30,40,[   0  383  432  866 2094],-0.016739375138567637,114.93146233523399,6.581589191770218
787,8,30,60,[   0   95  296  432  866 1393 1524 2094],-0.016739375138567637,114.93146233523399,6.581589191770218
788,8,31,0,[   0  383  401  432  866  897 2094],-0.040805983412759414,112.7446285910189,9.004548227934954
789,8,31,20,[   0  401  432  866  897 2094],-0.040805983412759414,112.7446285910189,9.004548227934954
790,8,31,40,[   0   97  432  866 1234 2094],-0.040805983412759414,112.7446285910189,9.004548227934954
791,8,31,60,[   0   97  432  866 1234 2094],-0.040805983412759414,112.7446285910189,9.004548227934954
792,8,32,0,[   0   59   97  383  436  785 1268 2082 2087 2094],0.023104625291598145,133.3950759199688,7.795170905932949
793,8,32,20,[   0  383  436  785 2094],0.023104625291598145,133.3950759199688,7.795170905932949
794,8,32,40,[   0  383  436  785 2094],0.023104625291598145,133.3950759199688,7.795170905932949
795,8,32,60,[   0  436  661  785 1268 1524 1919 2094],0.023104625291598145,133.3950759199688,7.795170905932949
796,8,33,0,[   0  383  436  866  897 1417 1454 2094],-0.02136331610454627,129.80862100046755,4.578320794169963
797,8,33,20,[   0  383  436  866  897 1417 1454 2094],-0.02136331610454627,129.80862100046755,4.578320794169963
798,8,33,40,[   0  383  436  866 2094],-0.02136331610454627,129.80862100046755,4.578320794169963
799,8,33,60,[   0  436  651  866 1417 2094],-0.02136331610454627,129.80862100046755,4.578320794169963
800,8,34,0,"[   0    2    6   59  530  580  749 1021 1234 1268 1497 1919 2087 2089
 2090 2094]",0.10698989307677752,140.59960276332794,10.491628297632603
801,8,34,20,[   0   59  530  580  749 1021 1234 1268 1497 1919 2094],0.10698989307677752,140.59960276332794,10.491628297632603
802,8,34,40,[   0   59  530  580  749 1021 1268 1497 1919 2094],0.10698989307677752,140.59960276332794,10.491628297632603
803,8,34,60,[   0  530  749 1021 1268 1497 1919 2094],0.10698989307677752,140.59960276332794,10.491628297632603
804,8,35,0,"[   0    2    6   59  194  234  530  580  984 1021 1524 2060 2084 2087
 2094]",0.06556528364175829,147.7965518767691,7.39788898022829
805,8,35,20,[   0   59  194  234  530  580  984 1021 1524 2060 2094],0.06556528364175829,147.7965518767691,7.39788898022829
806,8,35,40,[   0   59  234  530  580  984 1435 1524 2094],0.06556528364175829,147.7965518767691,7.39788898022829
807,8,35,60,[   0  234  530  984 1435 1524 2094],0.06556528364175829,147.7965518767691,7.39788898022829
808,8,36,0,[   0  383  439  984 2082 2087 2094],-0.0070853020205296074,152.85251448040825,7.818745907960286
809,8,36,20,[   0  383  439 2094],-0.0070853020205296074,152.85251448040825,7.818745907960286
810,8,36,40,[   0  383  439 2094],-0.0070853020205296074,152.85251448040825,7.818745907960286
811,8,36,60,[   0  234  383  498  984 2094],-0.0070853020205296074,152.85251448040825,7.818745907960286
812,8,37,0,[   0  398  442 2082 2087 2094],0.03293944358476136,167.35887185909365,6.686694743045221
813,8,37,20,[   0  398  442 2094],0.03293944358476136,167.35887185909365,6.686694743045221
814,8,37,40,[   0  398  442 2094],0.03293944358476136,167.35887185909365,6.686694743045221
815,8,37,60,[   0  281  442 1234 1714 2094],0.03293944358476136,167.35887185909365,6.686694743045221
816,8,38,0,[   0  234  398  442 1077 1253 2082 2087 2094],0.06090497728674205,166.9245858071566,8.021114895535312
817,8,38,20,[   0  398  442 1077 1253 2094],0.06090497728674205,166.9245858071566,8.021114895535312
818,8,38,40,[   0  398  442 1077 1253 2094],0.06090497728674205,166.9245858071566,8.021114895535312
819,8,38,60,[   0  234  442 1077 1253 1714 2094],0.06090497728674205,166.9245858071566,8.021114895535312
820,8,39,0,[   0  234  398  442 1472 2082 2087 2094],0.056747613116526575,164.26386758104357,9.142418540750194
821,8,39,20,[   0  398  442 2094],0.056747613116526575,164.26386758104357,9.142418540750194
822,8,39,40,[   0  398  442 2094],0.056747613116526575,164.26386758104357,9.142418540750194
823,8,39,60,[   0  234  442 1472 2094],0.056747613116526575,164.26386758104357,9.142418540750194
824,8,40,0,[   0  398  442  465 1089 1130 1338 2084 2087 2094],0.060470785612548955,167.72001044742456,5.993735388211746
825,8,40,20,[   0  398  442  465 1089 1130 1338 2094],0.060470785612548955,167.72001044742456,5.993735388211746
826,8,40,40,[   0  398  442 1089 1130 2094],0.060470785612548955,167.72001044742456,5.993735388211746
827,8,40,60,[   0  442 1089 1338 1714 2094],0.060470785612548955,167.72001044742456,5.993735388211746
828,8,41,0,"[   0    2    6  530  580 1077 1253 1373 1655 1714 1971 2082 2084 2087
 2094]",0.09476173224187878,169.0384748356525,5.780085780823276
829,8,41,20,[   0  530  580 1077 1253 1373 1655 1714 1971 2094],0.09476173224187878,169.0384748356525,5.780085780823276
830,8,41,40,[   0  530  580 1077 1253 1373 1655 1714 1971 2094],0.09476173224187878,169.0384748356525,5.780085780823276
831,8,41,60,[   0  530 1077 1253 1373 1714 1971 2094],0.09476173224187878,169.0384748356525,5.780085780823276
832,8,42,0,"[   0    2    3    6  442  530  580 1338 1379 1655 1714 1971 2082 2084
 2087 2094]",0.07040691843675792,178.1009431149135,6.091795778596449
833,8,42,20,[   0  442  530  580 1338 1379 1655 1714 1971 2094],0.07040691843675792,178.1009431149135,6.091795778596449
834,8,42,40,[   0  442  530  580 1338 1379 1655 1714 1971 2094],0.07040691843675792,178.1009431149135,6.091795778596449
835,8,42,60,[   0  442  580 1338 1714 1971 2094],0.07040691843675792,178.1009431149135,6.091795778596449
836,8,43,0,[   0  398  436 2084 2087 2094],0.029059200819217253,173.66903699290796,6.513357195396907
837,8,43,20,[   0  398  436 2094],0.029059200819217253,173.66903699290796,6.513357195396907
838,8,43,40,[   0  436 1338 1655 1714 1758 2094],0.029059200819217253,173.66903699290796,6.513357195396907
839,8,43,60,[   0  436 1338 1714 2094],0.029059200819217253,173.66903699290796,6.513357195396907
840,8,44,0,[   0  398  439  748 2072 2087 2094],0.02161736463750812,176.18342424659784,4.331913489857483
841,8,44,20,[   0  398  439  748 2094],0.02161736463750812,176.18342424659784,4.331913489857483
842,8,44,40,[   0  398  439  748 2094],0.02161736463750812,176.18342424659784,4.331913489857483
843,8,44,60,[   0  439  748 1338 1435 2094],0.02161736463750812,176.18342424659784,4.331913489857483
844,8,45,0,[   0    2    6  442  622 1127 1173 1486 1533 1983 2083 2087 2090 2094],0.04338695702968627,196.97115680183916,4.7706379483339205
845,8,45,20,[   0  442  622 1127 1173 1486 1533 2094],0.04338695702968627,196.97115680183916,4.7706379483339205
846,8,45,40,[   0  442  622 1127 1173 1486 1533 2094],0.04338695702968627,196.97115680183916,4.7706379483339205
847,8,45,60,[   0  442  622 1173 1486 2094],0.04338695702968627,196.97115680183916,4.7706379483339205
848,8,46,0,"[   0    2    3    6  674 1173 1390 1454 1655 1714 1983 2079 2083 2087
 2094]",0.02780392055346404,181.487396859821,5.493276357812013
849,8,46,20,[   0  674 1173 1390 1454 1655 1714 1983 2094],0.02780392055346404,181.487396859821,5.493276357812013
850,8,46,40,[   0  674 1173 1390 1454 1655 1714 1983 2094],0.02780392055346404,181.487396859821,5.493276357812013
851,8,46,60,[   0  674 1390 1454 2094],0.02780392055346404,181.487396859821,5.493276357812013
852,8,47,0,[   0    2    3    6  465 1162 1390 1454 1655 1714 1983 2082 2087 2094],0.0507178017469115,181.37877541533422,6.659709285324321
853,8,47,20,[   0  465 1162 1390 1454 1655 1714 1983 2094],0.0507178017469115,181.37877541533422,6.659709285324321
854,8,47,40,[   0  465 1162 1390 1454 1655 1714 1983 2094],0.0507178017469115,181.37877541533422,6.659709285324321
855,8,47,60,[   0  465 1162 1390 1454 1714 1983 2094],0.0507178017469115,181.37877541533422,6.659709285324321
856,8,48,0,"[   0    2    3    6  442  622 1435 1486 1536 1655 1714 2087 2088 2090
 2094]",0.047042624924979966,187.16046057372066,6.184648915077577
857,8,48,20,[   0  442  622 1435 1486 1536 1655 1714 2094],0.047042624924979966,187.16046057372066,6.184648915077577
858,8,48,40,[   0  442  622 1435 1486 1536 1655 1714 2094],0.047042624924979966,187.16046057372066,6.184648915077577
859,8,48,60,[   0  442  622 1486 2094],0.047042624924979966,187.16046057372066,6.184648915077577
860,8,49,0,"[   0    2    3    6    7  442  484  530  580  748 2083 2084 2087 2090
 2094]",0.04991815777867981,202.59019564441306,4.5759538509541375
861,8,49,20,[   0  442  484  530  580  748 2094],0.04991815777867981,202.59019564441306,4.5759538509541375
862,8,49,40,[   0  442  484  530  580  748 2094],0.04991815777867981,202.59019564441306,4.5759538509541375
863,8,49,60,[   0  442  580  748 2094],0.04991815777867981,202.59019564441306,4.5759538509541375
864,8,50,0,[   0    2    3    6    7  442  530  580 1655 1714 2081 2084 2087 2094],0.049670810148093276,199.18727834971202,5.584366982820804
865,8,50,20,[   0  442  530  580 1655 1714 2094],0.049670810148093276,199.18727834971202,5.584366982820804
866,8,50,40,[   0  442  530  580 1655 1714 2094],0.049670810148093276,199.18727834971202,5.584366982820804
867,8,50,60,[   0  442  580 1714 2094],0.049670810148093276,199.18727834971202,5.584366982820804
868,9,20,0,"[   0    2    6  400  401  432  501  665  866  901 1242 1262 1716 2087
 2094]",-0.06768609244829879,64.72992697031816,8.88300998077066
869,9,20,20,[   0  401  432  866  901 2094],-0.06768609244829879,64.72992697031816,8.88300998077066
870,9,20,40,[   0  401  501  665  866 1262 1716 2094],-0.06768609244829879,64.72992697031816,8.88300998077066
871,9,20,60,[   0  401  501  665  866 1262 1716 2094],-0.06768609244829879,64.72992697031816,8.88300998077066
872,9,21,0,[   0  401  432  866  901 2094],-0.08373014526193366,68.68208178296919,10.664289584063722
873,9,21,20,[   0  401  432  866  901 2094],-0.08373014526193366,68.68208178296919,10.664289584063722
874,9,21,40,[   0   97  401  501  752  866 1262 1716 1924 2094],-0.08373014526193366,68.68208178296919,10.664289584063722
875,9,21,60,[   0   97  401  501  752  866 1262 1716 1924 2094],-0.08373014526193366,68.68208178296919,10.664289584063722
876,9,22,0,"[   0    3    6  400  401  432  501  580  866  901 1399 1429 1694 1716
 1924 2094]",-0.06651333610465328,83.66727005304111,8.41506081385971
877,9,22,20,[   0  401  432  501  580  866  901 1399 1429 1694 1716 2094],-0.06651333610465328,83.66727005304111,8.41506081385971
878,9,22,40,[   0  401  501  580  866 1399 1716 1924 2094],-0.06651333610465328,83.66727005304111,8.41506081385971
879,9,22,60,[   0  401  501  580  866 1399 1716 1924 2094],-0.06651333610465328,83.66727005304111,8.41506081385971
880,9,23,0,"[   0   59   97  187  400  401  432  436  484  651  866  901 1399 1435
 1978 2094]",-0.04568215386101188,93.74972402199222,8.059292895687618
881,9,23,20,[   0  401  432  866  901 1399 1435 2094],-0.04568215386101188,93.74972402199222,8.059292895687618
882,9,23,40,[   0   59  187  401  484  651  866 1399 2094],-0.04568215386101188,93.74972402199222,8.059292895687618
883,9,23,60,[   0  187  401  484  651  866 1399 2094],-0.04568215386101188,93.74972402199222,8.059292895687618
884,9,24,0,[   0  399  448  612  866  901 1056 1268 1362 1393 1497 2094],-0.029715146064285602,89.86836619306128,8.614128888382398
885,9,24,20,[   0  399  448  612  866  901 1056 1268 1362 1393 1497 2094],-0.029715146064285602,89.86836619306128,8.614128888382398
886,9,24,40,[   0   97  399  448  612  866 1056 1268 1393 1497 2094],-0.029715146064285602,89.86836619306128,8.614128888382398
887,9,24,60,[   0   97  448  612  866 1056 1268 1393 1497 1924 2094],-0.029715146064285602,89.86836619306128,8.614128888382398
888,9,25,0,"[   0   59   97  294  399  442  484  651  866  897 1032 1399 1435 2087
 2094]",-0.04002018483978742,97.7264894421057,8.366320514226585
889,9,25,20,[   0   59   97  294  399  442  484  651  866  897 1032 1399 1435 2094],-0.04002018483978742,97.7264894421057,8.366320514226585
890,9,25,40,[   0   59  294  399  442  484  651  866 1032 1399 2094],-0.04002018483978742,97.7264894421057,8.366320514226585
891,9,25,60,[   0  294  442  651  866 1032 1399 2094],-0.04002018483978742,97.7264894421057,8.366320514226585
892,9,26,0,"[   0   59   97  294 1075 1234 1268 1399 1454 1524 1919 1968 2083 2087
 2094]",0.08929275390283561,107.5594490365421,6.089349529780529
893,9,26,20,[   0   59   97  294 1075 1234 1268 1399 1454 1524 1919 1942 1968 2094],0.08929275390283561,107.5594490365421,6.089349529780529
894,9,26,40,[   0   59  294 1075 1234 1399 1454 1524 1919 1968 2094],0.08929275390283561,107.5594490365421,6.089349529780529
895,9,26,60,[   0  294 1075 1234 1454 1524 1919 2094],0.08929275390283561,107.5594490365421,6.089349529780529
896,9,27,0,"[   0    3    6   59  275  484  609  644  651  674  818 1268 1362 1393
 1524 2087 2094]",-0.01629799614260178,99.35474336536825,7.2989422374437884
897,9,27,20,[   0   59  275  484  609  651  674  818 1268 1362 1393 1524 2094],-0.01629799614260178,99.35474336536825,7.2989422374437884
898,9,27,40,[   0   59  275  484  609  651  818 1268 1393 1524 2094],-0.01629799614260178,99.35474336536825,7.2989422374437884
899,9,27,60,[   0  275  484  609  818 1268 1393 1524 2094],-0.01629799614260178,99.35474336536825,7.2989422374437884
900,9,28,0,"[   0   59   95  296  484  530  580  651 1075 1234 1354 1382 1399 1429
 1924 1935 2094]",0.031062387870532095,92.34614849124209,10.30258468754824
901,9,28,20,"[   0   59   95  296  484  530  580  651 1075 1234 1354 1399 1429 1924
 2094]",0.031062387870532095,92.34614849124209,10.30258468754824
902,9,28,40,[   0   59  296  484  530  580  651 1075 1234 1354 1399 1924 2094],0.031062387870532095,92.34614849124209,10.30258468754824
903,9,28,60,[   0  296  484  580  651 1075 1234 1924 2094],0.031062387870532095,92.34614849124209,10.30258468754824
904,9,29,0,[   0   97  158  375  383  436  661 1075 1239 1268 1391 1430 2087 2094],-0.03395924962577626,97.03137941812938,8.55883714294039
905,9,29,20,[   0  383  436  661 1075 1268 1391 1430 2094],-0.03395924962577626,97.03137941812938,8.55883714294039
906,9,29,40,[   0  383  436 1075 1268 2094],-0.03395924962577626,97.03137941812938,8.55883714294039
907,9,29,60,[   0   97  158  436  661 1075 1268 1391 1524 2094],-0.03395924962577626,97.03137941812938,8.55883714294039
908,9,30,0,[   0  383  432  866  897 2081 2087 2094],-0.020961433749965078,107.81227144933466,7.880953607526465
909,9,30,20,[   0  383  432  866  897 2094],-0.020961433749965078,107.81227144933466,7.880953607526465
910,9,30,40,[   0  383  432  866 2094],-0.020961433749965078,107.81227144933466,7.880953607526465
911,9,30,60,[   0   95  296  432  866 1393 1524 1919 2094],-0.020961433749965078,107.81227144933466,7.880953607526465
912,9,31,0,[   0  383  401  432  866  897 1268 1354 1393 1524 2094],-0.03592214670505535,104.59061728838863,9.856916094307943
913,9,31,20,[   0  401  432  866  897 2094],-0.03592214670505535,104.59061728838863,9.856916094307943
914,9,31,40,[   0   97  432  866 1268 1393 1524 2094],-0.03592214670505535,104.59061728838863,9.856916094307943
915,9,31,60,[   0   97  432  866 1268 1393 1524 2094],-0.03592214670505535,104.59061728838863,9.856916094307943
916,9,32,0,[   0   59   97  383  436  785 1077 1253 2082 2087 2094],0.003885772015675425,121.67301140082206,7.1391489182263825
917,9,32,20,[   0  383  436  785 2094],0.003885772015675425,121.67301140082206,7.1391489182263825
918,9,32,40,[   0  383  436  785 2094],0.003885772015675425,121.67301140082206,7.1391489182263825
919,9,32,60,[   0  436  661  785 1077 1268 1524 1919 2094],0.003885772015675425,121.67301140082206,7.1391489182263825
920,9,33,0,[   0  383  436  866  897 1417 1454 2094],-0.018266283709520652,119.27499318980107,6.654933565039537
921,9,33,20,[   0  383  436  866  897 1417 1454 2094],-0.018266283709520652,119.27499318980107,6.654933565039537
922,9,33,40,[   0  383  436  866 2094],-0.018266283709520652,119.27499318980107,6.654933565039537
923,9,33,60,[   0  436  651  866 1162 1234 1454 2094],-0.018266283709520652,119.27499318980107,6.654933565039537
924,9,34,0,"[   0    2    6   59  530  580  749 1021 1234 1268 1497 1714 1866 1919
 2087 2089 2090 2094]",0.11019559425845672,129.6272525171184,10.217354691504932
925,9,34,20,[   0   59  530  580  749 1021 1234 1268 1497 1714 1866 1919 2094],0.11019559425845672,129.6272525171184,10.217354691504932
926,9,34,40,[   0   59  530  580  749 1021 1268 1497 1866 1919 2094],0.11019559425845672,129.6272525171184,10.217354691504932
927,9,34,60,[   0  530  749 1021 1268 1497 1714 1919 2094],0.11019559425845672,129.6272525171184,10.217354691504932
928,9,35,0,"[   0    2    6   59  194  234  530  580  984 1021 1435 1458 1524 1993
 2060 2084 2087 2094]",0.033181446340429153,131.280906034291,7.31782884670542
929,9,35,20,[   0   59  194  234  530  580  984 1021 1435 1458 1524 1993 2060 2094],0.033181446340429153,131.280906034291,7.31782884670542
930,9,35,40,[   0   59  234  530  580  984 1458 1524 1993 2094],0.033181446340429153,131.280906034291,7.31782884670542
931,9,35,60,[   0  234  530  984 1458 1524 1993 2094],0.033181446340429153,131.280906034291,7.31782884670542
932,9,36,0,"[   0    3    6   59  234  383  439  984 1021 1474 1524 2082 2087 2090
 2094]",-0.009558805565265133,140.5878495075106,7.914987193387118
933,9,36,20,[   0  383  439 2094],-0.009558805565265133,140.5878495075106,7.914987193387118
934,9,36,40,[   0  383  439 2094],-0.009558805565265133,140.5878495075106,7.914987193387118
935,9,36,60,[   0  234  383  498  984 1474 2094],-0.009558805565265133,140.5878495075106,7.914987193387118
936,9,37,0,[   0    2    6  281  398  442  566  580 1234 1714 2082 2087 2090 2094],0.029296301859175155,151.225277211822,7.168273505848142
937,9,37,20,[   0  398  442  580 2094],0.029296301859175155,151.225277211822,7.168273505848142
938,9,37,40,[   0  398  442  580 2094],0.029296301859175155,151.225277211822,7.168273505848142
939,9,37,60,[   0  281  442  580 1234 1714 2094],0.029296301859175155,151.225277211822,7.168273505848142
940,9,38,0,[   0  234  398  442 1077 1253 1474 2082 2087 2094],0.047369624350030816,151.98556796020176,7.756896921927309
941,9,38,20,[   0  398  442 1077 1253 1474 2094],0.047369624350030816,151.98556796020176,7.756896921927309
942,9,38,40,[   0  398  442 1077 1253 1474 2094],0.047369624350030816,151.98556796020176,7.756896921927309
943,9,38,60,[   0  234  442 1077 1253 1474 2094],0.047369624350030816,151.98556796020176,7.756896921927309
944,9,39,0,[   0  234  398  442 1077 1253 1474 2082 2087 2094],0.055631297262826576,151.8639173902035,8.46926724940923
945,9,39,20,[   0  398  442 1077 1253 1474 2094],0.055631297262826576,151.8639173902035,8.46926724940923
946,9,39,40,[   0  398  442 1077 1253 1474 2094],0.055631297262826576,151.8639173902035,8.46926724940923
947,9,39,60,[   0  234  442 1077 1253 1474 2094],0.055631297262826576,151.8639173902035,8.46926724940923
948,9,40,0,[   0  398  442  465 1089 1130 1338 2084 2087 2094],0.05695547439838033,153.0243339517729,7.316695358572485
949,9,40,20,[   0  398  442  465 1089 1130 1338 2094],0.05695547439838033,153.0243339517729,7.316695358572485
950,9,40,40,[   0  398  442 1089 1130 2094],0.05695547439838033,153.0243339517729,7.316695358572485
951,9,40,60,[   0  442 1089 1338 1714 1983 2094],0.05695547439838033,153.0243339517729,7.316695358572485
952,9,41,0,"[   0    2    6  530  580  985 1077 1253 1373 1655 1714 1753 1971 2082
 2084 2087 2094]",0.048309255968333825,153.26907777040356,5.560985176478537
953,9,41,20,[   0  530  580  985 1077 1253 1373 1655 1714 1753 1971 2094],0.048309255968333825,153.26907777040356,5.560985176478537
954,9,41,40,[   0  530  580  985 1077 1253 1373 1655 1753 1971 2094],0.048309255968333825,153.26907777040356,5.560985176478537
955,9,41,60,[   0  530  985 1077 1253 1373 1655 1753 1971 2094],0.048309255968333825,153.26907777040356,5.560985176478537
956,9,42,0,"[   0    2    3    6  442  530  580 1077 1253 1338 1379 1655 1714 1971
 2082 2084 2087 2094]",0.06700194773134947,162.56375773156245,5.551487061544247
957,9,42,20,[   0  442  530  580 1077 1253 1338 1379 1655 1714 1971 2094],0.06700194773134947,162.56375773156245,5.551487061544247
958,9,42,40,[   0  442  530  580 1077 1253 1338 1379 1655 1714 1971 2094],0.06700194773134947,162.56375773156245,5.551487061544247
959,9,42,60,[   0  442  580 1077 1253 1714 2094],0.06700194773134947,162.56375773156245,5.551487061544247
960,9,43,0,[   0  398  436 2084 2087 2094],0.028046329369012222,158.85384313514362,7.348936372904922
961,9,43,20,[   0  398  436 2094],0.028046329369012222,158.85384313514362,7.348936372904922
962,9,43,40,[   0  436 1338 1382 1655 1714 1758 1983 2094],0.028046329369012222,158.85384313514362,7.348936372904922
963,9,43,60,[   0  436 1338 1714 1983 2094],0.028046329369012222,158.85384313514362,7.348936372904922
964,9,44,0,[   0  398  439  748 1056 1168 2072 2087 2094],0.02062049842751228,160.39374238679514,4.786748973712452
965,9,44,20,[   0  398  439  748 1056 1168 2094],0.02062049842751228,160.39374238679514,4.786748973712452
966,9,44,40,[   0  398  439  748 1056 1168 2094],0.02062049842751228,160.39374238679514,4.786748973712452
967,9,44,60,[   0  439  748 1056 1168 1338 1435 2094],0.02062049842751228,160.39374238679514,4.786748973712452
968,9,45,0,"[   0    2    6  442  484  622  748 1127 1173 1486 1533 1983 2083 2087
 2090 2094]",0.0381478746465271,175.1255569677959,5.282422616831919
969,9,45,20,[   0  442  484  622  748 1127 1173 1486 1533 1983 2094],0.0381478746465271,175.1255569677959,5.282422616831919
970,9,45,40,[   0  442  484  622  748 1127 1173 1486 1533 1983 2094],0.0381478746465271,175.1255569677959,5.282422616831919
971,9,45,60,[   0  442  622  748 1173 1486 1983 2094],0.0381478746465271,175.1255569677959,5.282422616831919
972,9,46,0,"[   0    2    6  439  674 1127 1173 1390 1454 1655 1714 1983 2079 2083
 2087 2094]",0.007158890630350876,165.6579761647419,5.6503190327692785
973,9,46,20,[   0  439  674 1127 1173 1390 1454 1655 1714 1983 2094],0.007158890630350876,165.6579761647419,5.6503190327692785
974,9,46,40,[   0  439  674 1127 1173 1390 1454 1655 1714 1983 2094],0.007158890630350876,165.6579761647419,5.6503190327692785
975,9,46,60,[   0  439  674 1390 1454 2094],0.007158890630350876,165.6579761647419,5.6503190327692785
976,9,47,0,"[   0    2    6  465  484  748 1162 1390 1454 1655 1714 1983 2082 2087
 2094]",0.05011576157131118,162.38982783009862,5.919585726635187
977,9,47,20,[   0  484  748 1162 1390 1454 1655 1714 1983 2094],0.05011576157131118,162.38982783009862,5.919585726635187
978,9,47,40,[   0  484  748 1162 1390 1454 1655 1714 1983 2094],0.05011576157131118,162.38982783009862,5.919585726635187
979,9,47,60,[   0  484  748 1390 1454 2094],0.05011576157131118,162.38982783009862,5.919585726635187
980,9,48,0,"[   0    2    6  442  622 1435 1483 1536 1655 1714 2083 2087 2088 2090
 2094]",0.04493011393458884,171.40332034045633,6.581537139758968
981,9,48,20,[   0  442  622 1435 1483 1536 1655 1714 2094],0.04493011393458884,171.40332034045633,6.581537139758968
982,9,48,40,[   0  442  622 1435 1483 1536 1655 1714 2094],0.04493011393458884,171.40332034045633,6.581537139758968
983,9,48,60,[   0  442  622 2094],0.04493011393458884,171.40332034045633,6.581537139758968
984,9,49,0,"[   0    2    6    7  442  484  530  580  748 1056 1144 2084 2087 2090
 2094]",0.048796424592622414,183.55430204651216,5.011610815038242
985,9,49,20,[   0  442  484  530  580  748 1056 1144 2094],0.048796424592622414,183.55430204651216,5.011610815038242
986,9,49,40,[   0  442  484  530  580  748 1056 1144 2094],0.048796424592622414,183.55430204651216,5.011610815038242
987,9,49,60,[   0  442  580  748 1056 1144 2094],0.048796424592622414,183.55430204651216,5.011610815038242
988,9,50,0,"[   0    2    3    6    7  442  530  580 1272 1612 1655 1714 2081 2084
 2087 2094]",0.046466628918833554,179.96011381395138,4.699057763204738
989,9,50,20,[   0  442  530  580 1272 1612 1655 1714 2094],0.046466628918833554,179.96011381395138,4.699057763204738
990,9,50,40,[   0  442  530  580 1272 1612 1655 1714 2094],0.046466628918833554,179.96011381395138,4.699057763204738
991,9,50,60,[   0  442  580 1272 1714 2094],0.046466628918833554,179.96011381395138,4.699057763204738
992,10,20,0,"[   0    2    6  400  401  432  501  645  665  866  901 1242 1262 1716
 2087 2094]",-0.0914158250476388,64.0539620662581,12.65543719831096
993,10,20,20,[   0  401  432  866  901 2094],-0.0914158250476388,64.0539620662581,12.65543719831096
994,10,20,40,[   0  401  501  645  752  866 1262 1716 2094],-0.0914158250476388,64.0539620662581,12.65543719831096
995,10,20,60,[   0  401  501  645  752  866 1262 1716 2094],-0.0914158250476388,64.0539620662581,12.65543719831096
996,10,21,0,[   0  401  432  866  901 1262 1369 1399 2094],-0.08105720910753025,65.65450615794887,10.771703684113552
997,10,21,20,[   0  401  432  866  901 1262 1369 1399 2094],-0.08105720910753025,65.65450615794887,10.771703684113552
998,10,21,40,[   0   97  401  501  752  866 1262 1369 1716 1924 2094],-0.08105720910753025,65.65450615794887,10.771703684113552
999,10,21,60,[   0   97  401  501  752  866 1262 1369 1716 1924 2094],-0.08105720910753025,65.65450615794887,10.771703684113552
1000,10,22,0,"[   0    3    6  400  401  432  501  580  866  901 1399 1429 1694 1716
 1919 1924 2087 2094]",-0.06804599203954569,78.66399526930267,7.4536163409531095
1001,10,22,20,[   0  401  432  501  580  866  901 1399 1429 1694 1716 2094],-0.06804599203954569,78.66399526930267,7.4536163409531095
1002,10,22,40,[   0  401  501  580  866 1399 1716 1919 2094],-0.06804599203954569,78.66399526930267,7.4536163409531095
1003,10,22,60,[   0  401  501  580  866 1399 1716 1919 2094],-0.06804599203954569,78.66399526930267,7.4536163409531095
1004,10,23,0,"[   0   59   97  187  400  401  432  436  484  651  866  901 1399 1435
 1919 1978 2087 2094]",-0.04149232759145818,87.88497426059165,8.798008557991565
1005,10,23,20,[   0  401  432  866  901 1399 1435 2094],-0.04149232759145818,87.88497426059165,8.798008557991565
1006,10,23,40,[   0   59  187  401  484  651  866 1399 1919 1978 2094],-0.04149232759145818,87.88497426059165,8.798008557991565
1007,10,23,60,[   0  187  401  484  651  866 1399 1919 2094],-0.04149232759145818,87.88497426059165,8.798008557991565
1008,10,24,0,"[   0   97  399  448  484  612  638  651  866  901 1056 1234 1268 1362
 1393 1497 2094]",-0.036099897053224174,85.78775854487,8.671380424139667
1009,10,24,20,"[   0   97  399  448  484  612  651  866  901 1056 1234 1268 1362 1393
 1497 2094]",-0.036099897053224174,85.78775854487,8.671380424139667
1010,10,24,40,[   0   97  399  448  612  866 1056 1268 1393 1497 2094],-0.036099897053224174,85.78775854487,8.671380424139667
1011,10,24,60,[   0   97  448  612  866 1056 1268 1393 1497 1924 2094],-0.036099897053224174,85.78775854487,8.671380424139667
1012,10,25,0,"[   0   59   97  294  399  442  484  651  866  897 1032 1056 1064 1234
 1399 1435 2087 2094]",-0.03859601998535865,93.1333702830844,9.694544790955273
1013,10,25,20,"[   0   59   97  294  399  442  484  651  866  897 1032 1056 1234 1399
 1435 2094]",-0.03859601998535865,93.1333702830844,9.694544790955273
1014,10,25,40,[   0   59  294  399  442  484  651  866 1056 1234 1435 2094],-0.03859601998535865,93.1333702830844,9.694544790955273
1015,10,25,60,[   0  294  442  651  866 1056 1234 1435 2094],-0.03859601998535865,93.1333702830844,9.694544790955273
1016,10,26,0,"[   0   59   97  294  651 1075 1234 1268 1399 1454 1524 1919 1968 2083
 2087 2094]",0.02264747208527722,96.2100852416732,7.371956205765114
1017,10,26,20,"[   0   59   97  294  651 1075 1234 1268 1399 1454 1524 1919 1942 1968
 2094]",0.02264747208527722,96.2100852416732,7.371956205765114
1018,10,26,40,[   0   59  294  651 1075 1234 1399 1454 1524 1919 1968 2094],0.02264747208527722,96.2100852416732,7.371956205765114
1019,10,26,60,[   0  294  651 1075 1234 1454 1524 1919 2094],0.02264747208527722,96.2100852416732,7.371956205765114
1020,10,27,0,"[   0    3    6   59  275  484  609  644  651  674  818 1075 1239 1268
 1362 1393 1524 2087 2094]",-0.014049878969595411,94.04345407430765,7.552939848978783
1021,10,27,20,[   0   59  275  484  609  651  674 1075 1239 1268 1362 1393 1524 2094],-0.014049878969595411,94.04345407430765,7.552939848978783
1022,10,27,40,[   0   59  275  484  609  651  818 1075 1268 1393 1524 2094],-0.014049878969595411,94.04345407430765,7.552939848978783
1023,10,27,60,[   0  275  484  609  818 1075 1268 1393 1524 2094],-0.014049878969595411,94.04345407430765,7.552939848978783
1024,10,28,0,"[   0    6   59   95  296  484  530  580  651 1075 1234 1268 1354 1382
 1399 1429 1524 1924 1935 2094]",0.03579774362224773,87.78363666204422,9.885313479191023
1025,10,28,20,"[   0   59   95  296  484  530  580  651 1075 1234 1268 1354 1399 1429
 1524 1924 2094]",0.03579774362224773,87.78363666204422,9.885313479191023
1026,10,28,40,[   0   59  296  484  530  580  651 1075 1268 1354 1399 1524 1924 2094],0.03579774362224773,87.78363666204422,9.885313479191023
1027,10,28,60,[   0  296  484  580  651 1075 1268 1399 1524 1924 2094],0.03579774362224773,87.78363666204422,9.885313479191023
1028,10,29,0,"[   0   97  158  375  383  436  661 1075 1239 1268 1391 1430 1919 1956
 2087 2094]",-0.028573176958728602,91.94484420434343,9.311482392546598
1029,10,29,20,[   0  383  436  661 1075 1268 1391 1430 2094],-0.028573176958728602,91.94484420434343,9.311482392546598
1030,10,29,40,[   0  383  436 1075 1268 2094],-0.028573176958728602,91.94484420434343,9.311482392546598
1031,10,29,60,[   0   97  158  436  661 1075 1268 1391 1524 1919 2094],-0.028573176958728602,91.94484420434343,9.311482392546598
1032,10,30,0,[   0  383  432  866  897 2081 2087 2094],-0.021817980166285576,101.91379817415131,7.364303643666657
1033,10,30,20,[   0  383  432  866  897 2094],-0.021817980166285576,101.91379817415131,7.364303643666657
1034,10,30,40,[   0  383  432  866 2094],-0.021817980166285576,101.91379817415131,7.364303643666657
1035,10,30,60,[   0   95  296  383  484  651  866 1393 1524 1919 2094],-0.021817980166285576,101.91379817415131,7.364303643666657
1036,10,31,0,[   0  383  401  432  866  897 1268 1354 1393 1524 2082 2087 2094],-0.03204433125020949,98.63060458202766,10.180446596044797
1037,10,31,20,[   0  401  432  866  897 2094],-0.03204433125020949,98.63060458202766,10.180446596044797
1038,10,31,40,[   0   97  432  866 1268 1393 1524 1919 2094],-0.03204433125020949,98.63060458202766,10.180446596044797
1039,10,31,60,[   0   97  432  866 1268 1393 1524 1919 2094],-0.03204433125020949,98.63060458202766,10.180446596044797
1040,10,32,0,[   0   59   97  383  436  773 1077 1253 2082 2087 2094],-0.04772632225123737,110.86488950815684,6.697532839705325
1041,10,32,20,[   0  383  436  773 2094],-0.04772632225123737,110.86488950815684,6.697532839705325
1042,10,32,40,[   0  383  436  773 2094],-0.04772632225123737,110.86488950815684,6.697532839705325
1043,10,32,60,[   0  436  661  773 1077 1268 1524 1919 2094],-0.04772632225123737,110.86488950815684,6.697532839705325
1044,10,33,0,[   0  383  436  866  897 2094],-0.013365800213364401,111.3296627562655,7.150111026122815
1045,10,33,20,[   0  383  436  866  897 2094],-0.013365800213364401,111.3296627562655,7.150111026122815
1046,10,33,40,[   0  383  436  866 2094],-0.013365800213364401,111.3296627562655,7.150111026122815
1047,10,33,60,[   0  436  651  866 1162 1268 1454 1524 2094],-0.013365800213364401,111.3296627562655,7.150111026122815
1048,10,34,0,"[   0    2    6   59  530  580  749  785  984 1021 1234 1268 1497 1714
 1866 1919 2087 2089 2090 2094]",0.11201860589252105,120.47564105829699,10.210732218596949
1049,10,34,20,"[   0   59  530  580  749  785  984 1021 1234 1268 1497 1714 1866 1919
 2094]",0.11201860589252105,120.47564105829699,10.210732218596949
1050,10,34,40,[   0   59  530  580  785 1021 1268 1497 1866 1919 2094],0.11201860589252105,120.47564105829699,10.210732218596949
1051,10,34,60,[   0  530  785 1021 1268 1497 1714 1919 2094],0.11201860589252105,120.47564105829699,10.210732218596949
1052,10,35,0,"[   0    2    6   59  194  234  530  580  984 1021 1130 1338 1435 1458
 1524 1993 2060 2084 2087 2094]",0.004464256128369193,120.79426177731001,7.302330297304721
1053,10,35,20,"[   0   59  194  234  530  580  984 1021 1130 1338 1435 1458 1524 1993
 2060 2094]",0.004464256128369193,120.79426177731001,7.302330297304721
1054,10,35,40,[   0   59  234  530  580  984 1130 1338 1458 1524 1993 2094],0.004464256128369193,120.79426177731001,7.302330297304721
1055,10,35,60,[   0  234  530  984 1130 1338 1458 1524 1993 2094],0.004464256128369193,120.79426177731001,7.302330297304721
1056,10,36,0,"[   0    3    6   59  234  383  439  984 1021 1235 1417 1474 1524 2082
 2087 2090 2094]",-0.016819632582383726,129.09707814340004,7.619453845886648
1057,10,36,20,[   0   59  234  383  439  984 1021 1235 1417 1474 1524 2094],-0.016819632582383726,129.09707814340004,7.619453845886648
1058,10,36,40,[   0  383  439  984 1235 1474 2094],-0.016819632582383726,129.09707814340004,7.619453845886648
1059,10,36,60,[   0  234  383  498  984 1235 1474 2094],-0.016819632582383726,129.09707814340004,7.619453845886648
1060,10,37,0,"[   0    2    6  281  398  442  566  622 1128 1234 1714 2082 2087 2090
 2094]",0.03172715643671359,140.99295478695686,7.035867211271841
1061,10,37,20,[   0  398  442  622 2094],0.03172715643671359,140.99295478695686,7.035867211271841
1062,10,37,40,[   0  398  442  622 2094],0.03172715643671359,140.99295478695686,7.035867211271841
1063,10,37,60,[   0  281  442  622 1128 1234 1714 2094],0.03172715643671359,140.99295478695686,7.035867211271841
1064,10,38,0,[   0  234  398  442  465  471  804 1077 1253 1474 2082 2087 2094],0.017717198455805716,138.30581074572413,7.274140240762476
1065,10,38,20,[   0  234  398  442  465  804 1077 1253 1474 2094],0.017717198455805716,138.30581074572413,7.274140240762476
1066,10,38,40,[   0  234  398  442  804 1077 1253 1474 2094],0.017717198455805716,138.30581074572413,7.274140240762476
1067,10,38,60,[   0  234  442  804 1077 1253 1474 2094],0.017717198455805716,138.30581074572413,7.274140240762476
1068,10,39,0,[   0  234  398  442 1077 1130 1253 1474 2082 2087 2094],0.04802549602348202,140.79928686087877,7.289221306303912
1069,10,39,20,[   0  234  398  442 1077 1130 1253 1474 2094],0.04802549602348202,140.79928686087877,7.289221306303912
1070,10,39,40,[   0  234  398  442 1077 1130 1253 1474 2094],0.04802549602348202,140.79928686087877,7.289221306303912
1071,10,39,60,[   0  234  442 1077 1253 1474 2094],0.04802549602348202,140.79928686087877,7.289221306303912
1072,10,40,0,[   0    2    6  398  442  465  985 1089 1130 1338 1714 2084 2087 2094],0.020425212702453014,141.6283989642459,7.026056110124569
1073,10,40,20,[   0  398  442  465 1089 1130 1338 2094],0.020425212702453014,141.6283989642459,7.026056110124569
1074,10,40,40,[   0  398  442 1089 1130 2094],0.020425212702453014,141.6283989642459,7.026056110124569
1075,10,40,60,[   0  442  985 1130 1338 1655 1753 1983 2094],0.020425212702453014,141.6283989642459,7.026056110124569
1076,10,41,0,"[   0    2    3    6  439  530  580  886  985 1077 1253 1373 1655 1714
 1753 1971 2082 2084 2087 2094]",0.024938762193467755,141.95509533721918,5.859937538200472
1077,10,41,20,[   0  439  530  580  886  985 1077 1253 1373 1655 1714 1753 1971 2094],0.024938762193467755,141.95509533721918,5.859937538200472
1078,10,41,40,[   0  439  530  580  886  985 1077 1253 1373 1655 1753 1971 2094],0.024938762193467755,141.95509533721918,5.859937538200472
1079,10,41,60,[   0  439  580  886  985 1077 1253 1373 1655 1753 1971 2094],0.024938762193467755,141.95509533721918,5.859937538200472
1080,10,42,0,"[   0    2    6  442  530  580 1077 1253 1338 1379 1400 1655 1714 1971
 1983 2082 2084 2087 2094]",0.05576369339233492,150.00349530656328,7.128745317193987
1081,10,42,20,[   0  442  530  580 1077 1253 1338 1379 1400 1655 1714 1983 2094],0.05576369339233492,150.00349530656328,7.128745317193987
1082,10,42,40,[   0  442  530  580 1077 1253 1338 1400 1655 1714 1983 2094],0.05576369339233492,150.00349530656328,7.128745317193987
1083,10,42,60,[   0  442  580 1077 1253 1338 1400 1655 1983 2094],0.05576369339233492,150.00349530656328,7.128745317193987
1084,10,43,0,"[   0    2    6  398  436  465 1338 1373 1382 1714 1758 1971 1983 2084
 2087 2094]",0.02125646240620727,147.13286179404767,6.994987713247255
1085,10,43,20,[   0  398  436 2094],0.02125646240620727,147.13286179404767,6.994987713247255
1086,10,43,40,[   0  436 1338 1655 1714 1758 1971 2094],0.02125646240620727,147.13286179404767,6.994987713247255
1087,10,43,60,[   0  436 1338 1655 1758 1971 2094],0.02125646240620727,147.13286179404767,6.994987713247255
1088,10,44,0,[   0  398  439  465  484  748 1056 1168 1435 1971 2072 2087 2094],0.011586113055310753,148.06799380706093,4.717864915186086
1089,10,44,20,[   0  398  439  748 1056 1168 2094],0.011586113055310753,148.06799380706093,4.717864915186086
1090,10,44,40,[   0  398  439  748 1056 1168 2094],0.011586113055310753,148.06799380706093,4.717864915186086
1091,10,44,60,[   0  439  748 1056 1168 1338 1435 2094],0.011586113055310753,148.06799380706093,4.717864915186086
1092,10,45,0,"[   0    2    6  442  484  622  748 1056 1127 1168 1173 1486 1533 1983
 2083 2087 2090 2094]",0.03663892756662735,160.87419082721033,5.927199353557346
1093,10,45,20,[   0  442  484  622  748 1056 1127 1168 1486 1533 1983 2094],0.03663892756662735,160.87419082721033,5.927199353557346
1094,10,45,40,[   0  442  484  622  748 1056 1127 1168 1486 1533 1983 2094],0.03663892756662735,160.87419082721033,5.927199353557346
1095,10,45,60,[   0  442  622 1056 1168 1486 2094],0.03663892756662735,160.87419082721033,5.927199353557346
1096,10,46,0,"[   0    2    3    6  439  484  674  748 1127 1173 1390 1454 1655 1714
 1983 2079 2083 2087 2094]",0.006623874371453932,150.01791972257053,5.737623524724957
1097,10,46,20,[   0  439  484  674  748 1127 1173 1390 1454 1655 1714 1983 2094],0.006623874371453932,150.01791972257053,5.737623524724957
1098,10,46,40,[   0  439  484  674  748 1127 1173 1390 1454 1655 1714 1983 2094],0.006623874371453932,150.01791972257053,5.737623524724957
1099,10,46,60,[   0  439  674  748 1127 1390 1454 1714 1983 2094],0.006623874371453932,150.01791972257053,5.737623524724957
1100,10,47,0,"[   0    2    6   60  187  465  484  748 1162 1390 1454 1655 1714 1983
 2082 2087 2094]",0.04518143672022196,149.15381436895728,5.407700258598917
1101,10,47,20,[   0   60  187  484  748 1162 1390 1454 1655 1714 1983 2094],0.04518143672022196,149.15381436895728,5.407700258598917
1102,10,47,40,[   0   60  187  484  748 1162 1390 1454 1655 1714 1983 2094],0.04518143672022196,149.15381436895728,5.407700258598917
1103,10,47,60,[   0  187  484  748 1390 1454 2094],0.04518143672022196,149.15381436895728,5.407700258598917
1104,10,48,0,"[   0    2    3    6  442  484  622  748 1435 1483 1486 1536 1655 1714
 2083 2087 2088 2090 2094]",0.04469696216548785,156.42847365258288,5.758516590263429
1105,10,48,20,[   0  442  484  622  748 1435 1483 1536 1655 1714 2094],0.04469696216548785,156.42847365258288,5.758516590263429
1106,10,48,40,[   0  442  484  622  748 1435 1483 1536 1655 1714 2094],0.04469696216548785,156.42847365258288,5.758516590263429
1107,10,48,60,[   0  442  622  748 1536 1655 2094],0.04469696216548785,156.42847365258288,5.758516590263429
1108,10,49,0,"[   0    2    6    7  442  484  530  580  748 1056 1144 1272 1655 2084
 2087 2090 2094]",0.04699871388891754,169.8793778778188,5.627676462069295
1109,10,49,20,[   0  442  484  530  580  748 1056 1144 1272 1655 2094],0.04699871388891754,169.8793778778188,5.627676462069295
1110,10,49,40,[   0  442  484  530  580  748 1056 1144 1272 1655 2094],0.04699871388891754,169.8793778778188,5.627676462069295
1111,10,49,60,[   0  442  580  748 1056 1144 1272 1655 2094],0.04699871388891754,169.8793778778188,5.627676462069295
1112,10,50,0,"[   0    2    6    7  442  530  580 1056 1144 1272 1612 1655 1714 2081
 2084 2087 2094]",0.04487811531424343,164.60626510473378,5.050091119113835
1113,10,50,20,[   0  442  530  580 1056 1144 1272 1612 1655 1714 2094],0.04487811531424343,164.60626510473378,5.050091119113835
1114,10,50,40,[   0  442  530  580 1056 1144 1272 1612 1655 1714 2094],0.04487811531424343,164.60626510473378,5.050091119113835
1115,10,50,60,[   0  442  580 1056 1144 1272 1714 2094],0.04487811531424343,164.60626510473378,5.050091119113835
1116,11,20,0,"[   0    2    6  400  401  432  501  645  665  866  901 1242 1262 1399
 1429 2087 2094]",-0.085393551961116,62.015817414639734,11.973404705924166
1117,11,20,20,[   0  401  432  866  901 1399 1429 2094],-0.085393551961116,62.015817414639734,11.973404705924166
1118,11,20,40,[   0  401  501  645  752  866 1262 1429 2094],-0.085393551961116,62.015817414639734,11.973404705924166
1119,11,20,60,[   0  401  501  645  752  866 1262 1429 2094],-0.085393551961116,62.015817414639734,11.973404705924166
1120,11,21,0,"[   0   59   97  187  398  401  432  752  866  901 1241 1262 1369 1399
 1716 1887 1924 2094]",-0.08015067161751178,63.03200374496521,9.039386631564684
1121,11,21,20,[   0   59   97  187  401  432  866  901 1241 1262 1369 1399 2094],-0.08015067161751178,63.03200374496521,9.039386631564684
1122,11,21,40,[   0   59  187  401  501  752  866 1262 1369 1716 1924 2094],-0.08015067161751178,63.03200374496521,9.039386631564684
1123,11,21,60,[   0  187  401  501  752  866 1262 1369 1716 1924 2094],-0.08015067161751178,63.03200374496521,9.039386631564684
1124,11,22,0,"[   0    3    6  400  401  432  501  580  866  901 1021 1144 1399 1429
 1694 1716 1919 1924 2087 2094]",-0.0638640997265497,74.72877057862169,7.694922088921691
1125,11,22,20,"[   0  401  432  501  580  866  901 1021 1144 1399 1429 1694 1716 1919
 2094]",-0.0638640997265497,74.72877057862169,7.694922088921691
1126,11,22,40,[   0  401  501  580  866 1021 1144 1399 1716 1919 2094],-0.0638640997265497,74.72877057862169,7.694922088921691
1127,11,22,60,[   0  401  501  580  866 1021 1144 1399 1716 1919 2094],-0.0638640997265497,74.72877057862169,7.694922088921691
1128,11,23,0,"[   0   59   97  187  400  401  432  436  484  651  866  901 1021 1144
 1399 1435 1919 1978 2087 2094]",-0.03598918534990679,83.29156167118413,8.869003539405174
1129,11,23,20,[   0  401  432  866  901 1399 1435 2094],-0.03598918534990679,83.29156167118413,8.869003539405174
1130,11,23,40,[   0   59  187  401  484  651  866 1021 1144 1435 1919 1978 2094],-0.03598918534990679,83.29156167118413,8.869003539405174
1131,11,23,60,[   0  187  401  484  651  866 1021 1144 1435 1919 2094],-0.03598918534990679,83.29156167118413,8.869003539405174
1132,11,24,0,"[   0   59   97  187  399  448  484  612  638  651  866  901 1056 1234
 1268 1362 1393 1497 2094]",-0.038347314402938454,81.87210855059341,12.960070887945362
1133,11,24,20,"[   0   59   97  187  399  448  484  612  651  866  901 1056 1234 1268
 1362 1393 1497 2094]",-0.038347314402938454,81.87210855059341,12.960070887945362
1134,11,24,40,[   0   59  187  399  448  612  866 1056 1268 1393 1497 2094],-0.038347314402938454,81.87210855059341,12.960070887945362
1135,11,24,60,[   0  187  448  612  866 1056 1268 1393 1497 1924 2094],-0.038347314402938454,81.87210855059341,12.960070887945362
1136,11,25,0,"[   0   59   97  294  399  442  484  651  866  897 1032 1056 1064 1234
 1268 1399 1435 2087 2094]",-0.03667480448122674,89.37114167453934,11.392518393935795
1137,11,25,20,"[   0   59   97  294  399  442  484  651  866  897 1032 1056 1234 1268
 1399 1435 2094]",-0.03667480448122674,89.37114167453934,11.392518393935795
1138,11,25,40,[   0   59  294  399  442  484  651  866 1056 1234 1399 1497 2094],-0.03667480448122674,89.37114167453934,11.392518393935795
1139,11,25,60,[   0  294  442  651  866 1056 1234 1399 1497 2094],-0.03667480448122674,89.37114167453934,11.392518393935795
1140,11,26,0,"[   0   59   97  294  375  400  651 1075 1234 1268 1399 1454 1524 1919
 1968 2083 2087 2094]",0.00032154885044747823,89.63789838970067,8.118386606078966
1141,11,26,20,"[   0   59   97  294  375  400  651 1075 1234 1268 1399 1454 1524 1919
 1968 2094]",0.00032154885044747823,89.63789838970067,8.118386606078966
1142,11,26,40,[   0   59  294  375  651 1075 1234 1399 1454 1524 1919 1968 2094],0.00032154885044747823,89.63789838970067,8.118386606078966
1143,11,26,60,[   0  294  375  651 1075 1234 1454 1524 1919 2094],0.00032154885044747823,89.63789838970067,8.118386606078966
1144,11,27,0,"[   0    3    6   59  275  484  609  644  651  674  818 1075 1239 1268
 1362 1393 1524 1919 1966 2087 2094]",-0.014805811395061931,89.60715517775127,7.701731585386917
1145,11,27,20,"[   0   59  275  484  609  651  674 1075 1239 1268 1362 1393 1524 1919
 1966 2094]",-0.014805811395061931,89.60715517775127,7.701731585386917
1146,11,27,40,[   0   59  275  484  609  651  818 1075 1268 1393 1524 1919 1966 2094],-0.014805811395061931,89.60715517775127,7.701731585386917
1147,11,27,60,[   0  275  484  609  818 1075 1268 1393 1524 1919 2094],-0.014805811395061931,89.60715517775127,7.701731585386917
1148,11,28,0,"[   0   59   95  296  484  530  580  651 1075 1234 1268 1354 1382 1399
 1429 1524 1924 1935 1969 2060 2094]",0.039818156664762606,84.16020083503346,9.451774146985265
1149,11,28,20,"[   0   59   95  296  484  530  580  651 1075 1234 1268 1354 1399 1429
 1524 1924 1969 2060 2094]",0.039818156664762606,84.16020083503346,9.451774146985265
1150,11,28,40,"[   0   59  296  484  530  580  651 1075 1268 1354 1399 1524 1924 1969
 2094]",0.039818156664762606,84.16020083503346,9.451774146985265
1151,11,28,60,[   0  296  484  580  651 1075 1268 1399 1524 1924 2094],0.039818156664762606,84.16020083503346,9.451774146985265
1152,11,29,0,"[   0    2    8   97  158  375  383  436  442  661  681 1075 1239 1268
 1391 1430 1524 1919 1956 2087 2094]",-0.05032678087074547,84.9101631568511,9.327751709809512
1153,11,29,20,[   0  383  436  661 1075 1268 1391 1430 2094],-0.05032678087074547,84.9101631568511,9.327751709809512
1154,11,29,40,[   0  383  436 1075 1268 2094],-0.05032678087074547,84.9101631568511,9.327751709809512
1155,11,29,60,[   0   97  158  436  661 1075 1268 1391 1524 1919 2094],-0.05032678087074547,84.9101631568511,9.327751709809512
1156,11,30,0,"[   0   95  296  383  432  484  651  866  897 1354 1393 1524 1866 1919
 2081 2087 2090 2094]",-0.025782348806573024,96.57997617285847,8.008504727701576
1157,11,30,20,[   0  383  432  866  897 2094],-0.025782348806573024,96.57997617285847,8.008504727701576
1158,11,30,40,[   0  383  432  866 2094],-0.025782348806573024,96.57997617285847,8.008504727701576
1159,11,30,60,[   0   95  296  383  484  651  866 1393 1524 1714 1919 2094],-0.025782348806573024,96.57997617285847,8.008504727701576
1160,11,31,0,[   0  383  401  432  866  897 1268 1354 1393 1866 1919 2082 2087 2094],-0.02667923684640376,93.86582721407984,10.587137332170483
1161,11,31,20,[   0  401  432  866  897 2094],-0.02667923684640376,93.86582721407984,10.587137332170483
1162,11,31,40,[   0   97  432  866 1268 1393 1524 1866 1919 2094],-0.02667923684640376,93.86582721407984,10.587137332170483
1163,11,31,60,[   0   97  432  866 1268 1393 1524 1714 1919 2094],-0.02667923684640376,93.86582721407984,10.587137332170483
1164,11,32,0,[   0   59   97  383  436  773 1077 1122 1253 2082 2087 2094],-0.049266393097711005,102.96660145815198,6.7921075811036085
1165,11,32,20,[   0   59   97  383  436  773 1077 1122 1268 2094],-0.049266393097711005,102.96660145815198,6.7921075811036085
1166,11,32,40,[   0  383  436  773 1077 1122 1268 2094],-0.049266393097711005,102.96660145815198,6.7921075811036085
1167,11,32,60,[   0  436  661  773 1077 1268 1338 1524 1919 2094],-0.049266393097711005,102.96660145815198,6.7921075811036085
1168,11,33,0,[   0  383  436  866  897 1268 1454 2082 2087 2094],-0.010888761767129784,105.52930622374136,7.631178283673834
1169,11,33,20,[   0  383  436  866  897 2094],-0.010888761767129784,105.52930622374136,7.631178283673834
1170,11,33,40,[   0  383  436  866 2094],-0.010888761767129784,105.52930622374136,7.631178283673834
1171,11,33,60,[   0  436  651  866 1162 1268 1454 1524 1919 2094],-0.010888761767129784,105.52930622374136,7.631178283673834
1172,11,34,0,"[   0    2    6   59  442  530  580  749  785  984 1021 1089 1234 1268
 1497 1714 1866 1919 2087 2089 2090 2094]",0.03706481983124445,112.41624295610595,9.619247442798248
1173,11,34,20,"[   0   59  442  530  580  749  785  984 1021 1089 1234 1268 1497 1714
 1866 1919 2094]",0.03706481983124445,112.41624295610595,9.619247442798248
1174,11,34,40,[   0   59  442  530  580  785 1021 1089 1268 1497 1714 1866 1919 2094],0.03706481983124445,112.41624295610595,9.619247442798248
1175,11,34,60,[   0  442  580  785 1021 1089 1268 1497 1714 1919 2094],0.03706481983124445,112.41624295610595,9.619247442798248
1176,11,35,0,"[   0    2    6   59  194  234  530  580  984 1021 1130 1338 1435 1458
 1524 1866 1993 2060 2084 2087 2094]",-0.00013412254578297939,112.4394509363084,7.324709229161795
1177,11,35,20,"[   0   59  194  234  530  580  984 1021 1130 1338 1435 1458 1524 1714
 1866 1993 2060 2094]",-0.00013412254578297939,112.4394509363084,7.324709229161795
1178,11,35,40,[   0   59  234  530  580  984 1130 1338 1458 1524 1714 1866 1993 2094],-0.00013412254578297939,112.4394509363084,7.324709229161795
1179,11,35,60,[   0  234  530  984 1130 1338 1458 1524 1714 1866 1993 2094],-0.00013412254578297939,112.4394509363084,7.324709229161795
1180,11,36,0,"[   0    3    6   59  234  383  439  498  580  984 1021 1235 1417 1474
 1524 1714 2082 2087 2090 2094]",-0.015255299940501763,120.9361529859771,8.628541782937614
1181,11,36,20,[   0   59  234  383  439  498  580  984 1021 1235 1417 1474 1524 2094],-0.015255299940501763,120.9361529859771,8.628541782937614
1182,11,36,40,[   0   59  234  383  439  498  580 1021 1235 1417 1474 1524 2094],-0.015255299940501763,120.9361529859771,8.628541782937614
1183,11,36,60,[   0  234  383  498  580 1021 1235 1474 2094],-0.015255299940501763,120.9361529859771,8.628541782937614
1184,11,37,0,"[   0    2    6  281  398  442  566  580  622 1056 1128 1168 1234 1714
 2082 2087 2090 2094]",0.03189011140515213,129.60242656461986,7.036942407770223
1185,11,37,20,[   0  281  398  442  566  622 1056 1128 1168 1234 1714 2094],0.03189011140515213,129.60242656461986,7.036942407770223
1186,11,37,40,[   0  398  442  566  622 1056 1128 1234 2094],0.03189011140515213,129.60242656461986,7.036942407770223
1187,11,37,60,[   0  281  442  622 1056 1128 1234 1714 2094],0.03189011140515213,129.60242656461986,7.036942407770223
1188,11,38,0,[   0  234  398  442  465  471  804 1077 1130 1253 1474 2082 2087 2094],0.016360949003486232,127.6984063094096,6.6306976430462905
1189,11,38,20,[   0  234  398  442  465  804 1077 1130 1253 1474 2094],0.016360949003486232,127.6984063094096,6.6306976430462905
1190,11,38,40,[   0  234  398  442  804 1077 1130 1253 1474 2094],0.016360949003486232,127.6984063094096,6.6306976430462905
1191,11,38,60,[   0  234  442  804 1077 1253 1474 2094],0.016360949003486232,127.6984063094096,6.6306976430462905
1192,11,39,0,[   0  234  398  442  465  471  804 1077 1130 1253 1474 2082 2087 2094],0.02790022384336534,132.12053673469842,6.679335201360274
1193,11,39,20,[   0  234  398  442  465  804 1077 1130 1253 1474 2094],0.02790022384336534,132.12053673469842,6.679335201360274
1194,11,39,40,[   0  234  398  442  804 1077 1130 1253 1474 2094],0.02790022384336534,132.12053673469842,6.679335201360274
1195,11,39,60,[   0  234  442  804 1077 1253 1474 2094],0.02790022384336534,132.12053673469842,6.679335201360274
1196,11,40,0,"[   0    2    6  398  442  465  985 1089 1130 1338 1373 1382 1714 1753
 1971 1983 2084 2087 2094]",0.012660518556460514,132.57323989778627,6.765967945000026
1197,11,40,20,[   0  398  442  465 1089 1130 1338 2094],0.012660518556460514,132.57323989778627,6.765967945000026
1198,11,40,40,[   0  398  442 1089 1130 2094],0.012660518556460514,132.57323989778627,6.765967945000026
1199,11,40,60,[   0  442  985 1130 1338 1655 1753 1971 2094],0.012660518556460514,132.57323989778627,6.765967945000026
1200,11,41,0,"[   0    2    3    6  439  442  530  580  886  985 1017 1077 1253 1373
 1655 1714 1753 1971 2082 2084 2087 2094]",-0.020792171145586933,131.49314205844504,5.599321979861106
1201,11,41,20,"[   0  442  530  580  886  985 1017 1077 1253 1373 1655 1714 1753 1971
 2094]",-0.020792171145586933,131.49314205844504,5.599321979861106
1202,11,41,40,[   0  442  530  580  886 1017 1077 1253 1373 1655 1753 1971 2094],-0.020792171145586933,131.49314205844504,5.599321979861106
1203,11,41,60,[   0  442  580  886 1077 1253 1373 1655 1753 1971 2094],-0.020792171145586933,131.49314205844504,5.599321979861106
1204,11,42,0,"[   0  389  442  530  580 1077 1253 1379 1400 1655 1971 1983 2084 2087
 2094]",0.04316498352057176,139.20361061050838,6.1229620466220345
1205,11,42,20,[   0  389  442  580 1077 1253 1379 1400 2094],0.04316498352057176,139.20361061050838,6.1229620466220345
1206,11,42,40,[   0  389  442 1077 1253 2094],0.04316498352057176,139.20361061050838,6.1229620466220345
1207,11,42,60,[   0  442  580 1077 1253 1338 1400 1655 1983 2094],0.04316498352057176,139.20361061050838,6.1229620466220345
1208,11,43,0,"[   0    2    6  398  436  465 1077 1253 1373 1382 1714 1758 1971 1983
 2084 2087 2094]",0.01899108019222675,137.29996945593402,6.579196278034917
1209,11,43,20,[   0  398  436 1077 1253 2094],0.01899108019222675,137.29996945593402,6.579196278034917
1210,11,43,40,[   0  436 1077 1253 1373 1655 1714 1758 1971 2094],0.01899108019222675,137.29996945593402,6.579196278034917
1211,11,43,60,[   0  436 1077 1253 1373 1655 1758 1971 2094],0.01899108019222675,137.29996945593402,6.579196278034917
1212,11,44,0,"[   0  398  439  465  484  748 1056 1168 1338 1533 1971 1983 2072 2087
 2094]",0.01044178263886059,138.34237856982236,6.029541308009564
1213,11,44,20,[   0  398  439  748 1056 1168 2094],0.01044178263886059,138.34237856982236,6.029541308009564
1214,11,44,40,[   0  398  439  748 1056 1168 2094],0.01044178263886059,138.34237856982236,6.029541308009564
1215,11,44,60,[   0  439  748 1056 1168 1338 1435 1533 1971 2094],0.01044178263886059,138.34237856982236,6.029541308009564
1216,11,45,0,"[   0    2    6  389  442  484  622 1056 1127 1168 1173 1486 1533 2083
 2087 2090 2094]",0.017510989121543453,149.1708467373904,7.108704045354617
1217,11,45,20,[   0  389  442  622 1056 1168 2094],0.017510989121543453,149.1708467373904,7.108704045354617
1218,11,45,40,[   0  389  442  622 1056 1168 2094],0.017510989121543453,149.1708467373904,7.108704045354617
1219,11,45,60,[   0  442  622 1056 1168 1486 2094],0.017510989121543453,149.1708467373904,7.108704045354617
1220,11,46,0,"[   0    2    6  439  484  674  748 1056 1127 1168 1173 1390 1454 1655
 1714 1983 2079 2083 2087 2094]",0.007143287395736162,140.00354505623062,6.033867757472035
1221,11,46,20,[   0  439  484  674  748 1056 1127 1168 1390 1454 1655 1714 1983 2094],0.007143287395736162,140.00354505623062,6.033867757472035
1222,11,46,40,[   0  439  484  674  748 1056 1127 1168 1390 1454 1655 1714 1983 2094],0.007143287395736162,140.00354505623062,6.033867757472035
1223,11,46,60,[   0  439  674 1056 1168 1390 1454 2094],0.007143287395736162,140.00354505623062,6.033867757472035
1224,11,47,0,"[   0    2    6   60  187  398  442  465  484  748 1390 1454 2082 2087
 2094]",0.03618319028365275,138.58777255205848,6.272159019214106
1225,11,47,20,[   0   60  187  398  442  465  748 1390 1454 2094],0.03618319028365275,138.58777255205848,6.272159019214106
1226,11,47,40,[   0  187  398  442  748 1390 1454 2094],0.03618319028365275,138.58777255205848,6.272159019214106
1227,11,47,60,[   0  187  442  748 1390 1454 2094],0.03618319028365275,138.58777255205848,6.272159019214106
1228,11,48,0,"[   0    2    3    6   60  187  442  484  622  748 1435 1483 1486 1536
 1655 1714 2083 2087 2088 2090 2094]",0.039789229454779716,145.34768773332604,5.330307260781293
1229,11,48,20,[   0   60  187  442  484  622  748 1435 1483 1536 1655 1714 2094],0.039789229454779716,145.34768773332604,5.330307260781293
1230,11,48,40,[   0   60  187  442  484  622  748 1435 1483 1536 1655 1714 2094],0.039789229454779716,145.34768773332604,5.330307260781293
1231,11,48,60,[   0  187  442  622  748 1536 1655 2094],0.039789229454779716,145.34768773332604,5.330307260781293
1232,11,49,0,"[   0    2    6    7   60  232  442  484  530  580  748 1056 1144 1272
 1655 2084 2087 2090 2094]",0.04697810384967077,158.0783920040624,5.050950038980826
1233,11,49,20,[   0   60  232  442  484  530  580  748 1056 1144 1272 1655 2094],0.04697810384967077,158.0783920040624,5.050950038980826
1234,11,49,40,[   0   60  232  442  484  530  580  748 1056 1144 1272 1655 2094],0.04697810384967077,158.0783920040624,5.050950038980826
1235,11,49,60,[   0  232  442  580  748 1056 1144 1272 1655 2094],0.04697810384967077,158.0783920040624,5.050950038980826
1236,11,50,0,"[   0    2    3    6    7  442  484  530  580  748 1056 1144 1272 1612
 1655 1714 2081 2084 2087 2094]",0.047215438948289785,154.29622591244322,4.537798191590721
1237,11,50,20,[   0  442  484  530  580  748 1056 1144 1272 1612 1655 1714 2094],0.047215438948289785,154.29622591244322,4.537798191590721
1238,11,50,40,[   0  442  484  530  580  748 1056 1144 1272 1612 1655 1714 2094],0.047215438948289785,154.29622591244322,4.537798191590721
1239,11,50,60,[   0  442  580  748 1056 1144 1272 1714 2094],0.047215438948289785,154.29622591244322,4.537798191590721
1240,12,20,0,"[   0    2    6   59  187  400  401  432  501  645  665  866  901 1242
 1262 1399 1429 2087 2094]",-0.08553197372143935,60.29894076141885,11.53286314426186
1241,12,20,20,[   0  401  432  866  901 1399 1429 2094],-0.08553197372143935,60.29894076141885,11.53286314426186
1242,12,20,40,[   0   59  187  401  501  645  752  866 1262 1429 2094],-0.08553197372143935,60.29894076141885,11.53286314426186
1243,12,20,60,[   0  187  401  501  645  752  866 1262 1429 2094],-0.08553197372143935,60.29894076141885,11.53286314426186
1244,12,21,0,"[   0   59   97  187  398  401  432  501  580  731  752  866  901 1241
 1262 1369 1399 1716 1887 1924 2094]",-0.08379410841946508,60.96219977675273,8.510282693217894
1245,12,21,20,"[   0   59   97  187  401  432  501  580  731  752  866  901 1241 1262
 1369 1399 1887 1924 2094]",-0.08379410841946508,60.96219977675273,8.510282693217894
1246,12,21,40,[   0   59  187  401  501  580  752  866 1262 1369 1716 1924 2094],-0.08379410841946508,60.96219977675273,8.510282693217894
1247,12,21,60,[   0  187  401  501  580  752  866 1262 1369 1716 1924 2094],-0.08379410841946508,60.96219977675273,8.510282693217894
1248,12,22,0,"[   0    3    6  228  400  401  422  432  501  580  866  901 1021 1144
 1399 1429 1694 1716 1919 1924 2087 2094]",-0.06374804619110555,71.47231653290402,7.217473428146685
1249,12,22,20,"[   0  228  401  422  501  580  866  901 1021 1144 1399 1429 1694 1716
 1919 2094]",-0.06374804619110555,71.47231653290402,7.217473428146685
1250,12,22,40,[   0  228  401  501  580  866 1021 1144 1399 1716 1919 2094],-0.06374804619110555,71.47231653290402,7.217473428146685
1251,12,22,60,[   0  228  401  501  580  866 1021 1144 1399 1716 1919 2094],-0.06374804619110555,71.47231653290402,7.217473428146685
1252,12,23,0,"[   0   59   97  187  400  401  432  436  484  651  866  901 1021 1144
 1268 1329 1399 1435 1919 1978 2087 2094]",-0.03302884444816104,78.9657948449579,8.562937548969105
1253,12,23,20,[   0   59   97  187  401  432  866  901 1144 1268 1399 1435 2094],-0.03302884444816104,78.9657948449579,8.562937548969105
1254,12,23,40,"[   0   59  187  401  484  651  866 1021 1144 1268 1329 1435 1919 1978
 2094]",-0.03302884444816104,78.9657948449579,8.562937548969105
1255,12,23,60,[   0  187  401  484  651  866 1021 1144 1268 1329 1435 1919 2094],-0.03302884444816104,78.9657948449579,8.562937548969105
1256,12,24,0,"[   0   59   97  187  399  448  484  612  638  651  866  901 1056 1234
 1268 1362 1393 1497 1919 1924 1978 2094]",-0.046653824352473394,76.50618246926636,9.501597705604803
1257,12,24,20,"[   0   59   97  187  399  448  484  612  651  866  901 1056 1234 1268
 1362 1393 1497 1919 1978 2094]",-0.046653824352473394,76.50618246926636,9.501597705604803
1258,12,24,40,[   0   59  187  399  448  612  866 1056 1268 1393 1497 1919 1978 2094],-0.046653824352473394,76.50618246926636,9.501597705604803
1259,12,24,60,[   0  187  448  612  866 1056 1268 1393 1497 1919 2094],-0.046653824352473394,76.50618246926636,9.501597705604803
1260,12,25,0,"[   0   59   97  294  399  442  484  651  866  897 1032 1056 1064 1234
 1268 1399 1435 1919 1956 2087 2094]",-0.039254739188276266,86.176154951931,9.806337354379517
1261,12,25,20,"[   0   59   97  294  399  442  484  651  866  897 1032 1056 1234 1268
 1399 1435 1919 1956 2094]",-0.039254739188276266,86.176154951931,9.806337354379517
1262,12,25,40,[   0   59  294  399  442  484  651  866 1056 1234 1399 1497 1919 2094],-0.039254739188276266,86.176154951931,9.806337354379517
1263,12,25,60,[   0  294  442  651  866 1056 1234 1399 1497 1919 2094],-0.039254739188276266,86.176154951931,9.806337354379517
1264,12,26,0,"[   0   59   97  294  375  400  439  609  651 1075 1234 1268 1399 1454
 1919 1968 2083 2087 2094]",-0.057506561421089834,86.53886703166219,7.88781923145834
1265,12,26,20,"[   0   59   97  294  375  400  439  609  651 1075 1234 1268 1399 1454
 1919 1968 2094]",-0.057506561421089834,86.53886703166219,7.88781923145834
1266,12,26,40,[   0   59  294  439  609  651 1075 1234 1399 1454 1919 1968 2094],-0.057506561421089834,86.53886703166219,7.88781923145834
1267,12,26,60,[   0  294  439  609 1075 1234 1454 2094],-0.057506561421089834,86.53886703166219,7.88781923145834
1268,12,27,0,"[   0    3    6   59  275  484  609  644  651  674  818 1075 1239 1268
 1362 1393 1524 1919 1966 2005 2072 2087 2094]",-0.05773296707947851,84.5801050424686,8.37730991020847
1269,12,27,20,"[   0   59  275  484  609  651  674 1075 1239 1268 1362 1393 1524 1919
 1966 2005 2072 2094]",-0.05773296707947851,84.5801050424686,8.37730991020847
1270,12,27,40,[   0   59  275  484  609  651  818 1075 1268 1393 1524 1919 1966 2094],-0.05773296707947851,84.5801050424686,8.37730991020847
1271,12,27,60,[   0  275  484  609  818 1075 1268 1393 1524 1919 2094],-0.05773296707947851,84.5801050424686,8.37730991020847
1272,12,28,0,"[   0   59   95  296  484  530  580  651 1075 1234 1268 1354 1382 1399
 1429 1524 1919 1924 1935 1969 2060 2087 2094]",0.04391451748804813,81.34809365973246,9.520167734110474
1273,12,28,20,"[   0   59   95  296  484  530  580  651 1075 1234 1268 1354 1399 1429
 1524 1924 1969 2060 2094]",0.04391451748804813,81.34809365973246,9.520167734110474
1274,12,28,40,"[   0   59  296  484  530  580  651 1075 1268 1354 1399 1524 1924 1969
 2094]",0.04391451748804813,81.34809365973246,9.520167734110474
1275,12,28,60,[   0  296  484  580  651 1075 1268 1399 1524 1924 2094],0.04391451748804813,81.34809365973246,9.520167734110474
1276,12,29,0,"[   0    2    6   97  158  375  383  388  436  442  661  681 1075 1239
 1268 1391 1430 1524 1919 1956 2087 2094]",-0.06506803479131958,80.9099176901373,8.91499111138817
1277,12,29,20,[   0  388  436  661 1075 1268 1391 1430 2094],-0.06506803479131958,80.9099176901373,8.91499111138817
1278,12,29,40,[   0  388  436 2094],-0.06506803479131958,80.9099176901373,8.91499111138817
1279,12,29,60,[   0   97  158  436  661 1075 1268 1391 1524 1919 2094],-0.06506803479131958,80.9099176901373,8.91499111138817
1280,12,30,0,"[   0    2   95  296  383  432  442  484  640  651  866  897 1354 1393
 1524 1866 1919 2081 2087 2090 2094]",-0.029698186969987203,89.49624680126166,8.51649197954159
1281,12,30,20,[   0  383  432  866  897 2094],-0.029698186969987203,89.49624680126166,8.51649197954159
1282,12,30,40,[   0  383  432  866 2094],-0.029698186969987203,89.49624680126166,8.51649197954159
1283,12,30,60,[   0   95  296  383  484  640  866 1393 1524 1714 1919 2094],-0.029698186969987203,89.49624680126166,8.51649197954159
1284,12,31,0,"[   0    2    8   97  383  401  432  436  661  866  897  901 1234 1268
 1354 1393 1524 1714 1866 1919 2082 2087 2090 2094]",-0.021379915674952774,89.81469264251629,10.576311631585684
1285,12,31,20,[   0  401  432  866  897 2094],-0.021379915674952774,89.81469264251629,10.576311631585684
1286,12,31,40,[   0   97  432  661  866 1268 1393 1524 1714 1866 1919 2094],-0.021379915674952774,89.81469264251629,10.576311631585684
1287,12,31,60,[   0   97  432  661  866 1268 1393 1524 1714 1919 2094],-0.021379915674952774,89.81469264251629,10.576311631585684
1288,12,32,0,"[   0    6   59   97  383  399  436  442  661  773 1077 1122 1234 1253
 1268 1338 1524 1919 2082 2087 2089 2094]",-0.04961169347904423,97.39019524303637,6.954295433888834
1289,12,32,20,[   0   59   97  383  436  773 1077 1122 1268 2094],-0.04961169347904423,97.39019524303637,6.954295433888834
1290,12,32,40,[   0  383  436  773 1077 1122 1268 2094],-0.04961169347904423,97.39019524303637,6.954295433888834
1291,12,32,60,[   0  436  661  773 1077 1268 1338 1524 1919 2094],-0.04961169347904423,97.39019524303637,6.954295433888834
1292,12,33,0,"[   0    2    6   59  383  436  651  866  897 1162 1268 1417 1454 1866
 1919 2082 2087 2089 2094]",-0.011189687820740965,100.76250377373582,7.672552517156817
1293,12,33,20,[   0  383  436  866  897 2094],-0.011189687820740965,100.76250377373582,7.672552517156817
1294,12,33,40,[   0  383  436  866 2094],-0.011189687820740965,100.76250377373582,7.672552517156817
1295,12,33,60,[   0  436  651  866 1162 1268 1454 1524 1714 1919 2094],-0.011189687820740965,100.76250377373582,7.672552517156817
1296,12,34,0,"[   0    2    6   59  388  442  530  580  749  785  984 1021 1089 1234
 1268 1497 1866 1919 2087 2089 2094]",0.024116881427357812,104.30364227816253,9.875625047226102
1297,12,34,20,"[   0   59  388  442  530  580  749  785  984 1021 1089 1234 1268 1497
 1866 1919 2094]",0.024116881427357812,104.30364227816253,9.875625047226102
1298,12,34,40,[   0  388  442  530  580  785 1268 1866 1919 2094],0.024116881427357812,104.30364227816253,9.875625047226102
1299,12,34,60,[   0  442  580  785 1021 1089 1268 1497 1714 1919 2094],0.024116881427357812,104.30364227816253,9.875625047226102
1300,12,35,0,"[   0    2    6   59  194  234  530  580  678  984 1021 1089 1130 1338
 1435 1458 1524 1866 1993 2060 2084 2087 2094]",-0.018536368235616763,105.2765449547297,8.2955682182607
1301,12,35,20,"[   0   59  194  234  530  580  678  984 1021 1089 1130 1338 1435 1458
 1524 1714 1866 1993 2060 2094]",-0.018536368235616763,105.2765449547297,8.2955682182607
1302,12,35,40,"[   0   59  234  530  580  678  984 1089 1130 1338 1458 1524 1714 1866
 1993 2094]",-0.018536368235616763,105.2765449547297,8.2955682182607
1303,12,35,60,[   0  234  530  678  984 1130 1338 1458 1524 1714 1866 1993 2094],-0.018536368235616763,105.2765449547297,8.2955682182607
1304,12,36,0,"[   0    2    6   59  194  234  383  439  498  580  984 1021 1235 1417
 1474 1524 2082 2087 2090 2094]",-0.019106999139706694,113.4565316679252,9.746718458878107
1305,12,36,20,"[   0   59  194  234  383  439  498  580  984 1021 1235 1417 1474 1524
 2094]",-0.019106999139706694,113.4565316679252,9.746718458878107
1306,12,36,40,[   0   59  194  383  439  498  580 1021 1235 1417 1474 1524 2094],-0.019106999139706694,113.4565316679252,9.746718458878107
1307,12,36,60,[   0  194  383  498  580 1021 1235 1474 2094],-0.019106999139706694,113.4565316679252,9.746718458878107
1308,12,37,0,"[   0    2    6  281  398  442  484  535  566  580  622 1056 1128 1168
 1234 1714 2082 2087 2090 2094]",0.031460907434902104,121.53018655943227,5.910031034973517
1309,12,37,20,[   0  281  398  442  535  566  622 1056 1128 1168 1234 1714 2094],0.031460907434902104,121.53018655943227,5.910031034973517
1310,12,37,40,[   0  281  398  442  484  566  622 1056 1128 1234 1714 2094],0.031460907434902104,121.53018655943227,5.910031034973517
1311,12,37,60,[   0  281  442  622 1056 1128 1234 1714 2094],0.031460907434902104,121.53018655943227,5.910031034973517
1312,12,38,0,"[   0    2    6  234  398  442  465  471  804 1077 1130 1253 1382 1474
 2082 2087 2090 2094]",0.015856474468615468,120.30694388081774,8.306806814998202
1313,12,38,20,[   0  234  398  442  465  804 1077 1130 1253 1474 2094],0.015856474468615468,120.30694388081774,8.306806814998202
1314,12,38,40,[   0  234  398  442  804 1077 1130 1253 1474 2094],0.015856474468615468,120.30694388081774,8.306806814998202
1315,12,38,60,[   0  234  442  804 1077 1253 1382 1474 2094],0.015856474468615468,120.30694388081774,8.306806814998202
1316,12,39,0,[   0  234  398  442  465  471  804 1077 1130 1253 1474 2082 2087 2094],0.006699456230958194,124.81008255167318,6.405113191196112
1317,12,39,20,[   0  234  398  442  465  804 1077 1130 1253 1474 2094],0.006699456230958194,124.81008255167318,6.405113191196112
1318,12,39,40,[   0  234  398  442  804 1077 1130 1253 1474 2094],0.006699456230958194,124.81008255167318,6.405113191196112
1319,12,39,60,[   0  234  442  804  985 1130 1253 1474 2094],0.006699456230958194,124.81008255167318,6.405113191196112
1320,12,40,0,"[   0    2    6  398  442  465 1077 1089 1130 1253 1373 1382 1714 1753
 1971 1983 2084 2087 2094]",0.010950661479824753,125.0281063500936,6.403141085547106
1321,12,40,20,[   0  398  442  465 1077 1130 1253 2094],0.010950661479824753,125.0281063500936,6.403141085547106
1322,12,40,40,[   0  398  442 1077 1130 1253 2094],0.010950661479824753,125.0281063500936,6.403141085547106
1323,12,40,60,[   0  442  985 1130 1253 1373 1655 1753 1971 2094],0.010950661479824753,125.0281063500936,6.403141085547106
1324,12,41,0,"[   0    2    3    6  439  442  530  580  886  985 1017 1077 1152 1253
 1338 1373 1655 1714 1753 1971 2082 2084 2087 2094]",-0.025878383378277633,121.95753429364261,5.764430686443666
1325,12,41,20,"[   0  442  530  580  886  985 1017 1077 1152 1253 1338 1373 1655 1714
 1753 1971 2094]",-0.025878383378277633,121.95753429364261,5.764430686443666
1326,12,41,40,[   0  442  530  580  886 1017 1077 1152 1253 1373 1655 1753 1971 2094],-0.025878383378277633,121.95753429364261,5.764430686443666
1327,12,41,60,[   0  442  580  886 1077 1152 1253 1373 1655 1753 1971 2094],-0.025878383378277633,121.95753429364261,5.764430686443666
1328,12,42,0,"[   0    2    6  389  442  530  580 1056 1077 1168 1253 1379 1400 1655
 1971 1983 2084 2087 2094]",0.04234536032558895,128.82344786383925,5.729502346692171
1329,12,42,20,[   0  389  442  530  580 1077 1168 1253 1379 1400 1655 2094],0.04234536032558895,128.82344786383925,5.729502346692171
1330,12,42,40,[   0  389  442 1077 1168 2094],0.04234536032558895,128.82344786383925,5.729502346692171
1331,12,42,60,[   0  442  580 1077 1168 1253 1338 1400 1655 1983 2094],0.04234536032558895,128.82344786383925,5.729502346692171
1332,12,43,0,"[   0    2    6    7  383  398  436  442  465 1077 1253 1373 1382 1655
 1714 1758 1971 1983 2082 2084 2087 2094]",-0.024346972797003257,129.24315141265078,6.779887699176185
1333,12,43,20,[   0  383  436 1077 1253 2094],-0.024346972797003257,129.24315141265078,6.779887699176185
1334,12,43,40,[   0  383  436 1077 1253 2094],-0.024346972797003257,129.24315141265078,6.779887699176185
1335,12,43,60,[   0  436 1077 1253 1373 1655 1758 1971 2094],-0.024346972797003257,129.24315141265078,6.779887699176185
1336,12,44,0,"[   0  398  439  465  484  748 1056 1077 1168 1253 1533 1971 1983 2072
 2087 2094]",0.007837704658297686,130.03661527159636,5.711981445868974
1337,12,44,20,[   0  398  439  465  748 1056 1077 1168 1253 1533 1971 2072 2094],0.007837704658297686,130.03661527159636,5.711981445868974
1338,12,44,40,[   0  398  439 1077 1168 2094],0.007837704658297686,130.03661527159636,5.711981445868974
1339,12,44,60,[   0  439  748 1077 1168 1253 1435 1533 1971 2094],0.007837704658297686,130.03661527159636,5.711981445868974
1340,12,45,0,"[   0    2    6   60  187  389  442  484  622 1056 1127 1168 1173 1486
 1533 2083 2087 2090 2094]",0.013773568143047733,139.68470795251437,6.192967900628401
1341,12,45,20,[   0   60  187  389  442  484  622 1056 1127 1168 1486 2094],0.013773568143047733,139.68470795251437,6.192967900628401
1342,12,45,40,[   0   60  187  389  442  484  622 1056 1127 1168 1486 2094],0.013773568143047733,139.68470795251437,6.192967900628401
1343,12,45,60,[   0  187  442  622  748 1056 1168 1486 2094],0.013773568143047733,139.68470795251437,6.192967900628401
1344,12,46,0,"[   0    2    6   60  187  439  484  674  748 1056 1127 1168 1173 1390
 1454 1655 1714 1983 2079 2083 2087 2094]",0.004130666960173928,131.43639498730246,4.942715578595387
1345,12,46,20,"[   0   60  187  439  484  674  748 1056 1127 1168 1390 1454 1655 1714
 1983 2094]",0.004130666960173928,131.43639498730246,4.942715578595387
1346,12,46,40,"[   0   60  187  439  484  674  748 1056 1127 1168 1390 1454 1655 1714
 1983 2094]",0.004130666960173928,131.43639498730246,4.942715578595387
1347,12,46,60,[   0  187  439  674 1056 1168 1390 1454 2094],0.004130666960173928,131.43639498730246,4.942715578595387
1348,12,47,0,"[   0    2    6   60  187  398  439  465  484  748 1114 1162 1390 1454
 2082 2087 2094]",0.004163629903189488,129.7039924991293,6.365677000212788
1349,12,47,20,[   0   60  187  398  439  465  748 1114 1162 1390 1454 2094],0.004163629903189488,129.7039924991293,6.365677000212788
1350,12,47,40,[   0  187  398  439  748 1114 1162 1390 1454 2094],0.004163629903189488,129.7039924991293,6.365677000212788
1351,12,47,60,[   0  187  439  748 1390 1454 2094],0.004163629903189488,129.7039924991293,6.365677000212788
1352,12,48,0,"[   0    2    6   60  187  442  484  622  748 1077 1253 1483 1536 1655
 1714 2083 2087 2088 2090 2094]",0.030490718149253956,135.60070811030735,5.053417801161768
1353,12,48,20,[   0   60  187  442  484  622  748 1077 1253 1483 1536 1655 1714 2094],0.030490718149253956,135.60070811030735,5.053417801161768
1354,12,48,40,[   0   60  187  442  484  622  748 1077 1253 1483 1536 1655 1714 2094],0.030490718149253956,135.60070811030735,5.053417801161768
1355,12,48,60,[   0  187  442  622 1077 1253 1483 2094],0.030490718149253956,135.60070811030735,5.053417801161768
1356,12,49,0,"[   0    2    6    7   60  232  442  484  530  580  748 1056 1144 1272
 1655 1819 2083 2085 2087 2090 2094]",0.04783987738123479,148.28093947108468,5.862116103847701
1357,12,49,20,[   0   60  232  442  484  530  580  748 1056 1144 1272 1655 1819 2094],0.04783987738123479,148.28093947108468,5.862116103847701
1358,12,49,40,[   0   60  232  442  484  530  580  748 1056 1144 1272 1655 1819 2094],0.04783987738123479,148.28093947108468,5.862116103847701
1359,12,49,60,[   0  232  442  580  748 1056 1144 1272 1819 2094],0.04783987738123479,148.28093947108468,5.862116103847701
1360,12,50,0,"[   0    2    6    7  442  484  530  580  748 1056 1144 1272 1373 1612
 1655 1689 1714 2081 2084 2087 2094]",0.0476073629477379,143.63770711520496,4.401226305390099
1361,12,50,20,"[   0  442  484  530  580  748 1056 1144 1272 1373 1612 1655 1689 1714
 2094]",0.0476073629477379,143.63770711520496,4.401226305390099
1362,12,50,40,[   0  442  484  530  580  748 1056 1144 1272 1373 1612 1655 2094],0.0476073629477379,143.63770711520496,4.401226305390099
1363,12,50,60,[   0  442  580  748 1056 1144 1272 1373 1612 2094],0.0476073629477379,143.63770711520496,4.401226305390099
1364,13,20,0,"[   0    2    6   59  187  400  401  432  501  645  665  866  901 1021
 1144 1242 1262 1399 1429 2087 2094]",-0.09245299014385833,58.737978106876675,11.49273375021616
1365,13,20,20,"[   0   59  187  401  432  501  645  866  901 1021 1144 1262 1399 1429
 2094]",-0.09245299014385833,58.737978106876675,11.49273375021616
1366,13,20,40,[   0   59  187  401  501  645  752  866 1021 1144 1262 1429 1716 2094],-0.09245299014385833,58.737978106876675,11.49273375021616
1367,13,20,60,[   0  187  401  501  645  752  866 1021 1144 1262 1429 1716 2094],-0.09245299014385833,58.737978106876675,11.49273375021616
1368,13,21,0,"[   0   59   97  187  398  401  432  501  580  731  752  866  901 1241
 1262 1369 1399 1557 1679 1716 1887 1924 2094]",-0.08597221228445054,59.056854309668076,8.311206104710173
1369,13,21,20,"[   0   59   97  187  401  432  501  580  731  752  866  901 1241 1262
 1369 1399 1557 1679 1716 1887 1924 2094]",-0.08597221228445054,59.056854309668076,8.311206104710173
1370,13,21,40,[   0   59  187  401  501  580  752  866 1262 1399 1557 1679 1924 2094],-0.08597221228445054,59.056854309668076,8.311206104710173
1371,13,21,60,[   0  187  401  501  580  752  866 1262 1399 1557 1679 1924 2094],-0.08597221228445054,59.056854309668076,8.311206104710173
1372,13,22,0,"[   0    3    6   59  158  228  400  401  422  432  501  580  866  901
 1021 1144 1399 1429 1694 1716 1919 1924 2087 2094]",-0.07278567478218514,68.48538622052098,7.57205480617462
1373,13,22,20,"[   0   59  158  228  401  422  501  580  866  901 1021 1144 1399 1429
 1694 1716 1919 2094]",-0.07278567478218514,68.48538622052098,7.57205480617462
1374,13,22,40,[   0   59  158  228  401  501  580  866 1021 1144 1399 1716 1919 2094],-0.07278567478218514,68.48538622052098,7.57205480617462
1375,13,22,60,[   0  158  228  401  501  580  866 1021 1144 1399 1716 1919 2094],-0.07278567478218514,68.48538622052098,7.57205480617462
1376,13,23,0,"[   0   59   97  187  394  400  401  422  432  436  484  651  866  901
 1021 1144 1268 1329 1399 1435 1919 1978 2087 2094]",-0.03542017668809701,75.09204159490059,7.878525798635796
1377,13,23,20,[   0  394  422  866  901 1399 1435 2094],-0.03542017668809701,75.09204159490059,7.878525798635796
1378,13,23,40,[   0   59  187  394  484  651  866 1021 1144 1268 1435 1919 1978 2094],-0.03542017668809701,75.09204159490059,7.878525798635796
1379,13,23,60,[   0  187  394  484  651  866 1021 1144 1268 1435 1919 2094],-0.03542017668809701,75.09204159490059,7.878525798635796
1380,13,24,0,"[   0   59   97  187  399  448  484  612  638  651  866  901 1056 1234
 1268 1362 1393 1497 1919 1924 1978 2005 2087 2094]",-0.04538105636096776,73.79058791944082,9.551301394466462
1381,13,24,20,"[   0   59   97  187  399  448  484  612  651  866  901 1056 1234 1268
 1362 1393 1497 1919 1978 2005 2094]",-0.04538105636096776,73.79058791944082,9.551301394466462
1382,13,24,40,[   0   59  187  399  448  612  866 1056 1268 1393 1497 1919 1978 2094],-0.04538105636096776,73.79058791944082,9.551301394466462
1383,13,24,60,[   0  187  448  612  866 1056 1268 1393 1497 1919 2094],-0.04538105636096776,73.79058791944082,9.551301394466462
1384,13,25,0,"[   0   59   97  294  399  422  442  484  651  866  897 1032 1056 1064
 1234 1268 1399 1435 1919 1956 2087 2094]",-0.04316653000004223,82.00898270716262,9.054122475597168
1385,13,25,20,[   0   59   97  399  422  866  897 1056 1234 1399 1435 2094],-0.04316653000004223,82.00898270716262,9.054122475597168
1386,13,25,40,[   0   59  294  399  484  651  866 1056 1234 1399 1497 1919 2094],-0.04316653000004223,82.00898270716262,9.054122475597168
1387,13,25,60,[   0  294  399  484  651  866 1056 1234 1399 1497 1919 2094],-0.04316653000004223,82.00898270716262,9.054122475597168
1388,13,26,0,"[   0   59   97  294  327  375  400  424  439  609  651 1075 1234 1268
 1399 1454 1524 1919 1968 2083 2087 2094]",-0.06157253217010949,82.09177459286971,7.422980920641911
1389,13,26,20,"[   0   59   97  327  375  400  424  609  651 1075 1234 1399 1454 1919
 1968 2094]",-0.06157253217010949,82.09177459286971,7.422980920641911
1390,13,26,40,[   0  327  375  424  609  651 1075 1234 1399 1454 1919 1968 2094],-0.06157253217010949,82.09177459286971,7.422980920641911
1391,13,26,60,[   0  424  609 1075 1234 1454 1524 1919 2094],-0.06157253217010949,82.09177459286971,7.422980920641911
1392,13,27,0,"[   0    3    6   59  275  484  577  609  644  651  674  818 1075 1239
 1268 1362 1393 1524 1919 1966 2005 2072 2087 2094]",-0.06227184217842237,80.39260544019149,7.754572875496013
1393,13,27,20,"[   0   59  275  484  577  609  651  674  818 1075 1239 1268 1362 1393
 1524 1919 1966 2005 2072 2094]",-0.06227184217842237,80.39260544019149,7.754572875496013
1394,13,27,40,[   0   59  275  484  609  651  818 1075 1268 1393 1524 1919 1966 2094],-0.06227184217842237,80.39260544019149,7.754572875496013
1395,13,27,60,[   0  275  484  609  818 1075 1268 1393 1524 1919 2094],-0.06227184217842237,80.39260544019149,7.754572875496013
1396,13,28,0,"[   0   59   95  296  484  530  580  651 1075 1234 1268 1354 1382 1399
 1429 1524 1919 1924 1935 1969 2060 2087 2094]",0.030285334687312513,77.7680483657781,9.571462654798564
1397,13,28,20,"[   0   59   95  296  484  530  580  651 1075 1234 1268 1354 1399 1429
 1524 1924 1969 2060 2094]",0.030285334687312513,77.7680483657781,9.571462654798564
1398,13,28,40,"[   0   59  296  484  530  580  651 1075 1268 1354 1399 1524 1924 1969
 2094]",0.030285334687312513,77.7680483657781,9.571462654798564
1399,13,28,60,[   0  296  484  580  651 1075 1268 1399 1524 1924 2094],0.030285334687312513,77.7680483657781,9.571462654798564
1400,13,29,0,"[   0    2    6   97  158  375  383  388  436  442  661  681 1075 1130
 1239 1268 1391 1430 1524 1919 1956 2087 2094]",-0.06631168967045296,75.31718265760558,8.852200057366518
1401,13,29,20,[   0  388  436  661 1075 1130 1268 1391 1430 2094],-0.06631168967045296,75.31718265760558,8.852200057366518
1402,13,29,40,[   0  388  436 1075 1130 1268 2094],-0.06631168967045296,75.31718265760558,8.852200057366518
1403,13,29,60,[   0   97  158  436  661 1075 1268 1391 1524 1919 2094],-0.06631168967045296,75.31718265760558,8.852200057366518
1404,13,30,0,"[   0    2    6   95  296  383  401  432  442  484  640  651  866  897
 1354 1393 1524 1866 1919 2081 2087 2090 2094]",-0.0433345748829697,85.50577612614933,8.13821349408535
1405,13,30,20,[   0  401  432  866  897 2094],-0.0433345748829697,85.50577612614933,8.13821349408535
1406,13,30,40,[   0   95  296  432  484  640  866 1393 1524 1714 1866 1919 2094],-0.0433345748829697,85.50577612614933,8.13821349408535
1407,13,30,60,[   0   95  296  432  640  866 1393 1524 1714 1919 2094],-0.0433345748829697,85.50577612614933,8.13821349408535
1408,13,31,0,"[   0    2    8   97  383  401  432  436  442  640  661  866  897  901
 1234 1268 1354 1393 1524 1714 1866 1919 2082 2087 2090 2094]",-0.025838439817163585,83.8384245234207,9.65727150727569
1409,13,31,20,[   0  401  432  640  661  866  897 1268 1354 1393 1866 1919 2094],-0.025838439817163585,83.8384245234207,9.65727150727569
1410,13,31,40,[   0   97  432  640  866 1268 1393 1524 1714 1866 1919 2094],-0.025838439817163585,83.8384245234207,9.65727150727569
1411,13,31,60,[   0   97  432  640  866 1268 1393 1524 1714 1919 2094],-0.025838439817163585,83.8384245234207,9.65727150727569
1412,13,32,0,"[   0    6   59   97  327  383  399  424  436  442  661  773 1077 1122
 1234 1253 1268 1338 1524 1919 2082 2087 2089 2094]",-0.04766331087431825,92.81891578271805,7.16733947927095
1413,13,32,20,[   0   59   97  399  424  773 1077 1122 1268 2094],-0.04766331087431825,92.81891578271805,7.16733947927095
1414,13,32,40,[   0   59  327  424  661  773 1077 1122 1268 1524 1919 2094],-0.04766331087431825,92.81891578271805,7.16733947927095
1415,13,32,60,[   0  327  424  661  773 1077 1268 1524 1919 2094],-0.04766331087431825,92.81891578271805,7.16733947927095
1416,13,33,0,[   0  383  436  866  897 1077 1162 1268 1454 1866 1919 2082 2087 2094],-0.013373505969823092,95.83906507772438,7.228858081866312
1417,13,33,20,[   0  383  436  866  897 1077 1162 2094],-0.013373505969823092,95.83906507772438,7.228858081866312
1418,13,33,40,[   0  383  436  866 1077 1162 1268 1454 1866 1919 2094],-0.013373505969823092,95.83906507772438,7.228858081866312
1419,13,33,60,[   0  436  651  866 1077 1162 1268 1454 1524 1714 1919 2094],-0.013373505969823092,95.83906507772438,7.228858081866312
1420,13,34,0,"[   0    2    6   59  388  442  530  580  749  785  984 1021 1089 1130
 1268 1497 1866 1919 2087 2089 2094]",0.026152969548165962,99.25681168275084,9.555583691251785
1421,13,34,20,"[   0   59  388  442  530  580  749  785  984 1021 1089 1130 1268 1497
 1866 1919 2094]",0.026152969548165962,99.25681168275084,9.555583691251785
1422,13,34,40,[   0  388  442  530  580  785 1089 1130 1268 1497 1866 1919 2094],0.026152969548165962,99.25681168275084,9.555583691251785
1423,13,34,60,[   0  442  580  785 1021 1130 1268 1338 1497 1714 1919 2094],0.026152969548165962,99.25681168275084,9.555583691251785
1424,13,35,0,"[   0    2    6   59  194  234  388  530  580  678  984 1021 1089 1130
 1338 1435 1458 1524 1866 1993 2060 2084 2087 2094]",-0.015908082309572386,99.05349691211705,8.547722222221038
1425,13,35,20,"[   0   59  194  234  388  530  580  678  984 1021 1089 1130 1338 1435
 1458 1524 1866 1993 2060 2094]",-0.015908082309572386,99.05349691211705,8.547722222221038
1426,13,35,40,"[   0   59  194  388  530  580  678  984 1089 1130 1338 1458 1524 1866
 1993 2094]",-0.015908082309572386,99.05349691211705,8.547722222221038
1427,13,35,60,[   0  194  388  530  678  984 1130 1338 1458 1524 1866 1993 2094],-0.015908082309572386,99.05349691211705,8.547722222221038
1428,13,36,0,"[   0    2    6   59  194  234  383  439  498  580  984 1021 1235 1417
 1474 1524 1655 2082 2087 2090 2094]",-0.017029710639722823,107.25723425398051,9.37233075297495
1429,13,36,20,"[   0   59  194  234  383  439  498  580  984 1021 1235 1417 1474 1524
 1655 2094]",-0.017029710639722823,107.25723425398051,9.37233075297495
1430,13,36,40,[   0   59  194  383  439  498  580 1021 1235 1417 1474 1524 2094],-0.017029710639722823,107.25723425398051,9.37233075297495
1431,13,36,60,[   0  194  383  498  580 1021 1235 1474 2094],-0.017029710639722823,107.25723425398051,9.37233075297495
1432,13,37,0,"[   0    2    6   77  281  347  398  442  484  535  566  580  622 1056
 1128 1168 1234 1714 2082 2087 2090 2094]",0.021100860328505673,114.73570659595461,6.23529583404431
1433,13,37,20,"[   0   77  281  347  398  442  484  535  566  622 1056 1128 1168 1234
 1714 2094]",0.021100860328505673,114.73570659595461,6.23529583404431
1434,13,37,40,[   0   77  281  347  398  442  484  566  622 1056 1128 1234 1714 2094],0.021100860328505673,114.73570659595461,6.23529583404431
1435,13,37,60,[   0   77  281  347  442  622 1056 1128 1234 1714 2094],0.021100860328505673,114.73570659595461,6.23529583404431
1436,13,38,0,"[   0    2    6  234  398  442  465  471  804 1056 1077 1130 1168 1253
 1382 1474 2082 2087 2090 2094]",0.016156439958416577,112.0712917291886,8.087503715930817
1437,13,38,20,[   0  234  398  442  465  804 1056 1077 1130 1168 1253 1382 1474 2094],0.016156439958416577,112.0712917291886,8.087503715930817
1438,13,38,40,[   0  234  398  442  804 1077 1130 1253 1474 2094],0.016156439958416577,112.0712917291886,8.087503715930817
1439,13,38,60,[   0  234  442  804 1077 1253 1382 1474 2094],0.016156439958416577,112.0712917291886,8.087503715930817
1440,13,39,0,"[   0    2    6  234  398  442  465  471  804  985 1077 1130 1253 1474
 1523 1655 1714 1753 2082 2087 2090 2094]",0.0076105165957733555,118.19406149014377,6.266152986623538
1441,13,39,20,[   0  234  398  442  465  804 1077 1130 1253 1474 1523 2094],0.0076105165957733555,118.19406149014377,6.266152986623538
1442,13,39,40,[   0  234  398  442  804 1077 1130 1253 1474 1523 2094],0.0076105165957733555,118.19406149014377,6.266152986623538
1443,13,39,60,[   0  234  442  804  985 1130 1253 1474 2094],0.0076105165957733555,118.19406149014377,6.266152986623538
1444,13,40,0,"[   0    2    6  389  398  442  465  985 1077 1089 1130 1253 1373 1382
 1714 1753 1971 1983 2084 2087 2094]",0.014376964124084644,117.66571294745182,6.402531476729893
1445,13,40,20,[   0  389  442 1077 1130 1253 2094],0.014376964124084644,117.66571294745182,6.402531476729893
1446,13,40,40,[   0  389  442 1077 1130 1253 2094],0.014376964124084644,117.66571294745182,6.402531476729893
1447,13,40,60,[   0  442  985 1130 1253 1373 1655 1753 1971 2094],0.014376964124084644,117.66571294745182,6.402531476729893
1448,13,41,0,"[   0    2    3    6  439  442  530  580  886  985 1017 1077 1152 1253
 1338 1373 1533 1655 1714 1753 1971 1983 2082 2084 2087 2094]",-0.0308567781150511,115.54294939282,6.842799092414752
1449,13,41,20,"[   0  442  530  580  886  985 1017 1077 1152 1253 1338 1373 1533 1655
 1714 1753 1971 2094]",-0.0308567781150511,115.54294939282,6.842799092414752
1450,13,41,40,"[   0  442  530  580  886 1017 1077 1152 1253 1373 1533 1655 1753 1971
 2094]",-0.0308567781150511,115.54294939282,6.842799092414752
1451,13,41,60,[   0  442  580  886 1077 1152 1253 1373 1533 1655 1753 1971 2094],-0.0308567781150511,115.54294939282,6.842799092414752
1452,13,42,0,"[   0    2    6  389  442  484  530  580 1056 1077 1168 1253 1379 1400
 1655 1971 1983 2084 2087 2094]",0.04154143117469351,120.66201731102097,5.545262125125617
1453,13,42,20,[   0  389  442  530  580 1077 1168 1253 1379 1400 1655 2094],0.04154143117469351,120.66201731102097,5.545262125125617
1454,13,42,40,[   0  389  442 1077 1168 2094],0.04154143117469351,120.66201731102097,5.545262125125617
1455,13,42,60,[   0  442  580 1077 1168 1253 1338 1400 1655 1983 2094],0.04154143117469351,120.66201731102097,5.545262125125617
1456,13,43,0,"[   0    2    6    7  383  394  398  422  436  442  465 1077 1253 1373
 1382 1655 1714 1758 1971 1983 2082 2084 2087 2094]",-0.021776433021249264,122.30474668328434,7.026917285759363
1457,13,43,20,[   0  394  422 2094],-0.021776433021249264,122.30474668328434,7.026917285759363
1458,13,43,40,[   0  394  465 1077 1253 1714 1758 2094],-0.021776433021249264,122.30474668328434,7.026917285759363
1459,13,43,60,[   0  394  465 1077 1253 2094],-0.021776433021249264,122.30474668328434,7.026917285759363
1460,13,44,0,"[   0   60  187  398  439  465  484  748 1056 1077 1168 1253 1533 1971
 1983 2072 2087 2094]",0.004133940648517223,123.17288126067021,5.1918243183182335
1461,13,44,20,"[   0   60  187  398  439  465  748 1056 1077 1168 1253 1533 1971 2072
 2094]",0.004133940648517223,123.17288126067021,5.1918243183182335
1462,13,44,40,[   0   60  187  398  439  748 1077 1168 1253 1533 2094],0.004133940648517223,123.17288126067021,5.1918243183182335
1463,13,44,60,[   0  187  439  748 1077 1168 1253 1435 1533 1971 2094],0.004133940648517223,123.17288126067021,5.1918243183182335
1464,13,45,0,"[   0    2    6   60  187  389  442  484  622  748 1056 1077 1127 1168
 1173 1253 1486 1533 2083 2087 2090 2094]",0.004820402847759811,130.87008677316368,5.881862218558966
1465,13,45,20,"[   0   60  187  389  442  484  622 1056 1077 1127 1168 1253 1486 1533
 2094]",0.004820402847759811,130.87008677316368,5.881862218558966
1466,13,45,40,[   0   60  187  389  442  484  622 1077 1127 1168 1253 1486 2094],0.004820402847759811,130.87008677316368,5.881862218558966
1467,13,45,60,[   0  187  442  622  748 1077 1168 1253 1486 1983 2094],0.004820402847759811,130.87008677316368,5.881862218558966
1468,13,46,0,"[   0    2    6   60  187  383  439  484  674 1056 1127 1168 1173 1390
 1454 1983 2079 2083 2087 2094]",-0.04178210943661514,124.09913176237347,5.242529630983179
1469,13,46,20,[   0  187  383  439  674 1056 1127 1168 1390 1454 2094],-0.04178210943661514,124.09913176237347,5.242529630983179
1470,13,46,40,[   0  187  383  439  674 1056 1127 1168 1390 1454 2094],-0.04178210943661514,124.09913176237347,5.242529630983179
1471,13,46,60,[   0  187  439  674 1056 1168 1390 1454 2094],-0.04178210943661514,124.09913176237347,5.242529630983179
1472,13,47,0,"[   0    2    6   60  187  398  439  442  465  484  748 1056 1114 1162
 1168 1390 1454 1655 1714 1983 2082 2087 2094]",0.005727225146409126,122.13037243607499,6.302901585322252
1473,13,47,20,[   0   60  187  398  439  465  748 1056 1162 1390 1454 2094],0.005727225146409126,122.13037243607499,6.302901585322252
1474,13,47,40,[   0  187  398  439  748 1056 1162 1390 1454 2094],0.005727225146409126,122.13037243607499,6.302901585322252
1475,13,47,60,[   0  187  439  748 1056 1162 1390 1454 2094],0.005727225146409126,122.13037243607499,6.302901585322252
1476,13,48,0,"[   0    2    3    6   60  187  442  484  622  748 1077 1253 1435 1454
 1486 1536 1655 1689 1714 2083 2087 2088 2090 2094]",0.029996069563379833,127.45294347967177,5.155524402567418
1477,13,48,20,"[   0   60  187  442  484  622  748 1077 1253 1486 1536 1655 1689 1714
 2094]",0.029996069563379833,127.45294347967177,5.155524402567418
1478,13,48,40,[   0   60  187  442  484  622  748 1077 1253 1486 1536 1655 2094],0.029996069563379833,127.45294347967177,5.155524402567418
1479,13,48,60,[   0  187  442  622 1077 1253 1486 2094],0.029996069563379833,127.45294347967177,5.155524402567418
1480,13,49,0,"[   0    2    6    7   60  232  442  484  530  580  748 1056 1144 1272
 1373 1655 1689 1819 2083 2085 2087 2090 2094]",0.047763860158202436,138.34224203679065,5.624965165069321
1481,13,49,20,"[   0   60  232  442  484  530  580  748 1056 1144 1272 1373 1655 1689
 1819 2094]",0.047763860158202436,138.34224203679065,5.624965165069321
1482,13,49,40,"[   0   60  232  442  484  530  580  748 1056 1144 1272 1373 1689 1819
 2094]",0.047763860158202436,138.34224203679065,5.624965165069321
1483,13,49,60,[   0  232  442  580  748 1056 1144 1272 1373 1819 2094],0.047763860158202436,138.34224203679065,5.624965165069321
1484,13,50,0,"[   0    2    3    6    7  442  484  530  580  748  788 1056 1144 1272
 1296 1373 1612 1655 1689 1714 2081 2084 2087 2094]",0.043991221108643994,137.03790437944267,4.748961121850552
1485,13,50,20,"[   0  442  484  530  580  748  788 1056 1144 1272 1296 1373 1612 1655
 1689 1714 2094]",0.043991221108643994,137.03790437944267,4.748961121850552
1486,13,50,40,[   0  442  484  530  580  788 1056 1144 1272 1373 1612 1655 2094],0.043991221108643994,137.03790437944267,4.748961121850552
1487,13,50,60,[   0  442  580  788 1056 1144 1272 1373 1612 2094],0.043991221108643994,137.03790437944267,4.748961121850552
1488,14,20,0,"[   0    2    6   59  187  400  401  432  501  580  645  665  731  752
  866  901 1021 1144 1242 1262 1399 1429 2087 2094]",-0.09366947497787918,57.48773657823043,10.367619016808472
1489,14,20,20,"[   0   59  187  401  432  501  580  665  731  752  866  901 1021 1144
 1262 1399 1429 2094]",-0.09366947497787918,57.48773657823043,10.367619016808472
1490,14,20,40,[   0   59  187  401  501  580  665  731  866 1021 1144 1262 1429 2094],-0.09366947497787918,57.48773657823043,10.367619016808472
1491,14,20,60,[   0  187  401  501  580  665  731  866 1021 1144 1262 1429 2094],-0.09366947497787918,57.48773657823043,10.367619016808472
1492,14,21,0,"[   0   59   97  187  398  401  432  501  580  731  752  866  901 1075
 1144 1241 1262 1369 1399 1557 1679 1716 1887 1924 2094]",-0.08300415330955827,57.211320975958756,8.266304072180702
1493,14,21,20,"[   0   59   97  187  401  432  501  580  731  752  866  901 1075 1144
 1241 1262 1369 1399 1557 1679 1716 1887 1924 2094]",-0.08300415330955827,57.211320975958756,8.266304072180702
1494,14,21,40,"[   0   59  187  401  501  580  752  866 1075 1144 1262 1557 1679 1924
 2094]",-0.08300415330955827,57.211320975958756,8.266304072180702
1495,14,21,60,[   0  187  401  501  580  752  866 1075 1144 1262 1557 1679 1924 2094],-0.08300415330955827,57.211320975958756,8.266304072180702
1496,14,22,0,"[   0    3    6   59  158  228  400  401  422  432  501  580  866  901
 1021 1144 1268 1329 1399 1429 1694 1716 1919 1924 2087 2094]",-0.06985584181158605,65.94056840337304,7.28861519962377
1497,14,22,20,"[   0   59  158  228  401  422  501  580  866  901 1021 1144 1268 1399
 1429 1694 1716 1919 2094]",-0.06985584181158605,65.94056840337304,7.28861519962377
1498,14,22,40,"[   0   59  158  228  401  501  580  866 1021 1144 1268 1329 1429 1716
 1919 2094]",-0.06985584181158605,65.94056840337304,7.28861519962377
1499,14,22,60,"[   0  158  228  401  501  580  866 1021 1144 1268 1329 1429 1716 1919
 2094]",-0.06985584181158605,65.94056840337304,7.28861519962377
1500,14,23,0,"[   0   59   97  187  394  400  401  422  436  484  651  866  901 1021
 1144 1268 1329 1369 1399 1435 1473 1919 1978 2087 2094]",-0.032965417854455184,71.77641219384158,7.916641982670524
1501,14,23,20,[   0  394  422  866  901 1399 1473 2094],-0.032965417854455184,71.77641219384158,7.916641982670524
1502,14,23,40,"[   0   59  187  394  484  651  866 1021 1144 1268 1329 1399 1473 1919
 1978 2094]",-0.032965417854455184,71.77641219384158,7.916641982670524
1503,14,23,60,[   0  187  394  484  651  866 1021 1144 1268 1329 1399 1473 1919 2094],-0.032965417854455184,71.77641219384158,7.916641982670524
1504,14,24,0,"[   0    2    6   59   64   97  187  399  448  484  612  638  651  866
  901 1056 1234 1268 1362 1393 1497 1919 1924 1978 2005 2087 2094]",-0.0823932327990748,70.80550172246936,9.14319231305043
1505,14,24,20,"[   0   59   97  187  399  448  484  612  651  866  901 1056 1234 1268
 1362 1393 1497 1919 1978 2005 2094]",-0.0823932327990748,70.80550172246936,9.14319231305043
1506,14,24,40,[   0   59  187  399  448  612  866 1056 1268 1393 1497 1919 1978 2094],-0.0823932327990748,70.80550172246936,9.14319231305043
1507,14,24,60,[   0  187  448  612  866 1056 1268 1393 1497 1919 2094],-0.0823932327990748,70.80550172246936,9.14319231305043
1508,14,25,0,"[   0    2    6   59   64   97  294  327  399  422  442  484  651  866
  897 1032 1056 1064 1234 1268 1399 1435 1919 1956 2087 2094]",-0.07518072353477614,78.53237621937748,8.508721854106211
1509,14,25,20,[   0   59   97  399  422  866  897 1056 1234 1399 1435 2094],-0.07518072353477614,78.53237621937748,8.508721854106211
1510,14,25,40,[   0   59  294  399  484  651  866 1056 1234 1399 1497 1919 2094],-0.07518072353477614,78.53237621937748,8.508721854106211
1511,14,25,60,[   0  294  399  484  651  866 1056 1234 1399 1497 1919 2094],-0.07518072353477614,78.53237621937748,8.508721854106211
1512,14,26,0,"[   0    2    6   59   64   97  294  327  375  400  424  439  609  651
 1075 1234 1268 1399 1454 1524 1919 1968 2083 2087 2094]",-0.08990516021485116,78.23430703875398,6.558876954864732
1513,14,26,20,"[   0   59   97  327  375  400  424  609  651 1075 1234 1399 1454 1919
 1968 2094]",-0.08990516021485116,78.23430703875398,6.558876954864732
1514,14,26,40,[   0  327  375  424  609  651 1075 1234 1399 1454 1919 1968 2094],-0.08990516021485116,78.23430703875398,6.558876954864732
1515,14,26,60,[   0  424  609 1075 1234 1454 1524 1919 2094],-0.08990516021485116,78.23430703875398,6.558876954864732
1516,14,27,0,"[   0    3    6   59  234  275  295  484  577  609  644  651  674  818
 1075 1239 1268 1362 1393 1524 1919 1966 2005 2072 2087 2094]",-0.10246916772610185,75.00834101746845,7.993270931430631
1517,14,27,20,"[   0   59  234  275  484  577  609  651  674  818 1075 1239 1268 1362
 1393 1524 1919 1966 2005 2072 2094]",-0.10246916772610185,75.00834101746845,7.993270931430631
1518,14,27,40,"[   0   59  234  275  484  609  651  818 1075 1268 1393 1524 1919 1966
 2094]",-0.10246916772610185,75.00834101746845,7.993270931430631
1519,14,27,60,[   0  275  484  609  818 1075 1268 1393 1524 1919 2094],-0.10246916772610185,75.00834101746845,7.993270931430631
1520,14,28,0,"[   0   59   95  296  436  484  530  580  651  661 1075 1234 1268 1354
 1382 1399 1429 1524 1919 1924 1935 1969 2060 2087 2094]",-0.029373760768051385,72.29456773865903,10.07489920914325
1521,14,28,20,"[   0   59   95  296  436  484  530  580  651 1075 1234 1268 1354 1399
 1429 1524 1924 1969 2060 2094]",-0.029373760768051385,72.29456773865903,10.07489920914325
1522,14,28,40,"[   0   59  296  436  484  530  580  651 1075 1268 1354 1399 1524 1924
 1969 2094]",-0.029373760768051385,72.29456773865903,10.07489920914325
1523,14,28,60,[   0  296  436  580  651 1075 1268 1399 1524 1924 2094],-0.029373760768051385,72.29456773865903,10.07489920914325
1524,14,29,0,"[   0    2    6   97  158  375  383  388  436  442  661  681  767  867
 1075 1130 1239 1268 1391 1430 1524 1919 1956 2087 2094]",-0.07075794231939384,72.55911871045986,8.951433685185176
1525,14,29,20,[   0  388  436  767 1075 1130 1268 1391 1430 2094],-0.07075794231939384,72.55911871045986,8.951433685185176
1526,14,29,40,[   0  388  436  767 1075 1130 1268 2094],-0.07075794231939384,72.55911871045986,8.951433685185176
1527,14,29,60,[   0   97  158  436  661  767  867 1130 1268 1391 1524 1919 2094],-0.07075794231939384,72.55911871045986,8.951433685185176
1528,14,30,0,"[   0    2    6   95  296  383  401  432  442  484  640  651  866  897
  898  901 1089 1354 1393 1524 1866 1919 2081 2087 2090 2094]",-0.047349360708864266,79.96978201673721,7.1543773412282965
1529,14,30,20,[   0  401  432  866  897 2094],-0.047349360708864266,79.96978201673721,7.1543773412282965
1530,14,30,40,[   0   95  296  432  484  640  866 1089 1393 1524 1714 1866 1919 2094],-0.047349360708864266,79.96978201673721,7.1543773412282965
1531,14,30,60,[   0   95  296  432  640  866 1089 1393 1524 1714 1919 2094],-0.047349360708864266,79.96978201673721,7.1543773412282965
1532,14,31,0,"[   0    2    8   97  383  401  432  436  442  640  661  735  866  897
  901 1089 1234 1268 1354 1393 1524 1714 1866 1919 2082 2087 2090 2094]",-0.03736095573036373,80.40419269320532,8.589202065497911
1533,14,31,20,"[   0  401  432  640  661  735  866  897 1089 1268 1354 1393 1866 1919
 2094]",-0.03736095573036373,80.40419269320532,8.589202065497911
1534,14,31,40,[   0   97  432  640  735  866 1089 1268 1393 1524 1714 1866 1919 2094],-0.03736095573036373,80.40419269320532,8.589202065497911
1535,14,31,60,[   0   97  432  640  735  866 1089 1268 1393 1524 1714 1919 2094],-0.03736095573036373,80.40419269320532,8.589202065497911
1536,14,32,0,"[   0    6   59   97  327  383  399  424  436  442  661  773 1077 1122
 1234 1253 1268 1338 1524 1789 1866 1919 2082 2087 2089 2094]",-0.04924327893438209,88.79729337914863,6.921230333141748
1537,14,32,20,[   0   59   97  399  424  773 1077 1122 1268 1866 1919 2094],-0.04924327893438209,88.79729337914863,6.921230333141748
1538,14,32,40,[   0   59  327  424  661  773 1077 1122 1268 1524 1789 1866 1919 2094],-0.04924327893438209,88.79729337914863,6.921230333141748
1539,14,32,60,[   0  327  424  661  773 1077 1268 1524 1789 1919 2094],-0.04924327893438209,88.79729337914863,6.921230333141748
1540,14,33,0,"[   0    2    6   59  383  394  422  436  651  866  897 1077 1162 1234
 1253 1268 1417 1454 1524 1866 1919 2082 2087 2089 2094]",-0.01131833591088949,91.7285863877498,7.131161189432278
1541,14,33,20,[   0  394  422  866  897 1077 1162 2094],-0.01131833591088949,91.7285863877498,7.131161189432278
1542,14,33,40,[   0   59  422  651  866 1077 1162 1268 1454 1524 1866 1919 2094],-0.01131833591088949,91.7285863877498,7.131161189432278
1543,14,33,60,[   0  422  651  866 1077 1162 1268 1454 1524 1714 1919 2094],-0.01131833591088949,91.7285863877498,7.131161189432278
1544,14,34,0,"[   0    2    6   59  388  442  530  580  749  785  984 1021 1089 1130
 1268 1483 1497 1866 1919 2082 2087 2089 2094]",-0.0064859901372535216,94.76826673974908,9.183991200782364
1545,14,34,20,"[   0   59  388  442  530  580  749  785  984 1021 1089 1130 1268 1483
 1866 1919 2094]",-0.0064859901372535216,94.76826673974908,9.183991200782364
1546,14,34,40,[   0  388  442  530  580  785 1089 1130 1268 1483 1866 1919 2094],-0.0064859901372535216,94.76826673974908,9.183991200782364
1547,14,34,60,[   0  442  580  785 1021 1130 1268 1338 1483 1714 1919 2094],-0.0064859901372535216,94.76826673974908,9.183991200782364
1548,14,35,0,"[   0    2    6   59  194  234  388  442  530  580  625  984 1021 1089
 1130 1338 1458 1866 2060 2084 2087 2094]",-0.017821366074337354,94.32556964421437,8.130961958088179
1549,14,35,20,"[   0   59  194  234  388  442  530  580  625  984 1021 1089 1130 1338
 1458 1866 2060 2094]",-0.017821366074337354,94.32556964421437,8.130961958088179
1550,14,35,40,[   0   59  194  388  442  530  580  625 1089 1130 1338 1458 2094],-0.017821366074337354,94.32556964421437,8.130961958088179
1551,14,35,60,[   0  194  388  530  625  984 1130 1338 1458 1524 1866 1993 2094],-0.017821366074337354,94.32556964421437,8.130961958088179
1552,14,36,0,"[   0    2    6   59  194  234  383  439  498  580  984 1021 1235 1417
 1474 1524 1655 2082 2087 2090 2094]",-0.043034318183120195,100.72945471954944,9.137474239915294
1553,14,36,20,"[   0   59  194  234  383  439  498  580  984 1021 1235 1417 1474 1524
 1655 2094]",-0.043034318183120195,100.72945471954944,9.137474239915294
1554,14,36,40,[   0   59  194  383  439  498  580 1021 1235 1417 1474 1524 2094],-0.043034318183120195,100.72945471954944,9.137474239915294
1555,14,36,60,[   0  194  383  498  580 1021 1235 1474 2094],-0.043034318183120195,100.72945471954944,9.137474239915294
1556,14,37,0,"[   0    2    6   77  281  347  398  442  484  535  566  580  622 1056
 1128 1168 1234 1458 1655 1714 1983 2082 2087 2090 2094]",0.016415011105158497,107.84808990528572,5.8534130980548555
1557,14,37,20,"[   0   77  281  347  398  442  484  535  566  622 1056 1128 1168 1234
 1458 2094]",0.016415011105158497,107.84808990528572,5.8534130980548555
1558,14,37,40,[   0   77  281  347  398  442  484  566  622 1056 1128 1234 1458 2094],0.016415011105158497,107.84808990528572,5.8534130980548555
1559,14,37,60,[   0   77  281  347  442  622 1056 1128 1234 1458 2094],0.016415011105158497,107.84808990528572,5.8534130980548555
1560,14,38,0,"[   0    2    6  234  398  442  465  471  804 1056 1077 1130 1168 1253
 1382 1474 2082 2087 2090 2094]",0.015214616282979211,106.12316455076784,7.300745336063133
1561,14,38,20,[   0  234  398  442  465  804 1056 1077 1130 1168 1253 1382 1474 2094],0.015214616282979211,106.12316455076784,7.300745336063133
1562,14,38,40,[   0  234  398  442  804 1077 1130 1253 1474 2094],0.015214616282979211,106.12316455076784,7.300745336063133
1563,14,38,60,[   0  234  442  804 1077 1253 1382 1474 2094],0.015214616282979211,106.12316455076784,7.300745336063133
1564,14,39,0,"[   0    2    6  234  398  442  465  471  804  985 1077 1089 1130 1253
 1474 1523 1655 1714 1753 2082 2087 2090 2094]",0.001131661248182912,112.39316377987208,6.193073421373746
1565,14,39,20,[   0  234  398  442  465  804 1077 1130 1253 1474 1523 2094],0.001131661248182912,112.39316377987208,6.193073421373746
1566,14,39,40,[   0  234  398  442  804 1077 1130 1253 1474 1523 2094],0.001131661248182912,112.39316377987208,6.193073421373746
1567,14,39,60,[   0  234  442  804  985 1130 1253 1474 2094],0.001131661248182912,112.39316377987208,6.193073421373746
1568,14,40,0,"[   0    2    6  389  398  442  465  985 1056 1077 1089 1130 1168 1253
 1373 1382 1714 1753 1971 1983 2084 2087 2094]",0.014514825769992273,110.82555731015488,6.308995644110567
1569,14,40,20,[   0  389  442  465  985 1056 1077 1130 1168 1253 1714 2094],0.014514825769992273,110.82555731015488,6.308995644110567
1570,14,40,40,[   0  389  442 1077 1130 1253 2094],0.014514825769992273,110.82555731015488,6.308995644110567
1571,14,40,60,[   0  442  985 1130 1253 1373 1655 1753 1971 2094],0.014514825769992273,110.82555731015488,6.308995644110567
1572,14,41,0,"[   0    2    6  389  439  530  580  985 1017 1077 1152 1253 1714 1753
 1971 1983 2084 2087 2094]",-0.026177391580332835,109.98071837611056,6.876801476833934
1573,14,41,20,[   0  389  439  530  580  985 1017 1077 1152 1253 1714 2094],-0.026177391580332835,109.98071837611056,6.876801476833934
1574,14,41,40,[   0  389  439 1077 1152 2094],-0.026177391580332835,109.98071837611056,6.876801476833934
1575,14,41,60,[   0  389  530  886 1077 1152 1253 1533 1655 1753 1971 2094],-0.026177391580332835,109.98071837611056,6.876801476833934
1576,14,42,0,"[   0    2    6   60  187  389  442  484  530  580 1056 1077 1168 1253
 1379 1400 1655 1971 1983 2084 2087 2094]",0.037107043349358756,114.65219691310728,5.295368273466231
1577,14,42,20,[   0   60  187  389  442  530  580 1077 1168 1253 1379 1400 1655 2094],0.037107043349358756,114.65219691310728,5.295368273466231
1578,14,42,40,[   0  389  442 1077 1168 2094],0.037107043349358756,114.65219691310728,5.295368273466231
1579,14,42,60,[   0  187  442  580 1077 1168 1253 1338 1400 1655 1983 2094],0.037107043349358756,114.65219691310728,5.295368273466231
1580,14,43,0,"[   0    2    6    7  383  394  398  422  436  442  465  484  651 1077
 1253 1338 1373 1382 1655 1714 1758 1971 1983 2082 2084 2087 2094]",-0.02617969555165087,116.37554688702195,6.110384084764202
1581,14,43,20,[   0  394  422 2094],-0.02617969555165087,116.37554688702195,6.110384084764202
1582,14,43,40,[   0  394  484  651 1077 1253 1714 1758 2094],-0.02617969555165087,116.37554688702195,6.110384084764202
1583,14,43,60,[   0  394  484  651 1077 1253 1655 2094],-0.02617969555165087,116.37554688702195,6.110384084764202
1584,14,44,0,"[   0    2    3    8   60  187  389  398  439  442  465  484  748 1056
 1077 1168 1253 1338 1379 1435 1533 1971 1983 2072 2087 2094]",-0.005394941279544499,117.34650712884276,5.81037371335892
1585,14,44,20,"[   0   60  187  389  439  465  748 1056 1077 1168 1253 1533 1971 2072
 2094]",-0.005394941279544499,117.34650712884276,5.81037371335892
1586,14,44,40,[   0  389  439 1077 1168 2094],-0.005394941279544499,117.34650712884276,5.81037371335892
1587,14,44,60,[   0  187  439  748 1077 1168 1253 1435 1533 1971 2094],-0.005394941279544499,117.34650712884276,5.81037371335892
1588,14,45,0,"[   0    2    6   60  187  389  442  484  622  748 1056 1077 1127 1168
 1173 1253 1486 1533 2083 2087 2090 2094]",0.00581304179786577,123.37599617426233,6.281761489532635
1589,14,45,20,"[   0   60  187  389  442  484  622 1056 1077 1127 1168 1253 1486 1533
 2094]",0.00581304179786577,123.37599617426233,6.281761489532635
1590,14,45,40,[   0   60  187  389  442  484  622 1077 1127 1168 1253 1486 2094],0.00581304179786577,123.37599617426233,6.281761489532635
1591,14,45,60,[   0  187  442  622  748 1077 1168 1253 1486 1983 2094],0.00581304179786577,123.37599617426233,6.281761489532635
1592,14,46,0,"[   0    2    6    7   60  187  383  439  484  674 1056 1077 1127 1168
 1173 1273 1390 1454 1983 2079 2083 2087 2094]",-0.043392097262428486,116.81283788123568,5.019556478817092
1593,14,46,20,"[   0   60  187  383  439  484  674 1056 1077 1127 1168 1273 1390 1454
 2094]",-0.043392097262428486,116.81283788123568,5.019556478817092
1594,14,46,40,[   0   60  187  383  439  484  674 1077 1127 1168 1273 1390 1454 2094],-0.043392097262428486,116.81283788123568,5.019556478817092
1595,14,46,60,[   0  187  439  674 1077 1168 1273 1390 1454 2094],-0.043392097262428486,116.81283788123568,5.019556478817092
1596,14,47,0,"[   0    2    6   60  187  398  439  442  465  484  748 1056 1114 1162
 1168 1390 1435 1473 1655 1714 1983 2082 2087 2094]",0.005512363963162424,116.01754785918135,6.297498835157922
1597,14,47,20,[   0   60  187  398  439  465  748 1056 1162 1390 1473 2094],0.005512363963162424,116.01754785918135,6.297498835157922
1598,14,47,40,[   0  187  398  439  748 1056 1162 1390 1473 2094],0.005512363963162424,116.01754785918135,6.297498835157922
1599,14,47,60,[   0  187  439  748 1056 1162 1390 1473 2094],0.005512363963162424,116.01754785918135,6.297498835157922
1600,14,48,0,"[   0    2    6   60  187  281  442  484  622  748 1077 1253 1435 1454
 1486 1536 1655 1689 1714 2083 2087 2088 2090 2094]",0.03196440729347054,121.30164381620189,5.153377825645502
1601,14,48,20,"[   0   60  187  281  442  484  622  748 1077 1253 1486 1536 1655 1689
 1714 2094]",0.03196440729347054,121.30164381620189,5.153377825645502
1602,14,48,40,[   0   60  187  281  442  484  622  748 1077 1253 1486 1536 1655 2094],0.03196440729347054,121.30164381620189,5.153377825645502
1603,14,48,60,[   0  187  281  442  622 1077 1253 1486 2094],0.03196440729347054,121.30164381620189,5.153377825645502
1604,14,49,0,"[   0    2    6    7   60  232  442  484  530  580  748  788 1056 1144
 1272 1296 1373 1655 1689 1819 2083 2085 2087 2090 2094]",0.04353439439305203,131.72427295972648,6.200708757728661
1605,14,49,20,"[   0   60  232  442  484  530  580  748  788 1056 1144 1272 1296 1373
 1655 1689 1819 2094]",0.04353439439305203,131.72427295972648,6.200708757728661
1606,14,49,40,"[   0   60  232  442  484  530  580  788 1056 1144 1272 1373 1689 1819
 2094]",0.04353439439305203,131.72427295972648,6.200708757728661
1607,14,49,60,[   0  232  442  580  788 1056 1144 1272 1373 1819 2094],0.04353439439305203,131.72427295972648,6.200708757728661
1608,14,50,0,"[   0    2    3    6    7   60  232  442  484  530  580  748  788 1056
 1144 1272 1296 1373 1612 1655 1689 1714 2081 2084 2087 2094]",0.04462992090853848,130.70330251360284,5.2169742400025045
1609,14,50,20,"[   0   60  232  442  484  530  580  748  788 1056 1144 1272 1296 1373
 1612 1655 1689 1714 2094]",0.04462992090853848,130.70330251360284,5.2169742400025045
1610,14,50,40,"[   0   60  232  442  484  530  580  788 1056 1144 1272 1373 1612 1655
 2094]",0.04462992090853848,130.70330251360284,5.2169742400025045
1611,14,50,60,[   0  232  442  580  788 1056 1144 1272 1373 1612 2094],0.04462992090853848,130.70330251360284,5.2169742400025045
1612,15,20,0,"[   0    2    6   59  187  400  401  432  501  580  645  665  731  752
  866  901 1021 1144 1242 1262 1399 1429 1716 1919 1966 2087 2094]",-0.08990370776109892,56.1571718015387,10.198017921904846
1613,15,20,20,"[   0   59  187  401  432  501  580  665  731  752  866  901 1021 1144
 1262 1399 1429 1716 1919 1966 2094]",-0.08990370776109892,56.1571718015387,10.198017921904846
1614,15,20,40,"[   0   59  187  401  501  580  665  731  866 1021 1144 1262 1429 1716
 1919 1966 2094]",-0.08990370776109892,56.1571718015387,10.198017921904846
1615,15,20,60,"[   0  187  401  501  580  665  731  866 1021 1144 1262 1429 1716 1919
 2094]",-0.08990370776109892,56.1571718015387,10.198017921904846
1616,15,21,0,"[   0   59   97  187  398  401  432  501  580  731  752  866  901 1075
 1144 1241 1262 1369 1399 1557 1679 1716 1887 1919 1924 2087 2094]",-0.08129730950716793,55.6240468607713,8.66574702759996
1617,15,21,20,"[   0   59   97  187  401  432  501  580  731  752  866  901 1075 1144
 1241 1262 1369 1399 1557 1679 1716 1887 1919 2094]",-0.08129730950716793,55.6240468607713,8.66574702759996
1618,15,21,40,"[   0   59  187  401  501  580  752  866 1075 1144 1262 1557 1679 1919
 2094]",-0.08129730950716793,55.6240468607713,8.66574702759996
1619,15,21,60,[   0  187  401  501  580  752  866 1075 1144 1262 1557 1679 1919 2094],-0.08129730950716793,55.6240468607713,8.66574702759996
1620,15,22,0,"[   0    3    6   59  158  228  400  401  422  432  501  580  866  901
 1021 1144 1268 1329 1399 1429 1694 1716 1919 1924 2006 2082 2087 2094]",-0.08217466435284054,63.390744406251834,7.4396811484907595
1621,15,22,20,"[   0   59  158  228  401  422  501  580  866  901 1021 1144 1268 1399
 1429 1694 1716 1919 2094]",-0.08217466435284054,63.390744406251834,7.4396811484907595
1622,15,22,40,"[   0   59  158  228  401  501  580  866 1021 1144 1268 1329 1429 1716
 1919 2094]",-0.08217466435284054,63.390744406251834,7.4396811484907595
1623,15,22,60,"[   0  158  228  401  501  580  866 1021 1144 1268 1329 1429 1716 1919
 2094]",-0.08217466435284054,63.390744406251834,7.4396811484907595
1624,15,23,0,"[   0   59   97  187  231  275  394  400  401  422  436  484  651  866
  901 1021 1144 1268 1329 1369 1399 1435 1473 1919 1978 2087 2094]",-0.03842473181816607,68.8999913994499,7.747404802177704
1625,15,23,20,"[   0   59   97  187  231  394  422  866  901 1144 1268 1369 1399 1473
 2094]",-0.03842473181816607,68.8999913994499,7.747404802177704
1626,15,23,40,"[   0   59  187  231  275  394  484  651  866 1021 1144 1268 1329 1399
 1473 1919 1978 2094]",-0.03842473181816607,68.8999913994499,7.747404802177704
1627,15,23,60,"[   0  187  275  394  484  651  866 1021 1144 1268 1329 1399 1473 1919
 2094]",-0.03842473181816607,68.8999913994499,7.747404802177704
1628,15,24,0,"[   0    2    6   59   64   97  187  231  275  399  448  484  612  638
  651  866  901 1056 1234 1268 1362 1393 1497 1919 1924 1978 2005 2087
 2094]",-0.082230202142643,68.08065683175526,9.173088570954134
1629,15,24,20,"[   0   59   97  187  231  275  399  448  484  612  651  866  901 1056
 1234 1268 1362 1393 1497 1919 1978 2005 2094]",-0.082230202142643,68.08065683175526,9.173088570954134
1630,15,24,40,"[   0   59  187  231  275  399  448  612  866 1056 1268 1393 1497 1919
 1978 2094]",-0.082230202142643,68.08065683175526,9.173088570954134
1631,15,24,60,[   0  187  275  448  612  866 1056 1268 1393 1497 1919 2094],-0.082230202142643,68.08065683175526,9.173088570954134
1632,15,25,0,"[   0    2    6   59   64   97  294  327  399  422  442  484  651  866
  897 1032 1056 1064 1234 1268 1399 1435 1770 1866 1919 1956 2087 2094]",-0.07598112335939529,75.52611223816577,8.607504319262215
1633,15,25,20,"[   0   59   97  294  399  422  484  651  866  897 1032 1056 1234 1268
 1399 1435 1866 1919 1956 2094]",-0.07598112335939529,75.52611223816577,8.607504319262215
1634,15,25,40,"[   0   59  294  399  484  651  866 1056 1234 1399 1497 1770 1866 1919
 2094]",-0.07598112335939529,75.52611223816577,8.607504319262215
1635,15,25,60,[   0  294  399  484  651  866 1056 1234 1399 1497 1770 1919 2094],-0.07598112335939529,75.52611223816577,8.607504319262215
1636,15,26,0,"[   0    2    6   59   64   97  294  327  375  400  424  439  609  651
 1075 1234 1268 1399 1454 1524 1789 1866 1919 1968 2083 2087 2094]",-0.09161415211385968,74.87978130038206,6.397645480207511
1637,15,26,20,"[   0   59   97  327  375  400  424  609  651 1075 1234 1399 1454 1866
 1919 1968 2094]",-0.09161415211385968,74.87978130038206,6.397645480207511
1638,15,26,40,"[   0   59  327  375  424  609  651 1075 1234 1399 1454 1866 1919 1968
 2094]",-0.09161415211385968,74.87978130038206,6.397645480207511
1639,15,26,60,[   0  424  609 1075 1234 1454 1524 1789 1919 2094],-0.09161415211385968,74.87978130038206,6.397645480207511
1640,15,27,0,"[   0    3    6   59  234  275  295  326  424  484  577  609  644  651
  674  818 1075 1239 1268 1362 1393 1524 1919 1966 2005 2072 2087 2094]",-0.10582615079947191,72.17137873021441,7.7664692433984905
1641,15,27,20,"[   0   59  234  275  326  424  484  577  609  651  674  818 1075 1239
 1268 1362 1393 1524 1919 1966 2005 2072 2094]",-0.10582615079947191,72.17137873021441,7.7664692433984905
1642,15,27,40,"[   0   59  234  275  326  424  484  609  651  818 1075 1268 1393 1524
 1919 1966 2094]",-0.10582615079947191,72.17137873021441,7.7664692433984905
1643,15,27,60,[   0  275  424  609  818 1075 1268 1393 1524 1919 2094],-0.10582615079947191,72.17137873021441,7.7664692433984905
1644,15,28,0,"[   0   59   95  296  350  383  436  530  580  651  661 1075 1234 1268
 1354 1382 1399 1429 1919 1924 1935 1969 2060 2087 2094]",-0.05011877396214542,69.902540265731,10.892307068860953
1645,15,28,20,"[   0   59   95  296  350  383  436  530  580  651 1075 1234 1268 1354
 1399 1429 1924 1969 2060 2094]",-0.05011877396214542,69.902540265731,10.892307068860953
1646,15,28,40,"[   0   59  296  383  436  530  580  651 1075 1268 1354 1399 1524 1924
 1969 2094]",-0.05011877396214542,69.902540265731,10.892307068860953
1647,15,28,60,[   0  296  436  580  651 1075 1268 1399 1524 1924 2094],-0.05011877396214542,69.902540265731,10.892307068860953
1648,15,29,0,"[   0    2    6   97  158  231  296  375  383  388  436  442  661  681
  767  867 1075 1130 1239 1268 1391 1430 1524 1919 1956 2087 2094]",-0.08006019749824599,69.79784451731832,8.43575661568575
1649,15,29,20,[   0  388  436  767 1075 1130 1268 1391 1430 2094],-0.08006019749824599,69.79784451731832,8.43575661568575
1650,15,29,40,[   0  388  436  767 1075 1130 1268 2094],-0.08006019749824599,69.79784451731832,8.43575661568575
1651,15,29,60,"[   0   97  158  231  296  436  661  767  867 1130 1268 1391 1524 1919
 2094]",-0.08006019749824599,69.79784451731832,8.43575661568575
1652,15,30,0,"[   0    2    6   95  296  383  401  432  442  484  640  651  752  867
  897  898  901 1089 1354 1393 1524 1714 1866 1919 2081 2087 2090 2094]",-0.04780800729014417,75.8473467474639,6.46458620499422
1653,15,30,20,[   0  401  432  867  897 2094],-0.04780800729014417,75.8473467474639,6.46458620499422
1654,15,30,40,"[   0   95  296  432  484  640  752  867 1089 1393 1524 1714 1866 1919
 2094]",-0.04780800729014417,75.8473467474639,6.46458620499422
1655,15,30,60,[   0   95  296  432  640  752  867 1089 1393 1524 1714 1919 2094],-0.04780800729014417,75.8473467474639,6.46458620499422
1656,15,31,0,"[   0    2    6   97  383  388  401  432  436  442  640  661  735  866
  897  901 1089 1234 1268 1354 1393 1524 1714 1866 1919 2082 2087 2090
 2094]",-0.04614095508819782,77.4650372736198,8.376106918331137
1657,15,31,20,[   0  388  432  640  661  735  866  897 1268 1354 1393 1866 1919 2094],-0.04614095508819782,77.4650372736198,8.376106918331137
1658,15,31,40,[   0  388  432 2094],-0.04614095508819782,77.4650372736198,8.376106918331137
1659,15,31,60,[   0   97  432  640  735  866 1089 1268 1393 1524 1714 1919 2094],-0.04614095508819782,77.4650372736198,8.376106918331137
1660,15,32,0,"[   0    6   59   97  327  383  399  424  436  442  484  535  661  773
 1077 1122 1234 1253 1268 1338 1524 1789 1866 1919 2082 2087 2089 2094]",-0.05172068188475491,84.3141033131577,5.947381201923148
1661,15,32,20,[   0   59   97  399  424  773 1077 1122 1268 1866 1919 2094],-0.05172068188475491,84.3141033131577,5.947381201923148
1662,15,32,40,"[   0   59  327  424  484  535  661  773 1077 1122 1268 1338 1524 1789
 1866 1919 2094]",-0.05172068188475491,84.3141033131577,5.947381201923148
1663,15,32,60,[   0  327  424  535  661  773 1077 1268 1338 1524 1789 1919 2094],-0.05172068188475491,84.3141033131577,5.947381201923148
1664,15,33,0,"[   0    2    6   59  383  394  422  436  484  535  651  866  897 1077
 1162 1234 1253 1268 1417 1454 1524 1866 1919 2082 2087 2089 2094]",-0.015763613981121683,88.14899111594504,6.153288418169553
1665,15,33,20,[   0  394  422  866  897 1077 1162 2094],-0.015763613981121683,88.14899111594504,6.153288418169553
1666,15,33,40,"[   0   59  394  484  535  651  866 1077 1162 1268 1454 1524 1866 1919
 2094]",-0.015763613981121683,88.14899111594504,6.153288418169553
1667,15,33,60,[   0  394  484  651  866 1077 1162 1268 1454 1524 1714 1919 2094],-0.015763613981121683,88.14899111594504,6.153288418169553
1668,15,34,0,"[   0    2    6   59  388  442  484  530  580  749  785  984 1021 1089
 1130 1268 1483 1497 1866 1919 2082 2087 2089 2094]",-0.008628169211646032,90.50009474695794,7.964795436576116
1669,15,34,20,"[   0   59  388  442  484  530  580  749  785  984 1021 1089 1130 1268
 1483 1866 1919 2094]",-0.008628169211646032,90.50009474695794,7.964795436576116
1670,15,34,40,[   0  388  442  530  580  785 1089 1130 1268 1483 1866 1919 2094],-0.008628169211646032,90.50009474695794,7.964795436576116
1671,15,34,60,[   0  442  580  785 1021 1130 1268 1338 1483 1714 1919 2094],-0.008628169211646032,90.50009474695794,7.964795436576116
1672,15,35,0,"[   0    2    6   59  194  234  388  442  530  580  625  984 1021 1077
 1089 1130 1253 1458 1866 2060 2084 2087 2094]",-0.015848861223573325,90.27436957056514,7.781868907203687
1673,15,35,20,"[   0   59  194  234  388  442  530  580  625  984 1021 1077 1130 1253
 1458 1866 2060 2094]",-0.015848861223573325,90.27436957056514,7.781868907203687
1674,15,35,40,[   0   59  194  388  442  530  580  625 1077 1130 1253 1458 2094],-0.015848861223573325,90.27436957056514,7.781868907203687
1675,15,35,60,[   0  194  388  530  625 1077 1253 1458 1524 1866 1993 2094],-0.015848861223573325,90.27436957056514,7.781868907203687
1676,15,36,0,"[   0    2    6   59  194  234  383  439  498  580  984 1021 1130 1235
 1417 1474 1524 1655 2082 2087 2090 2094]",-0.06107570154374619,96.3406500349961,8.952061191816972
1677,15,36,20,"[   0   59  194  234  383  439  498  580  984 1021 1130 1235 1417 1474
 1524 1655 2094]",-0.06107570154374619,96.3406500349961,8.952061191816972
1678,15,36,40,[   0   59  194  383  439  498  580  984 1130 1235 1417 1474 1524 2094],-0.06107570154374619,96.3406500349961,8.952061191816972
1679,15,36,60,[   0  194  383  498  580  984 1130 1235 1474 2094],-0.06107570154374619,96.3406500349961,8.952061191816972
1680,15,37,0,"[   0    2    6   77  281  347  398  442  484  535  566  580  622 1056
 1128 1130 1168 1234 1458 1655 1714 1983 2082 2087 2090 2094]",0.006938479715445034,101.70044817209008,5.9098805615855055
1681,15,37,20,"[   0   77  281  347  398  442  484  535  566  622 1056 1130 1168 1234
 1458 2094]",0.006938479715445034,101.70044817209008,5.9098805615855055
1682,15,37,40,[   0   77  281  347  398  442  484  566  622 1056 1130 1234 1458 2094],0.006938479715445034,101.70044817209008,5.9098805615855055
1683,15,37,60,[   0   77  281  347  442  622 1056 1130 1234 1458 2094],0.006938479715445034,101.70044817209008,5.9098805615855055
1684,15,38,0,"[   0    2    6   60  187  234  398  442  465  471  804 1056 1077 1130
 1168 1253 1382 1474 2082 2087 2090 2094]",0.010540779189184061,101.60597015444164,6.56865778695199
1685,15,38,20,"[   0   60  187  234  398  442  465  804 1056 1077 1130 1168 1253 1382
 1474 2094]",0.010540779189184061,101.60597015444164,6.56865778695199
1686,15,38,40,[   0   60  187  234  398  442  804 1077 1130 1253 1474 2094],0.010540779189184061,101.60597015444164,6.56865778695199
1687,15,38,60,[   0  234  442  804 1077 1253 1382 1474 2094],0.010540779189184061,101.60597015444164,6.56865778695199
1688,15,39,0,"[   0    2    6  234  398  442  465  471  804  985 1056 1077 1089 1130
 1168 1253 1474 1523 1655 1714 1753 2082 2087 2090 2094]",0.001407842188260149,106.00074547824772,5.543551520336463
1689,15,39,20,"[   0  234  398  442  465  804  985 1056 1077 1130 1168 1253 1474 1523
 1655 1714 1753 2094]",0.001407842188260149,106.00074547824772,5.543551520336463
1690,15,39,40,[   0  234  398  442  804 1077 1130 1253 1474 1523 2094],0.001407842188260149,106.00074547824772,5.543551520336463
1691,15,39,60,[   0  234  442  804  985 1130 1253 1474 2094],0.001407842188260149,106.00074547824772,5.543551520336463
1692,15,40,0,"[   0    2    6  389  398  442  465  484  535  985 1056 1077 1089 1130
 1168 1253 1373 1382 1655 1714 1753 1971 1983 2082 2084 2087 2094]",0.013851141122901936,105.14387781185785,6.037041486917941
1693,15,40,20,[   0  389  442  465  985 1056 1077 1130 1168 1253 1714 2094],0.013851141122901936,105.14387781185785,6.037041486917941
1694,15,40,40,[   0  389  442 1077 1130 1253 2094],0.013851141122901936,105.14387781185785,6.037041486917941
1695,15,40,60,[   0  389  535  985 1130 1253 1373 1655 1753 1971 2094],0.013851141122901936,105.14387781185785,6.037041486917941
1696,15,41,0,"[   0    2    6  389  439  530  580  985 1017 1056 1077 1152 1253 1714
 1753 1971 1983 2084 2087 2094]",-0.026280360256446214,103.64917935340756,6.595462003405663
1697,15,41,20,[   0  389  439  530  580  985 1017 1056 1077 1152 1253 1714 2094],-0.026280360256446214,103.64917935340756,6.595462003405663
1698,15,41,40,[   0  389  439 1077 1152 2094],-0.026280360256446214,103.64917935340756,6.595462003405663
1699,15,41,60,[   0  389  530  886 1077 1152 1253 1533 1655 1753 1971 2094],-0.026280360256446214,103.64917935340756,6.595462003405663
1700,15,42,0,"[   0    2    6   60  187  389  442  484  530  580 1056 1077 1168 1174
 1253 1379 1400 1714 1753 1971 1983 2084 2087 2094]",0.011813024078924166,109.42367861597602,5.186603082644257
1701,15,42,20,[   0   60  187  389  442  530  580 1077 1168 1253 1379 1400 1714 2094],0.011813024078924166,109.42367861597602,5.186603082644257
1702,15,42,40,[   0  389  442 1077 1168 2094],0.011813024078924166,109.42367861597602,5.186603082644257
1703,15,42,60,[   0  187  442  580 1077 1168 1253 1338 1400 1655 1753 1971 2094],0.011813024078924166,109.42367861597602,5.186603082644257
1704,15,43,0,"[   0    2    3    6    7  383  389  394  398  422  436  442  465  484
  651 1077 1253 1338 1373 1382 1655 1714 1758 1971 1983 2082 2084 2087
 2094]",-0.037031173938913094,111.2360990969911,6.499473873107676
1705,15,43,20,[   0  389  422 2094],-0.037031173938913094,111.2360990969911,6.499473873107676
1706,15,43,40,[   0  389  484  651 1077 1253 1714 1758 2094],-0.037031173938913094,111.2360990969911,6.499473873107676
1707,15,43,60,[   0  389  484  651 1077 1253 1655 2094],-0.037031173938913094,111.2360990969911,6.499473873107676
1708,15,44,0,"[   0    2    5    7   60  187  383  389  398  439  442  465  484  748
 1056 1077 1168 1253 1338 1379 1435 1533 1971 1983 2072 2087 2094]",-0.05167380792193658,111.98712799534805,5.948992255987715
1709,15,44,20,"[   0   60  187  389  439  465  748 1056 1077 1168 1253 1533 1971 2072
 2094]",-0.05167380792193658,111.98712799534805,5.948992255987715
1710,15,44,40,[   0  389  439 1077 1168 2094],-0.05167380792193658,111.98712799534805,5.948992255987715
1711,15,44,60,[   0  187  439  748 1077 1168 1253 1435 1533 1971 2094],-0.05167380792193658,111.98712799534805,5.948992255987715
1712,15,45,0,"[   0    2    6   60  187  347  389  422  442  484  622  748 1056 1077
 1127 1168 1173 1253 1486 1533 1612 2083 2087 2090 2094]",0.006812323675345804,116.97050377674567,6.5586780891248155
1713,15,45,20,[   0   60  187  347  389  422  484  622 1077 1127 1168 1253 1486 2094],0.006812323675345804,116.97050377674567,6.5586780891248155
1714,15,45,40,"[   0   60  187  347  389  484  622  748 1077 1127 1168 1253 1486 1533
 1612 1983 2094]",0.006812323675345804,116.97050377674567,6.5586780891248155
1715,15,45,60,[   0  187  389  484  622 1077 1168 1253 1486 2094],0.006812323675345804,116.97050377674567,6.5586780891248155
1716,15,46,0,"[   0    2    6    7   60  187  347  383  422  439  484  674  748 1056
 1077 1127 1168 1173 1273 1390 1454 1655 1714 1983 2079 2083 2087 2094]",-0.044227691853524875,110.97519206891694,5.091988165041103
1717,15,46,20,[   0  187  383  422  674 1077 1168 1390 1454 2094],-0.044227691853524875,110.97519206891694,5.091988165041103
1718,15,46,40,[   0   60  187  383  484  674 1077 1127 1168 1273 1390 1454 2094],-0.044227691853524875,110.97519206891694,5.091988165041103
1719,15,46,60,[   0  187  383  484  674 1077 1168 1273 1390 1454 2094],-0.044227691853524875,110.97519206891694,5.091988165041103
1720,15,47,0,"[   0    2    6   60  187  398  439  442  465  484  748 1056 1077 1114
 1162 1168 1253 1390 1435 1473 1655 1714 1983 2082 2087 2094]",0.002270959915552892,110.39190803016054,5.994456802782748
1721,15,47,20,[   0   60  187  398  439  465  748 1056 1077 1162 1253 1390 1473 2094],0.002270959915552892,110.39190803016054,5.994456802782748
1722,15,47,40,[   0  187  398  439  748 1077 1162 1390 1473 2094],0.002270959915552892,110.39190803016054,5.994456802782748
1723,15,47,60,[   0  187  439  748 1077 1162 1253 1390 1473 2094],0.002270959915552892,110.39190803016054,5.994456802782748
1724,15,48,0,"[   0    2    6   60  187  388  442  484  622 1077 1253 1486 1536 1655
 1689 1714 2083 2087 2090 2094]",0.007840372927695046,115.90840787709061,6.208390589401225
1725,15,48,20,"[   0   60  187  388  442  484  622 1077 1253 1486 1536 1655 1689 1714
 2094]",0.007840372927695046,115.90840787709061,6.208390589401225
1726,15,48,40,[   0  187  388  442  622 1077 1253 1486 2094],0.007840372927695046,115.90840787709061,6.208390589401225
1727,15,48,60,[   0  187  281  442  622 1077 1253 1486 2094],0.007840372927695046,115.90840787709061,6.208390589401225
1728,15,49,0,"[   0    2    6    7   60  232  388  442  484  530  580  788 1056 1144
 1272 1373 1655 1689 1819 2083 2085 2087 2090 2094]",0.019154844169065818,125.62108022521139,6.488790259272511
1729,15,49,20,"[   0   60  232  388  442  484  530  580  788 1056 1144 1272 1373 1655
 1689 1819 2094]",0.019154844169065818,125.62108022521139,6.488790259272511
1730,15,49,40,"[   0   60  232  388  442  484  530  580  788 1056 1144 1272 1373 1819
 2094]",0.019154844169065818,125.62108022521139,6.488790259272511
1731,15,49,60,[   0  232  442  580  788 1056 1144 1272 1373 1819 2094],0.019154844169065818,125.62108022521139,6.488790259272511
1732,15,50,0,"[   0    2    6    7   60  232  388  442  484  530  580  788 1056 1144
 1272 1373 1612 1655 1689 1714 2081 2084 2087 2094]",0.017933318373237164,124.95726773433388,5.612113041121412
1733,15,50,20,"[   0   60  232  388  442  484  530  580  788 1056 1144 1272 1373 1612
 1655 1689 1714 2094]",0.017933318373237164,124.95726773433388,5.612113041121412
1734,15,50,40,[   0  232  388  442  530  580  788 1056 1144 1272 1612 2094],0.017933318373237164,124.95726773433388,5.612113041121412
1735,15,50,60,[   0  232  442  580  788 1056 1144 1272 1373 1612 2094],0.017933318373237164,124.95726773433388,5.612113041121412
1736,16,20,0,"[   0    2    6   59  187  400  401  432  501  580  645  665  731  752
  866  901 1021 1144 1242 1262 1399 1429 1590 1617 1694 1716 1919 1966
 2087 2094]",-0.0844429565290463,55.00190541420194,10.145011944874593
1737,16,20,20,"[   0   59  187  401  432  501  580  665  731  752  866  901 1021 1144
 1262 1399 1429 1590 1617 1694 1716 1919 1966 2094]",-0.0844429565290463,55.00190541420194,10.145011944874593
1738,16,20,40,"[   0   59  187  401  501  580  665  731  866 1021 1144 1262 1399 1617
 1694 1919 1966 2094]",-0.0844429565290463,55.00190541420194,10.145011944874593
1739,16,20,60,"[   0  187  401  501  580  665  731  866 1021 1144 1262 1399 1617 1694
 1919 2094]",-0.0844429565290463,55.00190541420194,10.145011944874593
1740,16,21,0,"[   0   59   97  187  231  275  398  401  432  501  580  731  752  866
  901 1075 1144 1241 1262 1369 1399 1557 1679 1716 1887 1919 1924 2087
 2094]",-0.09000245515985049,53.934583051836405,8.35581039736137
1741,16,21,20,"[   0   59   97  187  231  275  401  432  501  580  731  752  866  901
 1075 1144 1241 1262 1369 1399 1557 1679 1716 1887 1919 2094]",-0.09000245515985049,53.934583051836405,8.35581039736137
1742,16,21,40,"[   0   59  187  231  275  401  501  580  752  866 1075 1144 1262 1399
 1557 1679 1919 2094]",-0.09000245515985049,53.934583051836405,8.35581039736137
1743,16,21,60,"[   0  187  275  401  501  580  752  866 1075 1144 1262 1399 1557 1679
 1919 2094]",-0.09000245515985049,53.934583051836405,8.35581039736137
1744,16,22,0,"[   0    3    6   59  158  228  275  400  401  422  432  501  580  866
  901 1021 1144 1268 1329 1399 1429 1694 1716 1919 1924 2006 2082 2087
 2094]",-0.08043892662953164,61.136160682768626,7.59313541797713
1745,16,22,20,"[   0   59  158  228  275  401  422  501  580  866  901 1021 1144 1268
 1399 1429 1694 1716 1919 2094]",-0.08043892662953164,61.136160682768626,7.59313541797713
1746,16,22,40,"[   0   59  158  228  275  401  501  580  866 1021 1144 1268 1329 1429
 1716 1919 2094]",-0.08043892662953164,61.136160682768626,7.59313541797713
1747,16,22,60,"[   0  158  228  401  501  580  866 1021 1144 1268 1329 1429 1716 1919
 2094]",-0.08043892662953164,61.136160682768626,7.59313541797713
1748,16,23,0,"[   0   59   97  187  231  275  394  400  401  422  436  484  651  866
  901 1021 1144 1268 1329 1369 1399 1435 1473 1919 1978 2006 2083 2087
 2094]",-0.0541527405338508,66.38706991063844,7.737337939849358
1749,16,23,20,"[   0   59   97  187  231  394  422  866  901 1144 1268 1369 1399 1473
 2094]",-0.0541527405338508,66.38706991063844,7.737337939849358
1750,16,23,40,"[   0   59  187  231  275  394  484  651  866 1021 1144 1268 1329 1399
 1473 1919 1978 2094]",-0.0541527405338508,66.38706991063844,7.737337939849358
1751,16,23,60,"[   0  187  275  394  484  651  866 1021 1144 1268 1329 1399 1473 1919
 2094]",-0.0541527405338508,66.38706991063844,7.737337939849358
1752,16,24,0,"[   0    2    6   59   64   97  187  231  275  399  448  484  612  638
  651  866  901 1056 1234 1268 1362 1393 1497 1770 1866 1919 1924 1978
 2005 2087 2094]",-0.0857015524283146,65.74946230688526,9.306488217768397
1753,16,24,20,"[   0   59   97  187  231  275  399  448  484  612  651  866  901 1056
 1234 1268 1362 1393 1497 1770 1866 1919 1978 2005 2094]",-0.0857015524283146,65.74946230688526,9.306488217768397
1754,16,24,40,"[   0   59  187  231  275  399  448  612  866 1056 1268 1393 1497 1770
 1866 1919 1978 2094]",-0.0857015524283146,65.74946230688526,9.306488217768397
1755,16,24,60,[   0  187  275  448  612  866 1056 1268 1393 1497 1919 2094],-0.0857015524283146,65.74946230688526,9.306488217768397
1756,16,25,0,"[   0    2    6   59   64   97  294  327  399  422  442  484  651  866
  897 1032 1056 1064 1234 1268 1399 1435 1770 1866 1919 1956 2005 2072
 2087 2094]",-0.1282912174045014,72.98299090437531,9.138493029342259
1757,16,25,20,"[   0   59   97  294  399  422  484  651  866  897 1032 1056 1234 1268
 1399 1435 1866 1919 1956 2005 2072 2094]",-0.1282912174045014,72.98299090437531,9.138493029342259
1758,16,25,40,"[   0   59  294  399  484  651  866 1056 1234 1399 1497 1770 1866 1919
 2005 2094]",-0.1282912174045014,72.98299090437531,9.138493029342259
1759,16,25,60,[   0  294  399  484  651  866 1056 1234 1399 1497 1770 1866 2005 2094],-0.1282912174045014,72.98299090437531,9.138493029342259
1760,16,26,0,"[   0    2    6   59   64   97  294  327  375  400  424  439  609  651
 1075 1234 1268 1399 1454 1524 1655 1789 1866 1919 1968 2083 2087 2094]",-0.0889332275843724,72.0081154068297,6.3846325746687285
1761,16,26,20,"[   0   59   97  327  375  400  424  609  651 1075 1234 1399 1454 1866
 1919 1968 2094]",-0.0889332275843724,72.0081154068297,6.3846325746687285
1762,16,26,40,"[   0   59  327  375  424  609  651 1075 1234 1399 1454 1866 1919 1968
 2094]",-0.0889332275843724,72.0081154068297,6.3846325746687285
1763,16,26,60,[   0  424  609 1075 1234 1454 1524 1655 1789 1919 2094],-0.0889332275843724,72.0081154068297,6.3846325746687285
1764,16,27,0,"[   0    3    6   59  234  275  295  326  424  484  577  609  644  651
  674  818 1075 1239 1268 1362 1393 1524 1561 1655 1919 1966 2005 2072
 2087 2094]",-0.10254925250941647,69.44186843393368,7.56630953230267
1765,16,27,20,"[   0   59  234  275  326  424  484  577  609  651  674  818 1075 1239
 1268 1362 1393 1524 1561 1655 1919 1966 2005 2072 2094]",-0.10254925250941647,69.44186843393368,7.56630953230267
1766,16,27,40,"[   0   59  234  275  326  424  484  609  651  818 1075 1268 1393 1524
 1655 1919 1966 2094]",-0.10254925250941647,69.44186843393368,7.56630953230267
1767,16,27,60,[   0  275  424  609  818 1075 1268 1393 1524 1655 1919 2094],-0.10254925250941647,69.44186843393368,7.56630953230267
1768,16,28,0,"[   0   59   95  266  296  350  383  436  484  496  580  651  661 1075
 1234 1268 1354 1382 1399 1429 1524 1919 1924 1935 1969 2060 2087 2094]",-0.05313522612236982,67.62160852457066,9.782159916522415
1769,16,28,20,"[   0   59   95  266  350  383  436  530  580  651 1075 1234 1268 1354
 1399 1429 1924 1969 2060 2094]",-0.05313522612236982,67.62160852457066,9.782159916522415
1770,16,28,40,"[   0   95  266  383  436  530  580  651 1075 1268 1354 1399 1524 1924
 1969 2094]",-0.05313522612236982,67.62160852457066,9.782159916522415
1771,16,28,60,[   0   95  266  436  580  651 1075 1268 1399 1524 1924 2094],-0.05313522612236982,67.62160852457066,9.782159916522415
1772,16,29,0,"[   0    2    6   97  158  231  296  375  383  388  436  442  661  681
  767  867  898 1075 1089 1130 1239 1268 1391 1430 1524 1919 1956 2087
 2094]",-0.07606256151447395,67.43733173491113,8.544335458097992
1773,16,29,20,[   0  388  436  867  898 1075 1130 1268 1391 1430 2094],-0.07606256151447395,67.43733173491113,8.544335458097992
1774,16,29,40,[   0  388  436  767 1075 1130 1268 2094],-0.07606256151447395,67.43733173491113,8.544335458097992
1775,16,29,60,"[   0   97  158  231  296  436  661  767  867 1130 1268 1391 1524 1919
 2094]",-0.07606256151447395,67.43733173491113,8.544335458097992
1776,16,30,0,"[   0    2    6   95  296  383  401  432  442  484  640  651  752  867
  897  898  901 1089 1152 1338 1354 1393 1524 1866 1919 2081 2087 2090
 2094]",-0.056814982609781094,73.10933111358223,6.467602771667698
1777,16,30,20,[   0  401  432  867  897 1089 1152 1354 1393 1866 1919 2094],-0.056814982609781094,73.10933111358223,6.467602771667698
1778,16,30,40,"[   0   95  296  432  484  640  752  867 1089 1152 1393 1524 1714 1866
 1919 2094]",-0.056814982609781094,73.10933111358223,6.467602771667698
1779,16,30,60,[   0   95  296  432  640  752  867 1089 1152 1393 1524 1714 1919 2094],-0.056814982609781094,73.10933111358223,6.467602771667698
1780,16,31,0,"[   0    2    6   97  383  388  401  432  436  442  640  661  735  866
  897  901 1077 1089 1234 1253 1268 1354 1393 1524 1714 1866 1919 2082
 2087 2090 2094]",-0.06024663284328985,74.84532996227675,7.973890079241507
1781,16,31,20,"[   0  388  432  640  661  735  866  897 1077 1268 1354 1393 1866 1919
 2094]",-0.06024663284328985,74.84532996227675,7.973890079241507
1782,16,31,40,[   0  388  432 2094],-0.06024663284328985,74.84532996227675,7.973890079241507
1783,16,31,60,[   0   97  432  640  735  866 1077 1268 1393 1524 1714 1919 2094],-0.06024663284328985,74.84532996227675,7.973890079241507
1784,16,32,0,"[   0    6   59   97  187  327  383  399  424  436  442  484  535  661
  773 1077 1122 1234 1253 1268 1338 1524 1789 1866 1919 2082 2087 2089
 2094]",-0.052369934210905605,81.24675455841194,5.781323815265029
1785,16,32,20,[   0   59   97  187  399  424  773 1077 1122 1268 1866 1919 2094],-0.052369934210905605,81.24675455841194,5.781323815265029
1786,16,32,40,"[   0   59  187  327  424  484  535  661  773 1077 1122 1268 1338 1524
 1789 1866 1919 2094]",-0.052369934210905605,81.24675455841194,5.781323815265029
1787,16,32,60,[   0  187  327  424  535  661  773 1077 1268 1338 1524 1789 1919 2094],-0.052369934210905605,81.24675455841194,5.781323815265029
1788,16,33,0,"[   0    2    6   59  187  383  394  422  436  484  535  651  866  897
 1077 1162 1234 1253 1268 1417 1454 1524 1866 1919 2082 2087 2089 2094]",-0.01746126490346652,84.93428697508155,5.76980281823324
1789,16,33,20,[   0  394  422  866  897 1077 1162 2094],-0.01746126490346652,84.93428697508155,5.76980281823324
1790,16,33,40,"[   0   59  187  394  484  535  651  866 1077 1162 1268 1454 1524 1866
 1919 2094]",-0.01746126490346652,84.93428697508155,5.76980281823324
1791,16,33,60,[   0  187  394  484  651  866 1077 1162 1268 1454 1524 1714 1919 2094],-0.01746126490346652,84.93428697508155,5.76980281823324
1792,16,34,0,"[   0    2    6   59  187  388  442  484  530  580  749  785  984 1021
 1089 1130 1268 1483 1497 1866 1919 2082 2087 2089 2094]",-0.011148582223067366,87.17660907084885,7.262118556335672
1793,16,34,20,"[   0   59  187  388  442  484  530  580  749  785  984 1021 1089 1130
 1268 1483 1866 1919 2094]",-0.011148582223067366,87.17660907084885,7.262118556335672
1794,16,34,40,"[   0   59  187  388  442  530  580  785 1089 1130 1268 1483 1866 1919
 2094]",-0.011148582223067366,87.17660907084885,7.262118556335672
1795,16,34,60,[   0  187  442  580  785 1021 1130 1268 1338 1483 1714 1919 2094],-0.011148582223067366,87.17660907084885,7.262118556335672
1796,16,35,0,"[   0    2    6   59  194  234  388  442  530  580  625  984 1021 1077
 1089 1130 1253 1458 1866 2060 2084 2087 2094]",-0.021000866226142154,86.8134832080619,7.717934806915253
1797,16,35,20,"[   0   59  194  234  388  442  530  580  625  984 1021 1077 1130 1253
 1458 1866 2060 2094]",-0.021000866226142154,86.8134832080619,7.717934806915253
1798,16,35,40,[   0   59  194  388  442  530  580  625 1077 1130 1253 1458 2094],-0.021000866226142154,86.8134832080619,7.717934806915253
1799,16,35,60,[   0  194  388  530  625 1077 1253 1458 1524 1655 2094],-0.021000866226142154,86.8134832080619,7.717934806915253
1800,16,36,0,"[   0    2    6   59  194  234  383  439  498  580  984 1021 1077 1130
 1253 1417 1474 1524 1655 2082 2087 2090 2094]",-0.06043895769796123,92.50063468041857,8.307541466149042
1801,16,36,20,"[   0   59  194  234  383  439  498  580  984 1021 1077 1130 1253 1417
 1474 1524 1655 2094]",-0.06043895769796123,92.50063468041857,8.307541466149042
1802,16,36,40,[   0   59  194  383  439  498  580 1077 1130 1253 1417 1474 1524 2094],-0.06043895769796123,92.50063468041857,8.307541466149042
1803,16,36,60,[   0  194  383  498  580 1077 1253 1474 2094],-0.06043895769796123,92.50063468041857,8.307541466149042
1804,16,37,0,"[   0    2    6   77  281  347  398  442  465  471  484  535  566  580
  622  804 1056 1128 1130 1168 1234 1458 1655 1714 1983 2082 2087 2090
 2094]",-0.003404922293495923,97.45989655365534,5.80423474390997
1805,16,37,20,"[   0   77  281  347  398  442  465  535  566  622  804 1056 1130 1168
 1234 1458 2094]",-0.003404922293495923,97.45989655365534,5.80423474390997
1806,16,37,40,[   0   77  281  347  398  442  566  622 1056 1130 1234 1458 2094],-0.003404922293495923,97.45989655365534,5.80423474390997
1807,16,37,60,[   0   77  281  347  442  622  804 1056 1130 1234 1458 2094],-0.003404922293495923,97.45989655365534,5.80423474390997
1808,16,38,0,"[   0    2    6   60  187  234  398  442  465  471  804 1056 1077 1130
 1168 1253 1382 1391 1474 2082 2087 2090 2094]",-0.00696612364599991,97.70871484089835,6.599687173095919
1809,16,38,20,"[   0   60  187  234  398  442  465  804 1056 1077 1130 1168 1253 1338
 1391 1474 2094]",-0.00696612364599991,97.70871484089835,6.599687173095919
1810,16,38,40,[   0   60  187  234  398  442  804 1077 1130 1253 1391 1474 2094],-0.00696612364599991,97.70871484089835,6.599687173095919
1811,16,38,60,[   0  234  442  804 1077 1253 1391 1474 2094],-0.00696612364599991,97.70871484089835,6.599687173095919
1812,16,39,0,"[   0    2    6  234  398  442  465  471  804  985 1056 1077 1089 1130
 1168 1253 1474 1523 1655 1714 1753 2082 2087 2090 2094]",0.000973115199961021,101.13567576440583,5.170160834072645
1813,16,39,20,"[   0  234  398  442  465  804  985 1056 1077 1130 1168 1253 1474 1523
 1655 1714 1753 2094]",0.000973115199961021,101.13567576440583,5.170160834072645
1814,16,39,40,[   0  234  398  442  804 1077 1130 1253 1474 1523 2094],0.000973115199961021,101.13567576440583,5.170160834072645
1815,16,39,60,[   0  234  442  804  985 1130 1253 1474 2094],0.000973115199961021,101.13567576440583,5.170160834072645
1816,16,40,0,"[   0    2    6  187  389  398  442  465  484  535  985 1056 1077 1089
 1130 1168 1253 1373 1382 1655 1714 1753 1971 1983 2082 2084 2087 2094]",0.012023424663728995,99.03398238525573,6.392669879616932
1817,16,40,20,[   0  187  389  442  465  985 1056 1077 1130 1168 1253 1714 2094],0.012023424663728995,99.03398238525573,6.392669879616932
1818,16,40,40,[   0  187  389  442 1077 1130 1253 2094],0.012023424663728995,99.03398238525573,6.392669879616932
1819,16,40,60,[   0  187  389  535  985 1130 1253 1373 1655 1753 1971 2094],0.012023424663728995,99.03398238525573,6.392669879616932
1820,16,41,0,"[   0    2    6  389  439  442  484  530  535  580  985 1017 1056 1077
 1152 1168 1253 1373 1533 1655 1714 1753 1971 1983 2082 2084 2087 2094]",-0.026937247689939367,98.94902985089988,6.554203984554375
1821,16,41,20,[   0  389  439  530  580  985 1017 1056 1077 1152 1253 1714 2094],-0.026937247689939367,98.94902985089988,6.554203984554375
1822,16,41,40,[   0  389  439 1077 1152 2094],-0.026937247689939367,98.94902985089988,6.554203984554375
1823,16,41,60,[   0  389  530  886 1077 1152 1253 1533 1655 1753 1971 2094],-0.026937247689939367,98.94902985089988,6.554203984554375
1824,16,42,0,"[   0    2    6   60  187  389  439  530  580 1056 1077 1168 1174 1253
 1379 1400 1714 1753 1971 1983 2084 2087 2094]",-0.017592983181592626,104.61382932226914,5.305036103124262
1825,16,42,20,[   0   60  187  389  439  530  580 1077 1168 1253 1379 1400 1714 2094],-0.017592983181592626,104.61382932226914,5.305036103124262
1826,16,42,40,[   0  389  439 1077 1168 2094],-0.017592983181592626,104.61382932226914,5.305036103124262
1827,16,42,60,[   0  187  389  530 1077 1168 1253 1338 1400 1655 1753 1971 2094],-0.017592983181592626,104.61382932226914,5.305036103124262
1828,16,43,0,"[   0    2    6    7   60  187  383  389  394  398  422  436  442  465
  484  651 1077 1253 1338 1373 1382 1655 1714 1758 1971 1983 2082 2084
 2087 2094]",-0.036991506611311835,106.13416240248021,6.103765517589041
1829,16,43,20,[   0  389  422 2094],-0.036991506611311835,106.13416240248021,6.103765517589041
1830,16,43,40,[   0   60  187  389  484  651 1077 1253 1714 1758 2094],-0.036991506611311835,106.13416240248021,6.103765517589041
1831,16,43,60,[   0  187  389  484  651 1077 1253 1655 2094],-0.036991506611311835,106.13416240248021,6.103765517589041
1832,16,44,0,"[   0    2    5    7   60  187  383  389  398  439  442  465  484  748
 1056 1077 1168 1253 1321 1325 1338 1379 1435 1533 1971 1983 2072 2087
 2094]",-0.05085816097819289,106.62973458162409,5.964652475637195
1833,16,44,20,"[   0   60  187  389  439  465  748 1056 1077 1168 1321 1533 1971 2072
 2094]",-0.05085816097819289,106.62973458162409,5.964652475637195
1834,16,44,40,[   0  389  439 1077 1168 2094],-0.05085816097819289,106.62973458162409,5.964652475637195
1835,16,44,60,[   0  187  439  748 1077 1168 1253 1533 2094],-0.05085816097819289,106.62973458162409,5.964652475637195
1836,16,45,0,"[   0    2    6   60  187  347  389  422  442  484  622  748 1056 1077
 1127 1168 1173 1253 1486 1533 1612 1757 1789 1983 2083 2087 2090 2094]",0.007961290408844282,111.1212595909707,6.553509950397913
1837,16,45,20,"[   0   60  187  347  389  422  484  622 1056 1077 1127 1168 1253 1486
 1533 1757 1789 2094]",0.007961290408844282,111.1212595909707,6.553509950397913
1838,16,45,40,"[   0   60  187  347  389  484  622  748 1077 1127 1168 1253 1486 1533
 1612 1789 1983 2094]",0.007961290408844282,111.1212595909707,6.553509950397913
1839,16,45,60,[   0  187  389  484  622 1077 1168 1253 1486 2094],0.007961290408844282,111.1212595909707,6.553509950397913
1840,16,46,0,"[   0    2    6    7   60   98  187  347  383  393  422  439  484  674
  748 1056 1077 1127 1168 1173 1273 1390 1454 1655 1714 1983 2079 2083
 2087 2094]",-0.04839101614157633,104.6770044801378,5.350054655579851
1841,16,46,20,[   0  393  422 1077 1168 1390 1454 2094],-0.04839101614157633,104.6770044801378,5.350054655579851
1842,16,46,40,[   0   60  187  347  393  484  674 1077 1127 1168 1273 1390 1454 2094],-0.04839101614157633,104.6770044801378,5.350054655579851
1843,16,46,60,[   0  187  393  484  674 1077 1168 1273 1390 1454 2094],-0.04839101614157633,104.6770044801378,5.350054655579851
1844,16,47,0,"[   0    2    6   60  187  347  398  422  442  465  484  748 1056 1077
 1114 1162 1168 1253 1390 1435 1473 1655 1714 1983 2082 2087 2094]",0.0029454308522349577,105.61842562539542,6.239211951593491
1845,16,47,20,[   0  398  422 1077 1162 1390 1473 2094],0.0029454308522349577,105.61842562539542,6.239211951593491
1846,16,47,40,[   0   60  187  347  422  748 1077 1162 1253 1390 1473 2094],0.0029454308522349577,105.61842562539542,6.239211951593491
1847,16,47,60,[   0  187  347  422  748 1077 1162 1253 1390 1473 2094],0.0029454308522349577,105.61842562539542,6.239211951593491
1848,16,48,0,"[   0    2    6   60  187  281  388  442  484  622  748 1056 1077 1168
 1253 1435 1454 1486 1536 1655 1689 1714 2083 2087 2088 2090 2094]",0.009411690830426568,110.94318610488324,6.288079100746745
1849,16,48,20,"[   0   60  187  388  442  484  622 1056 1077 1168 1253 1486 1536 1655
 1689 1714 2094]",0.009411690830426568,110.94318610488324,6.288079100746745
1850,16,48,40,[   0   60  187  388  442  484  622 1077 1168 1253 1486 2094],0.009411690830426568,110.94318610488324,6.288079100746745
1851,16,48,60,[   0  187  281  442  622 1077 1168 1253 1486 2094],0.009411690830426568,110.94318610488324,6.288079100746745
1852,16,49,0,"[   0    2    6    7   60  232  388  442  484  530  580  788 1056 1144
 1272 1373 1655 1689 1714 1757 1819 2083 2085 2087 2090 2094]",0.020306936051706824,119.92737817283087,6.321529134445269
1853,16,49,20,"[   0   60  232  388  442  484  530  580  788 1056 1144 1272 1373 1655
 1689 1714 1757 1819 2094]",0.020306936051706824,119.92737817283087,6.321529134445269
1854,16,49,40,"[   0   60  232  388  442  484  530  580  788 1056 1144 1272 1373 1689
 1757 1819 2094]",0.020306936051706824,119.92737817283087,6.321529134445269
1855,16,49,60,[   0  232  442  580  788 1056 1144 1272 1373 1689 1757 1819 2094],0.020306936051706824,119.92737817283087,6.321529134445269
1856,16,50,0,"[   0    2    6    7   60  232  388  442  484  530  580  788 1056 1077
 1144 1272 1373 1612 1655 1689 1714 2081 2084 2087 2094]",0.015516858870507445,119.26100536043197,5.299499648886176
1857,16,50,20,"[   0   60  232  388  442  484  530  580  788 1056 1077 1144 1272 1373
 1612 1655 1689 1714 2094]",0.015516858870507445,119.26100536043197,5.299499648886176
1858,16,50,40,[   0  232  388  442  530  580  788 1077 1144 1272 1612 2094],0.015516858870507445,119.26100536043197,5.299499648886176
1859,16,50,60,[   0  232  442  580  788 1077 1144 1272 1373 1612 2094],0.015516858870507445,119.26100536043197,5.299499648886176
1860,17,20,0,"[   0    2    6   59  187  400  401  432  501  580  645  665  731  752
  866  901 1021 1144 1242 1262 1399 1429 1590 1617 1694 1716 1789 1866
 1919 1966 2087 2094]",-0.08497521942406944,53.525439092962095,9.977299839871659
1861,17,20,20,"[   0   59  187  401  432  501  580  665  731  752  866  901 1021 1144
 1262 1399 1429 1590 1617 1694 1716 1789 1866 1919 1966 2094]",-0.08497521942406944,53.525439092962095,9.977299839871659
1862,17,20,40,"[   0   59  187  401  501  580  665  731  866 1021 1144 1262 1399 1617
 1694 1789 1866 1919 1966 2094]",-0.08497521942406944,53.525439092962095,9.977299839871659
1863,17,20,60,"[   0  187  401  501  580  665  731  866 1021 1144 1262 1399 1617 1694
 1789 1919 2094]",-0.08497521942406944,53.525439092962095,9.977299839871659
1864,17,21,0,"[   0   59   97  187  231  275  398  401  432  501  580  731  752  866
  901 1075 1144 1241 1262 1369 1399 1474 1522 1557 1679 1716 1887 1919
 1924 2087 2094]",-0.08798524757399691,52.42819380609155,8.191701724719982
1865,17,21,20,"[   0   59   97  187  231  275  401  432  501  580  731  752  866  901
 1075 1144 1241 1262 1369 1399 1474 1522 1679 1716 1887 1919 2094]",-0.08798524757399691,52.42819380609155,8.191701724719982
1866,17,21,40,"[   0   59  187  231  275  401  501  580  752  866 1075 1144 1262 1399
 1474 1522 1716 1919 2094]",-0.08798524757399691,52.42819380609155,8.191701724719982
1867,17,21,60,"[   0  187  275  401  501  580  752  866 1075 1144 1262 1399 1474 1919
 2094]",-0.08798524757399691,52.42819380609155,8.191701724719982
1868,17,22,0,"[   0    3    6   59  158  228  275  400  401  422  432  436  442  501
  552  580  866  901 1021 1144 1268 1329 1399 1429 1694 1716 1919 1924
 2006 2082 2087 2094]",-0.0770761777955579,59.06861858342678,8.068601067682355
1869,17,22,20,"[   0   59  158  228  275  401  422  501  580  866  901 1021 1144 1268
 1399 1429 1694 1716 1919 2094]",-0.0770761777955579,59.06861858342678,8.068601067682355
1870,17,22,40,"[   0   59  158  228  275  401  501  580  866 1021 1144 1268 1329 1429
 1716 1919 2094]",-0.0770761777955579,59.06861858342678,8.068601067682355
1871,17,22,60,"[   0  158  228  401  501  580  866 1021 1144 1268 1329 1429 1716 1919
 2094]",-0.0770761777955579,59.06861858342678,8.068601067682355
1872,17,23,0,"[   0    2    6   59   64   97  187  231  275  394  400  401  422  432
  436  484  651  866  901 1021 1144 1268 1329 1369 1399 1435 1473 1919
 1978 2006 2083 2087 2094]",-0.09893898290019626,64.21072759875312,7.7982596610277275
1873,17,23,20,"[   0   59   97  187  231  394  422  866  901 1144 1268 1369 1399 1473
 2094]",-0.09893898290019626,64.21072759875312,7.7982596610277275
1874,17,23,40,"[   0   59  187  231  275  394  484  651  866 1021 1144 1268 1329 1399
 1473 1919 1978 2094]",-0.09893898290019626,64.21072759875312,7.7982596610277275
1875,17,23,60,"[   0  187  275  394  484  651  866 1021 1144 1268 1329 1399 1473 1919
 2094]",-0.09893898290019626,64.21072759875312,7.7982596610277275
1876,17,24,0,"[   0    2    6   59   64   97  187  231  275  394  399  422  448  484
  612  638  651  866  901 1056 1234 1268 1362 1393 1497 1770 1866 1919
 1924 1978 2005 2087 2094]",-0.0851154268730193,63.516997946003016,8.90802573094955
1877,17,24,20,"[   0   59   97  187  231  275  394  422  448  484  612  651  866  901
 1056 1234 1268 1362 1393 1497 1866 1919 1978 2005 2094]",-0.0851154268730193,63.516997946003016,8.90802573094955
1878,17,24,40,"[   0   59  187  231  275  394  484  612  866 1056 1268 1393 1497 1770
 1866 1919 1978 2094]",-0.0851154268730193,63.516997946003016,8.90802573094955
1879,17,24,60,[   0  187  275  394  484  612  866 1056 1268 1393 1497 1919 2094],-0.0851154268730193,63.516997946003016,8.90802573094955
1880,17,25,0,"[   0    2    6   59   64   97  294  327  399  422  442  484  651  866
  897 1032 1056 1064 1077 1103 1234 1268 1399 1435 1770 1866 1919 1956
 2005 2072 2087 2094]",-0.12698804412723497,70.41411953303447,8.668658992017738
1881,17,25,20,"[   0   59   97  294  399  422  484  651  866  897 1032 1056 1077 1103
 1268 1399 1435 1866 1919 1956 2005 2072 2094]",-0.12698804412723497,70.41411953303447,8.668658992017738
1882,17,25,40,"[   0   59  294  399  484  651  866 1032 1077 1234 1399 1497 1770 1866
 1919 2005 2094]",-0.12698804412723497,70.41411953303447,8.668658992017738
1883,17,25,60,[   0  294  399  484  651  866 1077 1234 1399 1497 1770 1866 2005 2094],-0.12698804412723497,70.41411953303447,8.668658992017738
1884,17,26,0,"[   0    2    6   59   64   97  294  327  375  400  424  439  609  651
 1021 1075 1234 1268 1379 1399 1454 1524 1655 1789 1866 1919 1968 2083
 2087 2094]",-0.0856200989925359,68.55568242354762,6.543727714992904
1885,17,26,20,"[   0   59   97  327  375  400  424  609  651 1075 1234 1399 1454 1866
 1919 1968 2094]",-0.0856200989925359,68.55568242354762,6.543727714992904
1886,17,26,40,"[   0   59  327  375  424  609  651 1075 1234 1399 1454 1866 1919 1968
 2094]",-0.0856200989925359,68.55568242354762,6.543727714992904
1887,17,26,60,[   0  424  609 1075 1234 1454 1524 1655 1789 1919 2094],-0.0856200989925359,68.55568242354762,6.543727714992904
1888,17,27,0,"[   0    3    6   59  234  275  295  326  424  484  577  609  644  651
  674  818 1075 1239 1268 1362 1393 1524 1561 1655 1789 1866 1919 1966
 2005 2072 2087 2094]",-0.10342475430205217,66.99592715111807,7.317401142483115
1889,17,27,20,"[   0   59  234  275  326  424  484  577  609  651  674  818 1075 1239
 1268 1362 1393 1524 1561 1655 1789 1866 1919 1966 2005 2072 2094]",-0.10342475430205217,66.99592715111807,7.317401142483115
1890,17,27,40,"[   0   59  234  275  326  424  484  609  651  818 1075 1268 1393 1524
 1655 1789 1866 1919 1966 2094]",-0.10342475430205217,66.99592715111807,7.317401142483115
1891,17,27,60,[   0  275  424  609  818 1075 1268 1393 1524 1655 1789 1919 2094],-0.10342475430205217,66.99592715111807,7.317401142483115
1892,17,28,0,"[   0    2    6   59   64   95  266  296  350  383  436  484  496  580
  651  661 1075 1234 1268 1354 1382 1399 1429 1524 1919 1924 1935 1969
 2060 2087 2094]",-0.08964648800381797,65.47836111025735,8.396590901306174
1893,17,28,20,"[   0   64   95  266  350  383  436  530  580  651 1075 1234 1268 1354
 1399 1429 1924 1969 2060 2094]",-0.08964648800381797,65.47836111025735,8.396590901306174
1894,17,28,40,"[   0   95  266  383  436  530  580  651 1075 1268 1354 1399 1524 1924
 1969 2094]",-0.08964648800381797,65.47836111025735,8.396590901306174
1895,17,28,60,[   0   95  266  436  580  651 1075 1268 1399 1524 1924 2094],-0.08964648800381797,65.47836111025735,8.396590901306174
1896,17,29,0,"[   0    2    6   97  158  231  296  375  383  388  436  442  661  681
  767  867  898 1075 1089 1130 1239 1268 1391 1430 1524 1919 1956 2005
 2072 2087 2094]",-0.10210911890041859,65.22876495433326,8.297019145305248
1897,17,29,20,"[   0   97  158  231  296  388  436  767  867  898 1075 1130 1268 1391
 1430 1919 1956 2072 2094]",-0.10210911890041859,65.22876495433326,8.297019145305248
1898,17,29,40,"[   0   97  158  231  296  388  436  767  867 1075 1130 1268 1524 1956
 2005 2094]",-0.10210911890041859,65.22876495433326,8.297019145305248
1899,17,29,60,"[   0   97  158  231  296  436  661  767  867 1130 1268 1391 1524 1956
 2094]",-0.10210911890041859,65.22876495433326,8.297019145305248
1900,17,30,0,"[   0    2    6   95  292  296  383  401  432  442  484  488  640  651
  752  867  897  898  901 1089 1152 1338 1354 1393 1524 1866 1919 2081
 2087 2090 2094]",-0.069045462160916,70.6675147575873,6.301580243148188
1901,17,30,20,[   0  401  432  867  897 1089 1152 1354 1393 1866 1919 2094],-0.069045462160916,70.6675147575873,6.301580243148188
1902,17,30,40,"[   0   95  296  432  484  640  752  867 1089 1152 1393 1524 1714 1866
 1919 2094]",-0.069045462160916,70.6675147575873,6.301580243148188
1903,17,30,60,[   0   95  296  432  640  752  867 1089 1152 1393 1524 1714 1919 2094],-0.069045462160916,70.6675147575873,6.301580243148188
1904,17,31,0,"[   0    2    6   97  383  388  401  432  436  442  640  661  735  866
  897  901 1077 1089 1122 1234 1253 1268 1338 1354 1393 1524 1714 1866
 1919 2082 2087 2090 2094]",-0.059658062677146156,72.55528966252706,8.08689045838733
1905,17,31,20,"[   0  388  432  640  661  735  866  897 1077 1122 1268 1354 1393 1866
 1919 2094]",-0.059658062677146156,72.55528966252706,8.08689045838733
1906,17,31,40,[   0  388  432 2094],-0.059658062677146156,72.55528966252706,8.08689045838733
1907,17,31,60,[   0   97  432  640  735  866 1122 1268 1393 1524 1714 1919 2094],-0.059658062677146156,72.55528966252706,8.08689045838733
1908,17,32,0,"[   0    2    6   59   60   64   97  187  327  383  399  424  436  442
  484  535  661  773 1077 1122 1234 1253 1268 1338 1524 1789 1866 1919
 2082 2087 2089 2094]",-0.09922539335336283,78.54783304205979,6.145486167651432
1909,17,32,20,[   0   59   97  187  399  424  773 1077 1122 1268 1866 1919 2094],-0.09922539335336283,78.54783304205979,6.145486167651432
1910,17,32,40,"[   0   59  187  327  424  484  535  661  773 1077 1122 1268 1338 1524
 1789 1866 1919 2094]",-0.09922539335336283,78.54783304205979,6.145486167651432
1911,17,32,60,[   0  187  327  424  535  661  773 1077 1268 1338 1524 1789 1919 2094],-0.09922539335336283,78.54783304205979,6.145486167651432
1912,17,33,0,"[   0    2    6   59  187  383  394  422  436  484  535  651  866  897
 1077 1162 1234 1253 1268 1417 1454 1456 1524 1866 1919 1983 2082 2087
 2089 2094]",-0.04598706853752543,80.88991544422385,5.776239416019803
1913,17,33,20,[   0  394  422  866  897 1077 1162 2094],-0.04598706853752543,80.88991544422385,5.776239416019803
1914,17,33,40,"[   0   59  187  394  484  535  651  866 1077 1162 1268 1454 1524 1866
 1919 1983 2094]",-0.04598706853752543,80.88991544422385,5.776239416019803
1915,17,33,60,"[   0  187  394  484  651  866 1077 1162 1268 1454 1524 1714 1919 1983
 2094]",-0.04598706853752543,80.88991544422385,5.776239416019803
1916,17,34,0,"[   0    2    6   59  187  388  442  484  530  580  749  785  984 1021
 1089 1130 1268 1483 1497 1866 1919 1983 2082 2087 2089 2094]",-0.012509410378579174,84.3014984724926,7.905154055400527
1917,17,34,20,"[   0   59  187  388  442  484  530  580  749  785  984 1021 1089 1130
 1268 1483 1866 1919 2094]",-0.012509410378579174,84.3014984724926,7.905154055400527
1918,17,34,40,"[   0   59  187  388  442  530  580  785 1089 1130 1268 1483 1866 1919
 2094]",-0.012509410378579174,84.3014984724926,7.905154055400527
1919,17,34,60,[   0  187  442  580  785 1021 1130 1268 1338 1483 1714 1919 1983 2094],-0.012509410378579174,84.3014984724926,7.905154055400527
1920,17,35,0,"[   0    2    6   59  194  234  388  442  530  580  625  984 1021 1077
 1089 1130 1253 1458 1524 1866 1919 1993 2060 2084 2087 2094]",-0.03351265172292696,83.77527166109033,7.581552941203362
1921,17,35,20,"[   0   59  194  234  388  442  530  580  625  984 1021 1077 1130 1253
 1458 1866 1919 2060 2094]",-0.03351265172292696,83.77527166109033,7.581552941203362
1922,17,35,40,"[   0   59  194  388  442  530  580  625 1077 1130 1253 1458 1866 1919
 2094]",-0.03351265172292696,83.77527166109033,7.581552941203362
1923,17,35,60,[   0  194  388  530  625 1077 1253 1458 1524 1655 1919 2094],-0.03351265172292696,83.77527166109033,7.581552941203362
1924,17,36,0,"[   0    2    6   59  194  234  383  439  498  580  984 1021 1056 1077
 1130 1168 1235 1253 1417 1474 1524 1655 1714 1983 2082 2087 2090 2094]",-0.06695452316121053,89.09017609918496,7.481761518333468
1925,17,36,20,"[   0   59  194  234  383  439  498  580  984 1021 1056 1077 1130 1168
 1253 1417 1474 1524 1655 2094]",-0.06695452316121053,89.09017609918496,7.481761518333468
1926,17,36,40,[   0   59  194  383  439  498  580 1077 1130 1253 1417 1474 1524 2094],-0.06695452316121053,89.09017609918496,7.481761518333468
1927,17,36,60,[   0  194  383  498  580 1077 1253 1474 2094],-0.06695452316121053,89.09017609918496,7.481761518333468
1928,17,37,0,"[   0    2    6   77  281  347  398  442  465  471  484  535  566  580
  622  804  843 1056 1089 1128 1130 1168 1234 1338 1458 1655 1714 1983
 2082 2087 2090 2094]",-0.010373237103295138,94.04765468168092,5.899273659613574
1929,17,37,20,"[   0   77  281  347  398  442  465  535  566  622  804 1056 1089 1130
 1168 1234 1458 1655 1714 1983 2094]",-0.010373237103295138,94.04765468168092,5.899273659613574
1930,17,37,40,[   0   77  281  347  398  442  566  622 1056 1130 1234 1458 2094],-0.010373237103295138,94.04765468168092,5.899273659613574
1931,17,37,60,[   0   77  281  347  442  622  804 1056 1130 1234 1458 2094],-0.010373237103295138,94.04765468168092,5.899273659613574
1932,17,38,0,"[   0    2    6   60  187  234  398  442  465  471  804 1056 1077 1089
 1130 1168 1253 1382 1391 1474 2082 2087 2090 2094]",-0.012901655669345369,94.3176041618034,6.520606078016257
1933,17,38,20,"[   0   60  187  234  398  442  465  804 1056 1077 1130 1168 1253 1338
 1391 1474 2094]",-0.012901655669345369,94.3176041618034,6.520606078016257
1934,17,38,40,[   0   60  187  234  398  442  804 1077 1130 1253 1391 1474 2094],-0.012901655669345369,94.3176041618034,6.520606078016257
1935,17,38,60,[   0  234  442  804 1077 1253 1391 1474 2094],-0.012901655669345369,94.3176041618034,6.520606078016257
1936,17,39,0,"[   0    2    6  187  234  398  442  465  471  804  985 1056 1077 1089
 1130 1168 1253 1474 1523 1655 1714 1753 2082 2087 2090 2094]",-0.0009427788968349753,95.78088760437734,5.378827532874061
1937,17,39,20,"[   0  187  234  398  442  465  804  985 1056 1077 1130 1168 1253 1474
 1523 1655 1714 1753 2094]",-0.0009427788968349753,95.78088760437734,5.378827532874061
1938,17,39,40,[   0  187  234  398  442  804 1077 1130 1253 1474 1523 2094],-0.0009427788968349753,95.78088760437734,5.378827532874061
1939,17,39,60,[   0  234  442  804  985 1130 1253 1474 2094],-0.0009427788968349753,95.78088760437734,5.378827532874061
1940,17,40,0,"[   0    2    6   60  158  187  389  398  442  465  484  535  985 1056
 1077 1089 1130 1168 1253 1373 1382 1655 1714 1753 1971 1983 2082 2084
 2087 2094]",0.007108633659800699,95.01900037718988,5.89086965008783
1941,17,40,20,"[   0   60  158  187  389  442  465  985 1056 1077 1130 1168 1253 1714
 1753 2094]",0.007108633659800699,95.01900037718988,5.89086965008783
1942,17,40,40,[   0  187  389  442 1077 1130 1253 2094],0.007108633659800699,95.01900037718988,5.89086965008783
1943,17,40,60,[   0  187  389  535  985 1130 1253 1373 1655 1753 1971 2094],0.007108633659800699,95.01900037718988,5.89086965008783
1944,17,41,0,"[   0    2    6   60  187  389  439  442  484  530  535  580  985 1017
 1056 1077 1152 1168 1253 1373 1533 1655 1714 1753 1971 1983 2082 2084
 2087 2094]",-0.03137701193630668,95.57657417484181,5.971757456751636
1945,17,41,20,"[   0   60  187  389  439  530  580  985 1017 1056 1077 1152 1253 1714
 2094]",-0.03137701193630668,95.57657417484181,5.971757456751636
1946,17,41,40,[   0   60  187  389  439  530  580 1077 1152 1253 1533 2094],-0.03137701193630668,95.57657417484181,5.971757456751636
1947,17,41,60,[   0  187  389  530  886 1077 1152 1253 1533 1655 1753 1971 2094],-0.03137701193630668,95.57657417484181,5.971757456751636
1948,17,42,0,"[   0    2    3    6    7   60  187  383  389  439  442  484  530  535
  580 1056 1077 1168 1174 1253 1338 1379 1400 1655 1714 1753 1971 1983
 2082 2084 2087 2094]",-0.04949140804396137,100.20493743024898,5.6573373816069745
1949,17,42,20,[   0   60  187  389  439  530  580 1077 1168 1253 1379 1400 1714 2094],-0.04949140804396137,100.20493743024898,5.6573373816069745
1950,17,42,40,[   0  389  439 1077 1168 2094],-0.04949140804396137,100.20493743024898,5.6573373816069745
1951,17,42,60,[   0  187  389  530 1077 1168 1253 1338 1400 1655 1753 1971 2094],-0.04949140804396137,100.20493743024898,5.6573373816069745
1952,17,43,0,"[   0    2    3    6    7   60  187  383  389  394  398  422  436  442
  465  484  651  748 1077 1253 1338 1373 1382 1655 1714 1758 1971 1983
 2082 2084 2087 2094]",-0.038201773022404684,100.85199824783628,6.530733818459369
1953,17,43,20,[   0  389  422 2094],-0.038201773022404684,100.85199824783628,6.530733818459369
1954,17,43,40,[   0   60  187  389  484  651 1077 1253 1714 1758 2094],-0.038201773022404684,100.85199824783628,6.530733818459369
1955,17,43,60,[   0  187  389  484  651 1077 1253 1655 2094],-0.038201773022404684,100.85199824783628,6.530733818459369
1956,17,44,0,"[   0    2    5    7   60  187  327  383  389  398  422  439  442  465
  484  748 1056 1077 1168 1253 1321 1325 1338 1379 1435 1533 1971 1983
 2072 2087 2094]",-0.052731661122476244,101.9084742926675,6.035033682915632
1957,17,44,20,[   0  389  422 1077 1168 2094],-0.052731661122476244,101.9084742926675,6.035033682915632
1958,17,44,40,[   0   60  187  389  465  748 1077 1168 1321 1533 2094],-0.052731661122476244,101.9084742926675,6.035033682915632
1959,17,44,60,[   0  187  389  465  748 1077 1168 1253 1533 2094],-0.052731661122476244,101.9084742926675,6.035033682915632
1960,17,45,0,"[   0    2    6   60  187  347  389  422  442  484  622  646  748 1056
 1077 1127 1168 1173 1253 1486 1533 1612 1757 1789 1983 2083 2087 2090
 2094]",-0.02627054868736143,105.51818203483641,6.587547032596147
1961,17,45,20,"[   0   60  187  347  389  422  484  622  646  748 1056 1077 1127 1168
 1253 1486 1533 1757 1789 2094]",-0.02627054868736143,105.51818203483641,6.587547032596147
1962,17,45,40,"[   0   60  187  347  389  484  622  748 1077 1127 1168 1253 1486 1533
 1612 1789 1983 2094]",-0.02627054868736143,105.51818203483641,6.587547032596147
1963,17,45,60,[   0  187  389  484  622 1077 1168 1253 1486 2094],-0.02627054868736143,105.51818203483641,6.587547032596147
1964,17,46,0,"[   0    2    3    6    7   60   98  187  347  383  393  398  422  439
  442  484  674  748 1056 1077 1127 1168 1173 1273 1390 1454 1655 1714
 1983 2079 2083 2087 2094]",-0.049869764139169735,100.3215696086355,5.255682551364778
1965,17,46,20,[   0  393  422 1077 1168 1390 1454 2094],-0.049869764139169735,100.3215696086355,5.255682551364778
1966,17,46,40,[   0   60  187  347  393  484  674 1077 1127 1168 1273 1390 1454 2094],-0.049869764139169735,100.3215696086355,5.255682551364778
1967,17,46,60,[   0  187  393  484  674 1077 1168 1273 1390 1454 2094],-0.049869764139169735,100.3215696086355,5.255682551364778
1968,17,47,0,"[   0    2    6    7   60  187  347  383  398  422  439  442  465  484
  748 1056 1077 1114 1162 1168 1253 1390 1435 1473 1655 1714 1983 2082
 2087 2094]",-0.04039994634655589,101.44660408026702,6.555829052848472
1969,17,47,20,[   0  398  422 1077 1162 1390 1473 2094],-0.04039994634655589,101.44660408026702,6.555829052848472
1970,17,47,40,[   0   60  187  347  422  748 1077 1162 1253 1390 1473 2094],-0.04039994634655589,101.44660408026702,6.555829052848472
1971,17,47,60,[   0  187  347  422  748 1077 1162 1253 1390 1473 2094],-0.04039994634655589,101.44660408026702,6.555829052848472
1972,17,48,0,"[   0    2    6   60  187  281  388  442  484  622  748 1056 1077 1168
 1253 1435 1473 1486 1536 1655 1689 1714 2083 2087 2088 2090 2094]",0.009412023167942877,106.71173104820744,6.043833602494571
1973,17,48,20,"[   0   60  187  388  442  484  622 1056 1077 1168 1253 1473 1536 1655
 1689 1714 2094]",0.009412023167942877,106.71173104820744,6.043833602494571
1974,17,48,40,[   0   60  187  388  442  484  622 1077 1168 1253 1473 2094],0.009412023167942877,106.71173104820744,6.043833602494571
1975,17,48,60,[   0  187  281  442  622 1077 1168 1253 1473 1536 2094],0.009412023167942877,106.71173104820744,6.043833602494571
1976,17,49,0,"[   0    2    6    7   60  232  388  442  484  530  580  788 1056 1144
 1272 1373 1655 1689 1714 1742 1753 1757 1819 2083 2085 2087 2090 2094]",0.015044774239584443,113.90588438813187,6.378124199087784
1977,17,49,20,"[   0   60  232  388  442  484  530  580  788 1056 1144 1272 1373 1655
 1689 1714 1757 1819 2094]",0.015044774239584443,113.90588438813187,6.378124199087784
1978,17,49,40,"[   0   60  232  388  442  484  530  580  788 1056 1144 1272 1373 1689
 1757 1819 2094]",0.015044774239584443,113.90588438813187,6.378124199087784
1979,17,49,60,[   0  232  442  580  788 1056 1144 1272 1373 1689 1757 1819 2094],0.015044774239584443,113.90588438813187,6.378124199087784
1980,17,50,0,"[   0    2    6    7   60  232  388  442  484  530  580  788 1056 1077
 1144 1272 1373 1612 1655 1689 1714 1742 2081 2084 2087 2094]",0.01338385487909876,114.25780634491214,5.607144826784068
1981,17,50,20,"[   0   60  232  388  442  484  530  580  788 1056 1077 1144 1272 1373
 1612 1655 1689 1714 1742 2094]",0.01338385487909876,114.25780634491214,5.607144826784068
1982,17,50,40,"[   0   60  232  388  442  484  530  580  788 1077 1144 1272 1373 1689
 1742 2094]",0.01338385487909876,114.25780634491214,5.607144826784068
1983,17,50,60,[   0  232  442  580  788 1077 1144 1272 1373 1612 2094],0.01338385487909876,114.25780634491214,5.607144826784068
1984,18,20,0,"[   0    2    6   59  187  231  275  400  401  432  501  580  645  665
  731  752  866  901 1021 1144 1242 1262 1399 1429 1590 1617 1694 1716
 1789 1866 1919 1966 2087 2094]",-0.08311075052143828,52.130348371335124,9.710718076876358
1985,18,20,20,"[   0   59  187  231  275  401  432  501  580  665  731  752  866  901
 1021 1144 1262 1399 1429 1590 1617 1694 1716 1789 1866 1919 1966 2094]",-0.08311075052143828,52.130348371335124,9.710718076876358
1986,18,20,40,"[   0   59  187  231  275  401  501  580  665  731  866 1021 1144 1262
 1399 1617 1694 1789 1866 1919 1966 2094]",-0.08311075052143828,52.130348371335124,9.710718076876358
1987,18,20,60,"[   0  187  275  401  501  580  665  731  866 1021 1144 1262 1399 1617
 1694 1789 1919 2094]",-0.08311075052143828,52.130348371335124,9.710718076876358
1988,18,21,0,"[   0   59   97  187  231  275  398  401  432  501  580  731  752  866
  901 1075 1144 1241 1262 1297 1329 1369 1399 1474 1522 1557 1679 1716
 1887 1919 1924 2087 2094]",-0.09513632718559198,51.054050379074276,7.55914390123477
1989,18,21,20,"[   0   59   97  187  231  275  401  432  501  580  731  752  866  901
 1075 1144 1241 1262 1297 1329 1369 1399 1474 1522 1557 1679 1716 1887
 1919 2094]",-0.09513632718559198,51.054050379074276,7.55914390123477
1990,18,21,40,"[   0   59  187  231  275  401  501  580  752  866 1075 1144 1262 1329
 1399 1474 1522 1716 1919 2094]",-0.09513632718559198,51.054050379074276,7.55914390123477
1991,18,21,60,"[   0  187  275  401  501  580  752  866 1075 1144 1262 1329 1399 1474
 1919 2094]",-0.09513632718559198,51.054050379074276,7.55914390123477
1992,18,22,0,"[   0    3    6   59  158  228  275  400  401  422  432  436  442  501
  552  574  580  661  866  901 1021 1144 1268 1329 1399 1429 1694 1716
 1919 1924 2006 2082 2087 2094]",-0.07550059505452207,57.386723217655,8.406461266502717
1993,18,22,20,"[   0   59  158  228  275  401  422  501  552  574  661  866  901 1021
 1144 1268 1399 1429 1694 1716 1919 2094]",-0.07550059505452207,57.386723217655,8.406461266502717
1994,18,22,40,"[   0   59  158  228  275  401  501  574  661  866 1021 1144 1268 1329
 1429 1716 1919 2006 2094]",-0.07550059505452207,57.386723217655,8.406461266502717
1995,18,22,60,"[   0  158  228  401  501  574  661  866 1021 1144 1268 1329 1429 1716
 1919 2006 2094]",-0.07550059505452207,57.386723217655,8.406461266502717
1996,18,23,0,"[   0    2    6   59   64   97  187  231  275  394  400  401  422  432
  436  484  651  866  901 1021 1144 1268 1329 1369 1399 1435 1473 1789
 1866 1919 1978 2006 2083 2087 2094]",-0.10032070511619132,62.24553976657243,7.527430270205335
1997,18,23,20,"[   0   59   97  187  231  394  422  866  901 1144 1268 1369 1399 1473
 1866 1919 2094]",-0.10032070511619132,62.24553976657243,7.527430270205335
1998,18,23,40,"[   0   59  187  231  275  394  484  651  866 1021 1144 1268 1329 1399
 1473 1789 1866 1919 1978 2094]",-0.10032070511619132,62.24553976657243,7.527430270205335
1999,18,23,60,"[   0  187  275  394  484  651  866 1021 1144 1268 1329 1399 1473 1789
 1919 2094]",-0.10032070511619132,62.24553976657243,7.527430270205335
2000,18,24,0,"[   0    2    6   59   64   97  187  231  275  394  399  422  448  484
  612  638  651  866  901 1056 1077 1103 1234 1268 1362 1393 1497 1770
 1866 1919 1924 1978 2005 2087 2094]",-0.08423563747674755,61.362468491428125,8.582677343932914
2001,18,24,20,"[   0   59   97  187  231  275  394  422  448  484  612  651  866  901
 1056 1077 1103 1268 1362 1393 1497 1866 1919 1978 2005 2094]",-0.08423563747674755,61.362468491428125,8.582677343932914
2002,18,24,40,"[   0   59  187  231  275  394  484  612  866 1077 1268 1393 1497 1770
 1866 1919 1978 2094]",-0.08423563747674755,61.362468491428125,8.582677343932914
2003,18,24,60,[   0  187  275  394  484  612  866 1077 1268 1393 1497 1919 2094],-0.08423563747674755,61.362468491428125,8.582677343932914
2004,18,25,0,"[   0    2    6   59   64   97  294  327  399  422  442  484  651  866
  897 1032 1056 1064 1077 1103 1234 1268 1399 1435 1637 1655 1770 1866
 1919 1956 2005 2072 2087 2094]",-0.12707754601395152,67.73248563985395,8.288567689465344
2005,18,25,20,"[   0   59   97  294  399  422  484  651  866  897 1032 1056 1077 1103
 1268 1399 1435 1866 1919 1956 2005 2072 2094]",-0.12707754601395152,67.73248563985395,8.288567689465344
2006,18,25,40,"[   0   59  294  399  484  651  866 1032 1077 1234 1399 1497 1637 1770
 1866 1919 2005 2094]",-0.12707754601395152,67.73248563985395,8.288567689465344
2007,18,25,60,"[   0  294  399  484  651  866 1077 1234 1399 1497 1637 1770 1866 2005
 2094]",-0.12707754601395152,67.73248563985395,8.288567689465344
2008,18,26,0,"[   0    2    6   59   64   97  294  327  375  400  424  439  609  651
  866 1021 1075 1234 1268 1379 1399 1454 1524 1655 1789 1866 1919 1968
 2083 2087 2094]",-0.08388359202975305,66.17939996930697,6.374165009467095
2009,18,26,20,"[   0   59   97  327  375  400  424  609  651  866 1021 1075 1234 1268
 1399 1454 1866 1919 1968 2094]",-0.08388359202975305,66.17939996930697,6.374165009467095
2010,18,26,40,"[   0   59  327  375  424  609  651  866 1021 1075 1234 1399 1454 1866
 1919 1968 2094]",-0.08388359202975305,66.17939996930697,6.374165009467095
2011,18,26,60,[   0  424  609  866 1075 1234 1454 1524 1655 1789 1919 2094],-0.08388359202975305,66.17939996930697,6.374165009467095
2012,18,27,0,"[   0    3    6   59  234  275  295  326  424  484  577  609  644  651
  674  818 1075 1077 1103 1239 1268 1362 1393 1524 1561 1655 1789 1866
 1919 1966 2005 2072 2087 2094]",-0.1052275290648317,64.75981400333227,7.093873055312342
2013,18,27,20,"[   0   59  234  275  326  424  484  577  609  651  674  818 1075 1103
 1239 1268 1362 1393 1524 1561 1655 1789 1866 1919 1966 2005 2072 2094]",-0.1052275290648317,64.75981400333227,7.093873055312342
2014,18,27,40,"[   0   59  234  275  326  424  484  609  651  818 1075 1268 1393 1524
 1655 1789 1866 1919 1966 2094]",-0.1052275290648317,64.75981400333227,7.093873055312342
2015,18,27,60,[   0  275  424  609  818 1075 1268 1393 1524 1655 1789 1919 2094],-0.1052275290648317,64.75981400333227,7.093873055312342
2016,18,28,0,"[   0    2    6   59   64   95  266  296  350  383  436  484  496  580
  651  661 1075 1234 1268 1354 1382 1399 1429 1524 1655 1919 1924 1935
 1969 2060 2087 2094]",-0.08873406591060708,63.555603039202204,8.595897526360792
2017,18,28,20,"[   0   64   95  266  350  383  436  530  580  651 1075 1234 1268 1354
 1399 1429 1924 1969 2060 2094]",-0.08873406591060708,63.555603039202204,8.595897526360792
2018,18,28,40,"[   0   95  266  383  436  530  580  651 1075 1268 1354 1399 1561 1924
 1969 2094]",-0.08873406591060708,63.555603039202204,8.595897526360792
2019,18,28,60,[   0   95  266  436  580  651 1075 1268 1399 1561 1655 1924 2094],-0.08873406591060708,63.555603039202204,8.595897526360792
2020,18,29,0,"[   0    2    6   97  158  231  296  375  383  388  436  442  661  681
  767  867  898 1075 1089 1130 1239 1268 1391 1430 1524 1655 1919 1956
 2005 2072 2087 2094]",-0.09909201796833193,63.29686883912914,8.031310805749056
2021,18,29,20,"[   0   97  158  231  296  388  436  767  867  898 1075 1130 1268 1391
 1430 1919 1956 2072 2094]",-0.09909201796833193,63.29686883912914,8.031310805749056
2022,18,29,40,"[   0   97  158  231  296  388  436  767  867 1075 1130 1268 1524 1956
 2005 2094]",-0.09909201796833193,63.29686883912914,8.031310805749056
2023,18,29,60,"[   0   97  158  231  296  436  661  767  867 1130 1268 1391 1524 1655
 2005 2094]",-0.09909201796833193,63.29686883912914,8.031310805749056
2024,18,30,0,"[   0    2    6   95  292  296  383  401  432  442  484  488  640  651
  752  867  897  898  901 1089 1152 1338 1354 1393 1524 1655 1714 1866
 1919 2081 2087 2090 2094]",-0.06667289297049124,68.54350719630905,6.215229337371468
2025,18,30,20,[   0  401  432  867  897 1089 1152 1354 1393 1866 1919 2094],-0.06667289297049124,68.54350719630905,6.215229337371468
2026,18,30,40,"[   0   95  296  432  484  640  752  867 1089 1152 1393 1524 1655 1714
 1866 1919 2094]",-0.06667289297049124,68.54350719630905,6.215229337371468
2027,18,30,60,[   0   95  296  432  640  752  867 1089 1152 1393 1524 1655 1919 2094],-0.06667289297049124,68.54350719630905,6.215229337371468
2028,18,31,0,"[   0    2    6   97  383  388  401  432  436  442  640  661  735  866
  897  901 1077 1089 1122 1234 1253 1268 1338 1354 1393 1517 1524 1714
 1866 1919 2002 2082 2087 2090 2094]",-0.05870450399429692,70.56090981082369,7.3050122045354176
2029,18,31,20,"[   0  388  432  640  661  735  866  897 1077 1122 1268 1354 1393 1517
 1866 1919 2094]",-0.05870450399429692,70.56090981082369,7.3050122045354176
2030,18,31,40,[   0  388  432 2094],-0.05870450399429692,70.56090981082369,7.3050122045354176
2031,18,31,60,[   0   97  432  640  735  866 1122 1268 1393 1517 1714 1919 2002 2094],-0.05870450399429692,70.56090981082369,7.3050122045354176
2032,18,32,0,"[   0    2    6   59   60   64   97  187  327  383  399  424  436  442
  484  535  661  773  901 1077 1089 1122 1234 1253 1268 1338 1524 1789
 1866 1919 2082 2087 2089 2094]",-0.1006612554645126,74.77931211721295,6.374672670681664
2033,18,32,20,[   0   59   97  187  399  424  773 1077 1122 1268 1866 1919 2094],-0.1006612554645126,74.77931211721295,6.374672670681664
2034,18,32,40,"[   0   59  187  327  424  484  535  661  773  901 1077 1122 1268 1338
 1524 1789 1866 1919 2094]",-0.1006612554645126,74.77931211721295,6.374672670681664
2035,18,32,60,"[   0  187  327  424  535  661  773  901 1077 1268 1338 1524 1789 1919
 2094]",-0.1006612554645126,74.77931211721295,6.374672670681664
2036,18,33,0,"[   0    2    6   59   60  187  383  394  422  436  484  535  651  866
  897  901 1077 1122 1162 1234 1253 1268 1338 1417 1454 1456 1524 1714
 1866 1919 1983 2082 2087 2089 2090 2094]",-0.05511448281520822,78.50175497308696,5.823785244848979
2037,18,33,20,[   0  394  422  866  897 1077 1162 2094],-0.05511448281520822,78.50175497308696,5.823785244848979
2038,18,33,40,"[   0   59  187  394  484  535  651  866 1077 1162 1268 1454 1524 1866
 1919 1983 2094]",-0.05511448281520822,78.50175497308696,5.823785244848979
2039,18,33,60,"[   0  187  394  484  651  866 1077 1162 1268 1454 1524 1714 1919 1983
 2094]",-0.05511448281520822,78.50175497308696,5.823785244848979
2040,18,34,0,"[   0    2    6   59  187  388  442  484  530  535  580  749  785  984
 1021 1056 1089 1130 1144 1268 1483 1497 1866 1919 1983 2082 2087 2089
 2094]",-0.014030717360870037,81.74385011739466,7.703586414089634
2041,18,34,20,"[   0   59  187  388  442  484  530  580  749  785  984 1021 1056 1089
 1130 1268 1483 1866 1919 1983 2094]",-0.014030717360870037,81.74385011739466,7.703586414089634
2042,18,34,40,"[   0   59  187  388  442  530  580  785 1056 1130 1268 1483 1866 1919
 2094]",-0.014030717360870037,81.74385011739466,7.703586414089634
2043,18,34,60,"[   0  187  442  580  785  984 1056 1130 1268 1338 1483 1714 1919 1983
 2094]",-0.014030717360870037,81.74385011739466,7.703586414089634
2044,18,35,0,"[   0    2    6   59  187  234  388  442  530  580  625  984 1021 1077
 1089 1130 1253 1458 1524 1866 1919 1993 2060 2084 2087 2094]",-0.03651669098860041,80.50073560146078,7.46341200941436
2045,18,35,20,"[   0   59  187  234  388  442  530  580  625  984 1021 1077 1130 1253
 1458 1866 1919 2060 2094]",-0.03651669098860041,80.50073560146078,7.46341200941436
2046,18,35,40,"[   0   59  187  234  388  442  530  580  625 1077 1130 1253 1458 1866
 1919 2094]",-0.03651669098860041,80.50073560146078,7.46341200941436
2047,18,35,60,[   0  187  388  530  625 1077 1253 1458 1524 1655 1919 2094],-0.03651669098860041,80.50073560146078,7.46341200941436
2048,18,36,0,"[   0    2    6   59  194  234  383  439  498  580  678  886  984 1021
 1056 1077 1089 1130 1168 1235 1253 1417 1474 1524 1655 1714 1983 2082
 2087 2090 2094]",-0.07878266766354579,86.08762169820403,7.948934773098356
2049,18,36,20,"[   0   59  194  234  383  439  498  580  678  886  984 1021 1056 1077
 1130 1168 1253 1417 1474 1524 1655 1714 1983 2094]",-0.07878266766354579,86.08762169820403,7.948934773098356
2050,18,36,40,"[   0   59  194  383  439  498  580  678 1021 1077 1130 1253 1417 1474
 1524 2094]",-0.07878266766354579,86.08762169820403,7.948934773098356
2051,18,36,60,[   0  194  383  498  580  678 1077 1253 1474 2094],-0.07878266766354579,86.08762169820403,7.948934773098356
2052,18,37,0,"[   0    2    6   77  187  201  281  347  398  442  465  471  484  535
  566  580  622  804  843 1056 1089 1128 1130 1168 1234 1338 1458 1655
 1714 1983 2082 2087 2090 2094]",-0.012311412718575217,89.10551997018722,6.630688066828153
2053,18,37,20,"[   0   77  187  281  347  398  442  465  535  566  622  804 1056 1089
 1130 1168 1234 1458 1655 1714 1983 2094]",-0.012311412718575217,89.10551997018722,6.630688066828153
2054,18,37,40,"[   0   77  187  281  347  398  442  566  622  804 1056 1130 1234 1458
 2094]",-0.012311412718575217,89.10551997018722,6.630688066828153
2055,18,37,60,[   0   77  187  281  347  442  622  804 1056 1130 1234 1458 2094],-0.012311412718575217,89.10551997018722,6.630688066828153
2056,18,38,0,"[   0    2    6   60   98  187  234  389  398  442  465  471  804 1056
 1077 1089 1130 1168 1235 1253 1382 1391 1474 2082 2087 2090 2094]",-0.010082737787581553,91.00638986783153,6.3712631168311935
2057,18,38,20,"[   0   60   98  187  234  389  442  465  804 1056 1077 1130 1168 1338
 1391 1474 2094]",-0.010082737787581553,91.00638986783153,6.3712631168311935
2058,18,38,40,[   0   60  187  234  389  442  804 1077 1130 1253 1391 1474 2094],-0.010082737787581553,91.00638986783153,6.3712631168311935
2059,18,38,60,[   0  187  389  535  804 1077 1253 1391 1474 2094],-0.010082737787581553,91.00638986783153,6.3712631168311935
2060,18,39,0,"[   0    2    6   60  158  187  234  398  442  465  471  804  985 1056
 1077 1089 1130 1168 1253 1474 1523 1655 1714 1753 2082 2087 2090 2094]",-0.00570790376301021,92.2476621792132,4.830219510787155
2061,18,39,20,"[   0   60  158  187  234  398  442  465  804  985 1056 1077 1130 1168
 1253 1474 1523 1655 1714 1753 2094]",-0.00570790376301021,92.2476621792132,4.830219510787155
2062,18,39,40,[   0   60  187  234  398  442  804 1077 1130 1253 1474 1523 2094],-0.00570790376301021,92.2476621792132,4.830219510787155
2063,18,39,60,[   0  234  442  804  985 1130 1253 1474 2094],-0.00570790376301021,92.2476621792132,4.830219510787155
2064,18,40,0,"[   0    2    3    6   60  158  187  201  389  398  439  442  465  484
  535  886  985 1056 1077 1089 1130 1168 1253 1338 1373 1382 1655 1714
 1753 1971 1983 2082 2084 2087 2094]",-0.024599674887770543,91.39730858875498,5.9963453755734415
2065,18,40,20,"[   0   60  158  187  389  439  465  886 1056 1077 1130 1168 1253 1714
 1753 2094]",-0.024599674887770543,91.39730858875498,5.9963453755734415
2066,18,40,40,[   0  187  389  439 1077 1130 1253 2094],-0.024599674887770543,91.39730858875498,5.9963453755734415
2067,18,40,60,[   0  187  389  535  886  985 1130 1253 1373 1655 1753 1971 2094],-0.024599674887770543,91.39730858875498,5.9963453755734415
2068,18,41,0,"[   0    2    3    6    7   60  187  383  389  439  442  484  530  535
  580  886  985 1017 1056 1077 1152 1168 1253 1338 1373 1533 1655 1714
 1753 1971 1983 2082 2084 2087 2094]",-0.06504467475689954,92.62385081396968,6.130932330255492
2069,18,41,20,"[   0   60  187  389  439  530  580  985 1017 1056 1077 1152 1253 1714
 2094]",-0.06504467475689954,92.62385081396968,6.130932330255492
2070,18,41,40,[   0   60  187  389  439  530  580 1077 1152 1253 1533 2094],-0.06504467475689954,92.62385081396968,6.130932330255492
2071,18,41,60,[   0  187  389  530  886 1077 1152 1253 1533 1655 1753 1971 2094],-0.06504467475689954,92.62385081396968,6.130932330255492
2072,18,42,0,"[   0    2    3    6    7   60  187  383  389  439  442  465  484  530
  535  580  846 1056 1077 1168 1174 1253 1338 1379 1400 1655 1714 1753
 1971 1983 2082 2084 2087 2094]",-0.048185430157417344,96.23790349769953,5.357936502462237
2073,18,42,20,"[   0   60  187  389  439  465  530  580  846 1056 1077 1168 1253 1379
 1400 1714 1753 2094]",-0.048185430157417344,96.23790349769953,5.357936502462237
2074,18,42,40,[   0  389  439 1077 1168 2094],-0.048185430157417344,96.23790349769953,5.357936502462237
2075,18,42,60,[   0  187  389  530  846 1077 1168 1253 1338 1400 1655 1753 1971 2094],-0.048185430157417344,96.23790349769953,5.357936502462237
2076,18,43,0,"[   0    2    3    6    7   60  187  383  389  394  398  422  436  442
  465  484  651  748 1056 1077 1168 1253 1338 1373 1382 1655 1714 1758
 1971 1983 2082 2084 2087 2094]",-0.036479641917070635,97.41104255200027,5.9943392979623935
2077,18,43,20,[   0  389  422 1077 1168 2094],-0.036479641917070635,97.41104255200027,5.9943392979623935
2078,18,43,40,[   0   60  187  389  484  651 1077 1168 1253 1714 1758 2094],-0.036479641917070635,97.41104255200027,5.9943392979623935
2079,18,43,60,[   0  187  389  484  651 1077 1168 1253 1655 2094],-0.036479641917070635,97.41104255200027,5.9943392979623935
2080,18,44,0,"[   0    2    5    7   60  187  327  383  389  398  422  439  442  465
  484  748 1056 1077 1168 1253 1321 1325 1338 1379 1435 1533 1971 1983
 2039 2072 2087 2089 2094]",-0.05150843417729217,97.61812118487997,5.848769380286033
2081,18,44,20,[   0  389  422 1077 1168 2094],-0.05150843417729217,97.61812118487997,5.848769380286033
2082,18,44,40,"[   0   60  187  327  389  465  748 1077 1168 1253 1321 1379 1435 1533
 1983 2039 2094]",-0.05150843417729217,97.61812118487997,5.848769380286033
2083,18,44,60,[   0  187  389  465  748 1077 1168 1253 1533 2094],-0.05150843417729217,97.61812118487997,5.848769380286033
2084,18,45,0,"[   0    2    6    7   60  187  347  383  389  422  439  442  484  622
  646  748 1056 1077 1127 1168 1173 1253 1486 1533 1612 1757 1789 1983
 2083 2087 2090 2094]",-0.060707161980788724,100.91764653838953,6.675121748116335
2085,18,45,20,"[   0   60  187  347  389  422  484  622  646  748 1056 1077 1127 1168
 1253 1486 1533 1757 1789 2094]",-0.060707161980788724,100.91764653838953,6.675121748116335
2086,18,45,40,"[   0   60  187  347  389  484  622  748 1077 1127 1168 1253 1486 1533
 1612 1789 1983 2094]",-0.060707161980788724,100.91764653838953,6.675121748116335
2087,18,45,60,[   0  187  389  484  622 1077 1168 1253 1486 2094],-0.060707161980788724,100.91764653838953,6.675121748116335
2088,18,46,0,"[   0    2    3    6    7   60   98  187  347  383  393  398  422  439
  442  465  484  625  674  748 1056 1077 1127 1168 1173 1273 1390 1454
 1655 1714 1983 2079 2083 2087 2094]",-0.07175433565060584,96.57504260504491,5.108656865957562
2089,18,46,20,[   0  393  422 1077 1168 1390 1454 2094],-0.07175433565060584,96.57504260504491,5.108656865957562
2090,18,46,40,"[   0   60  187  347  393  484  625  674 1077 1127 1168 1273 1390 1454
 1655 1714 1983 2094]",-0.07175433565060584,96.57504260504491,5.108656865957562
2091,18,46,60,[   0  187  393  484  625 1077 1168 1273 1390 1454 2094],-0.07175433565060584,96.57504260504491,5.108656865957562
2092,18,47,0,"[   0    2    3    6    7   60  187  347  383  389  398  422  439  442
  465  484  748 1056 1077 1114 1162 1168 1253 1390 1435 1473 1655 1714
 1983 2082 2087 2094]",-0.05633952168227081,97.74501158488191,6.763297407724675
2093,18,47,20,[   0  389  422 1077 1162 1390 1473 2094],-0.05633952168227081,97.74501158488191,6.763297407724675
2094,18,47,40,[   0   60  187  347  389  465  748 1077 1162 1253 1390 1473 2094],-0.05633952168227081,97.74501158488191,6.763297407724675
2095,18,47,60,[   0  187  389  465  748 1077 1162 1390 1473 2094],-0.05633952168227081,97.74501158488191,6.763297407724675
2096,18,48,0,"[   0    2    6    7   60  187  281  388  409  442  484  622  748 1056
 1077 1168 1253 1435 1473 1486 1536 1655 1689 1714 2083 2087 2088 2090
 2094]",0.005693538657880433,102.63135627270987,5.9742092960140525
2097,18,48,20,"[   0   60  187  281  388  409  442  484  622  748 1056 1077 1168 1253
 1435 1473 1536 1655 1689 1714 2094]",0.005693538657880433,102.63135627270987,5.9742092960140525
2098,18,48,40,[   0   60  187  388  442  484  622 1077 1168 1253 1473 2094],0.005693538657880433,102.63135627270987,5.9742092960140525
2099,18,48,60,[   0  187  281  442  622 1077 1168 1253 1473 1536 2094],0.005693538657880433,102.63135627270987,5.9742092960140525
2100,18,49,0,"[   0    2    6    7   60  232  388  442  484  530  580  788 1056 1144
 1272 1373 1655 1689 1714 1753 1757 1818 2081 2085 2087 2090 2094]",0.005380391723126083,109.21786832074403,6.102180658129498
2101,18,49,20,"[   0   60  232  388  442  484  530  580  788 1056 1144 1272 1373 1655
 1689 1714 1757 1818 2094]",0.005380391723126083,109.21786832074403,6.102180658129498
2102,18,49,40,"[   0   60  232  388  442  484  530  580  788 1056 1144 1272 1373 1689
 1757 1818 2094]",0.005380391723126083,109.21786832074403,6.102180658129498
2103,18,49,60,[   0  232  442  580  788 1056 1144 1272 1373 1689 1757 1818 2094],0.005380391723126083,109.21786832074403,6.102180658129498
2104,18,50,0,"[   0    2    6    7   60  232  388  442  484  530  580  748  788 1056
 1077 1144 1253 1272 1296 1373 1612 1655 1689 1714 1742 1753 1765 2081
 2084 2087 2090 2094]",0.015473792797836375,109.53860904099405,5.559857158761837
2105,18,50,20,"[   0   60  232  388  442  484  530  580  788 1056 1077 1144 1272 1373
 1612 1655 1689 1714 1742 1765 2094]",0.015473792797836375,109.53860904099405,5.559857158761837
2106,18,50,40,"[   0   60  232  388  442  484  530  580  788 1077 1144 1272 1373 1689
 1765 2094]",0.015473792797836375,109.53860904099405,5.559857158761837
2107,18,50,60,[   0  232  442  580  788 1077 1144 1272 1373 1612 1689 1765 2094],0.015473792797836375,109.53860904099405,5.559857158761837
2108,19,20,0,"[   0    2    6   59  187  231  275  400  401  432  501  580  645  665
  731  752  866  901 1021 1144 1242 1262 1369 1399 1429 1590 1617 1694
 1716 1789 1866 1919 1966 2087 2094]",-0.07853975178938823,50.901192373789264,9.812071601497458
2109,19,20,20,"[   0   59  187  231  275  401  432  501  580  665  731  752  866  901
 1021 1144 1262 1369 1399 1429 1590 1617 1694 1716 1789 1866 1919 1966
 2094]",-0.07853975178938823,50.901192373789264,9.812071601497458
2110,19,20,40,"[   0   59  187  231  275  401  501  580  665  731  866 1021 1144 1262
 1429 1524 1617 1694 1789 1866 1919 1966 2094]",-0.07853975178938823,50.901192373789264,9.812071601497458
2111,19,20,60,"[   0  187  275  401  501  580  665  731  866 1021 1144 1262 1429 1524
 1617 1694 1789 1919 2094]",-0.07853975178938823,50.901192373789264,9.812071601497458
2112,19,21,0,"[   0   59   97  187  231  275  398  401  432  436  442  501  552  580
  731  752  866  901 1075 1144 1241 1262 1297 1329 1369 1399 1474 1522
 1557 1679 1716 1887 1919 1924 2087 2094]",-0.09180806531653662,49.73098452448734,7.804556914443435
2113,19,21,20,"[   0   59   97  187  231  275  401  432  501  552  580  731  752  866
  901 1075 1144 1241 1262 1297 1329 1369 1399 1474 1522 1557 1679 1716
 1887 1919 2094]",-0.09180806531653662,49.73098452448734,7.804556914443435
2114,19,21,40,"[   0   59  187  231  275  401  501  580  752  866 1075 1144 1262 1329
 1399 1474 1522 1716 1919 2094]",-0.09180806531653662,49.73098452448734,7.804556914443435
2115,19,21,60,"[   0  187  275  401  501  580  752  866 1075 1144 1262 1329 1399 1474
 1919 2094]",-0.09180806531653662,49.73098452448734,7.804556914443435
2116,19,22,0,"[   0    3    6   59  158  228  275  400  401  422  432  436  442  501
  552  574  580  661  866  901 1021 1144 1268 1329 1399 1429 1694 1716
 1789 1866 1919 1924 2006 2082 2087 2094]",-0.07382024310110695,55.753301054193585,8.278433057954773
2117,19,22,20,"[   0   59  158  228  275  401  422  501  552  574  661  866  901 1021
 1144 1268 1399 1429 1694 1716 1789 1866 1919 2094]",-0.07382024310110695,55.753301054193585,8.278433057954773
2118,19,22,40,"[   0   59  158  228  275  401  501  574  661  866 1021 1144 1268 1329
 1429 1716 1789 1866 1919 2006 2094]",-0.07382024310110695,55.753301054193585,8.278433057954773
2119,19,22,60,"[   0  158  228  401  501  574  661  866 1021 1144 1268 1329 1429 1716
 1789 1919 2006 2094]",-0.07382024310110695,55.753301054193585,8.278433057954773
2120,19,23,0,"[   0    2    6   59   64   97  187  231  275  394  400  401  422  432
  436  484  651  866  901 1021 1077 1103 1144 1268 1329 1369 1399 1435
 1473 1789 1866 1919 1978 2006 2083 2087 2094]",-0.09992766387577307,60.42788880161306,7.209273163894208
2121,19,23,20,"[   0   59   97  187  231  394  422  866  901 1077 1144 1268 1369 1399
 1473 1866 1919 2094]",-0.09992766387577307,60.42788880161306,7.209273163894208
2122,19,23,40,"[   0   59  187  231  275  394  484  651  866 1021 1077 1144 1268 1329
 1399 1473 1789 1866 1919 1978 2094]",-0.09992766387577307,60.42788880161306,7.209273163894208
2123,19,23,60,"[   0  187  275  394  484  651  866 1077 1144 1268 1329 1399 1473 1789
 1919 2094]",-0.09992766387577307,60.42788880161306,7.209273163894208
2124,19,24,0,"[   0    2    6   59   64   97  187  231  275  394  399  422  448  484
  612  638  651  866  901 1056 1077 1103 1234 1268 1362 1393 1497 1637
 1655 1770 1866 1919 1924 1978 2005 2087 2094]",-0.0846773851374022,59.29776872770223,8.28869500882137
2125,19,24,20,"[   0   59   97  187  231  275  394  422  448  484  612  651  866  901
 1056 1077 1103 1268 1362 1393 1497 1637 1770 1866 1919 1978 2005 2094]",-0.0846773851374022,59.29776872770223,8.28869500882137
2126,19,24,40,"[   0   59  187  231  275  394  484  612  866 1077 1268 1393 1497 1637
 1770 1866 1919 1978 2094]",-0.0846773851374022,59.29776872770223,8.28869500882137
2127,19,24,60,"[   0  187  275  394  484  612  866 1077 1268 1393 1497 1637 1770 1919
 2094]",-0.0846773851374022,59.29776872770223,8.28869500882137
2128,19,25,0,"[   0    2    6   59   64   97  294  327  399  422  442  484  651  866
  897 1032 1056 1064 1077 1103 1141 1253 1268 1399 1435 1637 1655 1770
 1866 1919 1956 2005 2072 2087 2094]",-0.12499938079222743,65.35184652943359,8.111822092979935
2129,19,25,20,"[   0   59   97  294  399  422  484  651  866  897 1032 1056 1077 1103
 1141 1268 1399 1435 1637 1770 1866 1919 1956 2005 2072 2094]",-0.12499938079222743,65.35184652943359,8.111822092979935
2130,19,25,40,"[   0   59  294  399  484  651  866 1032 1077 1141 1268 1399 1497 1637
 1770 1866 1919 2005 2094]",-0.12499938079222743,65.35184652943359,8.111822092979935
2131,19,25,60,"[   0  294  399  484  651  866 1077 1141 1268 1399 1497 1637 1770 1866
 2005 2094]",-0.12499938079222743,65.35184652943359,8.111822092979935
2132,19,26,0,"[   0    2    6   59   64   97  294  327  375  400  424  439  609  651
  866  897  984 1021 1075 1234 1268 1379 1399 1454 1524 1655 1789 1866
 1919 1968 2083 2087 2094]",-0.0819496045680209,63.843918230491255,6.4357016921314925
2133,19,26,20,"[   0   59   97  327  375  400  424  609  651  866  897  984 1021 1075
 1234 1268 1399 1454 1866 1919 1968 2094]",-0.0819496045680209,63.843918230491255,6.4357016921314925
2134,19,26,40,"[   0   59  327  375  424  609  651  866 1021 1075 1234 1399 1454 1866
 1919 1968 2094]",-0.0819496045680209,63.843918230491255,6.4357016921314925
2135,19,26,60,[   0  424  609  866 1075 1234 1454 1524 1655 1789 1919 2094],-0.0819496045680209,63.843918230491255,6.4357016921314925
2136,19,27,0,"[   0    3    6   59  234  275  295  326  424  484  577  609  644  651
  674  818 1075 1077 1103 1239 1268 1362 1393 1524 1561 1655 1718 1789
 1822 1866 1919 1966 2005 2072 2087 2094]",-0.1088632034676003,62.41753188289973,6.52686364408589
2137,19,27,20,"[   0   59  234  275  326  424  484  577  609  651  674  818 1075 1103
 1239 1268 1362 1393 1524 1561 1655 1718 1789 1822 1866 1919 1966 2005
 2072 2094]",-0.1088632034676003,62.41753188289973,6.52686364408589
2138,19,27,40,"[   0   59  234  275  326  424  484  609  651  818 1075 1268 1393 1524
 1655 1718 1789 1866 1919 1966 2094]",-0.1088632034676003,62.41753188289973,6.52686364408589
2139,19,27,60,[   0  275  424  609  818 1075 1268 1393 1524 1655 1718 1789 1919 2094],-0.1088632034676003,62.41753188289973,6.52686364408589
2140,19,28,0,"[   0    2    6   59   64   95  266  296  350  383  436  484  496  580
  651  661 1075 1234 1268 1338 1354 1382 1399 1429 1524 1655 1919 1924
 1935 1969 2060 2087 2094]",-0.09862619440623711,61.85126631976714,7.404017978172012
2141,19,28,20,"[   0   64   95  266  350  383  436  530  580  651 1075 1234 1268 1354
 1399 1429 1924 1969 2060 2094]",-0.09862619440623711,61.85126631976714,7.404017978172012
2142,19,28,40,"[   0   95  266  383  436  530  580  651 1075 1268 1354 1399 1561 1924
 1969 2094]",-0.09862619440623711,61.85126631976714,7.404017978172012
2143,19,28,60,[   0   95  266  436  580  651  898 1075 1268 1399 1561 1655 1924 2094],-0.09862619440623711,61.85126631976714,7.404017978172012
2144,19,29,0,"[   0    2    6   97  158  231  296  375  383  388  436  442  661  681
  767  867  898 1075 1089 1130 1239 1268 1391 1430 1524 1561 1655 1789
 1866 1919 1956 2005 2072 2087 2094]",-0.0982474488255562,61.56535787533764,7.917630492333241
2145,19,29,20,"[   0   97  158  231  296  388  436  767  867  898 1075 1130 1268 1391
 1430 1866 1919 1956 2072 2094]",-0.0982474488255562,61.56535787533764,7.917630492333241
2146,19,29,40,"[   0   97  158  231  296  388  436  767  867 1075 1130 1268 1866 1919
 2094]",-0.0982474488255562,61.56535787533764,7.917630492333241
2147,19,29,60,"[   0   97  158  231  296  436  661  767  867 1130 1268 1391 1524 1655
 1789 1919 2005 2094]",-0.0982474488255562,61.56535787533764,7.917630492333241
2148,19,30,0,"[   0    2    6   95  292  296  383  401  432  442  484  488  640  651
  752  867  897  898  901 1089 1152 1338 1354 1393 1517 1524 1655 1714
 1866 1919 2028 2081 2087 2090 2094]",-0.07190712766509302,66.66318252244051,5.759108786565432
2149,19,30,20,[   0  401  432  867  897 1089 1152 1354 1393 1517 2094],-0.07190712766509302,66.66318252244051,5.759108786565432
2150,19,30,40,"[   0   95  296  432  484  640  752  867 1089 1152 1393 1517 1655 1714
 1866 1919 2028 2094]",-0.07190712766509302,66.66318252244051,5.759108786565432
2151,19,30,60,"[   0   95  296  432  640  752  867 1089 1152 1393 1517 1655 1919 2028
 2094]",-0.07190712766509302,66.66318252244051,5.759108786565432
2152,19,31,0,"[   0    2    6   97  327  383  388  401  432  436  442  488  640  661
  735  866  897  901 1077 1089 1122 1234 1253 1268 1338 1354 1393 1517
 1524 1714 1866 1919 2002 2082 2087 2090 2094]",-0.057639496545272215,68.80660310315946,7.346648744020117
2153,19,31,20,"[   0  327  388  432  640  661  735  866  897 1077 1122 1268 1354 1393
 1517 1866 1919 2094]",-0.057639496545272215,68.80660310315946,7.346648744020117
2154,19,31,40,"[   0  327  388  432  640  735  866 1077 1122 1268 1393 1517 1866 1919
 2094]",-0.057639496545272215,68.80660310315946,7.346648744020117
2155,19,31,60,"[   0   97  327  388  488  640  735  866 1122 1268 1393 1517 1714 1919
 2002 2094]",-0.057639496545272215,68.80660310315946,7.346648744020117
2156,19,32,0,"[   0    2    6   59   60   64   97  187  327  383  399  424  436  442
  484  535  661  785  825  866  901 1077 1089 1122 1234 1253 1268 1338
 1524 1789 1866 1919 2082 2087 2089 2094]",-0.09725642296949792,72.78715289207304,6.684336543022518
2157,19,32,20,"[   0   59   97  187  399  424  785  825  866  901 1077 1122 1268 1866
 1919 2094]",-0.09725642296949792,72.78715289207304,6.684336543022518
2158,19,32,40,"[   0   59  187  327  424  484  535  661  785  866 1077 1122 1268 1338
 1524 1789 1866 1919 2094]",-0.09725642296949792,72.78715289207304,6.684336543022518
2159,19,32,60,"[   0  187  327  424  535  661  785  866 1122 1268 1338 1524 1789 1919
 2094]",-0.09725642296949792,72.78715289207304,6.684336543022518
2160,19,33,0,"[   0    2    6   59   60  187  383  394  422  436  442  484  535  651
  773  866  897  901 1077 1122 1162 1234 1253 1268 1338 1417 1454 1456
 1524 1714 1866 1919 1983 2082 2087 2089 2090 2094]",-0.0743175161027096,76.38849481542172,5.896089614991845
2161,19,33,20,[   0  394  422  866  897 1077 1162 2094],-0.0743175161027096,76.38849481542172,5.896089614991845
2162,19,33,40,"[   0   59  187  394  484  535  651  773  897 1077 1162 1268 1454 1524
 1866 1919 1983 2094]",-0.0743175161027096,76.38849481542172,5.896089614991845
2163,19,33,60,"[   0  187  394  484  651  773  897 1077 1162 1268 1454 1524 1714 1919
 1983 2094]",-0.0743175161027096,76.38849481542172,5.896089614991845
2164,19,34,0,"[   0    2    6   59  187  388  442  484  530  535  580  749  785  901
  984 1021 1056 1089 1130 1144 1268 1483 1497 1866 1919 1983 2082 2087
 2089 2094]",-0.05289596745529597,77.95791355221832,7.896640905513056
2165,19,34,20,"[   0   59  187  388  442  484  530  580  749  785  901  984 1021 1056
 1089 1130 1268 1483 1866 1919 1983 2094]",-0.05289596745529597,77.95791355221832,7.896640905513056
2166,19,34,40,"[   0   59  187  388  442  530  580  785  901 1056 1130 1268 1483 1866
 1919 2094]",-0.05289596745529597,77.95791355221832,7.896640905513056
2167,19,34,60,"[   0  187  442  580  785  901  984 1056 1130 1268 1338 1483 1714 1919
 1983 2094]",-0.05289596745529597,77.95791355221832,7.896640905513056
2168,19,35,0,"[   0    2    6   59  187  234  388  442  484  530  535  580  625  678
  984 1021 1077 1089 1130 1253 1435 1458 1524 1655 1714 1866 1919 1993
 1999 2060 2084 2087 2094]",-0.03768396965177681,78.02389228942948,6.200429610345417
2169,19,35,20,"[   0   59  187  234  388  442  484  530  580  625  984 1021 1077 1130
 1253 1458 1524 1655 1714 1866 1919 1993 2060 2094]",-0.03768396965177681,78.02389228942948,6.200429610345417
2170,19,35,40,"[   0   59  187  234  388  442  484  530  580  625  678 1021 1077 1130
 1253 1458 1524 1655 1714 1866 1919 2094]",-0.03768396965177681,78.02389228942948,6.200429610345417
2171,19,35,60,[   0  187  388  530  625 1077 1253 1458 1524 1655 1919 2094],-0.03768396965177681,78.02389228942948,6.200429610345417
2172,19,36,0,"[   0    2    6   59  194  234  383  439  442  498  580  625  678  886
  984 1021 1056 1077 1089 1130 1168 1235 1253 1417 1474 1524 1561 1655
 1714 1983 2082 2087 2090 2094]",-0.08330853297761265,83.13331685151479,7.9031993755511944
2173,19,36,20,"[   0   59  194  234  383  439  498  580  625  678  886  984 1021 1056
 1077 1130 1168 1253 1417 1474 1524 1655 1714 1983 2094]",-0.08330853297761265,83.13331685151479,7.9031993755511944
2174,19,36,40,"[   0   59  194  383  439  498  580  625 1077 1130 1253 1417 1474 1524
 2094]",-0.08330853297761265,83.13331685151479,7.9031993755511944
2175,19,36,60,[   0  194  383  498  625 1077 1253 1474 2094],-0.08330853297761265,83.13331685151479,7.9031993755511944
2176,19,37,0,"[   0    2    6   60   77  158  187  201  281  347  398  442  465  471
  484  535  566  580  622  804  843 1056 1089 1128 1130 1168 1234 1338
 1458 1655 1714 1983 2082 2087 2090 2094]",-0.01622747030474446,86.25267265244528,5.920151141676956
2177,19,37,20,"[   0   77  158  187  281  347  398  442  465  535  566  622  804 1056
 1089 1130 1168 1234 1458 1655 1714 1983 2094]",-0.01622747030474446,86.25267265244528,5.920151141676956
2178,19,37,40,"[   0   77  187  281  347  398  442  566  622  804 1056 1130 1234 1458
 2094]",-0.01622747030474446,86.25267265244528,5.920151141676956
2179,19,37,60,[   0   77  187  281  347  442  622  804 1056 1130 1234 1458 2094],-0.01622747030474446,86.25267265244528,5.920151141676956
2180,19,38,0,"[   0    2    6   60   98  187  234  389  398  442  465  471  804 1056
 1077 1089 1130 1168 1235 1253 1382 1391 1474 1655 1714 1829 1971 2082
 2087 2090 2094]",-0.01068674875674439,87.49896891558905,6.292587798982174
2181,19,38,20,"[   0   60   98  187  234  389  442  465  804 1056 1077 1130 1168 1253
 1338 1391 1474 1829 1971 2094]",-0.01068674875674439,87.49896891558905,6.292587798982174
2182,19,38,40,[   0   60  187  234  389  442  804 1077 1130 1253 1391 1474 2094],-0.01068674875674439,87.49896891558905,6.292587798982174
2183,19,38,60,[   0  187  389  535  804 1077 1253 1391 1474 1829 1971 2094],-0.01068674875674439,87.49896891558905,6.292587798982174
2184,19,39,0,"[   0    2    6   60  158  187  228  234  389  398  442  465  471  484
  804  985 1056 1077 1089 1130 1168 1253 1474 1523 1655 1714 1753 1993
 2082 2087 2090 2094]",-0.008585252039800364,88.36852918650533,4.663852335507732
2185,19,39,20,"[   0   60  158  187  228  389  442  465  804  985 1056 1077 1130 1168
 1253 1474 1523 1655 1714 1753 2094]",-0.008585252039800364,88.36852918650533,4.663852335507732
2186,19,39,40,[   0   60  187  228  389  442  804 1077 1130 1253 1474 1523 2094],-0.008585252039800364,88.36852918650533,4.663852335507732
2187,19,39,60,[   0  187  389  535  804  985 1130 1253 1474 2094],-0.008585252039800364,88.36852918650533,4.663852335507732
2188,19,40,0,"[   0    2    3    6    7   60  158  187  201  383  389  398  439  442
  465  484  535  886  985 1056 1077 1089 1130 1168 1253 1338 1373 1382
 1655 1714 1753 1971 1983 2082 2084 2087 2094]",-0.05619246360393151,88.20535153903636,6.451863434959865
2189,19,40,20,"[   0   60  158  187  389  439  465  886 1056 1077 1130 1168 1253 1714
 1753 2094]",-0.05619246360393151,88.20535153903636,6.451863434959865
2190,19,40,40,[   0  187  389  439 1077 1130 1253 2094],-0.05619246360393151,88.20535153903636,6.451863434959865
2191,19,40,60,[   0  187  389  535  886  985 1130 1253 1373 1655 1753 1971 2094],-0.05619246360393151,88.20535153903636,6.451863434959865
2192,19,41,0,"[   0    2    3    6    7   60  187  281  383  389  420  439  442  484
  530  535  580  886  985 1017 1056 1077 1152 1168 1253 1338 1373 1533
 1655 1714 1753 1971 1983 2082 2084 2087 2094]",-0.06738823919263805,89.54770824946006,6.29863597063643
2193,19,41,20,"[   0   60  187  389  420  442  484  530  580  985 1017 1056 1077 1152
 1253 1533 1655 1714 1753 2094]",-0.06738823919263805,89.54770824946006,6.29863597063643
2194,19,41,40,"[   0   60  187  281  389  484  530  580  886 1017 1077 1152 1253 1373
 1533 1655 1753 1971 2094]",-0.06738823919263805,89.54770824946006,6.29863597063643
2195,19,41,60,"[   0  187  281  389  484  580  886 1077 1152 1253 1533 1655 1753 1971
 2094]",-0.06738823919263805,89.54770824946006,6.29863597063643
2196,19,42,0,"[   0    2    3    6    7   60  187  383  389  439  442  465  484  530
  535  580  641  846 1056 1077 1128 1168 1174 1253 1338 1379 1400 1655
 1714 1753 1971 1983 2082 2084 2087 2094]",-0.047344663635294194,92.67040795380298,5.254011970593746
2197,19,42,20,"[   0   60  187  389  439  465  530  580  641  846 1056 1077 1128 1168
 1253 1379 1400 1714 1753 2094]",-0.047344663635294194,92.67040795380298,5.254011970593746
2198,19,42,40,[   0   60  187  389  439  530  580  641 1077 1128 1253 2094],-0.047344663635294194,92.67040795380298,5.254011970593746
2199,19,42,60,[   0  187  389  530  641  846 1077 1253 1338 1400 1655 1753 1971 2094],-0.047344663635294194,92.67040795380298,5.254011970593746
2200,19,43,0,"[   0    2    3    6    7   60  187  383  389  394  398  422  436  442
  465  484  651  748 1056 1077 1168 1253 1338 1373 1382 1655 1714 1758
 1818 1971 1983 2082 2084 2087 2090 2094]",-0.03821157545017438,94.31541621355959,5.9760889192898885
2201,19,43,20,[   0  389  422 1077 1168 2094],-0.03821157545017438,94.31541621355959,5.9760889192898885
2202,19,43,40,[   0   60  187  389  484  651 1077 1168 1253 1714 1758 1818 2094],-0.03821157545017438,94.31541621355959,5.9760889192898885
2203,19,43,60,[   0  187  389  484  651 1077 1168 1253 1818 2094],-0.03821157545017438,94.31541621355959,5.9760889192898885
2204,19,44,0,"[   0    2    5    7   60  187  281  327  383  389  398  422  439  442
  465  484  748 1056 1077 1168 1253 1321 1325 1338 1379 1435 1533 1971
 1983 2039 2072 2087 2089 2094]",-0.05867290229323954,93.82806607990224,6.076066152505355
2205,19,44,20,[   0  389  422 1077 1168 2094],-0.05867290229323954,93.82806607990224,6.076066152505355
2206,19,44,40,"[   0   60  187  281  327  389  465  748 1077 1168 1253 1321 1379 1435
 1533 1983 2039 2094]",-0.05867290229323954,93.82806607990224,6.076066152505355
2207,19,44,60,[   0  187  389  465  748 1077 1168 1253 1533 2094],-0.05867290229323954,93.82806607990224,6.076066152505355
2208,19,45,0,"[   0    2    6    7   60  187  347  383  389  422  442  484  622  646
  748 1056 1077 1127 1168 1173 1272 1273 1486 1533 1612 1757 1789 1983
 2083 2087 2090 2094]",-0.06044149020915123,96.7953611483783,6.323857227280759
2209,19,45,20,"[   0   60  187  347  389  422  484  622  646 1056 1077 1127 1168 1272
 1486 1533 1757 1789 2094]",-0.06044149020915123,96.7953611483783,6.323857227280759
2210,19,45,40,[   0   60  187  347  389  484  622 1077 1127 1168 1272 1486 1533 2094],-0.06044149020915123,96.7953611483783,6.323857227280759
2211,19,45,60,[   0  187  389  484  622 1077 1168 1272 1486 2094],-0.06044149020915123,96.7953611483783,6.323857227280759
2212,19,46,0,"[   0    2    3    6    7   60   98  187  347  383  393  398  422  439
  442  465  484  625  674  748 1056 1077 1127 1168 1173 1273 1390 1435
 1454 1591 1655 1714 1983 2079 2083 2087 2094]",-0.07264463426104942,92.97167148428979,5.126665694948224
2213,19,46,20,"[   0   60   98  187  347  393  422  484  625 1056 1077 1127 1168 1273
 1390 1454 1591 1655 2094]",-0.07264463426104942,92.97167148428979,5.126665694948224
2214,19,46,40,"[   0   60  187  347  393  484  625  674 1077 1127 1168 1273 1390 1454
 1591 1655 1714 1983 2094]",-0.07264463426104942,92.97167148428979,5.126665694948224
2215,19,46,60,[   0  187  393  484  625 1077 1168 1273 1390 1454 1591 1655 2094],-0.07264463426104942,92.97167148428979,5.126665694948224
2216,19,47,0,"[   0    2    3    6    7   60  187  347  383  389  398  422  439  442
  465  484  748 1056 1077 1114 1162 1168 1253 1390 1435 1473 1523 1612
 1655 1714 1983 2082 2087 2094]",-0.057639904626662124,94.39056327851087,6.468798235035037
2217,19,47,20,[   0  389  422 1077 1162 1390 1473 2094],-0.057639904626662124,94.39056327851087,6.468798235035037
2218,19,47,40,"[   0   60  187  347  389  465  748 1077 1162 1253 1390 1473 1523 1655
 2094]",-0.057639904626662124,94.39056327851087,6.468798235035037
2219,19,47,60,[   0  187  389  465  748 1077 1162 1390 1473 2094],-0.057639904626662124,94.39056327851087,6.468798235035037
2220,19,48,0,"[   0    2    6    7   60  187  281  388  409  442  484  622  748 1056
 1077 1168 1253 1435 1473 1486 1523 1536 1612 1655 1689 1714 2083 2087
 2088 2090 2094]",0.003918209203750372,99.03565504151788,5.82074453391594
2221,19,48,20,"[   0   60  187  281  388  409  442  484  622  748 1056 1077 1168 1253
 1486 1523 1655 1689 1714 2094]",0.003918209203750372,99.03565504151788,5.82074453391594
2222,19,48,40,[   0   60  187  388  442  484  622 1077 1168 1253 1486 2094],0.003918209203750372,99.03565504151788,5.82074453391594
2223,19,48,60,[   0  187  281  442  622 1077 1168 1253 1486 2094],0.003918209203750372,99.03565504151788,5.82074453391594
2224,19,49,0,"[   0    2    6    7   60  232  388  442  484  530  580  788 1056 1077
 1144 1162 1272 1373 1655 1689 1714 1742 1753 1757 1818 2081 2085 2087
 2090 2094]",0.0032634323663673355,104.82017912524337,5.497959222555559
2225,19,49,20,"[   0   60  232  388  442  484  530  580  788 1056 1077 1162 1272 1373
 1655 1689 1714 1757 1818 2094]",0.0032634323663673355,104.82017912524337,5.497959222555559
2226,19,49,40,"[   0   60  232  388  442  484  530  580  788 1077 1162 1272 1373 1689
 1757 1818 2094]",0.0032634323663673355,104.82017912524337,5.497959222555559
2227,19,49,60,[   0  232  442  580  788 1077 1162 1272 1373 1689 1757 1818 2094],0.0032634323663673355,104.82017912524337,5.497959222555559
2228,19,50,0,"[   0    2    6    7   60  232  347  388  442  484  530  580  748  788
 1056 1077 1144 1253 1272 1296 1373 1612 1655 1689 1714 1742 1753 1765
 2081 2084 2087 2090 2094]",0.014116133497988737,105.12616634628756,5.471186338302862
2229,19,50,20,"[   0   60  232  347  388  442  484  530  580  788 1056 1077 1144 1272
 1373 1612 1655 1689 1714 1742 1765 2094]",0.014116133497988737,105.12616634628756,5.471186338302862
2230,19,50,40,"[   0   60  232  347  388  442  484  530  580  788 1077 1144 1272 1373
 1689 1765 2094]",0.014116133497988737,105.12616634628756,5.471186338302862
2231,19,50,60,[   0  232  442  580  788 1077 1144 1272 1373 1612 1689 1765 2094],0.014116133497988737,105.12616634628756,5.471186338302862
2232,20,20,0,"[   0    2    6   59  187  231  275  400  401  432  436  442  501  552
  580  645  665  731  752  866  901 1021 1144 1242 1262 1369 1399 1429
 1590 1617 1694 1716 1789 1866 1919 1966 2087 2094]",-0.07443046854574366,49.702682448963735,10.006754289484666
2233,20,20,20,"[   0   59  187  231  275  401  432  501  580  665  731  752  866  901
 1021 1144 1262 1369 1399 1429 1590 1617 1694 1716 1789 1866 1919 1966
 2094]",-0.07443046854574366,49.702682448963735,10.006754289484666
2234,20,20,40,"[   0   59  187  231  275  401  501  580  665  731  866 1021 1144 1262
 1429 1524 1617 1694 1789 1866 1919 1966 2094]",-0.07443046854574366,49.702682448963735,10.006754289484666
2235,20,20,60,"[   0  187  275  401  501  580  665  731  866 1021 1144 1262 1429 1524
 1617 1694 1789 1919 2094]",-0.07443046854574366,49.702682448963735,10.006754289484666
2236,20,21,0,"[   0   59   97  187  231  275  398  401  432  436  442  501  552  574
  580  661  731  752  866  901 1075 1144 1241 1262 1297 1329 1369 1399
 1474 1522 1557 1679 1716 1887 1919 1924 2087 2094]",-0.08897812139542485,48.6702678062448,8.055734677166914
2237,20,21,20,"[   0   59   97  187  231  275  401  432  501  552  574  661  731  752
  866  901 1075 1144 1241 1262 1297 1329 1369 1399 1474 1522 1557 1679
 1716 1887 1919 2094]",-0.08897812139542485,48.6702678062448,8.055734677166914
2238,20,21,40,"[   0   59  187  231  275  401  501  574  661  731  866 1075 1144 1262
 1329 1399 1474 1522 1716 1919 2094]",-0.08897812139542485,48.6702678062448,8.055734677166914
2239,20,21,60,"[   0  187  275  401  501  574  661  731  866 1075 1144 1262 1329 1399
 1474 1919 2094]",-0.08897812139542485,48.6702678062448,8.055734677166914
2240,20,22,0,"[   0    3    6   59  158  228  275  400  401  422  432  436  442  501
  552  574  580  661  866  901 1021 1077 1103 1144 1268 1329 1399 1429
 1694 1716 1789 1866 1919 1924 2006 2082 2087 2094]",-0.07856596972199943,54.29761516197921,8.010561419546804
2241,20,22,20,"[   0   59  158  228  275  401  422  501  552  574  661  866  901 1077
 1144 1268 1399 1429 1694 1716 1789 1866 1919 2094]",-0.07856596972199943,54.29761516197921,8.010561419546804
2242,20,22,40,"[   0   59  158  228  275  401  501  574  661  866 1021 1077 1144 1268
 1329 1429 1716 1789 1866 1919 2094]",-0.07856596972199943,54.29761516197921,8.010561419546804
2243,20,22,60,"[   0  158  228  401  501  574  661  866 1077 1144 1268 1329 1429 1716
 1789 1919 2094]",-0.07856596972199943,54.29761516197921,8.010561419546804
2244,20,23,0,"[   0    2    6   59   64   97  187  231  275  394  400  401  422  432
  436  484  651  866  901 1021 1077 1103 1144 1167 1234 1268 1329 1369
 1399 1435 1473 1789 1866 1919 1978 2006 2083 2087 2094]",-0.09815415762401773,58.5432094391111,7.031467415587474
2245,20,23,20,"[   0   59   97  187  231  275  394  422  484  651  866  901 1021 1077
 1103 1144 1167 1268 1329 1369 1399 1435 1473 1866 1919 1978 2006 2094]",-0.09815415762401773,58.5432094391111,7.031467415587474
2246,20,23,40,"[   0   59  187  231  275  394  484  651  866 1021 1077 1167 1268 1329
 1399 1473 1789 1866 1919 1978 2094]",-0.09815415762401773,58.5432094391111,7.031467415587474
2247,20,23,60,"[   0  187  275  394  484  651  866 1077 1167 1268 1329 1399 1473 1789
 1919 2094]",-0.09815415762401773,58.5432094391111,7.031467415587474
2248,20,24,0,"[   0    2    6   59   64   97  187  231  275  394  399  422  448  484
  612  638  651  866  901 1056 1077 1103 1134 1253 1268 1362 1393 1497
 1637 1655 1770 1866 1919 1924 1978 2005 2087 2094]",-0.08225965024152575,57.34549013438709,8.093103252817746
2249,20,24,20,"[   0   59   97  187  231  275  394  422  448  484  612  651  866  901
 1056 1077 1103 1134 1268 1362 1393 1497 1637 1770 1866 1919 1978 2005
 2094]",-0.08225965024152575,57.34549013438709,8.093103252817746
2250,20,24,40,"[   0   59  187  231  275  394  484  612  866 1077 1134 1268 1393 1497
 1637 1770 1866 1919 1978 2094]",-0.08225965024152575,57.34549013438709,8.093103252817746
2251,20,24,60,"[   0  187  275  394  484  612  866 1134 1268 1393 1497 1637 1770 1919
 2094]",-0.08225965024152575,57.34549013438709,8.093103252817746
2252,20,25,0,"[   0    2    6   59   64   97  294  327  399  422  442  484  651  866
  897  984 1032 1056 1064 1077 1103 1141 1253 1268 1399 1435 1497 1637
 1655 1770 1866 1919 1956 2005 2072 2087 2094]",-0.12241344529222047,63.20966970696778,7.891134067445454
2253,20,25,20,"[   0   59   97  294  399  422  484  651  866  897  984 1032 1056 1077
 1103 1141 1268 1399 1435 1637 1770 1866 1919 1956 2005 2072 2094]",-0.12241344529222047,63.20966970696778,7.891134067445454
2254,20,25,40,"[   0   59  294  399  484  651  866  984 1032 1077 1141 1268 1399 1497
 1637 1770 1866 1919 2005 2094]",-0.12241344529222047,63.20966970696778,7.891134067445454
2255,20,25,60,"[   0  294  399  484  651  866  984 1077 1141 1268 1399 1497 1637 1770
 1866 2005 2094]",-0.12241344529222047,63.20966970696778,7.891134067445454
2256,20,26,0,"[   0    2    6   59   64   97  294  327  375  400  424  439  484  535
  609  651  866  897  984 1021 1075 1234 1268 1379 1399 1454 1524 1655
 1789 1866 1919 1968 2083 2087 2094]",-0.08457450556733223,61.758359389904264,6.304936946507384
2257,20,26,20,"[   0   59   97  327  375  400  424  535  609  651  866  897  984 1021
 1075 1234 1268 1399 1454 1866 1919 1968 2094]",-0.08457450556733223,61.758359389904264,6.304936946507384
2258,20,26,40,"[   0   59  327  375  424  535  609  651  866 1021 1075 1234 1399 1454
 1524 1655 1789 1866 1919 1968 2094]",-0.08457450556733223,61.758359389904264,6.304936946507384
2259,20,26,60,[   0  375  484  609  866 1075 1234 1454 1524 1655 1789 1919 2094],-0.08457450556733223,61.758359389904264,6.304936946507384
2260,20,27,0,"[   0    3    6   59  234  275  295  326  375  383  424  484  577  609
  644  651  674  818 1075 1077 1103 1239 1268 1362 1393 1524 1655 1718
 1789 1822 1866 1919 1966 2005 2072 2087 2094]",-0.11061031301116406,59.50610491318034,6.444575700189249
2261,20,27,20,"[   0   59  234  275  326  383  424  484  577  609  651  674 1075 1103
 1239 1268 1362 1393 1524 1655 1718 1789 1822 1866 1919 1966 2005 2072
 2094]",-0.11061031301116406,59.50610491318034,6.444575700189249
2262,20,27,40,"[   0   59  234  275  326  383  424  484  609  651  818 1075 1268 1393
 1524 1655 1718 1789 1866 1919 1966 2094]",-0.11061031301116406,59.50610491318034,6.444575700189249
2263,20,27,60,"[   0  275  383  484  609  818 1075 1268 1393 1524 1655 1718 1789 1919
 2094]",-0.11061031301116406,59.50610491318034,6.444575700189249
2264,20,28,0,"[   0    2    6   59   64   95  266  296  350  383  436  484  496  580
  651  661 1075 1234 1268 1338 1354 1382 1399 1429 1524 1655 1789 1866
 1919 1924 1935 1969 2060 2087 2094]",-0.09864598621803636,60.35882210735715,7.244929452225354
2265,20,28,20,"[   0   64   95  266  350  383  436  530  580  651 1075 1234 1268 1354
 1399 1429 1866 1924 1969 2060 2094]",-0.09864598621803636,60.35882210735715,7.244929452225354
2266,20,28,40,"[   0   95  266  383  436  484  530  580  651 1075 1268 1354 1399 1561
 1655 1789 1866 1924 1969 2094]",-0.09864598621803636,60.35882210735715,7.244929452225354
2267,20,28,60,"[   0   95  266  436  580  651  898 1075 1268 1399 1561 1655 1789 1924
 2094]",-0.09864598621803636,60.35882210735715,7.244929452225354
2268,20,29,0,"[   0    2    6   97  158  231  296  326  375  383  388  424  436  442
  661  681  767  867  898 1075 1089 1130 1239 1268 1391 1430 1524 1561
 1655 1789 1866 1919 1956 2005 2072 2087 2094]",-0.10164721890394159,58.75903556571167,8.052763338934401
2269,20,29,20,[   0  388  424  867  898 1075 1130 1391 1430 2094],-0.10164721890394159,58.75903556571167,8.052763338934401
2270,20,29,40,"[   0   97  158  231  296  424  661  767  867 1075 1130 1268 1391 1524
 1655 1789 1866 1919 2005 2094]",-0.10164721890394159,58.75903556571167,8.052763338934401
2271,20,29,60,"[   0   97  158  231  296  424  661  767  867 1130 1268 1391 1524 1655
 1789 1919 2005 2094]",-0.10164721890394159,58.75903556571167,8.052763338934401
2272,20,30,0,"[   0    2    6   95  292  296  383  401  432  442  484  488  640  651
  752  867  897  898  901 1077 1089 1103 1152 1338 1354 1393 1517 1524
 1561 1655 1714 1866 1919 2028 2081 2087 2090 2094]",-0.07376515979013056,64.78839087988005,5.572990895175097
2273,20,30,20,[   0  401  432  867  897 1077 1152 2094],-0.07376515979013056,64.78839087988005,5.572990895175097
2274,20,30,40,"[   0   95  296  432  484  640  752  867 1077 1152 1393 1517 1655 1714
 1866 1919 2028 2094]",-0.07376515979013056,64.78839087988005,5.572990895175097
2275,20,30,60,"[   0   95  296  432  640  752  867 1077 1152 1393 1517 1655 1919 2028
 2094]",-0.07376515979013056,64.78839087988005,5.572990895175097
2276,20,31,0,"[   0    2    6   60   97  187  327  383  388  401  432  436  442  488
  640  661  735  866  897  901 1077 1089 1122 1234 1253 1268 1338 1354
 1393 1517 1524 1714 1866 1919 2002 2082 2087 2090 2094]",-0.06137590710720995,67.25672900908118,6.84779490840486
2277,20,31,20,"[   0   60   97  187  388  432  640  661  735  866  897 1077 1122 1268
 1354 1393 1517 1866 1919 2094]",-0.06137590710720995,67.25672900908118,6.84779490840486
2278,20,31,40,"[   0   60  187  388  432  640  735  866 1077 1122 1268 1393 1517 1866
 1919 2094]",-0.06137590710720995,67.25672900908118,6.84779490840486
2279,20,31,60,"[   0  187  327  388  488  640  735  866 1122 1268 1393 1517 1714 1919
 2002 2094]",-0.06137590710720995,67.25672900908118,6.84779490840486
2280,20,32,0,"[   0    2    6   59   60   64   97  187  327  383  399  424  436  442
  484  535  661  785  825  866  901 1077 1089 1122 1234 1253 1268 1338
 1524 1561 1655 1789 1866 1919 2082 2087 2089 2094]",-0.09504031326087675,71.04090885625398,6.5184492267234235
2281,20,32,20,"[   0   59   97  187  399  424  785  825  866  901 1077 1122 1268 1866
 1919 2094]",-0.09504031326087675,71.04090885625398,6.5184492267234235
2282,20,32,40,"[   0   59  187  327  424  484  535  661  785  866 1077 1122 1268 1338
 1524 1655 1789 1866 1919 2094]",-0.09504031326087675,71.04090885625398,6.5184492267234235
2283,20,32,60,"[   0  187  327  424  535  661  785  866 1122 1268 1338 1524 1655 1789
 1919 2094]",-0.09504031326087675,71.04090885625398,6.5184492267234235
2284,20,33,0,"[   0    2    6   59   60  187  383  394  422  436  442  484  535  651
  773  866  897  901 1077 1122 1162 1234 1253 1268 1338 1417 1454 1456
 1524 1561 1655 1714 1866 1919 1983 2082 2087 2089 2090 2094]",-0.07199697284637119,74.49305696187935,5.921482727531261
2285,20,33,20,[   0  394  422  866  897 1077 1162 2094],-0.07199697284637119,74.49305696187935,5.921482727531261
2286,20,33,40,"[   0   59  187  394  484  535  651  773  897 1077 1162 1268 1454 1524
 1655 1714 1866 1919 1983 2094]",-0.07199697284637119,74.49305696187935,5.921482727531261
2287,20,33,60,"[   0  187  394  484  651  773  897 1077 1162 1268 1454 1524 1655 1919
 1983 2094]",-0.07199697284637119,74.49305696187935,5.921482727531261
2288,20,34,0,"[   0    2    6   59  187  388  442  484  509  535  580  609  749  785
  901  984 1021 1056 1089 1130 1144 1268 1483 1497 1866 1919 1983 2082
 2087 2089 2094]",-0.06045577301508681,75.25179735847327,8.49489639811236
2289,20,34,20,"[   0   59  187  388  442  484  509  535  580  609  749  785  901  984
 1021 1056 1089 1130 1268 1483 1866 1919 1983 2094]",-0.06045577301508681,75.25179735847327,8.49489639811236
2290,20,34,40,"[   0   59  187  388  442  535  609  785  901 1056 1130 1268 1483 1866
 1919 2094]",-0.06045577301508681,75.25179735847327,8.49489639811236
2291,20,34,60,"[   0  187  388  535  609  785  901  984 1056 1130 1268 1483 1919 1983
 2094]",-0.06045577301508681,75.25179735847327,8.49489639811236
2292,20,35,0,"[   0    2    6   59  187  234  388  442  484  530  535  580  625  678
  984 1021 1077 1089 1130 1253 1435 1458 1524 1655 1714 1866 1919 1993
 1999 2060 2064 2084 2087 2094]",-0.03559943970364361,75.82849961610547,6.116953759144034
2293,20,35,20,"[   0   59  187  234  388  442  484  530  580  625  984 1021 1077 1130
 1253 1458 1524 1655 1714 1866 1919 1993 2064 2094]",-0.03559943970364361,75.82849961610547,6.116953759144034
2294,20,35,40,"[   0   59  187  234  388  442  484  530  580  625  678 1021 1077 1130
 1253 1458 1524 1655 1714 1866 1919 2094]",-0.03559943970364361,75.82849961610547,6.116953759144034
2295,20,35,60,[   0  187  388  530  625 1077 1253 1458 1524 1655 1919 2094],-0.03559943970364361,75.82849961610547,6.116953759144034
2296,20,36,0,"[   0    2    3    6   59  194  228  234  383  388  439  442  498  580
  625  678  886  984 1021 1056 1077 1089 1130 1168 1235 1253 1338 1417
 1456 1474 1524 1561 1655 1714 1983 2082 2087 2090 2094]",-0.07999677689359697,80.76219159349552,8.192902014050096
2297,20,36,20,"[   0   59  194  228  388  439  498  580  625  984 1021 1056 1077 1130
 1168 1253 1417 1474 1524 1655 2094]",-0.07999677689359697,80.76219159349552,8.192902014050096
2298,20,36,40,"[   0   59  194  388  439  498  580  625 1077 1130 1253 1417 1474 1524
 2094]",-0.07999677689359697,80.76219159349552,8.192902014050096
2299,20,36,60,[   0  194  388  498  625 1077 1253 1474 2094],-0.07999677689359697,80.76219159349552,8.192902014050096
2300,20,37,0,"[   0    2    6   60   77  158  187  194  201  281  347  398  442  465
  471  484  535  566  580  622  804  843 1056 1089 1128 1130 1168 1234
 1338 1458 1655 1714 1983 2082 2087 2090 2094]",-0.0272958755519952,83.45530453407737,6.714234738269132
2301,20,37,20,"[   0   77  158  187  281  347  398  442  465  535  566  622  804 1056
 1089 1130 1168 1234 1458 1655 1714 1983 2094]",-0.0272958755519952,83.45530453407737,6.714234738269132
2302,20,37,40,"[   0   77  187  281  347  398  442  566  622  804 1056 1130 1234 1458
 2094]",-0.0272958755519952,83.45530453407737,6.714234738269132
2303,20,37,60,[   0   77  187  281  347  442  622  804 1056 1130 1234 1458 2094],-0.0272958755519952,83.45530453407737,6.714234738269132
2304,20,38,0,"[   0    2    6   60   98  187  234  389  398  442  465  471  804 1056
 1077 1089 1130 1168 1235 1253 1382 1391 1474 1655 1659 1714 1829 1971
 2082 2087 2090 2094]",-0.012663403894336523,84.3606364391837,6.37459876056921
2305,20,38,20,"[   0   60   98  187  234  389  442  465  804 1056 1077 1130 1168 1253
 1338 1391 1474 1659 1714 1829 1971 2094]",-0.012663403894336523,84.3606364391837,6.37459876056921
2306,20,38,40,"[   0   60  187  234  389  442  804 1077 1130 1253 1391 1474 1659 1714
 1829 2094]",-0.012663403894336523,84.3606364391837,6.37459876056921
2307,20,38,60,[   0  187  389  535  804 1077 1253 1391 1474 1829 1971 2094],-0.012663403894336523,84.3606364391837,6.37459876056921
2308,20,39,0,"[   0    2    6   60  158  187  189  228  234  389  398  442  465  471
  484  804  985 1056 1077 1089 1130 1168 1253 1474 1523 1655 1714 1753
 1993 2082 2087 2090 2094]",-0.006403072542451205,85.09524893723096,4.971696231022137
2309,20,39,20,"[   0   60  158  189  228  389  442  465  804  985 1056 1077 1130 1168
 1253 1474 1523 1655 1714 1753 2094]",-0.006403072542451205,85.09524893723096,4.971696231022137
2310,20,39,40,[   0  189  389  442  804 1077 1130 1253 1474 2094],-0.006403072542451205,85.09524893723096,4.971696231022137
2311,20,39,60,[   0  189  389  535  804  985 1130 1253 1474 2094],-0.006403072542451205,85.09524893723096,4.971696231022137
2312,20,40,0,"[   0    2    3    6    7   60  158  187  201  327  383  389  398  420
  439  442  465  484  535  886  985 1056 1077 1089 1130 1168 1253 1338
 1373 1382 1655 1714 1753 1971 1983 2082 2084 2087 2094]",-0.05858967211778139,84.9656810813953,6.549518350919156
2313,20,40,20,"[   0   60  158  187  327  389  420  442  465  886  985 1056 1077 1130
 1168 1253 1714 1753 2094]",-0.05858967211778139,84.9656810813953,6.549518350919156
2314,20,40,40,[   0   60  187  389  465  886 1077 1130 1253 1655 2094],-0.05858967211778139,84.9656810813953,6.549518350919156
2315,20,40,60,[   0  187  327  389  465  886  985 1130 1253 1655 1753 1971 2094],-0.05858967211778139,84.9656810813953,6.549518350919156
2316,20,41,0,"[   0    2    3    6    7   60  187  281  383  389  420  439  442  484
  530  535  580  841  886  985 1017 1056 1077 1152 1168 1253 1338 1373
 1533 1655 1714 1741 1753 1971 1983 2082 2084 2087 2094]",-0.06492930880369194,86.30649446103766,6.557809984692914
2317,20,41,20,"[   0   60  187  281  389  420  442  484  530  580  841  886  985 1017
 1056 1077 1152 1253 1533 1655 1714 1741 2094]",-0.06492930880369194,86.30649446103766,6.557809984692914
2318,20,41,40,"[   0   60  187  281  389  484  530  580  841  886 1017 1077 1152 1253
 1373 1533 1655 1741 1971 2094]",-0.06492930880369194,86.30649446103766,6.557809984692914
2319,20,41,60,[   0  187  281  389  484  580  841 1077 1152 1253 1533 1655 1741 2094],-0.06492930880369194,86.30649446103766,6.557809984692914
2320,20,42,0,"[   0    2    3    6    7   60  187  383  389  439  442  465  484  530
  535  580  641  846 1056 1077 1128 1168 1174 1253 1338 1379 1400 1655
 1714 1753 1971 1983 2039 2082 2084 2087 2089 2094]",-0.04570295702332146,89.51898867385704,5.1103063103667825
2321,20,42,20,"[   0   60  187  389  439  465  530  580  641  846 1056 1077 1128 1168
 1253 1379 1400 1655 1714 1753 1971 2039 2094]",-0.04570295702332146,89.51898867385704,5.1103063103667825
2322,20,42,40,[   0   60  187  389  439  530  580  641 1077 1128 1253 2094],-0.04570295702332146,89.51898867385704,5.1103063103667825
2323,20,42,60,[   0  187  389  530  641  846 1077 1253 1338 1400 1655 1753 1971 2094],-0.04570295702332146,89.51898867385704,5.1103063103667825
2324,20,43,0,"[   0    2    3    6    7   60  187  383  389  394  398  422  436  442
  465  484  651  748 1056 1077 1168 1253 1338 1373 1382 1655 1714 1758
 1818 1971 1983 2039 2082 2084 2087 2089 2090 2094]",-0.03639475174569134,90.9538744940504,5.844996229238188
2325,20,43,20,[   0  389  422 1077 1168 2094],-0.03639475174569134,90.9538744940504,5.844996229238188
2326,20,43,40,"[   0   60  187  389  484  651 1077 1168 1253 1714 1758 1818 1983 2039
 2094]",-0.03639475174569134,90.9538744940504,5.844996229238188
2327,20,43,60,[   0  187  389  484  651 1077 1168 1253 1818 2094],-0.03639475174569134,90.9538744940504,5.844996229238188
2328,20,44,0,"[   0    2    5    7   60  187  281  327  383  389  398  422  439  442
  465  484  748 1056 1077 1168 1272 1273 1321 1325 1338 1379 1435 1533
 1971 1983 2039 2072 2087 2089 2094]",-0.05854683757416364,90.38551771181862,5.747707422381226
2329,20,44,20,[   0  389  422 1077 1168 2094],-0.05854683757416364,90.38551771181862,5.747707422381226
2330,20,44,40,"[   0   60  187  281  327  389  465  748 1077 1168 1273 1435 1983 2039
 2094]",-0.05854683757416364,90.38551771181862,5.747707422381226
2331,20,44,60,[   0  187  389  465  748 1077 1168 1273 1435 2094],-0.05854683757416364,90.38551771181862,5.747707422381226
2332,20,45,0,"[   0    2    6    7   60  187  347  383  389  422  442  484  622  646
  748 1056 1077 1127 1168 1173 1272 1273 1321 1325 1486 1533 1612 1757
 1789 1983 2083 2087 2090 2094]",-0.061065563997735994,92.19751599017702,6.300963342777276
2333,20,45,20,"[   0   60  187  347  389  422  484  622  646 1056 1077 1127 1168 1273
 1486 1533 1757 1789 2094]",-0.061065563997735994,92.19751599017702,6.300963342777276
2334,20,45,40,[   0   60  187  347  389  484  622 1077 1127 1168 1273 1486 1533 2094],-0.061065563997735994,92.19751599017702,6.300963342777276
2335,20,45,60,[   0  187  389  484  622 1077 1168 1273 1486 2094],-0.061065563997735994,92.19751599017702,6.300963342777276
2336,20,46,0,"[   0    2    3    6    7   60   98  187  347  383  389  393  398  422
  439  442  465  484  625  674  748 1056 1077 1127 1168 1173 1273 1390
 1435 1454 1591 1655 1714 1983 2079 2083 2087 2094]",-0.07065780041939808,89.71852422930974,5.548744881402663
2337,20,46,20,"[   0   60   98  187  347  393  422  484  625 1056 1077 1127 1168 1273
 1390 1454 1591 1655 2094]",-0.07065780041939808,89.71852422930974,5.548744881402663
2338,20,46,40,"[   0   60  187  347  393  484  625  674 1077 1127 1168 1273 1390 1454
 1591 1655 1714 1983 2094]",-0.07065780041939808,89.71852422930974,5.548744881402663
2339,20,46,60,[   0  187  393  484  625 1077 1168 1273 1390 1454 1591 1655 2094],-0.07065780041939808,89.71852422930974,5.548744881402663
2340,20,47,0,"[   0    2    3    6    7   60  187  347  383  389  398  422  439  442
  465  484  748 1056 1077 1114 1162 1168 1253 1390 1435 1473 1523 1612
 1655 1714 1919 1983 2081 2085 2087 2094]",-0.058634337624614716,90.59134703976503,6.56822654764422
2341,20,47,20,[   0  389  422 1077 1162 1390 1473 2094],-0.058634337624614716,90.59134703976503,6.56822654764422
2342,20,47,40,"[   0   60  187  347  389  465  748 1077 1162 1253 1390 1473 1523 1655
 1714 1919 1983 2094]",-0.058634337624614716,90.59134703976503,6.56822654764422
2343,20,47,60,[   0  187  389  465  748 1077 1162 1390 1473 2094],-0.058634337624614716,90.59134703976503,6.56822654764422
2344,20,48,0,"[   0    2    6    7   60  187  281  388  409  442  484  622  748 1056
 1077 1168 1253 1435 1473 1486 1523 1536 1612 1655 1689 1714 1919 2083
 2085 2087 2088 2090 2094]",0.0028828230593676203,95.06822644834136,5.873845421740672
2345,20,48,20,"[   0   60  187  281  388  409  442  484  622  748 1056 1077 1168 1253
 1486 1523 1655 1689 1714 1919 2094]",0.0028828230593676203,95.06822644834136,5.873845421740672
2346,20,48,40,[   0   60  187  388  442  484  622 1077 1168 1253 1486 2094],0.0028828230593676203,95.06822644834136,5.873845421740672
2347,20,48,60,[   0  187  281  442  622 1077 1168 1253 1486 1689 1919 2094],0.0028828230593676203,95.06822644834136,5.873845421740672
2348,20,49,0,"[   0    2    6    7   60  232  347  388  442  484  530  580  788 1056
 1077 1144 1162 1272 1373 1655 1689 1714 1742 1753 1757 1818 2081 2085
 2087 2090 2094]",0.0030973492614926874,100.90816846602297,5.662275502821645
2349,20,49,20,"[   0   60  232  347  388  442  484  530  580  788 1056 1077 1162 1272
 1373 1655 1689 1714 1757 1818 2094]",0.0030973492614926874,100.90816846602297,5.662275502821645
2350,20,49,40,"[   0   60  232  347  388  442  484  530  580  788 1077 1162 1272 1373
 1689 1757 1818 2094]",0.0030973492614926874,100.90816846602297,5.662275502821645
2351,20,49,60,[   0  232  442  580  788 1077 1162 1272 1373 1689 1757 1818 2094],0.0030973492614926874,100.90816846602297,5.662275502821645
2352,20,50,0,"[   0    2    3    6    7   60  232  347  383  388  442  484  530  580
  748  788 1056 1077 1144 1253 1272 1296 1373 1612 1655 1689 1714 1742
 1753 1765 2081 2084 2087 2090 2094]",-0.054874825908783335,100.05211146818715,5.484321126239964
2353,20,50,20,"[   0   60  232  347  388  442  484  530  580  788 1056 1077 1144 1272
 1373 1612 1655 1689 1714 1742 1765 2094]",-0.054874825908783335,100.05211146818715,5.484321126239964
2354,20,50,40,"[   0   60  232  347  388  442  484  530  580  788 1077 1144 1272 1373
 1689 1765 2094]",-0.054874825908783335,100.05211146818715,5.484321126239964
2355,20,50,60,[   0  232  442  580  788 1077 1144 1272 1373 1612 1689 1765 2094],-0.054874825908783335,100.05211146818715,5.484321126239964
