,St_len_min,K_nb_max,N_cl_max,Cl_cen,Len_min,St_edges,N_stages,Longest_stage,Shortest_stage,Avg_stage_length,Ward_dist,Cen_dist,Silh,Cal-Har,Dav-Bold,Avg-Silh,Avg-Cal-Har,Avg-Dav-Bold,AMI,ARI,FMI
0,0,35,10,Median,40,[   0 2184 2230],2,2184,46,1115.0,92504.5654047737,45.31362249244189,0.6888984230342465,117.52408766599646,1.6620811631826298,0.6888984230342465,117.52408766599646,1.6620811631826298,0.7650302101447742,0.859070170805237,0.9934744102236679
1,0,35,10,Mode,40,[   0 2184 2230],2,2184,46,1115.0,92504.5654047737,45.31362249244189,0.6888984230342465,117.52408766599646,1.6620811631826298,0.6888984230342465,117.52408766599646,1.6620811631826298,0.7650302101447742,0.859070170805237,0.9934744102236679
2,0,35,10,Median,40,[   0 2184 2230],2,2184,46,1115.0,92504.5654047737,45.31362249244189,0.6888984230342465,117.52408766599646,1.6620811631826298,0.6888984230342465,117.52408766599646,1.6620811631826298,0.7650302101447742,0.859070170805237,0.9934744102236679
3,0,35,10,Mode,40,[   0 2184 2230],2,2184,46,1115.0,92504.5654047737,45.31362249244189,0.6888984230342465,117.52408766599646,1.6620811631826298,0.6888984230342465,117.52408766599646,1.6620811631826298,0.7650302101447742,0.859070170805237,0.9934744102236679
4,0,35,10,Median,40,[   0 2184 2230],2,2184,46,1115.0,92504.5654047737,45.31362249244189,0.6888984230342465,117.52408766599646,1.6620811631826298,0.6888984230342465,117.52408766599646,1.6620811631826298,0.7650302101447742,0.859070170805237,0.9934744102236679
5,0,35,10,Mode,40,[   0 2184 2230],2,2184,46,1115.0,92504.5654047737,45.31362249244189,0.6888984230342465,117.52408766599646,1.6620811631826298,0.6888984230342465,117.52408766599646,1.6620811631826298,0.7650302101447742,0.859070170805237,0.9934744102236679
6,0,35,10,Median,40,[   0 2184 2230],2,2184,46,1115.0,92504.5654047737,45.31362249244189,0.6888984230342465,117.52408766599646,1.6620811631826298,0.6888984230342465,117.52408766599646,1.6620811631826298,0.7650302101447742,0.859070170805237,0.9934744102236679
7,0,35,10,Mode,40,[   0 2184 2230],2,2184,46,1115.0,92504.5654047737,45.31362249244189,0.6888984230342465,117.52408766599646,1.6620811631826298,0.6888984230342465,117.52408766599646,1.6620811631826298,0.7650302101447742,0.859070170805237,0.9934744102236679
8,0,35,10,Median,40,[   0 2184 2230],2,2184,46,1115.0,92504.5654047737,45.31362249244189,0.6888984230342465,117.52408766599646,1.6620811631826298,0.6888984230342465,117.52408766599646,1.6620811631826298,0.7650302101447742,0.859070170805237,0.9934744102236679
9,0,35,10,Mode,40,[   0 2184 2230],2,2184,46,1115.0,92504.5654047737,45.31362249244189,0.6888984230342465,117.52408766599646,1.6620811631826298,0.6888984230342465,117.52408766599646,1.6620811631826298,0.7650302101447742,0.859070170805237,0.9934744102236679
10,0,35,10,Median,40,[   0 2184 2230],2,2184,46,1115.0,92504.5654047737,45.31362249244189,0.6888984230342465,117.52408766599646,1.6620811631826298,0.6888984230342465,117.52408766599646,1.6620811631826298,0.7650302101447742,0.859070170805237,0.9934744102236679
11,0,35,10,Mode,40,[   0 2184 2230],2,2184,46,1115.0,92504.5654047737,45.31362249244189,0.6888984230342465,117.52408766599646,1.6620811631826298,0.6888984230342465,117.52408766599646,1.6620811631826298,0.7650302101447742,0.859070170805237,0.9934744102236679
12,0,35,10,Median,40,[   0 2184 2230],2,2184,46,1115.0,92504.5654047737,45.31362249244189,0.6888984230342465,117.52408766599646,1.6620811631826298,0.6888984230342465,117.52408766599646,1.6620811631826298,0.7650302101447742,0.859070170805237,0.9934744102236679
13,0,35,10,Mode,40,[   0 2184 2230],2,2184,46,1115.0,92504.5654047737,45.31362249244189,0.6888984230342465,117.52408766599646,1.6620811631826298,0.6888984230342465,117.52408766599646,1.6620811631826298,0.7650302101447742,0.859070170805237,0.9934744102236679
14,0,35,10,Median,40,[   0 2184 2230],2,2184,46,1115.0,92504.5654047737,45.31362249244189,0.6888984230342465,117.52408766599646,1.6620811631826298,0.6888984230342465,117.52408766599646,1.6620811631826298,0.7650302101447742,0.859070170805237,0.9934744102236679
15,0,35,10,Mode,40,[   0 2184 2230],2,2184,46,1115.0,92504.5654047737,45.31362249244189,0.6888984230342465,117.52408766599646,1.6620811631826298,0.6888984230342465,117.52408766599646,1.6620811631826298,0.7650302101447742,0.859070170805237,0.9934744102236679
16,0,35,10,Median,40,[   0 2184 2230],2,2184,46,1115.0,92504.5654047737,45.31362249244189,0.6888984230342465,117.52408766599646,1.6620811631826298,0.6888984230342465,117.52408766599646,1.6620811631826298,0.7650302101447742,0.859070170805237,0.9934744102236679
17,0,35,10,Mode,40,[   0 2184 2230],2,2184,46,1115.0,92504.5654047737,45.31362249244189,0.6888984230342465,117.52408766599646,1.6620811631826298,0.6888984230342465,117.52408766599646,1.6620811631826298,0.7650302101447742,0.859070170805237,0.9934744102236679
18,0,35,10,Median,40,[   0 2184 2230],2,2184,46,1115.0,92504.5654047737,45.31362249244189,0.6888984230342465,117.52408766599646,1.6620811631826298,0.6888984230342465,117.52408766599646,1.6620811631826298,0.7650302101447742,0.859070170805237,0.9934744102236679
19,0,35,10,Mode,40,[   0 2184 2230],2,2184,46,1115.0,92504.5654047737,45.31362249244189,0.6888984230342465,117.52408766599646,1.6620811631826298,0.6888984230342465,117.52408766599646,1.6620811631826298,0.7650302101447742,0.859070170805237,0.9934744102236679
20,0,35,10,Median,40,[   0 2184 2230],2,2184,46,1115.0,92504.5654047737,45.31362249244189,0.6888984230342465,117.52408766599646,1.6620811631826298,0.6888984230342465,117.52408766599646,1.6620811631826298,0.7650302101447742,0.859070170805237,0.9934744102236679
21,0,35,10,Mode,40,[   0 2184 2230],2,2184,46,1115.0,92504.5654047737,45.31362249244189,0.6888984230342465,117.52408766599646,1.6620811631826298,0.6888984230342465,117.52408766599646,1.6620811631826298,0.7650302101447742,0.859070170805237,0.9934744102236679
22,0,35,10,Median,40,[   0 2184 2230],2,2184,46,1115.0,92504.5654047737,45.31362249244189,0.6888984230342465,117.52408766599646,1.6620811631826298,0.6888984230342465,117.52408766599646,1.6620811631826298,0.7650302101447742,0.859070170805237,0.9934744102236679
23,0,35,10,Mode,40,[   0 2184 2230],2,2184,46,1115.0,92504.5654047737,45.31362249244189,0.6888984230342465,117.52408766599646,1.6620811631826298,0.6888984230342465,117.52408766599646,1.6620811631826298,0.7650302101447742,0.859070170805237,0.9934744102236679
24,0,35,10,Median,40,[   0 2184 2230],2,2184,46,1115.0,92504.5654047737,45.31362249244189,0.6888984230342465,117.52408766599646,1.6620811631826298,0.6888984230342465,117.52408766599646,1.6620811631826298,0.7650302101447742,0.859070170805237,0.9934744102236679
25,0,35,10,Mode,40,[   0 2184 2230],2,2184,46,1115.0,92504.5654047737,45.31362249244189,0.6888984230342465,117.52408766599646,1.6620811631826298,0.6888984230342465,117.52408766599646,1.6620811631826298,0.7650302101447742,0.859070170805237,0.9934744102236679
26,0,35,10,Median,40,[   0 2184 2230],2,2184,46,1115.0,92504.5654047737,45.31362249244189,0.6888984230342465,117.52408766599646,1.6620811631826298,0.6888984230342465,117.52408766599646,1.6620811631826298,0.7650302101447742,0.859070170805237,0.9934744102236679
27,0,35,10,Mode,40,[   0 2184 2230],2,2184,46,1115.0,92504.5654047737,45.31362249244189,0.6888984230342465,117.52408766599646,1.6620811631826298,0.6888984230342465,117.52408766599646,1.6620811631826298,0.7650302101447742,0.859070170805237,0.9934744102236679
28,0,35,15,Median,40,[   0 2184 2230],2,2184,46,1115.0,92504.5654047737,45.31362249244189,0.6888984230342465,117.52408766599646,1.6620811631826298,0.6888984230342465,117.52408766599646,1.6620811631826298,0.7650302101447742,0.859070170805237,0.9934744102236679
29,0,35,15,Mode,40,[   0 2184 2230],2,2184,46,1115.0,92504.5654047737,45.31362249244189,0.6888984230342465,117.52408766599646,1.6620811631826298,0.6888984230342465,117.52408766599646,1.6620811631826298,0.7650302101447742,0.859070170805237,0.9934744102236679
30,0,35,15,Median,40,[   0 2184 2230],2,2184,46,1115.0,92504.5654047737,45.31362249244189,0.6888984230342465,117.52408766599646,1.6620811631826298,0.6888984230342465,117.52408766599646,1.6620811631826298,0.7650302101447742,0.859070170805237,0.9934744102236679
31,0,35,15,Mode,40,[   0 2184 2230],2,2184,46,1115.0,92504.5654047737,45.31362249244189,0.6888984230342465,117.52408766599646,1.6620811631826298,0.6888984230342465,117.52408766599646,1.6620811631826298,0.7650302101447742,0.859070170805237,0.9934744102236679
32,0,35,15,Median,40,[   0 2184 2230],2,2184,46,1115.0,92504.5654047737,45.31362249244189,0.6888984230342465,117.52408766599646,1.6620811631826298,0.6888984230342465,117.52408766599646,1.6620811631826298,0.7650302101447742,0.859070170805237,0.9934744102236679
33,0,35,15,Mode,40,[   0 2184 2230],2,2184,46,1115.0,92504.5654047737,45.31362249244189,0.6888984230342465,117.52408766599646,1.6620811631826298,0.6888984230342465,117.52408766599646,1.6620811631826298,0.7650302101447742,0.859070170805237,0.9934744102236679
34,0,35,15,Median,40,[   0 2184 2230],2,2184,46,1115.0,92504.5654047737,45.31362249244189,0.6888984230342465,117.52408766599646,1.6620811631826298,0.6888984230342465,117.52408766599646,1.6620811631826298,0.7650302101447742,0.859070170805237,0.9934744102236679
35,0,35,15,Mode,40,[   0 2184 2230],2,2184,46,1115.0,92504.5654047737,45.31362249244189,0.6888984230342465,117.52408766599646,1.6620811631826298,0.6888984230342465,117.52408766599646,1.6620811631826298,0.7650302101447742,0.859070170805237,0.9934744102236679
36,0,35,15,Median,40,[   0 2184 2230],2,2184,46,1115.0,92504.5654047737,45.31362249244189,0.6888984230342465,117.52408766599646,1.6620811631826298,0.6888984230342465,117.52408766599646,1.6620811631826298,0.7650302101447742,0.859070170805237,0.9934744102236679
37,0,35,15,Mode,40,[   0 2184 2230],2,2184,46,1115.0,92504.5654047737,45.31362249244189,0.6888984230342465,117.52408766599646,1.6620811631826298,0.6888984230342465,117.52408766599646,1.6620811631826298,0.7650302101447742,0.859070170805237,0.9934744102236679
38,0,35,15,Median,40,[   0 2184 2230],2,2184,46,1115.0,92504.5654047737,45.31362249244189,0.6888984230342465,117.52408766599646,1.6620811631826298,0.6888984230342465,117.52408766599646,1.6620811631826298,0.7650302101447742,0.859070170805237,0.9934744102236679
39,0,35,15,Mode,40,[   0 2184 2230],2,2184,46,1115.0,92504.5654047737,45.31362249244189,0.6888984230342465,117.52408766599646,1.6620811631826298,0.6888984230342465,117.52408766599646,1.6620811631826298,0.7650302101447742,0.859070170805237,0.9934744102236679
40,0,35,15,Median,40,[   0 2184 2230],2,2184,46,1115.0,92504.5654047737,45.31362249244189,0.6888984230342465,117.52408766599646,1.6620811631826298,0.6888984230342465,117.52408766599646,1.6620811631826298,0.7650302101447742,0.859070170805237,0.9934744102236679
41,0,35,15,Mode,40,[   0 2184 2230],2,2184,46,1115.0,92504.5654047737,45.31362249244189,0.6888984230342465,117.52408766599646,1.6620811631826298,0.6888984230342465,117.52408766599646,1.6620811631826298,0.7650302101447742,0.859070170805237,0.9934744102236679
42,0,35,15,Median,40,[   0 2184 2230],2,2184,46,1115.0,92504.5654047737,45.31362249244189,0.6888984230342465,117.52408766599646,1.6620811631826298,0.6888984230342465,117.52408766599646,1.6620811631826298,0.7650302101447742,0.859070170805237,0.9934744102236679
43,0,35,15,Mode,40,[   0 2184 2230],2,2184,46,1115.0,92504.5654047737,45.31362249244189,0.6888984230342465,117.52408766599646,1.6620811631826298,0.6888984230342465,117.52408766599646,1.6620811631826298,0.7650302101447742,0.859070170805237,0.9934744102236679
44,0,35,15,Median,40,[   0 2184 2230],2,2184,46,1115.0,92504.5654047737,45.31362249244189,0.6888984230342465,117.52408766599646,1.6620811631826298,0.6888984230342465,117.52408766599646,1.6620811631826298,0.7650302101447742,0.859070170805237,0.9934744102236679
45,0,35,15,Mode,40,[   0 2184 2230],2,2184,46,1115.0,92504.5654047737,45.31362249244189,0.6888984230342465,117.52408766599646,1.6620811631826298,0.6888984230342465,117.52408766599646,1.6620811631826298,0.7650302101447742,0.859070170805237,0.9934744102236679
46,0,35,15,Median,40,[   0 2184 2230],2,2184,46,1115.0,92504.5654047737,45.31362249244189,0.6888984230342465,117.52408766599646,1.6620811631826298,0.6888984230342465,117.52408766599646,1.6620811631826298,0.7650302101447742,0.859070170805237,0.9934744102236679
47,0,35,15,Mode,40,[   0 2184 2230],2,2184,46,1115.0,92504.5654047737,45.31362249244189,0.6888984230342465,117.52408766599646,1.6620811631826298,0.6888984230342465,117.52408766599646,1.6620811631826298,0.7650302101447742,0.859070170805237,0.9934744102236679
48,0,35,15,Median,40,[   0 2184 2230],2,2184,46,1115.0,92504.5654047737,45.31362249244189,0.6888984230342465,117.52408766599646,1.6620811631826298,0.6888984230342465,117.52408766599646,1.6620811631826298,0.7650302101447742,0.859070170805237,0.9934744102236679
49,0,35,15,Mode,40,[   0 2184 2230],2,2184,46,1115.0,92504.5654047737,45.31362249244189,0.6888984230342465,117.52408766599646,1.6620811631826298,0.6888984230342465,117.52408766599646,1.6620811631826298,0.7650302101447742,0.859070170805237,0.9934744102236679
50,0,35,15,Median,40,[   0 2184 2230],2,2184,46,1115.0,92504.5654047737,45.31362249244189,0.6888984230342465,117.52408766599646,1.6620811631826298,0.6888984230342465,117.52408766599646,1.6620811631826298,0.7650302101447742,0.859070170805237,0.9934744102236679
51,0,35,15,Mode,40,[   0 2184 2230],2,2184,46,1115.0,92504.5654047737,45.31362249244189,0.6888984230342465,117.52408766599646,1.6620811631826298,0.6888984230342465,117.52408766599646,1.6620811631826298,0.7650302101447742,0.859070170805237,0.9934744102236679
52,0,35,15,Median,40,[   0 2184 2230],2,2184,46,1115.0,92504.5654047737,45.31362249244189,0.6888984230342465,117.52408766599646,1.6620811631826298,0.6888984230342465,117.52408766599646,1.6620811631826298,0.7650302101447742,0.859070170805237,0.9934744102236679
53,0,35,15,Mode,40,[   0 2184 2230],2,2184,46,1115.0,92504.5654047737,45.31362249244189,0.6888984230342465,117.52408766599646,1.6620811631826298,0.6888984230342465,117.52408766599646,1.6620811631826298,0.7650302101447742,0.859070170805237,0.9934744102236679
54,0,35,15,Median,40,[   0 2184 2230],2,2184,46,1115.0,92504.5654047737,45.31362249244189,0.6888984230342465,117.52408766599646,1.6620811631826298,0.6888984230342465,117.52408766599646,1.6620811631826298,0.7650302101447742,0.859070170805237,0.9934744102236679
55,0,35,15,Mode,40,[   0 2184 2230],2,2184,46,1115.0,92504.5654047737,45.31362249244189,0.6888984230342465,117.52408766599646,1.6620811631826298,0.6888984230342465,117.52408766599646,1.6620811631826298,0.7650302101447742,0.859070170805237,0.9934744102236679
56,0,35,20,Median,40,[   0 2184 2230],2,2184,46,1115.0,92504.5654047737,45.31362249244189,0.6888984230342465,117.52408766599646,1.6620811631826298,0.6888984230342465,117.52408766599646,1.6620811631826298,0.7650302101447742,0.859070170805237,0.9934744102236679
57,0,35,20,Mode,40,[   0 2184 2230],2,2184,46,1115.0,92504.5654047737,45.31362249244189,0.6888984230342465,117.52408766599646,1.6620811631826298,0.6888984230342465,117.52408766599646,1.6620811631826298,0.7650302101447742,0.859070170805237,0.9934744102236679
58,0,35,20,Median,40,[   0 2184 2230],2,2184,46,1115.0,92504.5654047737,45.31362249244189,0.6888984230342465,117.52408766599646,1.6620811631826298,0.6888984230342465,117.52408766599646,1.6620811631826298,0.7650302101447742,0.859070170805237,0.9934744102236679
59,0,35,20,Mode,40,[   0 2184 2230],2,2184,46,1115.0,92504.5654047737,45.31362249244189,0.6888984230342465,117.52408766599646,1.6620811631826298,0.6888984230342465,117.52408766599646,1.6620811631826298,0.7650302101447742,0.859070170805237,0.9934744102236679
60,0,35,20,Median,40,[   0 2184 2230],2,2184,46,1115.0,92504.5654047737,45.31362249244189,0.6888984230342465,117.52408766599646,1.6620811631826298,0.6888984230342465,117.52408766599646,1.6620811631826298,0.7650302101447742,0.859070170805237,0.9934744102236679
61,0,35,20,Mode,40,[   0 2184 2230],2,2184,46,1115.0,92504.5654047737,45.31362249244189,0.6888984230342465,117.52408766599646,1.6620811631826298,0.6888984230342465,117.52408766599646,1.6620811631826298,0.7650302101447742,0.859070170805237,0.9934744102236679
62,0,35,20,Median,40,[   0 2184 2230],2,2184,46,1115.0,92504.5654047737,45.31362249244189,0.6888984230342465,117.52408766599646,1.6620811631826298,0.6888984230342465,117.52408766599646,1.6620811631826298,0.7650302101447742,0.859070170805237,0.9934744102236679
63,0,35,20,Mode,40,[   0 2184 2230],2,2184,46,1115.0,92504.5654047737,45.31362249244189,0.6888984230342465,117.52408766599646,1.6620811631826298,0.6888984230342465,117.52408766599646,1.6620811631826298,0.7650302101447742,0.859070170805237,0.9934744102236679
64,0,35,20,Median,40,[   0 2184 2230],2,2184,46,1115.0,92504.5654047737,45.31362249244189,0.6888984230342465,117.52408766599646,1.6620811631826298,0.6888984230342465,117.52408766599646,1.6620811631826298,0.7650302101447742,0.859070170805237,0.9934744102236679
65,0,35,20,Mode,40,[   0 2184 2230],2,2184,46,1115.0,92504.5654047737,45.31362249244189,0.6888984230342465,117.52408766599646,1.6620811631826298,0.6888984230342465,117.52408766599646,1.6620811631826298,0.7650302101447742,0.859070170805237,0.9934744102236679
66,0,35,20,Median,40,[   0 2184 2230],2,2184,46,1115.0,92504.5654047737,45.31362249244189,0.6888984230342465,117.52408766599646,1.6620811631826298,0.6888984230342465,117.52408766599646,1.6620811631826298,0.7650302101447742,0.859070170805237,0.9934744102236679
67,0,35,20,Mode,40,[   0 2184 2230],2,2184,46,1115.0,92504.5654047737,45.31362249244189,0.6888984230342465,117.52408766599646,1.6620811631826298,0.6888984230342465,117.52408766599646,1.6620811631826298,0.7650302101447742,0.859070170805237,0.9934744102236679
68,0,35,20,Median,40,[   0 2184 2230],2,2184,46,1115.0,92504.5654047737,45.31362249244189,0.6888984230342465,117.52408766599646,1.6620811631826298,0.6888984230342465,117.52408766599646,1.6620811631826298,0.7650302101447742,0.859070170805237,0.9934744102236679
69,0,35,20,Mode,40,[   0 2184 2230],2,2184,46,1115.0,92504.5654047737,45.31362249244189,0.6888984230342465,117.52408766599646,1.6620811631826298,0.6888984230342465,117.52408766599646,1.6620811631826298,0.7650302101447742,0.859070170805237,0.9934744102236679
70,0,35,20,Median,40,[   0 2184 2230],2,2184,46,1115.0,92504.5654047737,45.31362249244189,0.6888984230342465,117.52408766599646,1.6620811631826298,0.6888984230342465,117.52408766599646,1.6620811631826298,0.7650302101447742,0.859070170805237,0.9934744102236679
71,0,35,20,Mode,40,[   0 2184 2230],2,2184,46,1115.0,92504.5654047737,45.31362249244189,0.6888984230342465,117.52408766599646,1.6620811631826298,0.6888984230342465,117.52408766599646,1.6620811631826298,0.7650302101447742,0.859070170805237,0.9934744102236679
72,0,35,20,Median,40,[   0 2184 2230],2,2184,46,1115.0,92504.5654047737,45.31362249244189,0.6888984230342465,117.52408766599646,1.6620811631826298,0.6888984230342465,117.52408766599646,1.6620811631826298,0.7650302101447742,0.859070170805237,0.9934744102236679
73,0,35,20,Mode,40,[   0 2184 2230],2,2184,46,1115.0,92504.5654047737,45.31362249244189,0.6888984230342465,117.52408766599646,1.6620811631826298,0.6888984230342465,117.52408766599646,1.6620811631826298,0.7650302101447742,0.859070170805237,0.9934744102236679
74,0,35,20,Median,40,[   0 2184 2230],2,2184,46,1115.0,92504.5654047737,45.31362249244189,0.6888984230342465,117.52408766599646,1.6620811631826298,0.6888984230342465,117.52408766599646,1.6620811631826298,0.7650302101447742,0.859070170805237,0.9934744102236679
75,0,35,20,Mode,40,[   0 2184 2230],2,2184,46,1115.0,92504.5654047737,45.31362249244189,0.6888984230342465,117.52408766599646,1.6620811631826298,0.6888984230342465,117.52408766599646,1.6620811631826298,0.7650302101447742,0.859070170805237,0.9934744102236679
76,0,35,20,Median,40,[   0 2184 2230],2,2184,46,1115.0,92504.5654047737,45.31362249244189,0.6888984230342465,117.52408766599646,1.6620811631826298,0.6888984230342465,117.52408766599646,1.6620811631826298,0.7650302101447742,0.859070170805237,0.9934744102236679
77,0,35,20,Mode,40,[   0 2184 2230],2,2184,46,1115.0,92504.5654047737,45.31362249244189,0.6888984230342465,117.52408766599646,1.6620811631826298,0.6888984230342465,117.52408766599646,1.6620811631826298,0.7650302101447742,0.859070170805237,0.9934744102236679
78,0,35,20,Median,40,[   0 2184 2230],2,2184,46,1115.0,92504.5654047737,45.31362249244189,0.6888984230342465,117.52408766599646,1.6620811631826298,0.6888984230342465,117.52408766599646,1.6620811631826298,0.7650302101447742,0.859070170805237,0.9934744102236679
79,0,35,20,Mode,40,[   0 2184 2230],2,2184,46,1115.0,92504.5654047737,45.31362249244189,0.6888984230342465,117.52408766599646,1.6620811631826298,0.6888984230342465,117.52408766599646,1.6620811631826298,0.7650302101447742,0.859070170805237,0.9934744102236679
80,0,35,20,Median,40,[   0 2184 2230],2,2184,46,1115.0,92504.5654047737,45.31362249244189,0.6888984230342465,117.52408766599646,1.6620811631826298,0.6888984230342465,117.52408766599646,1.6620811631826298,0.7650302101447742,0.859070170805237,0.9934744102236679
81,0,35,20,Mode,40,[   0 2184 2230],2,2184,46,1115.0,92504.5654047737,45.31362249244189,0.6888984230342465,117.52408766599646,1.6620811631826298,0.6888984230342465,117.52408766599646,1.6620811631826298,0.7650302101447742,0.859070170805237,0.9934744102236679
82,0,35,20,Median,40,[   0 2184 2230],2,2184,46,1115.0,92504.5654047737,45.31362249244189,0.6888984230342465,117.52408766599646,1.6620811631826298,0.6888984230342465,117.52408766599646,1.6620811631826298,0.7650302101447742,0.859070170805237,0.9934744102236679
83,0,35,20,Mode,40,[   0 2184 2230],2,2184,46,1115.0,92504.5654047737,45.31362249244189,0.6888984230342465,117.52408766599646,1.6620811631826298,0.6888984230342465,117.52408766599646,1.6620811631826298,0.7650302101447742,0.859070170805237,0.9934744102236679
84,0,40,10,Median,40,[   0 2184 2230],2,2184,46,1115.0,92504.5654047737,45.31362249244189,0.6888984230342465,117.52408766599646,1.6620811631826298,0.6888984230342465,117.52408766599646,1.6620811631826298,0.7650302101447742,0.859070170805237,0.9934744102236679
85,0,40,10,Mode,40,[   0 2184 2230],2,2184,46,1115.0,92504.5654047737,45.31362249244189,0.6888984230342465,117.52408766599646,1.6620811631826298,0.6888984230342465,117.52408766599646,1.6620811631826298,0.7650302101447742,0.859070170805237,0.9934744102236679
86,0,40,10,Median,40,[   0 2184 2230],2,2184,46,1115.0,92504.5654047737,45.31362249244189,0.6888984230342465,117.52408766599646,1.6620811631826298,0.6888984230342465,117.52408766599646,1.6620811631826298,0.7650302101447742,0.859070170805237,0.9934744102236679
87,0,40,10,Mode,40,[   0 2184 2230],2,2184,46,1115.0,92504.5654047737,45.31362249244189,0.6888984230342465,117.52408766599646,1.6620811631826298,0.6888984230342465,117.52408766599646,1.6620811631826298,0.7650302101447742,0.859070170805237,0.9934744102236679
88,0,40,10,Median,40,[   0 2184 2230],2,2184,46,1115.0,92504.5654047737,45.31362249244189,0.6888984230342465,117.52408766599646,1.6620811631826298,0.6888984230342465,117.52408766599646,1.6620811631826298,0.7650302101447742,0.859070170805237,0.9934744102236679
89,0,40,10,Mode,40,[   0 2184 2230],2,2184,46,1115.0,92504.5654047737,45.31362249244189,0.6888984230342465,117.52408766599646,1.6620811631826298,0.6888984230342465,117.52408766599646,1.6620811631826298,0.7650302101447742,0.859070170805237,0.9934744102236679
90,0,40,10,Median,40,[   0 2184 2230],2,2184,46,1115.0,92504.5654047737,45.31362249244189,0.6888984230342465,117.52408766599646,1.6620811631826298,0.6888984230342465,117.52408766599646,1.6620811631826298,0.7650302101447742,0.859070170805237,0.9934744102236679
91,0,40,10,Mode,40,[   0 2184 2230],2,2184,46,1115.0,92504.5654047737,45.31362249244189,0.6888984230342465,117.52408766599646,1.6620811631826298,0.6888984230342465,117.52408766599646,1.6620811631826298,0.7650302101447742,0.859070170805237,0.9934744102236679
92,0,40,10,Median,40,[   0 2184 2230],2,2184,46,1115.0,92504.5654047737,45.31362249244189,0.6888984230342465,117.52408766599646,1.6620811631826298,0.6888984230342465,117.52408766599646,1.6620811631826298,0.7650302101447742,0.859070170805237,0.9934744102236679
93,0,40,10,Mode,40,[   0 2184 2230],2,2184,46,1115.0,92504.5654047737,45.31362249244189,0.6888984230342465,117.52408766599646,1.6620811631826298,0.6888984230342465,117.52408766599646,1.6620811631826298,0.7650302101447742,0.859070170805237,0.9934744102236679
94,0,40,10,Median,40,[   0 2184 2230],2,2184,46,1115.0,92504.5654047737,45.31362249244189,0.6888984230342465,117.52408766599646,1.6620811631826298,0.6888984230342465,117.52408766599646,1.6620811631826298,0.7650302101447742,0.859070170805237,0.9934744102236679
95,0,40,10,Mode,40,[   0 2184 2230],2,2184,46,1115.0,92504.5654047737,45.31362249244189,0.6888984230342465,117.52408766599646,1.6620811631826298,0.6888984230342465,117.52408766599646,1.6620811631826298,0.7650302101447742,0.859070170805237,0.9934744102236679
96,0,40,10,Median,40,[   0 2184 2230],2,2184,46,1115.0,92504.5654047737,45.31362249244189,0.6888984230342465,117.52408766599646,1.6620811631826298,0.6888984230342465,117.52408766599646,1.6620811631826298,0.7650302101447742,0.859070170805237,0.9934744102236679
97,0,40,10,Mode,40,[   0 2184 2230],2,2184,46,1115.0,92504.5654047737,45.31362249244189,0.6888984230342465,117.52408766599646,1.6620811631826298,0.6888984230342465,117.52408766599646,1.6620811631826298,0.7650302101447742,0.859070170805237,0.9934744102236679
98,0,40,10,Median,40,[   0 2184 2230],2,2184,46,1115.0,92504.5654047737,45.31362249244189,0.6888984230342465,117.52408766599646,1.6620811631826298,0.6888984230342465,117.52408766599646,1.6620811631826298,0.7650302101447742,0.859070170805237,0.9934744102236679
99,0,40,10,Mode,40,[   0 2184 2230],2,2184,46,1115.0,92504.5654047737,45.31362249244189,0.6888984230342465,117.52408766599646,1.6620811631826298,0.6888984230342465,117.52408766599646,1.6620811631826298,0.7650302101447742,0.859070170805237,0.9934744102236679
100,0,40,10,Median,40,[   0 2184 2230],2,2184,46,1115.0,92504.5654047737,45.31362249244189,0.6888984230342465,117.52408766599646,1.6620811631826298,0.6888984230342465,117.52408766599646,1.6620811631826298,0.7650302101447742,0.859070170805237,0.9934744102236679
101,0,40,10,Mode,40,[   0 2184 2230],2,2184,46,1115.0,92504.5654047737,45.31362249244189,0.6888984230342465,117.52408766599646,1.6620811631826298,0.6888984230342465,117.52408766599646,1.6620811631826298,0.7650302101447742,0.859070170805237,0.9934744102236679
102,0,40,10,Median,40,[   0 2184 2230],2,2184,46,1115.0,92504.5654047737,45.31362249244189,0.6888984230342465,117.52408766599646,1.6620811631826298,0.6888984230342465,117.52408766599646,1.6620811631826298,0.7650302101447742,0.859070170805237,0.9934744102236679
103,0,40,10,Mode,40,[   0 2184 2230],2,2184,46,1115.0,92504.5654047737,45.31362249244189,0.6888984230342465,117.52408766599646,1.6620811631826298,0.6888984230342465,117.52408766599646,1.6620811631826298,0.7650302101447742,0.859070170805237,0.9934744102236679
104,0,40,10,Median,40,[   0 2184 2230],2,2184,46,1115.0,92504.5654047737,45.31362249244189,0.6888984230342465,117.52408766599646,1.6620811631826298,0.6888984230342465,117.52408766599646,1.6620811631826298,0.7650302101447742,0.859070170805237,0.9934744102236679
105,0,40,10,Mode,40,[   0 2184 2230],2,2184,46,1115.0,92504.5654047737,45.31362249244189,0.6888984230342465,117.52408766599646,1.6620811631826298,0.6888984230342465,117.52408766599646,1.6620811631826298,0.7650302101447742,0.859070170805237,0.9934744102236679
106,0,40,10,Median,40,[   0 2184 2230],2,2184,46,1115.0,92504.5654047737,45.31362249244189,0.6888984230342465,117.52408766599646,1.6620811631826298,0.6888984230342465,117.52408766599646,1.6620811631826298,0.7650302101447742,0.859070170805237,0.9934744102236679
107,0,40,10,Mode,40,[   0 2184 2230],2,2184,46,1115.0,92504.5654047737,45.31362249244189,0.6888984230342465,117.52408766599646,1.6620811631826298,0.6888984230342465,117.52408766599646,1.6620811631826298,0.7650302101447742,0.859070170805237,0.9934744102236679
108,0,40,10,Median,40,[   0 2184 2230],2,2184,46,1115.0,92504.5654047737,45.31362249244189,0.6888984230342465,117.52408766599646,1.6620811631826298,0.6888984230342465,117.52408766599646,1.6620811631826298,0.7650302101447742,0.859070170805237,0.9934744102236679
109,0,40,10,Mode,40,[   0 2184 2230],2,2184,46,1115.0,92504.5654047737,45.31362249244189,0.6888984230342465,117.52408766599646,1.6620811631826298,0.6888984230342465,117.52408766599646,1.6620811631826298,0.7650302101447742,0.859070170805237,0.9934744102236679
110,0,40,10,Median,40,[   0 2184 2230],2,2184,46,1115.0,92504.5654047737,45.31362249244189,0.6888984230342465,117.52408766599646,1.6620811631826298,0.6888984230342465,117.52408766599646,1.6620811631826298,0.7650302101447742,0.859070170805237,0.9934744102236679
111,0,40,10,Mode,40,[   0 2184 2230],2,2184,46,1115.0,92504.5654047737,45.31362249244189,0.6888984230342465,117.52408766599646,1.6620811631826298,0.6888984230342465,117.52408766599646,1.6620811631826298,0.7650302101447742,0.859070170805237,0.9934744102236679
112,0,40,15,Median,40,[   0 2184 2230],2,2184,46,1115.0,92504.5654047737,45.31362249244189,0.6888984230342465,117.52408766599646,1.6620811631826298,0.6888984230342465,117.52408766599646,1.6620811631826298,0.7650302101447742,0.859070170805237,0.9934744102236679
113,0,40,15,Mode,40,[   0 2184 2230],2,2184,46,1115.0,92504.5654047737,45.31362249244189,0.6888984230342465,117.52408766599646,1.6620811631826298,0.6888984230342465,117.52408766599646,1.6620811631826298,0.7650302101447742,0.859070170805237,0.9934744102236679
114,0,40,15,Median,40,[   0 2184 2230],2,2184,46,1115.0,92504.5654047737,45.31362249244189,0.6888984230342465,117.52408766599646,1.6620811631826298,0.6888984230342465,117.52408766599646,1.6620811631826298,0.7650302101447742,0.859070170805237,0.9934744102236679
115,0,40,15,Mode,40,[   0 2184 2230],2,2184,46,1115.0,92504.5654047737,45.31362249244189,0.6888984230342465,117.52408766599646,1.6620811631826298,0.6888984230342465,117.52408766599646,1.6620811631826298,0.7650302101447742,0.859070170805237,0.9934744102236679
116,0,40,15,Median,40,[   0 2184 2230],2,2184,46,1115.0,92504.5654047737,45.31362249244189,0.6888984230342465,117.52408766599646,1.6620811631826298,0.6888984230342465,117.52408766599646,1.6620811631826298,0.7650302101447742,0.859070170805237,0.9934744102236679
117,0,40,15,Mode,40,[   0 2184 2230],2,2184,46,1115.0,92504.5654047737,45.31362249244189,0.6888984230342465,117.52408766599646,1.6620811631826298,0.6888984230342465,117.52408766599646,1.6620811631826298,0.7650302101447742,0.859070170805237,0.9934744102236679
118,0,40,15,Median,40,[   0 2184 2230],2,2184,46,1115.0,92504.5654047737,45.31362249244189,0.6888984230342465,117.52408766599646,1.6620811631826298,0.6888984230342465,117.52408766599646,1.6620811631826298,0.7650302101447742,0.859070170805237,0.9934744102236679
119,0,40,15,Mode,40,[   0 2184 2230],2,2184,46,1115.0,92504.5654047737,45.31362249244189,0.6888984230342465,117.52408766599646,1.6620811631826298,0.6888984230342465,117.52408766599646,1.6620811631826298,0.7650302101447742,0.859070170805237,0.9934744102236679
120,0,40,15,Median,40,[   0 2184 2230],2,2184,46,1115.0,92504.5654047737,45.31362249244189,0.6888984230342465,117.52408766599646,1.6620811631826298,0.6888984230342465,117.52408766599646,1.6620811631826298,0.7650302101447742,0.859070170805237,0.9934744102236679
121,0,40,15,Mode,40,[   0 2184 2230],2,2184,46,1115.0,92504.5654047737,45.31362249244189,0.6888984230342465,117.52408766599646,1.6620811631826298,0.6888984230342465,117.52408766599646,1.6620811631826298,0.7650302101447742,0.859070170805237,0.9934744102236679
122,0,40,15,Median,40,[   0 2184 2230],2,2184,46,1115.0,92504.5654047737,45.31362249244189,0.6888984230342465,117.52408766599646,1.6620811631826298,0.6888984230342465,117.52408766599646,1.6620811631826298,0.7650302101447742,0.859070170805237,0.9934744102236679
123,0,40,15,Mode,40,[   0 2184 2230],2,2184,46,1115.0,92504.5654047737,45.31362249244189,0.6888984230342465,117.52408766599646,1.6620811631826298,0.6888984230342465,117.52408766599646,1.6620811631826298,0.7650302101447742,0.859070170805237,0.9934744102236679
124,0,40,15,Median,40,[   0 2184 2230],2,2184,46,1115.0,92504.5654047737,45.31362249244189,0.6888984230342465,117.52408766599646,1.6620811631826298,0.6888984230342465,117.52408766599646,1.6620811631826298,0.7650302101447742,0.859070170805237,0.9934744102236679
125,0,40,15,Mode,40,[   0 2184 2230],2,2184,46,1115.0,92504.5654047737,45.31362249244189,0.6888984230342465,117.52408766599646,1.6620811631826298,0.6888984230342465,117.52408766599646,1.6620811631826298,0.7650302101447742,0.859070170805237,0.9934744102236679
126,0,40,15,Median,40,[   0 2184 2230],2,2184,46,1115.0,92504.5654047737,45.31362249244189,0.6888984230342465,117.52408766599646,1.6620811631826298,0.6888984230342465,117.52408766599646,1.6620811631826298,0.7650302101447742,0.859070170805237,0.9934744102236679
127,0,40,15,Mode,40,[   0 2184 2230],2,2184,46,1115.0,92504.5654047737,45.31362249244189,0.6888984230342465,117.52408766599646,1.6620811631826298,0.6888984230342465,117.52408766599646,1.6620811631826298,0.7650302101447742,0.859070170805237,0.9934744102236679
128,0,40,15,Median,40,[   0 2184 2230],2,2184,46,1115.0,92504.5654047737,45.31362249244189,0.6888984230342465,117.52408766599646,1.6620811631826298,0.6888984230342465,117.52408766599646,1.6620811631826298,0.7650302101447742,0.859070170805237,0.9934744102236679
129,0,40,15,Mode,40,[   0 2184 2230],2,2184,46,1115.0,92504.5654047737,45.31362249244189,0.6888984230342465,117.52408766599646,1.6620811631826298,0.6888984230342465,117.52408766599646,1.6620811631826298,0.7650302101447742,0.859070170805237,0.9934744102236679
130,0,40,15,Median,40,[   0 2184 2230],2,2184,46,1115.0,92504.5654047737,45.31362249244189,0.6888984230342465,117.52408766599646,1.6620811631826298,0.6888984230342465,117.52408766599646,1.6620811631826298,0.7650302101447742,0.859070170805237,0.9934744102236679
131,0,40,15,Mode,40,[   0 2184 2230],2,2184,46,1115.0,92504.5654047737,45.31362249244189,0.6888984230342465,117.52408766599646,1.6620811631826298,0.6888984230342465,117.52408766599646,1.6620811631826298,0.7650302101447742,0.859070170805237,0.9934744102236679
132,0,40,15,Median,40,[   0 2184 2230],2,2184,46,1115.0,92504.5654047737,45.31362249244189,0.6888984230342465,117.52408766599646,1.6620811631826298,0.6888984230342465,117.52408766599646,1.6620811631826298,0.7650302101447742,0.859070170805237,0.9934744102236679
133,0,40,15,Mode,40,[   0 2184 2230],2,2184,46,1115.0,92504.5654047737,45.31362249244189,0.6888984230342465,117.52408766599646,1.6620811631826298,0.6888984230342465,117.52408766599646,1.6620811631826298,0.7650302101447742,0.859070170805237,0.9934744102236679
134,0,40,15,Median,40,[   0 2184 2230],2,2184,46,1115.0,92504.5654047737,45.31362249244189,0.6888984230342465,117.52408766599646,1.6620811631826298,0.6888984230342465,117.52408766599646,1.6620811631826298,0.7650302101447742,0.859070170805237,0.9934744102236679
135,0,40,15,Mode,40,[   0 2184 2230],2,2184,46,1115.0,92504.5654047737,45.31362249244189,0.6888984230342465,117.52408766599646,1.6620811631826298,0.6888984230342465,117.52408766599646,1.6620811631826298,0.7650302101447742,0.859070170805237,0.9934744102236679
136,0,40,15,Median,40,[   0 2184 2230],2,2184,46,1115.0,92504.5654047737,45.31362249244189,0.6888984230342465,117.52408766599646,1.6620811631826298,0.6888984230342465,117.52408766599646,1.6620811631826298,0.7650302101447742,0.859070170805237,0.9934744102236679
137,0,40,15,Mode,40,[   0 2184 2230],2,2184,46,1115.0,92504.5654047737,45.31362249244189,0.6888984230342465,117.52408766599646,1.6620811631826298,0.6888984230342465,117.52408766599646,1.6620811631826298,0.7650302101447742,0.859070170805237,0.9934744102236679
138,0,40,15,Median,40,[   0 2184 2230],2,2184,46,1115.0,92504.5654047737,45.31362249244189,0.6888984230342465,117.52408766599646,1.6620811631826298,0.6888984230342465,117.52408766599646,1.6620811631826298,0.7650302101447742,0.859070170805237,0.9934744102236679
139,0,40,15,Mode,40,[   0 2184 2230],2,2184,46,1115.0,92504.5654047737,45.31362249244189,0.6888984230342465,117.52408766599646,1.6620811631826298,0.6888984230342465,117.52408766599646,1.6620811631826298,0.7650302101447742,0.859070170805237,0.9934744102236679
140,0,40,20,Median,40,[   0 2184 2230],2,2184,46,1115.0,92504.5654047737,45.31362249244189,0.6888984230342465,117.52408766599646,1.6620811631826298,0.6888984230342465,117.52408766599646,1.6620811631826298,0.7650302101447742,0.859070170805237,0.9934744102236679
141,0,40,20,Mode,40,[   0 2184 2230],2,2184,46,1115.0,92504.5654047737,45.31362249244189,0.6888984230342465,117.52408766599646,1.6620811631826298,0.6888984230342465,117.52408766599646,1.6620811631826298,0.7650302101447742,0.859070170805237,0.9934744102236679
142,0,40,20,Median,40,[   0 2184 2230],2,2184,46,1115.0,92504.5654047737,45.31362249244189,0.6888984230342465,117.52408766599646,1.6620811631826298,0.6888984230342465,117.52408766599646,1.6620811631826298,0.7650302101447742,0.859070170805237,0.9934744102236679
143,0,40,20,Mode,40,[   0 2184 2230],2,2184,46,1115.0,92504.5654047737,45.31362249244189,0.6888984230342465,117.52408766599646,1.6620811631826298,0.6888984230342465,117.52408766599646,1.6620811631826298,0.7650302101447742,0.859070170805237,0.9934744102236679
144,0,40,20,Median,40,[   0 2184 2230],2,2184,46,1115.0,92504.5654047737,45.31362249244189,0.6888984230342465,117.52408766599646,1.6620811631826298,0.6888984230342465,117.52408766599646,1.6620811631826298,0.7650302101447742,0.859070170805237,0.9934744102236679
145,0,40,20,Mode,40,[   0 2184 2230],2,2184,46,1115.0,92504.5654047737,45.31362249244189,0.6888984230342465,117.52408766599646,1.6620811631826298,0.6888984230342465,117.52408766599646,1.6620811631826298,0.7650302101447742,0.859070170805237,0.9934744102236679
146,0,40,20,Median,40,[   0 2184 2230],2,2184,46,1115.0,92504.5654047737,45.31362249244189,0.6888984230342465,117.52408766599646,1.6620811631826298,0.6888984230342465,117.52408766599646,1.6620811631826298,0.7650302101447742,0.859070170805237,0.9934744102236679
147,0,40,20,Mode,40,[   0 2184 2230],2,2184,46,1115.0,92504.5654047737,45.31362249244189,0.6888984230342465,117.52408766599646,1.6620811631826298,0.6888984230342465,117.52408766599646,1.6620811631826298,0.7650302101447742,0.859070170805237,0.9934744102236679
148,0,40,20,Median,40,[   0 2184 2230],2,2184,46,1115.0,92504.5654047737,45.31362249244189,0.6888984230342465,117.52408766599646,1.6620811631826298,0.6888984230342465,117.52408766599646,1.6620811631826298,0.7650302101447742,0.859070170805237,0.9934744102236679
149,0,40,20,Mode,40,[   0 2184 2230],2,2184,46,1115.0,92504.5654047737,45.31362249244189,0.6888984230342465,117.52408766599646,1.6620811631826298,0.6888984230342465,117.52408766599646,1.6620811631826298,0.7650302101447742,0.859070170805237,0.9934744102236679
150,0,40,20,Median,40,[   0 2184 2230],2,2184,46,1115.0,92504.5654047737,45.31362249244189,0.6888984230342465,117.52408766599646,1.6620811631826298,0.6888984230342465,117.52408766599646,1.6620811631826298,0.7650302101447742,0.859070170805237,0.9934744102236679
151,0,40,20,Mode,40,[   0 2184 2230],2,2184,46,1115.0,92504.5654047737,45.31362249244189,0.6888984230342465,117.52408766599646,1.6620811631826298,0.6888984230342465,117.52408766599646,1.6620811631826298,0.7650302101447742,0.859070170805237,0.9934744102236679
152,0,40,20,Median,40,[   0 2184 2230],2,2184,46,1115.0,92504.5654047737,45.31362249244189,0.6888984230342465,117.52408766599646,1.6620811631826298,0.6888984230342465,117.52408766599646,1.6620811631826298,0.7650302101447742,0.859070170805237,0.9934744102236679
153,0,40,20,Mode,40,[   0 2184 2230],2,2184,46,1115.0,92504.5654047737,45.31362249244189,0.6888984230342465,117.52408766599646,1.6620811631826298,0.6888984230342465,117.52408766599646,1.6620811631826298,0.7650302101447742,0.859070170805237,0.9934744102236679
154,0,40,20,Median,40,[   0 2184 2230],2,2184,46,1115.0,92504.5654047737,45.31362249244189,0.6888984230342465,117.52408766599646,1.6620811631826298,0.6888984230342465,117.52408766599646,1.6620811631826298,0.7650302101447742,0.859070170805237,0.9934744102236679
155,0,40,20,Mode,40,[   0 2184 2230],2,2184,46,1115.0,92504.5654047737,45.31362249244189,0.6888984230342465,117.52408766599646,1.6620811631826298,0.6888984230342465,117.52408766599646,1.6620811631826298,0.7650302101447742,0.859070170805237,0.9934744102236679
156,0,40,20,Median,40,[   0 2184 2230],2,2184,46,1115.0,92504.5654047737,45.31362249244189,0.6888984230342465,117.52408766599646,1.6620811631826298,0.6888984230342465,117.52408766599646,1.6620811631826298,0.7650302101447742,0.859070170805237,0.9934744102236679
157,0,40,20,Mode,40,[   0 2184 2230],2,2184,46,1115.0,92504.5654047737,45.31362249244189,0.6888984230342465,117.52408766599646,1.6620811631826298,0.6888984230342465,117.52408766599646,1.6620811631826298,0.7650302101447742,0.859070170805237,0.9934744102236679
158,0,40,20,Median,40,[   0 2184 2230],2,2184,46,1115.0,92504.5654047737,45.31362249244189,0.6888984230342465,117.52408766599646,1.6620811631826298,0.6888984230342465,117.52408766599646,1.6620811631826298,0.7650302101447742,0.859070170805237,0.9934744102236679
159,0,40,20,Mode,40,[   0 2184 2230],2,2184,46,1115.0,92504.5654047737,45.31362249244189,0.6888984230342465,117.52408766599646,1.6620811631826298,0.6888984230342465,117.52408766599646,1.6620811631826298,0.7650302101447742,0.859070170805237,0.9934744102236679
160,0,40,20,Median,40,[   0 2184 2230],2,2184,46,1115.0,92504.5654047737,45.31362249244189,0.6888984230342465,117.52408766599646,1.6620811631826298,0.6888984230342465,117.52408766599646,1.6620811631826298,0.7650302101447742,0.859070170805237,0.9934744102236679
161,0,40,20,Mode,40,[   0 2184 2230],2,2184,46,1115.0,92504.5654047737,45.31362249244189,0.6888984230342465,117.52408766599646,1.6620811631826298,0.6888984230342465,117.52408766599646,1.6620811631826298,0.7650302101447742,0.859070170805237,0.9934744102236679
162,0,40,20,Median,40,[   0 2184 2230],2,2184,46,1115.0,92504.5654047737,45.31362249244189,0.6888984230342465,117.52408766599646,1.6620811631826298,0.6888984230342465,117.52408766599646,1.6620811631826298,0.7650302101447742,0.859070170805237,0.9934744102236679
163,0,40,20,Mode,40,[   0 2184 2230],2,2184,46,1115.0,92504.5654047737,45.31362249244189,0.6888984230342465,117.52408766599646,1.6620811631826298,0.6888984230342465,117.52408766599646,1.6620811631826298,0.7650302101447742,0.859070170805237,0.9934744102236679
164,0,40,20,Median,40,[   0 2184 2230],2,2184,46,1115.0,92504.5654047737,45.31362249244189,0.6888984230342465,117.52408766599646,1.6620811631826298,0.6888984230342465,117.52408766599646,1.6620811631826298,0.7650302101447742,0.859070170805237,0.9934744102236679
165,0,40,20,Mode,40,[   0 2184 2230],2,2184,46,1115.0,92504.5654047737,45.31362249244189,0.6888984230342465,117.52408766599646,1.6620811631826298,0.6888984230342465,117.52408766599646,1.6620811631826298,0.7650302101447742,0.859070170805237,0.9934744102236679
166,0,40,20,Median,40,[   0 2184 2230],2,2184,46,1115.0,92504.5654047737,45.31362249244189,0.6888984230342465,117.52408766599646,1.6620811631826298,0.6888984230342465,117.52408766599646,1.6620811631826298,0.7650302101447742,0.859070170805237,0.9934744102236679
167,0,40,20,Mode,40,[   0 2184 2230],2,2184,46,1115.0,92504.5654047737,45.31362249244189,0.6888984230342465,117.52408766599646,1.6620811631826298,0.6888984230342465,117.52408766599646,1.6620811631826298,0.7650302101447742,0.859070170805237,0.9934744102236679
168,0,45,10,Median,40,[   0 2184 2230],2,2184,46,1115.0,92504.5654047737,45.31362249244189,0.6888984230342465,117.52408766599646,1.6620811631826298,0.6888984230342465,117.52408766599646,1.6620811631826298,0.7650302101447742,0.859070170805237,0.9934744102236679
169,0,45,10,Mode,40,[   0 2184 2230],2,2184,46,1115.0,92504.5654047737,45.31362249244189,0.6888984230342465,117.52408766599646,1.6620811631826298,0.6888984230342465,117.52408766599646,1.6620811631826298,0.7650302101447742,0.859070170805237,0.9934744102236679
170,0,45,10,Median,40,[   0 2184 2230],2,2184,46,1115.0,92504.5654047737,45.31362249244189,0.6888984230342465,117.52408766599646,1.6620811631826298,0.6888984230342465,117.52408766599646,1.6620811631826298,0.7650302101447742,0.859070170805237,0.9934744102236679
171,0,45,10,Mode,40,[   0 2184 2230],2,2184,46,1115.0,92504.5654047737,45.31362249244189,0.6888984230342465,117.52408766599646,1.6620811631826298,0.6888984230342465,117.52408766599646,1.6620811631826298,0.7650302101447742,0.859070170805237,0.9934744102236679
172,0,45,10,Median,40,[   0 2184 2230],2,2184,46,1115.0,92504.5654047737,45.31362249244189,0.6888984230342465,117.52408766599646,1.6620811631826298,0.6888984230342465,117.52408766599646,1.6620811631826298,0.7650302101447742,0.859070170805237,0.9934744102236679
173,0,45,10,Mode,40,[   0 2184 2230],2,2184,46,1115.0,92504.5654047737,45.31362249244189,0.6888984230342465,117.52408766599646,1.6620811631826298,0.6888984230342465,117.52408766599646,1.6620811631826298,0.7650302101447742,0.859070170805237,0.9934744102236679
174,0,45,10,Median,40,[   0 2184 2230],2,2184,46,1115.0,92504.5654047737,45.31362249244189,0.6888984230342465,117.52408766599646,1.6620811631826298,0.6888984230342465,117.52408766599646,1.6620811631826298,0.7650302101447742,0.859070170805237,0.9934744102236679
175,0,45,10,Mode,40,[   0 2184 2230],2,2184,46,1115.0,92504.5654047737,45.31362249244189,0.6888984230342465,117.52408766599646,1.6620811631826298,0.6888984230342465,117.52408766599646,1.6620811631826298,0.7650302101447742,0.859070170805237,0.9934744102236679
176,0,45,10,Median,40,[   0 2184 2230],2,2184,46,1115.0,92504.5654047737,45.31362249244189,0.6888984230342465,117.52408766599646,1.6620811631826298,0.6888984230342465,117.52408766599646,1.6620811631826298,0.7650302101447742,0.859070170805237,0.9934744102236679
177,0,45,10,Mode,40,[   0 2184 2230],2,2184,46,1115.0,92504.5654047737,45.31362249244189,0.6888984230342465,117.52408766599646,1.6620811631826298,0.6888984230342465,117.52408766599646,1.6620811631826298,0.7650302101447742,0.859070170805237,0.9934744102236679
178,0,45,10,Median,40,[   0 2184 2230],2,2184,46,1115.0,92504.5654047737,45.31362249244189,0.6888984230342465,117.52408766599646,1.6620811631826298,0.6888984230342465,117.52408766599646,1.6620811631826298,0.7650302101447742,0.859070170805237,0.9934744102236679
179,0,45,10,Mode,40,[   0 2184 2230],2,2184,46,1115.0,92504.5654047737,45.31362249244189,0.6888984230342465,117.52408766599646,1.6620811631826298,0.6888984230342465,117.52408766599646,1.6620811631826298,0.7650302101447742,0.859070170805237,0.9934744102236679
180,0,45,10,Median,40,[   0 2184 2230],2,2184,46,1115.0,92504.5654047737,45.31362249244189,0.6888984230342465,117.52408766599646,1.6620811631826298,0.6888984230342465,117.52408766599646,1.6620811631826298,0.7650302101447742,0.859070170805237,0.9934744102236679
181,0,45,10,Mode,40,[   0 2184 2230],2,2184,46,1115.0,92504.5654047737,45.31362249244189,0.6888984230342465,117.52408766599646,1.6620811631826298,0.6888984230342465,117.52408766599646,1.6620811631826298,0.7650302101447742,0.859070170805237,0.9934744102236679
182,0,45,10,Median,40,[   0 2184 2230],2,2184,46,1115.0,92504.5654047737,45.31362249244189,0.6888984230342465,117.52408766599646,1.6620811631826298,0.6888984230342465,117.52408766599646,1.6620811631826298,0.7650302101447742,0.859070170805237,0.9934744102236679
183,0,45,10,Mode,40,[   0 2184 2230],2,2184,46,1115.0,92504.5654047737,45.31362249244189,0.6888984230342465,117.52408766599646,1.6620811631826298,0.6888984230342465,117.52408766599646,1.6620811631826298,0.7650302101447742,0.859070170805237,0.9934744102236679
184,0,45,10,Median,40,[   0 2184 2230],2,2184,46,1115.0,92504.5654047737,45.31362249244189,0.6888984230342465,117.52408766599646,1.6620811631826298,0.6888984230342465,117.52408766599646,1.6620811631826298,0.7650302101447742,0.859070170805237,0.9934744102236679
185,0,45,10,Mode,40,[   0 2184 2230],2,2184,46,1115.0,92504.5654047737,45.31362249244189,0.6888984230342465,117.52408766599646,1.6620811631826298,0.6888984230342465,117.52408766599646,1.6620811631826298,0.7650302101447742,0.859070170805237,0.9934744102236679
186,0,45,10,Median,40,[   0 2184 2230],2,2184,46,1115.0,92504.5654047737,45.31362249244189,0.6888984230342465,117.52408766599646,1.6620811631826298,0.6888984230342465,117.52408766599646,1.6620811631826298,0.7650302101447742,0.859070170805237,0.9934744102236679
187,0,45,10,Mode,40,[   0 2184 2230],2,2184,46,1115.0,92504.5654047737,45.31362249244189,0.6888984230342465,117.52408766599646,1.6620811631826298,0.6888984230342465,117.52408766599646,1.6620811631826298,0.7650302101447742,0.859070170805237,0.9934744102236679
188,0,45,10,Median,40,[   0 2184 2230],2,2184,46,1115.0,92504.5654047737,45.31362249244189,0.6888984230342465,117.52408766599646,1.6620811631826298,0.6888984230342465,117.52408766599646,1.6620811631826298,0.7650302101447742,0.859070170805237,0.9934744102236679
189,0,45,10,Mode,40,[   0 2184 2230],2,2184,46,1115.0,92504.5654047737,45.31362249244189,0.6888984230342465,117.52408766599646,1.6620811631826298,0.6888984230342465,117.52408766599646,1.6620811631826298,0.7650302101447742,0.859070170805237,0.9934744102236679
190,0,45,10,Median,40,[   0 2184 2230],2,2184,46,1115.0,92504.5654047737,45.31362249244189,0.6888984230342465,117.52408766599646,1.6620811631826298,0.6888984230342465,117.52408766599646,1.6620811631826298,0.7650302101447742,0.859070170805237,0.9934744102236679
191,0,45,10,Mode,40,[   0 2184 2230],2,2184,46,1115.0,92504.5654047737,45.31362249244189,0.6888984230342465,117.52408766599646,1.6620811631826298,0.6888984230342465,117.52408766599646,1.6620811631826298,0.7650302101447742,0.859070170805237,0.9934744102236679
192,0,45,10,Median,40,[   0 2184 2230],2,2184,46,1115.0,92504.5654047737,45.31362249244189,0.6888984230342465,117.52408766599646,1.6620811631826298,0.6888984230342465,117.52408766599646,1.6620811631826298,0.7650302101447742,0.859070170805237,0.9934744102236679
193,0,45,10,Mode,40,[   0 2184 2230],2,2184,46,1115.0,92504.5654047737,45.31362249244189,0.6888984230342465,117.52408766599646,1.6620811631826298,0.6888984230342465,117.52408766599646,1.6620811631826298,0.7650302101447742,0.859070170805237,0.9934744102236679
194,0,45,10,Median,40,[   0 2184 2230],2,2184,46,1115.0,92504.5654047737,45.31362249244189,0.6888984230342465,117.52408766599646,1.6620811631826298,0.6888984230342465,117.52408766599646,1.6620811631826298,0.7650302101447742,0.859070170805237,0.9934744102236679
195,0,45,10,Mode,40,[   0 2184 2230],2,2184,46,1115.0,92504.5654047737,45.31362249244189,0.6888984230342465,117.52408766599646,1.6620811631826298,0.6888984230342465,117.52408766599646,1.6620811631826298,0.7650302101447742,0.859070170805237,0.9934744102236679
196,0,45,15,Median,40,[   0 2184 2230],2,2184,46,1115.0,92504.5654047737,45.31362249244189,0.6888984230342465,117.52408766599646,1.6620811631826298,0.6888984230342465,117.52408766599646,1.6620811631826298,0.7650302101447742,0.859070170805237,0.9934744102236679
197,0,45,15,Mode,40,[   0 2184 2230],2,2184,46,1115.0,92504.5654047737,45.31362249244189,0.6888984230342465,117.52408766599646,1.6620811631826298,0.6888984230342465,117.52408766599646,1.6620811631826298,0.7650302101447742,0.859070170805237,0.9934744102236679
198,0,45,15,Median,40,[   0 2184 2230],2,2184,46,1115.0,92504.5654047737,45.31362249244189,0.6888984230342465,117.52408766599646,1.6620811631826298,0.6888984230342465,117.52408766599646,1.6620811631826298,0.7650302101447742,0.859070170805237,0.9934744102236679
199,0,45,15,Mode,40,[   0 2184 2230],2,2184,46,1115.0,92504.5654047737,45.31362249244189,0.6888984230342465,117.52408766599646,1.6620811631826298,0.6888984230342465,117.52408766599646,1.6620811631826298,0.7650302101447742,0.859070170805237,0.9934744102236679
200,0,45,15,Median,40,[   0 2184 2230],2,2184,46,1115.0,92504.5654047737,45.31362249244189,0.6888984230342465,117.52408766599646,1.6620811631826298,0.6888984230342465,117.52408766599646,1.6620811631826298,0.7650302101447742,0.859070170805237,0.9934744102236679
201,0,45,15,Mode,40,[   0 2184 2230],2,2184,46,1115.0,92504.5654047737,45.31362249244189,0.6888984230342465,117.52408766599646,1.6620811631826298,0.6888984230342465,117.52408766599646,1.6620811631826298,0.7650302101447742,0.859070170805237,0.9934744102236679
202,0,45,15,Median,40,[   0 2184 2230],2,2184,46,1115.0,92504.5654047737,45.31362249244189,0.6888984230342465,117.52408766599646,1.6620811631826298,0.6888984230342465,117.52408766599646,1.6620811631826298,0.7650302101447742,0.859070170805237,0.9934744102236679
203,0,45,15,Mode,40,[   0 2184 2230],2,2184,46,1115.0,92504.5654047737,45.31362249244189,0.6888984230342465,117.52408766599646,1.6620811631826298,0.6888984230342465,117.52408766599646,1.6620811631826298,0.7650302101447742,0.859070170805237,0.9934744102236679
204,0,45,15,Median,40,[   0 2184 2230],2,2184,46,1115.0,92504.5654047737,45.31362249244189,0.6888984230342465,117.52408766599646,1.6620811631826298,0.6888984230342465,117.52408766599646,1.6620811631826298,0.7650302101447742,0.859070170805237,0.9934744102236679
205,0,45,15,Mode,40,[   0 2184 2230],2,2184,46,1115.0,92504.5654047737,45.31362249244189,0.6888984230342465,117.52408766599646,1.6620811631826298,0.6888984230342465,117.52408766599646,1.6620811631826298,0.7650302101447742,0.859070170805237,0.9934744102236679
206,0,45,15,Median,40,[   0 2184 2230],2,2184,46,1115.0,92504.5654047737,45.31362249244189,0.6888984230342465,117.52408766599646,1.6620811631826298,0.6888984230342465,117.52408766599646,1.6620811631826298,0.7650302101447742,0.859070170805237,0.9934744102236679
207,0,45,15,Mode,40,[   0 2184 2230],2,2184,46,1115.0,92504.5654047737,45.31362249244189,0.6888984230342465,117.52408766599646,1.6620811631826298,0.6888984230342465,117.52408766599646,1.6620811631826298,0.7650302101447742,0.859070170805237,0.9934744102236679
208,0,45,15,Median,40,[   0 2184 2230],2,2184,46,1115.0,92504.5654047737,45.31362249244189,0.6888984230342465,117.52408766599646,1.6620811631826298,0.6888984230342465,117.52408766599646,1.6620811631826298,0.7650302101447742,0.859070170805237,0.9934744102236679
209,0,45,15,Mode,40,[   0 2184 2230],2,2184,46,1115.0,92504.5654047737,45.31362249244189,0.6888984230342465,117.52408766599646,1.6620811631826298,0.6888984230342465,117.52408766599646,1.6620811631826298,0.7650302101447742,0.859070170805237,0.9934744102236679
210,0,45,15,Median,40,[   0 2184 2230],2,2184,46,1115.0,92504.5654047737,45.31362249244189,0.6888984230342465,117.52408766599646,1.6620811631826298,0.6888984230342465,117.52408766599646,1.6620811631826298,0.7650302101447742,0.859070170805237,0.9934744102236679
211,0,45,15,Mode,40,[   0 2184 2230],2,2184,46,1115.0,92504.5654047737,45.31362249244189,0.6888984230342465,117.52408766599646,1.6620811631826298,0.6888984230342465,117.52408766599646,1.6620811631826298,0.7650302101447742,0.859070170805237,0.9934744102236679
212,0,45,15,Median,40,[   0 2184 2230],2,2184,46,1115.0,92504.5654047737,45.31362249244189,0.6888984230342465,117.52408766599646,1.6620811631826298,0.6888984230342465,117.52408766599646,1.6620811631826298,0.7650302101447742,0.859070170805237,0.9934744102236679
213,0,45,15,Mode,40,[   0 2184 2230],2,2184,46,1115.0,92504.5654047737,45.31362249244189,0.6888984230342465,117.52408766599646,1.6620811631826298,0.6888984230342465,117.52408766599646,1.6620811631826298,0.7650302101447742,0.859070170805237,0.9934744102236679
214,0,45,15,Median,40,[   0 2184 2230],2,2184,46,1115.0,92504.5654047737,45.31362249244189,0.6888984230342465,117.52408766599646,1.6620811631826298,0.6888984230342465,117.52408766599646,1.6620811631826298,0.7650302101447742,0.859070170805237,0.9934744102236679
215,0,45,15,Mode,40,[   0 2184 2230],2,2184,46,1115.0,92504.5654047737,45.31362249244189,0.6888984230342465,117.52408766599646,1.6620811631826298,0.6888984230342465,117.52408766599646,1.6620811631826298,0.7650302101447742,0.859070170805237,0.9934744102236679
216,0,45,15,Median,40,[   0 2184 2230],2,2184,46,1115.0,92504.5654047737,45.31362249244189,0.6888984230342465,117.52408766599646,1.6620811631826298,0.6888984230342465,117.52408766599646,1.6620811631826298,0.7650302101447742,0.859070170805237,0.9934744102236679
217,0,45,15,Mode,40,[   0 2184 2230],2,2184,46,1115.0,92504.5654047737,45.31362249244189,0.6888984230342465,117.52408766599646,1.6620811631826298,0.6888984230342465,117.52408766599646,1.6620811631826298,0.7650302101447742,0.859070170805237,0.9934744102236679
218,0,45,15,Median,40,[   0 2184 2230],2,2184,46,1115.0,92504.5654047737,45.31362249244189,0.6888984230342465,117.52408766599646,1.6620811631826298,0.6888984230342465,117.52408766599646,1.6620811631826298,0.7650302101447742,0.859070170805237,0.9934744102236679
219,0,45,15,Mode,40,[   0 2184 2230],2,2184,46,1115.0,92504.5654047737,45.31362249244189,0.6888984230342465,117.52408766599646,1.6620811631826298,0.6888984230342465,117.52408766599646,1.6620811631826298,0.7650302101447742,0.859070170805237,0.9934744102236679
220,0,45,15,Median,40,[   0 2184 2230],2,2184,46,1115.0,92504.5654047737,45.31362249244189,0.6888984230342465,117.52408766599646,1.6620811631826298,0.6888984230342465,117.52408766599646,1.6620811631826298,0.7650302101447742,0.859070170805237,0.9934744102236679
221,0,45,15,Mode,40,[   0 2184 2230],2,2184,46,1115.0,92504.5654047737,45.31362249244189,0.6888984230342465,117.52408766599646,1.6620811631826298,0.6888984230342465,117.52408766599646,1.6620811631826298,0.7650302101447742,0.859070170805237,0.9934744102236679
222,0,45,15,Median,40,[   0 2184 2230],2,2184,46,1115.0,92504.5654047737,45.31362249244189,0.6888984230342465,117.52408766599646,1.6620811631826298,0.6888984230342465,117.52408766599646,1.6620811631826298,0.7650302101447742,0.859070170805237,0.9934744102236679
223,0,45,15,Mode,40,[   0 2184 2230],2,2184,46,1115.0,92504.5654047737,45.31362249244189,0.6888984230342465,117.52408766599646,1.6620811631826298,0.6888984230342465,117.52408766599646,1.6620811631826298,0.7650302101447742,0.859070170805237,0.9934744102236679
224,0,45,20,Median,40,[   0 2184 2230],2,2184,46,1115.0,92504.5654047737,45.31362249244189,0.6888984230342465,117.52408766599646,1.6620811631826298,0.6888984230342465,117.52408766599646,1.6620811631826298,0.7650302101447742,0.859070170805237,0.9934744102236679
225,0,45,20,Mode,40,[   0 2184 2230],2,2184,46,1115.0,92504.5654047737,45.31362249244189,0.6888984230342465,117.52408766599646,1.6620811631826298,0.6888984230342465,117.52408766599646,1.6620811631826298,0.7650302101447742,0.859070170805237,0.9934744102236679
226,0,45,20,Median,40,[   0 2184 2230],2,2184,46,1115.0,92504.5654047737,45.31362249244189,0.6888984230342465,117.52408766599646,1.6620811631826298,0.6888984230342465,117.52408766599646,1.6620811631826298,0.7650302101447742,0.859070170805237,0.9934744102236679
227,0,45,20,Mode,40,[   0 2184 2230],2,2184,46,1115.0,92504.5654047737,45.31362249244189,0.6888984230342465,117.52408766599646,1.6620811631826298,0.6888984230342465,117.52408766599646,1.6620811631826298,0.7650302101447742,0.859070170805237,0.9934744102236679
228,0,45,20,Median,40,[   0 2184 2230],2,2184,46,1115.0,92504.5654047737,45.31362249244189,0.6888984230342465,117.52408766599646,1.6620811631826298,0.6888984230342465,117.52408766599646,1.6620811631826298,0.7650302101447742,0.859070170805237,0.9934744102236679
229,0,45,20,Mode,40,[   0 2184 2230],2,2184,46,1115.0,92504.5654047737,45.31362249244189,0.6888984230342465,117.52408766599646,1.6620811631826298,0.6888984230342465,117.52408766599646,1.6620811631826298,0.7650302101447742,0.859070170805237,0.9934744102236679
230,0,45,20,Median,40,[   0 2184 2230],2,2184,46,1115.0,92504.5654047737,45.31362249244189,0.6888984230342465,117.52408766599646,1.6620811631826298,0.6888984230342465,117.52408766599646,1.6620811631826298,0.7650302101447742,0.859070170805237,0.9934744102236679
231,0,45,20,Mode,40,[   0 2184 2230],2,2184,46,1115.0,92504.5654047737,45.31362249244189,0.6888984230342465,117.52408766599646,1.6620811631826298,0.6888984230342465,117.52408766599646,1.6620811631826298,0.7650302101447742,0.859070170805237,0.9934744102236679
232,0,45,20,Median,40,[   0 2184 2230],2,2184,46,1115.0,92504.5654047737,45.31362249244189,0.6888984230342465,117.52408766599646,1.6620811631826298,0.6888984230342465,117.52408766599646,1.6620811631826298,0.7650302101447742,0.859070170805237,0.9934744102236679
233,0,45,20,Mode,40,[   0 2184 2230],2,2184,46,1115.0,92504.5654047737,45.31362249244189,0.6888984230342465,117.52408766599646,1.6620811631826298,0.6888984230342465,117.52408766599646,1.6620811631826298,0.7650302101447742,0.859070170805237,0.9934744102236679
234,0,45,20,Median,40,[   0 2184 2230],2,2184,46,1115.0,92504.5654047737,45.31362249244189,0.6888984230342465,117.52408766599646,1.6620811631826298,0.6888984230342465,117.52408766599646,1.6620811631826298,0.7650302101447742,0.859070170805237,0.9934744102236679
235,0,45,20,Mode,40,[   0 2184 2230],2,2184,46,1115.0,92504.5654047737,45.31362249244189,0.6888984230342465,117.52408766599646,1.6620811631826298,0.6888984230342465,117.52408766599646,1.6620811631826298,0.7650302101447742,0.859070170805237,0.9934744102236679
236,0,45,20,Median,40,[   0 2184 2230],2,2184,46,1115.0,92504.5654047737,45.31362249244189,0.6888984230342465,117.52408766599646,1.6620811631826298,0.6888984230342465,117.52408766599646,1.6620811631826298,0.7650302101447742,0.859070170805237,0.9934744102236679
237,0,45,20,Mode,40,[   0 2184 2230],2,2184,46,1115.0,92504.5654047737,45.31362249244189,0.6888984230342465,117.52408766599646,1.6620811631826298,0.6888984230342465,117.52408766599646,1.6620811631826298,0.7650302101447742,0.859070170805237,0.9934744102236679
238,0,45,20,Median,40,[   0 2184 2230],2,2184,46,1115.0,92504.5654047737,45.31362249244189,0.6888984230342465,117.52408766599646,1.6620811631826298,0.6888984230342465,117.52408766599646,1.6620811631826298,0.7650302101447742,0.859070170805237,0.9934744102236679
239,0,45,20,Mode,40,[   0 2184 2230],2,2184,46,1115.0,92504.5654047737,45.31362249244189,0.6888984230342465,117.52408766599646,1.6620811631826298,0.6888984230342465,117.52408766599646,1.6620811631826298,0.7650302101447742,0.859070170805237,0.9934744102236679
240,0,45,20,Median,40,[   0 2184 2230],2,2184,46,1115.0,92504.5654047737,45.31362249244189,0.6888984230342465,117.52408766599646,1.6620811631826298,0.6888984230342465,117.52408766599646,1.6620811631826298,0.7650302101447742,0.859070170805237,0.9934744102236679
241,0,45,20,Mode,40,[   0 2184 2230],2,2184,46,1115.0,92504.5654047737,45.31362249244189,0.6888984230342465,117.52408766599646,1.6620811631826298,0.6888984230342465,117.52408766599646,1.6620811631826298,0.7650302101447742,0.859070170805237,0.9934744102236679
242,0,45,20,Median,40,[   0 2184 2230],2,2184,46,1115.0,92504.5654047737,45.31362249244189,0.6888984230342465,117.52408766599646,1.6620811631826298,0.6888984230342465,117.52408766599646,1.6620811631826298,0.7650302101447742,0.859070170805237,0.9934744102236679
243,0,45,20,Mode,40,[   0 2184 2230],2,2184,46,1115.0,92504.5654047737,45.31362249244189,0.6888984230342465,117.52408766599646,1.6620811631826298,0.6888984230342465,117.52408766599646,1.6620811631826298,0.7650302101447742,0.859070170805237,0.9934744102236679
244,0,45,20,Median,40,[   0 2184 2230],2,2184,46,1115.0,92504.5654047737,45.31362249244189,0.6888984230342465,117.52408766599646,1.6620811631826298,0.6888984230342465,117.52408766599646,1.6620811631826298,0.7650302101447742,0.859070170805237,0.9934744102236679
245,0,45,20,Mode,40,[   0 2184 2230],2,2184,46,1115.0,92504.5654047737,45.31362249244189,0.6888984230342465,117.52408766599646,1.6620811631826298,0.6888984230342465,117.52408766599646,1.6620811631826298,0.7650302101447742,0.859070170805237,0.9934744102236679
246,0,45,20,Median,40,[   0 2184 2230],2,2184,46,1115.0,92504.5654047737,45.31362249244189,0.6888984230342465,117.52408766599646,1.6620811631826298,0.6888984230342465,117.52408766599646,1.6620811631826298,0.7650302101447742,0.859070170805237,0.9934744102236679
247,0,45,20,Mode,40,[   0 2184 2230],2,2184,46,1115.0,92504.5654047737,45.31362249244189,0.6888984230342465,117.52408766599646,1.6620811631826298,0.6888984230342465,117.52408766599646,1.6620811631826298,0.7650302101447742,0.859070170805237,0.9934744102236679
248,0,45,20,Median,40,[   0 2184 2230],2,2184,46,1115.0,92504.5654047737,45.31362249244189,0.6888984230342465,117.52408766599646,1.6620811631826298,0.6888984230342465,117.52408766599646,1.6620811631826298,0.7650302101447742,0.859070170805237,0.9934744102236679
249,0,45,20,Mode,40,[   0 2184 2230],2,2184,46,1115.0,92504.5654047737,45.31362249244189,0.6888984230342465,117.52408766599646,1.6620811631826298,0.6888984230342465,117.52408766599646,1.6620811631826298,0.7650302101447742,0.859070170805237,0.9934744102236679
250,0,45,20,Median,40,[   0 2184 2230],2,2184,46,1115.0,92504.5654047737,45.31362249244189,0.6888984230342465,117.52408766599646,1.6620811631826298,0.6888984230342465,117.52408766599646,1.6620811631826298,0.7650302101447742,0.859070170805237,0.9934744102236679
251,0,45,20,Mode,40,[   0 2184 2230],2,2184,46,1115.0,92504.5654047737,45.31362249244189,0.6888984230342465,117.52408766599646,1.6620811631826298,0.6888984230342465,117.52408766599646,1.6620811631826298,0.7650302101447742,0.859070170805237,0.9934744102236679
252,0,50,10,Median,40,[   0 2184 2230],2,2184,46,1115.0,92504.5654047737,45.31362249244189,0.6888984230342465,117.52408766599646,1.6620811631826298,0.6888984230342465,117.52408766599646,1.6620811631826298,0.7650302101447742,0.859070170805237,0.9934744102236679
253,0,50,10,Mode,40,[   0 2184 2230],2,2184,46,1115.0,92504.5654047737,45.31362249244189,0.6888984230342465,117.52408766599646,1.6620811631826298,0.6888984230342465,117.52408766599646,1.6620811631826298,0.7650302101447742,0.859070170805237,0.9934744102236679
254,0,50,10,Median,40,[   0 2184 2230],2,2184,46,1115.0,92504.5654047737,45.31362249244189,0.6888984230342465,117.52408766599646,1.6620811631826298,0.6888984230342465,117.52408766599646,1.6620811631826298,0.7650302101447742,0.859070170805237,0.9934744102236679
255,0,50,10,Mode,40,[   0 2184 2230],2,2184,46,1115.0,92504.5654047737,45.31362249244189,0.6888984230342465,117.52408766599646,1.6620811631826298,0.6888984230342465,117.52408766599646,1.6620811631826298,0.7650302101447742,0.859070170805237,0.9934744102236679
256,0,50,10,Median,40,[   0 2184 2230],2,2184,46,1115.0,92504.5654047737,45.31362249244189,0.6888984230342465,117.52408766599646,1.6620811631826298,0.6888984230342465,117.52408766599646,1.6620811631826298,0.7650302101447742,0.859070170805237,0.9934744102236679
257,0,50,10,Mode,40,[   0 2184 2230],2,2184,46,1115.0,92504.5654047737,45.31362249244189,0.6888984230342465,117.52408766599646,1.6620811631826298,0.6888984230342465,117.52408766599646,1.6620811631826298,0.7650302101447742,0.859070170805237,0.9934744102236679
258,0,50,10,Median,40,[   0 2184 2230],2,2184,46,1115.0,92504.5654047737,45.31362249244189,0.6888984230342465,117.52408766599646,1.6620811631826298,0.6888984230342465,117.52408766599646,1.6620811631826298,0.7650302101447742,0.859070170805237,0.9934744102236679
259,0,50,10,Mode,40,[   0 2184 2230],2,2184,46,1115.0,92504.5654047737,45.31362249244189,0.6888984230342465,117.52408766599646,1.6620811631826298,0.6888984230342465,117.52408766599646,1.6620811631826298,0.7650302101447742,0.859070170805237,0.9934744102236679
260,0,50,10,Median,40,[   0 2184 2230],2,2184,46,1115.0,92504.5654047737,45.31362249244189,0.6888984230342465,117.52408766599646,1.6620811631826298,0.6888984230342465,117.52408766599646,1.6620811631826298,0.7650302101447742,0.859070170805237,0.9934744102236679
261,0,50,10,Mode,40,[   0 2184 2230],2,2184,46,1115.0,92504.5654047737,45.31362249244189,0.6888984230342465,117.52408766599646,1.6620811631826298,0.6888984230342465,117.52408766599646,1.6620811631826298,0.7650302101447742,0.859070170805237,0.9934744102236679
262,0,50,10,Median,40,[   0 2184 2230],2,2184,46,1115.0,92504.5654047737,45.31362249244189,0.6888984230342465,117.52408766599646,1.6620811631826298,0.6888984230342465,117.52408766599646,1.6620811631826298,0.7650302101447742,0.859070170805237,0.9934744102236679
263,0,50,10,Mode,40,[   0 2184 2230],2,2184,46,1115.0,92504.5654047737,45.31362249244189,0.6888984230342465,117.52408766599646,1.6620811631826298,0.6888984230342465,117.52408766599646,1.6620811631826298,0.7650302101447742,0.859070170805237,0.9934744102236679
264,0,50,10,Median,40,[   0 2184 2230],2,2184,46,1115.0,92504.5654047737,45.31362249244189,0.6888984230342465,117.52408766599646,1.6620811631826298,0.6888984230342465,117.52408766599646,1.6620811631826298,0.7650302101447742,0.859070170805237,0.9934744102236679
265,0,50,10,Mode,40,[   0 2184 2230],2,2184,46,1115.0,92504.5654047737,45.31362249244189,0.6888984230342465,117.52408766599646,1.6620811631826298,0.6888984230342465,117.52408766599646,1.6620811631826298,0.7650302101447742,0.859070170805237,0.9934744102236679
266,0,50,10,Median,40,[   0 2184 2230],2,2184,46,1115.0,92504.5654047737,45.31362249244189,0.6888984230342465,117.52408766599646,1.6620811631826298,0.6888984230342465,117.52408766599646,1.6620811631826298,0.7650302101447742,0.859070170805237,0.9934744102236679
267,0,50,10,Mode,40,[   0 2184 2230],2,2184,46,1115.0,92504.5654047737,45.31362249244189,0.6888984230342465,117.52408766599646,1.6620811631826298,0.6888984230342465,117.52408766599646,1.6620811631826298,0.7650302101447742,0.859070170805237,0.9934744102236679
268,0,50,10,Median,40,[   0 2184 2230],2,2184,46,1115.0,92504.5654047737,45.31362249244189,0.6888984230342465,117.52408766599646,1.6620811631826298,0.6888984230342465,117.52408766599646,1.6620811631826298,0.7650302101447742,0.859070170805237,0.9934744102236679
269,0,50,10,Mode,40,[   0 2184 2230],2,2184,46,1115.0,92504.5654047737,45.31362249244189,0.6888984230342465,117.52408766599646,1.6620811631826298,0.6888984230342465,117.52408766599646,1.6620811631826298,0.7650302101447742,0.859070170805237,0.9934744102236679
270,0,50,10,Median,40,[   0 2184 2230],2,2184,46,1115.0,92504.5654047737,45.31362249244189,0.6888984230342465,117.52408766599646,1.6620811631826298,0.6888984230342465,117.52408766599646,1.6620811631826298,0.7650302101447742,0.859070170805237,0.9934744102236679
271,0,50,10,Mode,40,[   0 2184 2230],2,2184,46,1115.0,92504.5654047737,45.31362249244189,0.6888984230342465,117.52408766599646,1.6620811631826298,0.6888984230342465,117.52408766599646,1.6620811631826298,0.7650302101447742,0.859070170805237,0.9934744102236679
272,0,50,10,Median,40,[   0 2184 2230],2,2184,46,1115.0,92504.5654047737,45.31362249244189,0.6888984230342465,117.52408766599646,1.6620811631826298,0.6888984230342465,117.52408766599646,1.6620811631826298,0.7650302101447742,0.859070170805237,0.9934744102236679
273,0,50,10,Mode,40,[   0 2184 2230],2,2184,46,1115.0,92504.5654047737,45.31362249244189,0.6888984230342465,117.52408766599646,1.6620811631826298,0.6888984230342465,117.52408766599646,1.6620811631826298,0.7650302101447742,0.859070170805237,0.9934744102236679
274,0,50,10,Median,40,[   0 2184 2230],2,2184,46,1115.0,92504.5654047737,45.31362249244189,0.6888984230342465,117.52408766599646,1.6620811631826298,0.6888984230342465,117.52408766599646,1.6620811631826298,0.7650302101447742,0.859070170805237,0.9934744102236679
275,0,50,10,Mode,40,[   0 2184 2230],2,2184,46,1115.0,92504.5654047737,45.31362249244189,0.6888984230342465,117.52408766599646,1.6620811631826298,0.6888984230342465,117.52408766599646,1.6620811631826298,0.7650302101447742,0.859070170805237,0.9934744102236679
276,0,50,10,Median,40,[   0 2184 2230],2,2184,46,1115.0,92504.5654047737,45.31362249244189,0.6888984230342465,117.52408766599646,1.6620811631826298,0.6888984230342465,117.52408766599646,1.6620811631826298,0.7650302101447742,0.859070170805237,0.9934744102236679
277,0,50,10,Mode,40,[   0 2184 2230],2,2184,46,1115.0,92504.5654047737,45.31362249244189,0.6888984230342465,117.52408766599646,1.6620811631826298,0.6888984230342465,117.52408766599646,1.6620811631826298,0.7650302101447742,0.859070170805237,0.9934744102236679
278,0,50,10,Median,40,[   0 2184 2230],2,2184,46,1115.0,92504.5654047737,45.31362249244189,0.6888984230342465,117.52408766599646,1.6620811631826298,0.6888984230342465,117.52408766599646,1.6620811631826298,0.7650302101447742,0.859070170805237,0.9934744102236679
279,0,50,10,Mode,40,[   0 2184 2230],2,2184,46,1115.0,92504.5654047737,45.31362249244189,0.6888984230342465,117.52408766599646,1.6620811631826298,0.6888984230342465,117.52408766599646,1.6620811631826298,0.7650302101447742,0.859070170805237,0.9934744102236679
280,0,50,15,Median,40,[   0 2184 2230],2,2184,46,1115.0,92504.5654047737,45.31362249244189,0.6888984230342465,117.52408766599646,1.6620811631826298,0.6888984230342465,117.52408766599646,1.6620811631826298,0.7650302101447742,0.859070170805237,0.9934744102236679
281,0,50,15,Mode,40,[   0 2184 2230],2,2184,46,1115.0,92504.5654047737,45.31362249244189,0.6888984230342465,117.52408766599646,1.6620811631826298,0.6888984230342465,117.52408766599646,1.6620811631826298,0.7650302101447742,0.859070170805237,0.9934744102236679
282,0,50,15,Median,40,[   0 2184 2230],2,2184,46,1115.0,92504.5654047737,45.31362249244189,0.6888984230342465,117.52408766599646,1.6620811631826298,0.6888984230342465,117.52408766599646,1.6620811631826298,0.7650302101447742,0.859070170805237,0.9934744102236679
283,0,50,15,Mode,40,[   0 2184 2230],2,2184,46,1115.0,92504.5654047737,45.31362249244189,0.6888984230342465,117.52408766599646,1.6620811631826298,0.6888984230342465,117.52408766599646,1.6620811631826298,0.7650302101447742,0.859070170805237,0.9934744102236679
284,0,50,15,Median,40,[   0 2184 2230],2,2184,46,1115.0,92504.5654047737,45.31362249244189,0.6888984230342465,117.52408766599646,1.6620811631826298,0.6888984230342465,117.52408766599646,1.6620811631826298,0.7650302101447742,0.859070170805237,0.9934744102236679
285,0,50,15,Mode,40,[   0 2184 2230],2,2184,46,1115.0,92504.5654047737,45.31362249244189,0.6888984230342465,117.52408766599646,1.6620811631826298,0.6888984230342465,117.52408766599646,1.6620811631826298,0.7650302101447742,0.859070170805237,0.9934744102236679
286,0,50,15,Median,40,[   0 2184 2230],2,2184,46,1115.0,92504.5654047737,45.31362249244189,0.6888984230342465,117.52408766599646,1.6620811631826298,0.6888984230342465,117.52408766599646,1.6620811631826298,0.7650302101447742,0.859070170805237,0.9934744102236679
287,0,50,15,Mode,40,[   0 2184 2230],2,2184,46,1115.0,92504.5654047737,45.31362249244189,0.6888984230342465,117.52408766599646,1.6620811631826298,0.6888984230342465,117.52408766599646,1.6620811631826298,0.7650302101447742,0.859070170805237,0.9934744102236679
288,0,50,15,Median,40,[   0 2184 2230],2,2184,46,1115.0,92504.5654047737,45.31362249244189,0.6888984230342465,117.52408766599646,1.6620811631826298,0.6888984230342465,117.52408766599646,1.6620811631826298,0.7650302101447742,0.859070170805237,0.9934744102236679
289,0,50,15,Mode,40,[   0 2184 2230],2,2184,46,1115.0,92504.5654047737,45.31362249244189,0.6888984230342465,117.52408766599646,1.6620811631826298,0.6888984230342465,117.52408766599646,1.6620811631826298,0.7650302101447742,0.859070170805237,0.9934744102236679
290,0,50,15,Median,40,[   0 2184 2230],2,2184,46,1115.0,92504.5654047737,45.31362249244189,0.6888984230342465,117.52408766599646,1.6620811631826298,0.6888984230342465,117.52408766599646,1.6620811631826298,0.7650302101447742,0.859070170805237,0.9934744102236679
291,0,50,15,Mode,40,[   0 2184 2230],2,2184,46,1115.0,92504.5654047737,45.31362249244189,0.6888984230342465,117.52408766599646,1.6620811631826298,0.6888984230342465,117.52408766599646,1.6620811631826298,0.7650302101447742,0.859070170805237,0.9934744102236679
292,0,50,15,Median,40,[   0 2184 2230],2,2184,46,1115.0,92504.5654047737,45.31362249244189,0.6888984230342465,117.52408766599646,1.6620811631826298,0.6888984230342465,117.52408766599646,1.6620811631826298,0.7650302101447742,0.859070170805237,0.9934744102236679
293,0,50,15,Mode,40,[   0 2184 2230],2,2184,46,1115.0,92504.5654047737,45.31362249244189,0.6888984230342465,117.52408766599646,1.6620811631826298,0.6888984230342465,117.52408766599646,1.6620811631826298,0.7650302101447742,0.859070170805237,0.9934744102236679
294,0,50,15,Median,40,[   0 2184 2230],2,2184,46,1115.0,92504.5654047737,45.31362249244189,0.6888984230342465,117.52408766599646,1.6620811631826298,0.6888984230342465,117.52408766599646,1.6620811631826298,0.7650302101447742,0.859070170805237,0.9934744102236679
295,0,50,15,Mode,40,[   0 2184 2230],2,2184,46,1115.0,92504.5654047737,45.31362249244189,0.6888984230342465,117.52408766599646,1.6620811631826298,0.6888984230342465,117.52408766599646,1.6620811631826298,0.7650302101447742,0.859070170805237,0.9934744102236679
296,0,50,15,Median,40,[   0 2184 2230],2,2184,46,1115.0,92504.5654047737,45.31362249244189,0.6888984230342465,117.52408766599646,1.6620811631826298,0.6888984230342465,117.52408766599646,1.6620811631826298,0.7650302101447742,0.859070170805237,0.9934744102236679
297,0,50,15,Mode,40,[   0 2184 2230],2,2184,46,1115.0,92504.5654047737,45.31362249244189,0.6888984230342465,117.52408766599646,1.6620811631826298,0.6888984230342465,117.52408766599646,1.6620811631826298,0.7650302101447742,0.859070170805237,0.9934744102236679
298,0,50,15,Median,40,[   0 2184 2230],2,2184,46,1115.0,92504.5654047737,45.31362249244189,0.6888984230342465,117.52408766599646,1.6620811631826298,0.6888984230342465,117.52408766599646,1.6620811631826298,0.7650302101447742,0.859070170805237,0.9934744102236679
299,0,50,15,Mode,40,[   0 2184 2230],2,2184,46,1115.0,92504.5654047737,45.31362249244189,0.6888984230342465,117.52408766599646,1.6620811631826298,0.6888984230342465,117.52408766599646,1.6620811631826298,0.7650302101447742,0.859070170805237,0.9934744102236679
300,0,50,15,Median,40,[   0 2184 2230],2,2184,46,1115.0,92504.5654047737,45.31362249244189,0.6888984230342465,117.52408766599646,1.6620811631826298,0.6888984230342465,117.52408766599646,1.6620811631826298,0.7650302101447742,0.859070170805237,0.9934744102236679
301,0,50,15,Mode,40,[   0 2184 2230],2,2184,46,1115.0,92504.5654047737,45.31362249244189,0.6888984230342465,117.52408766599646,1.6620811631826298,0.6888984230342465,117.52408766599646,1.6620811631826298,0.7650302101447742,0.859070170805237,0.9934744102236679
302,0,50,15,Median,40,[   0 2184 2230],2,2184,46,1115.0,92504.5654047737,45.31362249244189,0.6888984230342465,117.52408766599646,1.6620811631826298,0.6888984230342465,117.52408766599646,1.6620811631826298,0.7650302101447742,0.859070170805237,0.9934744102236679
303,0,50,15,Mode,40,[   0 2184 2230],2,2184,46,1115.0,92504.5654047737,45.31362249244189,0.6888984230342465,117.52408766599646,1.6620811631826298,0.6888984230342465,117.52408766599646,1.6620811631826298,0.7650302101447742,0.859070170805237,0.9934744102236679
304,0,50,15,Median,40,[   0 2184 2230],2,2184,46,1115.0,92504.5654047737,45.31362249244189,0.6888984230342465,117.52408766599646,1.6620811631826298,0.6888984230342465,117.52408766599646,1.6620811631826298,0.7650302101447742,0.859070170805237,0.9934744102236679
305,0,50,15,Mode,40,[   0 2184 2230],2,2184,46,1115.0,92504.5654047737,45.31362249244189,0.6888984230342465,117.52408766599646,1.6620811631826298,0.6888984230342465,117.52408766599646,1.6620811631826298,0.7650302101447742,0.859070170805237,0.9934744102236679
306,0,50,15,Median,40,[   0 2184 2230],2,2184,46,1115.0,92504.5654047737,45.31362249244189,0.6888984230342465,117.52408766599646,1.6620811631826298,0.6888984230342465,117.52408766599646,1.6620811631826298,0.7650302101447742,0.859070170805237,0.9934744102236679
307,0,50,15,Mode,40,[   0 2184 2230],2,2184,46,1115.0,92504.5654047737,45.31362249244189,0.6888984230342465,117.52408766599646,1.6620811631826298,0.6888984230342465,117.52408766599646,1.6620811631826298,0.7650302101447742,0.859070170805237,0.9934744102236679
308,0,50,20,Median,40,[   0 2184 2230],2,2184,46,1115.0,92504.5654047737,45.31362249244189,0.6888984230342465,117.52408766599646,1.6620811631826298,0.6888984230342465,117.52408766599646,1.6620811631826298,0.7650302101447742,0.859070170805237,0.9934744102236679
309,0,50,20,Mode,40,[   0 2184 2230],2,2184,46,1115.0,92504.5654047737,45.31362249244189,0.6888984230342465,117.52408766599646,1.6620811631826298,0.6888984230342465,117.52408766599646,1.6620811631826298,0.7650302101447742,0.859070170805237,0.9934744102236679
310,0,50,20,Median,40,[   0 2184 2230],2,2184,46,1115.0,92504.5654047737,45.31362249244189,0.6888984230342465,117.52408766599646,1.6620811631826298,0.6888984230342465,117.52408766599646,1.6620811631826298,0.7650302101447742,0.859070170805237,0.9934744102236679
311,0,50,20,Mode,40,[   0 2184 2230],2,2184,46,1115.0,92504.5654047737,45.31362249244189,0.6888984230342465,117.52408766599646,1.6620811631826298,0.6888984230342465,117.52408766599646,1.6620811631826298,0.7650302101447742,0.859070170805237,0.9934744102236679
312,0,50,20,Median,40,[   0 2184 2230],2,2184,46,1115.0,92504.5654047737,45.31362249244189,0.6888984230342465,117.52408766599646,1.6620811631826298,0.6888984230342465,117.52408766599646,1.6620811631826298,0.7650302101447742,0.859070170805237,0.9934744102236679
313,0,50,20,Mode,40,[   0 2184 2230],2,2184,46,1115.0,92504.5654047737,45.31362249244189,0.6888984230342465,117.52408766599646,1.6620811631826298,0.6888984230342465,117.52408766599646,1.6620811631826298,0.7650302101447742,0.859070170805237,0.9934744102236679
314,0,50,20,Median,40,[   0 2184 2230],2,2184,46,1115.0,92504.5654047737,45.31362249244189,0.6888984230342465,117.52408766599646,1.6620811631826298,0.6888984230342465,117.52408766599646,1.6620811631826298,0.7650302101447742,0.859070170805237,0.9934744102236679
315,0,50,20,Mode,40,[   0 2184 2230],2,2184,46,1115.0,92504.5654047737,45.31362249244189,0.6888984230342465,117.52408766599646,1.6620811631826298,0.6888984230342465,117.52408766599646,1.6620811631826298,0.7650302101447742,0.859070170805237,0.9934744102236679
316,0,50,20,Median,40,[   0 2184 2230],2,2184,46,1115.0,92504.5654047737,45.31362249244189,0.6888984230342465,117.52408766599646,1.6620811631826298,0.6888984230342465,117.52408766599646,1.6620811631826298,0.7650302101447742,0.859070170805237,0.9934744102236679
317,0,50,20,Mode,40,[   0 2184 2230],2,2184,46,1115.0,92504.5654047737,45.31362249244189,0.6888984230342465,117.52408766599646,1.6620811631826298,0.6888984230342465,117.52408766599646,1.6620811631826298,0.7650302101447742,0.859070170805237,0.9934744102236679
318,0,50,20,Median,40,[   0 2184 2230],2,2184,46,1115.0,92504.5654047737,45.31362249244189,0.6888984230342465,117.52408766599646,1.6620811631826298,0.6888984230342465,117.52408766599646,1.6620811631826298,0.7650302101447742,0.859070170805237,0.9934744102236679
319,0,50,20,Mode,40,[   0 2184 2230],2,2184,46,1115.0,92504.5654047737,45.31362249244189,0.6888984230342465,117.52408766599646,1.6620811631826298,0.6888984230342465,117.52408766599646,1.6620811631826298,0.7650302101447742,0.859070170805237,0.9934744102236679
320,0,50,20,Median,40,[   0 2184 2230],2,2184,46,1115.0,92504.5654047737,45.31362249244189,0.6888984230342465,117.52408766599646,1.6620811631826298,0.6888984230342465,117.52408766599646,1.6620811631826298,0.7650302101447742,0.859070170805237,0.9934744102236679
321,0,50,20,Mode,40,[   0 2184 2230],2,2184,46,1115.0,92504.5654047737,45.31362249244189,0.6888984230342465,117.52408766599646,1.6620811631826298,0.6888984230342465,117.52408766599646,1.6620811631826298,0.7650302101447742,0.859070170805237,0.9934744102236679
322,0,50,20,Median,40,[   0 2184 2230],2,2184,46,1115.0,92504.5654047737,45.31362249244189,0.6888984230342465,117.52408766599646,1.6620811631826298,0.6888984230342465,117.52408766599646,1.6620811631826298,0.7650302101447742,0.859070170805237,0.9934744102236679
323,0,50,20,Mode,40,[   0 2184 2230],2,2184,46,1115.0,92504.5654047737,45.31362249244189,0.6888984230342465,117.52408766599646,1.6620811631826298,0.6888984230342465,117.52408766599646,1.6620811631826298,0.7650302101447742,0.859070170805237,0.9934744102236679
324,0,50,20,Median,40,[   0 2184 2230],2,2184,46,1115.0,92504.5654047737,45.31362249244189,0.6888984230342465,117.52408766599646,1.6620811631826298,0.6888984230342465,117.52408766599646,1.6620811631826298,0.7650302101447742,0.859070170805237,0.9934744102236679
325,0,50,20,Mode,40,[   0 2184 2230],2,2184,46,1115.0,92504.5654047737,45.31362249244189,0.6888984230342465,117.52408766599646,1.6620811631826298,0.6888984230342465,117.52408766599646,1.6620811631826298,0.7650302101447742,0.859070170805237,0.9934744102236679
326,0,50,20,Median,40,[   0 2184 2230],2,2184,46,1115.0,92504.5654047737,45.31362249244189,0.6888984230342465,117.52408766599646,1.6620811631826298,0.6888984230342465,117.52408766599646,1.6620811631826298,0.7650302101447742,0.859070170805237,0.9934744102236679
327,0,50,20,Mode,40,[   0 2184 2230],2,2184,46,1115.0,92504.5654047737,45.31362249244189,0.6888984230342465,117.52408766599646,1.6620811631826298,0.6888984230342465,117.52408766599646,1.6620811631826298,0.7650302101447742,0.859070170805237,0.9934744102236679
328,0,50,20,Median,40,[   0 2184 2230],2,2184,46,1115.0,92504.5654047737,45.31362249244189,0.6888984230342465,117.52408766599646,1.6620811631826298,0.6888984230342465,117.52408766599646,1.6620811631826298,0.7650302101447742,0.859070170805237,0.9934744102236679
329,0,50,20,Mode,40,[   0 2184 2230],2,2184,46,1115.0,92504.5654047737,45.31362249244189,0.6888984230342465,117.52408766599646,1.6620811631826298,0.6888984230342465,117.52408766599646,1.6620811631826298,0.7650302101447742,0.859070170805237,0.9934744102236679
330,0,50,20,Median,40,[   0 2184 2230],2,2184,46,1115.0,92504.5654047737,45.31362249244189,0.6888984230342465,117.52408766599646,1.6620811631826298,0.6888984230342465,117.52408766599646,1.6620811631826298,0.7650302101447742,0.859070170805237,0.9934744102236679
331,0,50,20,Mode,40,[   0 2184 2230],2,2184,46,1115.0,92504.5654047737,45.31362249244189,0.6888984230342465,117.52408766599646,1.6620811631826298,0.6888984230342465,117.52408766599646,1.6620811631826298,0.7650302101447742,0.859070170805237,0.9934744102236679
332,0,50,20,Median,40,[   0 2184 2230],2,2184,46,1115.0,92504.5654047737,45.31362249244189,0.6888984230342465,117.52408766599646,1.6620811631826298,0.6888984230342465,117.52408766599646,1.6620811631826298,0.7650302101447742,0.859070170805237,0.9934744102236679
333,0,50,20,Mode,40,[   0 2184 2230],2,2184,46,1115.0,92504.5654047737,45.31362249244189,0.6888984230342465,117.52408766599646,1.6620811631826298,0.6888984230342465,117.52408766599646,1.6620811631826298,0.7650302101447742,0.859070170805237,0.9934744102236679
334,0,50,20,Median,40,[   0 2184 2230],2,2184,46,1115.0,92504.5654047737,45.31362249244189,0.6888984230342465,117.52408766599646,1.6620811631826298,0.6888984230342465,117.52408766599646,1.6620811631826298,0.7650302101447742,0.859070170805237,0.9934744102236679
335,0,50,20,Mode,40,[   0 2184 2230],2,2184,46,1115.0,92504.5654047737,45.31362249244189,0.6888984230342465,117.52408766599646,1.6620811631826298,0.6888984230342465,117.52408766599646,1.6620811631826298,0.7650302101447742,0.859070170805237,0.9934744102236679
336,40,35,10,Median,40,[   0  349 1912 2230],3,1563,318,743.3333333333334,10876.934544352147,6.133490087434258,-0.00862799883201196,12.257863736463086,6.835024217182685,0.11530835861818375,14.565140810169083,5.912586402236707,0.8956970400213689,0.9372987295060103,0.9717150948387256
337,40,35,10,Mode,40,[   0  544 1912 2230],3,1368,318,743.3333333333334,10269.22459362134,5.6700436015664675,-0.053836374648019734,11.791380998749313,7.438208485090745,0.07957034962636778,12.87481032061241,6.684755281849142,0.945644986288259,0.9672355164627954,0.9823982507267905
338,40,35,10,Median,40,[   0  349 1790 2184 2230],4,1441,46,557.5,31086.116935951446,17.912149424211062,0.017565198662343205,46.33319116385889,6.622479454278431,0.2513732147976993,24.156418969561553,4.383572196683386,0.8452060569287736,0.8889331799807967,0.9407355888654558
339,40,35,10,Mode,40,[   0 2185 2230],2,2185,45,1115.0,78152.63128867402,42.10098495746195,0.6230112888114688,98.48443079361614,1.4013527170211768,0.6230112888114688,98.48443079361614,1.4013527170211768,0.7507539956219981,0.8477475132552752,0.9930161096318623
340,40,35,10,Median,40,[   0  349 1741 1912 2184 2230],5,1392,46,446.0,31080.668867450775,18.496410736703602,-0.005534432090167118,39.80802719301204,5.038934496955485,0.2815945676634204,27.48296716319745,3.6133033899293863,0.9036925667512036,0.9535103141866201,0.9738100455148279
341,40,35,10,Mode,40,[   0  544 1692 1912 2185 2230],5,1148,45,446.0,27880.098300827678,17.028224628965525,-0.03380705482567715,35.49901663531484,5.062121505406692,0.22464550165470729,22.94248049211722,3.983595802790069,0.9518894284313008,0.9840971796176239,0.9896464398129761
342,40,35,10,Median,40,[   0  544 1741 1912 2184 2230],5,1197,46,446.0,30719.711954486862,18.23293578471985,-0.021858377180261516,39.42756781972482,5.379029850909061,0.262071782590333,25.91202431079084,3.883337881774373,0.9387038488494112,0.9771641416166866,0.9855484290359321
343,40,35,10,Mode,40,[   0  544 1692 1912 2185 2230],5,1148,45,446.0,27880.098300827678,17.028224628965525,-0.03380705482567715,35.49901663531484,5.062121505406692,0.22464550165470729,22.94248049211722,3.983595802790069,0.9518894284313008,0.9840971796176239,0.9896464398129761
344,40,35,10,Median,40,[   0  544 1692 1912 2184 2230],5,1148,46,446.0,30705.460237545536,17.732039402138117,-0.026104753261324797,39.56263259570465,5.407154545473253,0.24312100761002892,26.06163377142868,3.985854125492961,0.9526347641124961,0.984352166005366,0.9898115851524875
345,40,35,10,Mode,40,[   0  544 1692 1912 2185 2230],5,1148,45,446.0,27880.098300827678,17.028224628965525,-0.03380705482567715,35.49901663531484,5.062121505406692,0.22464550165470729,22.94248049211722,3.983595802790069,0.9518894284313008,0.9840971796176239,0.9896464398129761
346,40,35,10,Median,40,[   0  544 1692 1912 2184 2230],5,1148,46,446.0,30705.460237545536,17.732039402138117,-0.026104753261324797,39.56263259570465,5.407154545473253,0.24312100761002892,26.06163377142868,3.985854125492961,0.9526347641124961,0.984352166005366,0.9898115851524875
347,40,35,10,Mode,40,[   0  544 1692 1912 2185 2230],5,1148,45,446.0,27880.098300827678,17.028224628965525,-0.03380705482567715,35.49901663531484,5.062121505406692,0.22464550165470729,22.94248049211722,3.983595802790069,0.9518894284313008,0.9840971796176239,0.9896464398129761
348,40,35,10,Median,40,[   0  544 1692 1912 2184 2230],5,1148,46,446.0,30705.460237545536,17.732039402138117,-0.026104753261324797,39.56263259570465,5.407154545473253,0.24312100761002892,26.06163377142868,3.985854125492961,0.9526347641124961,0.984352166005366,0.9898115851524875
349,40,35,10,Mode,40,[   0  544 1692 1912 2120 2185 2230],6,1148,45,371.6666666666667,19994.78355710804,16.49594654690306,-0.035635337904691304,30.483296946403847,4.931768368796923,0.1770532147430164,15.73039466505993,3.885936383784221,0.9555081426386229,0.9873405359649643,0.9916989644203332
350,40,35,10,Median,40,[   0  544 1692 1912 1993 2184 2230],6,1148,46,371.6666666666667,24877.612741658646,16.736482029459506,-0.07179515682138521,33.28073650569002,5.380784969688283,0.2050006334222946,20.50264266338669,3.7367249656990422,0.9586455211746485,0.9885164713743494,0.9924644278536472
351,40,35,10,Mode,40,[   0  178  544 1692 1741 1912 1993 2120 2185 2230],9,1148,45,247.77777777777777,10466.116827059795,12.889870317498577,-0.1498944112752174,20.918171596081297,5.74065328521117,0.12116652060441556,7.34888527758458,4.645157556566046,0.9522260583147776,0.9870149243800699,0.9910643927601273
352,40,35,10,Median,40,[   0  544 1692 1790 1912 1993 2184 2230],7,1148,46,318.57142857142856,18943.542045986193,15.192696624890727,-0.07062460378857986,28.770163183416837,5.661253809264274,0.1768365187471671,13.254065781201854,4.290910976814195,0.9320347682356079,0.9810402445663929,0.9874856982324657
353,40,35,10,Mode,40,[   0  178  544 1692 1790 1912 1993 2120 2185 2230],9,1148,45,247.77777777777777,11106.522126754287,13.203336152984198,-0.14935124070863742,21.310061417626855,5.7536745859366984,0.1263809678046028,8.075267710658318,4.511245847981489,0.9341727183030376,0.9797711530674188,0.9860722590271379
354,40,35,10,Median,40,[   0  544 1692 1790 1912 1993 2184 2230],7,1148,46,318.57142857142856,18943.542045986193,15.192696624890727,-0.07062460378857986,28.770163183416837,5.661253809264274,0.1768365187471671,13.254065781201854,4.290910976814195,0.9320347682356079,0.9810402445663929,0.9874856982324657
355,40,35,10,Mode,40,[   0  178  544 1692 1790 1912 1993 2120 2185 2230],9,1148,45,247.77777777777777,11106.522126754287,13.203336152984198,-0.14935124070863742,21.310061417626855,5.7536745859366984,0.1263809678046028,8.075267710658318,4.511245847981489,0.9341727183030376,0.9797711530674188,0.9860722590271379
356,40,35,10,Median,40,[   0  544 1767 1912 1993 2184 2230],6,1223,46,371.6666666666667,25445.16472639633,17.55309240608155,-0.07348088326772183,33.84181266428801,5.275783713096576,0.22175875284269964,21.059890973830406,3.6001953594215266,0.9160006912100633,0.9514250510694071,0.9693896220011896
357,40,35,10,Mode,40,[   0  178  544 1692 1767 1912 1993 2120 2185 2230],9,1148,45,247.77777777777777,10932.892647638571,13.149104939015395,-0.14922515594572777,21.354986821018937,5.5277876452517,0.12285340124767184,7.676714774962638,4.517507498766023,0.9399344721236493,0.9826084250358575,0.9880281684224462
358,40,35,10,Median,40,[   0  349 1767 1912 1993 2184 2230],6,1418,46,371.6666666666667,25753.962139583433,17.771651954434855,-0.07063571897507626,34.16299714011498,5.391967856715752,0.23704530738884783,22.419253983524108,3.3711000164915106,0.8798058898526352,0.9250988992285938,0.9579333943625501
359,40,35,10,Mode,40,[   0  105  349 1692 1767 1912 1993 2120 2185 2230],9,1343,45,247.77777777777777,11234.62085483446,13.589013866989458,-0.14488827064480972,21.672131558894677,5.4742797502506155,0.1369787812435826,8.241191589454766,4.0864059354796805,0.9129948569839134,0.9628103771352244,0.9775312329696642
360,40,35,10,Median,40,[   0  349 1767 1912 1993 2184 2230],6,1418,46,371.6666666666667,25753.962139583433,17.771651954434855,-0.07063571897507626,34.16299714011498,5.391967856715752,0.23704530738884783,22.419253983524108,3.3711000164915106,0.8798058898526352,0.9250988992285938,0.9579333943625501
361,40,35,10,Mode,40,[   0  105  349 1692 1767 1912 1993 2120 2185 2230],9,1343,45,247.77777777777777,11234.62085483446,13.589013866989458,-0.14488827064480972,21.672131558894677,5.4742797502506155,0.1369787812435826,8.241191589454766,4.0864059354796805,0.9129948569839134,0.9628103771352244,0.9775312329696642
362,40,35,10,Median,40,[   0  349 1767 1912 1993 2184 2230],6,1418,46,371.6666666666667,25753.962139583433,17.771651954434855,-0.07063571897507626,34.16299714011498,5.391967856715752,0.23704530738884783,22.419253983524108,3.3711000164915106,0.8798058898526352,0.9250988992285938,0.9579333943625501
363,40,35,10,Mode,40,[   0  349 1767 1912 1993 2184 2230],6,1418,46,371.6666666666667,25753.962139583433,17.771651954434855,-0.07063571897507626,34.16299714011498,5.391967856715752,0.23704530738884783,22.419253983524108,3.3711000164915106,0.8798058898526352,0.9250988992285938,0.9579333943625501
364,40,35,15,Median,40,[   0  544 1912 2230],3,1368,318,743.3333333333334,10269.22459362134,5.6700436015664675,-0.053836374648019734,11.791380998749313,7.438208485090745,0.07957034962636778,12.87481032061241,6.684755281849142,0.945644986288259,0.9672355164627954,0.9823982507267905
365,40,35,15,Mode,40,[   0  544 1912 2230],3,1368,318,743.3333333333334,10269.22459362134,5.6700436015664675,-0.053836374648019734,11.791380998749313,7.438208485090745,0.07957034962636778,12.87481032061241,6.684755281849142,0.945644986288259,0.9672355164627954,0.9823982507267905
366,40,35,15,Median,40,[   0  544 1790 2184 2230],4,1246,46,557.5,30706.192863451517,17.58843235749855,-0.028386414667614806,45.81571517993733,6.314431009161512,0.22622155746265893,22.851509360801042,4.768806690468796,0.8920625093957998,0.917955514624291,0.9504968859349356
367,40,35,15,Mode,40,[   0 2184 2230],2,2184,46,1115.0,92504.5654047737,45.31362249244189,0.6888984230342465,117.52408766599646,1.6620811631826298,0.6888984230342465,117.52408766599646,1.6620811631826298,0.7650302101447742,0.859070170805237,0.9934744102236679
368,40,35,15,Median,40,[   0  349 1736 1912 2184 2230],5,1387,46,446.0,31930.250664794876,18.71055627877366,-0.004216783438043076,40.554899548090326,4.981344945193525,0.2854843131335783,28.89206910827407,3.563658396577274,0.9133985217210137,0.9598405585634137,0.9773405243350449
369,40,35,15,Mode,40,[   0  544 1692 1912 2184 2230],5,1148,46,446.0,30705.460237545536,17.732039402138117,-0.026104753261324797,39.56263259570465,5.407154545473253,0.24312100761002892,26.06163377142868,3.985854125492961,0.9526347641124961,0.984352166005366,0.9898115851524875
370,40,35,15,Median,40,[   0  349 1736 1912 2184 2230],5,1387,46,446.0,31930.250664794876,18.71055627877366,-0.004216783438043076,40.554899548090326,4.981344945193525,0.2854843131335783,28.89206910827407,3.563658396577274,0.9133985217210137,0.9598405585634137,0.9773405243350449
371,40,35,15,Mode,40,[   0  544  765 1692 1912 2184 2230],6,927,46,371.6666666666667,26279.72383101302,16.022593709031725,-0.04269810467269031,33.351534632228564,5.290233759144882,0.2310786308016853,24.50908338353481,3.7025488679397562,0.958899109760333,0.9825331762397335,0.9871855497234837
372,40,35,15,Median,40,[   0  544 1736 1912 2184 2230],5,1192,46,446.0,31524.497948145603,18.437613421221947,-0.02113194136464763,40.142454562276384,5.347993218395862,0.26570499779411827,27.13273997476825,3.84007430934047,0.9474074185621113,0.9830314719063001,0.9892367581828087
373,40,35,15,Mode,40,[   0  544 1692 1912 2184 2230],5,1148,46,446.0,30705.460237545536,17.732039402138117,-0.026104753261324797,39.56263259570465,5.407154545473253,0.24312100761002892,26.06163377142868,3.985854125492961,0.9526347641124961,0.984352166005366,0.9898115851524875
374,40,35,15,Median,40,[   0  544 1790 1912 2184 2230],5,1246,46,446.0,31278.281691356086,19.27495362554254,-0.01976975901896898,39.60832210859319,5.351260416551244,0.2908923767585085,26.44768689214031,3.7620119760459385,0.8873891756472977,0.9227137200548449,0.9523597635864928
375,40,35,15,Mode,40,[   0  544 1790 1912 2184 2230],5,1246,46,446.0,31278.281691356086,19.27495362554254,-0.01976975901896898,39.60832210859319,5.351260416551244,0.2908923767585085,26.44768689214031,3.7620119760459385,0.8873891756472977,0.9227137200548449,0.9523597635864928
376,40,35,15,Median,40,[   0  544 1767 1912 2184 2230],5,1223,46,446.0,31920.280187313205,19.037777190332708,-0.019870359090199005,40.259470458745085,5.31517874586251,0.277938397953374,27.650686953516463,3.7236341393032797,0.9074729098874041,0.9475833214060714,0.9672729493905337
377,40,35,15,Mode,40,[   0  544 1692 1912 2184 2230],5,1148,46,446.0,30705.460237545536,17.732039402138117,-0.026104753261324797,39.56263259570465,5.407154545473253,0.24312100761002892,26.06163377142868,3.985854125492961,0.9526347641124961,0.984352166005366,0.9898115851524875
378,40,35,15,Median,40,[   0  544 1767 1912 1993 2184 2230],6,1223,46,371.6666666666667,25445.16472639633,17.55309240608155,-0.07348088326772183,33.84181266428801,5.275783713096576,0.22175875284269964,21.059890973830406,3.6001953594215266,0.9160006912100633,0.9514250510694071,0.9693896220011896
379,40,35,15,Mode,40,[   0  544 1692 1912 1993 2184 2230],6,1148,46,371.6666666666667,24877.612741658646,16.736482029459506,-0.07179515682138521,33.28073650569002,5.380784969688283,0.2050006334222946,20.50264266338669,3.7367249656990422,0.9586455211746485,0.9885164713743494,0.9924644278536472
380,40,35,15,Median,40,[   0  544  765 1767 1912 1993 2184 2230],7,1002,46,318.57142857142856,22533.3485397586,16.11849513983776,-0.0709232933174294,29.53979229165597,5.767638687060383,0.2148633635001619,20.274338351975825,3.457066764254224,0.92945190635658,0.9519499127923616,0.9655207023718485
381,40,35,15,Mode,40,[   0  544  765 1692 1912 1993 2184 2230],7,927,46,318.57142857142856,22160.80698552936,15.477870180650614,-0.07396571648005455,29.160447435529147,5.7773159291078695,0.20131871511329733,20.13534919148213,3.542158777703691,0.9636807484471606,0.9873102774033554,0.9906232859410332
382,40,35,15,Median,40,[   0  544  765 1767 1912 1993 2184 2230],7,1002,46,318.57142857142856,22533.3485397586,16.11849513983776,-0.0709232933174294,29.53979229165597,5.767638687060383,0.2148633635001619,20.274338351975825,3.457066764254224,0.92945190635658,0.9519499127923616,0.9655207023718485
383,40,35,15,Mode,40,[   0  544  765 1692 1912 1993 2184 2230],7,927,46,318.57142857142856,22160.80698552936,15.477870180650614,-0.07396571648005455,29.160447435529147,5.7773159291078695,0.20131871511329733,20.13534919148213,3.542158777703691,0.9636807484471606,0.9873102774033554,0.9906232859410332
384,40,35,15,Median,40,[   0  544  765 1692 1790 1912 1993 2184 2230],8,927,46,278.75,17329.211015659945,14.323891168307894,-0.07279780076824283,25.888408837738535,6.117764070310896,0.18037102441324884,13.879547995256312,4.015883263436921,0.9409779617547737,0.9784744796148667,0.9840132465495182
385,40,35,15,Mode,40,[   0  544  765 1692 1790 1912 1993 2184 2230],8,927,46,278.75,17329.211015659945,14.323891168307894,-0.07279780076824283,25.888408837738535,6.117764070310896,0.18037102441324884,13.879547995256312,4.015883263436921,0.9409779617547737,0.9784744796148667,0.9840132465495182
386,40,35,15,Median,40,[   0  544  765 1692 1790 1912 1993 2184 2230],8,927,46,278.75,17329.211015659945,14.323891168307894,-0.07279780076824283,25.888408837738535,6.117764070310896,0.18037102441324884,13.879547995256312,4.015883263436921,0.9409779617547737,0.9784744796148667,0.9840132465495182
387,40,35,15,Mode,40,[   0  544  765 1692 1790 1912 1993 2184 2230],8,927,46,278.75,17329.211015659945,14.323891168307894,-0.07279780076824283,25.888408837738535,6.117764070310896,0.18037102441324884,13.879547995256312,4.015883263436921,0.9409779617547737,0.9784744796148667,0.9840132465495182
388,40,35,15,Median,40,[   0  178  544  765 1099 1221 1692 1790 1912 1993 2184 2230],11,471,46,202.72727272727272,13569.916708437862,12.276246904402601,-0.11983866742232062,19.741672014146857,7.960560239206135,0.16995385387475154,13.877018866958997,4.01166565312734,0.9336663677162942,0.9354686710898507,0.9441210890411248
389,40,35,15,Mode,40,[   0  178  544  765 1099 1221 1692 1790 1912 1993 2184 2230],11,471,46,202.72727272727272,13569.916708437862,12.276246904402601,-0.11983866742232062,19.741672014146857,7.960560239206135,0.16995385387475154,13.877018866958997,4.01166565312734,0.9336663677162942,0.9354686710898507,0.9441210890411248
390,40,35,15,Median,40,[   0   83  544  765 1099 1221 1692 1790 1912 1993 2184 2230],11,471,46,202.72727272727272,13832.083096084674,12.60846641023723,-0.11680631726690838,19.973604605185834,7.912807879143172,0.18628939600386282,14.336978191309253,3.829107213056748,0.9300712934317992,0.9364419077831826,0.9454795334418244
391,40,35,15,Mode,40,[   0   83  544  765 1099 1221 1692 1790 1912 1993 2184 2230],11,471,46,202.72727272727272,13832.083096084674,12.60846641023723,-0.11680631726690838,19.973604605185834,7.912807879143172,0.18628939600386282,14.336978191309253,3.829107213056748,0.9300712934317992,0.9364419077831826,0.9454795334418244
392,40,35,20,Median,40,[   0  765 1912 2230],3,1147,318,743.3333333333334,8532.670991336272,4.9160689595608895,-0.030323878734674816,9.893556014799344,11.85408483637208,0.08813705535335452,9.370102876799685,9.939229841156966,0.9530861859549961,0.9719099057946667,0.9833619060425968
393,40,35,20,Mode,40,[   0  765 1912 2230],3,1147,318,743.3333333333334,8532.670991336272,4.9160689595608895,-0.030323878734674816,9.893556014799344,11.85408483637208,0.08813705535335452,9.370102876799685,9.939229841156966,0.9530861859549961,0.9719099057946667,0.9833619060425968
394,40,35,20,Median,40,[   0 2179 2230],2,2179,51,1115.0,94300.09500176371,43.500554555863815,0.6865362519004122,119.92804018498254,1.735049071545533,0.6865362519004122,119.92804018498254,1.735049071545533,0.8383331692358699,0.9129723044190609,0.9957815031131151
395,40,35,20,Mode,40,[   0 2179 2230],2,2179,51,1115.0,94300.09500176371,43.500554555863815,0.6865362519004122,119.92804018498254,1.735049071545533,0.6865362519004122,119.92804018498254,1.735049071545533,0.8383331692358699,0.9129723044190609,0.9957815031131151
396,40,35,20,Median,40,[   0  507 1790 2179 2230],4,1283,51,557.5,30984.105021161773,17.078586677444203,-0.014335518022242135,46.611307513989544,6.775224234889723,0.22829960650726258,23.60686441565352,4.609919821847643,0.8984516061066892,0.9201154956044093,0.9526132982686255
397,40,35,20,Mode,40,[   0 2179 2230],2,2179,51,1115.0,94300.09500176371,43.500554555863815,0.6865362519004122,119.92804018498254,1.735049071545533,0.6865362519004122,119.92804018498254,1.735049071545533,0.8383331692358699,0.9129723044190609,0.9957815031131151
398,40,35,20,Median,40,[   0  544 1692 1912 2184 2230],5,1148,46,446.0,30705.460237545536,17.732039402138117,-0.026104753261324797,39.56263259570465,5.407154545473253,0.24312100761002892,26.06163377142868,3.985854125492961,0.9526347641124961,0.984352166005366,0.9898115851524875
399,40,35,20,Mode,40,[   0 1692 1912 2179 2230],4,1692,51,557.5,38985.79388637695,21.64235957755562,-0.0272194312713717,50.38292687660335,4.891154107389837,0.32230150633729604,29.550131256768054,3.249903171069377,0.9385796581131016,0.9892625475271996,0.9957016332217873
400,40,35,20,Median,40,[   0  105 1692 1912 2184 2230],5,1587,46,446.0,30516.19021864394,18.606754049447996,0.005354384625420686,39.455038451000455,6.283361778724798,0.3057089683907275,26.42452003629601,3.4842468805439863,0.9358392717964558,0.9843534301503163,0.9927045735845884
401,40,35,20,Mode,40,[   0   83 1692 1912 2179 2230],5,1609,51,446.0,31263.17938189469,18.63152432465323,-0.02460391925483955,40.07864237518725,6.97148646248002,0.3147518056240638,27.32359328652579,3.3501813343719955,0.9317988698006547,0.9800449372158834,0.9909071749350378
402,40,35,20,Median,40,[   0  544  765 1692 1912 2184 2230],6,927,46,371.6666666666667,26279.72383101302,16.022593709031725,-0.04269810467269031,33.351534632228564,5.290233759144882,0.2310786308016853,24.50908338353481,3.7025488679397562,0.958899109760333,0.9825331762397335,0.9871855497234837
403,40,35,20,Mode,40,[   0  544  765 1692 1912 2179 2230],6,927,51,371.6666666666667,26866.044200274442,15.839147774216894,-0.04968792098553357,33.81902358882502,5.25104002461129,0.23122375797850747,25.15458055181275,3.646175605872653,0.9623849712849186,0.9840438282095203,0.9882888766853944
404,40,35,20,Median,40,[   0  544  765 1767 1912 2184 2230],6,1002,46,371.6666666666667,27131.077671164552,17.019323513989928,-0.02902955155241845,33.80381212640317,5.296602999473853,0.2584280017201939,25.389864611353754,3.5271920691261656,0.9230340101585731,0.9477485566483019,0.9628246925559565
405,40,35,20,Mode,40,[   0   83  544  765 1692 1790 1912 2179 2230],8,927,51,278.75,18309.691834391204,13.68711237970958,-0.061669728884198034,25.924363097572606,6.4231036803684916,0.2210076222162844,16.73905715930851,4.141496118064269,0.9345063402693223,0.9703637255157216,0.9776541632762925
406,40,35,20,Median,40,[   0  105  544  765 1692 1790 1912 1994 2184 2230],9,927,46,247.77777777777777,15678.805598100305,13.439947674269337,-0.07986813306713778,23.44891252705124,6.654528276397726,0.1857486392896942,13.488371234221493,4.06305111498867,0.9397478897429019,0.9755539893423453,0.9814020301489934
407,40,35,20,Mode,40,[   0   83  544  765 1692 1790 1912 1994 2179 2230],9,927,51,247.77777777777777,16192.53019178179,13.528404357894203,-0.12428029459633831,23.96258349369487,6.522569920842499,0.1944542152831919,14.858940733030163,3.9869850182698023,0.938332297474457,0.9744945567473053,0.9806426859136342
408,40,35,20,Median,40,[   0  105  544  765 1099 1221 1692 1767 1912 1994 2184 2230],11,471,46,202.72727272727272,13699.972338992473,12.516436471478075,-0.11677648423443224,20.03077107973463,7.830089062266672,0.18189398348920144,13.998822067264424,3.823484472193665,0.9368920845372463,0.9439552485784489,0.9518929732857152
409,40,35,20,Mode,40,[   0   83  544  765 1099 1221 1692 1790 1912 1994 2179 2230],11,471,51,202.72727272727272,14255.578454574385,12.612964360831608,-0.1251534126779128,20.408820211875316,7.896749924490729,0.19006862358253276,15.412548156049791,3.7883321067866818,0.9314519199965753,0.9377587688913639,0.9466217095923483
410,40,35,20,Median,40,[   0  105  544  765 1099 1221 1692 1790 1912 1994 2184 2230],11,471,46,202.72727272727272,13844.598779629194,12.542199013931715,-0.11691285817632714,19.993967469031737,7.866642176060907,0.18310416278773456,14.316092557002856,3.849184984161776,0.932641743345082,0.9387729749064766,0.9474435482325426
411,40,35,20,Mode,40,[   0   83  544  765 1099 1221 1692 1790 1912 1994 2179 2230],11,471,51,202.72727272727272,14255.578454574385,12.612964360831608,-0.1251534126779128,20.408820211875316,7.896749924490729,0.19006862358253276,15.412548156049791,3.7883321067866818,0.9314519199965753,0.9377587688913639,0.9466217095923483
412,40,35,20,Median,40,[   0  105  544  765 1099 1221 1692 1767 1912 1994 2184 2230],11,471,46,202.72727272727272,13699.972338992473,12.516436471478075,-0.11677648423443224,20.03077107973463,7.830089062266672,0.18189398348920144,13.998822067264424,3.823484472193665,0.9368920845372463,0.9439552485784489,0.9518929732857152
413,40,35,20,Mode,40,[   0   83  544  765 1099 1221 1692 1790 1912 1994 2179 2230],11,471,51,202.72727272727272,14255.578454574385,12.612964360831608,-0.1251534126779128,20.408820211875316,7.896749924490729,0.19006862358253276,15.412548156049791,3.7883321067866818,0.9314519199965753,0.9377587688913639,0.9466217095923483
414,40,35,20,Median,40,[   0  105  544  765 1099 1221 1692 1790 1912 1994 2184 2230],11,471,46,202.72727272727272,13844.598779629194,12.542199013931715,-0.11691285817632714,19.993967469031737,7.866642176060907,0.18310416278773456,14.316092557002856,3.849184984161776,0.932641743345082,0.9387729749064766,0.9474435482325426
415,40,35,20,Mode,40,[   0   83  544  765 1099 1221 1692 1790 1912 1994 2179 2230],11,471,51,202.72727272727272,14255.578454574385,12.612964360831608,-0.1251534126779128,20.408820211875316,7.896749924490729,0.19006862358253276,15.412548156049791,3.7883321067866818,0.9314519199965753,0.9377587688913639,0.9466217095923483
416,40,35,20,Median,40,[   0   83  544  765 1099 1221 1692 1790 1912 1994 2184 2230],11,471,46,202.72727272727272,13875.48538173259,12.627500522342642,-0.11654943726413183,20.016874125904437,7.924557945931451,0.18707516227680382,14.40216187925084,3.8261659421272896,0.9291532484513079,0.9360309406654778,0.9451272011199632
417,40,35,20,Mode,40,[   0   83  544  765 1099 1221 1692 1790 1912 1994 2179 2230],11,471,51,202.72727272727272,14255.578454574385,12.612964360831608,-0.1251534126779128,20.408820211875316,7.896749924490729,0.19006862358253276,15.412548156049791,3.7883321067866818,0.9314519199965753,0.9377587688913639,0.9466217095923483
418,40,35,20,Median,40,[   0   83  606  765 1099 1221 1692 1790 1912 1994 2184 2230],11,523,46,202.72727272727272,13994.711115851645,12.846944587061,-0.11618435010358272,20.01325167702972,7.6991749809160615,0.19640924936679888,14.905181088699939,3.7425436354435417,0.9307873539343153,0.9403220949807598,0.9492568089905798
419,40,35,20,Mode,40,[   0   83  606  765 1099 1221 1692 1790 1912 1994 2179 2230],11,523,51,202.72727272727272,14374.80418869344,12.832408425549966,-0.12533649634793495,20.405186015625304,7.671366959475341,0.19940271067252782,15.915567365498891,3.704709800102934,0.9331143182223611,0.941980341529128,0.9506779872060209
420,40,40,10,Median,40,[   0  349 1912 2230],3,1563,318,743.3333333333334,10876.934544352147,6.133490087434258,-0.00862799883201196,12.257863736463086,6.835024217182685,0.11530835861818375,14.565140810169083,5.912586402236707,0.8956970400213689,0.9372987295060103,0.9717150948387256
421,40,40,10,Mode,40,[   0 2184 2230],2,2184,46,1115.0,92504.5654047737,45.31362249244189,0.6888984230342465,117.52408766599646,1.6620811631826298,0.6888984230342465,117.52408766599646,1.6620811631826298,0.7650302101447742,0.859070170805237,0.9934744102236679
422,40,40,10,Median,40,[   0  349 1790 2184 2230],4,1441,46,557.5,31086.116935951446,17.912149424211062,0.017565198662343205,46.33319116385889,6.622479454278431,0.2513732147976993,24.156418969561553,4.383572196683386,0.8452060569287736,0.8889331799807967,0.9407355888654558
423,40,40,10,Mode,40,[   0 2184 2230],2,2184,46,1115.0,92504.5654047737,45.31362249244189,0.6888984230342465,117.52408766599646,1.6620811631826298,0.6888984230342465,117.52408766599646,1.6620811631826298,0.7650302101447742,0.859070170805237,0.9934744102236679
424,40,40,10,Median,40,[   0  349 1736 1912 2184 2230],5,1387,46,446.0,31930.250664794876,18.71055627877366,-0.004216783438043076,40.554899548090326,4.981344945193525,0.2854843131335783,28.89206910827407,3.563658396577274,0.9133985217210137,0.9598405585634137,0.9773405243350449
425,40,40,10,Mode,40,[   0  544 1692 1912 2184 2230],5,1148,46,446.0,30705.460237545536,17.732039402138117,-0.026104753261324797,39.56263259570465,5.407154545473253,0.24312100761002892,26.06163377142868,3.985854125492961,0.9526347641124961,0.984352166005366,0.9898115851524875
426,40,40,10,Median,40,[   0  544 1736 1912 2184 2230],5,1192,46,446.0,31524.497948145603,18.437613421221947,-0.02113194136464763,40.142454562276384,5.347993218395862,0.26570499779411827,27.13273997476825,3.84007430934047,0.9474074185621113,0.9830314719063001,0.9892367581828087
427,40,40,10,Mode,40,[   0  544 1692 1912 2184 2230],5,1148,46,446.0,30705.460237545536,17.732039402138117,-0.026104753261324797,39.56263259570465,5.407154545473253,0.24312100761002892,26.06163377142868,3.985854125492961,0.9526347641124961,0.984352166005366,0.9898115851524875
428,40,40,10,Median,40,[   0  544 1767 1912 2184 2230],5,1223,46,446.0,31920.280187313205,19.037777190332708,-0.019870359090199005,40.259470458745085,5.31517874586251,0.277938397953374,27.650686953516463,3.7236341393032797,0.9074729098874041,0.9475833214060714,0.9672729493905337
429,40,40,10,Mode,40,[   0  544 1692 1912 2184 2230],5,1148,46,446.0,30705.460237545536,17.732039402138117,-0.026104753261324797,39.56263259570465,5.407154545473253,0.24312100761002892,26.06163377142868,3.985854125492961,0.9526347641124961,0.984352166005366,0.9898115851524875
430,40,40,10,Median,40,[   0  544 1767 1912 2184 2230],5,1223,46,446.0,31920.280187313205,19.037777190332708,-0.019870359090199005,40.259470458745085,5.31517874586251,0.277938397953374,27.650686953516463,3.7236341393032797,0.9074729098874041,0.9475833214060714,0.9672729493905337
431,40,40,10,Mode,40,[   0  544 1692 1912 2184 2230],5,1148,46,446.0,30705.460237545536,17.732039402138117,-0.026104753261324797,39.56263259570465,5.407154545473253,0.24312100761002892,26.06163377142868,3.985854125492961,0.9526347641124961,0.984352166005366,0.9898115851524875
432,40,40,10,Median,40,[   0  544 1767 1912 2184 2230],5,1223,46,446.0,31920.280187313205,19.037777190332708,-0.019870359090199005,40.259470458745085,5.31517874586251,0.277938397953374,27.650686953516463,3.7236341393032797,0.9074729098874041,0.9475833214060714,0.9672729493905337
433,40,40,10,Mode,40,[   0  544 1692 1912 2184 2230],5,1148,46,446.0,30705.460237545536,17.732039402138117,-0.026104753261324797,39.56263259570465,5.407154545473253,0.24312100761002892,26.06163377142868,3.985854125492961,0.9526347641124961,0.984352166005366,0.9898115851524875
434,40,40,10,Median,40,[   0  544 1767 1912 1993 2184 2230],6,1223,46,371.6666666666667,25445.16472639633,17.55309240608155,-0.07348088326772183,33.84181266428801,5.275783713096576,0.22175875284269964,21.059890973830406,3.6001953594215266,0.9160006912100633,0.9514250510694071,0.9693896220011896
435,40,40,10,Mode,40,[   0  544 1692 1912 1993 2184 2230],6,1148,46,371.6666666666667,24877.612741658646,16.736482029459506,-0.07179515682138521,33.28073650569002,5.380784969688283,0.2050006334222946,20.50264266338669,3.7367249656990422,0.9586455211746485,0.9885164713743494,0.9924644278536472
436,40,40,10,Median,40,[   0  544 1692 1790 1912 1993 2184 2230],7,1148,46,318.57142857142856,18943.542045986193,15.192696624890727,-0.07062460378857986,28.770163183416837,5.661253809264274,0.1768365187471671,13.254065781201854,4.290910976814195,0.9320347682356079,0.9810402445663929,0.9874856982324657
437,40,40,10,Mode,40,[   0  544 1692 1790 1912 1993 2184 2230],7,1148,46,318.57142857142856,18943.542045986193,15.192696624890727,-0.07062460378857986,28.770163183416837,5.661253809264274,0.1768365187471671,13.254065781201854,4.290910976814195,0.9320347682356079,0.9810402445663929,0.9874856982324657
438,40,40,10,Median,40,[   0  544 1692 1790 1912 1993 2184 2230],7,1148,46,318.57142857142856,18943.542045986193,15.192696624890727,-0.07062460378857986,28.770163183416837,5.661253809264274,0.1768365187471671,13.254065781201854,4.290910976814195,0.9320347682356079,0.9810402445663929,0.9874856982324657
439,40,40,10,Mode,40,[   0  544 1692 1790 1912 1993 2184 2230],7,1148,46,318.57142857142856,18943.542045986193,15.192696624890727,-0.07062460378857986,28.770163183416837,5.661253809264274,0.1768365187471671,13.254065781201854,4.290910976814195,0.9320347682356079,0.9810402445663929,0.9874856982324657
440,40,40,10,Median,40,[   0  544 1767 1912 1993 2184 2230],6,1223,46,371.6666666666667,25445.16472639633,17.55309240608155,-0.07348088326772183,33.84181266428801,5.275783713096576,0.22175875284269964,21.059890973830406,3.6001953594215266,0.9160006912100633,0.9514250510694071,0.9693896220011896
441,40,40,10,Mode,40,[   0  544 1767 1912 1993 2184 2230],6,1223,46,371.6666666666667,25445.16472639633,17.55309240608155,-0.07348088326772183,33.84181266428801,5.275783713096576,0.22175875284269964,21.059890973830406,3.6001953594215266,0.9160006912100633,0.9514250510694071,0.9693896220011896
442,40,40,10,Median,40,[   0  349 1767 1912 1993 2184 2230],6,1418,46,371.6666666666667,25753.962139583433,17.771651954434855,-0.07063571897507626,34.16299714011498,5.391967856715752,0.23704530738884783,22.419253983524108,3.3711000164915106,0.8798058898526352,0.9250988992285938,0.9579333943625501
443,40,40,10,Mode,40,[   0  349 1767 1912 1993 2184 2230],6,1418,46,371.6666666666667,25753.962139583433,17.771651954434855,-0.07063571897507626,34.16299714011498,5.391967856715752,0.23704530738884783,22.419253983524108,3.3711000164915106,0.8798058898526352,0.9250988992285938,0.9579333943625501
444,40,40,10,Median,40,[   0  349 1767 1912 1993 2184 2230],6,1418,46,371.6666666666667,25753.962139583433,17.771651954434855,-0.07063571897507626,34.16299714011498,5.391967856715752,0.23704530738884783,22.419253983524108,3.3711000164915106,0.8798058898526352,0.9250988992285938,0.9579333943625501
445,40,40,10,Mode,40,[   0  349 1767 1912 1993 2184 2230],6,1418,46,371.6666666666667,25753.962139583433,17.771651954434855,-0.07063571897507626,34.16299714011498,5.391967856715752,0.23704530738884783,22.419253983524108,3.3711000164915106,0.8798058898526352,0.9250988992285938,0.9579333943625501
446,40,40,10,Median,40,[   0  349 1767 1912 1993 2184 2230],6,1418,46,371.6666666666667,25753.962139583433,17.771651954434855,-0.07063571897507626,34.16299714011498,5.391967856715752,0.23704530738884783,22.419253983524108,3.3711000164915106,0.8798058898526352,0.9250988992285938,0.9579333943625501
447,40,40,10,Mode,40,[   0  349 1767 1912 1993 2184 2230],6,1418,46,371.6666666666667,25753.962139583433,17.771651954434855,-0.07063571897507626,34.16299714011498,5.391967856715752,0.23704530738884783,22.419253983524108,3.3711000164915106,0.8798058898526352,0.9250988992285938,0.9579333943625501
448,40,40,15,Median,40,[   0  544 1912 2230],3,1368,318,743.3333333333334,10269.22459362134,5.6700436015664675,-0.053836374648019734,11.791380998749313,7.438208485090745,0.07957034962636778,12.87481032061241,6.684755281849142,0.945644986288259,0.9672355164627954,0.9823982507267905
449,40,40,15,Mode,40,[   0  544 1912 2230],3,1368,318,743.3333333333334,10269.22459362134,5.6700436015664675,-0.053836374648019734,11.791380998749313,7.438208485090745,0.07957034962636778,12.87481032061241,6.684755281849142,0.945644986288259,0.9672355164627954,0.9823982507267905
450,40,40,15,Median,40,[   0  544 1790 2184 2230],4,1246,46,557.5,30706.192863451517,17.58843235749855,-0.028386414667614806,45.81571517993733,6.314431009161512,0.22622155746265893,22.851509360801042,4.768806690468796,0.8920625093957998,0.917955514624291,0.9504968859349356
451,40,40,15,Mode,40,[   0 2184 2230],2,2184,46,1115.0,92504.5654047737,45.31362249244189,0.6888984230342465,117.52408766599646,1.6620811631826298,0.6888984230342465,117.52408766599646,1.6620811631826298,0.7650302101447742,0.859070170805237,0.9934744102236679
452,40,40,15,Median,40,[   0  544 1692 1912 2184 2230],5,1148,46,446.0,30705.460237545536,17.732039402138117,-0.026104753261324797,39.56263259570465,5.407154545473253,0.24312100761002892,26.06163377142868,3.985854125492961,0.9526347641124961,0.984352166005366,0.9898115851524875
453,40,40,15,Mode,40,[   0  544 1692 1912 2184 2230],5,1148,46,446.0,30705.460237545536,17.732039402138117,-0.026104753261324797,39.56263259570465,5.407154545473253,0.24312100761002892,26.06163377142868,3.985854125492961,0.9526347641124961,0.984352166005366,0.9898115851524875
454,40,40,15,Median,40,[   0  428 1692 1912 2184 2230],5,1264,46,446.0,31771.315734513486,18.104499122164036,-0.012255031408410954,40.71526851494734,4.90848366301193,0.25888718591195825,29.122412492051964,3.617842220475835,0.9508199775433891,0.9849518079426083,0.9907087877082854
455,40,40,15,Mode,40,[   0  544  765 1692 1912 2184 2230],6,927,46,371.6666666666667,26279.72383101302,16.022593709031725,-0.04269810467269031,33.351534632228564,5.290233759144882,0.2310786308016853,24.50908338353481,3.7025488679397562,0.958899109760333,0.9825331762397335,0.9871855497234837
456,40,40,15,Median,40,[   0  544 1692 1912 2184 2230],5,1148,46,446.0,30705.460237545536,17.732039402138117,-0.026104753261324797,39.56263259570465,5.407154545473253,0.24312100761002892,26.06163377142868,3.985854125492961,0.9526347641124961,0.984352166005366,0.9898115851524875
457,40,40,15,Mode,40,[   0  544 1692 1912 2184 2230],5,1148,46,446.0,30705.460237545536,17.732039402138117,-0.026104753261324797,39.56263259570465,5.407154545473253,0.24312100761002892,26.06163377142868,3.985854125492961,0.9526347641124961,0.984352166005366,0.9898115851524875
458,40,40,15,Median,40,[   0  544 1767 1912 2184 2230],5,1223,46,446.0,31920.280187313205,19.037777190332708,-0.019870359090199005,40.259470458745085,5.31517874586251,0.277938397953374,27.650686953516463,3.7236341393032797,0.9074729098874041,0.9475833214060714,0.9672729493905337
459,40,40,15,Mode,40,[   0  544 1790 1912 2184 2230],5,1246,46,446.0,31278.281691356086,19.27495362554254,-0.01976975901896898,39.60832210859319,5.351260416551244,0.2908923767585085,26.44768689214031,3.7620119760459385,0.8873891756472977,0.9227137200548449,0.9523597635864928
460,40,40,15,Median,40,[   0  544  765 1767 1912 2184 2230],6,1002,46,371.6666666666667,27131.077671164552,17.019323513989928,-0.02902955155241845,33.80381212640317,5.296602999473853,0.2584280017201939,25.389864611353754,3.5271920691261656,0.9230340101585731,0.9477485566483019,0.9628246925559565
461,40,40,15,Mode,40,[   0  544  765 1692 1790 1912 2184 2230],7,927,46,318.57142857142856,20228.00339736521,14.8040855941844,-0.04155652353430177,28.82944612241772,5.770614063011922,0.21381677056680357,17.03543642415167,4.162087517385131,0.9354569535891131,0.9737663298340968,0.980641938439961
462,40,40,15,Median,40,[   0  544  765 1767 1912 2184 2230],6,1002,46,371.6666666666667,27131.077671164552,17.019323513989928,-0.02902955155241845,33.80381212640317,5.296602999473853,0.2584280017201939,25.389864611353754,3.5271920691261656,0.9230340101585731,0.9477485566483019,0.9628246925559565
463,40,40,15,Mode,40,[   0  544  765 1692 1790 1912 2184 2230],7,927,46,318.57142857142856,20228.00339736521,14.8040855941844,-0.04155652353430177,28.82944612241772,5.770614063011922,0.21381677056680357,17.03543642415167,4.162087517385131,0.9354569535891131,0.9737663298340968,0.980641938439961
464,40,40,15,Median,40,[   0  544  765 1767 1912 1993 2184 2230],7,1002,46,318.57142857142856,22533.3485397586,16.11849513983776,-0.0709232933174294,29.53979229165597,5.767638687060383,0.2148633635001619,20.274338351975825,3.457066764254224,0.92945190635658,0.9519499127923616,0.9655207023718485
465,40,40,15,Mode,40,[   0  544  765 1692 1790 1912 1993 2184 2230],8,927,46,278.75,17329.211015659945,14.323891168307894,-0.07279780076824283,25.888408837738535,6.117764070310896,0.18037102441324884,13.879547995256312,4.015883263436921,0.9409779617547737,0.9784744796148667,0.9840132465495182
466,40,40,15,Median,40,[   0  544  765 1767 1912 1993 2184 2230],7,1002,46,318.57142857142856,22533.3485397586,16.11849513983776,-0.0709232933174294,29.53979229165597,5.767638687060383,0.2148633635001619,20.274338351975825,3.457066764254224,0.92945190635658,0.9519499127923616,0.9655207023718485
467,40,40,15,Mode,40,[   0  544  765 1692 1790 1912 1993 2184 2230],8,927,46,278.75,17329.211015659945,14.323891168307894,-0.07279780076824283,25.888408837738535,6.117764070310896,0.18037102441324884,13.879547995256312,4.015883263436921,0.9409779617547737,0.9784744796148667,0.9840132465495182
468,40,40,15,Median,40,[   0  544  765 1692 1790 1912 1993 2184 2230],8,927,46,278.75,17329.211015659945,14.323891168307894,-0.07279780076824283,25.888408837738535,6.117764070310896,0.18037102441324884,13.879547995256312,4.015883263436921,0.9409779617547737,0.9784744796148667,0.9840132465495182
469,40,40,15,Mode,40,[   0  544  765 1692 1790 1912 1993 2184 2230],8,927,46,278.75,17329.211015659945,14.323891168307894,-0.07279780076824283,25.888408837738535,6.117764070310896,0.18037102441324884,13.879547995256312,4.015883263436921,0.9409779617547737,0.9784744796148667,0.9840132465495182
470,40,40,15,Median,40,[   0  178  544  765 1099 1228 1692 1790 1912 1993 2184 2230],11,464,46,202.72727272727272,13793.600877155535,12.389267162525325,-0.1209685403980955,19.930283857763357,7.908426426706925,0.17055233472788242,14.468231283926727,3.951561723089018,0.9306235218325706,0.9285679357893165,0.9381713435286202
471,40,40,15,Mode,40,[   0  178  544  765 1099 1228 1692 1790 1912 1993 2184 2230],11,464,46,202.72727272727272,13793.600877155535,12.389267162525325,-0.1209685403980955,19.930283857763357,7.908426426706925,0.17055233472788242,14.468231283926727,3.951561723089018,0.9306235218325706,0.9285679357893165,0.9381713435286202
472,40,40,15,Median,40,[   0  178  544  765 1099 1228 1692 1790 1912 1993 2184 2230],11,464,46,202.72727272727272,13793.600877155535,12.389267162525325,-0.1209685403980955,19.930283857763357,7.908426426706925,0.17055233472788242,14.468231283926727,3.951561723089018,0.9306235218325706,0.9285679357893165,0.9381713435286202
473,40,40,15,Mode,40,[   0  178  544  765 1099 1228 1692 1790 1912 1993 2184 2230],11,464,46,202.72727272727272,13793.600877155535,12.389267162525325,-0.1209685403980955,19.930283857763357,7.908426426706925,0.17055233472788242,14.468231283926727,3.951561723089018,0.9306235218325706,0.9285679357893165,0.9381713435286202
474,40,40,15,Median,40,[   0   83  544  765 1099 1228 1692 1790 1912 1993 2184 2230],11,464,46,202.72727272727272,14055.767264802344,12.721486668359955,-0.11800750388236604,20.16257883110451,7.8923148672464665,0.1868878768569937,14.928190608276982,3.7690032830184257,0.9269647602048992,0.9299731809798589,0.9399432424208548
475,40,40,15,Mode,40,[   0   83  544  765 1099 1228 1692 1790 1912 1993 2184 2230],11,464,46,202.72727272727272,14055.767264802344,12.721486668359955,-0.11800750388236604,20.16257883110451,7.8923148672464665,0.1868878768569937,14.928190608276982,3.7690032830184257,0.9269647602048992,0.9299731809798589,0.9399432424208548
476,40,40,20,Median,40,[   0  765 1912 2230],3,1147,318,743.3333333333334,8532.670991336272,4.9160689595608895,-0.030323878734674816,9.893556014799344,11.85408483637208,0.08813705535335452,9.370102876799685,9.939229841156966,0.9530861859549961,0.9719099057946667,0.9833619060425968
477,40,40,20,Mode,40,[   0  765 1912 2230],3,1147,318,743.3333333333334,8532.670991336272,4.9160689595608895,-0.030323878734674816,9.893556014799344,11.85408483637208,0.08813705535335452,9.370102876799685,9.939229841156966,0.9530861859549961,0.9719099057946667,0.9833619060425968
478,40,40,20,Median,40,[   0 1790 2184 2230],3,1790,46,743.3333333333334,41775.6989022001,23.907745106681524,0.13551653989437784,64.43119283030833,5.027678856435415,0.34130649722085066,25.509859683561032,4.240583983494632,0.8052469312166489,0.8887102663369852,0.9623643537945036
479,40,40,20,Mode,40,[   0 2184 2230],2,2184,46,1115.0,92504.5654047737,45.31362249244189,0.6888984230342465,117.52408766599646,1.6620811631826298,0.6888984230342465,117.52408766599646,1.6620811631826298,0.7650302101447742,0.859070170805237,0.9934744102236679
480,40,40,20,Median,40,[   0  544 1790 2184 2230],4,1246,46,557.5,30706.192863451517,17.58843235749855,-0.028386414667614806,45.81571517993733,6.314431009161512,0.22622155746265893,22.851509360801042,4.768806690468796,0.8920625093957998,0.917955514624291,0.9504968859349356
481,40,40,20,Mode,40,[   0 2184 2230],2,2184,46,1115.0,92504.5654047737,45.31362249244189,0.6888984230342465,117.52408766599646,1.6620811631826298,0.6888984230342465,117.52408766599646,1.6620811631826298,0.7650302101447742,0.859070170805237,0.9934744102236679
482,40,40,20,Median,40,[   0  544 1692 1912 2184 2230],5,1148,46,446.0,30705.460237545536,17.732039402138117,-0.026104753261324797,39.56263259570465,5.407154545473253,0.24312100761002892,26.06163377142868,3.985854125492961,0.9526347641124961,0.984352166005366,0.9898115851524875
483,40,40,20,Mode,40,[   0 1692 1912 2184 2230],4,1692,46,557.5,38008.59327094125,21.948102802247003,0.005755417766839012,49.61481277104422,4.840626270678975,0.32205962770925917,28.474302642971494,3.343858607847882,0.9317858786048543,0.9880242788093576,0.9952089028410925
484,40,40,20,Median,40,[   0  105 1692 1912 2184 2230],5,1587,46,446.0,30516.19021864394,18.606754049447996,0.005354384625420686,39.455038451000455,6.283361778724798,0.3057089683907275,26.42452003629601,3.4842468805439863,0.9358392717964558,0.9843534301503163,0.9927045735845884
485,40,40,20,Mode,40,[   0   83 1692 1912 2184 2230],5,1609,46,446.0,30530.278920317913,18.86083174317177,0.005988021970975139,39.498333642520734,6.912196070479027,0.3145703966530362,26.51672182617837,3.4206479119558746,0.9260977555288323,0.9788472717245844,0.9903674149497355
486,40,40,20,Median,40,[   0  507 1692 1912 2184 2230],5,1185,46,446.0,31175.864853500396,17.883225967900778,-0.020327931212746658,40.02466617622952,5.200758282472382,0.24879862796637278,27.343981644884778,3.822015392402587,0.9544156329306951,0.9860181458077426,0.9910286751585275
487,40,40,20,Mode,40,[   0  507 1692 1912 2184 2230],5,1185,46,446.0,31175.864853500396,17.883225967900778,-0.020327931212746658,40.02466617622952,5.200758282472382,0.24879862796637278,27.343981644884778,3.822015392402587,0.9544156329306951,0.9860181458077426,0.9910286751585275
488,40,40,20,Median,40,[   0  507 1767 1912 2184 2230],5,1260,46,446.0,32349.33155457913,19.184162859721987,-0.013715409784391275,40.69388587988181,5.093499533218823,0.283388193056751,28.795347223216346,3.558926235810667,0.9085865757631899,0.9485803675899965,0.9684363759176244
489,40,40,20,Mode,40,[   0   83  507  765 1692 1790 1912 2184 2230],8,927,46,278.75,17520.044148334648,13.52832039914155,-0.057835813126929994,25.447461438940724,6.146534514776024,0.2075341041978652,15.151684239783842,4.370101282497958,0.9332183276622544,0.9695062724393507,0.9769259896385517
490,40,40,20,Median,40,[   0   94  507  765 1099 1228 1692 1767 1912 2184 2230],10,464,46,223.0,15137.946632804225,12.493737440208115,-0.12583045302021384,21.327141701410557,7.1994637503444725,0.1931966809564295,15.864283266685195,3.966657735817092,0.9350547647098103,0.9349413016793644,0.9442321342209451
491,40,40,20,Mode,40,[   0   83  507  765 1099 1228 1692 1790 1912 2184 2230],10,464,46,223.0,15321.221142632925,12.632639646937443,-0.1252196945411763,21.36349584980464,7.2367808713632495,0.20063499580102384,16.347814326879714,3.952675112075011,0.9239735555126164,0.9244637189388387,0.9352636481841206
492,40,40,20,Median,40,[   0   94  507  765 1099 1228 1692 1767 1912 1994 2184 2230],11,464,46,202.72727272727272,13622.290487087192,12.425097871778464,-0.11935793139929235,20.073359650585754,7.2888855353150666,0.17437302184352688,13.812503933279169,3.877788224992784,0.9383147130166517,0.9406572209679012,0.9489898719268308
493,40,40,20,Mode,40,[   0   83  507  765 1099 1228 1692 1790 1912 1994 2184 2230],11,464,46,202.72727272727272,13826.146986560387,12.532682255653997,-0.11873361651859916,20.106304910901137,7.33497851993156,0.1793269172430545,14.27263832432175,3.8683321039128176,0.9275620038659901,0.9298230523963881,0.9396352621756598
494,40,40,20,Median,40,[   0   94  544  765 1099 1228 1692 1767 1912 1994 2184 2230],11,464,46,202.72727272727272,13894.057443023314,12.631943631281294,-0.11834785378497678,20.172045601100756,7.872781996822544,0.18270348795349087,14.522866057555888,3.7711914291350697,0.9369245598036195,0.9406071368258977,0.9490938236896185
495,40,40,20,Mode,40,[   0   83  507  765 1099 1228 1692 1790 1912 1994 2184 2230],11,464,46,202.72727272727272,13826.146986560387,12.532682255653997,-0.11873361651859916,20.106304910901137,7.33497851993156,0.1793269172430545,14.27263832432175,3.8683321039128176,0.9275620038659901,0.9298230523963881,0.9396352621756598
496,40,40,20,Median,40,[   0   94  544  765 1099 1228 1692 1767 1912 1994 2184 2230],11,464,46,202.72727272727272,13894.057443023314,12.631943631281294,-0.11834785378497678,20.172045601100756,7.872781996822544,0.18270348795349087,14.522866057555888,3.7711914291350697,0.9369245598036195,0.9406071368258977,0.9490938236896185
497,40,40,20,Mode,40,[   0   83  507  765 1099 1228 1692 1790 1912 1994 2184 2230],11,464,46,202.72727272727272,13826.146986560387,12.532682255653997,-0.11873361651859916,20.106304910901137,7.33497851993156,0.1793269172430545,14.27263832432175,3.8683321039128176,0.9275620038659901,0.9298230523963881,0.9396352621756598
498,40,40,20,Median,40,[   0   94  544  765 1099 1228 1692 1790 1912 1994 2184 2230],11,464,46,202.72727272727272,14041.03629525114,12.656923222819868,-0.11848617565999986,20.1351989984741,7.878909000331192,0.18384920539397354,14.844257102236677,3.7982426038909027,0.932665471243472,0.9354471825328562,0.9446694927208251
499,40,40,20,Mode,40,[   0   83  507  765 1099 1228 1692 1790 1912 1994 2184 2230],11,464,46,202.72727272727272,13826.146986560387,12.532682255653997,-0.11873361651859916,20.106304910901137,7.33497851993156,0.1793269172430545,14.27263832432175,3.8683321039128176,0.9275620038659901,0.9298230523963881,0.9396352621756598
500,40,40,20,Median,40,[   0   94  544  765 1099 1228 1692 1790 1912 1994 2184 2230],11,464,46,202.72727272727272,14041.03629525114,12.656923222819868,-0.11848617565999986,20.1351989984741,7.878909000331192,0.18384920539397354,14.844257102236677,3.7982426038909027,0.932665471243472,0.9354471825328562,0.9446694927208251
501,40,40,20,Mode,40,[   0   83  544  765 1099 1228 1692 1790 1912 1994 2184 2230],11,464,46,202.72727272727272,14099.169550450262,12.740520780465367,-0.11770743434042663,20.205915996665784,7.904871998489005,0.1876736431299347,14.99337429621857,3.766062012088967,0.9260478937132341,0.9295601899226263,0.9395893134693992
502,40,40,20,Median,40,[   0   83  544  765 1099 1228 1692 1790 1912 1994 2184 2230],11,464,46,202.72727272727272,14099.169550450262,12.740520780465367,-0.11770743434042663,20.205915996665784,7.904871998489005,0.1876736431299347,14.99337429621857,3.766062012088967,0.9260478937132341,0.9295601899226263,0.9395893134693992
503,40,40,20,Mode,40,[   0   83  544  765 1099 1228 1692 1790 1912 1994 2184 2230],11,464,46,202.72727272727272,14099.169550450262,12.740520780465367,-0.11770743434042663,20.205915996665784,7.904871998489005,0.1876736431299347,14.99337429621857,3.766062012088967,0.9260478937132341,0.9295601899226263,0.9395893134693992
504,40,45,10,Median,40,[   0  349 1934 2230],3,1585,296,743.3333333333334,10700.586295762365,6.196506259611491,-0.007927295457398516,12.074558701462337,6.83743817523708,0.12189699003760136,14.355528869100857,5.9291929425973136,0.9500011721021733,0.9704042292611829,0.9867738473964776
505,40,45,10,Mode,40,[   0 2184 2230],2,2184,46,1115.0,92504.5654047737,45.31362249244189,0.6888984230342465,117.52408766599646,1.6620811631826298,0.6888984230342465,117.52408766599646,1.6620811631826298,0.7650302101447742,0.859070170805237,0.9934744102236679
506,40,45,10,Median,40,[   0  349 1790 2184 2230],4,1441,46,557.5,31086.116935951446,17.912149424211062,0.017565198662343205,46.33319116385889,6.622479454278431,0.2513732147976993,24.156418969561553,4.383572196683386,0.8452060569287736,0.8889331799807967,0.9407355888654558
507,40,45,10,Mode,40,[   0  544 1692 2184 2230],4,1148,46,557.5,32218.436843050014,17.724675897214066,-0.034941742777561034,46.96067812689346,6.160302335987769,0.2310300748221035,26.601452945891836,4.535436160064186,0.9747879248163208,0.9907756623525539,0.994213946420111
508,40,45,10,Median,40,[   0  349 1692 1912 2184 2230],5,1343,46,446.0,31133.633737796255,18.004793296802596,-0.00904457778283836,39.98979834998407,5.08296962930834,0.2636274533662202,27.840539202552144,3.718822859692485,0.9204261312434712,0.9618250889821018,0.9777021418158569
509,40,45,10,Mode,40,[   0  544 1692 1912 2184 2230],5,1148,46,446.0,30705.460237545536,17.732039402138117,-0.026104753261324797,39.56263259570465,5.407154545473253,0.24312100761002892,26.06163377142868,3.985854125492961,0.9526347641124961,0.984352166005366,0.9898115851524875
510,40,45,10,Median,40,[   0  544 1692 1912 2184 2230],5,1148,46,446.0,30705.460237545536,17.732039402138117,-0.026104753261324797,39.56263259570465,5.407154545473253,0.24312100761002892,26.06163377142868,3.985854125492961,0.9526347641124961,0.984352166005366,0.9898115851524875
511,40,45,10,Mode,40,[   0  544 1692 1912 2184 2230],5,1148,46,446.0,30705.460237545536,17.732039402138117,-0.026104753261324797,39.56263259570465,5.407154545473253,0.24312100761002892,26.06163377142868,3.985854125492961,0.9526347641124961,0.984352166005366,0.9898115851524875
512,40,45,10,Median,40,[   0  544 1767 1912 2184 2230],5,1223,46,446.0,31920.280187313205,19.037777190332708,-0.019870359090199005,40.259470458745085,5.31517874586251,0.277938397953374,27.650686953516463,3.7236341393032797,0.9074729098874041,0.9475833214060714,0.9672729493905337
513,40,45,10,Mode,40,[   0  544 1692 1912 2184 2230],5,1148,46,446.0,30705.460237545536,17.732039402138117,-0.026104753261324797,39.56263259570465,5.407154545473253,0.24312100761002892,26.06163377142868,3.985854125492961,0.9526347641124961,0.984352166005366,0.9898115851524875
514,40,45,10,Median,40,[   0  544 1767 1912 2184 2230],5,1223,46,446.0,31920.280187313205,19.037777190332708,-0.019870359090199005,40.259470458745085,5.31517874586251,0.277938397953374,27.650686953516463,3.7236341393032797,0.9074729098874041,0.9475833214060714,0.9672729493905337
515,40,45,10,Mode,40,[   0  544 1692 1912 2184 2230],5,1148,46,446.0,30705.460237545536,17.732039402138117,-0.026104753261324797,39.56263259570465,5.407154545473253,0.24312100761002892,26.06163377142868,3.985854125492961,0.9526347641124961,0.984352166005366,0.9898115851524875
516,40,45,10,Median,40,[   0  544 1767 1912 2184 2230],5,1223,46,446.0,31920.280187313205,19.037777190332708,-0.019870359090199005,40.259470458745085,5.31517874586251,0.277938397953374,27.650686953516463,3.7236341393032797,0.9074729098874041,0.9475833214060714,0.9672729493905337
517,40,45,10,Mode,40,[   0  544 1692 1912 2184 2230],5,1148,46,446.0,30705.460237545536,17.732039402138117,-0.026104753261324797,39.56263259570465,5.407154545473253,0.24312100761002892,26.06163377142868,3.985854125492961,0.9526347641124961,0.984352166005366,0.9898115851524875
518,40,45,10,Median,40,[   0  544 1767 1912 2184 2230],5,1223,46,446.0,31920.280187313205,19.037777190332708,-0.019870359090199005,40.259470458745085,5.31517874586251,0.277938397953374,27.650686953516463,3.7236341393032797,0.9074729098874041,0.9475833214060714,0.9672729493905337
519,40,45,10,Mode,40,[   0  544 1692 1912 2184 2230],5,1148,46,446.0,30705.460237545536,17.732039402138117,-0.026104753261324797,39.56263259570465,5.407154545473253,0.24312100761002892,26.06163377142868,3.985854125492961,0.9526347641124961,0.984352166005366,0.9898115851524875
520,40,45,10,Median,40,[   0  544 1692 1790 1912 1993 2184 2230],7,1148,46,318.57142857142856,18943.542045986193,15.192696624890727,-0.07062460378857986,28.770163183416837,5.661253809264274,0.1768365187471671,13.254065781201854,4.290910976814195,0.9320347682356079,0.9810402445663929,0.9874856982324657
521,40,45,10,Mode,40,[   0  544 1692 1790 1912 1993 2184 2230],7,1148,46,318.57142857142856,18943.542045986193,15.192696624890727,-0.07062460378857986,28.770163183416837,5.661253809264274,0.1768365187471671,13.254065781201854,4.290910976814195,0.9320347682356079,0.9810402445663929,0.9874856982324657
522,40,45,10,Median,40,[   0  544 1692 1790 1912 1993 2184 2230],7,1148,46,318.57142857142856,18943.542045986193,15.192696624890727,-0.07062460378857986,28.770163183416837,5.661253809264274,0.1768365187471671,13.254065781201854,4.290910976814195,0.9320347682356079,0.9810402445663929,0.9874856982324657
523,40,45,10,Mode,40,[   0  544 1692 1790 1912 1993 2184 2230],7,1148,46,318.57142857142856,18943.542045986193,15.192696624890727,-0.07062460378857986,28.770163183416837,5.661253809264274,0.1768365187471671,13.254065781201854,4.290910976814195,0.9320347682356079,0.9810402445663929,0.9874856982324657
524,40,45,10,Median,40,[   0  544 1767 1912 1993 2184 2230],6,1223,46,371.6666666666667,25445.16472639633,17.55309240608155,-0.07348088326772183,33.84181266428801,5.275783713096576,0.22175875284269964,21.059890973830406,3.6001953594215266,0.9160006912100633,0.9514250510694071,0.9693896220011896
525,40,45,10,Mode,40,[   0  544 1767 1912 1993 2184 2230],6,1223,46,371.6666666666667,25445.16472639633,17.55309240608155,-0.07348088326772183,33.84181266428801,5.275783713096576,0.22175875284269964,21.059890973830406,3.6001953594215266,0.9160006912100633,0.9514250510694071,0.9693896220011896
526,40,45,10,Median,40,[   0  349 1767 1912 1993 2184 2230],6,1418,46,371.6666666666667,25753.962139583433,17.771651954434855,-0.07063571897507626,34.16299714011498,5.391967856715752,0.23704530738884783,22.419253983524108,3.3711000164915106,0.8798058898526352,0.9250988992285938,0.9579333943625501
527,40,45,10,Mode,40,[   0  349 1767 1912 1993 2184 2230],6,1418,46,371.6666666666667,25753.962139583433,17.771651954434855,-0.07063571897507626,34.16299714011498,5.391967856715752,0.23704530738884783,22.419253983524108,3.3711000164915106,0.8798058898526352,0.9250988992285938,0.9579333943625501
528,40,45,10,Median,40,[   0  349 1767 1912 1993 2184 2230],6,1418,46,371.6666666666667,25753.962139583433,17.771651954434855,-0.07063571897507626,34.16299714011498,5.391967856715752,0.23704530738884783,22.419253983524108,3.3711000164915106,0.8798058898526352,0.9250988992285938,0.9579333943625501
529,40,45,10,Mode,40,[   0  349 1767 1912 1993 2184 2230],6,1418,46,371.6666666666667,25753.962139583433,17.771651954434855,-0.07063571897507626,34.16299714011498,5.391967856715752,0.23704530738884783,22.419253983524108,3.3711000164915106,0.8798058898526352,0.9250988992285938,0.9579333943625501
530,40,45,10,Median,40,[   0  349 1767 1912 1993 2184 2230],6,1418,46,371.6666666666667,25753.962139583433,17.771651954434855,-0.07063571897507626,34.16299714011498,5.391967856715752,0.23704530738884783,22.419253983524108,3.3711000164915106,0.8798058898526352,0.9250988992285938,0.9579333943625501
531,40,45,10,Mode,40,[   0  349 1767 1912 1993 2184 2230],6,1418,46,371.6666666666667,25753.962139583433,17.771651954434855,-0.07063571897507626,34.16299714011498,5.391967856715752,0.23704530738884783,22.419253983524108,3.3711000164915106,0.8798058898526352,0.9250988992285938,0.9579333943625501
532,40,45,15,Median,40,[   0  544 1912 2230],3,1368,318,743.3333333333334,10269.22459362134,5.6700436015664675,-0.053836374648019734,11.791380998749313,7.438208485090745,0.07957034962636778,12.87481032061241,6.684755281849142,0.945644986288259,0.9672355164627954,0.9823982507267905
533,40,45,15,Mode,40,[   0 2184 2230],2,2184,46,1115.0,92504.5654047737,45.31362249244189,0.6888984230342465,117.52408766599646,1.6620811631826298,0.6888984230342465,117.52408766599646,1.6620811631826298,0.7650302101447742,0.859070170805237,0.9934744102236679
534,40,45,15,Median,40,[   0  544 1790 2184 2230],4,1246,46,557.5,30706.192863451517,17.58843235749855,-0.028386414667614806,45.81571517993733,6.314431009161512,0.22622155746265893,22.851509360801042,4.768806690468796,0.8920625093957998,0.917955514624291,0.9504968859349356
535,40,45,15,Mode,40,[   0  544 1692 2184 2230],4,1148,46,557.5,32218.436843050014,17.724675897214066,-0.034941742777561034,46.96067812689346,6.160302335987769,0.2310300748221035,26.601452945891836,4.535436160064186,0.9747879248163208,0.9907756623525539,0.994213946420111
536,40,45,15,Median,40,[   0  544 1692 1912 2184 2230],5,1148,46,446.0,30705.460237545536,17.732039402138117,-0.026104753261324797,39.56263259570465,5.407154545473253,0.24312100761002892,26.06163377142868,3.985854125492961,0.9526347641124961,0.984352166005366,0.9898115851524875
537,40,45,15,Mode,40,[   0  544 1692 1912 2184 2230],5,1148,46,446.0,30705.460237545536,17.732039402138117,-0.026104753261324797,39.56263259570465,5.407154545473253,0.24312100761002892,26.06163377142868,3.985854125492961,0.9526347641124961,0.984352166005366,0.9898115851524875
538,40,45,15,Median,40,[   0  428 1692 1912 2184 2230],5,1264,46,446.0,31771.315734513486,18.104499122164036,-0.012255031408410954,40.71526851494734,4.90848366301193,0.25888718591195825,29.122412492051964,3.617842220475835,0.9508199775433891,0.9849518079426083,0.9907087877082854
539,40,45,15,Mode,40,[   0  544  765 1692 1912 2184 2230],6,927,46,371.6666666666667,26279.72383101302,16.022593709031725,-0.04269810467269031,33.351534632228564,5.290233759144882,0.2310786308016853,24.50908338353481,3.7025488679397562,0.958899109760333,0.9825331762397335,0.9871855497234837
540,40,45,15,Median,40,[   0  544 1692 1912 2184 2230],5,1148,46,446.0,30705.460237545536,17.732039402138117,-0.026104753261324797,39.56263259570465,5.407154545473253,0.24312100761002892,26.06163377142868,3.985854125492961,0.9526347641124961,0.984352166005366,0.9898115851524875
541,40,45,15,Mode,40,[   0  544 1692 1912 2184 2230],5,1148,46,446.0,30705.460237545536,17.732039402138117,-0.026104753261324797,39.56263259570465,5.407154545473253,0.24312100761002892,26.06163377142868,3.985854125492961,0.9526347641124961,0.984352166005366,0.9898115851524875
542,40,45,15,Median,40,[   0  544 1767 1912 2184 2230],5,1223,46,446.0,31920.280187313205,19.037777190332708,-0.019870359090199005,40.259470458745085,5.31517874586251,0.277938397953374,27.650686953516463,3.7236341393032797,0.9074729098874041,0.9475833214060714,0.9672729493905337
543,40,45,15,Mode,40,[   0  544 1790 1912 2184 2230],5,1246,46,446.0,31278.281691356086,19.27495362554254,-0.01976975901896898,39.60832210859319,5.351260416551244,0.2908923767585085,26.44768689214031,3.7620119760459385,0.8873891756472977,0.9227137200548449,0.9523597635864928
544,40,45,15,Median,40,[   0  544  765 1767 1912 2184 2230],6,1002,46,371.6666666666667,27131.077671164552,17.019323513989928,-0.02902955155241845,33.80381212640317,5.296602999473853,0.2584280017201939,25.389864611353754,3.5271920691261656,0.9230340101585731,0.9477485566483019,0.9628246925559565
545,40,45,15,Mode,40,[   0  544  765 1692 1790 1912 2184 2230],7,927,46,318.57142857142856,20228.00339736521,14.8040855941844,-0.04155652353430177,28.82944612241772,5.770614063011922,0.21381677056680357,17.03543642415167,4.162087517385131,0.9354569535891131,0.9737663298340968,0.980641938439961
546,40,45,15,Median,40,[   0  544  765 1767 1912 2184 2230],6,1002,46,371.6666666666667,27131.077671164552,17.019323513989928,-0.02902955155241845,33.80381212640317,5.296602999473853,0.2584280017201939,25.389864611353754,3.5271920691261656,0.9230340101585731,0.9477485566483019,0.9628246925559565
547,40,45,15,Mode,40,[   0  544  765 1692 1790 1912 2184 2230],7,927,46,318.57142857142856,20228.00339736521,14.8040855941844,-0.04155652353430177,28.82944612241772,5.770614063011922,0.21381677056680357,17.03543642415167,4.162087517385131,0.9354569535891131,0.9737663298340968,0.980641938439961
548,40,45,15,Median,40,[   0  544  765 1767 1912 1993 2184 2230],7,1002,46,318.57142857142856,22533.3485397586,16.11849513983776,-0.0709232933174294,29.53979229165597,5.767638687060383,0.2148633635001619,20.274338351975825,3.457066764254224,0.92945190635658,0.9519499127923616,0.9655207023718485
549,40,45,15,Mode,40,[   0  544  765 1692 1790 1912 1993 2184 2230],8,927,46,278.75,17329.211015659945,14.323891168307894,-0.07279780076824283,25.888408837738535,6.117764070310896,0.18037102441324884,13.879547995256312,4.015883263436921,0.9409779617547737,0.9784744796148667,0.9840132465495182
550,40,45,15,Median,40,[   0  544  765 1692 1790 1912 1993 2184 2230],8,927,46,278.75,17329.211015659945,14.323891168307894,-0.07279780076824283,25.888408837738535,6.117764070310896,0.18037102441324884,13.879547995256312,4.015883263436921,0.9409779617547737,0.9784744796148667,0.9840132465495182
551,40,45,15,Mode,40,[   0  544  765 1692 1790 1912 1993 2184 2230],8,927,46,278.75,17329.211015659945,14.323891168307894,-0.07279780076824283,25.888408837738535,6.117764070310896,0.18037102441324884,13.879547995256312,4.015883263436921,0.9409779617547737,0.9784744796148667,0.9840132465495182
552,40,45,15,Median,40,[   0  544  765 1692 1790 1912 1993 2184 2230],8,927,46,278.75,17329.211015659945,14.323891168307894,-0.07279780076824283,25.888408837738535,6.117764070310896,0.18037102441324884,13.879547995256312,4.015883263436921,0.9409779617547737,0.9784744796148667,0.9840132465495182
553,40,45,15,Mode,40,[   0  544  765 1692 1790 1912 1993 2184 2230],8,927,46,278.75,17329.211015659945,14.323891168307894,-0.07279780076824283,25.888408837738535,6.117764070310896,0.18037102441324884,13.879547995256312,4.015883263436921,0.9409779617547737,0.9784744796148667,0.9840132465495182
554,40,45,15,Median,40,[   0  178  544  765 1099 1228 1692 1790 1912 1993 2184 2230],11,464,46,202.72727272727272,13793.600877155535,12.389267162525325,-0.1209685403980955,19.930283857763357,7.908426426706925,0.17055233472788242,14.468231283926727,3.951561723089018,0.9306235218325706,0.9285679357893165,0.9381713435286202
555,40,45,15,Mode,40,[   0  178  544  765 1099 1228 1692 1790 1912 1993 2184 2230],11,464,46,202.72727272727272,13793.600877155535,12.389267162525325,-0.1209685403980955,19.930283857763357,7.908426426706925,0.17055233472788242,14.468231283926727,3.951561723089018,0.9306235218325706,0.9285679357893165,0.9381713435286202
556,40,45,15,Median,40,[   0  178  544  765 1099 1228 1692 1790 1912 1993 2184 2230],11,464,46,202.72727272727272,13793.600877155535,12.389267162525325,-0.1209685403980955,19.930283857763357,7.908426426706925,0.17055233472788242,14.468231283926727,3.951561723089018,0.9306235218325706,0.9285679357893165,0.9381713435286202
557,40,45,15,Mode,40,[   0  178  544  765 1099 1228 1692 1790 1912 1993 2184 2230],11,464,46,202.72727272727272,13793.600877155535,12.389267162525325,-0.1209685403980955,19.930283857763357,7.908426426706925,0.17055233472788242,14.468231283926727,3.951561723089018,0.9306235218325706,0.9285679357893165,0.9381713435286202
558,40,45,15,Median,40,[   0   83  544  765 1099 1228 1692 1790 1912 1993 2184 2230],11,464,46,202.72727272727272,14055.767264802344,12.721486668359955,-0.11800750388236604,20.16257883110451,7.8923148672464665,0.1868878768569937,14.928190608276982,3.7690032830184257,0.9269647602048992,0.9299731809798589,0.9399432424208548
559,40,45,15,Mode,40,[   0   83  544  765 1099 1228 1692 1790 1912 1993 2184 2230],11,464,46,202.72727272727272,14055.767264802344,12.721486668359955,-0.11800750388236604,20.16257883110451,7.8923148672464665,0.1868878768569937,14.928190608276982,3.7690032830184257,0.9269647602048992,0.9299731809798589,0.9399432424208548
560,40,45,20,Median,40,[   0  765 1912 2230],3,1147,318,743.3333333333334,8532.670991336272,4.9160689595608895,-0.030323878734674816,9.893556014799344,11.85408483637208,0.08813705535335452,9.370102876799685,9.939229841156966,0.9530861859549961,0.9719099057946667,0.9833619060425968
561,40,45,20,Mode,40,[   0  765 1912 2230],3,1147,318,743.3333333333334,8532.670991336272,4.9160689595608895,-0.030323878734674816,9.893556014799344,11.85408483637208,0.08813705535335452,9.370102876799685,9.939229841156966,0.9530861859549961,0.9719099057946667,0.9833619060425968
562,40,45,20,Median,40,[   0 1790 2184 2230],3,1790,46,743.3333333333334,41775.6989022001,23.907745106681524,0.13551653989437784,64.43119283030833,5.027678856435415,0.34130649722085066,25.509859683561032,4.240583983494632,0.8052469312166489,0.8887102663369852,0.9623643537945036
563,40,45,20,Mode,40,[   0 2184 2230],2,2184,46,1115.0,92504.5654047737,45.31362249244189,0.6888984230342465,117.52408766599646,1.6620811631826298,0.6888984230342465,117.52408766599646,1.6620811631826298,0.7650302101447742,0.859070170805237,0.9934744102236679
564,40,45,20,Median,40,[   0  544 1790 2184 2230],4,1246,46,557.5,30706.192863451517,17.58843235749855,-0.028386414667614806,45.81571517993733,6.314431009161512,0.22622155746265893,22.851509360801042,4.768806690468796,0.8920625093957998,0.917955514624291,0.9504968859349356
565,40,45,20,Mode,40,[   0 2184 2230],2,2184,46,1115.0,92504.5654047737,45.31362249244189,0.6888984230342465,117.52408766599646,1.6620811631826298,0.6888984230342465,117.52408766599646,1.6620811631826298,0.7650302101447742,0.859070170805237,0.9934744102236679
566,40,45,20,Median,40,[   0  544 1692 1912 2184 2230],5,1148,46,446.0,30705.460237545536,17.732039402138117,-0.026104753261324797,39.56263259570465,5.407154545473253,0.24312100761002892,26.06163377142868,3.985854125492961,0.9526347641124961,0.984352166005366,0.9898115851524875
567,40,45,20,Mode,40,[   0 1692 1912 2184 2230],4,1692,46,557.5,38008.59327094125,21.948102802247003,0.005755417766839012,49.61481277104422,4.840626270678975,0.32205962770925917,28.474302642971494,3.343858607847882,0.9317858786048543,0.9880242788093576,0.9952089028410925
568,40,45,20,Median,40,[   0  105 1692 1912 2184 2230],5,1587,46,446.0,30516.19021864394,18.606754049447996,0.005354384625420686,39.455038451000455,6.283361778724798,0.3057089683907275,26.42452003629601,3.4842468805439863,0.9358392717964558,0.9843534301503163,0.9927045735845884
569,40,45,20,Mode,40,[   0   83 1692 1912 2184 2230],5,1609,46,446.0,30530.278920317913,18.86083174317177,0.005988021970975139,39.498333642520734,6.912196070479027,0.3145703966530362,26.51672182617837,3.4206479119558746,0.9260977555288323,0.9788472717245844,0.9903674149497355
570,40,45,20,Median,40,[   0  507 1692 1912 2184 2230],5,1185,46,446.0,31175.864853500396,17.883225967900778,-0.020327931212746658,40.02466617622952,5.200758282472382,0.24879862796637278,27.343981644884778,3.822015392402587,0.9544156329306951,0.9860181458077426,0.9910286751585275
571,40,45,20,Mode,40,[   0  507 1692 1912 2184 2230],5,1185,46,446.0,31175.864853500396,17.883225967900778,-0.020327931212746658,40.02466617622952,5.200758282472382,0.24879862796637278,27.343981644884778,3.822015392402587,0.9544156329306951,0.9860181458077426,0.9910286751585275
572,40,45,20,Median,40,[   0   94  507  765 1692 1768 1912 2184 2230],8,927,46,278.75,17202.95139142949,13.306098874265473,-0.05771242354345361,25.327399392891582,6.03232169661962,0.1984386737288762,14.524897161824835,4.428712340701905,0.946583283840096,0.9764088658289526,0.9821298882390352
573,40,45,20,Mode,40,[   0   83  507  765 1692 1790 1912 2184 2230],8,927,46,278.75,17520.044148334648,13.52832039914155,-0.057835813126929994,25.447461438940724,6.146534514776024,0.2075341041978652,15.151684239783842,4.370101282497958,0.9332183276622544,0.9695062724393507,0.9769259896385517
574,40,45,20,Median,40,[   0   94  507  765 1099 1228 1692 1768 1912 2184 2230],10,464,46,223.0,15099.462749357472,12.490520361418103,-0.12602110974597197,21.2690824874396,7.302903125435693,0.19483944770206793,15.944236053387044,3.9789925601982197,0.9348129043953436,0.9346818911853103,0.9440098315016437
575,40,45,20,Mode,40,[   0   83  507  765 1099 1228 1692 1790 1912 2184 2230],10,464,46,223.0,15321.221142632925,12.632639646937443,-0.1252196945411763,21.36349584980464,7.2367808713632495,0.20063499580102384,16.347814326879714,3.952675112075011,0.9239735555126164,0.9244637189388387,0.9352636481841206
576,40,45,20,Median,40,[   0   94  507  765 1099 1228 1692 1768 1912 1994 2184 2230],11,464,46,202.72727272727272,13624.411536947984,12.422918923094596,-0.11954903157460932,20.020744652804616,7.382921330852542,0.17613672431030536,13.929685294473439,3.8896344050924214,0.938079696735113,0.9403899183444692,0.94876032533575
577,40,45,20,Mode,40,[   0   83  507  765 1099 1228 1692 1790 1912 1994 2184 2230],11,464,46,202.72727272727272,13826.146986560387,12.532682255653997,-0.11873361651859916,20.106304910901137,7.33497851993156,0.1793269172430545,14.27263832432175,3.8683321039128176,0.9275620038659901,0.9298230523963881,0.9396352621756598
578,40,45,20,Median,40,[   0   94  507  765 1099 1228 1692 1768 1912 1994 2184 2230],11,464,46,202.72727272727272,13624.411536947984,12.422918923094596,-0.11954903157460932,20.020744652804616,7.382921330852542,0.17613672431030536,13.929685294473439,3.8896344050924214,0.938079696735113,0.9403899183444692,0.94876032533575
579,40,45,20,Mode,40,[   0   83  507  765 1099 1228 1692 1790 1912 1994 2184 2230],11,464,46,202.72727272727272,13826.146986560387,12.532682255653997,-0.11873361651859916,20.106304910901137,7.33497851993156,0.1793269172430545,14.27263832432175,3.8683321039128176,0.9275620038659901,0.9298230523963881,0.9396352621756598
580,40,45,20,Median,40,[   0   94  507  765 1099 1228 1692 1768 1912 1994 2184 2230],11,464,46,202.72727272727272,13624.411536947984,12.422918923094596,-0.11954903157460932,20.020744652804616,7.382921330852542,0.17613672431030536,13.929685294473439,3.8896344050924214,0.938079696735113,0.9403899183444692,0.94876032533575
581,40,45,20,Mode,40,[   0   83  507  765 1099 1228 1692 1790 1912 1994 2184 2230],11,464,46,202.72727272727272,13826.146986560387,12.532682255653997,-0.11873361651859916,20.106304910901137,7.33497851993156,0.1793269172430545,14.27263832432175,3.8683321039128176,0.9275620038659901,0.9298230523963881,0.9396352621756598
582,40,45,20,Median,40,[   0   94  507  765 1099 1228 1692 1790 1912 1994 2184 2230],11,464,46,202.72727272727272,13769.26933931502,12.450077463317038,-0.11949625348928715,20.03654308219358,7.295012538823718,0.17551873928400955,14.133894977959958,3.9048393997486173,0.9340733343962369,0.9354071028228846,0.9444751301490815
583,40,45,20,Mode,40,[   0   83  507  765 1099 1228 1692 1790 1912 1994 2184 2230],11,464,46,202.72727272727272,13826.146986560387,12.532682255653997,-0.11873361651859916,20.106304910901137,7.33497851993156,0.1793269172430545,14.27263832432175,3.8683321039128176,0.9275620038659901,0.9298230523963881,0.9396352621756598
584,40,45,20,Median,40,[   0   94  507  765 1099 1228 1692 1790 1912 1994 2184 2230],11,464,46,202.72727272727272,13769.26933931502,12.450077463317038,-0.11949625348928715,20.03654308219358,7.295012538823718,0.17551873928400955,14.133894977959958,3.9048393997486173,0.9340733343962369,0.9354071028228846,0.9444751301490815
585,40,45,20,Mode,40,[   0   83  507  765 1099 1228 1692 1790 1912 1994 2184 2230],11,464,46,202.72727272727272,13826.146986560387,12.532682255653997,-0.11873361651859916,20.106304910901137,7.33497851993156,0.1793269172430545,14.27263832432175,3.8683321039128176,0.9275620038659901,0.9298230523963881,0.9396352621756598
586,40,45,20,Median,40,[   0   94  544  765 1099 1228 1692 1790 1912 1994 2184 2230],11,464,46,202.72727272727272,14041.03629525114,12.656923222819868,-0.11848617565999986,20.1351989984741,7.878909000331192,0.18384920539397354,14.844257102236677,3.7982426038909027,0.932665471243472,0.9354471825328562,0.9446694927208251
587,40,45,20,Mode,40,[   0   83  544  765 1099 1228 1692 1790 1912 1994 2184 2230],11,464,46,202.72727272727272,14099.169550450262,12.740520780465367,-0.11770743434042663,20.205915996665784,7.904871998489005,0.1876736431299347,14.99337429621857,3.766062012088967,0.9260478937132341,0.9295601899226263,0.9395893134693992
588,40,50,10,Median,40,[   0  349 1934 2230],3,1585,296,743.3333333333334,10700.586295762365,6.196506259611491,-0.007927295457398516,12.074558701462337,6.83743817523708,0.12189699003760136,14.355528869100857,5.9291929425973136,0.9500011721021733,0.9704042292611829,0.9867738473964776
589,40,50,10,Mode,40,[   0 2184 2230],2,2184,46,1115.0,92504.5654047737,45.31362249244189,0.6888984230342465,117.52408766599646,1.6620811631826298,0.6888984230342465,117.52408766599646,1.6620811631826298,0.7650302101447742,0.859070170805237,0.9934744102236679
590,40,50,10,Median,40,[   0  349 1790 2184 2230],4,1441,46,557.5,31086.116935951446,17.912149424211062,0.017565198662343205,46.33319116385889,6.622479454278431,0.2513732147976993,24.156418969561553,4.383572196683386,0.8452060569287736,0.8889331799807967,0.9407355888654558
591,40,50,10,Mode,40,[   0  544 1692 2184 2230],4,1148,46,557.5,32218.436843050014,17.724675897214066,-0.034941742777561034,46.96067812689346,6.160302335987769,0.2310300748221035,26.601452945891836,4.535436160064186,0.9747879248163208,0.9907756623525539,0.994213946420111
592,40,50,10,Median,40,[   0  349 1692 1912 2184 2230],5,1343,46,446.0,31133.633737796255,18.004793296802596,-0.00904457778283836,39.98979834998407,5.08296962930834,0.2636274533662202,27.840539202552144,3.718822859692485,0.9204261312434712,0.9618250889821018,0.9777021418158569
593,40,50,10,Mode,40,[   0  544 1692 1912 2184 2230],5,1148,46,446.0,30705.460237545536,17.732039402138117,-0.026104753261324797,39.56263259570465,5.407154545473253,0.24312100761002892,26.06163377142868,3.985854125492961,0.9526347641124961,0.984352166005366,0.9898115851524875
594,40,50,10,Median,40,[   0  544 1692 1912 2184 2230],5,1148,46,446.0,30705.460237545536,17.732039402138117,-0.026104753261324797,39.56263259570465,5.407154545473253,0.24312100761002892,26.06163377142868,3.985854125492961,0.9526347641124961,0.984352166005366,0.9898115851524875
595,40,50,10,Mode,40,[   0  544 1692 1912 2184 2230],5,1148,46,446.0,30705.460237545536,17.732039402138117,-0.026104753261324797,39.56263259570465,5.407154545473253,0.24312100761002892,26.06163377142868,3.985854125492961,0.9526347641124961,0.984352166005366,0.9898115851524875
596,40,50,10,Median,40,[   0  544 1767 1912 2184 2230],5,1223,46,446.0,31920.280187313205,19.037777190332708,-0.019870359090199005,40.259470458745085,5.31517874586251,0.277938397953374,27.650686953516463,3.7236341393032797,0.9074729098874041,0.9475833214060714,0.9672729493905337
597,40,50,10,Mode,40,[   0  544 1790 1912 2184 2230],5,1246,46,446.0,31278.281691356086,19.27495362554254,-0.01976975901896898,39.60832210859319,5.351260416551244,0.2908923767585085,26.44768689214031,3.7620119760459385,0.8873891756472977,0.9227137200548449,0.9523597635864928
598,40,50,10,Median,40,[   0  544 1767 1912 2184 2230],5,1223,46,446.0,31920.280187313205,19.037777190332708,-0.019870359090199005,40.259470458745085,5.31517874586251,0.277938397953374,27.650686953516463,3.7236341393032797,0.9074729098874041,0.9475833214060714,0.9672729493905337
599,40,50,10,Mode,40,[   0  544 1790 1912 2184 2230],5,1246,46,446.0,31278.281691356086,19.27495362554254,-0.01976975901896898,39.60832210859319,5.351260416551244,0.2908923767585085,26.44768689214031,3.7620119760459385,0.8873891756472977,0.9227137200548449,0.9523597635864928
600,40,50,10,Median,40,[   0  544 1767 1912 2184 2230],5,1223,46,446.0,31920.280187313205,19.037777190332708,-0.019870359090199005,40.259470458745085,5.31517874586251,0.277938397953374,27.650686953516463,3.7236341393032797,0.9074729098874041,0.9475833214060714,0.9672729493905337
601,40,50,10,Mode,40,[   0  544 1790 1912 2184 2230],5,1246,46,446.0,31278.281691356086,19.27495362554254,-0.01976975901896898,39.60832210859319,5.351260416551244,0.2908923767585085,26.44768689214031,3.7620119760459385,0.8873891756472977,0.9227137200548449,0.9523597635864928
602,40,50,10,Median,40,[   0  544 1790 1912 2184 2230],5,1246,46,446.0,31278.281691356086,19.27495362554254,-0.01976975901896898,39.60832210859319,5.351260416551244,0.2908923767585085,26.44768689214031,3.7620119760459385,0.8873891756472977,0.9227137200548449,0.9523597635864928
603,40,50,10,Mode,40,[   0  544 1790 1912 2184 2230],5,1246,46,446.0,31278.281691356086,19.27495362554254,-0.01976975901896898,39.60832210859319,5.351260416551244,0.2908923767585085,26.44768689214031,3.7620119760459385,0.8873891756472977,0.9227137200548449,0.9523597635864928
604,40,50,10,Median,40,[   0  544 1692 1790 1912 1993 2184 2230],7,1148,46,318.57142857142856,18943.542045986193,15.192696624890727,-0.07062460378857986,28.770163183416837,5.661253809264274,0.1768365187471671,13.254065781201854,4.290910976814195,0.9320347682356079,0.9810402445663929,0.9874856982324657
605,40,50,10,Mode,40,[   0  544 1692 1790 1912 1993 2184 2230],7,1148,46,318.57142857142856,18943.542045986193,15.192696624890727,-0.07062460378857986,28.770163183416837,5.661253809264274,0.1768365187471671,13.254065781201854,4.290910976814195,0.9320347682356079,0.9810402445663929,0.9874856982324657
606,40,50,10,Median,40,[   0  544 1692 1790 1912 1993 2184 2230],7,1148,46,318.57142857142856,18943.542045986193,15.192696624890727,-0.07062460378857986,28.770163183416837,5.661253809264274,0.1768365187471671,13.254065781201854,4.290910976814195,0.9320347682356079,0.9810402445663929,0.9874856982324657
607,40,50,10,Mode,40,[   0  544 1692 1790 1912 1993 2184 2230],7,1148,46,318.57142857142856,18943.542045986193,15.192696624890727,-0.07062460378857986,28.770163183416837,5.661253809264274,0.1768365187471671,13.254065781201854,4.290910976814195,0.9320347682356079,0.9810402445663929,0.9874856982324657
608,40,50,10,Median,40,[   0  544 1767 1912 1993 2184 2230],6,1223,46,371.6666666666667,25445.16472639633,17.55309240608155,-0.07348088326772183,33.84181266428801,5.275783713096576,0.22175875284269964,21.059890973830406,3.6001953594215266,0.9160006912100633,0.9514250510694071,0.9693896220011896
609,40,50,10,Mode,40,[   0  544 1767 1912 1993 2184 2230],6,1223,46,371.6666666666667,25445.16472639633,17.55309240608155,-0.07348088326772183,33.84181266428801,5.275783713096576,0.22175875284269964,21.059890973830406,3.6001953594215266,0.9160006912100633,0.9514250510694071,0.9693896220011896
610,40,50,10,Median,40,[   0  349 1767 1912 1993 2184 2230],6,1418,46,371.6666666666667,25753.962139583433,17.771651954434855,-0.07063571897507626,34.16299714011498,5.391967856715752,0.23704530738884783,22.419253983524108,3.3711000164915106,0.8798058898526352,0.9250988992285938,0.9579333943625501
611,40,50,10,Mode,40,[   0  349 1767 1912 1993 2184 2230],6,1418,46,371.6666666666667,25753.962139583433,17.771651954434855,-0.07063571897507626,34.16299714011498,5.391967856715752,0.23704530738884783,22.419253983524108,3.3711000164915106,0.8798058898526352,0.9250988992285938,0.9579333943625501
612,40,50,10,Median,40,[   0  349 1767 1912 1993 2184 2230],6,1418,46,371.6666666666667,25753.962139583433,17.771651954434855,-0.07063571897507626,34.16299714011498,5.391967856715752,0.23704530738884783,22.419253983524108,3.3711000164915106,0.8798058898526352,0.9250988992285938,0.9579333943625501
613,40,50,10,Mode,40,[   0  349 1767 1912 1993 2184 2230],6,1418,46,371.6666666666667,25753.962139583433,17.771651954434855,-0.07063571897507626,34.16299714011498,5.391967856715752,0.23704530738884783,22.419253983524108,3.3711000164915106,0.8798058898526352,0.9250988992285938,0.9579333943625501
614,40,50,10,Median,40,[   0  349 1767 1912 1993 2184 2230],6,1418,46,371.6666666666667,25753.962139583433,17.771651954434855,-0.07063571897507626,34.16299714011498,5.391967856715752,0.23704530738884783,22.419253983524108,3.3711000164915106,0.8798058898526352,0.9250988992285938,0.9579333943625501
615,40,50,10,Mode,40,[   0  349 1767 1912 1993 2184 2230],6,1418,46,371.6666666666667,25753.962139583433,17.771651954434855,-0.07063571897507626,34.16299714011498,5.391967856715752,0.23704530738884783,22.419253983524108,3.3711000164915106,0.8798058898526352,0.9250988992285938,0.9579333943625501
616,40,50,15,Median,40,[   0  544 1934 2230],3,1390,296,743.3333333333334,10094.328131044775,5.72799341785366,-0.05355587100730051,11.609121807483337,7.4683502691522,0.08609298949688839,12.679290990703803,6.713940916826203,0.9929934037000597,0.9968759073547486,0.9983312384888796
617,40,50,15,Mode,40,[   0 2184 2230],2,2184,46,1115.0,92504.5654047737,45.31362249244189,0.6888984230342465,117.52408766599646,1.6620811631826298,0.6888984230342465,117.52408766599646,1.6620811631826298,0.7650302101447742,0.859070170805237,0.9934744102236679
618,40,50,15,Median,40,[   0  544 1790 2184 2230],4,1246,46,557.5,30706.192863451517,17.58843235749855,-0.028386414667614806,45.81571517993733,6.314431009161512,0.22622155746265893,22.851509360801042,4.768806690468796,0.8920625093957998,0.917955514624291,0.9504968859349356
619,40,50,15,Mode,40,[   0  544 1692 2184 2230],4,1148,46,557.5,32218.436843050014,17.724675897214066,-0.034941742777561034,46.96067812689346,6.160302335987769,0.2310300748221035,26.601452945891836,4.535436160064186,0.9747879248163208,0.9907756623525539,0.994213946420111
620,40,50,15,Median,40,[   0  544 1692 1912 2184 2230],5,1148,46,446.0,30705.460237545536,17.732039402138117,-0.026104753261324797,39.56263259570465,5.407154545473253,0.24312100761002892,26.06163377142868,3.985854125492961,0.9526347641124961,0.984352166005366,0.9898115851524875
621,40,50,15,Mode,40,[   0  544 1692 1912 2184 2230],5,1148,46,446.0,30705.460237545536,17.732039402138117,-0.026104753261324797,39.56263259570465,5.407154545473253,0.24312100761002892,26.06163377142868,3.985854125492961,0.9526347641124961,0.984352166005366,0.9898115851524875
622,40,50,15,Median,40,[   0  507 1692 1912 2184 2230],5,1185,46,446.0,31175.864853500396,17.883225967900778,-0.020327931212746658,40.02466617622952,5.200758282472382,0.24879862796637278,27.343981644884778,3.822015392402587,0.9544156329306951,0.9860181458077426,0.9910286751585275
623,40,50,15,Mode,40,[   0  544  765 1692 1912 2184 2230],6,927,46,371.6666666666667,26279.72383101302,16.022593709031725,-0.04269810467269031,33.351534632228564,5.290233759144882,0.2310786308016853,24.50908338353481,3.7025488679397562,0.958899109760333,0.9825331762397335,0.9871855497234837
624,40,50,15,Median,40,[   0  544 1692 1912 2184 2230],5,1148,46,446.0,30705.460237545536,17.732039402138117,-0.026104753261324797,39.56263259570465,5.407154545473253,0.24312100761002892,26.06163377142868,3.985854125492961,0.9526347641124961,0.984352166005366,0.9898115851524875
625,40,50,15,Mode,40,[   0  544 1692 1912 2184 2230],5,1148,46,446.0,30705.460237545536,17.732039402138117,-0.026104753261324797,39.56263259570465,5.407154545473253,0.24312100761002892,26.06163377142868,3.985854125492961,0.9526347641124961,0.984352166005366,0.9898115851524875
626,40,50,15,Median,40,[   0  544 1790 1912 2184 2230],5,1246,46,446.0,31278.281691356086,19.27495362554254,-0.01976975901896898,39.60832210859319,5.351260416551244,0.2908923767585085,26.44768689214031,3.7620119760459385,0.8873891756472977,0.9227137200548449,0.9523597635864928
627,40,50,15,Mode,40,[   0  544 1790 1912 2184 2230],5,1246,46,446.0,31278.281691356086,19.27495362554254,-0.01976975901896898,39.60832210859319,5.351260416551244,0.2908923767585085,26.44768689214031,3.7620119760459385,0.8873891756472977,0.9227137200548449,0.9523597635864928
628,40,50,15,Median,40,[   0  507  765 1692 1790 1912 2184 2230],7,927,46,318.57142857142856,19916.972465057916,14.549463997221494,-0.03928508262306364,28.767603409653177,5.602083977243212,0.20249249175748882,16.267242403926403,4.345534542486454,0.9375078544673638,0.9742519697158635,0.9808926236517058
629,40,50,15,Mode,40,[   0  544  765 1692 1790 1912 2184 2230],7,927,46,318.57142857142856,20228.00339736521,14.8040855941844,-0.04155652353430177,28.82944612241772,5.770614063011922,0.21381677056680357,17.03543642415167,4.162087517385131,0.9354569535891131,0.9737663298340968,0.980641938439961
630,40,50,15,Median,40,[   0  544  765 1692 1790 1912 2184 2230],7,927,46,318.57142857142856,20228.00339736521,14.8040855941844,-0.04155652353430177,28.82944612241772,5.770614063011922,0.21381677056680357,17.03543642415167,4.162087517385131,0.9354569535891131,0.9737663298340968,0.980641938439961
631,40,50,15,Mode,40,[   0  544  765 1692 1790 1912 2184 2230],7,927,46,318.57142857142856,20228.00339736521,14.8040855941844,-0.04155652353430177,28.82944612241772,5.770614063011922,0.21381677056680357,17.03543642415167,4.162087517385131,0.9354569535891131,0.9737663298340968,0.980641938439961
632,40,50,15,Median,40,[   0  544  765 1692 1790 1912 2184 2230],7,927,46,318.57142857142856,20228.00339736521,14.8040855941844,-0.04155652353430177,28.82944612241772,5.770614063011922,0.21381677056680357,17.03543642415167,4.162087517385131,0.9354569535891131,0.9737663298340968,0.980641938439961
633,40,50,15,Mode,40,[   0  544  765 1692 1790 1912 2184 2230],7,927,46,318.57142857142856,20228.00339736521,14.8040855941844,-0.04155652353430177,28.82944612241772,5.770614063011922,0.21381677056680357,17.03543642415167,4.162087517385131,0.9354569535891131,0.9737663298340968,0.980641938439961
634,40,50,15,Median,40,[   0  178  544  765 1099 1228 1692 1790 1912 1993 2184 2230],11,464,46,202.72727272727272,13793.600877155535,12.389267162525325,-0.1209685403980955,19.930283857763357,7.908426426706925,0.17055233472788242,14.468231283926727,3.951561723089018,0.9306235218325706,0.9285679357893165,0.9381713435286202
635,40,50,15,Mode,40,[   0  178  544  765 1099 1228 1692 1790 1912 1993 2184 2230],11,464,46,202.72727272727272,13793.600877155535,12.389267162525325,-0.1209685403980955,19.930283857763357,7.908426426706925,0.17055233472788242,14.468231283926727,3.951561723089018,0.9306235218325706,0.9285679357893165,0.9381713435286202
636,40,50,15,Median,40,[   0  178  544  765 1099 1228 1692 1790 1912 1993 2184 2230],11,464,46,202.72727272727272,13793.600877155535,12.389267162525325,-0.1209685403980955,19.930283857763357,7.908426426706925,0.17055233472788242,14.468231283926727,3.951561723089018,0.9306235218325706,0.9285679357893165,0.9381713435286202
637,40,50,15,Mode,40,[   0  178  544  765 1099 1228 1692 1790 1912 1993 2184 2230],11,464,46,202.72727272727272,13793.600877155535,12.389267162525325,-0.1209685403980955,19.930283857763357,7.908426426706925,0.17055233472788242,14.468231283926727,3.951561723089018,0.9306235218325706,0.9285679357893165,0.9381713435286202
638,40,50,15,Median,40,[   0  178  544  765 1099 1228 1692 1790 1912 1993 2184 2230],11,464,46,202.72727272727272,13793.600877155535,12.389267162525325,-0.1209685403980955,19.930283857763357,7.908426426706925,0.17055233472788242,14.468231283926727,3.951561723089018,0.9306235218325706,0.9285679357893165,0.9381713435286202
639,40,50,15,Mode,40,[   0  178  544  765 1099 1228 1692 1790 1912 1993 2184 2230],11,464,46,202.72727272727272,13793.600877155535,12.389267162525325,-0.1209685403980955,19.930283857763357,7.908426426706925,0.17055233472788242,14.468231283926727,3.951561723089018,0.9306235218325706,0.9285679357893165,0.9381713435286202
640,40,50,15,Median,40,[   0  178  544  765 1099 1228 1692 1790 1912 1993 2184 2230],11,464,46,202.72727272727272,13793.600877155535,12.389267162525325,-0.1209685403980955,19.930283857763357,7.908426426706925,0.17055233472788242,14.468231283926727,3.951561723089018,0.9306235218325706,0.9285679357893165,0.9381713435286202
641,40,50,15,Mode,40,[   0  178  544  765 1099 1228 1692 1790 1912 1993 2184 2230],11,464,46,202.72727272727272,13793.600877155535,12.389267162525325,-0.1209685403980955,19.930283857763357,7.908426426706925,0.17055233472788242,14.468231283926727,3.951561723089018,0.9306235218325706,0.9285679357893165,0.9381713435286202
642,40,50,15,Median,40,[   0   83  544  765 1099 1228 1692 1790 1912 1993 2184 2230],11,464,46,202.72727272727272,14055.767264802344,12.721486668359955,-0.11800750388236604,20.16257883110451,7.8923148672464665,0.1868878768569937,14.928190608276982,3.7690032830184257,0.9269647602048992,0.9299731809798589,0.9399432424208548
643,40,50,15,Mode,40,[   0   83  544  765 1099 1228 1692 1790 1912 1993 2184 2230],11,464,46,202.72727272727272,14055.767264802344,12.721486668359955,-0.11800750388236604,20.16257883110451,7.8923148672464665,0.1868878768569937,14.928190608276982,3.7690032830184257,0.9269647602048992,0.9299731809798589,0.9399432424208548
644,40,50,20,Median,40,[   0  765 1912 2230],3,1147,318,743.3333333333334,8532.670991336272,4.9160689595608895,-0.030323878734674816,9.893556014799344,11.85408483637208,0.08813705535335452,9.370102876799685,9.939229841156966,0.9530861859549961,0.9719099057946667,0.9833619060425968
645,40,50,20,Mode,40,[   0  765 1912 2230],3,1147,318,743.3333333333334,8532.670991336272,4.9160689595608895,-0.030323878734674816,9.893556014799344,11.85408483637208,0.08813705535335452,9.370102876799685,9.939229841156966,0.9530861859549961,0.9719099057946667,0.9833619060425968
646,40,50,20,Median,40,[   0 2184 2230],2,2184,46,1115.0,92504.5654047737,45.31362249244189,0.6888984230342465,117.52408766599646,1.6620811631826298,0.6888984230342465,117.52408766599646,1.6620811631826298,0.7650302101447742,0.859070170805237,0.9934744102236679
647,40,50,20,Mode,40,[   0 2184 2230],2,2184,46,1115.0,92504.5654047737,45.31362249244189,0.6888984230342465,117.52408766599646,1.6620811631826298,0.6888984230342465,117.52408766599646,1.6620811631826298,0.7650302101447742,0.859070170805237,0.9934744102236679
648,40,50,20,Median,40,[   0 2184 2230],2,2184,46,1115.0,92504.5654047737,45.31362249244189,0.6888984230342465,117.52408766599646,1.6620811631826298,0.6888984230342465,117.52408766599646,1.6620811631826298,0.7650302101447742,0.859070170805237,0.9934744102236679
649,40,50,20,Mode,40,[   0 2184 2230],2,2184,46,1115.0,92504.5654047737,45.31362249244189,0.6888984230342465,117.52408766599646,1.6620811631826298,0.6888984230342465,117.52408766599646,1.6620811631826298,0.7650302101447742,0.859070170805237,0.9934744102236679
650,40,50,20,Median,40,[   0  544 1692 1912 2184 2230],5,1148,46,446.0,30705.460237545536,17.732039402138117,-0.026104753261324797,39.56263259570465,5.407154545473253,0.24312100761002892,26.06163377142868,3.985854125492961,0.9526347641124961,0.984352166005366,0.9898115851524875
651,40,50,20,Mode,40,[   0 1692 1912 2184 2230],4,1692,46,557.5,38008.59327094125,21.948102802247003,0.005755417766839012,49.61481277104422,4.840626270678975,0.32205962770925917,28.474302642971494,3.343858607847882,0.9317858786048543,0.9880242788093576,0.9952089028410925
652,40,50,20,Median,40,[   0  105 1692 1912 2184 2230],5,1587,46,446.0,30516.19021864394,18.606754049447996,0.005354384625420686,39.455038451000455,6.283361778724798,0.3057089683907275,26.42452003629601,3.4842468805439863,0.9358392717964558,0.9843534301503163,0.9927045735845884
653,40,50,20,Mode,40,[   0   83 1692 1912 2184 2230],5,1609,46,446.0,30530.278920317913,18.86083174317177,0.005988021970975139,39.498333642520734,6.912196070479027,0.3145703966530362,26.51672182617837,3.4206479119558746,0.9260977555288323,0.9788472717245844,0.9903674149497355
654,40,50,20,Median,40,[   0  507 1692 1912 2184 2230],5,1185,46,446.0,31175.864853500396,17.883225967900778,-0.020327931212746658,40.02466617622952,5.200758282472382,0.24879862796637278,27.343981644884778,3.822015392402587,0.9544156329306951,0.9860181458077426,0.9910286751585275
655,40,50,20,Mode,40,[   0  507 1692 1912 2184 2230],5,1185,46,446.0,31175.864853500396,17.883225967900778,-0.020327931212746658,40.02466617622952,5.200758282472382,0.24879862796637278,27.343981644884778,3.822015392402587,0.9544156329306951,0.9860181458077426,0.9910286751585275
656,40,50,20,Median,40,[   0   83  507  765 1692 1790 1912 2184 2230],8,927,46,278.75,17520.044148334648,13.52832039914155,-0.057835813126929994,25.447461438940724,6.146534514776024,0.2075341041978652,15.151684239783842,4.370101282497958,0.9332183276622544,0.9695062724393507,0.9769259896385517
657,40,50,20,Mode,40,[   0   83  507  765 1692 1790 1912 2184 2230],8,927,46,278.75,17520.044148334648,13.52832039914155,-0.057835813126929994,25.447461438940724,6.146534514776024,0.2075341041978652,15.151684239783842,4.370101282497958,0.9332183276622544,0.9695062724393507,0.9769259896385517
658,40,50,20,Median,40,[   0   83  507  765 1099 1228 1692 1790 1912 2184 2230],10,464,46,223.0,15321.221142632925,12.632639646937443,-0.1252196945411763,21.36349584980464,7.2367808713632495,0.20063499580102384,16.347814326879714,3.952675112075011,0.9239735555126164,0.9244637189388387,0.9352636481841206
659,40,50,20,Mode,40,[   0   83  507  765 1099 1228 1692 1790 1912 2184 2230],10,464,46,223.0,15321.221142632925,12.632639646937443,-0.1252196945411763,21.36349584980464,7.2367808713632495,0.20063499580102384,16.347814326879714,3.952675112075011,0.9239735555126164,0.9244637189388387,0.9352636481841206
660,40,50,20,Median,40,[   0   83  507  765 1099 1228 1692 1790 1912 1994 2184 2230],11,464,46,202.72727272727272,13826.146986560387,12.532682255653997,-0.11873361651859916,20.106304910901137,7.33497851993156,0.1793269172430545,14.27263832432175,3.8683321039128176,0.9275620038659901,0.9298230523963881,0.9396352621756598
661,40,50,20,Mode,40,[   0   83  507  765 1099 1228 1692 1790 1912 1994 2184 2230],11,464,46,202.72727272727272,13826.146986560387,12.532682255653997,-0.11873361651859916,20.106304910901137,7.33497851993156,0.1793269172430545,14.27263832432175,3.8683321039128176,0.9275620038659901,0.9298230523963881,0.9396352621756598
662,40,50,20,Median,40,[   0   83  507  765 1099 1228 1692 1790 1912 1994 2184 2230],11,464,46,202.72727272727272,13826.146986560387,12.532682255653997,-0.11873361651859916,20.106304910901137,7.33497851993156,0.1793269172430545,14.27263832432175,3.8683321039128176,0.9275620038659901,0.9298230523963881,0.9396352621756598
663,40,50,20,Mode,40,[   0   83  507  765 1099 1228 1692 1790 1912 1994 2184 2230],11,464,46,202.72727272727272,13826.146986560387,12.532682255653997,-0.11873361651859916,20.106304910901137,7.33497851993156,0.1793269172430545,14.27263832432175,3.8683321039128176,0.9275620038659901,0.9298230523963881,0.9396352621756598
664,40,50,20,Median,40,[   0   83  507  765 1099 1228 1692 1790 1912 1994 2184 2230],11,464,46,202.72727272727272,13826.146986560387,12.532682255653997,-0.11873361651859916,20.106304910901137,7.33497851993156,0.1793269172430545,14.27263832432175,3.8683321039128176,0.9275620038659901,0.9298230523963881,0.9396352621756598
665,40,50,20,Mode,40,[   0   83  507  765 1099 1228 1692 1790 1912 1994 2184 2230],11,464,46,202.72727272727272,13826.146986560387,12.532682255653997,-0.11873361651859916,20.106304910901137,7.33497851993156,0.1793269172430545,14.27263832432175,3.8683321039128176,0.9275620038659901,0.9298230523963881,0.9396352621756598
666,40,50,20,Median,40,[   0   83  507  765 1099 1228 1692 1790 1912 1994 2184 2230],11,464,46,202.72727272727272,13826.146986560387,12.532682255653997,-0.11873361651859916,20.106304910901137,7.33497851993156,0.1793269172430545,14.27263832432175,3.8683321039128176,0.9275620038659901,0.9298230523963881,0.9396352621756598
667,40,50,20,Mode,40,[   0   83  507  765 1099 1228 1692 1790 1912 1994 2184 2230],11,464,46,202.72727272727272,13826.146986560387,12.532682255653997,-0.11873361651859916,20.106304910901137,7.33497851993156,0.1793269172430545,14.27263832432175,3.8683321039128176,0.9275620038659901,0.9298230523963881,0.9396352621756598
668,40,50,20,Median,40,[   0   83  606  765 1099 1228 1692 1790 1912 1994 2184 2230],11,523,46,202.72727272727272,14218.395284569318,12.959964845183725,-0.1173605668376949,20.202287884218073,7.750576420510828,0.19700773021992973,15.496393505667669,3.68243970540522,0.9276405988851938,0.9341445253618276,0.9440144824735922
669,40,50,20,Mode,40,[   0   83  606  765 1099 1228 1692 1790 1912 1994 2184 2230],11,523,46,202.72727272727272,14218.395284569318,12.959964845183725,-0.1173605668376949,20.202287884218073,7.750576420510828,0.19700773021992973,15.496393505667669,3.68243970540522,0.9276405988851938,0.9341445253618276,0.9440144824735922
670,40,50,20,Median,40,[   0   83  606  765 1099 1228 1692 1790 1912 1994 2184 2230],11,523,46,202.72727272727272,14218.395284569318,12.959964845183725,-0.1173605668376949,20.202287884218073,7.750576420510828,0.19700773021992973,15.496393505667669,3.68243970540522,0.9276405988851938,0.9341445253618276,0.9440144824735922
671,40,50,20,Mode,40,[   0   83  606  765 1099 1228 1692 1790 1912 1994 2184 2230],11,523,46,202.72727272727272,14218.395284569318,12.959964845183725,-0.1173605668376949,20.202287884218073,7.750576420510828,0.19700773021992973,15.496393505667669,3.68243970540522,0.9276405988851938,0.9341445253618276,0.9440144824735922
672,20,35,10,Median,40,[   0  544 1934 2230],3,1390,296,743.3333333333334,10094.328131044775,5.72799341785366,-0.05355587100730051,11.609121807483337,7.4683502691522,0.08609298949688839,12.679290990703803,6.713940916826203,0.9929934037000597,0.9968759073547486,0.9983312384888796
673,20,35,10,Mode,40,[   0 2158 2230],2,2158,72,1115.0,66666.26225060747,30.93239278830811,0.6109066090682524,83.46756302258078,2.215518476775175,0.6109066090682524,83.46756302258078,2.215518476775175,1.0,1.0,1.0
674,20,35,10,Median,40,[   0  544 1790 2184 2230],4,1246,46,557.5,30706.192863451517,17.58843235749855,-0.028386414667614806,45.81571517993733,6.314431009161512,0.22622155746265893,22.851509360801042,4.768806690468796,0.8920625093957998,0.917955514624291,0.9504968859349356
675,20,35,10,Mode,40,[   0  178 1912 2158 2230],4,1734,72,557.5,22240.49812814957,14.073117136244718,-0.05782044886835718,31.95273717792046,5.0756189243491505,0.1704628272063985,14.493209390659862,4.628069136770569,0.9270858778087883,0.9560730593806448,0.9839084081276309
676,20,35,10,Median,40,[   0 1790 2184 2230],3,1790,46,743.3333333333334,41775.6989022001,23.907745106681524,0.13551653989437784,64.43119283030833,5.027678856435415,0.34130649722085066,25.509859683561032,4.240583983494632,0.8052469312166489,0.8887102663369852,0.9623643537945036
677,20,35,10,Mode,40,[   0  544 1912 2158 2230],4,1368,72,557.5,22477.707046931737,13.559753309064975,-0.06597118745106027,32.0169829970937,6.187224715677736,0.12543907414340957,14.674007423923124,5.304481341685242,0.9510467605426361,0.96844498855415,0.9828449246525184
678,20,35,10,Median,40,[   0  178 1741 1912 2184 2230],5,1563,46,446.0,30495.25336910812,18.667828964053577,0.0032627770634420525,39.247130665478295,5.366585914901217,0.3012766412228697,26.372816469331646,3.524571135141902,0.9198031478573434,0.9739192769068035,0.9874056206826808
679,20,35,10,Mode,40,[   0  544 1692 1912 2158 2230],5,1148,72,446.0,24697.98999656253,14.490974322961874,-0.04600658348050208,30.84995724534726,5.339927458097355,0.20716563498515667,23.616352176203016,3.9864813873779297,0.9688414365051199,0.9883328428201027,0.9923862762847531
680,20,35,10,Median,40,[   0  544  765 1741 1912 2184 2230],6,976,46,371.6666666666667,26085.69791698352,16.34604262444791,-0.033124829394978524,33.09955769029547,5.34791693281534,0.24563390033597207,23.835476006769873,3.678078064297136,0.9478725429291467,0.9759824966288003,0.9827260291052539
681,20,35,10,Mode,40,[   0  544 1692 1912 2158 2230],5,1148,72,446.0,24697.98999656253,14.490974322961874,-0.04600658348050208,30.84995724534726,5.339927458097355,0.20716563498515667,23.616352176203016,3.9864813873779297,0.9688414365051199,0.9883328428201027,0.9923862762847531
682,20,35,10,Median,40,[   0  544  765 1741 1912 2184 2230],6,976,46,371.6666666666667,26085.69791698352,16.34604262444791,-0.033124829394978524,33.09955769029547,5.34791693281534,0.24563390033597207,23.835476006769873,3.678078064297136,0.9478725429291467,0.9759824966288003,0.9827260291052539
683,20,35,10,Mode,40,[   0  544 1692 1912 2158 2230],5,1148,72,446.0,24697.98999656253,14.490974322961874,-0.04600658348050208,30.84995724534726,5.339927458097355,0.20716563498515667,23.616352176203016,3.9864813873779297,0.9688414365051199,0.9883328428201027,0.9923862762847531
684,20,35,10,Median,40,[   0  544  765 1767 1912 2184 2230],6,1002,46,371.6666666666667,27131.077671164552,17.019323513989928,-0.02902955155241845,33.80381212640317,5.296602999473853,0.2584280017201939,25.389864611353754,3.5271920691261656,0.9230340101585731,0.9477485566483019,0.9628246925559565
685,20,35,10,Mode,40,[   0  544 1692 1912 2158 2230],5,1148,72,446.0,24697.98999656253,14.490974322961874,-0.04600658348050208,30.84995724534726,5.339927458097355,0.20716563498515667,23.616352176203016,3.9864813873779297,0.9688414365051199,0.9883328428201027,0.9923862762847531
686,20,35,10,Median,40,[   0  544 1767 1912 2184 2230],5,1223,46,446.0,31920.280187313205,19.037777190332708,-0.019870359090199005,40.259470458745085,5.31517874586251,0.277938397953374,27.650686953516463,3.7236341393032797,0.9074729098874041,0.9475833214060714,0.9672729493905337
687,20,35,10,Mode,40,[   0  544  885 1692 1912 2158 2230],6,807,72,371.6666666666667,20917.665880117373,12.883128626272404,-0.06342937665037057,25.8291628065313,5.549365572368026,0.17644284318653475,20.921171941491345,4.142496456212098,0.9700790835772266,0.983335616413523,0.9872793284878781
688,20,35,10,Median,40,[   0  544 1767 1912 2184 2230],5,1223,46,446.0,31920.280187313205,19.037777190332708,-0.019870359090199005,40.259470458745085,5.31517874586251,0.277938397953374,27.650686953516463,3.7236341393032797,0.9074729098874041,0.9475833214060714,0.9672729493905337
689,20,35,10,Mode,40,[   0  105  544  885 1692 1912 2158 2230],7,807,72,318.57142857142856,18003.426923710693,11.902418206295382,-0.07660777293924591,22.47653729363155,6.682967302426016,0.18130460228792314,18.98261719754815,4.191090320218975,0.9680037441041845,0.9807030338612653,0.9849181135844579
690,20,35,10,Median,40,[   0  105  544  754 1692 1767 1912 1993 2184 2230],9,938,46,247.77777777777777,15089.072129817272,13.20756246400148,-0.07859273334012759,23.18730545955741,6.4070718054925715,0.17671042350078947,12.107674215230062,4.161530075175511,0.9394173183687312,0.9731929511442319,0.9797281112931318
691,20,35,10,Mode,40,[   0  105  544  885 1692 1912 1993 2158 2230],8,807,72,278.75,15740.692481220538,12.160587401053764,-0.15391423211385613,20.61710162619001,6.5596368687312605,0.1656859985588285,17.77159980809068,3.955726692420979,0.971099267027495,0.9844804095556599,0.9878120368105396
692,20,35,10,Median,40,[   0  105  544  754 1692 1790 1912 2184 2230],8,938,46,278.75,17476.704796598908,13.527589519132302,-0.0673962209193348,25.267188006949777,6.287819786974881,0.20858736051259535,15.085160690989678,4.307788320636232,0.9287749320795488,0.9651296401209251,0.9737754344253726
693,20,35,10,Mode,40,[   0  105  544  885 1692 1790 1912 2185 2230],8,807,45,278.75,15830.73391492665,12.882812398282672,-0.08327447251152666,22.82522243441969,6.303321619068104,0.18219615434544398,12.83874723481287,4.507150734519282,0.9343911788790797,0.9649946132868346,0.9725483008096193
694,20,35,10,Median,40,[   0  105  544  754 1692 1790 1912 1993 2184 2230],9,938,46,247.77777777777777,15284.173787702588,13.266981405871867,-0.0787402027514906,23.141827754061076,6.6129584513687005,0.17997600888501103,12.567542782351492,4.16164699802516,0.9341820810559823,0.969877083476666,0.9772174793710584
695,20,35,10,Mode,40,[   0  105  544  885 1692 1790 1912 1993 2185 2230],9,807,45,247.77777777777777,13950.125367517736,12.754286860027747,-0.07952069307883018,21.078641990383776,6.09560933040848,0.1535130118703163,10.747357065316738,4.354451854917694,0.9394407081497567,0.9702656420925087,0.9765498145512411
696,20,35,10,Median,40,[   0  105  544  754 1692 1790 1912 1993 2184 2230],9,938,46,247.77777777777777,15284.173787702588,13.266981405871867,-0.0787402027514906,23.141827754061076,6.6129584513687005,0.17997600888501103,12.567542782351492,4.16164699802516,0.9341820810559823,0.969877083476666,0.9772174793710584
697,20,35,10,Mode,40,[   0  105  544  885 1692 1790 1912 1993 2185 2230],9,807,45,247.77777777777777,13950.125367517736,12.754286860027747,-0.07952069307883018,21.078641990383776,6.09560933040848,0.1535130118703163,10.747357065316738,4.354451854917694,0.9394407081497567,0.9702656420925087,0.9765498145512411
698,20,35,10,Median,40,[   0  105  544  754 1692 1790 1912 1993 2184 2230],9,938,46,247.77777777777777,15284.173787702588,13.266981405871867,-0.0787402027514906,23.141827754061076,6.6129584513687005,0.17997600888501103,12.567542782351492,4.16164699802516,0.9341820810559823,0.969877083476666,0.9772174793710584
699,20,35,10,Mode,40,[   0  105  544  885 1692 1790 1912 1993 2185 2230],9,807,45,247.77777777777777,13950.125367517736,12.754286860027747,-0.07952069307883018,21.078641990383776,6.09560933040848,0.1535130118703163,10.747357065316738,4.354451854917694,0.9394407081497567,0.9702656420925087,0.9765498145512411
700,20,35,15,Median,40,[   0  744 1934 2230],3,1190,296,743.3333333333334,8346.024049527676,4.964895745624876,-0.0396927776427636,9.744747781733363,11.734053390373854,0.0868666467102417,9.073293686182538,9.924141268321208,0.9933768110801707,0.996794056387334,0.9981190085844983
701,20,35,15,Mode,40,[   0  765 1912 2230],3,1147,318,743.3333333333334,8532.670991336272,4.9160689595608895,-0.030323878734674816,9.893556014799344,11.85408483637208,0.08813705535335452,9.370102876799685,9.939229841156966,0.9530861859549961,0.9719099057946667,0.9833619060425968
702,20,35,15,Median,40,[   0  105  765 1934 2230],4,1169,105,557.5,7113.15809778886,5.735457535204302,-0.05250154743967095,8.455646855383513,11.496704203057776,0.11971519606038032,9.31198205425286,8.211158192818155,0.9902083815871132,0.9964980516545207,0.9978378298380857
703,20,35,15,Mode,40,[   0  105  765 1912 2230],4,1147,105,557.5,7223.497867230434,5.700145531195314,-0.052794086085695816,8.582103148743242,11.377908410246093,0.11541311441773039,9.428218241294424,8.153565012879701,0.95218908518628,0.969340694279762,0.9810082191802466
704,20,35,15,Median,40,[   0  105 1790 2179 2230],4,1685,51,557.5,30056.14321000135,17.996956122877563,0.11381954529337522,45.95608166893266,6.833649683927665,0.30140848766764894,21.923434761893844,4.212558436347556,0.8484434607907246,0.898954265960101,0.9588177366314682
705,20,35,15,Mode,40,[   0  105 1912 2158 2230],4,1807,72,557.5,22314.297475875253,14.627636311776392,-0.05708363729105688,32.07579197168089,4.878049634557666,0.19948080777976926,14.56469317334269,4.312141322275878,0.9214867012147483,0.9533524083177823,0.985134489167616
706,20,35,15,Median,40,[   0  105 1790 2179 2230],4,1685,51,557.5,30056.14321000135,17.996956122877563,0.11381954529337522,45.95608166893266,6.833649683927665,0.30140848766764894,21.923434761893844,4.212558436347556,0.8484434607907246,0.898954265960101,0.9588177366314682
707,20,35,15,Mode,40,[   0  105  765 1099 1912 2158 2230],6,813,72,371.6666666666667,16065.321605717112,11.063786320994371,-0.13156243091059822,21.539200728479575,8.79854659780818,0.09620483882555478,14.400949623446627,4.429627073379821,0.9644579148145603,0.9716018279702794,0.9790631656464869
708,20,35,15,Median,40,[   0  105 1741 1912 2184 2230],5,1636,46,446.0,30438.941568217662,19.077667566556016,0.006377116393462457,39.25682111817412,6.094813249380168,0.32272641592161944,26.076428759432403,3.3659489226231867,0.9155308950923101,0.9745683831594317,0.9888017485171259
709,20,35,15,Mode,40,[   0  105 1692 1912 2158 2230],5,1587,72,446.0,24508.719977660934,15.365688970271753,-0.03588104722215402,30.745486554196752,6.361312546474943,0.2697535957658552,23.979238441070336,3.484874142428955,0.9573322887821937,0.9880120160540339,0.994394420396968
710,20,35,15,Median,40,[   0  544  765 1741 1912 2184 2230],6,976,46,371.6666666666667,26085.69791698352,16.34604262444791,-0.033124829394978524,33.09955769029547,5.34791693281534,0.24563390033597207,23.835476006769873,3.678078064297136,0.9478725429291467,0.9759824966288003,0.9827260291052539
711,20,35,15,Mode,40,[   0  105  544  765 1692 1912 2158 2230],7,927,72,318.57142857142856,18510.113834972788,12.368451720566497,-0.0718790835452768,22.899640057245723,6.361004846389924,0.20451765736738983,20.47709792738888,3.822982028730694,0.970060300396514,0.985000414791036,0.9886973879312096
712,20,35,15,Median,40,[   0  105  544  765 1692 1790 1912 2184 2230],8,927,46,278.75,17865.709314699274,13.698073665721678,-0.06811616080392782,25.55504563861009,6.2814986878133325,0.21406212915660325,16.044416510353127,4.1993091270651846,0.9357399166490121,0.9709440351978507,0.9780282731059812
713,20,35,15,Mode,40,[   0  105  544  765 1692 1790 1912 2158 2230],8,927,72,278.75,14395.950693611974,11.835477894024745,-0.0706744154766303,20.496248634864976,6.3958593197358145,0.1949491269309111,14.749537476034012,4.223510425478775,0.9480103309916403,0.9757792944536929,0.981656603542742
714,20,35,15,Median,40,[   0  105  544  765 1099 1228 1692 1790 1912 2184 2230],10,464,46,223.0,15590.261100173459,12.768791887382385,-0.124513221897432,21.448097325267497,7.894288869676254,0.20549691402081377,17.0529994931562,3.864618390086829,0.9260249757609916,0.9267930684645996,0.9373631709685449
715,20,35,15,Mode,40,[   0  105  544  765 1099 1228 1692 1790 1912 2158 2230],10,464,72,223.0,12891.559950438894,11.320106287173656,-0.12363225040395923,17.470330686717524,7.985777375214241,0.19063124562305317,16.045871355352446,3.8834416221862877,0.9360332769194568,0.9336834122796338,0.9432703986621034
716,20,35,15,Median,40,[   0  105  544  765 1099 1228 1692 1790 1912 2184 2230],10,464,46,223.0,15590.261100173459,12.768791887382385,-0.124513221897432,21.448097325267497,7.894288869676254,0.20549691402081377,17.0529994931562,3.864618390086829,0.9260249757609916,0.9267930684645996,0.9373631709685449
717,20,35,15,Mode,40,[   0  105  544  765 1099 1228 1692 1790 1912 2158 2230],10,464,72,223.0,12891.559950438894,11.320106287173656,-0.12363225040395923,17.470330686717524,7.985777375214241,0.19063124562305317,16.045871355352446,3.8834416221862877,0.9360332769194568,0.9336834122796338,0.9432703986621034
718,20,35,15,Median,40,[   0  105  544  765 1099 1228 1692 1790 1912 2184 2230],10,464,46,223.0,15590.261100173459,12.768791887382385,-0.124513221897432,21.448097325267497,7.894288869676254,0.20549691402081377,17.0529994931562,3.864618390086829,0.9260249757609916,0.9267930684645996,0.9373631709685449
719,20,35,15,Mode,40,[   0  105  544  765 1099 1228 1692 1790 1912 2158 2230],10,464,72,223.0,12891.559950438894,11.320106287173656,-0.12363225040395923,17.470330686717524,7.985777375214241,0.19063124562305317,16.045871355352446,3.8834416221862877,0.9360332769194568,0.9336834122796338,0.9432703986621034
720,20,35,15,Median,40,[   0  105  544  765 1099 1228 1692 1790 1912 2184 2230],10,464,46,223.0,15590.261100173459,12.768791887382385,-0.124513221897432,21.448097325267497,7.894288869676254,0.20549691402081377,17.0529994931562,3.864618390086829,0.9260249757609916,0.9267930684645996,0.9373631709685449
721,20,35,15,Mode,40,[   0  105  544  765 1099 1228 1692 1790 1912 2158 2230],10,464,72,223.0,12891.559950438894,11.320106287173656,-0.12363225040395923,17.470330686717524,7.985777375214241,0.19063124562305317,16.045871355352446,3.8834416221862877,0.9360332769194568,0.9336834122796338,0.9432703986621034
722,20,35,15,Median,40,[   0  105  544  765 1099 1228 1692 1790 1912 1993 2184 2230],11,464,46,202.72727272727272,14024.88066269895,12.636185159949028,-0.11835338943462856,20.139644574217552,7.875667457623171,0.18291687736792447,14.842121286028995,3.792022325052913,0.9304624173230734,0.9326326337450831,0.9421936633450816
723,20,35,15,Mode,40,[   0  105  544  765 1099 1228 1692 1790 1912 1993 2158 2230],11,464,72,202.72727272727272,11681.698873122601,11.435294131364433,-0.1440825243808598,16.685385860780052,7.8215059748407505,0.17048025226926591,15.087890371951442,3.7726068897178644,0.9394296713393913,0.9376261163764611,0.9465239998829674
724,20,35,15,Median,40,[   0  105  544  765 1099 1228 1692 1790 1912 1993 2184 2230],11,464,46,202.72727272727272,14024.88066269895,12.636185159949028,-0.11835338943462856,20.139644574217552,7.875667457623171,0.18291687736792447,14.842121286028995,3.792022325052913,0.9304624173230734,0.9326326337450831,0.9421936633450816
725,20,35,15,Mode,40,[   0  105  544  765 1099 1228 1692 1790 1912 1993 2158 2230],11,464,72,202.72727272727272,11681.698873122601,11.435294131364433,-0.1440825243808598,16.685385860780052,7.8215059748407505,0.17048025226926591,15.087890371951442,3.7726068897178644,0.9394296713393913,0.9376261163764611,0.9465239998829674
726,20,35,15,Median,40,[   0  105  544  765 1099 1224 1692 1790 1912 1993 2184 2230],11,468,46,202.72727272727272,13894.126221285045,12.571225176503788,-0.11757652404014098,20.03186934762801,7.850601521697897,0.18238305232593016,14.496382263366126,3.824865173879524,0.93218825727287,0.9363628941286842,0.9453831001427582
727,20,35,15,Mode,40,[   0  105  544  765 1099 1228 1692 1790 1912 1993 2158 2230],11,464,72,202.72727272727272,11681.698873122601,11.435294131364433,-0.1440825243808598,16.685385860780052,7.8215059748407505,0.17048025226926591,15.087890371951442,3.7726068897178644,0.9394296713393913,0.9376261163764611,0.9465239998829674
728,20,35,20,Median,40,[   0  744 1912 2230],3,1168,318,743.3333333333334,8524.050438904065,4.919085219028733,-0.03995654642059869,9.928324972580121,11.57106316407981,0.08037900117616685,9.270097828686222,9.785155741134016,0.9498607756277792,0.9700613880539203,0.982356715942342
729,20,35,20,Mode,40,[   0  765 1912 2230],3,1147,318,743.3333333333334,8532.670991336272,4.9160689595608895,-0.030323878734674816,9.893556014799344,11.85408483637208,0.08813705535335452,9.370102876799685,9.939229841156966,0.9530861859549961,0.9719099057946667,0.9833619060425968
730,20,35,20,Median,40,[   0  105  765 1912 2230],4,1147,105,557.5,7223.497867230434,5.700145531195314,-0.052794086085695816,8.582103148743242,11.377908410246093,0.11541311441773039,9.428218241294424,8.153565012879701,0.95218908518628,0.969340694279762,0.9810082191802466
731,20,35,20,Mode,40,[   0  105  765 1912 2230],4,1147,105,557.5,7223.497867230434,5.700145531195314,-0.052794086085695816,8.582103148743242,11.377908410246093,0.11541311441773039,9.428218241294424,8.153565012879701,0.95218908518628,0.969340694279762,0.9810082191802466
732,20,35,20,Median,40,[   0  105 1790 2179 2230],4,1685,51,557.5,30056.14321000135,17.996956122877563,0.11381954529337522,45.95608166893266,6.833649683927665,0.30140848766764894,21.923434761893844,4.212558436347556,0.8484434607907246,0.898954265960101,0.9588177366314682
733,20,35,20,Mode,40,[   0  105 1912 2158 2230],4,1807,72,557.5,22314.297475875253,14.627636311776392,-0.05708363729105688,32.07579197168089,4.878049634557666,0.19948080777976926,14.56469317334269,4.312141322275878,0.9214867012147483,0.9533524083177823,0.985134489167616
734,20,35,20,Median,40,[   0  105 1790 2179 2230],4,1685,51,557.5,30056.14321000135,17.996956122877563,0.11381954529337522,45.95608166893266,6.833649683927665,0.30140848766764894,21.923434761893844,4.212558436347556,0.8484434607907246,0.898954265960101,0.9588177366314682
735,20,35,20,Mode,40,[   0  105  765 1099 1912 2158 2230],6,813,72,371.6666666666667,16065.321605717112,11.063786320994371,-0.13156243091059822,21.539200728479575,8.79854659780818,0.09620483882555478,14.400949623446627,4.429627073379821,0.9644579148145603,0.9716018279702794,0.9790631656464869
736,20,35,20,Median,40,[   0 1767 1912 2179 2230],4,1767,51,557.5,40706.07115787447,23.425840484078183,-0.02824593129652854,51.38892861844072,4.793959897391324,0.37128849296317173,32.71364891290694,2.7906407759161023,0.8577050582509511,0.935847511747993,0.9767618666844224
737,20,35,20,Mode,40,[   0  105 1692 1912 2158 2230],5,1587,72,446.0,24508.719977660934,15.365688970271753,-0.03588104722215402,30.745486554196752,6.361312546474943,0.2697535957658552,23.979238441070336,3.484874142428955,0.9573322887821937,0.9880120160540339,0.994394420396968
738,20,35,20,Median,40,[   0  544  765 1767 1912 2179 2230],6,1002,51,371.6666666666667,27706.272703757066,16.833562360118993,-0.03858175639035967,34.27218631820592,5.260957122237393,0.2598176702496099,26.19669460543023,3.4898311739304715,0.9266668872204256,0.9491824815650028,0.9638247336224912
739,20,35,20,Mode,40,[   0  105  544  765 1692 1912 2158 2230],7,927,72,318.57142857142856,18510.113834972788,12.368451720566497,-0.0718790835452768,22.899640057245723,6.361004846389924,0.20451765736738983,20.47709792738888,3.822982028730694,0.970060300396514,0.985000414791036,0.9886973879312096
740,20,35,20,Median,40,[   0  105  544  765 1692 1790 1912 2179 2230],8,927,51,278.75,18265.56811710064,13.565253081979685,-0.06516178570480365,25.89210620538508,6.311188196519811,0.21533476580332836,16.616100984668527,4.174380463827821,0.9388951983914432,0.9725366983733225,0.9792280670714782
741,20,35,20,Mode,40,[   0  105  544  765 1692 1790 1912 2158 2230],8,927,72,278.75,14395.950693611974,11.835477894024745,-0.0706744154766303,20.496248634864976,6.3958593197358145,0.1949491269309111,14.749537476034012,4.223510425478775,0.9480103309916403,0.9757792944536929,0.981656603542742
742,20,35,20,Median,40,[   0  105  544  765 1099 1224 1692 1790 1912 2179 2230],10,468,51,223.0,15755.97967824796,12.593309229532785,-0.11941236464466151,21.593950634100086,7.898966485544506,0.205893603588273,17.11348850355388,3.8817214840428926,0.9303651101244171,0.9327579213394028,0.9424777096064123
743,20,35,20,Mode,40,[   0  105  544  765 1099 1228 1692 1790 1912 2158 2230],10,464,72,223.0,12891.559950438894,11.320106287173656,-0.12363225040395923,17.470330686717524,7.985777375214241,0.19063124562305317,16.045871355352446,3.8834416221862877,0.9360332769194568,0.9336834122796338,0.9432703986621034
744,20,35,20,Median,40,[   0  105  544  765 1099 1224 1692 1790 1912 2179 2230],10,468,51,223.0,15755.97967824796,12.593309229532785,-0.11941236464466151,21.593950634100086,7.898966485544506,0.205893603588273,17.11348850355388,3.8817214840428926,0.9303651101244171,0.9327579213394028,0.9424777096064123
745,20,35,20,Mode,40,[   0  105  544  765 1099 1228 1692 1790 1912 2158 2230],10,464,72,223.0,12891.559950438894,11.320106287173656,-0.12363225040395923,17.470330686717524,7.985777375214241,0.19063124562305317,16.045871355352446,3.8834416221862877,0.9360332769194568,0.9336834122796338,0.9432703986621034
746,20,35,20,Median,40,[   0  105  544  765 1099 1224 1692 1790 1912 1994 2179 2230],11,468,51,202.72727272727272,14317.621579774754,12.575723127098163,-0.12521288163848163,20.46729484579536,7.8361135415178325,0.18616227990460013,15.571952228106667,3.784090067609457,0.9335588846178966,0.9377004610144686,0.946555417525834
747,20,35,20,Mode,40,[   0  105  544  765 1099 1228 1692 1790 1912 1994 2158 2230],11,464,72,202.72727272727272,11739.785752097643,11.461771766944212,-0.14796478644358305,16.73769285303815,7.804070580931992,0.1712548343668336,15.23725943697043,3.7697020217763773,0.9385191377184282,0.9372043243148621,0.9461618668438865
748,20,35,20,Median,40,[   0  105  544  765 1099 1224 1692 1790 1912 1994 2179 2230],11,468,51,202.72727272727272,14317.621579774754,12.575723127098163,-0.12521288163848163,20.46729484579536,7.8361135415178325,0.18616227990460013,15.571952228106667,3.784090067609457,0.9335588846178966,0.9377004610144686,0.946555417525834
749,20,35,20,Mode,40,[   0  105  544  765 1099 1228 1692 1790 1912 1994 2158 2230],11,464,72,202.72727272727272,11739.785752097643,11.461771766944212,-0.14796478644358305,16.73769285303815,7.804070580931992,0.1712548343668336,15.23725943697043,3.7697020217763773,0.9385191377184282,0.9372043243148621,0.9461618668438865
750,20,35,20,Median,40,[   0  105  544  765 1099 1224 1692 1790 1912 1994 2179 2230],11,468,51,202.72727272727272,14317.621579774754,12.575723127098163,-0.12521288163848163,20.46729484579536,7.8361135415178325,0.18616227990460013,15.571952228106667,3.784090067609457,0.9335588846178966,0.9377004610144686,0.946555417525834
751,20,35,20,Mode,40,[   0  105  544  765 1099 1228 1692 1790 1912 1994 2158 2230],11,464,72,202.72727272727272,11739.785752097643,11.461771766944212,-0.14796478644358305,16.73769285303815,7.804070580931992,0.1712548343668336,15.23725943697043,3.7697020217763773,0.9385191377184282,0.9372043243148621,0.9461618668438865
752,20,35,20,Median,40,[   0  105  544  765 1099 1224 1692 1790 1912 1994 2179 2230],11,468,51,202.72727272727272,14317.621579774754,12.575723127098163,-0.12521288163848163,20.46729484579536,7.8361135415178325,0.18616227990460013,15.571952228106667,3.784090067609457,0.9335588846178966,0.9377004610144686,0.946555417525834
753,20,35,20,Mode,40,[   0  105  544  765 1099 1228 1692 1790 1912 1994 2158 2230],11,464,72,202.72727272727272,11739.785752097643,11.461771766944212,-0.14796478644358305,16.73769285303815,7.804070580931992,0.1712548343668336,15.23725943697043,3.7697020217763773,0.9385191377184282,0.9372043243148621,0.9461618668438865
754,20,35,20,Median,40,[   0  105  544  765 1099 1221 1692 1790 1912 1994 2179 2230],11,471,51,202.72727272727272,14224.691852470987,12.527662852420681,-0.12529036536412783,20.38583927311408,7.838834154620187,0.1860976240934635,15.326478833801806,3.811351148821168,0.9349250686897699,0.9405283044232088,0.948972506349166
755,20,35,20,Mode,40,[   0  105  544  765 1099 1228 1692 1790 1912 1994 2158 2230],11,464,72,202.72727272727272,11739.785752097643,11.461771766944212,-0.14796478644358305,16.73769285303815,7.804070580931992,0.1712548343668336,15.23725943697043,3.7697020217763773,0.9385191377184282,0.9372043243148621,0.9461618668438865
756,20,40,10,Median,40,[   0  544 1934 2230],3,1390,296,743.3333333333334,10094.328131044775,5.72799341785366,-0.05355587100730051,11.609121807483337,7.4683502691522,0.08609298949688839,12.679290990703803,6.713940916826203,0.9929934037000597,0.9968759073547486,0.9983312384888796
757,20,40,10,Mode,40,[   0 2184 2230],2,2184,46,1115.0,92504.5654047737,45.31362249244189,0.6888984230342465,117.52408766599646,1.6620811631826298,0.6888984230342465,117.52408766599646,1.6620811631826298,0.7650302101447742,0.859070170805237,0.9934744102236679
758,20,40,10,Median,40,[   0  544 1790 2184 2230],4,1246,46,557.5,30706.192863451517,17.58843235749855,-0.028386414667614806,45.81571517993733,6.314431009161512,0.22622155746265893,22.851509360801042,4.768806690468796,0.8920625093957998,0.917955514624291,0.9504968859349356
759,20,40,10,Mode,40,[   0 2184 2230],2,2184,46,1115.0,92504.5654047737,45.31362249244189,0.6888984230342465,117.52408766599646,1.6620811631826298,0.6888984230342465,117.52408766599646,1.6620811631826298,0.7650302101447742,0.859070170805237,0.9934744102236679
760,20,40,10,Median,40,[   0 1790 2184 2230],3,1790,46,743.3333333333334,41775.6989022001,23.907745106681524,0.13551653989437784,64.43119283030833,5.027678856435415,0.34130649722085066,25.509859683561032,4.240583983494632,0.8052469312166489,0.8887102663369852,0.9623643537945036
761,20,40,10,Mode,40,[   0 2184 2230],2,2184,46,1115.0,92504.5654047737,45.31362249244189,0.6888984230342465,117.52408766599646,1.6620811631826298,0.6888984230342465,117.52408766599646,1.6620811631826298,0.7650302101447742,0.859070170805237,0.9934744102236679
762,20,40,10,Median,40,[   0  178 1736 1912 2184 2230],5,1558,46,446.0,31358.980501001664,18.888936027936445,0.005238027033209283,40.00239094999099,5.1872637623021856,0.3053152756971529,27.81289264628768,3.4723937792313606,0.9308782319661876,0.9808711037173495,0.9907323555961391
763,20,40,10,Mode,40,[   0  544 1692 1912 2184 2230],5,1148,46,446.0,30705.460237545536,17.732039402138117,-0.026104753261324797,39.56263259570465,5.407154545473253,0.24312100761002892,26.06163377142868,3.985854125492961,0.9526347641124961,0.984352166005366,0.9898115851524875
764,20,40,10,Median,40,[   0  544  765 1736 1912 2184 2230],6,971,46,371.6666666666667,26868.859261640777,16.560288375615222,-0.033825507216247656,33.759315894832305,5.282515069592445,0.24925315364409378,25.143386733609294,3.60635303258263,0.9548955347204929,0.981630559694297,0.9867636672413944
765,20,40,10,Mode,40,[   0  544 1692 1912 2184 2230],5,1148,46,446.0,30705.460237545536,17.732039402138117,-0.026104753261324797,39.56263259570465,5.407154545473253,0.24312100761002892,26.06163377142868,3.985854125492961,0.9526347641124961,0.984352166005366,0.9898115851524875
766,20,40,10,Median,40,[   0  544  765 1767 1912 2184 2230],6,1002,46,371.6666666666667,27131.077671164552,17.019323513989928,-0.02902955155241845,33.80381212640317,5.296602999473853,0.2584280017201939,25.389864611353754,3.5271920691261656,0.9230340101585731,0.9477485566483019,0.9628246925559565
767,20,40,10,Mode,40,[   0  544 1692 1912 2184 2230],5,1148,46,446.0,30705.460237545536,17.732039402138117,-0.026104753261324797,39.56263259570465,5.407154545473253,0.24312100761002892,26.06163377142868,3.985854125492961,0.9526347641124961,0.984352166005366,0.9898115851524875
768,20,40,10,Median,40,[   0  544 1767 1912 2184 2230],5,1223,46,446.0,31920.280187313205,19.037777190332708,-0.019870359090199005,40.259470458745085,5.31517874586251,0.277938397953374,27.650686953516463,3.7236341393032797,0.9074729098874041,0.9475833214060714,0.9672729493905337
769,20,40,10,Mode,40,[   0  544 1692 1912 2184 2230],5,1148,46,446.0,30705.460237545536,17.732039402138117,-0.026104753261324797,39.56263259570465,5.407154545473253,0.24312100761002892,26.06163377142868,3.985854125492961,0.9526347641124961,0.984352166005366,0.9898115851524875
770,20,40,10,Median,40,[   0  544 1767 1912 2184 2230],5,1223,46,446.0,31920.280187313205,19.037777190332708,-0.019870359090199005,40.259470458745085,5.31517874586251,0.277938397953374,27.650686953516463,3.7236341393032797,0.9074729098874041,0.9475833214060714,0.9672729493905337
771,20,40,10,Mode,40,[   0  544 1692 1912 2184 2230],5,1148,46,446.0,30705.460237545536,17.732039402138117,-0.026104753261324797,39.56263259570465,5.407154545473253,0.24312100761002892,26.06163377142868,3.985854125492961,0.9526347641124961,0.984352166005366,0.9898115851524875
772,20,40,10,Median,40,[   0  544 1767 1912 2184 2230],5,1223,46,446.0,31920.280187313205,19.037777190332708,-0.019870359090199005,40.259470458745085,5.31517874586251,0.277938397953374,27.650686953516463,3.7236341393032797,0.9074729098874041,0.9475833214060714,0.9672729493905337
773,20,40,10,Mode,40,[   0  544 1692 1912 2184 2230],5,1148,46,446.0,30705.460237545536,17.732039402138117,-0.026104753261324797,39.56263259570465,5.407154545473253,0.24312100761002892,26.06163377142868,3.985854125492961,0.9526347641124961,0.984352166005366,0.9898115851524875
774,20,40,10,Median,40,[   0  105  544  754 1692 1790 1912 2184 2230],8,938,46,278.75,17476.704796598908,13.527589519132302,-0.0673962209193348,25.267188006949777,6.287819786974881,0.20858736051259535,15.085160690989678,4.307788320636232,0.9287749320795488,0.9651296401209251,0.9737754344253726
775,20,40,10,Mode,40,[   0  105  544  885 1692 1790 1912 2184 2230],8,807,46,278.75,17499.45513749737,13.305567400993706,-0.07307019282382825,25.179676408270907,6.418611560343431,0.19544907720051258,15.131901230438956,4.508118221982822,0.9349331636911441,0.9653329462784175,0.9728125066203411
776,20,40,10,Median,40,[   0  105  544  754 1692 1790 1912 2184 2230],8,938,46,278.75,17476.704796598908,13.527589519132302,-0.0673962209193348,25.267188006949777,6.287819786974881,0.20858736051259535,15.085160690989678,4.307788320636232,0.9287749320795488,0.9651296401209251,0.9737754344253726
777,20,40,10,Mode,40,[   0  105  544  885 1692 1790 1912 2184 2230],8,807,46,278.75,17499.45513749737,13.305567400993706,-0.07307019282382825,25.179676408270907,6.418611560343431,0.19544907720051258,15.131901230438956,4.508118221982822,0.9349331636911441,0.9653329462784175,0.9728125066203411
778,20,40,10,Median,40,[   0  105  544  754 1692 1790 1912 1993 2184 2230],9,938,46,247.77777777777777,15284.173787702588,13.266981405871867,-0.0787402027514906,23.141827754061076,6.6129584513687005,0.17997600888501103,12.567542782351492,4.16164699802516,0.9341820810559823,0.969877083476666,0.9772174793710584
779,20,40,10,Mode,40,[   0  105  544  885 1692 1790 1912 1993 2184 2230],9,807,46,247.77777777777777,15304.080335988745,13.072712052500599,-0.08181447679377635,23.06475602816431,6.726223141690806,0.1684800109869386,12.608440754369608,4.336935661703427,0.9399159304441024,0.9705144115567521,0.9767463287255091
780,20,40,10,Median,40,[   0  105  544  754 1692 1790 1912 1993 2184 2230],9,938,46,247.77777777777777,15284.173787702588,13.266981405871867,-0.0787402027514906,23.141827754061076,6.6129584513687005,0.17997600888501103,12.567542782351492,4.16164699802516,0.9341820810559823,0.969877083476666,0.9772174793710584
781,20,40,10,Mode,40,[   0  105  544  885 1692 1790 1912 1993 2184 2230],9,807,46,247.77777777777777,15304.080335988745,13.072712052500599,-0.08181447679377635,23.06475602816431,6.726223141690806,0.1684800109869386,12.608440754369608,4.336935661703427,0.9399159304441024,0.9705144115567521,0.9767463287255091
782,20,40,10,Median,40,[   0  105  544  754 1692 1790 1912 1993 2184 2230],9,938,46,247.77777777777777,15284.173787702588,13.266981405871867,-0.0787402027514906,23.141827754061076,6.6129584513687005,0.17997600888501103,12.567542782351492,4.16164699802516,0.9341820810559823,0.969877083476666,0.9772174793710584
783,20,40,10,Mode,40,[   0  105  544  885 1692 1790 1912 1993 2184 2230],9,807,46,247.77777777777777,15304.080335988745,13.072712052500599,-0.08181447679377635,23.06475602816431,6.726223141690806,0.1684800109869386,12.608440754369608,4.336935661703427,0.9399159304441024,0.9705144115567521,0.9767463287255091
784,20,40,15,Median,40,[   0  744 1912 2230],3,1168,318,743.3333333333334,8524.050438904065,4.919085219028733,-0.03995654642059869,9.928324972580121,11.57106316407981,0.08037900117616685,9.270097828686222,9.785155741134016,0.9498607756277792,0.9700613880539203,0.982356715942342
785,20,40,15,Mode,40,[   0  765 1912 2230],3,1147,318,743.3333333333334,8532.670991336272,4.9160689595608895,-0.030323878734674816,9.893556014799344,11.85408483637208,0.08813705535335452,9.370102876799685,9.939229841156966,0.9530861859549961,0.9719099057946667,0.9833619060425968
786,20,40,15,Median,40,[   0  178 1912 2230],3,1734,178,743.3333333333334,10218.027515910373,6.542706111160358,0.0531157147169838,11.700893478793736,7.345111565510696,0.15612130939715546,13.900420948687408,5.542685740396115,0.9169914498098245,0.9543404417795419,0.9835742124875685
787,20,40,15,Mode,40,[   0  105  765 1912 2230],4,1147,105,557.5,7223.497867230434,5.700145531195314,-0.052794086085695816,8.582103148743242,11.377908410246093,0.11541311441773039,9.428218241294424,8.153565012879701,0.95218908518628,0.969340694279762,0.9810082191802466
788,20,40,15,Median,40,[   0  192 1790 2184 2230],4,1598,46,557.5,31192.449757273152,18.43373959010716,0.09001334366501865,46.58889343261165,7.307287565314281,0.2847048146606163,24.57141848925691,4.0938318751218175,0.8318828809292829,0.8860921238114098,0.9474089636656607
789,20,40,15,Mode,40,[   0 2184 2230],2,2184,46,1115.0,92504.5654047737,45.31362249244189,0.6888984230342465,117.52408766599646,1.6620811631826298,0.6888984230342465,117.52408766599646,1.6620811631826298,0.7650302101447742,0.859070170805237,0.9934744102236679
790,20,40,15,Median,40,[   0 1790 2184 2230],3,1790,46,743.3333333333334,41775.6989022001,23.907745106681524,0.13551653989437784,64.43119283030833,5.027678856435415,0.34130649722085066,25.509859683561032,4.240583983494632,0.8052469312166489,0.8887102663369852,0.9623643537945036
791,20,40,15,Mode,40,[   0  105  765 1099 1912 2184 2230],6,813,46,371.6666666666667,21067.204421371323,13.732541609678744,-0.12652260710767496,28.412948070046525,8.802787375072024,0.12935235854548052,16.629044810058957,4.5070777367774175,0.9507578977982498,0.9670024854195692,0.975687837585045
792,20,40,15,Median,40,[   0  178 1741 1912 2184 2230],5,1563,46,446.0,30495.25336910812,18.667828964053577,0.0032627770634420525,39.247130665478295,5.366585914901217,0.3012766412228697,26.372816469331646,3.524571135141902,0.9198031478573434,0.9739192769068035,0.9874056206826808
793,20,40,15,Mode,40,[   0  105 1692 1912 2184 2230],5,1587,46,446.0,30516.19021864394,18.606754049447996,0.005354384625420686,39.455038451000455,6.283361778724798,0.3057089683907275,26.42452003629601,3.4842468805439863,0.9358392717964558,0.9843534301503163,0.9927045735845884
794,20,40,15,Median,40,[   0  507 1741 1912 2184 2230],5,1234,46,446.0,31152.237511153755,18.37861507925018,-0.015847256654457867,39.863176282890784,5.172338389679975,0.2675963322245893,27.058856377894422,3.7227793369165965,0.9403217204407863,0.9786780221565214,0.9867245790226902
795,20,40,15,Mode,40,[   0  507 1692 1912 2184 2230],5,1185,46,446.0,31175.864853500396,17.883225967900778,-0.020327931212746658,40.02466617622952,5.200758282472382,0.24879862796637278,27.343981644884778,3.822015392402587,0.9544156329306951,0.9860181458077426,0.9910286751585275
796,20,40,15,Median,40,[   0  105  507  765 1692 1790 1912 2184 2230],8,927,46,278.75,17485.00205311411,13.419281845595176,-0.06110627748074363,25.42166952642771,6.031429081961701,0.20186084472609434,15.053915379420435,4.399764774862954,0.9375229612737234,0.971525328289228,0.9783921285602201
797,20,40,15,Mode,40,[   0  105  507  765 1692 1790 1912 2184 2230],8,927,46,278.75,17485.00205311411,13.419281845595176,-0.06110627748074363,25.42166952642771,6.031429081961701,0.20186084472609434,15.053915379420435,4.399764774862954,0.9375229612737234,0.971525328289228,0.9783921285602201
798,20,40,15,Median,40,[   0  105  507  765 1099 1228 1692 1790 1912 2184 2230],10,464,46,223.0,15293.966179683614,12.54783188306804,-0.12554967333568962,21.343213793528765,7.190799979991558,0.19622246065631319,16.271771879930398,3.975746717247785,0.927513833012656,0.9268443012089627,0.937221627046368
799,20,40,15,Mode,40,[   0  105  507  765 1099 1228 1692 1790 1912 2184 2230],10,464,46,223.0,15293.966179683614,12.54783188306804,-0.12554967333568962,21.343213793528765,7.190799979991558,0.19622246065631319,16.271771879930398,3.975746717247785,0.927513833012656,0.9268443012089627,0.937221627046368
800,20,40,15,Median,40,[   0  192  544  765 1099 1228 1692 1790 1912 2184 2230],10,464,46,223.0,15537.95677773822,12.641048898898045,-0.12706273303722113,21.498202892536373,8.588203639746329,0.19324545258813564,17.15288668899099,3.888717823026188,0.9179838452865815,0.9109715437765644,0.9229140056581325
801,20,40,15,Mode,40,[   0  105  507  765 1099 1228 1692 1790 1912 2184 2230],10,464,46,223.0,15293.966179683614,12.54783188306804,-0.12554967333568962,21.343213793528765,7.190799979991558,0.19622246065631319,16.271771879930398,3.975746717247785,0.927513833012656,0.9268443012089627,0.937221627046368
802,20,40,15,Median,40,[   0  192  544  765 1099 1228 1692 1790 1912 2184 2230],10,464,46,223.0,15537.95677773822,12.641048898898045,-0.12706273303722113,21.498202892536373,8.588203639746329,0.19324545258813564,17.15288668899099,3.888717823026188,0.9179838452865815,0.9109715437765644,0.9229140056581325
803,20,40,15,Mode,40,[   0  105  507  765 1099 1228 1692 1790 1912 2184 2230],10,464,46,223.0,15293.966179683614,12.54783188306804,-0.12554967333568962,21.343213793528765,7.190799979991558,0.19622246065631319,16.271771879930398,3.975746717247785,0.927513833012656,0.9268443012089627,0.937221627046368
804,20,40,15,Median,40,[   0  105  544  765 1099 1228 1692 1790 1912 2184 2230],10,464,46,223.0,15590.261100173459,12.768791887382385,-0.124513221897432,21.448097325267497,7.894288869676254,0.20549691402081377,17.0529994931562,3.864618390086829,0.9260249757609916,0.9267930684645996,0.9373631709685449
805,20,40,15,Mode,40,[   0  105  507  765 1099 1228 1692 1790 1912 2184 2230],10,464,46,223.0,15293.966179683614,12.54783188306804,-0.12554967333568962,21.343213793528765,7.190799979991558,0.19622246065631319,16.271771879930398,3.975746717247785,0.927513833012656,0.9268443012089627,0.937221627046368
806,20,40,15,Median,40,[   0  105  544  765 1099 1224 1692 1790 1912 2184 2230],10,468,46,223.0,15444.978387491341,12.69661412799878,-0.12366738328990169,21.329128026185135,7.875214878579323,0.20490377508526458,16.668845023530785,3.90111044433862,0.9278001451039383,0.9304175009769278,0.9404605198564805
807,20,40,15,Mode,40,[   0  105  507  765 1099 1228 1692 1790 1912 2184 2230],10,464,46,223.0,15293.966179683614,12.54783188306804,-0.12554967333568962,21.343213793528765,7.190799979991558,0.19622246065631319,16.271771879930398,3.975746717247785,0.927513833012656,0.9268443012089627,0.937221627046368
808,20,40,15,Median,40,[   0  105  544  765 1099 1224 1692 1790 1912 1993 2184 2230],11,468,46,202.72727272727272,13894.126221285045,12.571225176503788,-0.11757652404014098,20.03186934762801,7.850601521697897,0.18238305232593016,14.496382263366126,3.824865173879524,0.93218825727287,0.9363628941286842,0.9453831001427582
809,20,40,15,Mode,40,[   0  105  507  765 1099 1228 1692 1790 1912 1993 2184 2230],11,464,46,202.72727272727272,13758.21523425809,12.437321156066123,-0.119372869724018,20.0446297378984,7.271221438955936,0.17456986933987392,14.139016434125773,3.892037819497772,0.9318889774048436,0.932765567136385,0.9421477051594727
810,20,40,15,Median,40,[   0  105  544  765 1099 1224 1692 1790 1912 1993 2184 2230],11,468,46,202.72727272727272,13894.126221285045,12.571225176503788,-0.11757652404014098,20.03186934762801,7.850601521697897,0.18238305232593016,14.496382263366126,3.824865173879524,0.93218825727287,0.9363628941286842,0.9453831001427582
811,20,40,15,Mode,40,[   0  105  507  765 1099 1228 1692 1790 1912 1993 2184 2230],11,464,46,202.72727272727272,13758.21523425809,12.437321156066123,-0.119372869724018,20.0446297378984,7.271221438955936,0.17456986933987392,14.139016434125773,3.892037819497772,0.9318889774048436,0.932765567136385,0.9421477051594727
812,20,40,20,Median,40,[   0  744 1912 2230],3,1168,318,743.3333333333334,8524.050438904065,4.919085219028733,-0.03995654642059869,9.928324972580121,11.57106316407981,0.08037900117616685,9.270097828686222,9.785155741134016,0.9498607756277792,0.9700613880539203,0.982356715942342
813,20,40,20,Mode,40,[   0  765 1912 2230],3,1147,318,743.3333333333334,8532.670991336272,4.9160689595608895,-0.030323878734674816,9.893556014799344,11.85408483637208,0.08813705535335452,9.370102876799685,9.939229841156966,0.9530861859549961,0.9719099057946667,0.9833619060425968
814,20,40,20,Median,40,[   0  105  765 1912 2230],4,1147,105,557.5,7223.497867230434,5.700145531195314,-0.052794086085695816,8.582103148743242,11.377908410246093,0.11541311441773039,9.428218241294424,8.153565012879701,0.95218908518628,0.969340694279762,0.9810082191802466
815,20,40,20,Mode,40,[   0   83  765 1912 2230],4,1147,83,557.5,7166.667439860816,5.918849424714433,-0.051129847320965705,8.586980658042153,11.98276700179222,0.1280877523523391,9.326162526294523,8.439342390788205,0.945249214237749,0.9668741680820936,0.9795768271473473
816,20,40,20,Median,40,[   0  105 1790 2179 2230],4,1685,51,557.5,30056.14321000135,17.996956122877563,0.11381954529337522,45.95608166893266,6.833649683927665,0.30140848766764894,21.923434761893844,4.212558436347556,0.8484434607907246,0.898954265960101,0.9588177366314682
817,20,40,20,Mode,40,[   0 2184 2230],2,2184,46,1115.0,92504.5654047737,45.31362249244189,0.6888984230342465,117.52408766599646,1.6620811631826298,0.6888984230342465,117.52408766599646,1.6620811631826298,0.7650302101447742,0.859070170805237,0.9934744102236679
818,20,40,20,Median,40,[   0  105 1790 2179 2230],4,1685,51,557.5,30056.14321000135,17.996956122877563,0.11381954529337522,45.95608166893266,6.833649683927665,0.30140848766764894,21.923434761893844,4.212558436347556,0.8484434607907246,0.898954265960101,0.9588177366314682
819,20,40,20,Mode,40,[   0   83  765 1099 1912 2184 2230],6,813,46,371.6666666666667,21030.09480209972,13.867374715934229,-0.1264156325706698,28.41618217572928,8.952216770386977,0.13594532887241392,16.533019090176804,4.484597114743515,0.9455567784033132,0.9641863903626275,0.9737258087771049
820,20,40,20,Median,40,[   0  105 1741 1912 2179 2230],5,1636,51,446.0,31152.289909020976,18.846958896646658,-0.025462897310943422,39.83665921042041,6.136354413167533,0.3238707718923328,26.95180922709041,3.305916347520183,0.9213818856269593,0.9757748489325215,0.9893266252912231
821,20,40,20,Mode,40,[   0   83 1692 1912 2184 2230],5,1609,46,446.0,30530.278920317913,18.86083174317177,0.005988021970975139,39.498333642520734,6.912196070479027,0.3145703966530362,26.51672182617837,3.4206479119558746,0.9260977555288323,0.9788472717245844,0.9903674149497355
822,20,40,20,Median,40,[   0  507 1741 1912 2179 2230],5,1234,51,446.0,31865.58585195707,18.147906409340823,-0.032162407639519074,40.444196354329286,5.098694088747406,0.26874068819530267,27.93423684555243,3.662746761813593,0.9447039600791965,0.9799371624853689,0.987501923136113
823,20,40,20,Mode,40,[   0  507 1692 1912 2184 2230],5,1185,46,446.0,31175.864853500396,17.883225967900778,-0.020327931212746658,40.02466617622952,5.200758282472382,0.24879862796637278,27.343981644884778,3.822015392402587,0.9544156329306951,0.9860181458077426,0.9910286751585275
824,20,40,20,Median,40,[   0  105  507  765 1692 1790 1912 2179 2230],8,927,51,278.75,17884.860855515475,13.286461261853182,-0.06065123792131614,25.758467869835233,6.0490938900521645,0.20313348137281942,15.625599853735837,4.37483611162559,0.9406588956672122,0.9731301381348635,0.979605660916309
825,20,40,20,Mode,40,[   0   83  507  765 1692 1790 1912 2184 2230],8,927,46,278.75,17520.044148334648,13.52832039914155,-0.057835813126929994,25.447461438940724,6.146534514776024,0.2075341041978652,15.151684239783842,4.370101282497958,0.9332183276622544,0.9695062724393507,0.9769259896385517
826,20,40,20,Median,40,[   0  105  507  765 1099 1228 1692 1790 1912 2179 2230],10,464,51,223.0,15604.967470440235,12.444526984602046,-0.12130265520567735,21.60806425390237,7.2049318264639295,0.19721228915932157,16.716415359953487,3.956357756952058,0.9300662082113482,0.929220436870358,0.9392800196648016
827,20,40,20,Mode,40,[   0   83  507  765 1099 1228 1692 1790 1912 2184 2230],10,464,46,223.0,15321.221142632925,12.632639646937443,-0.1252196945411763,21.36349584980464,7.2367808713632495,0.20063499580102384,16.347814326879714,3.952675112075011,0.9239735555126164,0.9244637189388387,0.9352636481841206
828,20,40,20,Median,40,[   0  192  544  765 1099 1228 1692 1790 1912 2179 2230],10,464,51,223.0,15848.95806849484,12.53774400043205,-0.12279421115207373,21.763359917051336,8.62602566274491,0.19423528109114402,17.597530169014078,3.8693288627304607,0.9205058242764705,0.9134225047865947,0.925043987550218
829,20,40,20,Mode,40,[   0   83  507  765 1099 1228 1692 1790 1912 2184 2230],10,464,46,223.0,15321.221142632925,12.632639646937443,-0.1252196945411763,21.36349584980464,7.2367808713632495,0.20063499580102384,16.347814326879714,3.952675112075011,0.9239735555126164,0.9244637189388387,0.9352636481841206
830,20,40,20,Median,40,[   0  192  544  765 1099 1228 1692 1790 1912 1994 2179 2230],11,464,51,202.72727272727272,14401.302130996944,12.525714420907502,-0.12661777182476416,20.621013205844633,8.482739674317619,0.17566978965718405,16.007589727020846,3.7729367084282686,0.9239180833844414,0.9179594469333735,0.9287141369395628
831,20,40,20,Mode,40,[   0   83  507  765 1099 1228 1692 1790 1912 1994 2184 2230],11,464,46,202.72727272727272,13826.146986560387,12.532682255653997,-0.11873361651859916,20.106304910901137,7.33497851993156,0.1793269172430545,14.27263832432175,3.8683321039128176,0.9275620038659901,0.9298230523963881,0.9396352621756598
832,20,40,20,Median,40,[   0   83  544  765 1099 1228 1692 1790 1912 1994 2179 2230],11,464,51,202.72727272727272,14479.262623292056,12.725984618954334,-0.12498401270735472,20.59847537832278,7.886041972043396,0.19066710443566365,16.003760573017523,3.7282281767483587,0.9283465519501561,0.9312875854842472,0.9410868177755347
833,20,40,20,Mode,40,[   0   83  507  765 1099 1228 1692 1790 1912 1994 2184 2230],11,464,46,202.72727272727272,13826.146986560387,12.532682255653997,-0.11873361651859916,20.106304910901137,7.33497851993156,0.1793269172430545,14.27263832432175,3.8683321039128176,0.9275620038659901,0.9298230523963881,0.9396352621756598
834,20,40,20,Median,40,[   0   83  544  765 1099 1228 1692 1790 1912 1994 2179 2230],11,464,51,202.72727272727272,14479.262623292056,12.725984618954334,-0.12498401270735472,20.59847537832278,7.886041972043396,0.19066710443566365,16.003760573017523,3.7282281767483587,0.9283465519501561,0.9312875854842472,0.9410868177755347
835,20,40,20,Mode,40,[   0   83  507  765 1099 1228 1692 1790 1912 1994 2184 2230],11,464,46,202.72727272727272,13826.146986560387,12.532682255653997,-0.11873361651859916,20.106304910901137,7.33497851993156,0.1793269172430545,14.27263832432175,3.8683321039128176,0.9275620038659901,0.9298230523963881,0.9396352621756598
836,20,40,20,Median,40,[   0   83  544  765 1099 1228 1692 1790 1912 1994 2179 2230],11,464,51,202.72727272727272,14479.262623292056,12.725984618954334,-0.12498401270735472,20.59847537832278,7.886041972043396,0.19066710443566365,16.003760573017523,3.7282281767483587,0.9283465519501561,0.9312875854842472,0.9410868177755347
837,20,40,20,Mode,40,[   0   83  507  765 1099 1228 1692 1790 1912 1994 2184 2230],11,464,46,202.72727272727272,13826.146986560387,12.532682255653997,-0.11873361651859916,20.106304910901137,7.33497851993156,0.1793269172430545,14.27263832432175,3.8683321039128176,0.9275620038659901,0.9298230523963881,0.9396352621756598
838,20,40,20,Median,40,[   0   83  544  765 1099 1228 1692 1790 1912 1994 2179 2230],11,464,51,202.72727272727272,14479.262623292056,12.725984618954334,-0.12498401270735472,20.59847537832278,7.886041972043396,0.19066710443566365,16.003760573017523,3.7282281767483587,0.9283465519501561,0.9312875854842472,0.9410868177755347
839,20,40,20,Mode,40,[   0   83  507  765 1099 1228 1692 1790 1912 1994 2184 2230],11,464,46,202.72727272727272,13826.146986560387,12.532682255653997,-0.11873361651859916,20.106304910901137,7.33497851993156,0.1793269172430545,14.27263832432175,3.8683321039128176,0.9275620038659901,0.9298230523963881,0.9396352621756598
840,20,45,10,Median,40,[   0  507 1934 2230],3,1427,296,743.3333333333334,10678.75550911488,5.947190725570389,-0.04198296690768404,12.09142743883748,7.0846016150352495,0.09529833016382108,13.7695074504281,6.316222169891775,0.9960945119528607,0.9984416595136191,0.9991877824505043
841,20,45,10,Mode,40,[   0 2184 2230],2,2184,46,1115.0,92504.5654047737,45.31362249244189,0.6888984230342465,117.52408766599646,1.6620811631826298,0.6888984230342465,117.52408766599646,1.6620811631826298,0.7650302101447742,0.859070170805237,0.9934744102236679
842,20,45,10,Median,40,[   0  507 1790 2184 2230],4,1283,46,557.5,31218.464618750306,17.766720280796466,-0.016765620394743268,46.35899540469588,6.364937556321621,0.23311608330920675,24.070232134458905,4.52186211744965,0.8929536949875022,0.9183982472529315,0.9516347962775885
843,20,45,10,Mode,40,[   0  178 1692 2184 2230],4,1514,46,557.5,31846.014176665416,18.282325162141156,0.06716540686733039,46.788003057958406,7.186397792500139,0.2859569041367604,26.504091888570088,4.158154825933388,0.9635821570245741,0.9886513967513284,0.9945079421560119
844,20,45,10,Median,40,[   0 1790 2184 2230],3,1790,46,743.3333333333334,41775.6989022001,23.907745106681524,0.13551653989437784,64.43119283030833,5.027678856435415,0.34130649722085066,25.509859683561032,4.240583983494632,0.8052469312166489,0.8887102663369852,0.9623643537945036
845,20,45,10,Mode,40,[   0  544 1692 2184 2230],4,1148,46,557.5,32218.436843050014,17.724675897214066,-0.034941742777561034,46.96067812689346,6.160302335987769,0.2310300748221035,26.601452945891836,4.535436160064186,0.9747879248163208,0.9907756623525539,0.994213946420111
846,20,45,10,Median,40,[   0  178 1692 1912 2184 2230],5,1514,46,446.0,30552.14013543723,18.183092847440456,0.0014959057136922512,39.431270062119346,5.488421686803247,0.28406024057637735,26.680155801158243,3.6390990755859867,0.9382493215315154,0.9830649094483327,0.9914062399691405
847,20,45,10,Mode,40,[   0  544 1692 1912 2184 2230],5,1148,46,446.0,30705.460237545536,17.732039402138117,-0.026104753261324797,39.56263259570465,5.407154545473253,0.24312100761002892,26.06163377142868,3.985854125492961,0.9526347641124961,0.984352166005366,0.9898115851524875
848,20,45,10,Median,40,[   0  512 1692 1912 2184 2230],5,1180,46,446.0,31088.123888999304,17.855771573323345,-0.021041492165568554,39.93104750108226,5.246407831246733,0.248005953680478,27.11061824662046,3.850546754731519,0.9445006838193513,0.9786282472170122,0.9862709800972612
849,20,45,10,Mode,40,[   0  544 1692 1912 2184 2230],5,1148,46,446.0,30705.460237545536,17.732039402138117,-0.026104753261324797,39.56263259570465,5.407154545473253,0.24312100761002892,26.06163377142868,3.985854125492961,0.9526347641124961,0.984352166005366,0.9898115851524875
850,20,45,10,Median,40,[   0  512 1767 1912 2184 2230],5,1255,46,446.0,32267.128782759588,19.157196855349103,-0.014442687963197032,40.60389920607204,5.141495874643918,0.282626814104295,28.58554409488047,3.5882503113592756,0.8983058624069646,0.9413195270589573,0.9638701708795347
851,20,45,10,Mode,40,[   0  544  744 1692 1790 1912 2184 2230],7,948,46,318.57142857142856,19531.257678158414,14.51255238475882,-0.03748661494998924,28.327410318360762,5.7847428149784035,0.1976448861664629,15.406375062072343,4.336602765173168,0.933297852397606,0.9729865801378603,0.9802213421223752
852,20,45,10,Median,40,[   0  512 1767 1912 2184 2230],5,1255,46,446.0,32267.128782759588,19.157196855349103,-0.014442687963197032,40.60389920607204,5.141495874643918,0.282626814104295,28.58554409488047,3.5882503113592756,0.8983058624069646,0.9413195270589573,0.9638701708795347
853,20,45,10,Mode,40,[   0  544  885 1692 1790 1912 2184 2230],7,807,46,318.57142857142856,19843.992303467385,14.356684283424277,-0.04986364072001335,28.39349923950197,5.891965182618945,0.1937550237681205,16.105577522540084,4.520461318937732,0.9346031215626805,0.9688603386858852,0.9761470742717095
854,20,45,10,Median,40,[   0  512 1331 1692 1767 1912 2184 2230],7,819,46,318.57142857142856,20045.892859911542,14.365985545383134,-0.12349072358101482,28.748680460852096,5.709172254901294,0.16523245170550246,16.64082709446515,4.310638182748366,0.9374263451436516,0.9678574197989038,0.9753865240105057
855,20,45,10,Mode,40,[   0  544 1331 1692 1790 1912 2184 2230],7,787,46,318.57142857142856,20179.176693814985,14.43882775717253,-0.1241740424834093,28.509872143741397,5.695631839593871,0.16810654816595436,16.996739718490314,4.369639324880601,0.9377701618993572,0.9700849532837788,0.9769716391527412
856,20,45,10,Median,40,[   0   83  544 1331 1692 1767 1912 2184 2230],8,787,46,278.75,17518.887070805366,13.38456418139422,-0.12727947886967203,25.363671685548443,6.403741590695627,0.1718591220059329,15.139472594315041,4.352787712568366,0.938889008084755,0.9678652946425645,0.9747638850233736
857,20,45,10,Mode,40,[   0   83  544 1331 1692 1790 1912 2184 2230],8,787,46,278.75,17700.327895533235,13.465157846603153,-0.12741555374304844,25.312020285653418,6.268697707932634,0.17534429986975855,15.609699215631577,4.381906973646482,0.9336613613860136,0.9642418362496936,0.9719076034429182
858,20,45,10,Median,40,[   0   83  544 1331 1692 1767 1912 2184 2230],8,787,46,278.75,17518.887070805366,13.38456418139422,-0.12727947886967203,25.363671685548443,6.403741590695627,0.1718591220059329,15.139472594315041,4.352787712568366,0.938889008084755,0.9678652946425645,0.9747638850233736
859,20,45,10,Mode,40,[   0   83  544 1331 1692 1790 1912 2184 2230],8,787,46,278.75,17700.327895533235,13.465157846603153,-0.12741555374304844,25.312020285653418,6.268697707932634,0.17534429986975855,15.609699215631577,4.381906973646482,0.9336613613860136,0.9642418362496936,0.9719076034429182
860,20,45,10,Median,40,[   0   83  544  754 1061 1331 1692 1790 1912 2184 2230],10,461,46,223.0,14730.588312174576,12.085578403644304,-0.12825514520916234,20.759779544727827,7.170934821742643,0.17186882440620865,14.676916987361908,4.190403957969686,0.9313203131535527,0.9362114316582939,0.9446476328410824
861,20,45,10,Mode,40,[   0   83  544  885 1061 1331 1692 1790 1912 2184 2230],10,461,46,223.0,14870.573488876444,12.19396201130194,-0.14508581002787732,20.739509151819444,7.478861952171672,0.15369013611087035,14.994514251752527,4.046508799590003,0.9340993265219631,0.9411384319785627,0.9490314813940761
862,20,45,10,Median,40,[   0   83  544  754 1061 1331 1692 1767 1912 2184 2230],10,461,46,223.0,14589.467670719567,12.022894441815133,-0.1281101724339372,20.80024603472478,7.2292805894327685,0.16915813051212206,14.31118517078238,4.167755643797818,0.935611062827626,0.941578352360286,0.949325040886195
863,20,45,10,Mode,40,[   0   83  544  885 1061 1331 1692 1790 1912 2184 2230],10,461,46,223.0,14870.573488876444,12.19396201130194,-0.14508581002787732,20.739509151819444,7.478861952171672,0.15369013611087035,14.994514251752527,4.046508799590003,0.9340993265219631,0.9411384319785627,0.9490314813940761
864,20,45,10,Median,40,[   0   83  544  754 1061 1331 1692 1790 1912 2184 2230],10,461,46,223.0,14730.588312174576,12.085578403644304,-0.12825514520916234,20.759779544727827,7.170934821742643,0.17186882440620865,14.676916987361908,4.190403957969686,0.9313203131535527,0.9362114316582939,0.9446476328410824
865,20,45,10,Mode,40,[   0   83  544  885 1061 1331 1692 1790 1912 2184 2230],10,461,46,223.0,14870.573488876444,12.19396201130194,-0.14508581002787732,20.739509151819444,7.478861952171672,0.15369013611087035,14.994514251752527,4.046508799590003,0.9340993265219631,0.9411384319785627,0.9490314813940761
866,20,45,10,Median,40,[   0   83  544  754 1061 1331 1692 1790 1912 1993 2184 2230],11,461,46,202.72727272727272,13251.175153499955,12.021293024584756,-0.1221520914178706,19.51609670586968,7.421327468501553,0.15265159671477985,12.703647030814134,4.085229336147483,0.9355258001165492,0.9426981792468452,0.9499817394856493
867,20,45,10,Mode,40,[   0   83  544  885 1061 1331 1692 1790 1912 1993 2184 2230],11,461,46,202.72727272727272,13377.161812531634,12.118838271476628,-0.13893130762747719,19.49773390367193,7.662300444441076,0.13629077724897537,12.989484568765693,3.9557236936057683,0.9382411082976342,0.9477239142464339,0.9544692205144871
868,20,45,15,Median,40,[   0  744 1934 2230],3,1190,296,743.3333333333334,8346.024049527676,4.964895745624876,-0.0396927776427636,9.744747781733363,11.734053390373854,0.0868666467102417,9.073293686182538,9.924141268321208,0.9933768110801707,0.996794056387334,0.9981190085844983
869,20,45,15,Mode,40,[   0 2184 2230],2,2184,46,1115.0,92504.5654047737,45.31362249244189,0.6888984230342465,117.52408766599646,1.6620811631826298,0.6888984230342465,117.52408766599646,1.6620811631826298,0.7650302101447742,0.859070170805237,0.9934744102236679
870,20,45,15,Median,40,[   0  192 1934 2230],3,1742,192,743.3333333333334,11046.171261322837,6.980507346844138,0.06977158719741836,12.535438799041412,7.482016013426233,0.17277858313087582,15.429734636286476,5.233922545347577,0.9513305864845627,0.9735126272289859,0.9902330334915247
871,20,45,15,Mode,40,[   0 2184 2230],2,2184,46,1115.0,92504.5654047737,45.31362249244189,0.6888984230342465,117.52408766599646,1.6620811631826298,0.6888984230342465,117.52408766599646,1.6620811631826298,0.7650302101447742,0.859070170805237,0.9934744102236679
872,20,45,15,Median,40,[   0  192 1790 2184 2230],4,1598,46,557.5,31192.449757273152,18.43373959010716,0.09001334366501865,46.58889343261165,7.307287565314281,0.2847048146606163,24.57141848925691,4.0938318751218175,0.8318828809292829,0.8860921238114098,0.9474089636656607
873,20,45,15,Mode,40,[   0   83 1692 2184 2230],4,1609,46,557.5,31786.491936086833,19.179641688613724,0.1276812728684865,46.876157702921155,6.714062429341508,0.32695975571585323,26.31974002533153,3.8980514249482145,0.9523723147587216,0.9843195085708929,0.993235820132155
874,20,45,15,Median,40,[   0  105 1790 2184 2230],4,1685,46,557.5,30312.613503510307,18.696681353381166,0.1255600114814862,45.70418859074092,6.929901222916409,0.3068103461580039,22.517699149492234,4.093731633230626,0.8406449851695732,0.89719895339051,0.95814434971149
875,20,45,15,Mode,40,[   0   83 1692 2184 2230],4,1609,46,557.5,31786.491936086833,19.179641688613724,0.1276812728684865,46.876157702921155,6.714062429341508,0.32695975571585323,26.31974002533153,3.8980514249482145,0.9523723147587216,0.9843195085708929,0.993235820132155
876,20,45,15,Median,40,[   0  105 1692 1912 2184 2230],5,1587,46,446.0,30516.19021864394,18.606754049447996,0.005354384625420686,39.455038451000455,6.283361778724798,0.3057089683907275,26.42452003629601,3.4842468805439863,0.9358392717964558,0.9843534301503163,0.9927045735845884
877,20,45,15,Mode,40,[   0   83 1692 1912 2184 2230],5,1609,46,446.0,30530.278920317913,18.86083174317177,0.005988021970975139,39.498333642520734,6.912196070479027,0.3145703966530362,26.51672182617837,3.4206479119558746,0.9260977555288323,0.9788472717245844,0.9903674149497355
878,20,45,15,Median,40,[   0  507 1692 1912 2184 2230],5,1185,46,446.0,31175.864853500396,17.883225967900778,-0.020327931212746658,40.02466617622952,5.200758282472382,0.24879862796637278,27.343981644884778,3.822015392402587,0.9544156329306951,0.9860181458077426,0.9910286751585275
879,20,45,15,Mode,40,[   0  507 1692 1912 2184 2230],5,1185,46,446.0,31175.864853500396,17.883225967900778,-0.020327931212746658,40.02466617622952,5.200758282472382,0.24879862796637278,27.343981644884778,3.822015392402587,0.9544156329306951,0.9860181458077426,0.9910286751585275
880,20,45,15,Median,40,[   0  105  507  765 1692 1790 1912 2184 2230],8,927,46,278.75,17485.00205311411,13.419281845595176,-0.06110627748074363,25.42166952642771,6.031429081961701,0.20186084472609434,15.053915379420435,4.399764774862954,0.9375229612737234,0.971525328289228,0.9783921285602201
881,20,45,15,Mode,40,[   0   83  507  765 1692 1790 1912 2184 2230],8,927,46,278.75,17520.044148334648,13.52832039914155,-0.057835813126929994,25.447461438940724,6.146534514776024,0.2075341041978652,15.151684239783842,4.370101282497958,0.9332183276622544,0.9695062724393507,0.9769259896385517
882,20,45,15,Median,40,[   0  105  507  765 1099 1228 1692 1790 1912 2184 2230],10,464,46,223.0,15293.966179683614,12.54783188306804,-0.12554967333568962,21.343213793528765,7.190799979991558,0.19622246065631319,16.271771879930398,3.975746717247785,0.927513833012656,0.9268443012089627,0.937221627046368
883,20,45,15,Mode,40,[   0   83  507  765 1099 1228 1692 1790 1912 2184 2230],10,464,46,223.0,15321.221142632925,12.632639646937443,-0.1252196945411763,21.36349584980464,7.2367808713632495,0.20063499580102384,16.347814326879714,3.952675112075011,0.9239735555126164,0.9244637189388387,0.9352636481841206
884,20,45,15,Median,40,[   0   83  507  765 1099 1228 1692 1790 1912 2184 2230],10,464,46,223.0,15321.221142632925,12.632639646937443,-0.1252196945411763,21.36349584980464,7.2367808713632495,0.20063499580102384,16.347814326879714,3.952675112075011,0.9239735555126164,0.9244637189388387,0.9352636481841206
885,20,45,15,Mode,40,[   0   83  507  765 1099 1228 1692 1790 1912 2184 2230],10,464,46,223.0,15321.221142632925,12.632639646937443,-0.1252196945411763,21.36349584980464,7.2367808713632495,0.20063499580102384,16.347814326879714,3.952675112075011,0.9239735555126164,0.9244637189388387,0.9352636481841206
886,20,45,15,Median,40,[   0   83  507  765 1099 1228 1692 1790 1912 2184 2230],10,464,46,223.0,15321.221142632925,12.632639646937443,-0.1252196945411763,21.36349584980464,7.2367808713632495,0.20063499580102384,16.347814326879714,3.952675112075011,0.9239735555126164,0.9244637189388387,0.9352636481841206
887,20,45,15,Mode,40,[   0   83  507  765 1099 1228 1692 1790 1912 2184 2230],10,464,46,223.0,15321.221142632925,12.632639646937443,-0.1252196945411763,21.36349584980464,7.2367808713632495,0.20063499580102384,16.347814326879714,3.952675112075011,0.9239735555126164,0.9244637189388387,0.9352636481841206
888,20,45,15,Median,40,[   0   83  507  765 1099 1228 1692 1790 1912 2184 2230],10,464,46,223.0,15321.221142632925,12.632639646937443,-0.1252196945411763,21.36349584980464,7.2367808713632495,0.20063499580102384,16.347814326879714,3.952675112075011,0.9239735555126164,0.9244637189388387,0.9352636481841206
889,20,45,15,Mode,40,[   0   83  507  765 1099 1228 1692 1790 1912 2184 2230],10,464,46,223.0,15321.221142632925,12.632639646937443,-0.1252196945411763,21.36349584980464,7.2367808713632495,0.20063499580102384,16.347814326879714,3.952675112075011,0.9239735555126164,0.9244637189388387,0.9352636481841206
890,20,45,15,Median,40,[   0   83  507  765 1099 1228 1692 1790 1912 2184 2230],10,464,46,223.0,15321.221142632925,12.632639646937443,-0.1252196945411763,21.36349584980464,7.2367808713632495,0.20063499580102384,16.347814326879714,3.952675112075011,0.9239735555126164,0.9244637189388387,0.9352636481841206
891,20,45,15,Mode,40,[   0   83  507  765 1099 1228 1692 1790 1912 2184 2230],10,464,46,223.0,15321.221142632925,12.632639646937443,-0.1252196945411763,21.36349584980464,7.2367808713632495,0.20063499580102384,16.347814326879714,3.952675112075011,0.9239735555126164,0.9244637189388387,0.9352636481841206
892,20,45,15,Median,40,[   0   83  507  765 1099 1228 1692 1790 1912 2184 2230],10,464,46,223.0,15321.221142632925,12.632639646937443,-0.1252196945411763,21.36349584980464,7.2367808713632495,0.20063499580102384,16.347814326879714,3.952675112075011,0.9239735555126164,0.9244637189388387,0.9352636481841206
893,20,45,15,Mode,40,[   0   83  507  765 1099 1228 1692 1790 1912 2184 2230],10,464,46,223.0,15321.221142632925,12.632639646937443,-0.1252196945411763,21.36349584980464,7.2367808713632495,0.20063499580102384,16.347814326879714,3.952675112075011,0.9239735555126164,0.9244637189388387,0.9352636481841206
894,20,45,15,Median,40,[   0   83  507  765 1099 1228 1692 1790 1912 1994 2184 2230],11,464,46,202.72727272727272,13826.146986560387,12.532682255653997,-0.11873361651859916,20.106304910901137,7.33497851993156,0.1793269172430545,14.27263832432175,3.8683321039128176,0.9275620038659901,0.9298230523963881,0.9396352621756598
895,20,45,15,Mode,40,[   0   83  507  765 1099 1228 1692 1790 1912 1993 2184 2230],11,464,46,202.72727272727272,13782.744700912468,12.513648143548584,-0.11903316740514881,20.06300339575343,7.32207824686761,0.17854115097011353,14.20745463638016,3.871273374842276,0.9284747430770087,0.9302434696652659,0.9399965592460973
896,20,45,20,Median,40,[   0  744 1912 2230],3,1168,318,743.3333333333334,8524.050438904065,4.919085219028733,-0.03995654642059869,9.928324972580121,11.57106316407981,0.08037900117616685,9.270097828686222,9.785155741134016,0.9498607756277792,0.9700613880539203,0.982356715942342
897,20,45,20,Mode,40,[   0  765 1692 2230],3,927,538,743.3333333333334,17980.78994586773,6.5235730442758175,-0.05796154646909037,19.469555689700815,7.125081279371572,0.08447658430508337,22.14017696462148,5.763758120704779,0.9967700840675007,0.9985015163788824,0.999023637583051
898,20,45,20,Median,40,[   0  105  765 1912 2230],4,1147,105,557.5,7223.497867230434,5.700145531195314,-0.052794086085695816,8.582103148743242,11.377908410246093,0.11541311441773039,9.428218241294424,8.153565012879701,0.95218908518628,0.969340694279762,0.9810082191802466
899,20,45,20,Mode,40,[   0   83  765 1692 2230],4,927,83,557.5,12997.73077120982,6.856336997112223,-0.06973259541019927,15.002303231659551,10.177447955949322,0.12936652802113202,16.79419839908677,5.725676347606569,0.9851704845871618,0.9936642483774707,0.995725223627027
900,20,45,20,Median,40,[   0  105 1790 2179 2230],4,1685,51,557.5,30056.14321000135,17.996956122877563,0.11381954529337522,45.95608166893266,6.833649683927665,0.30140848766764894,21.923434761893844,4.212558436347556,0.8484434607907246,0.898954265960101,0.9588177366314682
901,20,45,20,Mode,40,[   0   83 1692 2184 2230],4,1609,46,557.5,31786.491936086833,19.179641688613724,0.1276812728684865,46.876157702921155,6.714062429341508,0.32695975571585323,26.31974002533153,3.8980514249482145,0.9523723147587216,0.9843195085708929,0.993235820132155
902,20,45,20,Median,40,[   0  105 1790 2179 2230],4,1685,51,557.5,30056.14321000135,17.996956122877563,0.11381954529337522,45.95608166893266,6.833649683927665,0.30140848766764894,21.923434761893844,4.212558436347556,0.8484434607907246,0.898954265960101,0.9588177366314682
903,20,45,20,Mode,40,[   0   83 1692 2184 2230],4,1609,46,557.5,31786.491936086833,19.179641688613724,0.1276812728684865,46.876157702921155,6.714062429341508,0.32695975571585323,26.31974002533153,3.8980514249482145,0.9523723147587216,0.9843195085708929,0.993235820132155
904,20,45,20,Median,40,[   0  105 1741 1912 2179 2230],5,1636,51,446.0,31152.289909020976,18.846958896646658,-0.025462897310943422,39.83665921042041,6.136354413167533,0.3238707718923328,26.95180922709041,3.305916347520183,0.9213818856269593,0.9757748489325215,0.9893266252912231
905,20,45,20,Mode,40,[   0   83 1692 1912 2184 2230],5,1609,46,446.0,30530.278920317913,18.86083174317177,0.005988021970975139,39.498333642520734,6.912196070479027,0.3145703966530362,26.51672182617837,3.4206479119558746,0.9260977555288323,0.9788472717245844,0.9903674149497355
906,20,45,20,Median,40,[   0  507 1741 1912 2179 2230],5,1234,51,446.0,31865.58585195707,18.147906409340823,-0.032162407639519074,40.444196354329286,5.098694088747406,0.26874068819530267,27.93423684555243,3.662746761813593,0.9447039600791965,0.9799371624853689,0.987501923136113
907,20,45,20,Mode,40,[   0  507 1692 1912 2184 2230],5,1185,46,446.0,31175.864853500396,17.883225967900778,-0.020327931212746658,40.02466617622952,5.200758282472382,0.24879862796637278,27.343981644884778,3.822015392402587,0.9544156329306951,0.9860181458077426,0.9910286751585275
908,20,45,20,Median,40,[   0  105  507  765 1692 1790 1912 2179 2230],8,927,51,278.75,17884.860855515475,13.286461261853182,-0.06065123792131614,25.758467869835233,6.0490938900521645,0.20313348137281942,15.625599853735837,4.37483611162559,0.9406588956672122,0.9731301381348635,0.979605660916309
909,20,45,20,Mode,40,[   0   83  507  765 1692 1790 1912 2184 2230],8,927,46,278.75,17520.044148334648,13.52832039914155,-0.057835813126929994,25.447461438940724,6.146534514776024,0.2075341041978652,15.151684239783842,4.370101282497958,0.9332183276622544,0.9695062724393507,0.9769259896385517
910,20,45,20,Median,40,[   0  105  507  765 1099 1228 1692 1790 1912 2179 2230],10,464,51,223.0,15604.967470440235,12.444526984602046,-0.12130265520567735,21.60806425390237,7.2049318264639295,0.19721228915932157,16.716415359953487,3.956357756952058,0.9300662082113482,0.929220436870358,0.9392800196648016
911,20,45,20,Mode,40,[   0   83  507  765 1099 1228 1692 1790 1912 2184 2230],10,464,46,223.0,15321.221142632925,12.632639646937443,-0.1252196945411763,21.36349584980464,7.2367808713632495,0.20063499580102384,16.347814326879714,3.952675112075011,0.9239735555126164,0.9244637189388387,0.9352636481841206
912,20,45,20,Median,40,[   0   83  507  765 1099 1228 1692 1790 1912 2179 2230],10,464,51,223.0,15632.222433389546,12.529334748471449,-0.12096964088885827,21.6283864174294,7.251679131176131,0.20162482430403225,16.792457806902803,3.933286151779284,0.9265431173109508,0.9268067218179477,0.9372798339655327
913,20,45,20,Mode,40,[   0   83  507  765 1099 1228 1692 1790 1912 2184 2230],10,464,46,223.0,15321.221142632925,12.632639646937443,-0.1252196945411763,21.36349584980464,7.2367808713632495,0.20063499580102384,16.347814326879714,3.952675112075011,0.9239735555126164,0.9244637189388387,0.9352636481841206
914,20,45,20,Median,40,[   0   83  507  765 1099 1228 1692 1790 1912 1994 2179 2230],11,464,51,202.72727272727272,14206.240059402178,12.518146094142963,-0.1261748925435832,20.498541071231983,7.299572131929377,0.18232037854878344,15.283024601120701,3.8304982685722093,0.929848887631863,0.9315811476506464,0.9411660762206058
915,20,45,20,Mode,40,[   0   83  507  765 1099 1228 1692 1790 1912 1994 2184 2230],11,464,46,202.72727272727272,13826.146986560387,12.532682255653997,-0.11873361651859916,20.106304910901137,7.33497851993156,0.1793269172430545,14.27263832432175,3.8683321039128176,0.9275620038659901,0.9298230523963881,0.9396352621756598
916,20,45,20,Median,40,[   0   83  507  765 1099 1228 1692 1790 1912 1994 2179 2230],11,464,51,202.72727272727272,14206.240059402178,12.518146094142963,-0.1261748925435832,20.498541071231983,7.299572131929377,0.18232037854878344,15.283024601120701,3.8304982685722093,0.929848887631863,0.9315811476506464,0.9411660762206058
917,20,45,20,Mode,40,[   0   83  507  765 1099 1228 1692 1790 1912 1994 2184 2230],11,464,46,202.72727272727272,13826.146986560387,12.532682255653997,-0.11873361651859916,20.106304910901137,7.33497851993156,0.1793269172430545,14.27263832432175,3.8683321039128176,0.9275620038659901,0.9298230523963881,0.9396352621756598
918,20,45,20,Median,40,[   0   83  507  765 1099 1228 1692 1790 1912 1994 2179 2230],11,464,51,202.72727272727272,14206.240059402178,12.518146094142963,-0.1261748925435832,20.498541071231983,7.299572131929377,0.18232037854878344,15.283024601120701,3.8304982685722093,0.929848887631863,0.9315811476506464,0.9411660762206058
919,20,45,20,Mode,40,[   0   83  507  765 1099 1228 1692 1790 1912 1994 2184 2230],11,464,46,202.72727272727272,13826.146986560387,12.532682255653997,-0.11873361651859916,20.106304910901137,7.33497851993156,0.1793269172430545,14.27263832432175,3.8683321039128176,0.9275620038659901,0.9298230523963881,0.9396352621756598
920,20,45,20,Median,40,[   0   83  507  765 1099 1228 1692 1790 1912 1994 2179 2230],11,464,51,202.72727272727272,14206.240059402178,12.518146094142963,-0.1261748925435832,20.498541071231983,7.299572131929377,0.18232037854878344,15.283024601120701,3.8304982685722093,0.929848887631863,0.9315811476506464,0.9411660762206058
921,20,45,20,Mode,40,[   0   83  507  765 1099 1228 1692 1790 1912 1994 2184 2230],11,464,46,202.72727272727272,13826.146986560387,12.532682255653997,-0.11873361651859916,20.106304910901137,7.33497851993156,0.1793269172430545,14.27263832432175,3.8683321039128176,0.9275620038659901,0.9298230523963881,0.9396352621756598
922,20,45,20,Median,40,[   0   83  507  765 1099 1228 1692 1790 1912 1994 2179 2230],11,464,51,202.72727272727272,14206.240059402178,12.518146094142963,-0.1261748925435832,20.498541071231983,7.299572131929377,0.18232037854878344,15.283024601120701,3.8304982685722093,0.929848887631863,0.9315811476506464,0.9411660762206058
923,20,45,20,Mode,40,[   0   83  507  765 1099 1228 1692 1790 1912 1994 2184 2230],11,464,46,202.72727272727272,13826.146986560387,12.532682255653997,-0.11873361651859916,20.106304910901137,7.33497851993156,0.1793269172430545,14.27263832432175,3.8683321039128176,0.9275620038659901,0.9298230523963881,0.9396352621756598
924,20,50,10,Median,40,[   0  507 1934 2230],3,1427,296,743.3333333333334,10678.75550911488,5.947190725570389,-0.04198296690768404,12.09142743883748,7.0846016150352495,0.09529833016382108,13.7695074504281,6.316222169891775,0.9960945119528607,0.9984416595136191,0.9991877824505043
925,20,50,10,Mode,40,[   0 2184 2230],2,2184,46,1115.0,92504.5654047737,45.31362249244189,0.6888984230342465,117.52408766599646,1.6620811631826298,0.6888984230342465,117.52408766599646,1.6620811631826298,0.7650302101447742,0.859070170805237,0.9934744102236679
926,20,50,10,Median,40,[   0  507 1790 2184 2230],4,1283,46,557.5,31218.464618750306,17.766720280796466,-0.016765620394743268,46.35899540469588,6.364937556321621,0.23311608330920675,24.070232134458905,4.52186211744965,0.8929536949875022,0.9183982472529315,0.9516347962775885
927,20,50,10,Mode,40,[   0  178 1692 2184 2230],4,1514,46,557.5,31846.014176665416,18.282325162141156,0.06716540686733039,46.788003057958406,7.186397792500139,0.2859569041367604,26.504091888570088,4.158154825933388,0.9635821570245741,0.9886513967513284,0.9945079421560119
928,20,50,10,Median,40,[   0 1790 2184 2230],3,1790,46,743.3333333333334,41775.6989022001,23.907745106681524,0.13551653989437784,64.43119283030833,5.027678856435415,0.34130649722085066,25.509859683561032,4.240583983494632,0.8052469312166489,0.8887102663369852,0.9623643537945036
929,20,50,10,Mode,40,[   0  507 1692 2184 2230],4,1185,46,557.5,32822.23467486807,17.91594622728819,-0.024093131260495,47.56801339223651,6.2078718520534215,0.23825527461501395,28.148041058690932,4.3035109579989355,0.9770770322821999,0.9923059184564859,0.9952475601817282
930,20,50,10,Median,40,[   0  178 1692 1912 2184 2230],5,1514,46,446.0,30552.14013543723,18.183092847440456,0.0014959057136922512,39.431270062119346,5.488421686803247,0.28406024057637735,26.680155801158243,3.6390990755859867,0.9382493215315154,0.9830649094483327,0.9914062399691405
931,20,50,10,Mode,40,[   0  507 1692 1912 2184 2230],5,1185,46,446.0,31175.864853500396,17.883225967900778,-0.020327931212746658,40.02466617622952,5.200758282472382,0.24879862796637278,27.343981644884778,3.822015392402587,0.9544156329306951,0.9860181458077426,0.9910286751585275
932,20,50,10,Median,40,[   0  507 1692 1912 2184 2230],5,1185,46,446.0,31175.864853500396,17.883225967900778,-0.020327931212746658,40.02466617622952,5.200758282472382,0.24879862796637278,27.343981644884778,3.822015392402587,0.9544156329306951,0.9860181458077426,0.9910286751585275
933,20,50,10,Mode,40,[   0  507 1692 1912 2184 2230],5,1185,46,446.0,31175.864853500396,17.883225967900778,-0.020327931212746658,40.02466617622952,5.200758282472382,0.24879862796637278,27.343981644884778,3.822015392402587,0.9544156329306951,0.9860181458077426,0.9910286751585275
934,20,50,10,Median,40,[   0  507 1692 1912 2184 2230],5,1185,46,446.0,31175.864853500396,17.883225967900778,-0.020327931212746658,40.02466617622952,5.200758282472382,0.24879862796637278,27.343981644884778,3.822015392402587,0.9544156329306951,0.9860181458077426,0.9910286751585275
935,20,50,10,Mode,40,[   0  507 1692 1912 2184 2230],5,1185,46,446.0,31175.864853500396,17.883225967900778,-0.020327931212746658,40.02466617622952,5.200758282472382,0.24879862796637278,27.343981644884778,3.822015392402587,0.9544156329306951,0.9860181458077426,0.9910286751585275
936,20,50,10,Median,40,[   0  507  765 1692 1790 1912 2184 2230],7,927,46,318.57142857142856,19916.972465057916,14.549463997221494,-0.03928508262306364,28.767603409653177,5.602083977243212,0.20249249175748882,16.267242403926403,4.345534542486454,0.9375078544673638,0.9742519697158635,0.9808926236517058
937,20,50,10,Mode,40,[   0  507 1692 1912 2184 2230],5,1185,46,446.0,31175.864853500396,17.883225967900778,-0.020327931212746658,40.02466617622952,5.200758282472382,0.24879862796637278,27.343981644884778,3.822015392402587,0.9544156329306951,0.9860181458077426,0.9910286751585275
938,20,50,10,Median,40,[   0  507 1692 1912 2184 2230],5,1185,46,446.0,31175.864853500396,17.883225967900778,-0.020327931212746658,40.02466617622952,5.200758282472382,0.24879862796637278,27.343981644884778,3.822015392402587,0.9544156329306951,0.9860181458077426,0.9910286751585275
939,20,50,10,Mode,40,[   0  507 1692 1912 2184 2230],5,1185,46,446.0,31175.864853500396,17.883225967900778,-0.020327931212746658,40.02466617622952,5.200758282472382,0.24879862796637278,27.343981644884778,3.822015392402587,0.9544156329306951,0.9860181458077426,0.9910286751585275
940,20,50,10,Median,40,[   0   83  509 1228 1692 1790 1912 2184 2230],8,719,46,278.75,18014.027294550968,13.49759124439996,-0.1025885180302191,25.665824757049894,6.497472275581464,0.18291290401797494,16.415380101330374,4.3126577137266064,0.9031959918442342,0.9177716451727764,0.9345201532580383
941,20,50,10,Mode,40,[   0   83  507 1228 1692 1790 1912 2184 2230],8,721,46,278.75,18029.465552305788,13.501270850629012,-0.10242703717367313,25.69159486398997,6.468498513046328,0.18296848751589292,16.454697863293926,4.307871197533324,0.9060593277550417,0.9204818273357123,0.9366934268593539
942,20,50,10,Median,40,[   0   83  507  885 1061 1228 1692 1790 1912 2184 2230],10,464,46,223.0,14684.98780715764,12.164290320919738,-0.135881735425185,20.850777652654802,8.2966408272821,0.1633813821641882,14.572561449741857,4.100013112178184,0.9146668791256681,0.9172223996736082,0.929088754326162
943,20,50,10,Mode,40,[   0   83  507  885 1061 1228 1692 1790 1912 2184 2230],10,464,46,223.0,14684.98780715764,12.164290320919738,-0.135881735425185,20.850777652654802,8.2966408272821,0.1633813821641882,14.572561449741857,4.100013112178184,0.9146668791256681,0.9172223996736082,0.929088754326162
944,20,50,10,Median,40,[   0   83  509  885 1061 1228 1692 1790 1912 2184 2230],10,464,46,223.0,14681.010669844549,12.16563905486234,-0.1359539156629313,20.834792733099277,8.345121530136382,0.1634492539146393,14.56182523003546,4.100834812769593,0.9123480607221085,0.9146278728521632,0.9268647778061914
945,20,50,10,Mode,40,[   0   83  507  885 1061 1228 1692 1790 1912 2184 2230],10,464,46,223.0,14684.98780715764,12.164290320919738,-0.135881735425185,20.850777652654802,8.2966408272821,0.1633813821641882,14.572561449741857,4.100013112178184,0.9146668791256681,0.9172223996736082,0.929088754326162
946,20,50,10,Median,40,[   0   83  509  885 1061 1228 1692 1790 1912 2184 2230],10,464,46,223.0,14681.010669844549,12.16563905486234,-0.1359539156629313,20.834792733099277,8.345121530136382,0.1634492539146393,14.56182523003546,4.100834812769593,0.9123480607221085,0.9146278728521632,0.9268647778061914
947,20,50,10,Mode,40,[   0   83  507  885 1061 1228 1692 1790 1912 2184 2230],10,464,46,223.0,14684.98780715764,12.164290320919738,-0.135881735425185,20.850777652654802,8.2966408272821,0.1633813821641882,14.572561449741857,4.100013112178184,0.9146668791256681,0.9172223996736082,0.929088754326162
948,20,50,10,Median,40,[   0   83  509  885 1061 1228 1692 1790 1912 2184 2230],10,464,46,223.0,14681.010669844549,12.16563905486234,-0.1359539156629313,20.834792733099277,8.345121530136382,0.1634492539146393,14.56182523003546,4.100834812769593,0.9123480607221085,0.9146278728521632,0.9268647778061914
949,20,50,10,Mode,40,[   0   83  507  885 1061 1228 1692 1790 1912 2184 2230],10,464,46,223.0,14684.98780715764,12.164290320919738,-0.135881735425185,20.850777652654802,8.2966408272821,0.1633813821641882,14.572561449741857,4.100013112178184,0.9146668791256681,0.9172223996736082,0.929088754326162
950,20,50,10,Median,40,[   0   83  509  885 1061 1228 1692 1790 1912 1993 2184 2230],11,464,46,202.72727272727272,13206.555275402929,12.09334761068099,-0.1298083550311055,19.584050694803253,8.298420132577972,0.14507398327236745,12.60006444922033,4.0046171054674,0.9171887602008626,0.9200703577034042,0.9312192060300309
951,20,50,10,Mode,40,[   0   83  507  885 1061 1228 1692 1790 1912 1993 2184 2230],11,464,46,202.72727272727272,13210.134698984712,12.09213375013265,-0.1297326923870494,19.598531352962524,8.265700863642065,0.1450128986969615,12.609727046956086,4.003877574935131,0.9194398426616265,0.9227469913523241,0.9335290185813006
952,20,50,15,Median,40,[   0  744 1934 2230],3,1190,296,743.3333333333334,8346.024049527676,4.964895745624876,-0.0396927776427636,9.744747781733363,11.734053390373854,0.0868666467102417,9.073293686182538,9.924141268321208,0.9933768110801707,0.996794056387334,0.9981190085844983
953,20,50,15,Mode,40,[   0 2184 2230],2,2184,46,1115.0,92504.5654047737,45.31362249244189,0.6888984230342465,117.52408766599646,1.6620811631826298,0.6888984230342465,117.52408766599646,1.6620811631826298,0.7650302101447742,0.859070170805237,0.9934744102236679
954,20,50,15,Median,40,[   0  192 1934 2230],3,1742,192,743.3333333333334,11046.171261322837,6.980507346844138,0.06977158719741836,12.535438799041412,7.482016013426233,0.17277858313087582,15.429734636286476,5.233922545347577,0.9513305864845627,0.9735126272289859,0.9902330334915247
955,20,50,15,Mode,40,[   0 2184 2230],2,2184,46,1115.0,92504.5654047737,45.31362249244189,0.6888984230342465,117.52408766599646,1.6620811631826298,0.6888984230342465,117.52408766599646,1.6620811631826298,0.7650302101447742,0.859070170805237,0.9934744102236679
956,20,50,15,Median,40,[   0  105 1790 2184 2230],4,1685,46,557.5,30312.613503510307,18.696681353381166,0.1255600114814862,45.70418859074092,6.929901222916409,0.3068103461580039,22.517699149492234,4.093731633230626,0.8406449851695732,0.89719895339051,0.95814434971149
957,20,50,15,Mode,40,[   0   83 1692 2184 2230],4,1609,46,557.5,31786.491936086833,19.179641688613724,0.1276812728684865,46.876157702921155,6.714062429341508,0.32695975571585323,26.31974002533153,3.8980514249482145,0.9523723147587216,0.9843195085708929,0.993235820132155
958,20,50,15,Median,40,[   0  105 1790 2184 2230],4,1685,46,557.5,30312.613503510307,18.696681353381166,0.1255600114814862,45.70418859074092,6.929901222916409,0.3068103461580039,22.517699149492234,4.093731633230626,0.8406449851695732,0.89719895339051,0.95814434971149
959,20,50,15,Mode,40,[   0   83 1692 2184 2230],4,1609,46,557.5,31786.491936086833,19.179641688613724,0.1276812728684865,46.876157702921155,6.714062429341508,0.32695975571585323,26.31974002533153,3.8980514249482145,0.9523723147587216,0.9843195085708929,0.993235820132155
960,20,50,15,Median,40,[   0  105 1692 1912 2184 2230],5,1587,46,446.0,30516.19021864394,18.606754049447996,0.005354384625420686,39.455038451000455,6.283361778724798,0.3057089683907275,26.42452003629601,3.4842468805439863,0.9358392717964558,0.9843534301503163,0.9927045735845884
961,20,50,15,Mode,40,[   0   83 1692 1912 2184 2230],5,1609,46,446.0,30530.278920317913,18.86083174317177,0.005988021970975139,39.498333642520734,6.912196070479027,0.3145703966530362,26.51672182617837,3.4206479119558746,0.9260977555288323,0.9788472717245844,0.9903674149497355
962,20,50,15,Median,40,[   0  507 1692 1912 2184 2230],5,1185,46,446.0,31175.864853500396,17.883225967900778,-0.020327931212746658,40.02466617622952,5.200758282472382,0.24879862796637278,27.343981644884778,3.822015392402587,0.9544156329306951,0.9860181458077426,0.9910286751585275
963,20,50,15,Mode,40,[   0  507 1692 1912 2184 2230],5,1185,46,446.0,31175.864853500396,17.883225967900778,-0.020327931212746658,40.02466617622952,5.200758282472382,0.24879862796637278,27.343981644884778,3.822015392402587,0.9544156329306951,0.9860181458077426,0.9910286751585275
964,20,50,15,Median,40,[   0  105  507  765 1692 1790 1912 2184 2230],8,927,46,278.75,17485.00205311411,13.419281845595176,-0.06110627748074363,25.42166952642771,6.031429081961701,0.20186084472609434,15.053915379420435,4.399764774862954,0.9375229612737234,0.971525328289228,0.9783921285602201
965,20,50,15,Mode,40,[   0   83  507  765 1692 1790 1912 2184 2230],8,927,46,278.75,17520.044148334648,13.52832039914155,-0.057835813126929994,25.447461438940724,6.146534514776024,0.2075341041978652,15.151684239783842,4.370101282497958,0.9332183276622544,0.9695062724393507,0.9769259896385517
966,20,50,15,Median,40,[   0  105  507  765 1099 1228 1692 1790 1912 2184 2230],10,464,46,223.0,15293.966179683614,12.54783188306804,-0.12554967333568962,21.343213793528765,7.190799979991558,0.19622246065631319,16.271771879930398,3.975746717247785,0.927513833012656,0.9268443012089627,0.937221627046368
967,20,50,15,Mode,40,[   0   83  507  765 1099 1228 1692 1790 1912 2184 2230],10,464,46,223.0,15321.221142632925,12.632639646937443,-0.1252196945411763,21.36349584980464,7.2367808713632495,0.20063499580102384,16.347814326879714,3.952675112075011,0.9239735555126164,0.9244637189388387,0.9352636481841206
968,20,50,15,Median,40,[   0  105  507  765 1099 1228 1692 1790 1912 2184 2230],10,464,46,223.0,15293.966179683614,12.54783188306804,-0.12554967333568962,21.343213793528765,7.190799979991558,0.19622246065631319,16.271771879930398,3.975746717247785,0.927513833012656,0.9268443012089627,0.937221627046368
969,20,50,15,Mode,40,[   0   83  507  765 1099 1228 1692 1790 1912 2184 2230],10,464,46,223.0,15321.221142632925,12.632639646937443,-0.1252196945411763,21.36349584980464,7.2367808713632495,0.20063499580102384,16.347814326879714,3.952675112075011,0.9239735555126164,0.9244637189388387,0.9352636481841206
970,20,50,15,Median,40,[   0   83  507  765 1099 1228 1692 1790 1912 2184 2230],10,464,46,223.0,15321.221142632925,12.632639646937443,-0.1252196945411763,21.36349584980464,7.2367808713632495,0.20063499580102384,16.347814326879714,3.952675112075011,0.9239735555126164,0.9244637189388387,0.9352636481841206
971,20,50,15,Mode,40,[   0   83  507  765 1099 1228 1692 1790 1912 2184 2230],10,464,46,223.0,15321.221142632925,12.632639646937443,-0.1252196945411763,21.36349584980464,7.2367808713632495,0.20063499580102384,16.347814326879714,3.952675112075011,0.9239735555126164,0.9244637189388387,0.9352636481841206
972,20,50,15,Median,40,[   0   83  507  765 1099 1228 1692 1790 1912 2184 2230],10,464,46,223.0,15321.221142632925,12.632639646937443,-0.1252196945411763,21.36349584980464,7.2367808713632495,0.20063499580102384,16.347814326879714,3.952675112075011,0.9239735555126164,0.9244637189388387,0.9352636481841206
973,20,50,15,Mode,40,[   0   83  507  765 1099 1228 1692 1790 1912 2184 2230],10,464,46,223.0,15321.221142632925,12.632639646937443,-0.1252196945411763,21.36349584980464,7.2367808713632495,0.20063499580102384,16.347814326879714,3.952675112075011,0.9239735555126164,0.9244637189388387,0.9352636481841206
974,20,50,15,Median,40,[   0   83  507  765 1099 1228 1692 1790 1912 2184 2230],10,464,46,223.0,15321.221142632925,12.632639646937443,-0.1252196945411763,21.36349584980464,7.2367808713632495,0.20063499580102384,16.347814326879714,3.952675112075011,0.9239735555126164,0.9244637189388387,0.9352636481841206
975,20,50,15,Mode,40,[   0   83  507  765 1099 1228 1692 1790 1912 2184 2230],10,464,46,223.0,15321.221142632925,12.632639646937443,-0.1252196945411763,21.36349584980464,7.2367808713632495,0.20063499580102384,16.347814326879714,3.952675112075011,0.9239735555126164,0.9244637189388387,0.9352636481841206
976,20,50,15,Median,40,[   0   83  507  765 1099 1228 1692 1790 1912 1994 2184 2230],11,464,46,202.72727272727272,13826.146986560387,12.532682255653997,-0.11873361651859916,20.106304910901137,7.33497851993156,0.1793269172430545,14.27263832432175,3.8683321039128176,0.9275620038659901,0.9298230523963881,0.9396352621756598
977,20,50,15,Mode,40,[   0   83  507  765 1099 1228 1692 1790 1912 1993 2184 2230],11,464,46,202.72727272727272,13782.744700912468,12.513648143548584,-0.11903316740514881,20.06300339575343,7.32207824686761,0.17854115097011353,14.20745463638016,3.871273374842276,0.9284747430770087,0.9302434696652659,0.9399965592460973
978,20,50,15,Median,40,[   0   83  507  765 1099 1228 1692 1790 1912 1994 2184 2230],11,464,46,202.72727272727272,13826.146986560387,12.532682255653997,-0.11873361651859916,20.106304910901137,7.33497851993156,0.1793269172430545,14.27263832432175,3.8683321039128176,0.9275620038659901,0.9298230523963881,0.9396352621756598
979,20,50,15,Mode,40,[   0   83  507  765 1099 1228 1692 1790 1912 1993 2184 2230],11,464,46,202.72727272727272,13782.744700912468,12.513648143548584,-0.11903316740514881,20.06300339575343,7.32207824686761,0.17854115097011353,14.20745463638016,3.871273374842276,0.9284747430770087,0.9302434696652659,0.9399965592460973
980,20,50,20,Median,40,[   0  744 1912 2230],3,1168,318,743.3333333333334,8524.050438904065,4.919085219028733,-0.03995654642059869,9.928324972580121,11.57106316407981,0.08037900117616685,9.270097828686222,9.785155741134016,0.9498607756277792,0.9700613880539203,0.982356715942342
981,20,50,20,Mode,40,[   0  765 1912 2230],3,1147,318,743.3333333333334,8532.670991336272,4.9160689595608895,-0.030323878734674816,9.893556014799344,11.85408483637208,0.08813705535335452,9.370102876799685,9.939229841156966,0.9530861859549961,0.9719099057946667,0.9833619060425968
982,20,50,20,Median,40,[   0  231  765 1912 2230],4,1147,231,557.5,7225.808846943724,5.134306476117072,-0.0704660958189936,8.631802750534348,11.031588950991402,0.07629236402989867,9.478890862878693,8.238285797113578,0.9588077077408346,0.9700053683684523,0.9807613083397302
983,20,50,20,Mode,40,[   0   83  765 1912 2230],4,1147,83,557.5,7166.667439860816,5.918849424714433,-0.051129847320965705,8.586980658042153,11.98276700179222,0.1280877523523391,9.326162526294523,8.439342390788205,0.945249214237749,0.9668741680820936,0.9795768271473473
984,20,50,20,Median,40,[   0  105 1790 2179 2230],4,1685,51,557.5,30056.14321000135,17.996956122877563,0.11381954529337522,45.95608166893266,6.833649683927665,0.30140848766764894,21.923434761893844,4.212558436347556,0.8484434607907246,0.898954265960101,0.9588177366314682
985,20,50,20,Mode,40,[   0 2184 2230],2,2184,46,1115.0,92504.5654047737,45.31362249244189,0.6888984230342465,117.52408766599646,1.6620811631826298,0.6888984230342465,117.52408766599646,1.6620811631826298,0.7650302101447742,0.859070170805237,0.9934744102236679
986,20,50,20,Median,40,[   0   83 1790 2179 2230],4,1707,51,557.5,30091.556705951472,18.337396571133365,0.11612965920426466,46.03360040228489,6.480615003339543,0.3133332437311845,22.031003973307445,4.1226862268797815,0.8333778741110532,0.8913172773150173,0.9569705231255132
987,20,50,20,Mode,40,[   0   83  765 1099 1912 2184 2230],6,813,46,371.6666666666667,21030.09480209972,13.867374715934229,-0.1264156325706698,28.41618217572928,8.952216770386977,0.13594532887241392,16.533019090176804,4.484597114743515,0.9455567784033132,0.9641863903626275,0.9737258087771049
988,20,50,20,Median,40,[   0   83 1741 1912 2179 2230],5,1658,51,446.0,31175.533552631998,19.10245735937486,-0.02539247696791608,39.88634605096737,6.948231280802814,0.33275340085221805,27.057522703967155,3.2371181676461784,0.9107800135047455,0.969856337775933,0.9870678695347965
989,20,50,20,Mode,40,[   0   83 1692 1912 2184 2230],5,1609,46,446.0,30530.278920317913,18.86083174317177,0.005988021970975139,39.498333642520734,6.912196070479027,0.3145703966530362,26.51672182617837,3.4206479119558746,0.9260977555288323,0.9788472717245844,0.9903674149497355
990,20,50,20,Median,40,[   0  507 1741 1912 2179 2230],5,1234,51,446.0,31865.58585195707,18.147906409340823,-0.032162407639519074,40.444196354329286,5.098694088747406,0.26874068819530267,27.93423684555243,3.662746761813593,0.9447039600791965,0.9799371624853689,0.987501923136113
991,20,50,20,Mode,40,[   0  507 1692 1912 2184 2230],5,1185,46,446.0,31175.864853500396,17.883225967900778,-0.020327931212746658,40.02466617622952,5.200758282472382,0.24879862796637278,27.343981644884778,3.822015392402587,0.9544156329306951,0.9860181458077426,0.9910286751585275
992,20,50,20,Median,40,[   0   83  507  765 1692 1790 1912 2179 2230],8,927,51,278.75,17919.902950736017,13.395499815399559,-0.057716020675900204,25.784310482429042,6.165157339542125,0.2088067408445903,15.723368714099246,4.345172619260595,0.9363802657380741,0.9711001682458082,0.9781249239437011
993,20,50,20,Mode,40,[   0   83  507  765 1692 1790 1912 2184 2230],8,927,46,278.75,17520.044148334648,13.52832039914155,-0.057835813126929994,25.447461438940724,6.146534514776024,0.2075341041978652,15.151684239783842,4.370101282497958,0.9332183276622544,0.9695062724393507,0.9769259896385517
994,20,50,20,Median,40,[   0   83  507  765 1099 1228 1692 1790 1912 2179 2230],10,464,51,223.0,15632.222433389546,12.529334748471449,-0.12096964088885827,21.6283864174294,7.251679131176131,0.20162482430403225,16.792457806902803,3.933286151779284,0.9265431173109508,0.9268067218179477,0.9372798339655327
995,20,50,20,Mode,40,[   0   83  507  765 1099 1228 1692 1790 1912 2184 2230],10,464,46,223.0,15321.221142632925,12.632639646937443,-0.1252196945411763,21.36349584980464,7.2367808713632495,0.20063499580102384,16.347814326879714,3.952675112075011,0.9239735555126164,0.9244637189388387,0.9352636481841206
996,20,50,20,Median,40,[   0   83  507  765 1099 1228 1692 1790 1912 2179 2230],10,464,51,223.0,15632.222433389546,12.529334748471449,-0.12096964088885827,21.6283864174294,7.251679131176131,0.20162482430403225,16.792457806902803,3.933286151779284,0.9265431173109508,0.9268067218179477,0.9372798339655327
997,20,50,20,Mode,40,[   0   83  507  765 1099 1228 1692 1790 1912 2184 2230],10,464,46,223.0,15321.221142632925,12.632639646937443,-0.1252196945411763,21.36349584980464,7.2367808713632495,0.20063499580102384,16.347814326879714,3.952675112075011,0.9239735555126164,0.9244637189388387,0.9352636481841206
998,20,50,20,Median,40,[   0   83  507  765 1099 1228 1692 1790 1912 2179 2230],10,464,51,223.0,15632.222433389546,12.529334748471449,-0.12096964088885827,21.6283864174294,7.251679131176131,0.20162482430403225,16.792457806902803,3.933286151779284,0.9265431173109508,0.9268067218179477,0.9372798339655327
999,20,50,20,Mode,40,[   0   83  507  765 1099 1228 1692 1790 1912 2184 2230],10,464,46,223.0,15321.221142632925,12.632639646937443,-0.1252196945411763,21.36349584980464,7.2367808713632495,0.20063499580102384,16.347814326879714,3.952675112075011,0.9239735555126164,0.9244637189388387,0.9352636481841206
1000,20,50,20,Median,40,[   0   83  507  765 1099 1228 1692 1790 1912 1994 2179 2230],11,464,51,202.72727272727272,14206.240059402178,12.518146094142963,-0.1261748925435832,20.498541071231983,7.299572131929377,0.18232037854878344,15.283024601120701,3.8304982685722093,0.929848887631863,0.9315811476506464,0.9411660762206058
1001,20,50,20,Mode,40,[   0   83  507  765 1099 1228 1692 1790 1912 1994 2184 2230],11,464,46,202.72727272727272,13826.146986560387,12.532682255653997,-0.11873361651859916,20.106304910901137,7.33497851993156,0.1793269172430545,14.27263832432175,3.8683321039128176,0.9275620038659901,0.9298230523963881,0.9396352621756598
1002,20,50,20,Median,40,[   0   83  507  765 1099 1228 1692 1790 1912 1994 2179 2230],11,464,51,202.72727272727272,14206.240059402178,12.518146094142963,-0.1261748925435832,20.498541071231983,7.299572131929377,0.18232037854878344,15.283024601120701,3.8304982685722093,0.929848887631863,0.9315811476506464,0.9411660762206058
1003,20,50,20,Mode,40,[   0   83  507  765 1099 1228 1692 1790 1912 1994 2184 2230],11,464,46,202.72727272727272,13826.146986560387,12.532682255653997,-0.11873361651859916,20.106304910901137,7.33497851993156,0.1793269172430545,14.27263832432175,3.8683321039128176,0.9275620038659901,0.9298230523963881,0.9396352621756598
1004,20,50,20,Median,40,[   0   83  507  765 1099 1228 1692 1790 1912 1994 2179 2230],11,464,51,202.72727272727272,14206.240059402178,12.518146094142963,-0.1261748925435832,20.498541071231983,7.299572131929377,0.18232037854878344,15.283024601120701,3.8304982685722093,0.929848887631863,0.9315811476506464,0.9411660762206058
1005,20,50,20,Mode,40,[   0   83  507  765 1099 1228 1692 1790 1912 1994 2184 2230],11,464,46,202.72727272727272,13826.146986560387,12.532682255653997,-0.11873361651859916,20.106304910901137,7.33497851993156,0.1793269172430545,14.27263832432175,3.8683321039128176,0.9275620038659901,0.9298230523963881,0.9396352621756598
1006,20,50,20,Median,40,[   0  192  544  765 1099 1228 1692 1790 1912 1994 2179 2230],11,464,51,202.72727272727272,14401.302130996944,12.525714420907502,-0.12661777182476416,20.621013205844633,8.482739674317619,0.17566978965718405,16.007589727020846,3.7729367084282686,0.9239180833844414,0.9179594469333735,0.9287141369395628
1007,20,50,20,Mode,40,[   0   83  544  765 1099 1228 1692 1790 1912 1994 2184 2230],11,464,46,202.72727272727272,14099.169550450262,12.740520780465367,-0.11770743434042663,20.205915996665784,7.904871998489005,0.1876736431299347,14.99337429621857,3.766062012088967,0.9260478937132341,0.9295601899226263,0.9395893134693992
1008,60,35,10,Median,40,[   0  349 1912 2230],3,1563,318,743.3333333333334,10876.934544352147,6.133490087434258,-0.00862799883201196,12.257863736463086,6.835024217182685,0.11530835861818375,14.565140810169083,5.912586402236707,0.8956970400213689,0.9372987295060103,0.9717150948387256
1009,60,35,10,Mode,40,[   0  178 1912 2230],3,1734,178,743.3333333333334,10218.027515910373,6.542706111160358,0.0531157147169838,11.700893478793736,7.345111565510696,0.15612130939715546,13.900420948687408,5.542685740396115,0.9169914498098245,0.9543404417795419,0.9835742124875685
1010,60,35,10,Median,40,[   0  178 1912 2230],3,1734,178,743.3333333333334,10218.027515910373,6.542706111160358,0.0531157147169838,11.700893478793736,7.345111565510696,0.15612130939715546,13.900420948687408,5.542685740396115,0.9169914498098245,0.9543404417795419,0.9835742124875685
1011,60,35,10,Mode,40,[   0  178  544 1912 2230],4,1368,178,557.5,7112.0646257323415,5.269371210527065,-0.12032513821213797,9.010807339580671,8.325559521346175,0.06274454422883573,9.479546925442152,6.6274098481683685,0.9449086885097484,0.9654057407902895,0.98052584234365
1012,60,35,10,Median,40,[   0  178  765 1736 1934 2230],5,971,178,446.0,8779.526870295414,6.734064031361154,-0.06326504385554779,13.119043468320266,8.52343910225154,0.11301281421238951,14.658551994685423,6.549029111242943,0.9865033810344238,0.9932372593518598,0.9952021554142122
1013,60,35,10,Mode,40,[   0  178  544 1692 1912 2230],5,1148,178,446.0,8330.812561557885,6.493612816703428,-0.10717053925574925,13.199778287546502,7.645503151249548,0.09620660319490087,13.701354309103152,6.1904487975893865,0.9629339219917785,0.9849196851071699,0.9898694880569469
1014,60,35,10,Median,40,[   0  178  544  854 1736 1934 2230],6,882,178,371.6666666666667,8344.417212831742,6.82463924008845,-0.10750165847662985,11.876487830582453,7.6684277244554835,0.10596783105672969,15.027452443150446,5.560067002347754,0.9837267535077084,0.9909978240066767,0.9931071984448568
1015,60,35,10,Mode,40,[   0  178  544  765 1692 1912 2230],6,927,178,371.6666666666667,8833.198498801736,7.16811381524635,-0.10861113139489574,12.122014544641537,7.257987383014284,0.12329807685367475,16.2897749833271,5.210040740685846,0.9672235593426404,0.9828217644122621,0.9870401776406269
1016,60,35,10,Median,40,[   0  178  544  854 1736 1912 2120 2230],7,882,110,318.57142857142856,12755.819456220028,9.824320351299724,-0.0894661673580416,15.75463326316297,6.555302331858568,0.1394245489674969,16.634477612549894,4.440263428861425,0.9634081332393106,0.9809368959301059,0.9852469328904719
1017,60,35,10,Mode,40,[   0  178  544  765 1692 1912 2120 2230],7,927,110,318.57142857142856,12548.47555174454,9.70185296673714,-0.09112176621700968,15.622737065052219,6.390622565895979,0.14077883133012348,16.940927255260544,4.281563405974501,0.9674193121891295,0.9844305997298037,0.9881187678268227
1018,60,35,10,Median,40,[   0  178  544  854 1741 1912 2120 2230],7,887,110,318.57142857142856,12102.266680510163,9.637062299972198,-0.09089065514820435,15.224722756078817,6.659515804434825,0.13674173991700722,15.566971433847206,4.518584188464822,0.9574018145755927,0.9749624385844613,0.9806458219473306
1019,60,35,10,Mode,40,[   0  178  544  765 1099 1692 1912 2120 2230],8,593,110,278.75,10608.948730501757,8.919087295006927,-0.12975063574066487,13.865515616556266,7.148247363290362,0.10362119946900691,14.221641999976017,4.51054273618677,0.9703999100031011,0.9782257811278391,0.9816439461855819
1020,60,35,10,Median,40,[   0  178  544  809  984 1741 1912 2120 2230],8,757,110,278.75,10376.454969940944,9.104790693456808,-0.11330788877947223,13.502466613347147,6.903958552321688,0.1063223158792556,13.292316342644991,4.427887586103862,0.9560666693238564,0.969935968064145,0.9754960435786303
1021,60,35,10,Mode,40,[   0  178  544  765 1099 1384 1692 1912 2120 2230],9,366,110,247.77777777777777,10143.11463900902,8.855373946489598,-0.14540175751163162,12.68627984438055,7.262994929122968,0.09292331656963146,13.985937875602858,4.283975148114852,0.9437710924311912,0.9230218666065472,0.9324769476303012
1022,60,35,10,Median,40,[   0  178  544  809  984 1741 1912 2120 2230],8,757,110,278.75,10376.454969940944,9.104790693456808,-0.11330788877947223,13.502466613347147,6.903958552321688,0.1063223158792556,13.292316342644991,4.427887586103862,0.9560666693238564,0.969935968064145,0.9754960435786303
1023,60,35,10,Mode,40,[   0  178  544  765 1099 1384 1692 1912 2120 2230],9,366,110,247.77777777777777,10143.11463900902,8.855373946489598,-0.14540175751163162,12.68627984438055,7.262994929122968,0.09292331656963146,13.985937875602858,4.283975148114852,0.9437710924311912,0.9230218666065472,0.9324769476303012
1024,60,35,10,Median,40,[   0  178  544  765 1099 1741 1912 2120 2230],8,642,110,278.75,10606.475628269676,9.167922498599387,-0.13298077706400427,13.750416447011846,7.0869035411222185,0.114501364512992,14.202648677443133,4.457284781141575,0.9626432095577026,0.9720593565578695,0.9766612476744442
1025,60,35,10,Mode,40,[   0  178  544  765 1099 1384 1692 1912 2120 2230],9,366,110,247.77777777777777,10143.11463900902,8.855373946489598,-0.14540175751163162,12.68627984438055,7.262994929122968,0.09292331656963146,13.985937875602858,4.283975148114852,0.9437710924311912,0.9230218666065472,0.9324769476303012
1026,60,35,10,Median,40,[   0  105  349  544  809  984 1402 1692 1754 1912 2120 2230],11,418,62,202.72727272727272,6352.9048085714,7.9031416629170845,-0.14012021642397104,10.500387432519627,7.703747680076367,0.07416457579365048,8.167148433298411,5.069746071812281,0.9263002912418339,0.9016001999129473,0.912678911452262
1027,60,35,10,Mode,40,[   0  105  349  544  765 1099 1384 1692 1741 1912 2120 2230],11,334,49,202.72727272727272,6925.041438743615,8.290442269242421,-0.14625319956707186,10.83972860220197,8.11960015313262,0.09400801730020325,10.08117095504657,4.63412668680529,0.9312429450864882,0.899083306185947,0.9099552186601688
1028,60,35,10,Median,40,[   0  105  349  544  765 1080 1402 1692 1754 1912 2120 2230],11,322,62,202.72727272727272,6916.176089896973,8.213939382845858,-0.1419027969768589,10.795304779312284,7.803769647687512,0.08977504561752143,9.814896414836108,4.746240039095651,0.9188771143082634,0.8855301690172741,0.8977603662127027
1029,60,35,10,Mode,40,[   0  105  349  544  765 1099 1384 1692 1741 1912 2120 2230],11,334,49,202.72727272727272,6925.041438743615,8.290442269242421,-0.14625319956707186,10.83972860220197,8.11960015313262,0.09400801730020325,10.08117095504657,4.63412668680529,0.9312429450864882,0.899083306185947,0.9099552186601688
1030,60,35,10,Median,40,[   0  105  349  544  765 1080 1402 1692 1754 1912 1993 2120 2230],12,322,62,185.83333333333334,6448.0051166985495,8.667826692197641,-0.14600349672622948,10.518318255062967,7.812085394540758,0.07889707458443926,9.710515147470451,4.529798853712346,0.9219064987356412,0.8880059557267101,0.8996293708681646
1031,60,35,10,Mode,40,[   0  105  349  544  765 1099 1384 1692 1741 1912 1993 2120 2230],12,334,49,185.83333333333334,6445.4963153065855,8.736904378157279,-0.1475515704631941,10.55895647275749,8.100516743981148,0.08344538253611146,9.979361519372484,4.428868894476703,0.9340031179881354,0.9019554405626398,0.9122310130948511
1032,60,35,10,Median,40,[   0  105  544  765 1692 1912 1993 2184 2230],8,927,46,278.75,19522.398104554257,14.275603311264147,-0.07925430226841153,25.840053536378473,6.693663631070985,0.20334951019645509,18.701484596636384,3.667941635909665,0.9620244840676179,0.9851430302350362,0.9887519706252461
1033,60,35,10,Mode,40,[   0  105  544  765 1099 1384 1692 1912 1993 2184 2230],10,439,46,223.0,15834.53894816497,12.506788550038108,-0.12732386115551242,21.01714628829761,7.392905359722772,0.14690667955016626,15.683592405523806,3.806445800048829,0.9394986545873938,0.926798669252746,0.9362358981314777
1034,60,35,10,Median,40,[   0  105  544  765 1692 1790 1912 1993 2184 2230],9,927,46,247.77777777777777,15624.552741040407,13.416155034137574,-0.07805480570642594,23.39534579490242,6.659404567851546,0.18476643144851795,13.406891624294506,4.066727703650494,0.9408669051663339,0.9758224045364527,0.9816064356830881
1035,60,35,10,Mode,40,[   0  105  544  765 1099 1384 1692 1790 1912 1993 2184 2230],11,439,46,202.72727272727272,13442.997314927925,12.015596888933057,-0.12631466320243476,19.547200324969356,7.196141040664717,0.14727551115072104,13.235122646436485,4.067487976239652,0.9231984032521139,0.9094665186001663,0.9208263673220193
1036,60,35,15,Median,40,[   0  544 1790 2230],3,1246,440,743.3333333333334,17454.10970741317,6.735767740644276,-0.048461156309167926,19.824276716042803,6.35907296373914,0.10332896757567284,22.47069111583688,5.52531781556217,0.9033325037236016,0.9207455284004885,0.9528046220601147
1037,60,35,15,Mode,40,[   0  765 1912 2230],3,1147,318,743.3333333333334,8532.670991336272,4.9160689595608895,-0.030323878734674816,9.893556014799344,11.85408483637208,0.08813705535335452,9.370102876799685,9.939229841156966,0.9530861859549961,0.9719099057946667,0.9833619060425968
1038,60,35,15,Median,40,[   0  178 1912 2230],3,1734,178,743.3333333333334,10218.027515910373,6.542706111160358,0.0531157147169838,11.700893478793736,7.345111565510696,0.15612130939715546,13.900420948687408,5.542685740396115,0.9169914498098245,0.9543404417795419,0.9835742124875685
1039,60,35,15,Mode,40,[   0  178 1912 2230],3,1734,178,743.3333333333334,10218.027515910373,6.542706111160358,0.0531157147169838,11.700893478793736,7.345111565510696,0.15612130939715546,13.900420948687408,5.542685740396115,0.9169914498098245,0.9543404417795419,0.9835742124875685
1040,60,35,15,Median,40,[   0  178  765 1099 1912 2230],5,813,178,446.0,6925.226361216351,5.748172392576441,-0.15359871332726469,8.451891132907827,11.038138280449465,0.029146223779667045,11.540171149555023,5.378379113007619,0.9614411525330872,0.9686554012573532,0.9766460558213755
1041,60,35,15,Mode,40,[   0  178  765 1099 1912 2230],5,813,178,446.0,6925.226361216351,5.748172392576441,-0.15359871332726469,8.451891132907827,11.038138280449465,0.029146223779667045,11.540171149555023,5.378379113007619,0.9614411525330872,0.9686554012573532,0.9766460558213755
1042,60,35,15,Median,40,[   0  178  765 1099 1741 1934 2230],6,642,178,371.6666666666667,6636.425043923108,6.205863189342018,-0.1399856350702625,10.644911841622768,10.848245292219383,0.0609224956681962,11.39289195576293,5.845416423646401,0.9811513387143554,0.9867764526249231,0.98949348303216
1043,60,35,15,Mode,40,[   0  178  765 1099 1692 1912 2230],6,593,178,371.6666666666667,7273.252761747883,6.332052947312608,-0.14069591199011225,11.167454979711087,9.733685521019908,0.062286543607459,12.099682415517425,5.699471626042431,0.9701394928976955,0.9794584918373508,0.983534226837877
1044,60,35,15,Median,40,[   0  105  544  765 1104 1741 1934 2230],7,637,105,318.57142857142856,7021.5351725649525,6.9463790637612775,-0.1305292647009574,10.449946266339355,8.053240112042989,0.10422353502419833,12.933860399119917,5.273834907601125,0.9829210009714744,0.9873778526184588,0.9896503110663425
1045,60,35,15,Mode,40,[   0  178  544  765 1099 1692 1912 2230],7,593,178,318.57142857142856,7189.630049508957,6.6771770568095645,-0.14657437092716785,10.642162437487869,7.999935034733822,0.0828609654284469,13.225800897484058,5.322437070148269,0.9703796554069463,0.9764931435111533,0.9803895083127261
1046,60,35,15,Median,40,[   0  105  544  765 1104 1741 1912 2120 2230],8,637,105,278.75,10919.839607116033,9.48986073069121,-0.1131912847396091,13.967805289523492,7.2415467389588315,0.13381581615405433,14.465628269239321,4.312400812586247,0.9647715828305581,0.9749565842091297,0.9792586272958915
1047,60,35,15,Mode,40,[   0  178  544  765 1099 1692 1912 2120 2230],8,593,110,278.75,10608.948730501757,8.919087295006927,-0.12975063574066487,13.865515616556266,7.148247363290362,0.10362119946900691,14.221641999976017,4.51054273618677,0.9703999100031011,0.9782257811278391,0.9816439461855819
1048,60,35,15,Median,40,[   0  105  544  765 1099 1228 1741 1912 2120 2230],9,513,105,247.77777777777777,10916.43556057757,9.953116512757862,-0.12484591886278788,13.312529347664952,8.780005588402924,0.16645481436631437,16.01379294724947,3.7831163429085586,0.9443327943356502,0.9418247988057246,0.9505686185208364
1049,60,35,15,Mode,40,[   0  178  544  765 1099 1228 1692 1912 2120 2230],9,464,110,247.77777777777777,10966.676246667386,9.595453283009126,-0.1372075805323194,13.370803047845174,8.38394084186837,0.14132837488914798,16.480171527923627,3.9388005101667893,0.9517522261780619,0.9453702147624512,0.9529430182418586
1050,60,35,15,Median,40,[   0  105  544  765 1104 1384 1741 1912 2120 2230],9,439,105,247.77777777777777,9971.944180905883,9.066265495676873,-0.11485592844081238,12.547660039856993,7.947184279250767,0.12192691712479503,13.318628904529586,4.404545317320576,0.9379963672544049,0.9219308006112449,0.9323372980425164
1051,60,35,15,Mode,40,[   0  178  544  765 1099 1384 1692 1912 2120 2230],9,366,110,247.77777777777777,10143.11463900902,8.855373946489598,-0.14540175751163162,12.68627984438055,7.262994929122968,0.09292331656963146,13.985937875602858,4.283975148114852,0.9437710924311912,0.9230218666065472,0.9324769476303012
1052,60,35,15,Median,40,[   0  105  544  765 1099 1228 1692 1790 1912 2120 2230],10,464,98,223.0,9169.151146215594,9.801253629378758,-0.13371057588318974,12.760115409779972,8.249299466580874,0.16093771887169211,13.995582589739477,4.007187952995329,0.9346539189830304,0.9333260460565797,0.9428627867240563
1053,60,35,15,Mode,40,[   0  178  544  765 1099 1228 1692 1790 1912 2120 2230],10,464,98,223.0,8912.173606722912,9.526900298907979,-0.13621419846504693,12.543737919328704,8.357723744802588,0.14719933816053427,13.580149254070287,4.184453950813224,0.9347479900242146,0.9293594230226886,0.9389324392145059
1054,60,35,15,Median,40,[   0  105  349  544  765 1104 1384 1692 1790 1912 2120 2230],11,339,98,202.72727272727272,7413.7817372681075,8.480252875643245,-0.14058636949599979,11.077723917928845,8.029982681626741,0.09619312465230782,10.293610085117825,4.578392579071808,0.9202531063394865,0.8841050175719477,0.8965895311329316
1055,60,35,15,Mode,40,[   0  178  544  765 1099 1384 1692 1790 1912 2120 2230],10,366,98,223.0,8265.636553643993,8.8373577755569,-0.14441651130635821,11.932422899442559,7.334064161469405,0.10759782014141933,11.794595210078606,4.490526896576267,0.9273788671307038,0.904803251168549,0.9161622082831271
1056,60,35,15,Median,40,[   0  105  544  765 1099 1228 1692 1790 1912 2120 2230],10,464,98,223.0,9169.151146215594,9.801253629378758,-0.13371057588318974,12.760115409779972,8.249299466580874,0.16093771887169211,13.995582589739477,4.007187952995329,0.9346539189830304,0.9333260460565797,0.9428627867240563
1057,60,35,15,Mode,40,[   0  105  544  765 1099 1228 1692 1790 1912 2120 2230],10,464,98,223.0,9169.151146215594,9.801253629378758,-0.13371057588318974,12.760115409779972,8.249299466580874,0.16093771887169211,13.995582589739477,4.007187952995329,0.9346539189830304,0.9333260460565797,0.9428627867240563
1058,60,35,15,Median,40,[   0  105  544  765 1099 1228 1692 1790 1912 2120 2230],10,464,98,223.0,9169.151146215594,9.801253629378758,-0.13371057588318974,12.760115409779972,8.249299466580874,0.16093771887169211,13.995582589739477,4.007187952995329,0.9346539189830304,0.9333260460565797,0.9428627867240563
1059,60,35,15,Mode,40,[   0  105  544  765 1099 1228 1692 1790 1912 2120 2230],10,464,98,223.0,9169.151146215594,9.801253629378758,-0.13371057588318974,12.760115409779972,8.249299466580874,0.16093771887169211,13.995582589739477,4.007187952995329,0.9346539189830304,0.9333260460565797,0.9428627867240563
1060,60,35,15,Median,40,[   0  105  349  544  765 1099 1228 1692 1790 1912 1993 2120 2230],12,464,81,185.83333333333334,7431.960301903981,9.48142492459342,-0.1420486368125547,11.336368855753703,8.995553923124389,0.11467367528620462,11.796836682770538,4.08795386160217,0.9286588885288838,0.9142589645859429,0.9247052077330122
1061,60,35,15,Mode,40,[   0  105  349  544  765 1099 1228 1692 1790 1912 1993 2120 2230],12,464,81,185.83333333333334,7431.960301903981,9.48142492459342,-0.1420486368125547,11.336368855753703,8.995553923124389,0.11467367528620462,11.796836682770538,4.08795386160217,0.9286588885288838,0.9142589645859429,0.9247052077330122
1062,60,35,15,Median,40,[   0  105  544  765 1099 1228 1692 1790 1912 1993 2184 2230],11,464,46,202.72727272727272,14024.88066269895,12.636185159949028,-0.11835338943462856,20.139644574217552,7.875667457623171,0.18291687736792447,14.842121286028995,3.792022325052913,0.9304624173230734,0.9326326337450831,0.9421936633450816
1063,60,35,15,Mode,40,[   0  105  544  765 1099 1228 1692 1790 1912 1993 2184 2230],11,464,46,202.72727272727272,14024.88066269895,12.636185159949028,-0.11835338943462856,20.139644574217552,7.875667457623171,0.18291687736792447,14.842121286028995,3.792022325052913,0.9304624173230734,0.9326326337450831,0.9421936633450816
1064,60,35,20,Median,40,[   0  544 1790 2230],3,1246,440,743.3333333333334,17454.10970741317,6.735767740644276,-0.048461156309167926,19.824276716042803,6.35907296373914,0.10332896757567284,22.47069111583688,5.52531781556217,0.9033325037236016,0.9207455284004885,0.9528046220601147
1065,60,35,20,Mode,40,[   0  765 1912 2230],3,1147,318,743.3333333333334,8532.670991336272,4.9160689595608895,-0.030323878734674816,9.893556014799344,11.85408483637208,0.08813705535335452,9.370102876799685,9.939229841156966,0.9530861859549961,0.9719099057946667,0.9833619060425968
1066,60,35,20,Median,40,[   0  178 1099 1885 2230],4,921,178,557.5,6797.72106027188,5.258670724784482,-0.04821128315336191,9.516871853439202,10.565500222028678,0.08958185556765773,9.732369842447019,7.720703759371052,0.928113470904071,0.9462904184704087,0.9641549021437514
1067,60,35,20,Mode,40,[   0  105  765 1912 2230],4,1147,105,557.5,7223.497867230434,5.700145531195314,-0.052794086085695816,8.582103148743242,11.377908410246093,0.11541311441773039,9.428218241294424,8.153565012879701,0.95218908518628,0.969340694279762,0.9810082191802466
1068,60,35,20,Median,40,[   0  105  765 1099 1912 2230],5,813,105,446.0,7226.079401810294,6.226351674691331,-0.1516388691469739,8.64380778732317,10.921825680480197,0.051567112259660965,11.916177563512948,5.102490399088409,0.9617148940574887,0.9704409087169836,0.9783922185979529
1069,60,35,20,Mode,40,[   0  105  765 1099 1912 2230],5,813,105,446.0,7226.079401810294,6.226351674691331,-0.1516388691469739,8.64380778732317,10.921825680480197,0.051567112259660965,11.916177563512948,5.102490399088409,0.9617148940574887,0.9704409087169836,0.9783922185979529
1070,60,35,20,Median,40,[   0  105  765 1099 1741 1934 2230],6,660,105,371.6666666666667,6877.107476398263,6.58840661503393,-0.13814099465138,10.801029635211943,10.508660650419356,0.07885920645219134,11.693697086929271,5.624705452511033,0.981987752399589,0.9882079013703853,0.9907976959165141
1071,60,35,20,Mode,40,[   0  105  765 1099 1692 1912 2230],6,660,105,371.6666666666667,7513.935194223038,6.714596373004521,-0.13892895941570263,11.323931275906737,9.778000088497096,0.08022325439145413,12.400487546683763,5.478760654907062,0.9706368601534894,0.9813033662125309,0.985277578893577
1072,60,35,20,Median,40,[   0  105  544  765 1104 1741 1934 2230],7,637,105,318.57142857142856,7021.5351725649525,6.9463790637612775,-0.1305292647009574,10.449946266339355,8.053240112042989,0.10422353502419833,12.933860399119917,5.273834907601125,0.9829210009714744,0.9873778526184588,0.9896503110663425
1073,60,35,20,Mode,40,[   0  105  544  765 1099 1692 1912 2230],7,593,105,318.57142857142856,7575.096358747983,7.088707052515734,-0.14128075470421325,10.953617809089318,7.8637247291691255,0.10346853649518362,13.84895090098784,5.056538073421428,0.9709514914046454,0.9778723368439481,0.9817099670087899
1074,60,35,20,Median,40,[   0  105  544  765 1104 1741 1912 2120 2230],8,637,105,278.75,10919.839607116033,9.48986073069121,-0.1131912847396091,13.967805289523492,7.2415467389588315,0.13381581615405433,14.465628269239321,4.312400812586247,0.9647715828305581,0.9749565842091297,0.9792586272958915
1075,60,35,20,Mode,40,[   0  105  544  765 1099 1692 1912 2120 2230],8,593,105,278.75,10939.348424135209,9.2718272913265,-0.12460066530505327,14.140176343428358,7.257920194181255,0.12128483181192411,14.75577057440783,4.282629310420906,0.9709459735314956,0.9796203530625113,0.9829763582570005
1076,60,35,20,Median,40,[   0  105  544  765 1104 1741 1912 2120 2230],8,637,105,278.75,10919.839607116033,9.48986073069121,-0.1131912847396091,13.967805289523492,7.2415467389588315,0.13381581615405433,14.465628269239321,4.312400812586247,0.9647715828305581,0.9749565842091297,0.9792586272958915
1077,60,35,20,Mode,40,[   0  105  544  765 1099 1692 1912 2120 2230],8,593,105,278.75,10939.348424135209,9.2718272913265,-0.12460066530505327,14.140176343428358,7.257920194181255,0.12128483181192411,14.75577057440783,4.282629310420906,0.9709459735314956,0.9796203530625113,0.9829763582570005
1078,60,35,20,Median,40,[   0  105  544  765 1099 1228 1741 1912 2120 2230],9,513,105,247.77777777777777,10916.43556057757,9.953116512757862,-0.12484591886278788,13.312529347664952,8.780005588402924,0.16645481436631437,16.01379294724947,3.7831163429085586,0.9443327943356502,0.9418247988057246,0.9505686185208364
1079,60,35,20,Mode,40,[   0  105  544  765 1099 1228 1692 1912 2120 2230],9,464,105,247.77777777777777,11255.775978596654,9.904100779788754,-0.13471344398468682,13.613090897327798,8.495200239613808,0.15678405318920052,16.947534030551466,3.739376262621658,0.9519464721057277,0.9484809524273011,0.9560129273460467
1080,60,35,20,Median,40,[   0  105  544  765 1099 1228 1692 1790 1912 2120 2230],10,464,98,223.0,9169.151146215594,9.801253629378758,-0.13371057588318974,12.760115409779972,8.249299466580874,0.16093771887169211,13.995582589739477,4.007187952995329,0.9346539189830304,0.9333260460565797,0.9428627867240563
1081,60,35,20,Mode,40,[   0  105  544  765 1099 1228 1692 1790 1912 2120 2230],10,464,98,223.0,9169.151146215594,9.801253629378758,-0.13371057588318974,12.760115409779972,8.249299466580874,0.16093771887169211,13.995582589739477,4.007187952995329,0.9346539189830304,0.9333260460565797,0.9428627867240563
1082,60,35,20,Median,40,[   0  105  544  765 1099 1228 1692 1790 1912 2120 2230],10,464,98,223.0,9169.151146215594,9.801253629378758,-0.13371057588318974,12.760115409779972,8.249299466580874,0.16093771887169211,13.995582589739477,4.007187952995329,0.9346539189830304,0.9333260460565797,0.9428627867240563
1083,60,35,20,Mode,40,[   0  105  544  765 1099 1228 1692 1790 1912 2120 2230],10,464,98,223.0,9169.151146215594,9.801253629378758,-0.13371057588318974,12.760115409779972,8.249299466580874,0.16093771887169211,13.995582589739477,4.007187952995329,0.9346539189830304,0.9333260460565797,0.9428627867240563
1084,60,35,20,Median,40,[   0  105  544  765 1099 1228 1692 1790 1912 2120 2230],10,464,98,223.0,9169.151146215594,9.801253629378758,-0.13371057588318974,12.760115409779972,8.249299466580874,0.16093771887169211,13.995582589739477,4.007187952995329,0.9346539189830304,0.9333260460565797,0.9428627867240563
1085,60,35,20,Mode,40,[   0  105  349  544  765  942 1099 1228 1692 1790 1912 2120 2230],12,464,98,185.83333333333334,7278.802125058551,8.78643192648245,-0.1872375190503286,10.808655156607212,8.721322880099562,0.10782836688431247,10.713299238903378,4.307947225420837,0.9253640852313373,0.9012345402842553,0.9123247275876674
1086,60,35,20,Median,40,[   0  105  349  544  765 1099 1228 1692 1790 1912 1994 2120 2230],12,464,82,185.83333333333334,7481.901722184185,9.512072825081601,-0.14521791560204672,11.380315893414469,8.951523592833656,0.11528968644609273,11.912993002696435,4.0822644914024195,0.9278319213896622,0.9138591521018177,0.924353195094006
1087,60,35,20,Mode,40,[   0  105  349  544  765  942 1099 1228 1692 1790 1912 1994 2120 2230],13,464,82,171.53846153846155,6780.439424911129,9.135524068158078,-0.18574919268958398,10.599432959404538,8.616777680078531,0.09403855405450634,10.505954463452856,4.149660756880218,0.9273819512796644,0.9037193514521465,0.9143992653970621
1088,60,35,20,Median,40,[   0  105  349  544  765 1099 1221 1692 1790 1912 1994 2120 2230],12,471,82,185.83333333333334,7278.552477895392,9.409327135879124,-0.1460898511762397,11.21926110943952,8.951381259571386,0.11474561294324649,11.375527169089407,4.136904427800895,0.9307201597917996,0.9214950735152209,0.9310244988491088
1089,60,35,20,Mode,40,"[   0  105  349  544  765  942 1099 1228 1384 1692 1790 1912 1994 2120
 2230]",14,308,82,159.28571428571428,6190.453965597301,8.735602645944793,-0.18804137869528548,9.90758481199882,8.567047828106725,0.07586660110782494,9.238254612996762,4.2902068706232175,0.9132540065913728,0.8602669222153868,0.8729020986840867
1090,60,35,20,Median,40,[   0  105  349  606  765 1099 1221 1692 1790 1912 1994 2120 2230],12,471,82,185.83333333333334,7477.095317024574,9.61827403961578,-0.14517577955966954,11.283026310113225,8.305353324875677,0.12747367177176364,12.070522859783752,4.048899600183061,0.9322798796299617,0.9215233558830878,0.9311884667325082
1091,60,35,20,Mode,40,[   0  105  349  606  765  942 1099 1228 1692 1790 1912 1994 2120 2230],13,464,82,171.53846153846155,6959.185182044253,9.325388217018437,-0.18577385512177286,10.658049799328003,8.006961090700011,0.10486871462679041,10.988546304509326,4.046529214363312,0.9288670172589635,0.903942464092558,0.9147732875018921
1092,60,40,10,Median,40,[   0  349 1912 2230],3,1563,318,743.3333333333334,10876.934544352147,6.133490087434258,-0.00862799883201196,12.257863736463086,6.835024217182685,0.11530835861818375,14.565140810169083,5.912586402236707,0.8956970400213689,0.9372987295060103,0.9717150948387256
1093,60,40,10,Mode,40,[   0  178 1912 2230],3,1734,178,743.3333333333334,10218.027515910373,6.542706111160358,0.0531157147169838,11.700893478793736,7.345111565510696,0.15612130939715546,13.900420948687408,5.542685740396115,0.9169914498098245,0.9543404417795419,0.9835742124875685
1094,60,40,10,Median,40,[   0  178 1912 2230],3,1734,178,743.3333333333334,10218.027515910373,6.542706111160358,0.0531157147169838,11.700893478793736,7.345111565510696,0.15612130939715546,13.900420948687408,5.542685740396115,0.9169914498098245,0.9543404417795419,0.9835742124875685
1095,60,40,10,Mode,40,[   0  178  544 1912 2230],4,1368,178,557.5,7112.0646257323415,5.269371210527065,-0.12032513821213797,9.010807339580671,8.325559521346175,0.06274454422883573,9.479546925442152,6.6274098481683685,0.9449086885097484,0.9654057407902895,0.98052584234365
1096,60,40,10,Median,40,[   0  178  765 1692 1934 2230],5,927,178,446.0,8541.985110412541,6.370317656507075,-0.07164228311788294,12.797610264151576,8.400507973818486,0.10004247817760245,14.447640206071105,6.579030027409562,0.9908084967278138,0.9954358148201612,0.9967053899887169
1097,60,40,10,Mode,40,[   0  178  544 1692 1912 2230],5,1148,178,446.0,8330.812561557885,6.493612816703428,-0.10717053925574925,13.199778287546502,7.645503151249548,0.09620660319490087,13.701354309103152,6.1904487975893865,0.9629339219917785,0.9849196851071699,0.9898694880569469
1098,60,40,10,Median,40,[   0  178  544  885 1692 1934 2230],6,807,178,371.6666666666667,7785.654676615341,6.327529405076921,-0.1134050684598851,11.360925352234672,7.794564034976169,0.08805699911904623,13.95627231299397,5.8442051561547546,0.9860699086963742,0.9917257627542726,0.9935241712758462
1099,60,40,10,Mode,40,[   0  178  544  765 1692 1912 2230],6,927,178,371.6666666666667,8833.198498801736,7.16811381524635,-0.10861113139489574,12.122014544641537,7.257987383014284,0.12329807685367475,16.2897749833271,5.210040740685846,0.9672235593426404,0.9828217644122621,0.9870401776406269
1100,60,40,10,Median,40,[   0  544 1692 1912 2184 2230],5,1148,46,446.0,30705.460237545536,17.732039402138117,-0.026104753261324797,39.56263259570465,5.407154545473253,0.24312100761002892,26.06163377142868,3.985854125492961,0.9526347641124961,0.984352166005366,0.9898115851524875
1101,60,40,10,Mode,40,[   0  178  544  765 1692 1912 2120 2230],7,927,110,318.57142857142856,12548.47555174454,9.70185296673714,-0.09112176621700968,15.622737065052219,6.390622565895979,0.14077883133012348,16.940927255260544,4.281563405974501,0.9674193121891295,0.9844305997298037,0.9881187678268227
1102,60,40,10,Median,40,[   0  544  854 1692 1912 2184 2230],6,838,46,371.6666666666667,26099.38432159344,15.684844537727951,-0.049071931171405035,33.1292825943464,5.435262287406034,0.21268075170975204,23.856339391409897,3.936550703274869,0.9583453581289264,0.9800743826710804,0.9849426187383109
1103,60,40,10,Mode,40,[   0  178  544  765 1692 1912 2120 2230],7,927,110,318.57142857142856,12548.47555174454,9.70185296673714,-0.09112176621700968,15.622737065052219,6.390622565895979,0.14077883133012348,16.940927255260544,4.281563405974501,0.9674193121891295,0.9844305997298037,0.9881187678268227
1104,60,40,10,Median,40,[   0  544  765 1692 1912 2184 2230],6,927,46,371.6666666666667,26279.72383101302,16.022593709031725,-0.04269810467269031,33.351534632228564,5.290233759144882,0.2310786308016853,24.50908338353481,3.7025488679397562,0.958899109760333,0.9825331762397335,0.9871855497234837
1105,60,40,10,Mode,40,[   0  178  544  765 1692 1912 2120 2230],7,927,110,318.57142857142856,12548.47555174454,9.70185296673714,-0.09112176621700968,15.622737065052219,6.390622565895979,0.14077883133012348,16.940927255260544,4.281563405974501,0.9674193121891295,0.9844305997298037,0.9881187678268227
1106,60,40,10,Median,40,[   0  544  765 1767 1912 2184 2230],6,1002,46,371.6666666666667,27131.077671164552,17.019323513989928,-0.02902955155241845,33.80381212640317,5.296602999473853,0.2584280017201939,25.389864611353754,3.5271920691261656,0.9230340101585731,0.9477485566483019,0.9628246925559565
1107,60,40,10,Mode,40,[   0  178  544  765 1384 1692 1790 1912 2120 2230],9,619,98,247.77777777777777,8213.551651715085,8.7803457349821,-0.13308066274461372,12.728240986494926,6.891617942828514,0.10479642003636246,10.074103657290935,5.032847129410442,0.9177115493857705,0.8981165402838772,0.9137858501151528
1108,60,40,10,Median,40,[   0  544  765 1767 1912 2184 2230],6,1002,46,371.6666666666667,27131.077671164552,17.019323513989928,-0.02902955155241845,33.80381212640317,5.296602999473853,0.2584280017201939,25.389864611353754,3.5271920691261656,0.9230340101585731,0.9477485566483019,0.9628246925559565
1109,60,40,10,Mode,40,[   0   83  544  765 1384 1692 1790 1912 2120 2230],9,619,83,247.77777777777777,8541.259636273597,9.195620117275388,-0.12913422984482353,12.995882635449286,7.034495929997593,0.12521584769775154,10.649052812728755,4.804649079322202,0.9134468015828935,0.9006411010272196,0.916968322392901
1110,60,40,10,Median,40,[   0  544  765 1767 1912 2184 2230],6,1002,46,371.6666666666667,27131.077671164552,17.019323513989928,-0.02902955155241845,33.80381212640317,5.296602999473853,0.2584280017201939,25.389864611353754,3.5271920691261656,0.9230340101585731,0.9477485566483019,0.9628246925559565
1111,60,40,10,Mode,40,[   0  178  544  765 1099 1384 1692 1790 1912 2120 2230],10,366,98,223.0,8265.636553643993,8.8373577755569,-0.14441651130635821,11.932422899442559,7.334064161469405,0.10759782014141933,11.794595210078606,4.490526896576267,0.9273788671307038,0.904803251168549,0.9161622082831271
1112,60,40,10,Median,40,[   0   83  544  765 1080 1384 1692 1767 1912 2184 2230],10,461,46,223.0,14764.216930139906,12.05397520272472,-0.12944357709022442,20.827539593239415,6.945308468605285,0.1645237540701579,14.785322067295207,4.169430886513911,0.9048881500963091,0.8870980288970511,0.9019940263441886
1113,60,40,10,Mode,40,[   0   83  544  765 1099 1384 1692 1790 1912 2120 2230],10,461,83,223.0,8556.932539918227,9.206490559817599,-0.14156850335852567,12.171370898434759,7.496015158170438,0.12574842250709853,12.305661126023336,4.28768418538672,0.923681633142672,0.9080706871074956,0.9199059685799708
1114,60,40,10,Median,40,[   0   83  544  765 1080 1384 1692 1767 1912 2184 2230],10,461,46,223.0,14764.216930139906,12.05397520272472,-0.12944357709022442,20.827539593239415,6.945308468605285,0.1645237540701579,14.785322067295207,4.169430886513911,0.9048881500963091,0.8870980288970511,0.9019940263441886
1115,60,40,10,Mode,40,[   0   83  544  765 1099 1384 1692 1790 1912 2184 2230],10,461,46,223.0,14978.042493876092,12.174028817821222,-0.13239488775953215,20.81930720750221,7.166464497719889,0.1703076176562202,15.363078029440057,4.145114622478221,0.9150787480989766,0.9016989494794232,0.9146593053637999
1116,60,40,10,Median,40,[   0   83  544  765 1080 1384 1692 1767 1912 1993 2184 2230],11,461,46,202.72727272727272,13242.2655253988,12.010013009359938,-0.12304714132214728,19.57748011391084,7.123970745724066,0.14777539590314231,12.776460566074304,4.063131821851972,0.9098508625410302,0.8918870885939342,0.9056255552579263
1117,60,40,10,Mode,40,[   0   83  544  765 1099 1384 1692 1790 1912 1993 2184 2230],11,461,46,202.72727272727272,13473.883917031319,12.100898397343986,-0.1260431216572011,19.570022440886028,7.251878491579067,0.15124651063979028,13.32119196868447,4.044468934205165,0.9197460467167735,0.90699823363789,0.9188194687349897
1118,60,40,10,Median,40,[   0   83  544  765 1080 1384 1692 1790 1912 1993 2184 2230],11,461,46,202.72727272727272,13397.355533912012,12.051206810780348,-0.12318399632231228,19.54081427692948,7.085031588882208,0.14830870127514523,13.077933553862374,4.0846516531048005,0.905713077572534,0.8862442101013647,0.9006878258479931
1119,60,40,10,Mode,40,[   0   83  544  765 1099 1384 1692 1790 1912 1993 2184 2230],11,461,46,202.72727272727272,13473.883917031319,12.100898397343986,-0.1260431216572011,19.570022440886028,7.251878491579067,0.15124651063979028,13.32119196868447,4.044468934205165,0.9197460467167735,0.90699823363789,0.9188194687349897
1120,60,40,15,Median,40,[   0  544 1790 2230],3,1246,440,743.3333333333334,17454.10970741317,6.735767740644276,-0.048461156309167926,19.824276716042803,6.35907296373914,0.10332896757567284,22.47069111583688,5.52531781556217,0.9033325037236016,0.9207455284004885,0.9528046220601147
1121,60,40,15,Mode,40,[   0  765 1692 2230],3,927,538,743.3333333333334,17980.78994586773,6.5235730442758175,-0.05796154646909037,19.469555689700815,7.125081279371572,0.08447658430508337,22.14017696462148,5.763758120704779,0.9967700840675007,0.9985015163788824,0.999023637583051
1122,60,40,15,Median,40,[   0  178 1790 2230],3,1612,178,743.3333333333334,17221.00081860726,7.6038068508492405,0.05675440682850678,19.618863798234596,7.231756716344201,0.18666119976571205,24.100387041607554,4.729317250165991,0.8644244068092395,0.9033126672876242,0.957269479456343
1123,60,40,15,Mode,40,[   0  178  765 1692 2230],4,927,178,557.5,12642.62358843108,5.987889505221012,-0.07224393667395368,14.73897728436221,8.990112332916741,0.08712428296412132,16.104962525190775,6.182894649989497,0.9896069838771067,0.9956927223825929,0.997014853503773
1124,60,40,15,Median,40,[   0  178  765 1104 1790 2230],5,686,178,446.0,8395.417856369211,5.7313301032329385,-0.12422465896620108,11.463042844583153,12.133873086127666,0.04291330055468895,12.018994804188104,5.583854036666687,0.9372292953007084,0.9274588100645492,0.944182432332902
1125,60,40,15,Mode,40,[   0  178  765 1099 1692 2230],5,593,178,446.0,8506.640827995874,5.709545043405869,-0.14171003548617236,11.855803758717375,10.63063146906676,0.03216150344383025,12.652895084495427,5.413113245813819,0.9895126729987427,0.9943951194096896,0.9956673349153508
1126,60,40,15,Median,40,[   0  178  765 1104 1736 1912 2230],6,632,176,371.6666666666667,7728.945991716823,6.737710363802913,-0.12322454873907408,11.50196071595139,10.01227915425998,0.07989878185970098,12.335360583953372,5.671648150459813,0.9690026989318168,0.9802341171829165,0.9842857298769663
1127,60,40,15,Mode,40,[   0  178  765 1099 1692 1912 2230],6,593,178,371.6666666666667,7273.252761747883,6.332052947312608,-0.14069591199011225,11.167454979711087,9.733685521019908,0.062286543607459,12.099682415517425,5.699471626042431,0.9701394928976955,0.9794584918373508,0.983534226837877
1128,60,40,15,Median,40,[   0  178  544  765 1104 1736 1912 2230],7,632,176,318.57142857142856,7561.4276864939575,7.0097452443509285,-0.13391901291978983,10.922762365988497,8.03753003879809,0.0955056100428678,13.277330725087808,5.284434892632864,0.9693516254354758,0.9775297399131063,0.9814040073242962
1129,60,40,15,Mode,40,[   0  178  544  765 1099 1692 1912 2230],7,593,178,318.57142857142856,7189.630049508957,6.6771770568095645,-0.14657437092716785,10.642162437487869,7.999935034733822,0.0828609654284469,13.225800897484058,5.322437070148269,0.9703796554069463,0.9764931435111533,0.9803895083127261
1130,60,40,15,Median,40,[   0  178  544  765 1104 1736 1912 2120 2230],8,632,110,278.75,11051.203454038117,9.267774720371595,-0.116909220222828,14.11296580247275,7.141870797490239,0.11823416919846275,14.519404230581383,4.517754769171698,0.9694183916517563,0.9792701594252811,0.9826580842276383
1131,60,40,15,Mode,40,[   0  178  544  765 1099 1692 1912 2120 2230],8,593,110,278.75,10608.948730501757,8.919087295006927,-0.12975063574066487,13.865515616556266,7.148247363290362,0.10362119946900691,14.221641999976017,4.51054273618677,0.9703999100031011,0.9782257811278391,0.9816439461855819
1132,60,40,15,Median,40,[   0  178  544  765 1099 1228 1736 1912 2120 2230],9,508,110,247.77777777777777,11170.818992063834,9.82833840133613,-0.12809630806635472,13.516844584899697,8.712460264935856,0.1537037252020119,16.407373442983467,3.9239720010484724,0.9489266719935753,0.9440519794566886,0.9520666905508587
1133,60,40,15,Mode,40,[   0  178  544  765 1099 1228 1692 1912 2120 2230],9,464,110,247.77777777777777,10966.676246667386,9.595453283009126,-0.1372075805323194,13.370803047845174,8.38394084186837,0.14132837488914798,16.480171527923627,3.9388005101667893,0.9517522261780619,0.9453702147624512,0.9529430182418586
1134,60,40,15,Median,40,[   0  105  544  765 1099 1228 1736 1912 2120 2230],9,508,105,247.77777777777777,11459.918723993102,10.136985898115757,-0.12499824244934749,13.759375789881833,8.565955510223795,0.16915940350206443,16.874735945611306,3.724547753503341,0.9490738988790246,0.947097965224703,0.9550781344931804
1135,60,40,15,Mode,40,[   0  105  544  765 1099 1228 1692 1912 2120 2230],9,464,105,247.77777777777777,11255.775978596654,9.904100779788754,-0.13471344398468682,13.613090897327798,8.495200239613808,0.15678405318920052,16.947534030551466,3.739376262621658,0.9519464721057277,0.9484809524273011,0.9560129273460467
1136,60,40,15,Median,40,[   0  105  544  765 1099 1228 1692 1790 1912 2120 2230],10,464,98,223.0,9169.151146215594,9.801253629378758,-0.13371057588318974,12.760115409779972,8.249299466580874,0.16093771887169211,13.995582589739477,4.007187952995329,0.9346539189830304,0.9333260460565797,0.9428627867240563
1137,60,40,15,Mode,40,[   0  105  544  765 1099 1228 1692 1790 1912 2120 2230],10,464,98,223.0,9169.151146215594,9.801253629378758,-0.13371057588318974,12.760115409779972,8.249299466580874,0.16093771887169211,13.995582589739477,4.007187952995329,0.9346539189830304,0.9333260460565797,0.9428627867240563
1138,60,40,15,Median,40,[   0  105  544  765 1104 1384 1692 1790 1912 2120 2230],10,439,98,223.0,8406.41205198721,9.039616441281517,-0.13493657738754797,12.081227741804575,7.392495916297321,0.12050386426532514,11.786509229185546,4.372468618353649,0.9286356359726793,0.9121034041689291,0.9232807813257061
1139,60,40,15,Mode,40,[   0  105  544  765 1099 1384 1692 1790 1912 2120 2230],10,439,98,223.0,8522.614093136675,9.111711106027679,-0.14183272643884912,12.147780571404901,7.468683283610483,0.12133620085257718,12.210028545747797,4.313260898758372,0.9271677758305252,0.910533273714983,0.9218932230786002
1140,60,40,15,Median,40,[   0  105  349  544  765 1104 1384 1692 1790 1912 2120 2230],11,339,98,202.72727272727272,7413.7817372681075,8.480252875643245,-0.14058636949599979,11.077723917928845,8.029982681626741,0.09619312465230782,10.293610085117825,4.578392579071808,0.9202531063394865,0.8841050175719477,0.8965895311329316
1141,60,40,15,Mode,40,[   0  105  349  544  765 1099 1384 1692 1790 1912 2120 2230],11,334,98,202.72727272727272,7518.363574302629,8.545138073914792,-0.14573329497871398,11.137702326148796,8.108022139145005,0.09694222758083466,10.674777470023853,4.525105631436061,0.9188719368897402,0.8822538366433453,0.8949160105353373
1142,60,40,15,Median,40,[   0  105  544  765 1099 1224 1692 1790 1912 2120 2230],10,468,98,223.0,9023.868433533476,9.729075869995155,-0.13288054282539413,12.648729743788408,8.230225475483945,0.1603445799361429,13.611428120114065,4.0436800072471195,0.9364108445723552,0.9370140680786051,0.94601332366686
1143,60,40,15,Mode,40,[   0  105  544  765 1099 1228 1692 1790 1912 2120 2230],10,464,98,223.0,9169.151146215594,9.801253629378758,-0.13371057588318974,12.760115409779972,8.249299466580874,0.16093771887169211,13.995582589739477,4.007187952995329,0.9346539189830304,0.9333260460565797,0.9428627867240563
1144,60,40,15,Median,40,[   0  105  349  544  765 1099 1224 1692 1790 1912 1994 2120 2230],12,468,82,185.83333333333334,7363.034048171543,9.453018294676836,-0.1457362800141744,11.288447169646387,8.93274250306878,0.11480439095337068,11.598684800275642,4.11212162669934,0.9294437742327828,0.9182042560046649,0.9281486234061186
1145,60,40,15,Mode,40,[   0  105  349  544  765 1099 1228 1692 1790 1912 1994 2120 2230],12,464,82,185.83333333333334,7481.901722184185,9.512072825081601,-0.14521791560204672,11.380315893414469,8.951523592833656,0.11528968644609273,11.912993002696435,4.0822644914024195,0.9278319213896622,0.9138591521018177,0.924353195094006
1146,60,40,15,Median,40,[   0  105  349  606  765 1099 1224 1692 1790 1912 1994 2120 2230],12,468,82,185.83333333333334,7561.576887300724,9.661965198413492,-0.14489245760745242,11.352253835432677,8.26318425313751,0.1275324497818878,12.293680490969988,4.024116799081505,0.930999469604692,0.9182609003260465,0.9283438236285046
1147,60,40,15,Mode,40,[   0  105  349  606  765 1099 1228 1692 1790 1912 1994 2120 2230],12,464,82,185.83333333333334,7680.444561313366,9.721019728818257,-0.1444555728339802,11.444177639494756,8.261394245330143,0.12801774527460985,12.60798869339078,3.9942596637845864,0.9293825175830008,0.9139534253363397,0.924589686065131
1148,60,40,20,Median,40,[   0  544 1790 2230],3,1246,440,743.3333333333334,17454.10970741317,6.735767740644276,-0.048461156309167926,19.824276716042803,6.35907296373914,0.10332896757567284,22.47069111583688,5.52531781556217,0.9033325037236016,0.9207455284004885,0.9528046220601147
1149,60,40,20,Mode,40,[   0  765 1692 2230],3,927,538,743.3333333333334,17980.78994586773,6.5235730442758175,-0.05796154646909037,19.469555689700815,7.125081279371572,0.08447658430508337,22.14017696462148,5.763758120704779,0.9967700840675007,0.9985015163788824,0.999023637583051
1150,60,40,20,Median,40,[   0  192 1790 2230],3,1598,192,743.3333333333334,18607.725531709,8.028626332036172,0.0701573612703833,20.890467141336597,7.6774322105844535,0.19641246576143406,26.849480230616564,4.459919470711717,0.8405851975688147,0.8878604218241892,0.9491375451896381
1151,60,40,20,Mode,40,[   0  105  765 1692 2230],4,927,105,557.5,13031.58517153642,6.619058085708217,-0.07046634221549383,14.997341989454844,9.532789749083927,0.11742656214876812,16.8791077095638,5.723397723302088,0.9910726147474829,0.9964282807107965,0.9975751944287277
1152,60,40,20,Median,40,[   0  105  765 1099 1829 2230],5,730,105,446.0,7198.574363373957,6.065151281150971,-0.14617217311521546,9.244438681105663,14.402212996846501,0.05428390925959814,11.710931219745842,5.186880036090224,0.9104572873715381,0.8890049419983218,0.9165647712641566
1153,60,40,20,Mode,40,[   0  105  765 1099 1692 2230],5,660,105,446.0,8807.493868589816,6.187724325520761,-0.13996231950907562,12.050041456389057,10.92786074778651,0.05458239192382417,13.02890149845335,5.137224531894608,0.9907071819516043,0.995377939033809,0.9964924538160137
1154,60,40,20,Median,40,[   0  105  765 1099 1736 1934 2230],6,660,105,371.6666666666667,7381.336849682933,6.747913476398525,-0.13701459568892715,11.321802555247311,10.004501024862199,0.08251607561733745,12.309329102520135,5.549755492007728,0.9881084205811672,0.9930479680619392,0.9945706661631684
1155,60,40,20,Mode,40,[   0  105  765 1099 1692 1912 2230],6,660,105,371.6666666666667,7513.935194223038,6.714596373004521,-0.13892895941570263,11.323931275906737,9.778000088497096,0.08022325439145413,12.400487546683763,5.478760654907062,0.9706368601534894,0.9813033662125309,0.985277578893577
1156,60,40,20,Median,40,[   0  105  544  765 1104 1736 1934 2230],7,632,105,318.57142857142856,7462.402938695456,7.086814254201157,-0.12813038503089158,10.900250012130723,7.858150635707585,0.10731344729745673,13.497129182185013,5.202856805566468,0.9884013870241573,0.9929652376940009,0.9942267407176738
1157,60,40,20,Mode,40,[   0  105  544  765 1099 1692 1912 2230],7,593,105,318.57142857142856,7575.096358747983,7.088707052515734,-0.14128075470421325,10.953617809089318,7.8637247291691255,0.10346853649518362,13.84895090098784,5.056538073421428,0.9709514914046454,0.9778723368439481,0.9817099670087899
1158,60,40,20,Median,40,[   0  105  544  765 1104 1736 1912 2120 2230],8,632,105,278.75,11381.603147671567,9.62051471669117,-0.11069305149785512,14.388037152100448,7.108398178122792,0.13589780154137993,15.053532805013196,4.289841343405832,0.9699520516263205,0.9805695614224429,0.9838943796817503
1159,60,40,20,Mode,40,[   0  105  544  765 1099 1692 1912 2120 2230],8,593,105,278.75,10939.348424135209,9.2718272913265,-0.12460066530505327,14.140176343428358,7.257920194181255,0.12128483181192411,14.75577057440783,4.282629310420906,0.9709459735314956,0.9796203530625113,0.9829763582570005
1160,60,40,20,Median,40,[   0  105  544  765 1099 1228 1736 1912 2120 2230],9,508,105,247.77777777777777,11459.918723993102,10.136985898115757,-0.12499824244934749,13.759375789881833,8.565955510223795,0.16915940350206443,16.874735945611306,3.724547753503341,0.9490738988790246,0.947097965224703,0.9550781344931804
1161,60,40,20,Mode,40,[   0  105  544  765 1099 1228 1692 1912 2120 2230],9,464,105,247.77777777777777,11255.775978596654,9.904100779788754,-0.13471344398468682,13.613090897327798,8.495200239613808,0.15678405318920052,16.947534030551466,3.739376262621658,0.9519464721057277,0.9484809524273011,0.9560129273460467
1162,60,40,20,Median,40,[   0  192  544  765 1099 1228 1736 1912 2120 2230],9,508,110,247.77777777777777,11401.076361253457,9.993275036070877,-0.1307116941144018,13.811956463762355,9.448899621347923,0.1553765093903015,16.987109040925443,3.7516596155601194,0.9403940238978362,0.9330207775305366,0.942412771330362
1163,60,40,20,Mode,40,[   0  105  544  765 1099 1228 1692 1912 2120 2230],9,464,105,247.77777777777777,11255.775978596654,9.904100779788754,-0.13471344398468682,13.613090897327798,8.495200239613808,0.15678405318920052,16.947534030551466,3.739376262621658,0.9519464721057277,0.9484809524273011,0.9560129273460467
1164,60,40,20,Median,40,[   0  192  544  765 1099 1228 1692 1790 1912 2120 2230],10,464,98,223.0,9116.846823780354,9.67351064089442,-0.13619256136410676,12.807026066395059,8.950962536188175,0.14868625743901395,14.095469785574263,4.031287385934688,0.9265466858465725,0.9175067713189073,0.9284075851251392
1165,60,40,20,Mode,40,[   0  105  544  765 1099 1228 1692 1790 1912 2120 2230],10,464,98,223.0,9169.151146215594,9.801253629378758,-0.13371057588318974,12.760115409779972,8.249299466580874,0.16093771887169211,13.995582589739477,4.007187952995329,0.9346539189830304,0.9333260460565797,0.9428627867240563
1166,60,40,20,Median,40,[   0  192  544  765 1099 1228 1692 1790 1912 2120 2230],10,464,98,223.0,9116.846823780354,9.67351064089442,-0.13619256136410676,12.807026066395059,8.950962536188175,0.14868625743901395,14.095469785574263,4.031287385934688,0.9265466858465725,0.9175067713189073,0.9284075851251392
1167,60,40,20,Mode,40,[   0  105  544  765 1099 1228 1692 1790 1912 2120 2230],10,464,98,223.0,9169.151146215594,9.801253629378758,-0.13371057588318974,12.760115409779972,8.249299466580874,0.16093771887169211,13.995582589739477,4.007187952995329,0.9346539189830304,0.9333260460565797,0.9428627867240563
1168,60,40,20,Median,40,[   0  105  544  765 1099 1228 1692 1790 1912 2120 2230],10,464,98,223.0,9169.151146215594,9.801253629378758,-0.13371057588318974,12.760115409779972,8.249299466580874,0.16093771887169211,13.995582589739477,4.007187952995329,0.9346539189830304,0.9333260460565797,0.9428627867240563
1169,60,40,20,Mode,40,[   0  105  544  765 1099 1228 1692 1790 1912 2120 2230],10,464,98,223.0,9169.151146215594,9.801253629378758,-0.13371057588318974,12.760115409779972,8.249299466580874,0.16093771887169211,13.995582589739477,4.007187952995329,0.9346539189830304,0.9333260460565797,0.9428627867240563
1170,60,40,20,Median,40,[   0  105  349  544  765 1099 1221 1692 1790 1912 2120 2230],11,471,98,202.72727272727272,7876.562753355984,9.052706086808039,-0.138295220616157,11.513567902331507,9.095849075911861,0.13198511294490725,11.690563692648636,4.309743910287644,0.928672828883929,0.9186923852042053,0.9286963744035943
1171,60,40,20,Mode,40,[   0  105  544  765 1099 1228 1692 1790 1912 2120 2230],10,464,98,223.0,9169.151146215594,9.801253629378758,-0.13371057588318974,12.760115409779972,8.249299466580874,0.16093771887169211,13.995582589739477,4.007187952995329,0.9346539189830304,0.9333260460565797,0.9428627867240563
1172,60,40,20,Median,40,[   0  105  349  544  765 1099 1221 1692 1790 1912 1994 2120 2230],12,471,82,185.83333333333334,7278.552477895392,9.409327135879124,-0.1460898511762397,11.21926110943952,8.951381259571386,0.11474561294324649,11.375527169089407,4.136904427800895,0.9307201597917996,0.9214950735152209,0.9310244988491088
1173,60,40,20,Mode,40,[   0  105  349  544  765 1099 1228 1692 1790 1912 1994 2120 2230],12,464,82,185.83333333333334,7481.901722184185,9.512072825081601,-0.14521791560204672,11.380315893414469,8.951523592833656,0.11528968644609273,11.912993002696435,4.0822644914024195,0.9278319213896622,0.9138591521018177,0.924353195094006
1174,60,40,20,Median,40,[   0  105  349  606  765 1099 1221 1692 1790 1912 1994 2120 2230],12,471,82,185.83333333333334,7477.095317024574,9.61827403961578,-0.14517577955966954,11.283026310113225,8.305353324875677,0.12747367177176364,12.070522859783752,4.048899600183061,0.9322798796299617,0.9215233558830878,0.9311884667325082
1175,60,40,20,Mode,40,[   0  105  349  606  765 1099 1228 1692 1790 1912 1994 2120 2230],12,464,82,185.83333333333334,7680.444561313366,9.721019728818257,-0.1444555728339802,11.444177639494756,8.261394245330143,0.12801774527460985,12.60798869339078,3.9942596637845864,0.9293825175830008,0.9139534253363397,0.924589686065131
1176,60,45,10,Median,40,[   0  349 1912 2230],3,1563,318,743.3333333333334,10876.934544352147,6.133490087434258,-0.00862799883201196,12.257863736463086,6.835024217182685,0.11530835861818375,14.565140810169083,5.912586402236707,0.8956970400213689,0.9372987295060103,0.9717150948387256
1177,60,45,10,Mode,40,[   0  178 1692 2230],3,1514,178,743.3333333333334,17921.266127169194,7.492693646328467,0.04793747206431498,20.215853826837176,7.648436109591668,0.18142839580695383,25.97458845873004,4.64103038118251,0.9869391197210257,0.9945513874200471,0.9974215010193251
1178,60,45,10,Median,40,[   0  178 1912 2230],3,1734,178,743.3333333333334,10218.027515910373,6.542706111160358,0.0531157147169838,11.700893478793736,7.345111565510696,0.15612130939715546,13.900420948687408,5.542685740396115,0.9169914498098245,0.9543404417795419,0.9835742124875685
1179,60,45,10,Mode,40,[   0  178 1692 2230],3,1514,178,743.3333333333334,17921.266127169194,7.492693646328467,0.04793747206431498,20.215853826837176,7.648436109591668,0.18142839580695383,25.97458845873004,4.64103038118251,0.9869391197210257,0.9945513874200471,0.9974215010193251
1180,60,45,10,Median,40,[   0  178  765 1692 1934 2230],5,927,178,446.0,8541.985110412541,6.370317656507075,-0.07164228311788294,12.797610264151576,8.400507973818486,0.10004247817760245,14.447640206071105,6.579030027409562,0.9908084967278138,0.9954358148201612,0.9967053899887169
1181,60,45,10,Mode,40,[   0  178  885 1692 1912 2230],5,807,178,446.0,8838.547620120054,6.641949045643094,-0.08338316791973666,12.881207910450678,8.952362440547969,0.10422667162325797,13.979190527635808,6.746692635683391,0.9630541483987657,0.9800958356408616,0.9854250774959663
1182,60,45,10,Median,40,[   0  178  507  885 1692 1934 2230],6,807,178,371.6666666666667,7498.522514674603,6.124809783844379,-0.10427956294829184,11.348243371504154,7.575629258158254,0.07913734389919269,13.236405295144214,6.1355609193984355,0.9875643185071783,0.9925981185540539,0.9942079401211502
1183,60,45,10,Mode,40,[   0  178  544  885 1692 1912 2230],6,807,178,371.6666666666667,8173.996472653937,6.591749412382667,-0.11287408093494686,11.646569039532745,7.662374908869535,0.09535321215002579,14.298139779864922,5.676200931288798,0.9652240013979186,0.9783142819453677,0.9830300749641346
1184,60,45,10,Median,40,[   0  507 1692 1912 2184 2230],5,1185,46,446.0,31175.864853500396,17.883225967900778,-0.020327931212746658,40.02466617622952,5.200758282472382,0.24879862796637278,27.343981644884778,3.822015392402587,0.9544156329306951,0.9860181458077426,0.9910286751585275
1185,60,45,10,Mode,40,[   0  544 1692 1912 2184 2230],5,1148,46,446.0,30705.460237545536,17.732039402138117,-0.026104753261324797,39.56263259570465,5.407154545473253,0.24312100761002892,26.06163377142868,3.985854125492961,0.9526347641124961,0.984352166005366,0.9898115851524875
1186,60,45,10,Median,40,[   0  507 1692 1912 2184 2230],5,1185,46,446.0,31175.864853500396,17.883225967900778,-0.020327931212746658,40.02466617622952,5.200758282472382,0.24879862796637278,27.343981644884778,3.822015392402587,0.9544156329306951,0.9860181458077426,0.9910286751585275
1187,60,45,10,Mode,40,[   0  544 1692 1912 2184 2230],5,1148,46,446.0,30705.460237545536,17.732039402138117,-0.026104753261324797,39.56263259570465,5.407154545473253,0.24312100761002892,26.06163377142868,3.985854125492961,0.9526347641124961,0.984352166005366,0.9898115851524875
1188,60,45,10,Median,40,[   0  507 1692 1912 2184 2230],5,1185,46,446.0,31175.864853500396,17.883225967900778,-0.020327931212746658,40.02466617622952,5.200758282472382,0.24879862796637278,27.343981644884778,3.822015392402587,0.9544156329306951,0.9860181458077426,0.9910286751585275
1189,60,45,10,Mode,40,[   0  544  765 1692 1912 2184 2230],6,927,46,371.6666666666667,26279.72383101302,16.022593709031725,-0.04269810467269031,33.351534632228564,5.290233759144882,0.2310786308016853,24.50908338353481,3.7025488679397562,0.958899109760333,0.9825331762397335,0.9871855497234837
1190,60,45,10,Median,40,[   0  507 1767 1912 2184 2230],5,1260,46,446.0,32349.33155457913,19.184162859721987,-0.013715409784391275,40.69388587988181,5.093499533218823,0.283388193056751,28.795347223216346,3.558926235810667,0.9085865757631899,0.9485803675899965,0.9684363759176244
1191,60,45,10,Mode,40,[   0  544  765 1692 1790 1912 2184 2230],7,927,46,318.57142857142856,20228.00339736521,14.8040855941844,-0.04155652353430177,28.82944612241772,5.770614063011922,0.21381677056680357,17.03543642415167,4.162087517385131,0.9354569535891131,0.9737663298340968,0.980641938439961
1192,60,45,10,Median,40,[   0  512 1767 1912 2184 2230],5,1255,46,446.0,32267.128782759588,19.157196855349103,-0.014442687963197032,40.60389920607204,5.141495874643918,0.282626814104295,28.58554409488047,3.5882503113592756,0.8983058624069646,0.9413195270589573,0.9638701708795347
1193,60,45,10,Mode,40,[   0   83  544  765 1692 1790 1912 2184 2230],8,927,46,278.75,17909.833031989834,13.819932963451574,-0.06446746205079483,25.58723922147954,6.392162422419209,0.2197349855695593,16.167372684993104,4.1664247813016315,0.9313234071272217,0.9687828694435925,0.9764702240785792
1194,60,45,10,Median,40,[   0  512 1767 1912 2184 2230],5,1255,46,446.0,32267.128782759588,19.157196855349103,-0.014442687963197032,40.60389920607204,5.141495874643918,0.282626814104295,28.58554409488047,3.5882503113592756,0.8983058624069646,0.9413195270589573,0.9638701708795347
1195,60,45,10,Mode,40,[   0   83  544  765 1099 1384 1692 1790 1912 2184 2230],10,461,46,223.0,14978.042493876092,12.174028817821222,-0.13239488775953215,20.81930720750221,7.166464497719889,0.1703076176562202,15.363078029440057,4.145114622478221,0.9150787480989766,0.9016989494794232,0.9146593053637999
1196,60,45,10,Median,40,[   0  512 1767 1912 2184 2230],5,1255,46,446.0,32267.128782759588,19.157196855349103,-0.014442687963197032,40.60389920607204,5.141495874643918,0.282626814104295,28.58554409488047,3.5882503113592756,0.8983058624069646,0.9413195270589573,0.9638701708795347
1197,60,45,10,Mode,40,[   0   83  544  765 1099 1384 1692 1790 1912 2184 2230],10,461,46,223.0,14978.042493876092,12.174028817821222,-0.13239488775953215,20.81930720750221,7.166464497719889,0.1703076176562202,15.363078029440057,4.145114622478221,0.9150787480989766,0.9016989494794232,0.9146593053637999
1198,60,45,10,Median,40,[   0  512 1767 1912 2184 2230],5,1255,46,446.0,32267.128782759588,19.157196855349103,-0.014442687963197032,40.60389920607204,5.141495874643918,0.282626814104295,28.58554409488047,3.5882503113592756,0.8983058624069646,0.9413195270589573,0.9638701708795347
1199,60,45,10,Mode,40,[   0   83  544  765 1099 1384 1692 1790 1912 2184 2230],10,461,46,223.0,14978.042493876092,12.174028817821222,-0.13239488775953215,20.81930720750221,7.166464497719889,0.1703076176562202,15.363078029440057,4.145114622478221,0.9150787480989766,0.9016989494794232,0.9146593053637999
1200,60,45,10,Median,40,[   0   83  512  765 1099 1384 1692 1767 1912 1993 2184 2230],11,429,46,202.72727272727272,13065.141823720784,11.870416148328085,-0.1269792635672521,19.499936967139988,7.69909421517196,0.14319236824982023,12.353508501195332,4.116028381341207,0.9205863011377605,0.9063793831785705,0.9180260407810688
1201,60,45,10,Mode,40,[   0   83  544  765 1099 1384 1692 1790 1912 1993 2184 2230],11,461,46,202.72727272727272,13473.883917031319,12.100898397343986,-0.1260431216572011,19.570022440886028,7.251878491579067,0.15124651063979028,13.32119196868447,4.044468934205165,0.9197460467167735,0.90699823363789,0.9188194687349897
1202,60,45,10,Median,40,[   0   83  512  765 1061 1384 1692 1790 1912 1993 2184 2230],11,429,46,202.72727272727272,13075.813253819972,11.81682146961183,-0.12144070123862,19.411265776734332,7.224108645366912,0.13866684089125955,12.213387296488609,4.224344963984025,0.9089867359049701,0.8884646867763166,0.9022320273192259
1203,60,45,10,Mode,40,[   0   83  544  765 1099 1384 1692 1790 1912 1993 2184 2230],11,461,46,202.72727272727272,13473.883917031319,12.100898397343986,-0.1260431216572011,19.570022440886028,7.251878491579067,0.15124651063979028,13.32119196868447,4.044468934205165,0.9197460467167735,0.90699823363789,0.9188194687349897
1204,60,45,15,Median,40,[   0  544 1790 2230],3,1246,440,743.3333333333334,17454.10970741317,6.735767740644276,-0.048461156309167926,19.824276716042803,6.35907296373914,0.10332896757567284,22.47069111583688,5.52531781556217,0.9033325037236016,0.9207455284004885,0.9528046220601147
1205,60,45,15,Mode,40,[   0  765 1692 2230],3,927,538,743.3333333333334,17980.78994586773,6.5235730442758175,-0.05796154646909037,19.469555689700815,7.125081279371572,0.08447658430508337,22.14017696462148,5.763758120704779,0.9967700840675007,0.9985015163788824,0.999023637583051
1206,60,45,15,Median,40,[   0  178 1790 2230],3,1612,178,743.3333333333334,17221.00081860726,7.6038068508492405,0.05675440682850678,19.618863798234596,7.231756716344201,0.18666119976571205,24.100387041607554,4.729317250165991,0.8644244068092395,0.9033126672876242,0.957269479456343
1207,60,45,15,Mode,40,[   0   83  765 1692 2230],4,927,83,557.5,12997.73077120982,6.856336997112223,-0.06973259541019927,15.002303231659551,10.177447955949322,0.12936652802113202,16.79419839908677,5.725676347606569,0.9851704845871618,0.9936642483774707,0.995725223627027
1208,60,45,15,Median,40,[   0  105  765 1104 1790 2230],5,686,105,446.0,8697.864111405293,6.211838500868144,-0.12240623251251974,11.657012016118816,11.935841861804352,0.06570124597814259,12.439451938922243,5.302442853878956,0.9366878503707373,0.9311260572876668,0.9479771699500138
1209,60,45,15,Mode,40,[   0   83  765 1099 1692 2230],5,682,83,446.0,8761.106844500313,6.356265708340116,-0.14002685500907427,12.05377130307934,11.40582943764026,0.06282360483249094,12.908869348600659,5.10912375435223,0.9858914692700032,0.9921241377346665,0.9940610340455417
1210,60,45,15,Median,40,[   0  105  765 1104 1692 1934 2230],6,660,105,371.6666666666667,7159.135270366189,6.441092515603563,-0.12632609331674388,11.00072189563212,9.818121100113112,0.07778022004996113,12.033253882413383,5.737691686018865,0.9935743924976468,0.9960455314223342,0.9968837509559306
1211,60,45,15,Mode,40,[   0   83  765 1099 1692 1912 2230],6,682,83,371.6666666666667,7476.825574951434,6.849429479260005,-0.13898987588818357,11.326936013698429,10.353375214710702,0.08681622471838754,12.30446182680161,5.45628003287316,0.9661180284497414,0.9779479846782039,0.982739301338751
1212,60,45,15,Median,40,[   0  105  507  765 1105 1692 1934 2230],7,587,105,318.57142857142856,6803.599707191147,6.506677727381406,-0.12124325031438189,10.546461274071968,7.8288216798948795,0.08742049410512194,12.105567672718118,5.464509414709387,0.991173095229518,0.9947371666400397,0.9956320104702994
1213,60,45,15,Mode,40,[   0   83  507  765 1099 1692 1912 2230],7,593,83,318.57142857142856,7171.53642243718,6.884478691848327,-0.13979938360159613,10.839606103504458,8.181270180250044,0.09617565916549874,12.791173151573114,5.1886231564037,0.9686806298013945,0.9760229529122622,0.9801807890508978
1214,60,45,15,Median,40,[   0  105  507  765 1105 1692 1912 2120 2230],8,587,105,278.75,10566.45776348605,8.961959325016604,-0.10351640020345286,13.99213898015733,7.056852221227142,0.11279173304419486,13.497758592904777,4.509709389595291,0.9723529551700231,0.9803727470354555,0.9835439696033152
1215,60,45,15,Mode,40,[   0   83  507  765 1099 1692 1912 2120 2230],8,593,83,278.75,10593.439907297376,9.096774410754437,-0.12313764040417244,14.03963296983203,7.515979312645355,0.11503379410076563,13.84910393205235,4.395845095834283,0.9687782815657572,0.9776955214305822,0.9813597581259426
1216,60,45,15,Median,40,[   0  105  507  765 1099 1228 1692 1912 2120 2230],9,464,105,247.77777777777777,10922.44419304558,9.65552077493512,-0.13574392805838661,13.503134623267792,7.724258581921059,0.14635029315413736,16.068652965672438,3.864395630677733,0.9533383797752186,0.9488775842354177,0.956226711329348
1217,60,45,15,Mode,40,[   0   83  507  765 1099 1228 1692 1912 2120 2230],9,464,83,247.77777777777777,10953.106026363552,9.750929509288198,-0.13541374903257575,13.524397864978942,8.067347510086634,0.15131439519193685,16.154200718490422,3.8384400748583616,0.9498929544801648,0.9462250387010854,0.9539856335177697
1218,60,45,15,Median,40,[   0  105  507  765 1099 1228 1692 1912 2120 2230],9,464,105,247.77777777777777,10922.44419304558,9.65552077493512,-0.13574392805838661,13.503134623267792,7.724258581921059,0.14635029315413736,16.068652965672438,3.864395630677733,0.9533383797752186,0.9488775842354177,0.956226711329348
1219,60,45,15,Mode,40,[   0   83  507  765 1099 1228 1692 1912 2120 2230],9,464,83,247.77777777777777,10953.106026363552,9.750929509288198,-0.13541374903257575,13.524397864978942,8.067347510086634,0.15131439519193685,16.154200718490422,3.8384400748583616,0.9498929544801648,0.9462250387010854,0.9539856335177697
1220,60,45,15,Median,40,[   0  105  507  765 1099 1228 1692 1790 1912 2120 2230],10,464,98,223.0,8872.85622572575,9.580293625064417,-0.13474132026054847,12.661917788746937,7.555451974657402,0.1516632655071915,13.214354976513672,4.118316280156285,0.9360855571540697,0.9334743776055744,0.9428290864699194
1221,60,45,15,Mode,40,[   0   83  507  765 1099 1228 1692 1790 1912 2120 2230],10,464,83,223.0,8900.111188675059,9.66510138893382,-0.1344100812513202,12.680907138241425,7.576007937555919,0.15607580065190219,13.290397423462991,4.095244674983511,0.9326374809028573,0.930966375235515,0.9407055340287629
1222,60,45,15,Median,40,[   0   83  512  765 1099 1228 1692 1790 1912 2120 2230],10,464,83,223.0,8921.633943222345,9.685712585840355,-0.13439646423877022,12.672973240424769,7.652996048811255,0.15699345495069444,13.350981303680495,4.085032660055755,0.9276418204585671,0.9253677013153948,0.9358710483625844
1223,60,45,15,Mode,40,[   0   83  507  765 1099 1228 1692 1790 1912 2120 2230],10,464,83,223.0,8900.111188675059,9.66510138893382,-0.1344100812513202,12.680907138241425,7.576007937555919,0.15607580065190219,13.290397423462991,4.095244674983511,0.9326374809028573,0.930966375235515,0.9407055340287629
1224,60,45,15,Median,40,[   0   83  512  765 1099 1228 1692 1790 1912 2120 2230],10,464,83,223.0,8921.633943222345,9.685712585840355,-0.13439646423877022,12.672973240424769,7.652996048811255,0.15699345495069444,13.350981303680495,4.085032660055755,0.9276418204585671,0.9253677013153948,0.9358710483625844
1225,60,45,15,Mode,40,[   0   83  507  765 1099 1228 1692 1790 1912 2120 2230],10,464,83,223.0,8900.111188675059,9.66510138893382,-0.1344100812513202,12.680907138241425,7.576007937555919,0.15607580065190219,13.290397423462991,4.095244674983511,0.9326374809028573,0.930966375235515,0.9407055340287629
1226,60,45,15,Median,40,[   0   83  512  765 1099 1228 1692 1790 1912 2120 2230],10,464,83,223.0,8921.633943222345,9.685712585840355,-0.13439646423877022,12.672973240424769,7.652996048811255,0.15699345495069444,13.350981303680495,4.085032660055755,0.9276418204585671,0.9253677013153948,0.9358710483625844
1227,60,45,15,Mode,40,[   0   83  507  765 1099 1228 1692 1790 1912 2120 2230],10,464,83,223.0,8900.111188675059,9.66510138893382,-0.1344100812513202,12.680907138241425,7.576007937555919,0.15607580065190219,13.290397423462991,4.095244674983511,0.9326374809028573,0.930966375235515,0.9407055340287629
1228,60,45,15,Median,40,[   0   83  512  765 1099 1228 1692 1790 1912 1994 2120 2230],11,464,82,202.72727272727272,8159.3155212290585,10.014695089915318,-0.14740525219470188,12.232913473076993,7.576528350795368,0.1355291707482889,12.838399366662156,3.9173803543435204,0.9298554537915366,0.9280767047309402,0.9380471237571543
1229,60,45,15,Mode,40,[   0   83  507  765 1099 1228 1692 1790 1912 1994 2120 2230],11,464,82,202.72727272727272,8139.945042136502,9.996145012699436,-0.14741666627721234,12.24010178550452,7.526818206365763,0.13470328187937583,12.783873874466405,3.9265711677785013,0.9347285695076086,0.9338011701739846,0.9430183417776341
1230,60,45,15,Median,40,[   0   83  606  765 1099 1228 1692 1790 1912 2184 2230],10,523,46,223.0,15757.052584865072,13.107398079748256,-0.12380998965586555,21.4694100967142,7.752128563183135,0.22028034355310744,17.70754230615296,3.746128002622125,0.9239900382133838,0.928910694737006,0.9398061574723883
1231,60,45,15,Mode,40,[   0   83  606  765 1099 1228 1692 1790 1912 2184 2230],10,523,46,223.0,15757.052584865072,13.107398079748256,-0.12380998965586555,21.4694100967142,7.752128563183135,0.22028034355310744,17.70754230615296,3.746128002622125,0.9239900382133838,0.928910694737006,0.9398061574723883
1232,60,45,20,Median,40,[   0  544 1790 2230],3,1246,440,743.3333333333334,17454.10970741317,6.735767740644276,-0.048461156309167926,19.824276716042803,6.35907296373914,0.10332896757567284,22.47069111583688,5.52531781556217,0.9033325037236016,0.9207455284004885,0.9528046220601147
1233,60,45,20,Mode,40,[   0  765 1692 2230],3,927,538,743.3333333333334,17980.78994586773,6.5235730442758175,-0.05796154646909037,19.469555689700815,7.125081279371572,0.08447658430508337,22.14017696462148,5.763758120704779,0.9967700840675007,0.9985015163788824,0.999023637583051
1234,60,45,20,Median,40,[   0  192 1790 2230],3,1598,192,743.3333333333334,18607.725531709,8.028626332036172,0.0701573612703833,20.890467141336597,7.6774322105844535,0.19641246576143406,26.849480230616564,4.459919470711717,0.8405851975688147,0.8878604218241892,0.9491375451896381
1235,60,45,20,Mode,40,[   0   83  765 1692 2230],4,927,83,557.5,12997.73077120982,6.856336997112223,-0.06973259541019927,15.002303231659551,10.177447955949322,0.12936652802113202,16.79419839908677,5.725676347606569,0.9851704845871618,0.9936642483774707,0.995725223627027
1236,60,45,20,Median,40,[   0  105  765 1104 1790 2230],5,686,105,446.0,8697.864111405293,6.211838500868144,-0.12240623251251974,11.657012016118816,11.935841861804352,0.06570124597814259,12.439451938922243,5.302442853878956,0.9366878503707373,0.9311260572876668,0.9479771699500138
1237,60,45,20,Mode,40,[   0   83  765 1099 1692 2230],5,682,83,446.0,8761.106844500313,6.356265708340116,-0.14002685500907427,12.05377130307934,11.40582943764026,0.06282360483249094,12.908869348600659,5.10912375435223,0.9858914692700032,0.9921241377346665,0.9940610340455417
1238,60,45,20,Median,40,[   0  105  765 1104 1692 1934 2230],6,660,105,371.6666666666667,7159.135270366189,6.441092515603563,-0.12632609331674388,11.00072189563212,9.818121100113112,0.07778022004996113,12.033253882413383,5.737691686018865,0.9935743924976468,0.9960455314223342,0.9968837509559306
1239,60,45,20,Mode,40,[   0   83  765 1099 1692 1912 2230],6,682,83,371.6666666666667,7476.825574951434,6.849429479260005,-0.13898987588818357,11.326936013698429,10.353375214710702,0.08681622471838754,12.30446182680161,5.45628003287316,0.9661180284497414,0.9779479846782039,0.982739301338751
1240,60,45,20,Median,40,[   0  105  507  765 1104 1692 1934 2230],7,588,105,318.57142857142856,6835.085098349937,6.525565336661448,-0.12958511652881735,10.54109427867365,7.851701945726937,0.08551446016391734,12.270438573857012,5.4333152737682555,0.9929031238500138,0.9960591448087971,0.9967292825296736
1241,60,45,20,Mode,40,[   0   83  507  765 1099 1692 1912 2230],7,593,83,318.57142857142856,7171.53642243718,6.884478691848327,-0.13979938360159613,10.839606103504458,8.181270180250044,0.09617565916549874,12.791173151573114,5.1886231564037,0.9686806298013945,0.9760229529122622,0.9801807890508978
1242,60,45,20,Median,40,[   0  105  507  765 1104 1692 1912 2120 2230],8,588,105,278.75,10593.302554909382,8.978103745885859,-0.1121961845498494,13.98740008882404,7.076872453830191,0.1111252138481394,13.628597650052596,4.482724843172609,0.9740048735027919,0.9817532385122175,0.9847018882836264
1243,60,45,20,Mode,40,[   0   83  507  765 1099 1692 1912 2120 2230],8,593,83,278.75,10593.439907297376,9.096774410754437,-0.12313764040417244,14.03963296983203,7.515979312645355,0.11503379410076563,13.84910393205235,4.395845095834283,0.9687782815657572,0.9776955214305822,0.9813597581259426
1244,60,45,20,Median,40,[   0  105  507  765 1099 1228 1692 1912 2120 2230],9,464,105,247.77777777777777,10922.44419304558,9.65552077493512,-0.13574392805838661,13.503134623267792,7.724258581921059,0.14635029315413736,16.068652965672438,3.864395630677733,0.9533383797752186,0.9488775842354177,0.956226711329348
1245,60,45,20,Mode,40,[   0   83  507  765 1099 1228 1692 1912 2120 2230],9,464,83,247.77777777777777,10953.106026363552,9.750929509288198,-0.13541374903257575,13.524397864978942,8.067347510086634,0.15131439519193685,16.154200718490422,3.8384400748583616,0.9498929544801648,0.9462250387010854,0.9539856335177697
1246,60,45,20,Median,40,[   0  105  507  765 1099 1228 1692 1790 1912 2120 2230],10,464,98,223.0,8872.85622572575,9.580293625064417,-0.13474132026054847,12.661917788746937,7.555451974657402,0.1516632655071915,13.214354976513672,4.118316280156285,0.9360855571540697,0.9334743776055744,0.9428290864699194
1247,60,45,20,Mode,40,[   0   83  507  765 1099 1228 1692 1790 1912 2120 2230],10,464,83,223.0,8900.111188675059,9.66510138893382,-0.1344100812513202,12.680907138241425,7.576007937555919,0.15607580065190219,13.290397423462991,4.095244674983511,0.9326374809028573,0.930966375235515,0.9407055340287629
1248,60,45,20,Median,40,[   0   83  512  765 1099 1228 1692 1790 1912 2120 2230],10,464,83,223.0,8921.633943222345,9.685712585840355,-0.13439646423877022,12.672973240424769,7.652996048811255,0.15699345495069444,13.350981303680495,4.085032660055755,0.9276418204585671,0.9253677013153948,0.9358710483625844
1249,60,45,20,Mode,40,[   0   83  507  765 1099 1228 1692 1790 1912 2120 2230],10,464,83,223.0,8900.111188675059,9.66510138893382,-0.1344100812513202,12.680907138241425,7.576007937555919,0.15607580065190219,13.290397423462991,4.095244674983511,0.9326374809028573,0.930966375235515,0.9407055340287629
1250,60,45,20,Median,40,[   0   83  512  765 1099 1228 1692 1790 1912 2120 2230],10,464,83,223.0,8921.633943222345,9.685712585840355,-0.13439646423877022,12.672973240424769,7.652996048811255,0.15699345495069444,13.350981303680495,4.085032660055755,0.9276418204585671,0.9253677013153948,0.9358710483625844
1251,60,45,20,Mode,40,[   0   83  507  765 1099 1228 1692 1790 1912 2120 2230],10,464,83,223.0,8900.111188675059,9.66510138893382,-0.1344100812513202,12.680907138241425,7.576007937555919,0.15607580065190219,13.290397423462991,4.095244674983511,0.9326374809028573,0.930966375235515,0.9407055340287629
1252,60,45,20,Median,40,[   0   83  512  765 1099 1228 1692 1790 1912 2120 2230],10,464,83,223.0,8921.633943222345,9.685712585840355,-0.13439646423877022,12.672973240424769,7.652996048811255,0.15699345495069444,13.350981303680495,4.085032660055755,0.9276418204585671,0.9253677013153948,0.9358710483625844
1253,60,45,20,Mode,40,[   0   83  507  765 1099 1228 1692 1790 1912 2120 2230],10,464,83,223.0,8900.111188675059,9.66510138893382,-0.1344100812513202,12.680907138241425,7.576007937555919,0.15607580065190219,13.290397423462991,4.095244674983511,0.9326374809028573,0.930966375235515,0.9407055340287629
1254,60,45,20,Median,40,[   0   83  512  765 1099 1228 1692 1790 1912 1994 2120 2230],11,464,82,202.72727272727272,8159.3155212290585,10.014695089915318,-0.14740525219470188,12.232913473076993,7.576528350795368,0.1355291707482889,12.838399366662156,3.9173803543435204,0.9298554537915366,0.9280767047309402,0.9380471237571543
1255,60,45,20,Mode,40,[   0   83  507  765 1099 1228 1692 1790 1912 1994 2120 2230],11,464,82,202.72727272727272,8139.945042136502,9.996145012699436,-0.14741666627721234,12.24010178550452,7.526818206365763,0.13470328187937583,12.783873874466405,3.9265711677785013,0.9347285695076086,0.9338011701739846,0.9430183417776341
1256,60,45,20,Median,40,[   0   83  512  765 1099 1228 1692 1790 1912 1994 2120 2230],11,464,82,202.72727272727272,8159.3155212290585,10.014695089915318,-0.14740525219470188,12.232913473076993,7.576528350795368,0.1355291707482889,12.838399366662156,3.9173803543435204,0.9298554537915366,0.9280767047309402,0.9380471237571543
1257,60,45,20,Mode,40,[   0   83  507  765 1099 1228 1331 1692 1790 1912 1994 2120 2230],12,424,82,185.83333333333334,7343.01664911705,9.613775957069974,-0.15012625061620932,11.391406120361681,7.976516504785809,0.11368347328183682,11.324986202265462,3.935284503012554,0.9412711027995739,0.9471307516771814,0.9533904961164202
1258,60,45,20,Median,40,[   0   83  507  606  765 1099 1228 1692 1790 1912 1994 2120 2230],12,464,82,185.83333333333334,7507.017790188192,9.842121552359135,-0.14464774799170985,11.475719917363664,8.010105750419791,0.12891659019659646,12.115870492434965,3.883958723984921,0.9369973407422872,0.93150058416344,0.940619621820394
1259,60,45,20,Mode,40,[   0   83  507  606  765 1099 1228 1331 1692 1790 1912 1994 2120 2230],13,424,82,171.53846153846155,6829.2440342493865,9.504451873060487,-0.1473484059774374,10.76201023664189,8.306593265278744,0.11013065662241732,10.834223741420052,3.895496984932269,0.94321408497839,0.9450381116376737,0.9511989372569951
1260,60,50,10,Median,40,[   0  477 1912 2230],3,1435,318,743.3333333333334,11106.97049923328,5.999529219699338,-0.03912806508202723,12.516274392692203,6.818511948032392,0.09173701723371563,14.489978494036865,6.085175080085085,0.946807263425188,0.9678077458368104,0.9834617436161951
1261,60,50,10,Mode,40,[   0  178 1692 2230],3,1514,178,743.3333333333334,17921.266127169194,7.492693646328467,0.04793747206431498,20.215853826837176,7.648436109591668,0.18142839580695383,25.97458845873004,4.64103038118251,0.9869391197210257,0.9945513874200471,0.9974215010193251
1262,60,50,10,Median,40,[   0  178 1912 2230],3,1734,178,743.3333333333334,10218.027515910373,6.542706111160358,0.0531157147169838,11.700893478793736,7.345111565510696,0.15612130939715546,13.900420948687408,5.542685740396115,0.9169914498098245,0.9543404417795419,0.9835742124875685
1263,60,50,10,Mode,40,[   0  178 1692 2230],3,1514,178,743.3333333333334,17921.266127169194,7.492693646328467,0.04793747206431498,20.215853826837176,7.648436109591668,0.18142839580695383,25.97458845873004,4.64103038118251,0.9869391197210257,0.9945513874200471,0.9974215010193251
1264,60,50,10,Median,40,[   0  178  765 1692 1934 2230],5,927,178,446.0,8541.985110412541,6.370317656507075,-0.07164228311788294,12.797610264151576,8.400507973818486,0.10004247817760245,14.447640206071105,6.579030027409562,0.9908084967278138,0.9954358148201612,0.9967053899887169
1265,60,50,10,Mode,40,[   0  178  507 1692 1934 2230],5,1185,178,446.0,8027.639073509026,6.210985335287769,-0.09378484930562367,13.08522327078328,7.499498520556784,0.08928881951506211,13.834060339860967,6.329429808130378,0.9905789558171442,0.9968429260397934,0.9979164207501885
1266,60,50,10,Median,40,[   0  178  507  885 1692 1934 2230],6,807,178,371.6666666666667,7498.522514674603,6.124809783844379,-0.10427956294829184,11.348243371504154,7.575629258158254,0.07913734389919269,13.236405295144214,6.1355609193984355,0.9875643185071783,0.9925981185540539,0.9942079401211502
1267,60,50,10,Mode,40,[   0  178  507  885 1692 1934 2230],6,807,178,371.6666666666667,7498.522514674603,6.124809783844379,-0.10427956294829184,11.348243371504154,7.575629258158254,0.07913734389919269,13.236405295144214,6.1355609193984355,0.9875643185071783,0.9925981185540539,0.9942079401211502
1268,60,50,10,Median,40,[   0  507 1692 1934 2184 2230],5,1185,46,446.0,30630.345777939016,17.651515650913716,-0.023131403026740025,39.59487236211875,5.232938837818219,0.23374117494014102,26.107367255763855,3.880456670076068,0.98158331889959,0.9950649832930415,0.9968330720625695
1269,60,50,10,Mode,40,[   0  507 1692 1934 2184 2230],5,1185,46,446.0,30630.345777939016,17.651515650913716,-0.023131403026740025,39.59487236211875,5.232938837818219,0.23374117494014102,26.107367255763855,3.880456670076068,0.98158331889959,0.9950649832930415,0.9968330720625695
1270,60,50,10,Median,40,[   0  507 1692 1934 2184 2230],5,1185,46,446.0,30630.345777939016,17.651515650913716,-0.023131403026740025,39.59487236211875,5.232938837818219,0.23374117494014102,26.107367255763855,3.880456670076068,0.98158331889959,0.9950649832930415,0.9968330720625695
1271,60,50,10,Mode,40,[   0  507 1692 1934 2184 2230],5,1185,46,446.0,30630.345777939016,17.651515650913716,-0.023131403026740025,39.59487236211875,5.232938837818219,0.23374117494014102,26.107367255763855,3.880456670076068,0.98158331889959,0.9950649832930415,0.9968330720625695
1272,60,50,10,Median,40,[   0  507 1692 1934 2184 2230],5,1185,46,446.0,30630.345777939016,17.651515650913716,-0.023131403026740025,39.59487236211875,5.232938837818219,0.23374117494014102,26.107367255763855,3.880456670076068,0.98158331889959,0.9950649832930415,0.9968330720625695
1273,60,50,10,Mode,40,[   0  507 1692 1934 2184 2230],5,1185,46,446.0,30630.345777939016,17.651515650913716,-0.023131403026740025,39.59487236211875,5.232938837818219,0.23374117494014102,26.107367255763855,3.880456670076068,0.98158331889959,0.9950649832930415,0.9968330720625695
1274,60,50,10,Median,40,[   0  507 1692 1934 2184 2230],5,1185,46,446.0,30630.345777939016,17.651515650913716,-0.023131403026740025,39.59487236211875,5.232938837818219,0.23374117494014102,26.107367255763855,3.880456670076068,0.98158331889959,0.9950649832930415,0.9968330720625695
1275,60,50,10,Mode,40,[   0  507 1692 1934 2184 2230],5,1185,46,446.0,30630.345777939016,17.651515650913716,-0.023131403026740025,39.59487236211875,5.232938837818219,0.23374117494014102,26.107367255763855,3.880456670076068,0.98158331889959,0.9950649832930415,0.9968330720625695
1276,60,50,10,Median,40,[   0  507 1692 1934 2184 2230],5,1185,46,446.0,30630.345777939016,17.651515650913716,-0.023131403026740025,39.59487236211875,5.232938837818219,0.23374117494014102,26.107367255763855,3.880456670076068,0.98158331889959,0.9950649832930415,0.9968330720625695
1277,60,50,10,Mode,40,[   0   83  507  765 1692 1790 1934 2184 2230],8,927,46,278.75,17015.560081340074,13.135227037261242,-0.059322997165180136,24.98088140631717,6.499924437892331,0.1973025576335348,14.359782327518818,4.525953428484349,0.9518062467131227,0.978415352303858,0.9836550011003723
1278,60,50,10,Median,40,[   0   83  507  765 1099 1384 1692 1778 1934 2184 2230],10,424,46,223.0,14172.29354719135,11.606982261565918,-0.13475271564978222,20.29751890004197,7.98922057096144,0.15447519479872598,13.865997925641889,4.402320419240215,0.9334885973957954,0.9188977258280001,0.9293336563246056
1279,60,50,10,Mode,40,[   0   83  507  765 1099 1384 1692 1790 1934 2184 2230],10,424,46,223.0,14282.30759300267,11.637357842123901,-0.13465280391969867,20.344807898889506,7.862629876577633,0.15307560823187416,13.946336573348573,4.379966393605247,0.9313591979696724,0.9157582703137407,0.9265920106784651
1280,60,50,10,Median,40,[   0   83  507  765 1099 1384 1692 1778 1934 2184 2230],10,424,46,223.0,14172.29354719135,11.606982261565918,-0.13475271564978222,20.29751890004197,7.98922057096144,0.15447519479872598,13.865997925641889,4.402320419240215,0.9334885973957954,0.9188977258280001,0.9293336563246056
1281,60,50,10,Mode,40,[   0   83  507  765 1099 1384 1692 1790 1934 2184 2230],10,424,46,223.0,14282.30759300267,11.637357842123901,-0.13465280391969867,20.344807898889506,7.862629876577633,0.15307560823187416,13.946336573348573,4.379966393605247,0.9313591979696724,0.9157582703137407,0.9265920106784651
1282,60,50,10,Median,40,[   0   83  507  765 1099 1384 1692 1778 1934 2184 2230],10,424,46,223.0,14172.29354719135,11.606982261565918,-0.13475271564978222,20.29751890004197,7.98922057096144,0.15447519479872598,13.865997925641889,4.402320419240215,0.9334885973957954,0.9188977258280001,0.9293336563246056
1283,60,50,10,Mode,40,[   0   83  507  765 1099 1384 1692 1790 1934 2184 2230],10,424,46,223.0,14282.30759300267,11.637357842123901,-0.13465280391969867,20.344807898889506,7.862629876577633,0.15307560823187416,13.946336573348573,4.379966393605247,0.9313591979696724,0.9157582703137407,0.9265920106784651
1284,60,50,10,Median,40,[   0   83  507  765 1080 1384 1692 1778 1934 2184 2230],10,424,46,223.0,14092.087652767734,11.552775681994019,-0.13189944066831796,20.2654021981462,7.667732382072886,0.15137520090215645,13.624357098287705,4.4472516549647505,0.9191211600777119,0.8984080239154546,0.9114695809586428
1285,60,50,10,Mode,40,[   0   83  507  765 1099 1384 1692 1790 1934 2184 2230],10,424,46,223.0,14282.30759300267,11.637357842123901,-0.13465280391969867,20.344807898889506,7.862629876577633,0.15307560823187416,13.946336573348573,4.379966393605247,0.9313591979696724,0.9157582703137407,0.9265920106784651
1286,60,50,10,Median,40,[   0   83  507  765 1080 1384 1692 1778 1934 2184 2230],10,424,46,223.0,14092.087652767734,11.552775681994019,-0.13189944066831796,20.2654021981462,7.667732382072886,0.15137520090215645,13.624357098287705,4.4472516549647505,0.9191211600777119,0.8984080239154546,0.9114695809586428
1287,60,50,10,Mode,40,[   0   83  507  765 1099 1384 1692 1790 1934 2184 2230],10,424,46,223.0,14282.30759300267,11.637357842123901,-0.13465280391969867,20.344807898889506,7.862629876577633,0.15307560823187416,13.946336573348573,4.379966393605247,0.9313591979696724,0.9157582703137407,0.9265920106784651
1288,60,50,15,Median,40,[   0  512 1790 2230],3,1278,440,743.3333333333334,18275.536777466794,6.963216411109022,-0.03849548340870608,20.41649630197715,6.102916742924276,0.11266774780719488,24.172203175044523,5.23525048012506,0.8920618588215655,0.9141135080506239,0.9496517003495843
1289,60,50,15,Mode,40,[   0  765 1692 2230],3,927,538,743.3333333333334,17980.78994586773,6.5235730442758175,-0.05796154646909037,19.469555689700815,7.125081279371572,0.08447658430508337,22.14017696462148,5.763758120704779,0.9967700840675007,0.9985015163788824,0.999023637583051
1290,60,50,15,Median,40,[   0  192 1790 2230],3,1598,192,743.3333333333334,18607.725531709,8.028626332036172,0.0701573612703833,20.890467141336597,7.6774322105844535,0.19641246576143406,26.849480230616564,4.459919470711717,0.8405851975688147,0.8878604218241892,0.9491375451896381
1291,60,50,15,Mode,40,[   0   83  765 1692 2230],4,927,83,557.5,12997.73077120982,6.856336997112223,-0.06973259541019927,15.002303231659551,10.177447955949322,0.12936652802113202,16.79419839908677,5.725676347606569,0.9851704845871618,0.9936642483774707,0.995725223627027
1292,60,50,15,Median,40,[   0  105  606 1099 1790 2230],5,691,105,446.0,7996.542078549783,5.704410843153039,-0.09600922270288054,11.428529239301632,10.759912848891515,0.07943149433732488,11.021182018025552,6.545078440953522,0.9376698842546408,0.9291779993816693,0.9457962961192119
1293,60,50,15,Mode,40,[   0   83  765 1099 1692 2230],5,682,83,446.0,8761.106844500313,6.356265708340116,-0.14002685500907427,12.05377130307934,11.40582943764026,0.06282360483249094,12.908869348600659,5.10912375435223,0.9858914692700032,0.9921241377346665,0.9940610340455417
1294,60,50,15,Median,40,[   0  105  606 1099 1692 1934 2230],6,593,105,371.6666666666667,6595.70565927074,6.0428748986642855,-0.09544830312735754,10.757135312481335,9.882747423527906,0.08502532414695661,10.669824154031632,6.681055197351105,0.9937382727166468,0.9963819505353643,0.9971117180335666
1295,60,50,15,Mode,40,[   0   83  765 1099 1692 1912 2230],6,682,83,371.6666666666667,7476.825574951434,6.849429479260005,-0.13898987588818357,11.326936013698429,10.353375214710702,0.08681622471838754,12.30446182680161,5.45628003287316,0.9661180284497414,0.9779479846782039,0.982739301338751
1296,60,50,15,Median,40,[   0  105  507  765 1105 1692 1934 2230],7,587,105,318.57142857142856,6803.599707191147,6.506677727381406,-0.12124325031438189,10.546461274071968,7.8288216798948795,0.08742049410512194,12.105567672718118,5.464509414709387,0.991173095229518,0.9947371666400397,0.9956320104702994
1297,60,50,15,Mode,40,[   0   83  507  765 1099 1692 1912 2230],7,593,83,318.57142857142856,7171.53642243718,6.884478691848327,-0.13979938360159613,10.839606103504458,8.181270180250044,0.09617565916549874,12.791173151573114,5.1886231564037,0.9686806298013945,0.9760229529122622,0.9801807890508978
1298,60,50,15,Median,40,[   0  105  507  765 1105 1692 1912 2120 2230],8,587,105,278.75,10566.45776348605,8.961959325016604,-0.10351640020345286,13.99213898015733,7.056852221227142,0.11279173304419486,13.497758592904777,4.509709389595291,0.9723529551700231,0.9803727470354555,0.9835439696033152
1299,60,50,15,Mode,40,[   0   83  507  765 1099 1692 1912 2120 2230],8,593,83,278.75,10593.439907297376,9.096774410754437,-0.12313764040417244,14.03963296983203,7.515979312645355,0.11503379410076563,13.84910393205235,4.395845095834283,0.9687782815657572,0.9776955214305822,0.9813597581259426
1300,60,50,15,Median,40,[   0  105  507  765 1099 1228 1692 1912 2120 2230],9,464,105,247.77777777777777,10922.44419304558,9.65552077493512,-0.13574392805838661,13.503134623267792,7.724258581921059,0.14635029315413736,16.068652965672438,3.864395630677733,0.9533383797752186,0.9488775842354177,0.956226711329348
1301,60,50,15,Mode,40,[   0   83  507  765 1099 1228 1692 1912 2120 2230],9,464,83,247.77777777777777,10953.106026363552,9.750929509288198,-0.13541374903257575,13.524397864978942,8.067347510086634,0.15131439519193685,16.154200718490422,3.8384400748583616,0.9498929544801648,0.9462250387010854,0.9539856335177697
1302,60,50,15,Median,40,[   0  105  507  765 1099 1228 1692 1790 1912 2120 2230],10,464,98,223.0,8872.85622572575,9.580293625064417,-0.13474132026054847,12.661917788746937,7.555451974657402,0.1516632655071915,13.214354976513672,4.118316280156285,0.9360855571540697,0.9334743776055744,0.9428290864699194
1303,60,50,15,Mode,40,[   0   83  507  765 1099 1228 1692 1790 1912 2120 2230],10,464,83,223.0,8900.111188675059,9.66510138893382,-0.1344100812513202,12.680907138241425,7.576007937555919,0.15607580065190219,13.290397423462991,4.095244674983511,0.9326374809028573,0.930966375235515,0.9407055340287629
1304,60,50,15,Median,40,[   0  105  507  765 1099 1228 1692 1790 1912 2120 2230],10,464,98,223.0,8872.85622572575,9.580293625064417,-0.13474132026054847,12.661917788746937,7.555451974657402,0.1516632655071915,13.214354976513672,4.118316280156285,0.9360855571540697,0.9334743776055744,0.9428290864699194
1305,60,50,15,Mode,40,[   0   83  507  765 1099 1228 1692 1790 1912 2120 2230],10,464,83,223.0,8900.111188675059,9.66510138893382,-0.1344100812513202,12.680907138241425,7.576007937555919,0.15607580065190219,13.290397423462991,4.095244674983511,0.9326374809028573,0.930966375235515,0.9407055340287629
1306,60,50,15,Median,40,[   0   83  507  765 1099 1228 1692 1790 1912 2120 2230],10,464,83,223.0,8900.111188675059,9.66510138893382,-0.1344100812513202,12.680907138241425,7.576007937555919,0.15607580065190219,13.290397423462991,4.095244674983511,0.9326374809028573,0.930966375235515,0.9407055340287629
1307,60,50,15,Mode,40,[   0   83  507  765 1099 1228 1692 1790 1912 2120 2230],10,464,83,223.0,8900.111188675059,9.66510138893382,-0.1344100812513202,12.680907138241425,7.576007937555919,0.15607580065190219,13.290397423462991,4.095244674983511,0.9326374809028573,0.930966375235515,0.9407055340287629
1308,60,50,15,Median,40,[   0   83  507  765 1099 1228 1692 1790 1912 2120 2230],10,464,83,223.0,8900.111188675059,9.66510138893382,-0.1344100812513202,12.680907138241425,7.576007937555919,0.15607580065190219,13.290397423462991,4.095244674983511,0.9326374809028573,0.930966375235515,0.9407055340287629
1309,60,50,15,Mode,40,[   0   83  507  765 1099 1228 1692 1790 1912 2120 2230],10,464,83,223.0,8900.111188675059,9.66510138893382,-0.1344100812513202,12.680907138241425,7.576007937555919,0.15607580065190219,13.290397423462991,4.095244674983511,0.9326374809028573,0.930966375235515,0.9407055340287629
1310,60,50,15,Median,40,[   0   83  507  765 1099 1228 1692 1790 1912 2120 2230],10,464,83,223.0,8900.111188675059,9.66510138893382,-0.1344100812513202,12.680907138241425,7.576007937555919,0.15607580065190219,13.290397423462991,4.095244674983511,0.9326374809028573,0.930966375235515,0.9407055340287629
1311,60,50,15,Mode,40,[   0   83  507  765 1099 1228 1692 1790 1912 2120 2230],10,464,83,223.0,8900.111188675059,9.66510138893382,-0.1344100812513202,12.680907138241425,7.576007937555919,0.15607580065190219,13.290397423462991,4.095244674983511,0.9326374809028573,0.930966375235515,0.9407055340287629
1312,60,50,15,Median,40,[   0   83  507  765 1099 1228 1692 1790 1912 2120 2230],10,464,83,223.0,8900.111188675059,9.66510138893382,-0.1344100812513202,12.680907138241425,7.576007937555919,0.15607580065190219,13.290397423462991,4.095244674983511,0.9326374809028573,0.930966375235515,0.9407055340287629
1313,60,50,15,Mode,40,[   0   83  507  765 1099 1228 1692 1790 1912 2120 2230],10,464,83,223.0,8900.111188675059,9.66510138893382,-0.1344100812513202,12.680907138241425,7.576007937555919,0.15607580065190219,13.290397423462991,4.095244674983511,0.9326374809028573,0.930966375235515,0.9407055340287629
1314,60,50,15,Median,40,[   0   83  507  606  765 1099 1228 1692 1790 1912 2120 2230],11,464,83,202.72727272727272,8127.874596878062,9.528779944936051,-0.13190126705659072,11.793794429688079,8.098758919143027,0.14757318792359223,12.50494134832875,4.031503636090073,0.9350460617649843,0.9286299222834179,0.9382554570037487
1315,60,50,15,Mode,40,[   0   83  507  606  765 1099 1228 1692 1790 1912 2120 2230],11,464,83,202.72727272727272,8127.874596878062,9.528779944936051,-0.13190126705659072,11.793794429688079,8.098758919143027,0.14757318792359223,12.50494134832875,4.031503636090073,0.9350460617649843,0.9286299222834179,0.9382554570037487
1316,60,50,20,Median,40,[   0  544 1790 2230],3,1246,440,743.3333333333334,17454.10970741317,6.735767740644276,-0.048461156309167926,19.824276716042803,6.35907296373914,0.10332896757567284,22.47069111583688,5.52531781556217,0.9033325037236016,0.9207455284004885,0.9528046220601147
1317,60,50,20,Mode,40,[   0  765 1692 2230],3,927,538,743.3333333333334,17980.78994586773,6.5235730442758175,-0.05796154646909037,19.469555689700815,7.125081279371572,0.08447658430508337,22.14017696462148,5.763758120704779,0.9967700840675007,0.9985015163788824,0.999023637583051
1318,60,50,20,Median,40,[   0  231 1790 2230],3,1559,231,743.3333333333334,17994.10993590358,7.538919399069967,0.05485638511345704,20.182558442095818,7.358817426387186,0.18584091215650533,25.54505518864177,4.799600362968252,0.8820268021256219,0.9108443199609235,0.9579971079975025
1319,60,50,20,Mode,40,[   0   83  765 1692 2230],4,927,83,557.5,12997.73077120982,6.856336997112223,-0.06973259541019927,15.002303231659551,10.177447955949322,0.12936652802113202,16.79419839908677,5.725676347606569,0.9851704845871618,0.9936642483774707,0.995725223627027
1320,60,50,20,Median,40,[   0  105  668 1104 1790 2230],5,686,105,446.0,7884.744955718571,5.644306845003967,-0.09012019377768453,11.144445876872975,12.115766455046792,0.07873553428263377,10.466465449892738,6.601438605700534,0.9183881421851865,0.9133175462929202,0.9337911356878852
1321,60,50,20,Mode,40,[   0   83  765 1099 1692 2230],5,682,83,446.0,8761.106844500313,6.356265708340116,-0.14002685500907427,12.05377130307934,11.40582943764026,0.06282360483249094,12.908869348600659,5.10912375435223,0.9858914692700032,0.9921241377346665,0.9940610340455417
1322,60,50,20,Median,40,[   0  105  668 1104 1692 1934 2230],6,588,105,371.6666666666667,6571.018296196938,6.020617589962925,-0.09689686712026481,10.587817730266147,10.299427517457435,0.08576327524565992,10.45418348820903,6.69792670742242,0.9765162873599867,0.9779426008426966,0.9824377355170892
1323,60,50,20,Mode,40,[   0   83  765 1099 1692 1912 2230],6,682,83,371.6666666666667,7476.825574951434,6.849429479260005,-0.13898987588818357,11.326936013698429,10.353375214710702,0.08681622471838754,12.30446182680161,5.45628003287316,0.9661180284497414,0.9779479846782039,0.982739301338751
1324,60,50,20,Median,40,[   0  105  507  765 1104 1692 1934 2230],7,588,105,318.57142857142856,6835.085098349937,6.525565336661448,-0.12958511652881735,10.54109427867365,7.851701945726937,0.08551446016391734,12.270438573857012,5.4333152737682555,0.9929031238500138,0.9960591448087971,0.9967292825296736
1325,60,50,20,Mode,40,[   0   83  507  765 1099 1692 1912 2230],7,593,83,318.57142857142856,7171.53642243718,6.884478691848327,-0.13979938360159613,10.839606103504458,8.181270180250044,0.09617565916549874,12.791173151573114,5.1886231564037,0.9686806298013945,0.9760229529122622,0.9801807890508978
1326,60,50,20,Median,40,[   0  105  507  765 1104 1692 1912 2120 2230],8,588,105,278.75,10593.302554909382,8.978103745885859,-0.1121961845498494,13.98740008882404,7.076872453830191,0.1111252138481394,13.628597650052596,4.482724843172609,0.9740048735027919,0.9817532385122175,0.9847018882836264
1327,60,50,20,Mode,40,[   0   83  507  765 1099 1692 1912 2120 2230],8,593,83,278.75,10593.439907297376,9.096774410754437,-0.12313764040417244,14.03963296983203,7.515979312645355,0.11503379410076563,13.84910393205235,4.395845095834283,0.9687782815657572,0.9776955214305822,0.9813597581259426
1328,60,50,20,Median,40,[   0  105  507  765 1099 1228 1692 1912 2120 2230],9,464,105,247.77777777777777,10922.44419304558,9.65552077493512,-0.13574392805838661,13.503134623267792,7.724258581921059,0.14635029315413736,16.068652965672438,3.864395630677733,0.9533383797752186,0.9488775842354177,0.956226711329348
1329,60,50,20,Mode,40,[   0   83  507  765 1099 1228 1692 1912 2120 2230],9,464,83,247.77777777777777,10953.106026363552,9.750929509288198,-0.13541374903257575,13.524397864978942,8.067347510086634,0.15131439519193685,16.154200718490422,3.8384400748583616,0.9498929544801648,0.9462250387010854,0.9539856335177697
1330,60,50,20,Median,40,[   0  105  507  765 1099 1228 1692 1790 1912 2120 2230],10,464,98,223.0,8872.85622572575,9.580293625064417,-0.13474132026054847,12.661917788746937,7.555451974657402,0.1516632655071915,13.214354976513672,4.118316280156285,0.9360855571540697,0.9334743776055744,0.9428290864699194
1331,60,50,20,Mode,40,[   0   83  507  765 1099 1228 1692 1790 1912 2120 2230],10,464,83,223.0,8900.111188675059,9.66510138893382,-0.1344100812513202,12.680907138241425,7.576007937555919,0.15607580065190219,13.290397423462991,4.095244674983511,0.9326374809028573,0.930966375235515,0.9407055340287629
1332,60,50,20,Median,40,[   0   83  507  765 1099 1228 1692 1790 1912 2120 2230],10,464,83,223.0,8900.111188675059,9.66510138893382,-0.1344100812513202,12.680907138241425,7.576007937555919,0.15607580065190219,13.290397423462991,4.095244674983511,0.9326374809028573,0.930966375235515,0.9407055340287629
1333,60,50,20,Mode,40,[   0   83  507  765 1099 1228 1692 1790 1912 2120 2230],10,464,83,223.0,8900.111188675059,9.66510138893382,-0.1344100812513202,12.680907138241425,7.576007937555919,0.15607580065190219,13.290397423462991,4.095244674983511,0.9326374809028573,0.930966375235515,0.9407055340287629
1334,60,50,20,Median,40,[   0   83  507  765 1099 1228 1692 1790 1912 2120 2230],10,464,83,223.0,8900.111188675059,9.66510138893382,-0.1344100812513202,12.680907138241425,7.576007937555919,0.15607580065190219,13.290397423462991,4.095244674983511,0.9326374809028573,0.930966375235515,0.9407055340287629
1335,60,50,20,Mode,40,[   0   83  507  765 1099 1228 1692 1790 1912 2120 2230],10,464,83,223.0,8900.111188675059,9.66510138893382,-0.1344100812513202,12.680907138241425,7.576007937555919,0.15607580065190219,13.290397423462991,4.095244674983511,0.9326374809028573,0.930966375235515,0.9407055340287629
1336,60,50,20,Median,40,[   0   83  507  765 1099 1228 1692 1790 1912 2120 2230],10,464,83,223.0,8900.111188675059,9.66510138893382,-0.1344100812513202,12.680907138241425,7.576007937555919,0.15607580065190219,13.290397423462991,4.095244674983511,0.9326374809028573,0.930966375235515,0.9407055340287629
1337,60,50,20,Mode,40,[   0   83  507  765 1099 1228 1692 1790 1912 2120 2230],10,464,83,223.0,8900.111188675059,9.66510138893382,-0.1344100812513202,12.680907138241425,7.576007937555919,0.15607580065190219,13.290397423462991,4.095244674983511,0.9326374809028573,0.930966375235515,0.9407055340287629
1338,60,50,20,Median,40,[   0   83  192  507  765 1099 1228 1692 1790 1912 1994 2120 2230],12,464,82,185.83333333333334,7210.458277694421,9.307760804346241,-0.1470236551782406,11.305477963747816,7.844571251522953,0.11286617611333621,11.281334088505039,4.287977150252609,0.927799804411999,0.9195725169926487,0.9296149335893211
1339,60,50,20,Mode,40,[   0   83  507  765 1099 1228 1331 1692 1790 1912 1994 2120 2230],12,424,82,185.83333333333334,7343.01664911705,9.613775957069974,-0.15012625061620932,11.391406120361681,7.976516504785809,0.11368347328183682,11.324986202265462,3.935284503012554,0.9412711027995739,0.9471307516771814,0.9533904961164202
1340,60,50,20,Median,40,[   0   83  192  507  765 1099 1228 1692 1790 1912 1994 2120 2230],12,464,82,185.83333333333334,7210.458277694421,9.307760804346241,-0.1470236551782406,11.305477963747816,7.844571251522953,0.11286617611333621,11.281334088505039,4.287977150252609,0.927799804411999,0.9195725169926487,0.9296149335893211
1341,60,50,20,Mode,40,[   0   83  507  765 1099 1228 1331 1692 1790 1912 1994 2120 2230],12,424,82,185.83333333333334,7343.01664911705,9.613775957069974,-0.15012625061620932,11.391406120361681,7.976516504785809,0.11368347328183682,11.324986202265462,3.935284503012554,0.9412711027995739,0.9471307516771814,0.9533904961164202
1342,60,50,20,Median,40,"[   0   83  192  507  606  765 1099 1228 1384 1692 1790 1912 1994 2120
 2230]",14,334,82,159.28571428571428,6177.955287160962,8.794888181274477,-0.14849424263124417,9.984813329467666,8.93659638556224,0.09228792255381503,9.584322978432084,4.379635753119852,0.9155779233631658,0.8794873241453006,0.8913391359135172
1343,60,50,20,Mode,40,[   0   83  507  606  765 1099 1228 1331 1692 1790 1912 1994 2120 2230],13,424,82,171.53846153846155,6829.2440342493865,9.504451873060487,-0.1473484059774374,10.76201023664189,8.306593265278744,0.11013065662241732,10.834223741420052,3.895496984932269,0.94321408497839,0.9450381116376737,0.9511989372569951
