,St_len_min,K_nb_max,N_cl_max,Cl_cen,Len_min,St_edges,N_stages,Longest_stage,Shortest_stage,Avg_stage_length,Ward_dist,Cen_dist,Silh,Cal-Har,Dav-Bold,Avg-Silh,Avg-Cal-Har,Avg-Dav-Bold,AMI,ARI,FMI
0,0,35,10,Median,40,[   0  766 1528],2,766,762,764.0,8441.598808918785,4.700912426360454,0.011989245556723245,10.373717647025826,8.438867162087996,0.011989245556723245,10.373717647025826,8.438867162087996,0.9763758342217193,0.9895493635333533,0.9947712956482359
1,0,35,10,Mode,40,[   0  635 1528],2,893,635,764.0,6383.12200961532,4.147301969154902,0.013988953017794396,7.8311137928299335,9.661089712516961,0.013988953017794396,7.8311137928299335,9.661089712516961,0.7440369636209629,0.7986464166234153,0.9046727242760013
2,0,35,10,Median,40,[   0  765 1064 1528],3,765,299,509.3333333333333,17160.349319722314,9.28205770815656,-0.008083885791600649,19.242935626475827,5.452078837741216,0.07266481331107423,25.57939571653037,4.4846131295068385,0.980457299954798,0.9914545358613507,0.9947050667222724
3,0,35,10,Mode,40,[   0  635 1064 1528],3,635,429,509.3333333333333,11574.983232858935,6.765591302503952,-0.013147370559823934,14.952491351133492,7.725551159992844,0.03471658765763119,18.00558133508816,6.59712210067069,0.8524204798690712,0.8446088992611659,0.8973423568311458
4,0,35,10,Median,40,[   0  635  766 1064 1528],4,635,131,382.0,12055.82771405588,9.175869731690241,-0.027269821512922503,14.341835981809018,6.139818591065258,0.0489238970656021,19.97647338884222,4.611748644265265,0.8866216731164746,0.8799357301573679,0.9164132352005578
5,0,35,10,Mode,40,[   0  635  765 1064 1528],4,635,130,382.0,11908.866674574514,9.091726452095822,-0.04357837716159649,14.296555453685112,6.152755775196334,0.035283798280349436,19.019138334029005,4.6127331306227575,0.8886490784405422,0.8808135250031982,0.9170512022366772
6,0,35,10,Median,40,[   0  766  891 1064 1528],4,766,125,382.0,33731.80935637578,17.886153692932314,-0.02140507591347204,29.193417934194425,5.506796302670856,0.19605761993713788,68.43465078916269,2.2675377194895283,0.9510764651853058,0.9823881582643796,0.9887678989609175
7,0,35,10,Mode,40,[   0  765  891 1064 1528],4,765,126,382.0,34037.555133539434,17.97113452314933,-0.014581922020022767,29.436979112608842,5.478983673210901,0.2041112139943976,64.87388881037373,2.3010252447217145,0.9535580544544162,0.9839598522603572,0.9897653578527297
8,0,35,10,Median,40,[   0  765  891 1064 1528],4,765,126,382.0,34037.555133539434,17.97113452314933,-0.014581922020022767,29.436979112608842,5.478983673210901,0.2041112139943976,64.87388881037373,2.3010252447217145,0.9535580544544162,0.9839598522603572,0.9897653578527297
9,0,35,10,Mode,40,[   0  765  891 1064 1528],4,765,126,382.0,34037.555133539434,17.97113452314933,-0.014581922020022767,29.436979112608842,5.478983673210901,0.2041112139943976,64.87388881037373,2.3010252447217145,0.9535580544544162,0.9839598522603572,0.9897653578527297
10,0,35,10,Median,40,[   0  765  891 1064 1528],4,765,126,382.0,34037.555133539434,17.97113452314933,-0.014581922020022767,29.436979112608842,5.478983673210901,0.2041112139943976,64.87388881037373,2.3010252447217145,0.9535580544544162,0.9839598522603572,0.9897653578527297
11,0,35,10,Mode,40,[   0  765  891 1064 1528],4,765,126,382.0,34037.555133539434,17.97113452314933,-0.014581922020022767,29.436979112608842,5.478983673210901,0.2041112139943976,64.87388881037373,2.3010252447217145,0.9535580544544162,0.9839598522603572,0.9897653578527297
12,0,35,10,Median,40,[   0  765  891 1064 1528],4,765,126,382.0,34037.555133539434,17.97113452314933,-0.014581922020022767,29.436979112608842,5.478983673210901,0.2041112139943976,64.87388881037373,2.3010252447217145,0.9535580544544162,0.9839598522603572,0.9897653578527297
13,0,35,10,Mode,40,[   0  765  891 1064 1528],4,765,126,382.0,34037.555133539434,17.97113452314933,-0.014581922020022767,29.436979112608842,5.478983673210901,0.2041112139943976,64.87388881037373,2.3010252447217145,0.9535580544544162,0.9839598522603572,0.9897653578527297
14,0,35,10,Median,40,[   0  765  891 1069 1528],4,765,126,382.0,34444.557603905174,17.94894391597637,-0.013248238480967381,29.952815852438807,5.477229286564666,0.20503423848715538,64.66837233929219,2.319016607388054,0.9417439472734537,0.9781164172480685,0.9860242071657908
15,0,35,10,Mode,40,[   0  765  891 1069 1528],4,765,126,382.0,34444.557603905174,17.94894391597637,-0.013248238480967381,29.952815852438807,5.477229286564666,0.20503423848715538,64.66837233929219,2.319016607388054,0.9417439472734537,0.9781164172480685,0.9860242071657908
16,0,35,10,Median,40,[   0  765  891 1069 1528],4,765,126,382.0,34444.557603905174,17.94894391597637,-0.013248238480967381,29.952815852438807,5.477229286564666,0.20503423848715538,64.66837233929219,2.319016607388054,0.9417439472734537,0.9781164172480685,0.9860242071657908
17,0,35,10,Mode,40,[   0  765  891 1069 1528],4,765,126,382.0,34444.557603905174,17.94894391597637,-0.013248238480967381,29.952815852438807,5.477229286564666,0.20503423848715538,64.66837233929219,2.319016607388054,0.9417439472734537,0.9781164172480685,0.9860242071657908
18,0,35,10,Median,40,[   0  765  891 1069 1528],4,765,126,382.0,34444.557603905174,17.94894391597637,-0.013248238480967381,29.952815852438807,5.477229286564666,0.20503423848715538,64.66837233929219,2.319016607388054,0.9417439472734537,0.9781164172480685,0.9860242071657908
19,0,35,10,Mode,40,[   0  765  891 1069 1528],4,765,126,382.0,34444.557603905174,17.94894391597637,-0.013248238480967381,29.952815852438807,5.477229286564666,0.20503423848715538,64.66837233929219,2.319016607388054,0.9417439472734537,0.9781164172480685,0.9860242071657908
20,0,35,10,Median,40,[   0  765  891 1069 1528],4,765,126,382.0,34444.557603905174,17.94894391597637,-0.013248238480967381,29.952815852438807,5.477229286564666,0.20503423848715538,64.66837233929219,2.319016607388054,0.9417439472734537,0.9781164172480685,0.9860242071657908
21,0,35,10,Mode,40,[   0  765  891 1069 1528],4,765,126,382.0,34444.557603905174,17.94894391597637,-0.013248238480967381,29.952815852438807,5.477229286564666,0.20503423848715538,64.66837233929219,2.319016607388054,0.9417439472734537,0.9781164172480685,0.9860242071657908
22,0,35,10,Median,40,[   0  765  891 1069 1528],4,765,126,382.0,34444.557603905174,17.94894391597637,-0.013248238480967381,29.952815852438807,5.477229286564666,0.20503423848715538,64.66837233929219,2.319016607388054,0.9417439472734537,0.9781164172480685,0.9860242071657908
23,0,35,10,Mode,40,[   0  765  891 1069 1528],4,765,126,382.0,34444.557603905174,17.94894391597637,-0.013248238480967381,29.952815852438807,5.477229286564666,0.20503423848715538,64.66837233929219,2.319016607388054,0.9417439472734537,0.9781164172480685,0.9860242071657908
24,0,35,10,Median,40,[   0  765  891 1069 1528],4,765,126,382.0,34444.557603905174,17.94894391597637,-0.013248238480967381,29.952815852438807,5.477229286564666,0.20503423848715538,64.66837233929219,2.319016607388054,0.9417439472734537,0.9781164172480685,0.9860242071657908
25,0,35,10,Mode,40,[   0  765  891 1069 1528],4,765,126,382.0,34444.557603905174,17.94894391597637,-0.013248238480967381,29.952815852438807,5.477229286564666,0.20503423848715538,64.66837233929219,2.319016607388054,0.9417439472734537,0.9781164172480685,0.9860242071657908
26,0,35,10,Median,40,[   0  765  891 1069 1528],4,765,126,382.0,34444.557603905174,17.94894391597637,-0.013248238480967381,29.952815852438807,5.477229286564666,0.20503423848715538,64.66837233929219,2.319016607388054,0.9417439472734537,0.9781164172480685,0.9860242071657908
27,0,35,10,Mode,40,[   0  765  891 1069 1528],4,765,126,382.0,34444.557603905174,17.94894391597637,-0.013248238480967381,29.952815852438807,5.477229286564666,0.20503423848715538,64.66837233929219,2.319016607388054,0.9417439472734537,0.9781164172480685,0.9860242071657908
28,0,35,15,Median,40,[   0  766 1528],2,766,762,764.0,8441.598808918785,4.700912426360454,0.011989245556723245,10.373717647025826,8.438867162087996,0.011989245556723245,10.373717647025826,8.438867162087996,0.9763758342217193,0.9895493635333533,0.9947712956482359
29,0,35,15,Mode,40,[   0  635 1528],2,893,635,764.0,6383.12200961532,4.147301969154902,0.013988953017794396,7.8311137928299335,9.661089712516961,0.013988953017794396,7.8311137928299335,9.661089712516961,0.7440369636209629,0.7986464166234153,0.9046727242760013
30,0,35,15,Median,40,[   0  635  826 1528],3,702,191,509.3333333333333,4724.805149777112,5.627242195574974,-0.01440409723684651,6.392273261245117,8.860629823476836,0.012115851543599135,5.968443631283453,7.088447879173769,0.8593399486486635,0.888099421590699,0.9318024420519555
31,0,35,15,Mode,40,[   0  635  765 1528],3,763,130,509.3333333333333,4591.205418654881,6.418824339937322,-0.037510175654389466,7.463373828890343,7.928548211962183,-0.018302841674446995,6.4840895695627,5.92431858873775,0.857253717493059,0.897983246539619,0.9407987663460545
32,0,35,15,Median,40,[   0  635  825 1064 1528],4,635,190,382.0,19986.721867073615,11.531505064233308,-0.02401426430533647,18.738450642386212,7.81650793809947,0.08524673734046324,33.951162957286236,3.9851767984307087,0.8879527639922583,0.8715233424498627,0.9097899691408695
33,0,35,15,Mode,40,[   0  635  765 1064 1528],4,635,130,382.0,11908.866674574514,9.091726452095822,-0.04357837716159649,14.296555453685112,6.152755775196334,0.035283798280349436,19.019138334029005,4.6127331306227575,0.8886490784405422,0.8808135250031982,0.9170512022366772
34,0,35,15,Median,40,[   0  483  635  825 1064 1528],5,483,152,305.6,19996.068479742222,12.690978815963367,-0.04278095123431439,19.4881154721833,6.790880803062096,0.08253156959763952,32.15532831170731,2.9665054336550005,0.9158325867899905,0.9360360448537947,0.952125236963958
35,0,35,15,Mode,40,[   0  483  765 1064 1528],4,483,282,382.0,20037.67601987761,10.942652157150434,-0.022685401385695813,20.369022370005748,5.571830419015212,0.0751161598351403,30.47017384175419,3.5073694145888914,0.9653888571301488,0.9779359699224205,0.9837894488053699
36,0,35,15,Median,40,[   0  483  765  861 1064 1528],5,483,96,305.6,24264.10783241028,15.181293799045731,-0.01856079423705042,23.32221826019403,5.293715880777199,0.16067596126959433,41.4472506456834,2.632564591943024,0.9541744218249609,0.9727468403360718,0.9795004118298252
37,0,35,15,Mode,40,[   0  483  765  891 1064 1528],5,483,126,305.6,31355.057124163977,16.891887183621357,-0.016359772762174443,28.090717562038236,5.206901434875403,0.18438182766551314,57.56729265002666,2.3946513226812964,0.9456889309570833,0.9677732885235462,0.9757345711014432
38,0,35,15,Median,40,[   0  483  765  862 1064 1528],5,483,97,305.6,24695.13057332031,15.31796275438894,-0.01825269508840386,23.596054928077532,5.2793829765288995,0.16398430346657333,42.96287769099,2.632460848507672,0.9554241615657006,0.9733920754844417,0.9799849239828738
39,0,35,15,Mode,40,[   0  483  765  891 1064 1528],5,483,126,305.6,31355.057124163977,16.891887183621357,-0.016359772762174443,28.090717562038236,5.206901434875403,0.18438182766551314,57.56729265002666,2.3946513226812964,0.9456889309570833,0.9677732885235462,0.9757345711014432
40,0,35,15,Median,40,[   0  483  765  891 1064 1528],5,483,126,305.6,31355.057124163977,16.891887183621357,-0.016359772762174443,28.090717562038236,5.206901434875403,0.18438182766551314,57.56729265002666,2.3946513226812964,0.9456889309570833,0.9677732885235462,0.9757345711014432
41,0,35,15,Mode,40,[   0  483  765  891 1064 1528],5,483,126,305.6,31355.057124163977,16.891887183621357,-0.016359772762174443,28.090717562038236,5.206901434875403,0.18438182766551314,57.56729265002666,2.3946513226812964,0.9456889309570833,0.9677732885235462,0.9757345711014432
42,0,35,15,Median,40,[   0  460  765  891 1064 1528],5,464,126,305.6,31724.935632431596,16.921839817140192,-0.01516315239996348,28.510312133553462,5.190394043672741,0.18764672177401404,58.21207778211255,2.3797065930597388,0.9158455191321182,0.9290244429166244,0.9464752794090997
43,0,35,15,Mode,40,[   0  460  765  891 1064 1528],5,464,126,305.6,31724.935632431596,16.921839817140192,-0.01516315239996348,28.510312133553462,5.190394043672741,0.18764672177401404,58.21207778211255,2.3797065930597388,0.9158455191321182,0.9290244429166244,0.9464752794090997
44,0,35,15,Median,40,[   0  460  765  891 1064 1528],5,464,126,305.6,31724.935632431596,16.921839817140192,-0.01516315239996348,28.510312133553462,5.190394043672741,0.18764672177401404,58.21207778211255,2.3797065930597388,0.9158455191321182,0.9290244429166244,0.9464752794090997
45,0,35,15,Mode,40,[   0  460  765  891 1064 1528],5,464,126,305.6,31724.935632431596,16.921839817140192,-0.01516315239996348,28.510312133553462,5.190394043672741,0.18764672177401404,58.21207778211255,2.3797065930597388,0.9158455191321182,0.9290244429166244,0.9464752794090997
46,0,35,15,Median,40,[   0  460  765  891 1064 1528],5,464,126,305.6,31724.935632431596,16.921839817140192,-0.01516315239996348,28.510312133553462,5.190394043672741,0.18764672177401404,58.21207778211255,2.3797065930597388,0.9158455191321182,0.9290244429166244,0.9464752794090997
47,0,35,15,Mode,40,[   0  460  765  891 1064 1528],5,464,126,305.6,31724.935632431596,16.921839817140192,-0.01516315239996348,28.510312133553462,5.190394043672741,0.18764672177401404,58.21207778211255,2.3797065930597388,0.9158455191321182,0.9290244429166244,0.9464752794090997
48,0,35,15,Median,40,[   0  460  765  891 1069 1528],5,460,126,305.6,32030.18748520589,16.905196861760473,-0.014637525840779765,28.909416899894254,5.199561304090111,0.18833899014358232,58.05794042880139,2.3932001150594933,0.9066797034178388,0.9216158279404526,0.940863616341613
49,0,35,15,Mode,40,[   0  460  765  891 1069 1528],5,460,126,305.6,32030.18748520589,16.905196861760473,-0.014637525840779765,28.909416899894254,5.199561304090111,0.18833899014358232,58.05794042880139,2.3932001150594933,0.9066797034178388,0.9216158279404526,0.940863616341613
50,0,35,15,Median,40,[   0  460  765  891 1069 1528],5,460,126,305.6,32030.18748520589,16.905196861760473,-0.014637525840779765,28.909416899894254,5.199561304090111,0.18833899014358232,58.05794042880139,2.3932001150594933,0.9066797034178388,0.9216158279404526,0.940863616341613
51,0,35,15,Mode,40,[   0  460  765  891 1069 1528],5,460,126,305.6,32030.18748520589,16.905196861760473,-0.014637525840779765,28.909416899894254,5.199561304090111,0.18833899014358232,58.05794042880139,2.3932001150594933,0.9066797034178388,0.9216158279404526,0.940863616341613
52,0,35,15,Median,40,[   0  460  765  891 1069 1528],5,460,126,305.6,32030.18748520589,16.905196861760473,-0.014637525840779765,28.909416899894254,5.199561304090111,0.18833899014358232,58.05794042880139,2.3932001150594933,0.9066797034178388,0.9216158279404526,0.940863616341613
53,0,35,15,Mode,40,[   0  460  765  891 1069 1528],5,460,126,305.6,32030.18748520589,16.905196861760473,-0.014637525840779765,28.909416899894254,5.199561304090111,0.18833899014358232,58.05794042880139,2.3932001150594933,0.9066797034178388,0.9216158279404526,0.940863616341613
54,0,35,15,Median,40,[   0  460  765  891 1069 1528],5,460,126,305.6,32030.18748520589,16.905196861760473,-0.014637525840779765,28.909416899894254,5.199561304090111,0.18833899014358232,58.05794042880139,2.3932001150594933,0.9066797034178388,0.9216158279404526,0.940863616341613
55,0,35,15,Mode,40,[   0  460  765  891 1069 1528],5,460,126,305.6,32030.18748520589,16.905196861760473,-0.014637525840779765,28.909416899894254,5.199561304090111,0.18833899014358232,58.05794042880139,2.3932001150594933,0.9066797034178388,0.9216158279404526,0.940863616341613
56,0,35,20,Median,40,[   0  766 1528],2,766,762,764.0,8441.598808918785,4.700912426360454,0.011989245556723245,10.373717647025826,8.438867162087996,0.011989245556723245,10.373717647025826,8.438867162087996,0.9763758342217193,0.9895493635333533,0.9947712956482359
57,0,35,20,Mode,40,[   0  635 1528],2,893,635,764.0,6383.12200961532,4.147301969154902,0.013988953017794396,7.8311137928299335,9.661089712516961,0.013988953017794396,7.8311137928299335,9.661089712516961,0.7440369636209629,0.7986464166234153,0.9046727242760013
58,0,35,20,Median,40,[   0  635  826 1528],3,702,191,509.3333333333333,4724.805149777112,5.627242195574974,-0.01440409723684651,6.392273261245117,8.860629823476836,0.012115851543599135,5.968443631283453,7.088447879173769,0.8593399486486635,0.888099421590699,0.9318024420519555
59,0,35,20,Mode,40,[   0  635  765 1528],3,763,130,509.3333333333333,4591.205418654881,6.418824339937322,-0.037510175654389466,7.463373828890343,7.928548211962183,-0.018302841674446995,6.4840895695627,5.92431858873775,0.857253717493059,0.897983246539619,0.9407987663460545
60,0,35,20,Median,40,[   0  635  825 1064 1528],4,635,190,382.0,19986.721867073615,11.531505064233308,-0.02401426430533647,18.738450642386212,7.81650793809947,0.08524673734046324,33.951162957286236,3.9851767984307087,0.8879527639922583,0.8715233424498627,0.9097899691408695
61,0,35,20,Mode,40,[   0  635  765 1064 1528],4,635,130,382.0,11908.866674574514,9.091726452095822,-0.04357837716159649,14.296555453685112,6.152755775196334,0.035283798280349436,19.019138334029005,4.6127331306227575,0.8886490784405422,0.8808135250031982,0.9170512022366772
62,0,35,20,Median,40,[   0  483  635  825 1064 1528],5,483,152,305.6,19996.068479742222,12.690978815963367,-0.04278095123431439,19.4881154721833,6.790880803062096,0.08253156959763952,32.15532831170731,2.9665054336550005,0.9158325867899905,0.9360360448537947,0.952125236963958
63,0,35,20,Mode,40,[   0  483  765 1064 1528],4,483,282,382.0,20037.67601987761,10.942652157150434,-0.022685401385695813,20.369022370005748,5.571830419015212,0.0751161598351403,30.47017384175419,3.5073694145888914,0.9653888571301488,0.9779359699224205,0.9837894488053699
64,0,35,20,Median,40,[   0  483  765  861 1064 1528],5,483,96,305.6,24264.10783241028,15.181293799045731,-0.01856079423705042,23.32221826019403,5.293715880777199,0.16067596126959433,41.4472506456834,2.632564591943024,0.9541744218249609,0.9727468403360718,0.9795004118298252
65,0,35,20,Mode,40,[   0  483  765  862 1064 1528],5,483,97,305.6,24695.13057332031,15.31796275438894,-0.01825269508840386,23.596054928077532,5.2793829765288995,0.16398430346657333,42.96287769099,2.632460848507672,0.9554241615657006,0.9733920754844417,0.9799849239828738
66,0,35,20,Median,40,[   0  483  765  862 1064 1528],5,483,97,305.6,24695.13057332031,15.31796275438894,-0.01825269508840386,23.596054928077532,5.2793829765288995,0.16398430346657333,42.96287769099,2.632460848507672,0.9554241615657006,0.9733920754844417,0.9799849239828738
67,0,35,20,Mode,40,[   0  483  765  862 1064 1528],5,483,97,305.6,24695.13057332031,15.31796275438894,-0.01825269508840386,23.596054928077532,5.2793829765288995,0.16398430346657333,42.96287769099,2.632460848507672,0.9554241615657006,0.9733920754844417,0.9799849239828738
68,0,35,20,Median,40,[   0  483  765  862  970 1064 1528],6,483,94,254.66666666666666,19849.616409141,16.00692033690978,-0.04527167735669301,22.730242914922634,4.734824300512999,0.16680415415458955,39.38744220565722,2.3927106723467446,0.9592679033380718,0.9750112534542419,0.9810007570062741
69,0,35,20,Mode,40,[   0  483  765  862  970 1064 1528],6,483,94,254.66666666666666,19849.616409141,16.00692033690978,-0.04527167735669301,22.730242914922634,4.734824300512999,0.16680415415458955,39.38744220565722,2.3927106723467446,0.9592679033380718,0.9750112534542419,0.9810007570062741
70,0,35,20,Median,40,[   0  483  765  891  970 1064 1528],6,483,79,254.66666666666666,22283.057690331363,17.244543992622454,-0.043935291898150444,25.91590792179508,4.5936123449630015,0.1898655042457064,45.7989430161265,2.1457112484991296,0.9512508341985855,0.9711901726356399,0.9780987261130624
71,0,35,20,Mode,40,[   0  483  765  891  970 1064 1528],6,483,79,254.66666666666666,22283.057690331363,17.244543992622454,-0.043935291898150444,25.91590792179508,4.5936123449630015,0.1898655042457064,45.7989430161265,2.1457112484991296,0.9512508341985855,0.9711901726356399,0.9780987261130624
72,0,35,20,Median,40,[   0  247  483  765  891  970 1064 1528],7,464,79,218.28571428571428,22834.47914999587,17.10286528274978,-0.07711705745618416,26.791066317205814,4.939017633239898,0.18264632746999662,47.563251368150894,2.0641381858308296,0.9467297874353786,0.9627897789657469,0.9698143331465314
73,0,35,20,Mode,40,[   0  247  483  765  891  970 1064 1528],7,464,79,218.28571428571428,22834.47914999587,17.10286528274978,-0.07711705745618416,26.791066317205814,4.939017633239898,0.18264632746999662,47.563251368150894,2.0641381858308296,0.9467297874353786,0.9627897789657469,0.9698143331465314
74,0,35,20,Median,40,[   0  247  460  765  891  970 1064 1528],7,464,79,218.28571428571428,23593.230298977418,17.393560296930307,-0.07948549698599897,27.469489492340653,4.808818562940511,0.18504162602625862,49.24635076857694,1.994085756920876,0.9250149647345481,0.9331701247627084,0.9458409959334462
75,0,35,20,Mode,40,[   0  247  460  765  891  970 1064 1528],7,464,79,218.28571428571428,23593.230298977418,17.393560296930307,-0.07948549698599897,27.469489492340653,4.808818562940511,0.18504162602625862,49.24635076857694,1.994085756920876,0.9250149647345481,0.9331701247627084,0.9458409959334462
76,0,35,20,Median,40,[   0  247  460  765  891  970 1064 1528],7,464,79,218.28571428571428,23593.230298977418,17.393560296930307,-0.07948549698599897,27.469489492340653,4.808818562940511,0.18504162602625862,49.24635076857694,1.994085756920876,0.9250149647345481,0.9331701247627084,0.9458409959334462
77,0,35,20,Mode,40,[   0  247  460  765  891  970 1064 1528],7,464,79,218.28571428571428,23593.230298977418,17.393560296930307,-0.07948549698599897,27.469489492340653,4.808818562940511,0.18504162602625862,49.24635076857694,1.994085756920876,0.9250149647345481,0.9331701247627084,0.9458409959334462
78,0,35,20,Median,40,[   0  247  460  765  891  970 1064 1528],7,464,79,218.28571428571428,23593.230298977418,17.393560296930307,-0.07948549698599897,27.469489492340653,4.808818562940511,0.18504162602625862,49.24635076857694,1.994085756920876,0.9250149647345481,0.9331701247627084,0.9458409959334462
79,0,35,20,Mode,40,[   0  247  460  765  891  970 1064 1528],7,464,79,218.28571428571428,23593.230298977418,17.393560296930307,-0.07948549698599897,27.469489492340653,4.808818562940511,0.18504162602625862,49.24635076857694,1.994085756920876,0.9250149647345481,0.9331701247627084,0.9458409959334462
80,0,35,20,Median,40,[   0  247  460  765  891  970 1064 1528],7,464,79,218.28571428571428,23593.230298977418,17.393560296930307,-0.07948549698599897,27.469489492340653,4.808818562940511,0.18504162602625862,49.24635076857694,1.994085756920876,0.9250149647345481,0.9331701247627084,0.9458409959334462
81,0,35,20,Mode,40,[   0  247  460  765  891  970 1064 1528],7,464,79,218.28571428571428,23593.230298977418,17.393560296930307,-0.07948549698599897,27.469489492340653,4.808818562940511,0.18504162602625862,49.24635076857694,1.994085756920876,0.9250149647345481,0.9331701247627084,0.9458409959334462
82,0,35,20,Median,40,[   0  247  460  765  891  970 1069 1528],7,459,79,218.28571428571428,24175.07086990496,17.52628492386103,-0.07319706249151556,28.04658978316479,4.848463310092373,0.18684656234856675,48.49545177495771,2.003404689681364,0.9179352237497317,0.9252714677216515,0.9393699678350762
83,0,35,20,Mode,40,[   0  247  460  765  891  970 1069 1528],7,459,79,218.28571428571428,24175.07086990496,17.52628492386103,-0.07319706249151556,28.04658978316479,4.848463310092373,0.18684656234856675,48.49545177495771,2.003404689681364,0.9179352237497317,0.9252714677216515,0.9393699678350762
84,0,40,10,Median,40,[   0  766 1528],2,766,762,764.0,8441.598808918785,4.700912426360454,0.011989245556723245,10.373717647025826,8.438867162087996,0.011989245556723245,10.373717647025826,8.438867162087996,0.9763758342217193,0.9895493635333533,0.9947712956482359
85,0,40,10,Mode,40,[   0  635 1528],2,893,635,764.0,6383.12200961532,4.147301969154902,0.013988953017794396,7.8311137928299335,9.661089712516961,0.013988953017794396,7.8311137928299335,9.661089712516961,0.7440369636209629,0.7986464166234153,0.9046727242760013
86,0,40,10,Median,40,[   0  765 1064 1528],3,765,299,509.3333333333333,17160.349319722314,9.28205770815656,-0.008083885791600649,19.242935626475827,5.452078837741216,0.07266481331107423,25.57939571653037,4.4846131295068385,0.980457299954798,0.9914545358613507,0.9947050667222724
87,0,40,10,Mode,40,[   0  635 1064 1528],3,635,429,509.3333333333333,11574.983232858935,6.765591302503952,-0.013147370559823934,14.952491351133492,7.725551159992844,0.03471658765763119,18.00558133508816,6.59712210067069,0.8524204798690712,0.8446088992611659,0.8973423568311458
88,0,40,10,Median,40,[   0  635  766 1064 1528],4,635,131,382.0,12055.82771405588,9.175869731690241,-0.027269821512922503,14.341835981809018,6.139818591065258,0.0489238970656021,19.97647338884222,4.611748644265265,0.8866216731164746,0.8799357301573679,0.9164132352005578
89,0,40,10,Mode,40,[   0  635  765 1064 1528],4,635,130,382.0,11908.866674574514,9.091726452095822,-0.04357837716159649,14.296555453685112,6.152755775196334,0.035283798280349436,19.019138334029005,4.6127331306227575,0.8886490784405422,0.8808135250031982,0.9170512022366772
90,0,40,10,Median,40,[   0  766  891 1064 1528],4,766,125,382.0,33731.80935637578,17.886153692932314,-0.02140507591347204,29.193417934194425,5.506796302670856,0.19605761993713788,68.43465078916269,2.2675377194895283,0.9510764651853058,0.9823881582643796,0.9887678989609175
91,0,40,10,Mode,40,[   0  765  891 1064 1528],4,765,126,382.0,34037.555133539434,17.97113452314933,-0.014581922020022767,29.436979112608842,5.478983673210901,0.2041112139943976,64.87388881037373,2.3010252447217145,0.9535580544544162,0.9839598522603572,0.9897653578527297
92,0,40,10,Median,40,[   0  765  891 1064 1528],4,765,126,382.0,34037.555133539434,17.97113452314933,-0.014581922020022767,29.436979112608842,5.478983673210901,0.2041112139943976,64.87388881037373,2.3010252447217145,0.9535580544544162,0.9839598522603572,0.9897653578527297
93,0,40,10,Mode,40,[   0  765  891 1064 1528],4,765,126,382.0,34037.555133539434,17.97113452314933,-0.014581922020022767,29.436979112608842,5.478983673210901,0.2041112139943976,64.87388881037373,2.3010252447217145,0.9535580544544162,0.9839598522603572,0.9897653578527297
94,0,40,10,Median,40,[   0  765  891 1064 1528],4,765,126,382.0,34037.555133539434,17.97113452314933,-0.014581922020022767,29.436979112608842,5.478983673210901,0.2041112139943976,64.87388881037373,2.3010252447217145,0.9535580544544162,0.9839598522603572,0.9897653578527297
95,0,40,10,Mode,40,[   0  765  891 1064 1528],4,765,126,382.0,34037.555133539434,17.97113452314933,-0.014581922020022767,29.436979112608842,5.478983673210901,0.2041112139943976,64.87388881037373,2.3010252447217145,0.9535580544544162,0.9839598522603572,0.9897653578527297
96,0,40,10,Median,40,[   0  765  891 1064 1528],4,765,126,382.0,34037.555133539434,17.97113452314933,-0.014581922020022767,29.436979112608842,5.478983673210901,0.2041112139943976,64.87388881037373,2.3010252447217145,0.9535580544544162,0.9839598522603572,0.9897653578527297
97,0,40,10,Mode,40,[   0  765  891 1064 1528],4,765,126,382.0,34037.555133539434,17.97113452314933,-0.014581922020022767,29.436979112608842,5.478983673210901,0.2041112139943976,64.87388881037373,2.3010252447217145,0.9535580544544162,0.9839598522603572,0.9897653578527297
98,0,40,10,Median,40,[   0  765  891 1069 1528],4,765,126,382.0,34444.557603905174,17.94894391597637,-0.013248238480967381,29.952815852438807,5.477229286564666,0.20503423848715538,64.66837233929219,2.319016607388054,0.9417439472734537,0.9781164172480685,0.9860242071657908
99,0,40,10,Mode,40,[   0  765  891 1069 1528],4,765,126,382.0,34444.557603905174,17.94894391597637,-0.013248238480967381,29.952815852438807,5.477229286564666,0.20503423848715538,64.66837233929219,2.319016607388054,0.9417439472734537,0.9781164172480685,0.9860242071657908
100,0,40,10,Median,40,[   0  765  891 1069 1528],4,765,126,382.0,34444.557603905174,17.94894391597637,-0.013248238480967381,29.952815852438807,5.477229286564666,0.20503423848715538,64.66837233929219,2.319016607388054,0.9417439472734537,0.9781164172480685,0.9860242071657908
101,0,40,10,Mode,40,[   0  765  891 1069 1528],4,765,126,382.0,34444.557603905174,17.94894391597637,-0.013248238480967381,29.952815852438807,5.477229286564666,0.20503423848715538,64.66837233929219,2.319016607388054,0.9417439472734537,0.9781164172480685,0.9860242071657908
102,0,40,10,Median,40,[   0  765  891 1069 1528],4,765,126,382.0,34444.557603905174,17.94894391597637,-0.013248238480967381,29.952815852438807,5.477229286564666,0.20503423848715538,64.66837233929219,2.319016607388054,0.9417439472734537,0.9781164172480685,0.9860242071657908
103,0,40,10,Mode,40,[   0  765  891 1069 1528],4,765,126,382.0,34444.557603905174,17.94894391597637,-0.013248238480967381,29.952815852438807,5.477229286564666,0.20503423848715538,64.66837233929219,2.319016607388054,0.9417439472734537,0.9781164172480685,0.9860242071657908
104,0,40,10,Median,40,[   0  765  891 1069 1528],4,765,126,382.0,34444.557603905174,17.94894391597637,-0.013248238480967381,29.952815852438807,5.477229286564666,0.20503423848715538,64.66837233929219,2.319016607388054,0.9417439472734537,0.9781164172480685,0.9860242071657908
105,0,40,10,Mode,40,[   0  765  891 1069 1528],4,765,126,382.0,34444.557603905174,17.94894391597637,-0.013248238480967381,29.952815852438807,5.477229286564666,0.20503423848715538,64.66837233929219,2.319016607388054,0.9417439472734537,0.9781164172480685,0.9860242071657908
106,0,40,10,Median,40,[   0  765  891 1069 1528],4,765,126,382.0,34444.557603905174,17.94894391597637,-0.013248238480967381,29.952815852438807,5.477229286564666,0.20503423848715538,64.66837233929219,2.319016607388054,0.9417439472734537,0.9781164172480685,0.9860242071657908
107,0,40,10,Mode,40,[   0  765  891 1069 1528],4,765,126,382.0,34444.557603905174,17.94894391597637,-0.013248238480967381,29.952815852438807,5.477229286564666,0.20503423848715538,64.66837233929219,2.319016607388054,0.9417439472734537,0.9781164172480685,0.9860242071657908
108,0,40,10,Median,40,[   0  765  891 1069 1528],4,765,126,382.0,34444.557603905174,17.94894391597637,-0.013248238480967381,29.952815852438807,5.477229286564666,0.20503423848715538,64.66837233929219,2.319016607388054,0.9417439472734537,0.9781164172480685,0.9860242071657908
109,0,40,10,Mode,40,[   0  765  891 1069 1528],4,765,126,382.0,34444.557603905174,17.94894391597637,-0.013248238480967381,29.952815852438807,5.477229286564666,0.20503423848715538,64.66837233929219,2.319016607388054,0.9417439472734537,0.9781164172480685,0.9860242071657908
110,0,40,10,Median,40,[   0  765  891 1069 1528],4,765,126,382.0,34444.557603905174,17.94894391597637,-0.013248238480967381,29.952815852438807,5.477229286564666,0.20503423848715538,64.66837233929219,2.319016607388054,0.9417439472734537,0.9781164172480685,0.9860242071657908
111,0,40,10,Mode,40,[   0  765  891 1069 1528],4,765,126,382.0,34444.557603905174,17.94894391597637,-0.013248238480967381,29.952815852438807,5.477229286564666,0.20503423848715538,64.66837233929219,2.319016607388054,0.9417439472734537,0.9781164172480685,0.9860242071657908
112,0,40,15,Median,40,[   0  766 1528],2,766,762,764.0,8441.598808918785,4.700912426360454,0.011989245556723245,10.373717647025826,8.438867162087996,0.011989245556723245,10.373717647025826,8.438867162087996,0.9763758342217193,0.9895493635333533,0.9947712956482359
113,0,40,15,Mode,40,[   0  635 1528],2,893,635,764.0,6383.12200961532,4.147301969154902,0.013988953017794396,7.8311137928299335,9.661089712516961,0.013988953017794396,7.8311137928299335,9.661089712516961,0.7440369636209629,0.7986464166234153,0.9046727242760013
114,0,40,15,Median,40,[   0  635  826 1528],3,702,191,509.3333333333333,4724.805149777112,5.627242195574974,-0.01440409723684651,6.392273261245117,8.860629823476836,0.012115851543599135,5.968443631283453,7.088447879173769,0.8593399486486635,0.888099421590699,0.9318024420519555
115,0,40,15,Mode,40,[   0  635  765 1528],3,763,130,509.3333333333333,4591.205418654881,6.418824339937322,-0.037510175654389466,7.463373828890343,7.928548211962183,-0.018302841674446995,6.4840895695627,5.92431858873775,0.857253717493059,0.897983246539619,0.9407987663460545
116,0,40,15,Median,40,[   0  635  825 1064 1528],4,635,190,382.0,19986.721867073615,11.531505064233308,-0.02401426430533647,18.738450642386212,7.81650793809947,0.08524673734046324,33.951162957286236,3.9851767984307087,0.8879527639922583,0.8715233424498627,0.9097899691408695
117,0,40,15,Mode,40,[   0  635  765 1064 1528],4,635,130,382.0,11908.866674574514,9.091726452095822,-0.04357837716159649,14.296555453685112,6.152755775196334,0.035283798280349436,19.019138334029005,4.6127331306227575,0.8886490784405422,0.8808135250031982,0.9170512022366772
118,0,40,15,Median,40,[   0  483  635  825 1064 1528],5,483,152,305.6,19996.068479742222,12.690978815963367,-0.04278095123431439,19.4881154721833,6.790880803062096,0.08253156959763952,32.15532831170731,2.9665054336550005,0.9158325867899905,0.9360360448537947,0.952125236963958
119,0,40,15,Mode,40,[   0  483  765 1064 1528],4,483,282,382.0,20037.67601987761,10.942652157150434,-0.022685401385695813,20.369022370005748,5.571830419015212,0.0751161598351403,30.47017384175419,3.5073694145888914,0.9653888571301488,0.9779359699224205,0.9837894488053699
120,0,40,15,Median,40,[   0  483  765  861 1064 1528],5,483,96,305.6,24264.10783241028,15.181293799045731,-0.01856079423705042,23.32221826019403,5.293715880777199,0.16067596126959433,41.4472506456834,2.632564591943024,0.9541744218249609,0.9727468403360718,0.9795004118298252
121,0,40,15,Mode,40,[   0  483  765  891 1064 1528],5,483,126,305.6,31355.057124163977,16.891887183621357,-0.016359772762174443,28.090717562038236,5.206901434875403,0.18438182766551314,57.56729265002666,2.3946513226812964,0.9456889309570833,0.9677732885235462,0.9757345711014432
122,0,40,15,Median,40,[   0  483  765  891 1064 1528],5,483,126,305.6,31355.057124163977,16.891887183621357,-0.016359772762174443,28.090717562038236,5.206901434875403,0.18438182766551314,57.56729265002666,2.3946513226812964,0.9456889309570833,0.9677732885235462,0.9757345711014432
123,0,40,15,Mode,40,[   0  483  765  891 1064 1528],5,483,126,305.6,31355.057124163977,16.891887183621357,-0.016359772762174443,28.090717562038236,5.206901434875403,0.18438182766551314,57.56729265002666,2.3946513226812964,0.9456889309570833,0.9677732885235462,0.9757345711014432
124,0,40,15,Median,40,[   0  483  765  891 1064 1528],5,483,126,305.6,31355.057124163977,16.891887183621357,-0.016359772762174443,28.090717562038236,5.206901434875403,0.18438182766551314,57.56729265002666,2.3946513226812964,0.9456889309570833,0.9677732885235462,0.9757345711014432
125,0,40,15,Mode,40,[   0  483  765  891 1064 1528],5,483,126,305.6,31355.057124163977,16.891887183621357,-0.016359772762174443,28.090717562038236,5.206901434875403,0.18438182766551314,57.56729265002666,2.3946513226812964,0.9456889309570833,0.9677732885235462,0.9757345711014432
126,0,40,15,Median,40,[   0  460  765  891 1064 1528],5,464,126,305.6,31724.935632431596,16.921839817140192,-0.01516315239996348,28.510312133553462,5.190394043672741,0.18764672177401404,58.21207778211255,2.3797065930597388,0.9158455191321182,0.9290244429166244,0.9464752794090997
127,0,40,15,Mode,40,[   0  460  765  891 1064 1528],5,464,126,305.6,31724.935632431596,16.921839817140192,-0.01516315239996348,28.510312133553462,5.190394043672741,0.18764672177401404,58.21207778211255,2.3797065930597388,0.9158455191321182,0.9290244429166244,0.9464752794090997
128,0,40,15,Median,40,[   0  460  765  891 1064 1528],5,464,126,305.6,31724.935632431596,16.921839817140192,-0.01516315239996348,28.510312133553462,5.190394043672741,0.18764672177401404,58.21207778211255,2.3797065930597388,0.9158455191321182,0.9290244429166244,0.9464752794090997
129,0,40,15,Mode,40,[   0  460  765  891 1064 1528],5,464,126,305.6,31724.935632431596,16.921839817140192,-0.01516315239996348,28.510312133553462,5.190394043672741,0.18764672177401404,58.21207778211255,2.3797065930597388,0.9158455191321182,0.9290244429166244,0.9464752794090997
130,0,40,15,Median,40,[   0  460  765  891 1064 1528],5,464,126,305.6,31724.935632431596,16.921839817140192,-0.01516315239996348,28.510312133553462,5.190394043672741,0.18764672177401404,58.21207778211255,2.3797065930597388,0.9158455191321182,0.9290244429166244,0.9464752794090997
131,0,40,15,Mode,40,[   0  460  765  891 1064 1528],5,464,126,305.6,31724.935632431596,16.921839817140192,-0.01516315239996348,28.510312133553462,5.190394043672741,0.18764672177401404,58.21207778211255,2.3797065930597388,0.9158455191321182,0.9290244429166244,0.9464752794090997
132,0,40,15,Median,40,[   0  460  765  891 1069 1528],5,460,126,305.6,32030.18748520589,16.905196861760473,-0.014637525840779765,28.909416899894254,5.199561304090111,0.18833899014358232,58.05794042880139,2.3932001150594933,0.9066797034178388,0.9216158279404526,0.940863616341613
133,0,40,15,Mode,40,[   0  460  765  891 1069 1528],5,460,126,305.6,32030.18748520589,16.905196861760473,-0.014637525840779765,28.909416899894254,5.199561304090111,0.18833899014358232,58.05794042880139,2.3932001150594933,0.9066797034178388,0.9216158279404526,0.940863616341613
134,0,40,15,Median,40,[   0  460  765  891 1069 1528],5,460,126,305.6,32030.18748520589,16.905196861760473,-0.014637525840779765,28.909416899894254,5.199561304090111,0.18833899014358232,58.05794042880139,2.3932001150594933,0.9066797034178388,0.9216158279404526,0.940863616341613
135,0,40,15,Mode,40,[   0  460  765  891 1069 1528],5,460,126,305.6,32030.18748520589,16.905196861760473,-0.014637525840779765,28.909416899894254,5.199561304090111,0.18833899014358232,58.05794042880139,2.3932001150594933,0.9066797034178388,0.9216158279404526,0.940863616341613
136,0,40,15,Median,40,[   0  460  765  891 1069 1528],5,460,126,305.6,32030.18748520589,16.905196861760473,-0.014637525840779765,28.909416899894254,5.199561304090111,0.18833899014358232,58.05794042880139,2.3932001150594933,0.9066797034178388,0.9216158279404526,0.940863616341613
137,0,40,15,Mode,40,[   0  460  765  891 1069 1528],5,460,126,305.6,32030.18748520589,16.905196861760473,-0.014637525840779765,28.909416899894254,5.199561304090111,0.18833899014358232,58.05794042880139,2.3932001150594933,0.9066797034178388,0.9216158279404526,0.940863616341613
138,0,40,15,Median,40,[   0  466  765  891 1069 1528],5,466,126,305.6,32131.959478003744,16.95638735786543,-0.013985902002556581,29.000135961289196,5.18831744178129,0.18850223505188304,58.12113946792843,2.377736632594465,0.9133901849512832,0.9315414550057237,0.948372310041136
139,0,40,15,Mode,40,[   0  466  765  891 1069 1528],5,466,126,305.6,32131.959478003744,16.95638735786543,-0.013985902002556581,29.000135961289196,5.18831744178129,0.18850223505188304,58.12113946792843,2.377736632594465,0.9133901849512832,0.9315414550057237,0.948372310041136
140,0,40,20,Median,40,[   0  766 1528],2,766,762,764.0,8441.598808918785,4.700912426360454,0.011989245556723245,10.373717647025826,8.438867162087996,0.011989245556723245,10.373717647025826,8.438867162087996,0.9763758342217193,0.9895493635333533,0.9947712956482359
141,0,40,20,Mode,40,[   0  635 1528],2,893,635,764.0,6383.12200961532,4.147301969154902,0.013988953017794396,7.8311137928299335,9.661089712516961,0.013988953017794396,7.8311137928299335,9.661089712516961,0.7440369636209629,0.7986464166234153,0.9046727242760013
142,0,40,20,Median,40,[   0  635  826 1528],3,702,191,509.3333333333333,4724.805149777112,5.627242195574974,-0.01440409723684651,6.392273261245117,8.860629823476836,0.012115851543599135,5.968443631283453,7.088447879173769,0.8593399486486635,0.888099421590699,0.9318024420519555
143,0,40,20,Mode,40,[   0  635  765 1528],3,763,130,509.3333333333333,4591.205418654881,6.418824339937322,-0.037510175654389466,7.463373828890343,7.928548211962183,-0.018302841674446995,6.4840895695627,5.92431858873775,0.857253717493059,0.897983246539619,0.9407987663460545
144,0,40,20,Median,40,[   0  635  825 1064 1528],4,635,190,382.0,19986.721867073615,11.531505064233308,-0.02401426430533647,18.738450642386212,7.81650793809947,0.08524673734046324,33.951162957286236,3.9851767984307087,0.8879527639922583,0.8715233424498627,0.9097899691408695
145,0,40,20,Mode,40,[   0  635  765 1064 1528],4,635,130,382.0,11908.866674574514,9.091726452095822,-0.04357837716159649,14.296555453685112,6.152755775196334,0.035283798280349436,19.019138334029005,4.6127331306227575,0.8886490784405422,0.8808135250031982,0.9170512022366772
146,0,40,20,Median,40,[   0  466  635  825 1064 1528],5,466,169,305.6,20398.53143709123,12.663563260059641,-0.04104257325915005,19.972376857610854,6.77614142532954,0.08507703675739779,32.65848339716602,2.974116733621076,0.8951211420066356,0.9120281678614918,0.934092099697902
147,0,40,20,Mode,40,[   0  483  765 1064 1528],4,483,282,382.0,20037.67601987761,10.942652157150434,-0.022685401385695813,20.369022370005748,5.571830419015212,0.0751161598351403,30.47017384175419,3.5073694145888914,0.9653888571301488,0.9779359699224205,0.9837894488053699
148,0,40,20,Median,40,[   0  466  765  861 1064 1528],5,466,96,305.6,24706.146021798908,15.263046843055099,-0.016706101000681827,23.820517413175423,5.265421468544309,0.16417491303790938,42.093767425268695,2.602054740393313,0.9309456733926327,0.9440053345439935,0.9578275619455866
149,0,40,20,Mode,40,[   0  483  765  862 1064 1528],5,483,97,305.6,24695.13057332031,15.31796275438894,-0.01825269508840386,23.596054928077532,5.2793829765288995,0.16398430346657333,42.96287769099,2.632460848507672,0.9554241615657006,0.9733920754844417,0.9799849239828738
150,0,40,20,Median,40,[   0  466  765  862 1064 1528],5,466,97,305.6,25140.378121159556,15.400020877473736,-0.016455055485095006,24.09503011400689,5.251078088185527,0.16761775415229946,43.61021126319382,2.6019059969346774,0.9321969193937465,0.9446493743442227,0.9583116863144668
151,0,40,20,Mode,40,[   0  483  765  862 1064 1528],5,483,97,305.6,24695.13057332031,15.31796275438894,-0.01825269508840386,23.596054928077532,5.2793829765288995,0.16398430346657333,42.96287769099,2.632460848507672,0.9554241615657006,0.9733920754844417,0.9799849239828738
152,0,40,20,Median,40,[   0  466  765  862  970 1064 1528],6,466,94,254.66666666666666,20205.814447412395,16.072566835377614,-0.04360726498077533,23.13876505046797,4.71820121080367,0.16971091470317043,39.90530906342028,2.368266791088349,0.9373125854447264,0.9455943742105918,0.9585882394650742
153,0,40,20,Mode,40,[   0  483  765  862  970 1064 1528],6,483,94,254.66666666666666,19849.616409141,16.00692033690978,-0.04527167735669301,22.730242914922634,4.734824300512999,0.16680415415458955,39.38744220565722,2.3927106723467446,0.9592679033380718,0.9750112534542419,0.9810007570062741
154,0,40,20,Median,40,[   0  466  765  891  970 1064 1528],6,466,79,254.66666666666666,22660.378091183735,17.309458496321497,-0.04218221581846127,26.332430417745197,4.5720964852000465,0.19260801545914763,46.365330353096844,2.121384678829861,0.9292836673499024,0.9417792425880845,0.9556881793720975
155,0,40,20,Mode,40,[   0  483  765  891  970 1064 1528],6,483,79,254.66666666666666,22283.057690331363,17.244543992622454,-0.043935291898150444,25.91590792179508,4.5936123449630015,0.1898655042457064,45.7989430161265,2.1457112484991296,0.9512508341985855,0.9711901726356399,0.9780987261130624
156,0,40,20,Median,40,[   0  247  466  765  891  970 1064 1528],7,464,79,218.28571428571428,23583.136136203917,17.372823104410045,-0.07901356924088017,27.475328296614173,4.796011603899017,0.1854715540901333,49.25697976478643,1.9996565727995783,0.9297844576927495,0.9405857810706292,0.9518342502966793
157,0,40,20,Mode,40,[   0  247  483  765  891  970 1064 1528],7,464,79,218.28571428571428,22834.47914999587,17.10286528274978,-0.07711705745618416,26.791066317205814,4.939017633239898,0.18264632746999662,47.563251368150894,2.0641381858308296,0.9467297874353786,0.9627897789657469,0.9698143331465314
158,0,40,20,Median,40,[   0  247  460  765  891  970 1064 1528],7,464,79,218.28571428571428,23593.230298977418,17.393560296930307,-0.07948549698599897,27.469489492340653,4.808818562940511,0.18504162602625862,49.24635076857694,1.994085756920876,0.9250149647345481,0.9331701247627084,0.9458409959334462
159,0,40,20,Mode,40,[   0  247  460  765  891  970 1064 1528],7,464,79,218.28571428571428,23593.230298977418,17.393560296930307,-0.07948549698599897,27.469489492340653,4.808818562940511,0.18504162602625862,49.24635076857694,1.994085756920876,0.9250149647345481,0.9331701247627084,0.9458409959334462
160,0,40,20,Median,40,[   0  247  460  765  891  970 1064 1528],7,464,79,218.28571428571428,23593.230298977418,17.393560296930307,-0.07948549698599897,27.469489492340653,4.808818562940511,0.18504162602625862,49.24635076857694,1.994085756920876,0.9250149647345481,0.9331701247627084,0.9458409959334462
161,0,40,20,Mode,40,[   0  247  460  765  891  970 1064 1528],7,464,79,218.28571428571428,23593.230298977418,17.393560296930307,-0.07948549698599897,27.469489492340653,4.808818562940511,0.18504162602625862,49.24635076857694,1.994085756920876,0.9250149647345481,0.9331701247627084,0.9458409959334462
162,0,40,20,Median,40,[   0  247  460  765  891  970 1064 1528],7,464,79,218.28571428571428,23593.230298977418,17.393560296930307,-0.07948549698599897,27.469489492340653,4.808818562940511,0.18504162602625862,49.24635076857694,1.994085756920876,0.9250149647345481,0.9331701247627084,0.9458409959334462
163,0,40,20,Mode,40,[   0  247  460  765  891  970 1064 1528],7,464,79,218.28571428571428,23593.230298977418,17.393560296930307,-0.07948549698599897,27.469489492340653,4.808818562940511,0.18504162602625862,49.24635076857694,1.994085756920876,0.9250149647345481,0.9331701247627084,0.9458409959334462
164,0,40,20,Median,40,[   0  247  460  765  891  970 1064 1528],7,464,79,218.28571428571428,23593.230298977418,17.393560296930307,-0.07948549698599897,27.469489492340653,4.808818562940511,0.18504162602625862,49.24635076857694,1.994085756920876,0.9250149647345481,0.9331701247627084,0.9458409959334462
165,0,40,20,Mode,40,[   0  247  460  765  891  970 1064 1528],7,464,79,218.28571428571428,23593.230298977418,17.393560296930307,-0.07948549698599897,27.469489492340653,4.808818562940511,0.18504162602625862,49.24635076857694,1.994085756920876,0.9250149647345481,0.9331701247627084,0.9458409959334462
166,0,40,20,Median,40,[   0  247  460  765  891  970 1069 1528],7,459,79,218.28571428571428,24175.07086990496,17.52628492386103,-0.07319706249151556,28.04658978316479,4.848463310092373,0.18684656234856675,48.49545177495771,2.003404689681364,0.9179352237497317,0.9252714677216515,0.9393699678350762
167,0,40,20,Mode,40,[   0  247  460  765  891  970 1069 1528],7,459,79,218.28571428571428,24175.07086990496,17.52628492386103,-0.07319706249151556,28.04658978316479,4.848463310092373,0.18684656234856675,48.49545177495771,2.003404689681364,0.9179352237497317,0.9252714677216515,0.9393699678350762
168,0,45,10,Median,40,[   0  766 1528],2,766,762,764.0,8441.598808918785,4.700912426360454,0.011989245556723245,10.373717647025826,8.438867162087996,0.011989245556723245,10.373717647025826,8.438867162087996,0.9763758342217193,0.9895493635333533,0.9947712956482359
169,0,45,10,Mode,40,[   0  635 1528],2,893,635,764.0,6383.12200961532,4.147301969154902,0.013988953017794396,7.8311137928299335,9.661089712516961,0.013988953017794396,7.8311137928299335,9.661089712516961,0.7440369636209629,0.7986464166234153,0.9046727242760013
170,0,45,10,Median,40,[   0  765  988 1528],3,765,223,509.3333333333333,11814.513909156587,8.414469235703832,-0.011764024713302913,11.431450951119448,7.881810929327682,0.06097560461924397,15.375556484735789,4.842038106543047,0.9453095808707478,0.9734212382209592,0.9840076801065051
171,0,45,10,Mode,40,[   0  635 1064 1528],3,635,429,509.3333333333333,11574.983232858935,6.765591302503952,-0.013147370559823934,14.952491351133492,7.725551159992844,0.03471658765763119,18.00558133508816,6.59712210067069,0.8524204798690712,0.8446088992611659,0.8973423568311458
172,0,45,10,Median,40,[   0  635  766 1064 1528],4,635,131,382.0,12055.82771405588,9.175869731690241,-0.027269821512922503,14.341835981809018,6.139818591065258,0.0489238970656021,19.97647338884222,4.611748644265265,0.8866216731164746,0.8799357301573679,0.9164132352005578
173,0,45,10,Mode,40,[   0  635  765 1064 1528],4,635,130,382.0,11908.866674574514,9.091726452095822,-0.04357837716159649,14.296555453685112,6.152755775196334,0.035283798280349436,19.019138334029005,4.6127331306227575,0.8886490784405422,0.8808135250031982,0.9170512022366772
174,0,45,10,Median,40,[   0  766  891 1064 1528],4,766,125,382.0,33731.80935637578,17.886153692932314,-0.02140507591347204,29.193417934194425,5.506796302670856,0.19605761993713788,68.43465078916269,2.2675377194895283,0.9510764651853058,0.9823881582643796,0.9887678989609175
175,0,45,10,Mode,40,[   0  765  891 1064 1528],4,765,126,382.0,34037.555133539434,17.97113452314933,-0.014581922020022767,29.436979112608842,5.478983673210901,0.2041112139943976,64.87388881037373,2.3010252447217145,0.9535580544544162,0.9839598522603572,0.9897653578527297
176,0,45,10,Median,40,[   0  765  891 1064 1528],4,765,126,382.0,34037.555133539434,17.97113452314933,-0.014581922020022767,29.436979112608842,5.478983673210901,0.2041112139943976,64.87388881037373,2.3010252447217145,0.9535580544544162,0.9839598522603572,0.9897653578527297
177,0,45,10,Mode,40,[   0  765  891 1064 1528],4,765,126,382.0,34037.555133539434,17.97113452314933,-0.014581922020022767,29.436979112608842,5.478983673210901,0.2041112139943976,64.87388881037373,2.3010252447217145,0.9535580544544162,0.9839598522603572,0.9897653578527297
178,0,45,10,Median,40,[   0  765  891 1064 1528],4,765,126,382.0,34037.555133539434,17.97113452314933,-0.014581922020022767,29.436979112608842,5.478983673210901,0.2041112139943976,64.87388881037373,2.3010252447217145,0.9535580544544162,0.9839598522603572,0.9897653578527297
179,0,45,10,Mode,40,[   0  765  891 1064 1528],4,765,126,382.0,34037.555133539434,17.97113452314933,-0.014581922020022767,29.436979112608842,5.478983673210901,0.2041112139943976,64.87388881037373,2.3010252447217145,0.9535580544544162,0.9839598522603572,0.9897653578527297
180,0,45,10,Median,40,[   0  765  891 1064 1528],4,765,126,382.0,34037.555133539434,17.97113452314933,-0.014581922020022767,29.436979112608842,5.478983673210901,0.2041112139943976,64.87388881037373,2.3010252447217145,0.9535580544544162,0.9839598522603572,0.9897653578527297
181,0,45,10,Mode,40,[   0  765  891 1064 1528],4,765,126,382.0,34037.555133539434,17.97113452314933,-0.014581922020022767,29.436979112608842,5.478983673210901,0.2041112139943976,64.87388881037373,2.3010252447217145,0.9535580544544162,0.9839598522603572,0.9897653578527297
182,0,45,10,Median,40,[   0  765  891 1069 1528],4,765,126,382.0,34444.557603905174,17.94894391597637,-0.013248238480967381,29.952815852438807,5.477229286564666,0.20503423848715538,64.66837233929219,2.319016607388054,0.9417439472734537,0.9781164172480685,0.9860242071657908
183,0,45,10,Mode,40,[   0  765  891 1069 1528],4,765,126,382.0,34444.557603905174,17.94894391597637,-0.013248238480967381,29.952815852438807,5.477229286564666,0.20503423848715538,64.66837233929219,2.319016607388054,0.9417439472734537,0.9781164172480685,0.9860242071657908
184,0,45,10,Median,40,[   0  765  891 1069 1528],4,765,126,382.0,34444.557603905174,17.94894391597637,-0.013248238480967381,29.952815852438807,5.477229286564666,0.20503423848715538,64.66837233929219,2.319016607388054,0.9417439472734537,0.9781164172480685,0.9860242071657908
185,0,45,10,Mode,40,[   0  765  891 1069 1528],4,765,126,382.0,34444.557603905174,17.94894391597637,-0.013248238480967381,29.952815852438807,5.477229286564666,0.20503423848715538,64.66837233929219,2.319016607388054,0.9417439472734537,0.9781164172480685,0.9860242071657908
186,0,45,10,Median,40,[   0  765  891 1069 1528],4,765,126,382.0,34444.557603905174,17.94894391597637,-0.013248238480967381,29.952815852438807,5.477229286564666,0.20503423848715538,64.66837233929219,2.319016607388054,0.9417439472734537,0.9781164172480685,0.9860242071657908
187,0,45,10,Mode,40,[   0  765  891 1069 1528],4,765,126,382.0,34444.557603905174,17.94894391597637,-0.013248238480967381,29.952815852438807,5.477229286564666,0.20503423848715538,64.66837233929219,2.319016607388054,0.9417439472734537,0.9781164172480685,0.9860242071657908
188,0,45,10,Median,40,[   0  765  891 1069 1528],4,765,126,382.0,34444.557603905174,17.94894391597637,-0.013248238480967381,29.952815852438807,5.477229286564666,0.20503423848715538,64.66837233929219,2.319016607388054,0.9417439472734537,0.9781164172480685,0.9860242071657908
189,0,45,10,Mode,40,[   0  765  891 1069 1528],4,765,126,382.0,34444.557603905174,17.94894391597637,-0.013248238480967381,29.952815852438807,5.477229286564666,0.20503423848715538,64.66837233929219,2.319016607388054,0.9417439472734537,0.9781164172480685,0.9860242071657908
190,0,45,10,Median,40,[   0  765  891 1069 1528],4,765,126,382.0,34444.557603905174,17.94894391597637,-0.013248238480967381,29.952815852438807,5.477229286564666,0.20503423848715538,64.66837233929219,2.319016607388054,0.9417439472734537,0.9781164172480685,0.9860242071657908
191,0,45,10,Mode,40,[   0  765  891 1069 1528],4,765,126,382.0,34444.557603905174,17.94894391597637,-0.013248238480967381,29.952815852438807,5.477229286564666,0.20503423848715538,64.66837233929219,2.319016607388054,0.9417439472734537,0.9781164172480685,0.9860242071657908
192,0,45,10,Median,40,[   0  765  891 1069 1528],4,765,126,382.0,34444.557603905174,17.94894391597637,-0.013248238480967381,29.952815852438807,5.477229286564666,0.20503423848715538,64.66837233929219,2.319016607388054,0.9417439472734537,0.9781164172480685,0.9860242071657908
193,0,45,10,Mode,40,[   0  765  891 1069 1528],4,765,126,382.0,34444.557603905174,17.94894391597637,-0.013248238480967381,29.952815852438807,5.477229286564666,0.20503423848715538,64.66837233929219,2.319016607388054,0.9417439472734537,0.9781164172480685,0.9860242071657908
194,0,45,10,Median,40,[   0  765  891 1069 1528],4,765,126,382.0,34444.557603905174,17.94894391597637,-0.013248238480967381,29.952815852438807,5.477229286564666,0.20503423848715538,64.66837233929219,2.319016607388054,0.9417439472734537,0.9781164172480685,0.9860242071657908
195,0,45,10,Mode,40,[   0  765  891 1069 1528],4,765,126,382.0,34444.557603905174,17.94894391597637,-0.013248238480967381,29.952815852438807,5.477229286564666,0.20503423848715538,64.66837233929219,2.319016607388054,0.9417439472734537,0.9781164172480685,0.9860242071657908
196,0,45,15,Median,40,[   0  766 1528],2,766,762,764.0,8441.598808918785,4.700912426360454,0.011989245556723245,10.373717647025826,8.438867162087996,0.011989245556723245,10.373717647025826,8.438867162087996,0.9763758342217193,0.9895493635333533,0.9947712956482359
197,0,45,15,Mode,40,[   0  635 1528],2,893,635,764.0,6383.12200961532,4.147301969154902,0.013988953017794396,7.8311137928299335,9.661089712516961,0.013988953017794396,7.8311137928299335,9.661089712516961,0.7440369636209629,0.7986464166234153,0.9046727242760013
198,0,45,15,Median,40,[   0  765  902 1528],3,765,137,509.3333333333333,9451.188667084367,8.988355797212185,-0.011485612413443858,9.52489577630524,8.315642258917633,0.07680651336806266,11.629340001462957,4.608017107346956,0.9217675466530265,0.9594840352064558,0.9770404997955211
199,0,45,15,Mode,40,[   0  635 1064 1528],3,635,429,509.3333333333333,11574.983232858935,6.765591302503952,-0.013147370559823934,14.952491351133492,7.725551159992844,0.03471658765763119,18.00558133508816,6.59712210067069,0.8524204798690712,0.8446088992611659,0.8973423568311458
200,0,45,15,Median,40,[   0  635  766 1064 1528],4,635,131,382.0,12055.82771405588,9.175869731690241,-0.027269821512922503,14.341835981809018,6.139818591065258,0.0489238970656021,19.97647338884222,4.611748644265265,0.8866216731164746,0.8799357301573679,0.9164132352005578
201,0,45,15,Mode,40,[   0  635  765 1064 1528],4,635,130,382.0,11908.866674574514,9.091726452095822,-0.04357837716159649,14.296555453685112,6.152755775196334,0.035283798280349436,19.019138334029005,4.6127331306227575,0.8886490784405422,0.8808135250031982,0.9170512022366772
202,0,45,15,Median,40,[   0  765  862 1064 1528],4,765,97,382.0,25285.591169446223,15.849978525568512,-0.013737651680129982,23.614733778868114,5.550752791300793,0.1798755951575716,46.38184033182035,2.6263854369849993,0.9660773453674624,0.9884325612983087,0.9926350247105379
203,0,45,15,Mode,40,[   0  765  891 1064 1528],4,765,126,382.0,34037.555133539434,17.97113452314933,-0.014581922020022767,29.436979112608842,5.478983673210901,0.2041112139943976,64.87388881037373,2.3010252447217145,0.9535580544544162,0.9839598522603572,0.9897653578527297
204,0,45,15,Median,40,[   0  483  765  862 1064 1528],5,483,97,305.6,24695.13057332031,15.31796275438894,-0.01825269508840386,23.596054928077532,5.2793829765288995,0.16398430346657333,42.96287769099,2.632460848507672,0.9554241615657006,0.9733920754844417,0.9799849239828738
205,0,45,15,Mode,40,[   0  483  765  891 1064 1528],5,483,126,305.6,31355.057124163977,16.891887183621357,-0.016359772762174443,28.090717562038236,5.206901434875403,0.18438182766551314,57.56729265002666,2.3946513226812964,0.9456889309570833,0.9677732885235462,0.9757345711014432
206,0,45,15,Median,40,[   0  483  765  891 1064 1528],5,483,126,305.6,31355.057124163977,16.891887183621357,-0.016359772762174443,28.090717562038236,5.206901434875403,0.18438182766551314,57.56729265002666,2.3946513226812964,0.9456889309570833,0.9677732885235462,0.9757345711014432
207,0,45,15,Mode,40,[   0  483  765  891 1064 1528],5,483,126,305.6,31355.057124163977,16.891887183621357,-0.016359772762174443,28.090717562038236,5.206901434875403,0.18438182766551314,57.56729265002666,2.3946513226812964,0.9456889309570833,0.9677732885235462,0.9757345711014432
208,0,45,15,Median,40,[   0  483  765  891 1064 1528],5,483,126,305.6,31355.057124163977,16.891887183621357,-0.016359772762174443,28.090717562038236,5.206901434875403,0.18438182766551314,57.56729265002666,2.3946513226812964,0.9456889309570833,0.9677732885235462,0.9757345711014432
209,0,45,15,Mode,40,[   0  483  765  891 1064 1528],5,483,126,305.6,31355.057124163977,16.891887183621357,-0.016359772762174443,28.090717562038236,5.206901434875403,0.18438182766551314,57.56729265002666,2.3946513226812964,0.9456889309570833,0.9677732885235462,0.9757345711014432
210,0,45,15,Median,40,[   0  460  765  891 1064 1528],5,464,126,305.6,31724.935632431596,16.921839817140192,-0.01516315239996348,28.510312133553462,5.190394043672741,0.18764672177401404,58.21207778211255,2.3797065930597388,0.9158455191321182,0.9290244429166244,0.9464752794090997
211,0,45,15,Mode,40,[   0  460  765  891 1064 1528],5,464,126,305.6,31724.935632431596,16.921839817140192,-0.01516315239996348,28.510312133553462,5.190394043672741,0.18764672177401404,58.21207778211255,2.3797065930597388,0.9158455191321182,0.9290244429166244,0.9464752794090997
212,0,45,15,Median,40,[   0  460  765  891 1064 1528],5,464,126,305.6,31724.935632431596,16.921839817140192,-0.01516315239996348,28.510312133553462,5.190394043672741,0.18764672177401404,58.21207778211255,2.3797065930597388,0.9158455191321182,0.9290244429166244,0.9464752794090997
213,0,45,15,Mode,40,[   0  460  765  891 1064 1528],5,464,126,305.6,31724.935632431596,16.921839817140192,-0.01516315239996348,28.510312133553462,5.190394043672741,0.18764672177401404,58.21207778211255,2.3797065930597388,0.9158455191321182,0.9290244429166244,0.9464752794090997
214,0,45,15,Median,40,[   0  460  765  891 1064 1528],5,464,126,305.6,31724.935632431596,16.921839817140192,-0.01516315239996348,28.510312133553462,5.190394043672741,0.18764672177401404,58.21207778211255,2.3797065930597388,0.9158455191321182,0.9290244429166244,0.9464752794090997
215,0,45,15,Mode,40,[   0  460  765  891 1064 1528],5,464,126,305.6,31724.935632431596,16.921839817140192,-0.01516315239996348,28.510312133553462,5.190394043672741,0.18764672177401404,58.21207778211255,2.3797065930597388,0.9158455191321182,0.9290244429166244,0.9464752794090997
216,0,45,15,Median,40,[   0  460  765  891 1069 1528],5,460,126,305.6,32030.18748520589,16.905196861760473,-0.014637525840779765,28.909416899894254,5.199561304090111,0.18833899014358232,58.05794042880139,2.3932001150594933,0.9066797034178388,0.9216158279404526,0.940863616341613
217,0,45,15,Mode,40,[   0  460  765  891 1069 1528],5,460,126,305.6,32030.18748520589,16.905196861760473,-0.014637525840779765,28.909416899894254,5.199561304090111,0.18833899014358232,58.05794042880139,2.3932001150594933,0.9066797034178388,0.9216158279404526,0.940863616341613
218,0,45,15,Median,40,[   0  460  765  891 1069 1528],5,460,126,305.6,32030.18748520589,16.905196861760473,-0.014637525840779765,28.909416899894254,5.199561304090111,0.18833899014358232,58.05794042880139,2.3932001150594933,0.9066797034178388,0.9216158279404526,0.940863616341613
219,0,45,15,Mode,40,[   0  460  765  891 1069 1528],5,460,126,305.6,32030.18748520589,16.905196861760473,-0.014637525840779765,28.909416899894254,5.199561304090111,0.18833899014358232,58.05794042880139,2.3932001150594933,0.9066797034178388,0.9216158279404526,0.940863616341613
220,0,45,15,Median,40,[   0  460  765  891 1069 1528],5,460,126,305.6,32030.18748520589,16.905196861760473,-0.014637525840779765,28.909416899894254,5.199561304090111,0.18833899014358232,58.05794042880139,2.3932001150594933,0.9066797034178388,0.9216158279404526,0.940863616341613
221,0,45,15,Mode,40,[   0  460  765  891 1069 1528],5,460,126,305.6,32030.18748520589,16.905196861760473,-0.014637525840779765,28.909416899894254,5.199561304090111,0.18833899014358232,58.05794042880139,2.3932001150594933,0.9066797034178388,0.9216158279404526,0.940863616341613
222,0,45,15,Median,40,[   0  460  765  891 1069 1528],5,460,126,305.6,32030.18748520589,16.905196861760473,-0.014637525840779765,28.909416899894254,5.199561304090111,0.18833899014358232,58.05794042880139,2.3932001150594933,0.9066797034178388,0.9216158279404526,0.940863616341613
223,0,45,15,Mode,40,[   0  460  765  891 1069 1528],5,460,126,305.6,32030.18748520589,16.905196861760473,-0.014637525840779765,28.909416899894254,5.199561304090111,0.18833899014358232,58.05794042880139,2.3932001150594933,0.9066797034178388,0.9216158279404526,0.940863616341613
224,0,45,20,Median,40,[   0  766 1528],2,766,762,764.0,8441.598808918785,4.700912426360454,0.011989245556723245,10.373717647025826,8.438867162087996,0.011989245556723245,10.373717647025826,8.438867162087996,0.9763758342217193,0.9895493635333533,0.9947712956482359
225,0,45,20,Mode,40,[   0  635 1528],2,893,635,764.0,6383.12200961532,4.147301969154902,0.013988953017794396,7.8311137928299335,9.661089712516961,0.013988953017794396,7.8311137928299335,9.661089712516961,0.7440369636209629,0.7986464166234153,0.9046727242760013
226,0,45,20,Median,40,[   0  635  826 1528],3,702,191,509.3333333333333,4724.805149777112,5.627242195574974,-0.01440409723684651,6.392273261245117,8.860629823476836,0.012115851543599135,5.968443631283453,7.088447879173769,0.8593399486486635,0.888099421590699,0.9318024420519555
227,0,45,20,Mode,40,[   0  635  765 1528],3,763,130,509.3333333333333,4591.205418654881,6.418824339937322,-0.037510175654389466,7.463373828890343,7.928548211962183,-0.018302841674446995,6.4840895695627,5.92431858873775,0.857253717493059,0.897983246539619,0.9407987663460545
228,0,45,20,Median,40,[   0  635  825 1064 1528],4,635,190,382.0,19986.721867073615,11.531505064233308,-0.02401426430533647,18.738450642386212,7.81650793809947,0.08524673734046324,33.951162957286236,3.9851767984307087,0.8879527639922583,0.8715233424498627,0.9097899691408695
229,0,45,20,Mode,40,[   0  635  765 1064 1528],4,635,130,382.0,11908.866674574514,9.091726452095822,-0.04357837716159649,14.296555453685112,6.152755775196334,0.035283798280349436,19.019138334029005,4.6127331306227575,0.8886490784405422,0.8808135250031982,0.9170512022366772
230,0,45,20,Median,40,[   0  462  635  825 1064 1528],5,464,173,305.6,20249.204575907912,12.564502384324138,-0.04213426965677859,19.840790722435646,6.790010091717147,0.08392548593132168,32.49187564835936,3.0045346733456046,0.8911316766534189,0.9065404043161187,0.9299636824404764
231,0,45,20,Mode,40,[   0  483  765 1064 1528],4,483,282,382.0,20037.67601987761,10.942652157150434,-0.022685401385695813,20.369022370005748,5.571830419015212,0.0751161598351403,30.47017384175419,3.5073694145888914,0.9653888571301488,0.9779359699224205,0.9837894488053699
232,0,45,20,Median,40,[   0  462  765  861 1064 1528],5,464,96,305.6,24609.17870987881,15.219692678236527,-0.017399709100724626,23.72484711563844,5.276082618056771,0.16403613534558914,42.02082995955659,2.6150487475535997,0.9263827586312529,0.9374123838674577,0.9528497450307559
233,0,45,20,Mode,40,[   0  483  765  862 1064 1528],5,483,97,305.6,24695.13057332031,15.31796275438894,-0.01825269508840386,23.596054928077532,5.2793829765288995,0.16398430346657333,42.96287769099,2.632460848507672,0.9554241615657006,0.9733920754844417,0.9799849239828738
234,0,45,20,Median,40,[   0  462  765  891 1064 1528],5,464,126,305.6,31728.48033905917,16.930141923971135,-0.0151511654154101,28.502910269040857,5.190177394325824,0.18763436815698964,58.20622483183794,2.377125769343151,0.9180267921045042,0.9323079940803612,0.948957998177211
235,0,45,20,Mode,40,[   0  483  765  891 1064 1528],5,483,126,305.6,31355.057124163977,16.891887183621357,-0.016359772762174443,28.090717562038236,5.206901434875403,0.18438182766551314,57.56729265002666,2.3946513226812964,0.9456889309570833,0.9677732885235462,0.9757345711014432
236,0,45,20,Median,40,[   0  462  765  862  970 1064 1528],6,464,94,254.66666666666666,20128.527449838544,16.038109499419395,-0.044166239289091476,23.06033038636708,4.727775613775529,0.16963154305637546,39.84959821177956,2.3786503098900207,0.9329991664732558,0.9388448614767887,0.9534391200744244
237,0,45,20,Mode,40,[   0  483  765  862  970 1064 1528],6,483,94,254.66666666666666,19849.616409141,16.00692033690978,-0.04527167735669301,22.730242914922634,4.734824300512999,0.16680415415458955,39.38744220565722,2.3927106723467446,0.9592679033380718,0.9750112534542419,0.9810007570062741
238,0,45,20,Median,40,[   0  462  765  891  970 1064 1528],6,464,79,254.66666666666666,22581.796262247517,17.275147784902277,-0.0426571593561073,26.252458929685055,4.581908790524042,0.19246753663888758,46.31008876157553,2.1316908058286135,0.9249680801839213,0.9350314130130085,0.9505399728826972
239,0,45,20,Mode,40,[   0  483  765  891  970 1064 1528],6,483,79,254.66666666666666,22283.057690331363,17.244543992622454,-0.043935291898150444,25.91590792179508,4.5936123449630015,0.1898655042457064,45.7989430161265,2.1457112484991296,0.9512508341985855,0.9711901726356399,0.9780987261130624
240,0,45,20,Median,40,[   0  247  462  765  891  970 1064 1528],7,464,79,218.28571428571428,23574.996396084684,17.381928439834258,-0.0788880941990835,27.44885958155054,4.805785566937675,0.1851818840124787,49.20539986767372,1.9971071740357698,0.9265540497308893,0.935617300180422,0.9478179304371939
241,0,45,20,Mode,40,[   0  247  483  765  891  970 1064 1528],7,464,79,218.28571428571428,22834.47914999587,17.10286528274978,-0.07711705745618416,26.791066317205814,4.939017633239898,0.18264632746999662,47.563251368150894,2.0641381858308296,0.9467297874353786,0.9627897789657469,0.9698143331465314
242,0,45,20,Median,40,[   0  247  460  765  891  970 1064 1528],7,464,79,218.28571428571428,23593.230298977418,17.393560296930307,-0.07948549698599897,27.469489492340653,4.808818562940511,0.18504162602625862,49.24635076857694,1.994085756920876,0.9250149647345481,0.9331701247627084,0.9458409959334462
243,0,45,20,Mode,40,[   0  247  460  765  891  970 1064 1528],7,464,79,218.28571428571428,23593.230298977418,17.393560296930307,-0.07948549698599897,27.469489492340653,4.808818562940511,0.18504162602625862,49.24635076857694,1.994085756920876,0.9250149647345481,0.9331701247627084,0.9458409959334462
244,0,45,20,Median,40,[   0  247  460  765  891  970 1064 1528],7,464,79,218.28571428571428,23593.230298977418,17.393560296930307,-0.07948549698599897,27.469489492340653,4.808818562940511,0.18504162602625862,49.24635076857694,1.994085756920876,0.9250149647345481,0.9331701247627084,0.9458409959334462
245,0,45,20,Mode,40,[   0  247  460  765  891  970 1064 1528],7,464,79,218.28571428571428,23593.230298977418,17.393560296930307,-0.07948549698599897,27.469489492340653,4.808818562940511,0.18504162602625862,49.24635076857694,1.994085756920876,0.9250149647345481,0.9331701247627084,0.9458409959334462
246,0,45,20,Median,40,[   0  247  460  765  891  970 1064 1528],7,464,79,218.28571428571428,23593.230298977418,17.393560296930307,-0.07948549698599897,27.469489492340653,4.808818562940511,0.18504162602625862,49.24635076857694,1.994085756920876,0.9250149647345481,0.9331701247627084,0.9458409959334462
247,0,45,20,Mode,40,[   0  247  460  765  891  970 1064 1528],7,464,79,218.28571428571428,23593.230298977418,17.393560296930307,-0.07948549698599897,27.469489492340653,4.808818562940511,0.18504162602625862,49.24635076857694,1.994085756920876,0.9250149647345481,0.9331701247627084,0.9458409959334462
248,0,45,20,Median,40,[   0  247  460  765  891  970 1064 1528],7,464,79,218.28571428571428,23593.230298977418,17.393560296930307,-0.07948549698599897,27.469489492340653,4.808818562940511,0.18504162602625862,49.24635076857694,1.994085756920876,0.9250149647345481,0.9331701247627084,0.9458409959334462
249,0,45,20,Mode,40,[   0  247  460  765  891  970 1064 1528],7,464,79,218.28571428571428,23593.230298977418,17.393560296930307,-0.07948549698599897,27.469489492340653,4.808818562940511,0.18504162602625862,49.24635076857694,1.994085756920876,0.9250149647345481,0.9331701247627084,0.9458409959334462
250,0,45,20,Median,40,[   0  247  460  765  891  970 1064 1528],7,464,79,218.28571428571428,23593.230298977418,17.393560296930307,-0.07948549698599897,27.469489492340653,4.808818562940511,0.18504162602625862,49.24635076857694,1.994085756920876,0.9250149647345481,0.9331701247627084,0.9458409959334462
251,0,45,20,Mode,40,[   0  247  460  765  891  970 1064 1528],7,464,79,218.28571428571428,23593.230298977418,17.393560296930307,-0.07948549698599897,27.469489492340653,4.808818562940511,0.18504162602625862,49.24635076857694,1.994085756920876,0.9250149647345481,0.9331701247627084,0.9458409959334462
252,0,50,10,Median,40,[   0  766 1528],2,766,762,764.0,8441.598808918785,4.700912426360454,0.011989245556723245,10.373717647025826,8.438867162087996,0.011989245556723245,10.373717647025826,8.438867162087996,0.9763758342217193,0.9895493635333533,0.9947712956482359
253,0,50,10,Mode,40,[   0  635 1528],2,893,635,764.0,6383.12200961532,4.147301969154902,0.013988953017794396,7.8311137928299335,9.661089712516961,0.013988953017794396,7.8311137928299335,9.661089712516961,0.7440369636209629,0.7986464166234153,0.9046727242760013
254,0,50,10,Median,40,[   0  765 1007 1528],3,765,242,509.3333333333333,11725.432657814978,8.19120401929079,-0.010882171993546226,12.09980598543489,7.086006325333443,0.05883626620721484,15.704272482833076,4.948385314305062,0.9838648633621718,0.9932129696090906,0.995868014935954
255,0,50,10,Mode,40,[   0  635 1064 1528],3,635,429,509.3333333333333,11574.983232858935,6.765591302503952,-0.013147370559823934,14.952491351133492,7.725551159992844,0.03471658765763119,18.00558133508816,6.59712210067069,0.8524204798690712,0.8446088992611659,0.8973423568311458
256,0,50,10,Median,40,[   0  635  766 1064 1528],4,635,131,382.0,12055.82771405588,9.175869731690241,-0.027269821512922503,14.341835981809018,6.139818591065258,0.0489238970656021,19.97647338884222,4.611748644265265,0.8866216731164746,0.8799357301573679,0.9164132352005578
257,0,50,10,Mode,40,[   0  635  765 1064 1528],4,635,130,382.0,11908.866674574514,9.091726452095822,-0.04357837716159649,14.296555453685112,6.152755775196334,0.035283798280349436,19.019138334029005,4.6127331306227575,0.8886490784405422,0.8808135250031982,0.9170512022366772
258,0,50,10,Median,40,[   0  766  891 1064 1528],4,766,125,382.0,33731.80935637578,17.886153692932314,-0.02140507591347204,29.193417934194425,5.506796302670856,0.19605761993713788,68.43465078916269,2.2675377194895283,0.9510764651853058,0.9823881582643796,0.9887678989609175
259,0,50,10,Mode,40,[   0  765  891 1064 1528],4,765,126,382.0,34037.555133539434,17.97113452314933,-0.014581922020022767,29.436979112608842,5.478983673210901,0.2041112139943976,64.87388881037373,2.3010252447217145,0.9535580544544162,0.9839598522603572,0.9897653578527297
260,0,50,10,Median,40,[   0  765  891 1064 1528],4,765,126,382.0,34037.555133539434,17.97113452314933,-0.014581922020022767,29.436979112608842,5.478983673210901,0.2041112139943976,64.87388881037373,2.3010252447217145,0.9535580544544162,0.9839598522603572,0.9897653578527297
261,0,50,10,Mode,40,[   0  765  891 1064 1528],4,765,126,382.0,34037.555133539434,17.97113452314933,-0.014581922020022767,29.436979112608842,5.478983673210901,0.2041112139943976,64.87388881037373,2.3010252447217145,0.9535580544544162,0.9839598522603572,0.9897653578527297
262,0,50,10,Median,40,[   0  765  891 1064 1528],4,765,126,382.0,34037.555133539434,17.97113452314933,-0.014581922020022767,29.436979112608842,5.478983673210901,0.2041112139943976,64.87388881037373,2.3010252447217145,0.9535580544544162,0.9839598522603572,0.9897653578527297
263,0,50,10,Mode,40,[   0  765  891 1064 1528],4,765,126,382.0,34037.555133539434,17.97113452314933,-0.014581922020022767,29.436979112608842,5.478983673210901,0.2041112139943976,64.87388881037373,2.3010252447217145,0.9535580544544162,0.9839598522603572,0.9897653578527297
264,0,50,10,Median,40,[   0  635  765  891  950 1064 1528],6,635,59,254.66666666666666,16408.731318143105,15.035078550640492,-0.061387323238373134,20.848341171310842,5.305841733820807,0.13915052341084805,34.352898506443175,2.964555511967835,0.8629095553131712,0.8628103818437746,0.9012002475989483
265,0,50,10,Mode,40,[   0  635  765  891  950 1064 1528],6,635,59,254.66666666666666,16408.731318143105,15.035078550640492,-0.061387323238373134,20.848341171310842,5.305841733820807,0.13915052341084805,34.352898506443175,2.964555511967835,0.8629095553131712,0.8628103818437746,0.9012002475989483
266,0,50,10,Median,40,[   0  635  765  891  950 1064 1528],6,635,59,254.66666666666666,16408.731318143105,15.035078550640492,-0.061387323238373134,20.848341171310842,5.305841733820807,0.13915052341084805,34.352898506443175,2.964555511967835,0.8629095553131712,0.8628103818437746,0.9012002475989483
267,0,50,10,Mode,40,[   0  635  765  891  950 1064 1528],6,635,59,254.66666666666666,16408.731318143105,15.035078550640492,-0.061387323238373134,20.848341171310842,5.305841733820807,0.13915052341084805,34.352898506443175,2.964555511967835,0.8629095553131712,0.8628103818437746,0.9012002475989483
268,0,50,10,Median,40,[   0  635  765  891  950 1069 1528],6,635,59,254.66666666666666,16931.383795035374,15.164757328969614,-0.05884572284646279,21.36987322127675,5.3404228344594245,0.13975563256584925,34.15235119106869,2.9702784866650154,0.8543498050142312,0.856375407669735,0.8962717215410914
269,0,50,10,Mode,40,[   0  635  765  891  950 1069 1528],6,635,59,254.66666666666666,16931.383795035374,15.164757328969614,-0.05884572284646279,21.36987322127675,5.3404228344594245,0.13975563256584925,34.15235119106869,2.9702784866650154,0.8543498050142312,0.856375407669735,0.8962717215410914
270,0,50,10,Median,40,[   0  635  765  891  950 1069 1528],6,635,59,254.66666666666666,16931.383795035374,15.164757328969614,-0.05884572284646279,21.36987322127675,5.3404228344594245,0.13975563256584925,34.15235119106869,2.9702784866650154,0.8543498050142312,0.856375407669735,0.8962717215410914
271,0,50,10,Mode,40,[   0  635  765  891  950 1069 1528],6,635,59,254.66666666666666,16931.383795035374,15.164757328969614,-0.05884572284646279,21.36987322127675,5.3404228344594245,0.13975563256584925,34.15235119106869,2.9702784866650154,0.8543498050142312,0.856375407669735,0.8962717215410914
272,0,50,10,Median,40,[   0  635  765  891  950 1069 1528],6,635,59,254.66666666666666,16931.383795035374,15.164757328969614,-0.05884572284646279,21.36987322127675,5.3404228344594245,0.13975563256584925,34.15235119106869,2.9702784866650154,0.8543498050142312,0.856375407669735,0.8962717215410914
273,0,50,10,Mode,40,[   0  635  765  891  950 1069 1528],6,635,59,254.66666666666666,16931.383795035374,15.164757328969614,-0.05884572284646279,21.36987322127675,5.3404228344594245,0.13975563256584925,34.15235119106869,2.9702784866650154,0.8543498050142312,0.856375407669735,0.8962717215410914
274,0,50,10,Median,40,[   0  635  765  891  950 1069 1528],6,635,59,254.66666666666666,16931.383795035374,15.164757328969614,-0.05884572284646279,21.36987322127675,5.3404228344594245,0.13975563256584925,34.15235119106869,2.9702784866650154,0.8543498050142312,0.856375407669735,0.8962717215410914
275,0,50,10,Mode,40,[   0  635  765  891  950 1069 1528],6,635,59,254.66666666666666,16931.383795035374,15.164757328969614,-0.05884572284646279,21.36987322127675,5.3404228344594245,0.13975563256584925,34.15235119106869,2.9702784866650154,0.8543498050142312,0.856375407669735,0.8962717215410914
276,0,50,10,Median,40,[   0  635  765  891  950 1069 1528],6,635,59,254.66666666666666,16931.383795035374,15.164757328969614,-0.05884572284646279,21.36987322127675,5.3404228344594245,0.13975563256584925,34.15235119106869,2.9702784866650154,0.8543498050142312,0.856375407669735,0.8962717215410914
277,0,50,10,Mode,40,[   0  635  765  891  950 1069 1528],6,635,59,254.66666666666666,16931.383795035374,15.164757328969614,-0.05884572284646279,21.36987322127675,5.3404228344594245,0.13975563256584925,34.15235119106869,2.9702784866650154,0.8543498050142312,0.856375407669735,0.8962717215410914
278,0,50,10,Median,40,[   0  635  765  891  950 1069 1528],6,635,59,254.66666666666666,16931.383795035374,15.164757328969614,-0.05884572284646279,21.36987322127675,5.3404228344594245,0.13975563256584925,34.15235119106869,2.9702784866650154,0.8543498050142312,0.856375407669735,0.8962717215410914
279,0,50,10,Mode,40,[   0  635  765  891  950 1069 1528],6,635,59,254.66666666666666,16931.383795035374,15.164757328969614,-0.05884572284646279,21.36987322127675,5.3404228344594245,0.13975563256584925,34.15235119106869,2.9702784866650154,0.8543498050142312,0.856375407669735,0.8962717215410914
280,0,50,15,Median,40,[   0  766 1528],2,766,762,764.0,8441.598808918785,4.700912426360454,0.011989245556723245,10.373717647025826,8.438867162087996,0.011989245556723245,10.373717647025826,8.438867162087996,0.9763758342217193,0.9895493635333533,0.9947712956482359
281,0,50,15,Mode,40,[   0  635 1528],2,893,635,764.0,6383.12200961532,4.147301969154902,0.013988953017794396,7.8311137928299335,9.661089712516961,0.013988953017794396,7.8311137928299335,9.661089712516961,0.7440369636209629,0.7986464166234153,0.9046727242760013
282,0,50,15,Median,40,[   0  765  913 1528],3,765,148,509.3333333333333,8955.208839218767,8.442810100015707,-0.01166193332194727,9.031426003705342,8.678200185512067,0.07734636661439237,10.881703577968096,4.995528887720037,0.905079468845273,0.9460471806857562,0.9693529670019947
283,0,50,15,Mode,40,[   0  635 1064 1528],3,635,429,509.3333333333333,11574.983232858935,6.765591302503952,-0.013147370559823934,14.952491351133492,7.725551159992844,0.03471658765763119,18.00558133508816,6.59712210067069,0.8524204798690712,0.8446088992611659,0.8973423568311458
284,0,50,15,Median,40,[   0  635  766 1064 1528],4,635,131,382.0,12055.82771405588,9.175869731690241,-0.027269821512922503,14.341835981809018,6.139818591065258,0.0489238970656021,19.97647338884222,4.611748644265265,0.8866216731164746,0.8799357301573679,0.9164132352005578
285,0,50,15,Mode,40,[   0  635  765 1064 1528],4,635,130,382.0,11908.866674574514,9.091726452095822,-0.04357837716159649,14.296555453685112,6.152755775196334,0.035283798280349436,19.019138334029005,4.6127331306227575,0.8886490784405422,0.8808135250031982,0.9170512022366772
286,0,50,15,Median,40,[   0  483  635  766 1064 1528],5,483,131,305.6,12888.227655334573,9.945449567371051,-0.04285846224301114,16.101709114434964,5.917268125350036,0.04945253731073536,19.14638049221857,3.9690649872736756,0.9148981132629275,0.9449264610453242,0.9588640022436599
287,0,50,15,Mode,40,[   0  483  765 1064 1528],4,483,282,382.0,20037.67601987761,10.942652157150434,-0.022685401385695813,20.369022370005748,5.571830419015212,0.0751161598351403,30.47017384175419,3.5073694145888914,0.9653888571301488,0.9779359699224205,0.9837894488053699
288,0,50,15,Median,40,[   0  483  765  862 1064 1528],5,483,97,305.6,24695.13057332031,15.31796275438894,-0.01825269508840386,23.596054928077532,5.2793829765288995,0.16398430346657333,42.96287769099,2.632460848507672,0.9554241615657006,0.9733920754844417,0.9799849239828738
289,0,50,15,Mode,40,[   0  483  765  891 1064 1528],5,483,126,305.6,31355.057124163977,16.891887183621357,-0.016359772762174443,28.090717562038236,5.206901434875403,0.18438182766551314,57.56729265002666,2.3946513226812964,0.9456889309570833,0.9677732885235462,0.9757345711014432
290,0,50,15,Median,40,[   0  483  765  891 1064 1528],5,483,126,305.6,31355.057124163977,16.891887183621357,-0.016359772762174443,28.090717562038236,5.206901434875403,0.18438182766551314,57.56729265002666,2.3946513226812964,0.9456889309570833,0.9677732885235462,0.9757345711014432
291,0,50,15,Mode,40,[   0  483  765  891 1064 1528],5,483,126,305.6,31355.057124163977,16.891887183621357,-0.016359772762174443,28.090717562038236,5.206901434875403,0.18438182766551314,57.56729265002666,2.3946513226812964,0.9456889309570833,0.9677732885235462,0.9757345711014432
292,0,50,15,Median,40,[   0  483  765  886 1064 1528],5,483,121,305.6,30810.97456112231,16.79336943549868,-0.01644442632403773,27.75071180786258,5.1360504903952675,0.1834542049448487,56.34596243647853,2.409675369954073,0.9507759135169281,0.9708499946619608,0.9780535773219661
293,0,50,15,Mode,40,[   0  483  765  891 1064 1528],5,483,126,305.6,31355.057124163977,16.891887183621357,-0.016359772762174443,28.090717562038236,5.206901434875403,0.18438182766551314,57.56729265002666,2.3946513226812964,0.9456889309570833,0.9677732885235462,0.9757345711014432
294,0,50,15,Median,40,[   0  483  765  891  950 1064 1528],6,483,59,254.66666666666666,21223.925684761693,16.481936129428046,-0.044868494166030164,24.780022162116218,4.639715971917731,0.16795874881244535,41.055423645633525,2.251561887008494,0.9306465957574048,0.9640237659085981,0.9726577703295923
295,0,50,15,Mode,40,[   0  483  765  891  950 1064 1528],6,483,59,254.66666666666666,21223.925684761693,16.481936129428046,-0.044868494166030164,24.780022162116218,4.639715971917731,0.16795874881244535,41.055423645633525,2.251561887008494,0.9306465957574048,0.9640237659085981,0.9726577703295923
296,0,50,15,Median,40,[   0  460  765  891  950 1064 1528],6,464,59,254.66666666666666,21519.828491375785,16.50589823624312,-0.043515655332370264,25.120263398637803,4.629367265944002,0.17057066409924604,41.57125175130223,2.239606103311248,0.9022888388084217,0.9245143483310831,0.942532214360571
297,0,50,15,Mode,40,[   0  460  765  891  950 1064 1528],6,464,59,254.66666666666666,21519.828491375785,16.50589823624312,-0.043515655332370264,25.120263398637803,4.629367265944002,0.17057066409924604,41.57125175130223,2.239606103311248,0.9022888388084217,0.9245143483310831,0.942532214360571
298,0,50,15,Median,40,[   0  460  765  891  950 1064 1528],6,464,59,254.66666666666666,21519.828491375785,16.50589823624312,-0.043515655332370264,25.120263398637803,4.629367265944002,0.17057066409924604,41.57125175130223,2.239606103311248,0.9022888388084217,0.9245143483310831,0.942532214360571
299,0,50,15,Mode,40,[   0  460  765  891  950 1064 1528],6,464,59,254.66666666666666,21519.828491375785,16.50589823624312,-0.043515655332370264,25.120263398637803,4.629367265944002,0.17057066409924604,41.57125175130223,2.239606103311248,0.9022888388084217,0.9245143483310831,0.942532214360571
300,0,50,15,Median,40,[   0  460  765  891  950 1064 1528],6,464,59,254.66666666666666,21519.828491375785,16.50589823624312,-0.043515655332370264,25.120263398637803,4.629367265944002,0.17057066409924604,41.57125175130223,2.239606103311248,0.9022888388084217,0.9245143483310831,0.942532214360571
301,0,50,15,Mode,40,[   0  460  765  891  950 1064 1528],6,464,59,254.66666666666666,21519.828491375785,16.50589823624312,-0.043515655332370264,25.120263398637803,4.629367265944002,0.17057066409924604,41.57125175130223,2.239606103311248,0.9022888388084217,0.9245143483310831,0.942532214360571
302,0,50,15,Median,40,[   0  460  765  891  950 1064 1528],6,464,59,254.66666666666666,21519.828491375785,16.50589823624312,-0.043515655332370264,25.120263398637803,4.629367265944002,0.17057066409924604,41.57125175130223,2.239606103311248,0.9022888388084217,0.9245143483310831,0.942532214360571
303,0,50,15,Mode,40,[   0  460  765  891  950 1064 1528],6,464,59,254.66666666666666,21519.828491375785,16.50589823624312,-0.043515655332370264,25.120263398637803,4.629367265944002,0.17057066409924604,41.57125175130223,2.239606103311248,0.9022888388084217,0.9245143483310831,0.942532214360571
304,0,50,15,Median,40,[   0  460  765  891  950 1069 1528],6,460,59,254.66666666666666,22042.480968268053,16.635577014572238,-0.04087805595069168,25.655596651391342,4.637079687807298,0.17117577325424724,41.37070443592774,2.2453290780084285,0.8940567484322229,0.9176207293040398,0.9372493986341316
305,0,50,15,Mode,40,[   0  460  765  891  950 1069 1528],6,460,59,254.66666666666666,22042.480968268053,16.635577014572238,-0.04087805595069168,25.655596651391342,4.637079687807298,0.17117577325424724,41.37070443592774,2.2453290780084285,0.8940567484322229,0.9176207293040398,0.9372493986341316
306,0,50,15,Median,40,[   0  460  765  891  950 1069 1528],6,460,59,254.66666666666666,22042.480968268053,16.635577014572238,-0.04087805595069168,25.655596651391342,4.637079687807298,0.17117577325424724,41.37070443592774,2.2453290780084285,0.8940567484322229,0.9176207293040398,0.9372493986341316
307,0,50,15,Mode,40,[   0  460  765  891  950 1069 1528],6,460,59,254.66666666666666,22042.480968268053,16.635577014572238,-0.04087805595069168,25.655596651391342,4.637079687807298,0.17117577325424724,41.37070443592774,2.2453290780084285,0.8940567484322229,0.9176207293040398,0.9372493986341316
308,0,50,20,Median,40,[   0  766 1528],2,766,762,764.0,8441.598808918785,4.700912426360454,0.011989245556723245,10.373717647025826,8.438867162087996,0.011989245556723245,10.373717647025826,8.438867162087996,0.9763758342217193,0.9895493635333533,0.9947712956482359
309,0,50,20,Mode,40,[   0  635 1528],2,893,635,764.0,6383.12200961532,4.147301969154902,0.013988953017794396,7.8311137928299335,9.661089712516961,0.013988953017794396,7.8311137928299335,9.661089712516961,0.7440369636209629,0.7986464166234153,0.9046727242760013
310,0,50,20,Median,40,[   0  635  861 1528],3,667,226,509.3333333333333,5089.60833984123,5.487851991828343,-0.012757553498749932,6.498019458817433,9.018414358545847,0.020739309462515204,6.402968000284414,7.352332275379437,0.8388341399041888,0.8682477055714861,0.9177384691812895
311,0,50,20,Mode,40,[   0  635  765 1528],3,763,130,509.3333333333333,4591.205418654881,6.418824339937322,-0.037510175654389466,7.463373828890343,7.928548211962183,-0.018302841674446995,6.4840895695627,5.92431858873775,0.857253717493059,0.897983246539619,0.9407987663460545
312,0,50,20,Median,40,[   0  635  825 1064 1528],4,635,190,382.0,19986.721867073615,11.531505064233308,-0.02401426430533647,18.738450642386212,7.81650793809947,0.08524673734046324,33.951162957286236,3.9851767984307087,0.8879527639922583,0.8715233424498627,0.9097899691408695
313,0,50,20,Mode,40,[   0  635  765 1064 1528],4,635,130,382.0,11908.866674574514,9.091726452095822,-0.04357837716159649,14.296555453685112,6.152755775196334,0.035283798280349436,19.019138334029005,4.6127331306227575,0.8886490784405422,0.8808135250031982,0.9170512022366772
314,0,50,20,Median,40,[   0  474  635  825 1064 1528],5,474,161,305.6,20187.52682615426,12.666013193188308,-0.042367236018456524,19.717909205780174,6.785166984860256,0.08341444694583983,32.41599242930246,2.9717918715582585,0.9039437948426037,0.9231898231706992,0.9424813971066024
315,0,50,20,Mode,40,[   0  483  765 1064 1528],4,483,282,382.0,20037.67601987761,10.942652157150434,-0.022685401385695813,20.369022370005748,5.571830419015212,0.0751161598351403,30.47017384175419,3.5073694145888914,0.9653888571301488,0.9779359699224205,0.9837894488053699
316,0,50,20,Median,40,[   0  474  765  861 1064 1528],5,474,96,305.6,24477.479878946655,15.218353726414124,-0.017899425295371755,23.55942279434086,5.282210252526054,0.16240605127822608,41.78841057211304,2.6178012432160735,0.9409372220362324,0.9573872849476013,0.9679240600037229
317,0,50,20,Mode,40,[   0  483  765  862 1064 1528],5,483,97,305.6,24695.13057332031,15.31796275438894,-0.01825269508840386,23.596054928077532,5.2793829765288995,0.16398430346657333,42.96287769099,2.632460848507672,0.9554241615657006,0.9733920754844417,0.9799849239828738
318,0,50,20,Median,40,[   0  474  765  891 1064 1528],5,474,126,305.6,31585.247613807944,16.92914479494977,-0.015663740990553326,28.333555365001082,5.195611497492426,0.1860603240486034,57.94388528051235,2.3798483096544016,0.9325131578393322,0.9523565402683303,0.9641037787860368
319,0,50,20,Mode,40,[   0  483  765  891 1064 1528],5,483,126,305.6,31355.057124163977,16.891887183621357,-0.016359772762174443,28.090717562038236,5.206901434875403,0.18438182766551314,57.56729265002666,2.3946513226812964,0.9456889309570833,0.9677732885235462,0.9757345711014432
320,0,50,20,Median,40,[   0  474  765  862  950 1064 1528],6,474,88,254.66666666666666,19762.126382660543,15.313671180477218,-0.04200141874935048,22.369085259280997,4.843243839717494,0.15456405542816867,38.87335684719814,2.52245509343625,0.9255381706078828,0.9514687556661617,0.9630751746858729
321,0,50,20,Mode,40,[   0  483  765  825  913 1064 1528],6,483,60,254.66666666666666,19989.960256160586,15.129566616350456,-0.041640006084166105,21.73948291584973,4.799961461050608,0.14346533755454619,37.706091429555215,2.6927122845363356,0.9354453338280477,0.9607271485845119,0.9703118644868443
322,0,50,20,Median,40,[   0  474  765  891  970 1064 1528],6,474,79,254.66666666666666,22467.210082046535,17.274350081685185,-0.04317209529027034,26.1141815636648,4.585109044109685,0.1912083013521786,46.100217120515055,2.133868838077614,0.9387330392040867,0.9554741186637372,0.9661292208107627
323,0,50,20,Mode,40,[   0  483  765  891  970 1064 1528],6,483,79,254.66666666666666,22283.057690331363,17.244543992622454,-0.043935291898150444,25.91590792179508,4.5936123449630015,0.1898655042457064,45.7989430161265,2.1457112484991296,0.9512508341985855,0.9711901726356399,0.9780987261130624
324,0,50,20,Median,40,[   0  247  474  765  891  970 1064 1528],7,464,79,218.28571428571428,23208.46641986389,17.23762134510774,-0.077537626896789,27.12679400298781,4.867079534132624,0.1839839551468996,48.41121205797064,2.031324912671454,0.9369738224917487,0.9508169191077468,0.9601137593311281
325,0,50,20,Mode,40,[   0  247  483  765  891  970 1064 1528],7,464,79,218.28571428571428,22834.47914999587,17.10286528274978,-0.07711705745618416,26.791066317205814,4.939017633239898,0.18264632746999662,47.563251368150894,2.0641381858308296,0.9467297874353786,0.9627897789657469,0.9698143331465314
326,0,50,20,Median,40,[   0  247  460  765  891  970 1064 1528],7,464,79,218.28571428571428,23593.230298977418,17.393560296930307,-0.07948549698599897,27.469489492340653,4.808818562940511,0.18504162602625862,49.24635076857694,1.994085756920876,0.9250149647345481,0.9331701247627084,0.9458409959334462
327,0,50,20,Mode,40,[   0  247  460  765  891  970 1064 1528],7,464,79,218.28571428571428,23593.230298977418,17.393560296930307,-0.07948549698599897,27.469489492340653,4.808818562940511,0.18504162602625862,49.24635076857694,1.994085756920876,0.9250149647345481,0.9331701247627084,0.9458409959334462
328,0,50,20,Median,40,[   0  247  460  765  891  970 1064 1528],7,464,79,218.28571428571428,23593.230298977418,17.393560296930307,-0.07948549698599897,27.469489492340653,4.808818562940511,0.18504162602625862,49.24635076857694,1.994085756920876,0.9250149647345481,0.9331701247627084,0.9458409959334462
329,0,50,20,Mode,40,[   0  247  460  765  891  970 1064 1528],7,464,79,218.28571428571428,23593.230298977418,17.393560296930307,-0.07948549698599897,27.469489492340653,4.808818562940511,0.18504162602625862,49.24635076857694,1.994085756920876,0.9250149647345481,0.9331701247627084,0.9458409959334462
330,0,50,20,Median,40,[   0  247  460  765  891  970 1064 1528],7,464,79,218.28571428571428,23593.230298977418,17.393560296930307,-0.07948549698599897,27.469489492340653,4.808818562940511,0.18504162602625862,49.24635076857694,1.994085756920876,0.9250149647345481,0.9331701247627084,0.9458409959334462
331,0,50,20,Mode,40,[   0  247  460  765  891  970 1064 1528],7,464,79,218.28571428571428,23593.230298977418,17.393560296930307,-0.07948549698599897,27.469489492340653,4.808818562940511,0.18504162602625862,49.24635076857694,1.994085756920876,0.9250149647345481,0.9331701247627084,0.9458409959334462
332,0,50,20,Median,40,[   0  247  460  765  891  970 1064 1528],7,464,79,218.28571428571428,23593.230298977418,17.393560296930307,-0.07948549698599897,27.469489492340653,4.808818562940511,0.18504162602625862,49.24635076857694,1.994085756920876,0.9250149647345481,0.9331701247627084,0.9458409959334462
333,0,50,20,Mode,40,[   0  247  460  765  891  970 1064 1528],7,464,79,218.28571428571428,23593.230298977418,17.393560296930307,-0.07948549698599897,27.469489492340653,4.808818562940511,0.18504162602625862,49.24635076857694,1.994085756920876,0.9250149647345481,0.9331701247627084,0.9458409959334462
334,0,50,20,Median,40,[   0  247  460  765  891  970 1064 1528],7,464,79,218.28571428571428,23593.230298977418,17.393560296930307,-0.07948549698599897,27.469489492340653,4.808818562940511,0.18504162602625862,49.24635076857694,1.994085756920876,0.9250149647345481,0.9331701247627084,0.9458409959334462
335,0,50,20,Mode,40,[   0  247  460  765  891  970 1064 1528],7,464,79,218.28571428571428,23593.230298977418,17.393560296930307,-0.07948549698599897,27.469489492340653,4.808818562940511,0.18504162602625862,49.24635076857694,1.994085756920876,0.9250149647345481,0.9331701247627084,0.9458409959334462
336,40,35,10,Median,40,[   0  483  950 1528],3,578,467,509.3333333333333,4605.600209448524,4.191846211994763,-0.01836095456018202,5.627300673364771,11.70768484429796,0.01490164954729512,5.476817749440842,10.26095550464915,0.9224132550478397,0.9446326371713392,0.9631953860180943
337,40,35,10,Mode,40,[   0  483 1064 1528],3,581,464,509.3333333333333,14909.93308986081,7.415409027009014,-0.009486391222875238,17.21894340470619,6.536529386585069,0.037368277983609255,23.30654157131581,5.591338726114996,0.964799574643987,0.9777821796596795,0.9852446642291223
338,40,35,10,Median,40,[   0  641  950 1528],3,641,309,509.3333333333333,3666.4404140743723,4.017577651735081,-0.02132218963569879,4.948638310659547,12.81360498870795,0.010794859131745277,4.250878773489466,10.946572167557436,0.8184803213325392,0.8474724158255118,0.904276663341048
339,40,35,10,Mode,40,[   0  754 1064 1528],3,754,310,509.3333333333333,16089.644984973176,8.897591613956104,-0.00796115144397304,18.908278744491316,5.532037231475592,0.06931538130382259,23.80670104379495,4.68130211251453,0.9661726990443295,0.9818181683749323,0.9887034246815457
340,40,35,10,Median,40,[   0  483  891 1064 1528],4,483,173,382.0,34082.1597876597,15.136003813910468,-0.014136537224938153,28.748496717135133,4.963235632180973,0.1376942275357632,66.70797924381382,3.0497087965179923,0.9409166458707875,0.9599803707864711,0.9709840317765999
341,40,35,10,Mode,40,[   0  483  891 1064 1528],4,483,173,382.0,34082.1597876597,15.136003813910468,-0.014136537224938153,28.748496717135133,4.963235632180973,0.1376942275357632,66.70797924381382,3.0497087965179923,0.9409166458707875,0.9599803707864711,0.9709840317765999
342,40,35,10,Median,40,[   0  483  754  902 1064 1528],5,483,148,305.6,32148.007564704247,17.044591853138584,-0.02027335068518771,28.187790799185635,5.0958304522470526,0.17767574520252194,58.01520088236558,2.3089444472105645,0.9284844068110999,0.9565744674078216,0.9672841290436653
343,40,35,10,Mode,40,[   0  483  754  891 1064 1528],5,483,137,305.6,33478.53774455573,17.393831257512726,-0.016304916729090832,29.495113382900975,4.983792931598373,0.18853383268074242,61.06687268212949,2.27029655465641,0.9377933369397697,0.9632231828005877,0.9722992476631597
344,40,35,10,Median,40,[   0  483  754  891  950 1064 1528],6,483,59,254.66666666666666,22503.8483814325,16.861267213120424,-0.04363316103765413,25.91883944108006,4.453792219186872,0.1713453224923579,43.10678709753821,2.153345452415036,0.9231610395246772,0.9593786392831871,0.9691079422740841
345,40,35,10,Mode,40,[   0  483  754  891  950 1064 1528],6,483,59,254.66666666666666,22503.8483814325,16.861267213120424,-0.04363316103765413,25.91883944108006,4.453792219186872,0.1713453224923579,43.10678709753821,2.153345452415036,0.9231610395246772,0.9593786392831871,0.9691079422740841
346,40,35,10,Median,40,[   0  483  556  754  891  950 1064 1528],7,483,59,218.28571428571428,19443.78402913842,17.227355621121394,-0.060212383258555685,24.020087842264452,4.282742494894123,0.16708654141954127,37.29717671511413,1.9758135866230366,0.9264585016708893,0.962221237957889,0.9708461086452399
347,40,35,10,Mode,40,[   0  483  556  754  891  950 1064 1528],7,483,59,218.28571428571428,19443.78402913842,17.227355621121394,-0.060212383258555685,24.020087842264452,4.282742494894123,0.16708654141954127,37.29717671511413,1.9758135866230366,0.9264585016708893,0.962221237957889,0.9708461086452399
348,40,35,10,Median,40,[   0  483  556  754  891  950 1064 1291 1528],8,483,59,191.0,17187.75210307932,15.983632094669455,-0.07678636145697494,21.744748957050117,5.354710694002474,0.16091290188030333,35.368004786281,2.3567061705503733,0.9049753850464283,0.9228305409917925,0.9369000107928468
349,40,35,10,Mode,40,[   0  483  556  754  891  950 1064 1291 1528],8,483,59,191.0,17187.75210307932,15.983632094669455,-0.07678636145697494,21.744748957050117,5.354710694002474,0.16091290188030333,35.368004786281,2.3567061705503733,0.9049753850464283,0.9228305409917925,0.9369000107928468
350,40,35,10,Median,40,[   0  483  556  754  891  950 1064 1291 1528],8,483,59,191.0,17187.75210307932,15.983632094669455,-0.07678636145697494,21.744748957050117,5.354710694002474,0.16091290188030333,35.368004786281,2.3567061705503733,0.9049753850464283,0.9228305409917925,0.9369000107928468
351,40,35,10,Mode,40,[   0  483  556  754  891  950 1064 1291 1528],8,483,59,191.0,17187.75210307932,15.983632094669455,-0.07678636145697494,21.744748957050117,5.354710694002474,0.16091290188030333,35.368004786281,2.3567061705503733,0.9049753850464283,0.9228305409917925,0.9369000107928468
352,40,35,10,Median,40,[   0  483  556  754  891  950 1064 1291 1528],8,483,59,191.0,17187.75210307932,15.983632094669455,-0.07678636145697494,21.744748957050117,5.354710694002474,0.16091290188030333,35.368004786281,2.3567061705503733,0.9049753850464283,0.9228305409917925,0.9369000107928468
353,40,35,10,Mode,40,[   0  483  556  754  891  950 1064 1291 1528],8,483,59,191.0,17187.75210307932,15.983632094669455,-0.07678636145697494,21.744748957050117,5.354710694002474,0.16091290188030333,35.368004786281,2.3567061705503733,0.9049753850464283,0.9228305409917925,0.9369000107928468
354,40,35,10,Median,40,[   0  483  556  754  891  950 1064 1291 1528],8,483,59,191.0,17187.75210307932,15.983632094669455,-0.07678636145697494,21.744748957050117,5.354710694002474,0.16091290188030333,35.368004786281,2.3567061705503733,0.9049753850464283,0.9228305409917925,0.9369000107928468
355,40,35,10,Mode,40,[   0  483  556  754  891  950 1064 1291 1528],8,483,59,191.0,17187.75210307932,15.983632094669455,-0.07678636145697494,21.744748957050117,5.354710694002474,0.16091290188030333,35.368004786281,2.3567061705503733,0.9049753850464283,0.9228305409917925,0.9369000107928468
356,40,35,10,Median,40,[   0  483  556  754  891  950 1064 1291 1528],8,483,59,191.0,17187.75210307932,15.983632094669455,-0.07678636145697494,21.744748957050117,5.354710694002474,0.16091290188030333,35.368004786281,2.3567061705503733,0.9049753850464283,0.9228305409917925,0.9369000107928468
357,40,35,10,Mode,40,[   0  483  556  754  891  950 1064 1291 1528],8,483,59,191.0,17187.75210307932,15.983632094669455,-0.07678636145697494,21.744748957050117,5.354710694002474,0.16091290188030333,35.368004786281,2.3567061705503733,0.9049753850464283,0.9228305409917925,0.9369000107928468
358,40,35,10,Median,40,[   0  420  466  556  754  891  950 1064 1291 1528],9,420,46,169.77777777777777,14100.291686522996,15.136807042177784,-0.12857910741415182,19.571942621827453,7.041557029787753,0.13767043966856218,34.13648627081536,2.558802984235175,0.9024192132119755,0.9169365091292767,0.9299974644587692
359,40,35,10,Mode,40,[   0  420  466  556  754  891  950 1064 1291 1528],9,420,46,169.77777777777777,14100.291686522996,15.136807042177784,-0.12857910741415182,19.571942621827453,7.041557029787753,0.13767043966856218,34.13648627081536,2.558802984235175,0.9024192132119755,0.9169365091292767,0.9299974644587692
360,40,35,10,Median,40,[   0  420  466  556  754  891  950 1064 1291 1528],9,420,46,169.77777777777777,14100.291686522996,15.136807042177784,-0.12857910741415182,19.571942621827453,7.041557029787753,0.13767043966856218,34.13648627081536,2.558802984235175,0.9024192132119755,0.9169365091292767,0.9299974644587692
361,40,35,10,Mode,40,[   0  420  466  556  754  891  950 1064 1291 1528],9,420,46,169.77777777777777,14100.291686522996,15.136807042177784,-0.12857910741415182,19.571942621827453,7.041557029787753,0.13767043966856218,34.13648627081536,2.558802984235175,0.9024192132119755,0.9169365091292767,0.9299974644587692
362,40,35,10,Median,40,[   0  420  466  556  754  891  950 1064 1291 1528],9,420,46,169.77777777777777,14100.291686522996,15.136807042177784,-0.12857910741415182,19.571942621827453,7.041557029787753,0.13767043966856218,34.13648627081536,2.558802984235175,0.9024192132119755,0.9169365091292767,0.9299974644587692
363,40,35,10,Mode,40,[   0  420  466  556  754  891  950 1064 1291 1528],9,420,46,169.77777777777777,14100.291686522996,15.136807042177784,-0.12857910741415182,19.571942621827453,7.041557029787753,0.13767043966856218,34.13648627081536,2.558802984235175,0.9024192132119755,0.9169365091292767,0.9299974644587692
364,40,35,15,Median,40,[   0  483  950 1528],3,578,467,509.3333333333333,4605.600209448524,4.191846211994763,-0.01836095456018202,5.627300673364771,11.70768484429796,0.01490164954729512,5.476817749440842,10.26095550464915,0.9224132550478397,0.9446326371713392,0.9631953860180943
365,40,35,15,Mode,40,[   0  483 1064 1528],3,581,464,509.3333333333333,14909.93308986081,7.415409027009014,-0.009486391222875238,17.21894340470619,6.536529386585069,0.037368277983609255,23.30654157131581,5.591338726114996,0.964799574643987,0.9777821796596795,0.9852446642291223
366,40,35,15,Median,40,[   0  483  891 1064 1528],4,483,173,382.0,34082.1597876597,15.136003813910468,-0.014136537224938153,28.748496717135133,4.963235632180973,0.1376942275357632,66.70797924381382,3.0497087965179923,0.9409166458707875,0.9599803707864711,0.9709840317765999
367,40,35,15,Mode,40,[   0  483  891 1064 1528],4,483,173,382.0,34082.1597876597,15.136003813910468,-0.014136537224938153,28.748496717135133,4.963235632180973,0.1376942275357632,66.70797924381382,3.0497087965179923,0.9409166458707875,0.9599803707864711,0.9709840317765999
368,40,35,15,Median,40,[   0  111  556 1451 1528],4,895,77,382.0,14424.46279334439,11.434848779225897,-0.0330352684416579,19.66135025613465,6.705329988125527,0.15600074378775589,17.55618388971128,5.508736891207712,0.9225628267797337,0.9620919124251456,0.9789262699300179
369,40,35,15,Mode,40,[   0  111  754 1064 1451 1528],5,643,77,305.6,16971.567702788932,11.894847241976755,-0.03633709253760736,22.507028975255448,4.244555603705964,0.18943885290092904,26.28248354493037,3.7557631926369943,0.9210996006729782,0.9288866555783702,0.9507082877415611
370,40,35,15,Median,40,[   0  111  483  886 1064 1451 1528],6,403,77,254.66666666666666,25261.762691724427,14.608161352061924,-0.047944872716635806,27.04413342210884,4.778214318147968,0.18702973005764828,49.04055825899547,3.068245182286497,0.9169367921975118,0.9215234812747096,0.9387337292054517
371,40,35,15,Mode,40,[   0  111  483  891 1064 1451 1528],6,408,77,254.66666666666666,25663.472738337958,14.754240414367562,-0.04689944647411524,27.323725581513337,4.777567016936282,0.19011800272746396,50.02046181412313,3.0611994723360096,0.910962239186464,0.9147638401798953,0.9334526356818394
372,40,35,15,Median,40,[   0  111  483  754  902 1064 1451 1528],7,387,77,218.28571428571428,25925.074236515688,16.16511663599674,-0.03722087976848726,27.46044113103636,4.801480091387177,0.21565959578264968,50.232531514172415,2.5123514669584046,0.9031523534921908,0.9047379103352708,0.923247912616664
373,40,35,15,Mode,40,[   0  111  483  754  891 1064 1451 1528],7,387,77,218.28571428571428,26713.21617305756,16.38887347309871,-0.03241969078446155,28.38740947538072,4.561341286251059,0.22260508615134236,52.092311397109285,2.48739106242718,0.9109582303118028,0.9128010627547577,0.9297828301690068
374,40,35,15,Median,40,[   0  250  483  754  902 1064 1451 1528],7,387,77,218.28571428571428,26678.76462062499,16.161915053868697,-0.06013908915665946,26.45173843068267,6.321905057784636,0.1869761177834087,53.77293965581114,2.309173976901316,0.9339165804255521,0.9429802473475037,0.9526681625215806
375,40,35,15,Mode,40,[   0  111  250  483  754  891 1064 1451 1528],8,387,77,191.0,25537.0404948078,16.613818240497313,-0.06258998102651184,27.746155360579532,5.839729992348375,0.19688170667376464,54.15825915001768,2.274965170700404,0.9183441218506987,0.9253456767958089,0.9371485899539932
376,40,35,15,Median,40,[   0  250  483  556  754  902 1064 1451 1528],8,387,73,191.0,23716.964783127296,16.69740020454149,-0.07134963688244653,24.818796798795635,5.9142630316358025,0.19973968766913977,52.14194251409088,2.2481528449658756,0.9361905932562545,0.9452675041586494,0.9539694837201061
377,40,35,15,Mode,40,[   0  111  250  483  556  754  891 1064 1451 1528],9,387,73,169.77777777777777,23130.69698176175,17.025764428410255,-0.06126388967960419,26.2327650312079,5.381577407150361,0.20704181674107133,52.742438304064514,2.2211140443017685,0.9212035927361352,0.926499501064796,0.9373366413094891
378,40,35,15,Median,40,[   0  250  483  556  754  891  950 1064 1451 1528],9,387,59,169.77777777777777,19108.964346452507,16.667231530230353,-0.07777607243592492,23.974713148194486,5.396772188003331,0.19450022197012368,44.27626802073205,2.1506898034088224,0.9316873903013175,0.9484553298522449,0.9562647963068569
379,40,35,15,Mode,40,[   0  111  250  483  556  754  891  950 1064 1451 1528],10,387,59,152.8,18536.617654697064,16.813394286611114,-0.06594849864818954,24.748923386314758,5.091712445227169,0.19673823039608151,44.39129344261023,2.1583325764392063,0.9108479784467896,0.9187648743605047,0.9301070623168776
380,40,35,15,Median,40,[   0  250  483  556  754  891  950 1064 1451 1528],9,387,59,169.77777777777777,19108.964346452507,16.667231530230353,-0.07777607243592492,23.974713148194486,5.396772188003331,0.19450022197012368,44.27626802073205,2.1506898034088224,0.9316873903013175,0.9484553298522449,0.9562647963068569
381,40,35,15,Mode,40,[   0  111  250  483  556  754  891  950 1064 1451 1528],10,387,59,152.8,18536.617654697064,16.813394286611114,-0.06594849864818954,24.748923386314758,5.091712445227169,0.19673823039608151,44.39129344261023,2.1583325764392063,0.9108479784467896,0.9187648743605047,0.9301070623168776
382,40,35,15,Median,40,[   0  111  250  483  556  754  891  950 1064 1451 1528],10,387,59,152.8,18536.617654697064,16.813394286611114,-0.06594849864818954,24.748923386314758,5.091712445227169,0.19673823039608151,44.39129344261023,2.1583325764392063,0.9108479784467896,0.9187648743605047,0.9301070623168776
383,40,35,15,Mode,40,[   0  111  250  483  556  754  891  950 1064 1451 1528],10,387,59,152.8,18536.617654697064,16.813394286611114,-0.06594849864818954,24.748923386314758,5.091712445227169,0.19673823039608151,44.39129344261023,2.1583325764392063,0.9108479784467896,0.9187648743605047,0.9301070623168776
384,40,35,15,Median,40,[   0  111  250  483  556  754  891  950 1064 1451 1528],10,387,59,152.8,18536.617654697064,16.813394286611114,-0.06594849864818954,24.748923386314758,5.091712445227169,0.19673823039608151,44.39129344261023,2.1583325764392063,0.9108479784467896,0.9187648743605047,0.9301070623168776
385,40,35,15,Mode,40,[   0  111  250  483  556  754  891  950 1064 1451 1528],10,387,59,152.8,18536.617654697064,16.813394286611114,-0.06594849864818954,24.748923386314758,5.091712445227169,0.19673823039608151,44.39129344261023,2.1583325764392063,0.9108479784467896,0.9187648743605047,0.9301070623168776
386,40,35,15,Median,40,[   0  111  250  483  556  754  891  950 1064 1451 1528],10,387,59,152.8,18536.617654697064,16.813394286611114,-0.06594849864818954,24.748923386314758,5.091712445227169,0.19673823039608151,44.39129344261023,2.1583325764392063,0.9108479784467896,0.9187648743605047,0.9301070623168776
387,40,35,15,Mode,40,[   0  111  250  483  556  754  891  950 1064 1451 1528],10,387,59,152.8,18536.617654697064,16.813394286611114,-0.06594849864818954,24.748923386314758,5.091712445227169,0.19673823039608151,44.39129344261023,2.1583325764392063,0.9108479784467896,0.9187648743605047,0.9301070623168776
388,40,35,15,Median,40,[   0  111  250  483  556  754  891  950 1064 1451 1528],10,387,59,152.8,18536.617654697064,16.813394286611114,-0.06594849864818954,24.748923386314758,5.091712445227169,0.19673823039608151,44.39129344261023,2.1583325764392063,0.9108479784467896,0.9187648743605047,0.9301070623168776
389,40,35,15,Mode,40,[   0  111  250  466  556  754  891  950 1064 1451 1528],10,387,59,152.8,18706.27040106591,16.579751703104307,-0.06923452473256597,24.98733921359887,4.639795429988764,0.1950012430870119,45.438325885443724,2.1919349252383853,0.9001791636486803,0.9021202402913747,0.9157782659526121
390,40,35,15,Median,40,[   0  111  250  483  556  754  891  950 1064 1451 1528],10,387,59,152.8,18536.617654697064,16.813394286611114,-0.06594849864818954,24.748923386314758,5.091712445227169,0.19673823039608151,44.39129344261023,2.1583325764392063,0.9108479784467896,0.9187648743605047,0.9301070623168776
391,40,35,15,Mode,40,[   0  111  250  466  556  754  891  950 1064 1451 1528],10,387,59,152.8,18706.27040106591,16.579751703104307,-0.06923452473256597,24.98733921359887,4.639795429988764,0.1950012430870119,45.438325885443724,2.1919349252383853,0.9001791636486803,0.9021202402913747,0.9157782659526121
392,40,35,20,Median,40,[   0  462  950 1528],3,578,462,509.3333333333333,5131.791721447539,4.393970292263432,-0.019248391553666405,6.179589474719945,11.338787694471513,0.016617941176329264,6.089174974773542,9.861512549308298,0.8816221859850727,0.907845821190544,0.9387446190875558
393,40,35,20,Mode,40,[   0  483 1064 1528],3,581,464,509.3333333333333,14909.93308986081,7.415409027009014,-0.009486391222875238,17.21894340470619,6.536529386585069,0.037368277983609255,23.30654157131581,5.591338726114996,0.964799574643987,0.9777821796596795,0.9852446642291223
394,40,35,20,Median,40,[   0  462  913 1464 1528],4,551,64,382.0,11555.18372278496,9.778536489612291,-0.017357638855996255,12.176702368162193,7.1620396643497255,0.076952365296942,19.332902266646617,4.991840607313164,0.8552538432568795,0.8697626391566712,0.9107508654289997
395,40,35,20,Mode,40,[   0  483 1064 1464 1528],4,581,64,382.0,13450.993517673684,9.888960064434158,-0.02649181625550855,16.660174395069404,5.558982905102179,0.08918707639127045,23.199275952018258,4.47777991060349,0.9581896331353479,0.9735906202891904,0.9818945600156055
396,40,35,20,Median,40,[   0  111  556 1464 1528],4,908,64,382.0,15079.469813169106,12.186698065009457,-0.03189982622885579,20.42025837676984,6.499275969983591,0.1420101462901972,18.692362990252267,5.233049839947799,0.9112701285034462,0.9571893461504364,0.9766627240154326
397,40,35,20,Mode,40,[   0  111  754 1064 1464 1528],5,643,64,305.6,17409.415405985706,12.405287970180032,-0.027181196373870294,23.10250763470481,4.1629728276121565,0.18153284224110788,26.90790797309006,3.6334911583396705,0.9139146671721893,0.9265774560363179,0.9494208401057628
398,40,35,20,Median,40,[   0  111  483  886 1064 1464 1528],6,403,64,254.66666666666666,25694.537500418737,15.028501817009115,-0.042115001599000675,27.54732834429239,4.632849396771112,0.17904857953475517,48.00698580028848,2.958403691936587,0.9109052177601016,0.91906142092998,0.9371646918148051
399,40,35,20,Mode,40,[   0  111  483  891 1064 1464 1528],6,408,64,254.66666666666666,26097.138717895446,15.174639756736454,-0.04101350190082117,27.82777045490972,4.632948292473693,0.1820841195954917,48.92034923860773,2.951187626692124,0.9048631839450635,0.9123926799420077,0.9319797696751512
400,40,35,20,Median,40,[   0  111  483  754  891 1064 1464 1528],7,400,64,218.28571428571428,27074.60448935546,16.73920625840612,-0.02655144896219398,28.824476085600175,4.608130650329083,0.2159101835413655,51.175550917513114,2.3957145243906086,0.9054060890508465,0.9103351184317792,0.9281973793215141
401,40,35,20,Mode,40,[   0  111  483  754  891 1064 1464 1528],7,400,64,218.28571428571428,27074.60448935546,16.73920625840612,-0.02655144896219398,28.824476085600175,4.608130650329083,0.2159101835413655,51.175550917513114,2.3957145243906086,0.9054060890508465,0.9103351184317792,0.9281973793215141
402,40,35,20,Median,40,[   0  111  250  483  754  891 1064 1464 1528],8,400,64,191.0,25846.801908777434,16.91410348504652,-0.060455282259635965,28.131258318371216,5.739462959891364,0.1911432187223559,53.37246445322095,2.1963852809547713,0.9133444751759705,0.9224102475534713,0.9350211122064482
403,40,35,20,Mode,40,[   0  111  250  483  754  891 1064 1464 1528],8,400,64,191.0,25846.801908777434,16.91410348504652,-0.060455282259635965,28.131258318371216,5.739462959891364,0.1911432187223559,53.37246445322095,2.1963852809547713,0.9133444751759705,0.9224102475534713,0.9350211122064482
404,40,35,20,Median,40,[   0  111  250  483  556  754  891 1064 1464 1528],9,400,64,169.77777777777777,23401.738218985178,17.288514017390817,-0.059256243495442534,26.57574048941699,5.273827934430978,0.20202063978358867,52.05486794436739,2.15235664077434,0.9164605273061611,0.9234079349902421,0.93505099815963
405,40,35,20,Mode,40,[   0  111  250  483  556  754  891 1064 1464 1528],9,400,64,169.77777777777777,23401.738218985178,17.288514017390817,-0.059256243495442534,26.57574048941699,5.273827934430978,0.20202063978358867,52.05486794436739,2.15235664077434,0.9164605273061611,0.9234079349902421,0.93505099815963
406,40,35,20,Median,40,[   0  111  250  483  556  754  891  950 1064 1464 1528],10,400,59,152.8,18759.232086861433,17.046689428197844,-0.0640692320101731,25.058201346667477,4.994737919779725,0.19194022330902621,43.77606893545092,2.0968963890425756,0.9061874280920129,0.9157705324467176,0.9279059547239755
407,40,35,20,Mode,40,[   0  111  250  483  556  754  891  950 1064 1464 1528],10,400,59,152.8,18759.232086861433,17.046689428197844,-0.0640692320101731,25.058201346667477,4.994737919779725,0.19194022330902621,43.77606893545092,2.0968963890425756,0.9061874280920129,0.9157705324467176,0.9279059547239755
408,40,35,20,Median,40,[   0  111  250  483  556  754  891  950 1064 1464 1528],10,400,59,152.8,18759.232086861433,17.046689428197844,-0.0640692320101731,25.058201346667477,4.994737919779725,0.19194022330902621,43.77606893545092,2.0968963890425756,0.9061874280920129,0.9157705324467176,0.9279059547239755
409,40,35,20,Mode,40,[   0  111  250  483  556  754  891  950 1064 1464 1528],10,400,59,152.8,18759.232086861433,17.046689428197844,-0.0640692320101731,25.058201346667477,4.994737919779725,0.19194022330902621,43.77606893545092,2.0968963890425756,0.9061874280920129,0.9157705324467176,0.9279059547239755
410,40,35,20,Median,40,[   0  111  250  483  556  754  891  950 1064 1464 1528],10,400,59,152.8,18759.232086861433,17.046689428197844,-0.0640692320101731,25.058201346667477,4.994737919779725,0.19194022330902621,43.77606893545092,2.0968963890425756,0.9061874280920129,0.9157705324467176,0.9279059547239755
411,40,35,20,Mode,40,[   0  111  250  483  556  754  891  950 1064 1464 1528],10,400,59,152.8,18759.232086861433,17.046689428197844,-0.0640692320101731,25.058201346667477,4.994737919779725,0.19194022330902621,43.77606893545092,2.0968963890425756,0.9061874280920129,0.9157705324467176,0.9279059547239755
412,40,35,20,Median,40,[   0  111  247  483  556  754  891  950 1064 1464 1528],10,400,59,152.8,18739.540238830516,17.05231918361956,-0.06331397036378425,25.046044296599277,5.113957554125768,0.19104750998479525,43.53215896411752,2.09289160970371,0.9028722045317598,0.9120435480951615,0.9247101839537978
413,40,35,20,Mode,40,[   0  111  250  483  556  754  891  950 1064 1464 1528],10,400,59,152.8,18759.232086861433,17.046689428197844,-0.0640692320101731,25.058201346667477,4.994737919779725,0.19194022330902621,43.77606893545092,2.0968963890425756,0.9061874280920129,0.9157705324467176,0.9279059547239755
414,40,35,20,Median,40,[   0  111  247  460  556  754  891  950 1064 1464 1528],10,400,59,152.8,18725.523491071406,16.65675371744302,-0.06759313560397587,25.09875095714887,4.646094396830907,0.18654527506587607,43.891112363238705,2.1562551806569323,0.8893457404169864,0.8907371922410421,0.90646275619983
415,40,35,20,Mode,40,[   0  111  250  460  556  754  891  950 1064 1464 1528],10,400,59,152.8,18760.926752302057,16.65805554496716,-0.06855240978635586,25.12350522966123,4.565022488368755,0.18749163873579885,44.20581175298101,2.158929892330775,0.8925990342041067,0.8942535319991879,0.9094871142922998
416,40,35,20,Median,40,[   0  111  247  460  556  754  891  950 1064 1464 1528],10,400,59,152.8,18725.523491071406,16.65675371744302,-0.06759313560397587,25.09875095714887,4.646094396830907,0.18654527506587607,43.891112363238705,2.1562551806569323,0.8893457404169864,0.8907371922410421,0.90646275619983
417,40,35,20,Mode,40,[   0  111  250  460  556  754  891  950 1064 1464 1528],10,400,59,152.8,18760.926752302057,16.65805554496716,-0.06855240978635586,25.12350522966123,4.565022488368755,0.18749163873579885,44.20581175298101,2.158929892330775,0.8925990342041067,0.8942535319991879,0.9094871142922998
418,40,35,20,Median,40,[   0  111  247  460  556  754  891  970 1064 1464 1528],10,400,64,152.8,19503.11203010893,17.10718602747131,-0.06203382954867913,25.809193649068806,4.63180531057645,0.1990758139138271,46.858240476075544,2.095981402295919,0.9047269836538812,0.9013531151434364,0.9155980780825165
419,40,35,20,Mode,40,[   0  111  250  460  556  754  891  970 1064 1464 1528],10,400,64,152.8,19538.515291339587,17.10848785499545,-0.06317196043820657,25.834129789577617,4.551036714704912,0.20002217758374988,47.17293986581785,2.0986561139697617,0.9079729247629194,0.9048815437105338,0.9186367217317936
420,40,40,10,Median,40,[   0  483  950 1528],3,578,467,509.3333333333333,4605.600209448524,4.191846211994763,-0.01836095456018202,5.627300673364771,11.70768484429796,0.01490164954729512,5.476817749440842,10.26095550464915,0.9224132550478397,0.9446326371713392,0.9631953860180943
421,40,40,10,Mode,40,[   0  556 1064 1528],3,556,464,509.3333333333333,9885.57744469499,5.981460875259499,-0.019160305661256986,14.056715966978295,8.751500116512567,0.023565174532252074,16.147877261910196,7.587967490771097,0.9843692809869187,0.9921849344307133,0.994800151437243
422,40,40,10,Median,40,[   0  556  950 1528],3,578,394,509.3333333333333,3308.901160120957,3.4934035961212784,-0.026955064822347014,4.8538263360024425,15.59257526241989,0.003256459982720495,3.690988214997269,13.479390905963477,0.9418686505849806,0.9599394648745039,0.9735706206401551
423,40,40,10,Mode,40,[   0  754 1064 1528],3,754,310,509.3333333333333,16089.644984973176,8.897591613956104,-0.00796115144397304,18.908278744491316,5.532037231475592,0.06931538130382259,23.80670104379495,4.68130211251453,0.9661726990443295,0.9818181683749323,0.9887034246815457
424,40,40,10,Median,40,[   0  483  891 1064 1528],4,483,173,382.0,34082.1597876597,15.136003813910468,-0.014136537224938153,28.748496717135133,4.963235632180973,0.1376942275357632,66.70797924381382,3.0497087965179923,0.9409166458707875,0.9599803707864711,0.9709840317765999
425,40,40,10,Mode,40,[   0  556  891 1064 1528],4,556,173,382.0,33817.040613090336,15.22671047905913,-0.025900935653186238,27.442092865349736,7.500847938355424,0.14155040931672871,67.50791159680483,3.2173326556372204,0.9566352139868516,0.976126959949693,0.9829134709873413
426,40,40,10,Median,40,[   0  483  754  891 1064 1528],5,483,137,305.6,33478.53774455573,17.393831257512726,-0.016304916729090832,29.495113382900975,4.983792931598373,0.18853383268074242,61.06687268212949,2.27029655465641,0.9377933369397697,0.9632231828005877,0.9722992476631597
427,40,40,10,Mode,40,[   0  754  891 1064 1528],4,754,137,382.0,35841.47711429266,18.271172280147326,-0.013802951744662872,30.551116640728484,5.225755392940993,0.2053059653260539,67.46993907998758,2.2231841345071373,0.9420237687260508,0.9755180412991935,0.9843362671271167
428,40,40,10,Median,40,[   0  483  556  754  891 1064 1528],6,483,73,254.66666666666666,27611.522649178194,17.726624538235427,-0.04211794788380553,26.46338059350262,4.695901467854914,0.17998559335568554,50.503323106302325,2.0338680952577364,0.9403921725297061,0.9661750586094279,0.9741591074437496
429,40,40,10,Mode,40,[   0  483  556  754  891 1064 1528],6,483,73,254.66666666666666,27611.522649178194,17.726624538235427,-0.04211794788380553,26.46338059350262,4.695901467854914,0.17998559335568554,50.503323106302325,2.0338680952577364,0.9403921725297061,0.9661750586094279,0.9741591074437496
430,40,40,10,Median,40,[   0  483  556  754  891  950 1064 1528],7,483,59,218.28571428571428,19443.78402913842,17.227355621121394,-0.060212383258555685,24.020087842264452,4.282742494894123,0.16708654141954127,37.29717671511413,1.9758135866230366,0.9264585016708893,0.962221237957889,0.9708461086452399
431,40,40,10,Mode,40,[   0  483  556  754  891  950 1064 1528],7,483,59,218.28571428571428,19443.78402913842,17.227355621121394,-0.060212383258555685,24.020087842264452,4.282742494894123,0.16708654141954127,37.29717671511413,1.9758135866230366,0.9264585016708893,0.962221237957889,0.9708461086452399
432,40,40,10,Median,40,[   0  332  483  556  754  891  950 1064 1528],8,464,59,191.0,19596.014660557372,17.202815300709798,-0.09017644938062941,23.70362929163198,4.573906313988643,0.17250325765705524,43.35040878619486,2.057581399285197,0.9155221020685702,0.9435242079091274,0.9539914120529229
433,40,40,10,Mode,40,[   0  322  483  556  754  891  950 1064 1528],8,464,59,191.0,19541.40992088675,17.116953867941834,-0.08757995235522811,23.642772930055198,4.608296122951932,0.17167339852833768,43.23631765606684,2.078786460650206,0.9071908631139961,0.9307555719012471,0.9435709821202063
434,40,40,10,Median,40,[   0  332  483  556  754  891  950 1064 1291 1528],9,332,59,169.77777777777777,17602.95789632829,16.1176247551158,-0.08927385949394062,21.776956295810084,6.831543763476201,0.16642423353053282,40.90572933958079,2.3806414336388464,0.897101435336941,0.888392215253068,0.9039568281071733
435,40,40,10,Mode,40,[   0  322  483  556  754  891  950 1064 1291 1528],9,322,59,169.77777777777777,17555.178749116498,16.04249600144383,-0.08693460624413382,21.723210172829866,6.579939856666665,0.16569810679290498,40.80589960071876,2.3991958623332295,0.8896219277389494,0.8720042629263427,0.8898234393152682
436,40,40,10,Median,40,[   0  332  483  556  754  891  950 1064 1291 1528],9,332,59,169.77777777777777,17602.95789632829,16.1176247551158,-0.08927385949394062,21.776956295810084,6.831543763476201,0.16642423353053282,40.90572933958079,2.3806414336388464,0.897101435336941,0.888392215253068,0.9039568281071733
437,40,40,10,Mode,40,[   0  322  483  556  754  891  950 1064 1291 1528],9,322,59,169.77777777777777,17555.178749116498,16.04249600144383,-0.08693460624413382,21.723210172829866,6.579939856666665,0.16569810679290498,40.80589960071876,2.3991958623332295,0.8896219277389494,0.8720042629263427,0.8898234393152682
438,40,40,10,Median,40,[   0  332  460  556  735  891  950 1064 1291 1528],9,332,59,169.77777777777777,17705.240662651093,15.758407636582124,-0.09661810212994537,22.127215495797795,6.038107983049602,0.15767252705809065,40.88923757559465,2.4217911302620707,0.8796591151427764,0.8661564598653477,0.8845482860544898
439,40,40,10,Mode,40,[   0  322  460  556  736  891  950 1064 1291 1528],9,322,59,169.77777777777777,17610.28504197913,15.64401942446969,-0.09298656903429865,22.03547113740291,6.122762881299213,0.15660157207637324,40.630882261541025,2.4438492572552293,0.871801984870634,0.8492501320512569,0.8699146001001564
440,40,40,10,Median,40,[   0  332  483  556  735  891  950 1064 1291 1528],9,332,59,169.77777777777777,17527.43265975228,15.994816721453349,-0.08901031577638115,21.895587249151912,6.865608743381027,0.16277458706221887,40.76874013060412,2.3845147434546075,0.8911505023692596,0.879160715117816,0.8957997862917223
441,40,40,10,Mode,40,[   0  322  483  556  736  891  950 1064 1291 1528],9,322,59,169.77777777777777,17508.723379336774,15.937178513414354,-0.08653031744520126,21.86124343198143,6.600558872632701,0.1626243724817134,40.71421973561684,2.400520892767186,0.8829794656873903,0.8616235292396718,0.880626323281031
442,40,40,10,Median,40,[   0  332  483  556  735  891  950 1064 1291 1528],9,332,59,169.77777777777777,17527.43265975228,15.994816721453349,-0.08901031577638115,21.895587249151912,6.865608743381027,0.16277458706221887,40.76874013060412,2.3845147434546075,0.8911505023692596,0.879160715117816,0.8957997862917223
443,40,40,10,Mode,40,[   0  322  483  556  736  891  950 1064 1291 1528],9,322,59,169.77777777777777,17508.723379336774,15.937178513414354,-0.08653031744520126,21.86124343198143,6.600558872632701,0.1626243724817134,40.71421973561684,2.400520892767186,0.8829794656873903,0.8616235292396718,0.880626323281031
444,40,40,10,Median,40,[   0  332  483  556  735  891  950 1064 1291 1528],9,332,59,169.77777777777777,17527.43265975228,15.994816721453349,-0.08901031577638115,21.895587249151912,6.865608743381027,0.16277458706221887,40.76874013060412,2.3845147434546075,0.8911505023692596,0.879160715117816,0.8957997862917223
445,40,40,10,Mode,40,[   0  322  483  556  736  891  950 1064 1291 1528],9,322,59,169.77777777777777,17508.723379336774,15.937178513414354,-0.08653031744520126,21.86124343198143,6.600558872632701,0.1626243724817134,40.71421973561684,2.400520892767186,0.8829794656873903,0.8616235292396718,0.880626323281031
446,40,40,10,Median,40,[   0  332  483  556  735  891  950 1024 1088 1291 1528],10,332,59,152.8,13717.530294501843,14.92532180969545,-0.10255873201382652,19.822920136129905,6.211559747449901,0.1465401097782973,30.166993039338852,2.4509274248948003,0.8897403907166348,0.8763292257111402,0.8926798759920358
447,40,40,10,Mode,40,[   0  322  483  556  736  891  950 1024 1088 1291 1528],10,322,59,152.8,13700.899823021391,14.874087846994119,-0.10143249917306287,19.79229130724689,5.829030244513225,0.14640658570673687,30.118530466016825,2.4651551131726475,0.8818136483273226,0.8581335927991757,0.8768461114332851
448,40,40,15,Median,40,[   0  466  950 1528],3,578,466,509.3333333333333,5168.790905555995,4.4153663276625,-0.018552346066247886,6.200873943679697,11.278443000995273,0.01687864396296688,6.134885368607728,9.799762108797253,0.8884054728329361,0.9147179908548705,0.9433093528888585
449,40,40,15,Mode,40,[   0  483 1064 1528],3,581,464,509.3333333333333,14909.93308986081,7.415409027009014,-0.009486391222875238,17.21894340470619,6.536529386585069,0.037368277983609255,23.30654157131581,5.591338726114996,0.964799574643987,0.9777821796596795,0.9852446642291223
450,40,40,15,Median,40,[   0  466  891 1064 1528],4,466,173,382.0,34433.82755413687,15.200619833732604,-0.013570486836586524,29.209485300662525,4.8454803230291255,0.13883808678656032,67.32614632993693,2.9766700833788193,0.9134529045667938,0.9286170705593899,0.9482054950018091
451,40,40,15,Mode,40,[   0  483  891 1064 1528],4,483,173,382.0,34082.1597876597,15.136003813910468,-0.014136537224938153,28.748496717135133,4.963235632180973,0.1376942275357632,66.70797924381382,3.0497087965179923,0.9409166458707875,0.9599803707864711,0.9709840317765999
452,40,40,15,Median,40,[   0  111  556 1451 1528],4,895,77,382.0,14424.46279334439,11.434848779225897,-0.0330352684416579,19.66135025613465,6.705329988125527,0.15600074378775589,17.55618388971128,5.508736891207712,0.9225628267797337,0.9620919124251456,0.9789262699300179
453,40,40,15,Mode,40,[   0  111  754 1064 1451 1528],5,643,77,305.6,16971.567702788932,11.894847241976755,-0.03633709253760736,22.507028975255448,4.244555603705964,0.18943885290092904,26.28248354493037,3.7557631926369943,0.9210996006729782,0.9288866555783702,0.9507082877415611
454,40,40,15,Median,40,[   0  111  483  891 1064 1451 1528],6,408,77,254.66666666666666,25663.472738337958,14.754240414367562,-0.04689944647411524,27.323725581513337,4.777567016936282,0.19011800272746396,50.02046181412313,3.0611994723360096,0.910962239186464,0.9147638401798953,0.9334526356818394
455,40,40,15,Mode,40,[   0  111  483  891 1064 1451 1528],6,408,77,254.66666666666666,25663.472738337958,14.754240414367562,-0.04689944647411524,27.323725581513337,4.777567016936282,0.19011800272746396,50.02046181412313,3.0611994723360096,0.910962239186464,0.9147638401798953,0.9334526356818394
456,40,40,15,Median,40,[   0  111  483  754  891 1064 1451 1528],7,387,77,218.28571428571428,26713.21617305756,16.38887347309871,-0.03241969078446155,28.38740947538072,4.561341286251059,0.22260508615134236,52.092311397109285,2.48739106242718,0.9109582303118028,0.9128010627547577,0.9297828301690068
457,40,40,15,Mode,40,[   0  111  483  754  891 1064 1451 1528],7,387,77,218.28571428571428,26713.21617305756,16.38887347309871,-0.03241969078446155,28.38740947538072,4.561341286251059,0.22260508615134236,52.092311397109285,2.48739106242718,0.9109582303118028,0.9128010627547577,0.9297828301690068
458,40,40,15,Median,40,[   0  250  483  754  891 1064 1451 1528],7,387,77,218.28571428571428,27466.906557166858,16.385671890970666,-0.05498722633949376,27.372051828240522,6.204537804400487,0.19392160815210138,55.63271953874801,2.284213572370092,0.9414491182517909,0.9517489111991368,0.9599521694308454
459,40,40,15,Mode,40,[   0  111  247  483  754  891 1064 1451 1528],8,387,77,191.0,25497.626280899134,16.618438711144197,-0.06247228272642291,27.73106567240162,5.984975507680142,0.19615101879106783,53.94273860469216,2.272709551885395,0.9147744978990325,0.921892142848658,0.9342386540618387
460,40,40,15,Median,40,[   0  250  483  556  754  891 1064 1451 1528],8,387,73,191.0,24441.104533348647,16.88905986994641,-0.06725905519680772,25.62141273123282,5.805035920720321,0.20595603373211802,53.804001373554364,2.221348227675982,0.9433534590078433,0.954555728793693,0.961790272368482
461,40,40,15,Mode,40,[   0  111  247  483  556  754  891 1064 1451 1528],9,387,73,169.77777777777777,23108.543652726963,17.032097903259686,-0.06084336105577336,26.21932624874229,5.510014025204488,0.2060375142513115,52.46803958631445,2.2166086675455445,0.9178002006616974,0.9228200248886957,0.934187477698702
462,40,40,15,Median,40,[   0  250  483  556  754  891  950 1064 1451 1528],9,387,59,169.77777777777777,19108.964346452507,16.667231530230353,-0.07777607243592492,23.974713148194486,5.396772188003331,0.19450022197012368,44.27626802073205,2.1506898034088224,0.9316873903013175,0.9484553298522449,0.9562647963068569
463,40,40,15,Mode,40,[   0  111  247  483  556  754  891  950 1064 1451 1528],10,387,59,152.8,18516.925806666142,16.81902404203283,-0.06521226332992452,24.736805121032216,5.208299128587404,0.19584551707185055,44.14738347127683,2.1543277971003403,0.9075601948865641,0.9149454920748644,0.9268184090721597
464,40,40,15,Median,40,[   0  250  483  556  754  891  950 1064 1451 1528],9,387,59,169.77777777777777,19108.964346452507,16.667231530230353,-0.07777607243592492,23.974713148194486,5.396772188003331,0.19450022197012368,44.27626802073205,2.1506898034088224,0.9316873903013175,0.9484553298522449,0.9562647963068569
465,40,40,15,Mode,40,[   0  111  247  483  556  754  891  950 1064 1451 1528],10,387,59,152.8,18516.925806666142,16.81902404203283,-0.06521226332992452,24.736805121032216,5.208299128587404,0.19584551707185055,44.14738347127683,2.1543277971003403,0.9075601948865641,0.9149454920748644,0.9268184090721597
466,40,40,15,Median,40,[   0  111  250  483  556  754  891  950 1064 1451 1528],10,387,59,152.8,18536.617654697064,16.813394286611114,-0.06594849864818954,24.748923386314758,5.091712445227169,0.19673823039608151,44.39129344261023,2.1583325764392063,0.9108479784467896,0.9187648743605047,0.9301070623168776
467,40,40,15,Mode,40,[   0  111  247  483  556  754  891  950 1064 1451 1528],10,387,59,152.8,18516.925806666142,16.81902404203283,-0.06521226332992452,24.736805121032216,5.208299128587404,0.19584551707185055,44.14738347127683,2.1543277971003403,0.9075601948865641,0.9149454920748644,0.9268184090721597
468,40,40,15,Median,40,[   0  111  247  483  556  754  891  950 1064 1451 1528],10,387,59,152.8,18516.925806666142,16.81902404203283,-0.06521226332992452,24.736805121032216,5.208299128587404,0.19584551707185055,44.14738347127683,2.1543277971003403,0.9075601948865641,0.9149454920748644,0.9268184090721597
469,40,40,15,Mode,40,[   0  111  247  483  556  754  891  950 1064 1451 1528],10,387,59,152.8,18516.925806666142,16.81902404203283,-0.06521226332992452,24.736805121032216,5.208299128587404,0.19584551707185055,44.14738347127683,2.1543277971003403,0.9075601948865641,0.9149454920748644,0.9268184090721597
470,40,40,15,Median,40,[   0  111  247  460  556  754  891  950 1064 1451 1528],10,387,59,152.8,18502.90905890703,16.42345857585629,-0.06937062705664791,24.789343613320757,4.679770924198431,0.1913432821529314,44.50633687039801,2.2176913680535626,0.894123971666271,0.8931276255306992,0.9080282701134458
471,40,40,15,Mode,40,[   0  111  247  460  556  754  891  950 1064 1451 1528],10,387,59,152.8,18502.90905890703,16.42345857585629,-0.06937062705664791,24.789343613320757,4.679770924198431,0.1913432821529314,44.50633687039801,2.2176913680535626,0.894123971666271,0.8931276255306992,0.9080282701134458
472,40,40,15,Median,40,[   0  111  247  460  556  735  891  950 1064 1451 1528],10,387,59,152.8,18447.951594680428,16.317204638870052,-0.06908654977233299,24.900917734449745,4.779046808438291,0.18830197879722033,44.439972009054884,2.2301968119374616,0.8883502811926672,0.8838660597270781,0.8998116896824433
473,40,40,15,Mode,40,[   0  111  247  460  556  736  891  950 1064 1451 1528],10,387,59,152.8,18473.34050815686,16.332604975743273,-0.06895431033459917,24.919232208563663,4.771118437191498,0.18880061024236935,44.47711665073917,2.2277773054808456,0.8876485563068496,0.8828900460910435,0.8989685413791945
474,40,40,15,Median,40,[   0  111  247  483  556  735  891  950 1064 1451 1528],10,387,59,152.8,18449.792263043026,16.709861345443983,-0.06487078053150255,24.84831863065992,5.301661549854064,0.1926013868777937,44.025615285519805,2.157770739158795,0.9017261429226388,0.9059417047796272,0.9189049603841103
475,40,40,15,Mode,40,[   0  111  247  483  556  736  891  950 1064 1451 1528],10,387,59,152.8,18475.63214463972,16.725408497117737,-0.06473980975532961,24.866623152285236,5.2938721109127815,0.1931133087952358,44.0658902578529,2.155505601930524,0.9010222503150024,0.9049725129692964,0.9180696259637611
476,40,40,20,Median,40,[   0  460  950 1528],3,578,460,509.3333333333333,5197.50544880814,4.4195598050845035,-0.019299680307733574,6.24692091814573,11.29282066695859,0.016753233887838913,6.166241061385259,9.813147591665018,0.8783521503098216,0.9044338316201193,0.9364789898499097
477,40,40,20,Mode,40,[   0  483  891 1528],3,637,408,509.3333333333333,10150.70261239602,6.579377269797295,-0.011949489531709663,9.638332150025851,9.22126132713936,0.02657019339602934,13.311176354773227,6.039538774007635,0.927894254612666,0.9522057161309756,0.9687974902688796
478,40,40,20,Median,40,[   0  460  913 1464 1528],4,551,64,382.0,11573.745109225129,9.782077737275182,-0.017400849562349913,12.211008954630616,7.127395420682863,0.07696396202709323,19.349009188997737,4.989465080259579,0.8523487399200252,0.8663755297173795,0.9084266006239544
479,40,40,20,Mode,40,[   0  483  891 1464 1528],4,573,64,382.0,14087.999145327763,10.724113122440157,-0.0114301928954159,13.948726045401877,7.00033597024931,0.08116675531811035,23.47575432098021,4.29053275769402,0.9256975678949043,0.9468935114460596,0.9636950858948599
480,40,40,20,Median,40,[   0  214 1464 1528],3,1250,64,509.3333333333333,18039.87587558401,13.095516967727534,0.0900373446696768,22.91526962035449,3.6821613514856573,0.17660053521705654,27.134940780749243,3.369079119456131,0.8869868085911821,0.9380941962205878,0.9805043948036761
481,40,40,20,Mode,40,[   0  111  754  891 1464 1528],5,643,64,305.6,18316.32830960196,14.189005725752146,-0.014907811516213126,21.406438853176414,4.658810609260744,0.1952825480596423,28.862437809307234,3.12515333020413,0.8807822082362573,0.9133283939490411,0.9441918939515523
482,40,40,20,Median,40,[   0  195  483  886 1064 1464 1528],6,403,64,254.66666666666666,25346.908351163533,14.577842860710016,-0.056125172439657,26.225936931936914,6.425003281003573,0.14661620119712193,48.29523536834884,2.72748790794388,0.9494478429528693,0.9569223208501466,0.9657174788519544
483,40,40,20,Mode,40,[   0  111  483  891 1064 1464 1528],6,408,64,254.66666666666666,26097.138717895446,15.174639756736454,-0.04101350190082117,27.82777045490972,4.632948292473693,0.1820841195954917,48.92034923860773,2.951187626692124,0.9048631839450635,0.9123926799420077,0.9319797696751512
484,40,40,20,Median,40,[   0  195  483  754  891 1064 1464 1528],7,400,64,218.28571428571428,27328.668590155692,16.51212378090057,-0.04242979226721911,27.676798027569237,6.209228125836674,0.19517173741821284,53.4561617777249,2.287177003473848,0.9408166467121224,0.9515539227695669,0.9601151377632768
485,40,40,20,Mode,40,[   0  111  483  754  891 1064 1464 1528],7,400,64,218.28571428571428,27074.60448935546,16.73920625840612,-0.02655144896219398,28.824476085600175,4.608130650329083,0.2159101835413655,51.175550917513114,2.3957145243906086,0.9054060890508465,0.9103351184317792,0.9281973793215141
486,40,40,20,Median,40,[   0  111  247  483  754  891 1064 1464 1528],8,400,64,191.0,25807.38769486876,16.918723955693405,-0.06029131905085165,28.11612113542796,5.886165423508287,0.19041253083965912,53.15694390789544,2.1941296621397623,0.9097425513337426,0.9190285935557679,0.9321841225867761
487,40,40,20,Mode,40,[   0  111  221  483  754  891 1064 1464 1528],8,400,64,191.0,25795.166685392844,17.1222031246854,-0.062336034236040117,28.325100467966546,6.247232633633004,0.18781669735595793,53.114487848233,2.1548267234803333,0.9061256085917614,0.9172529160489366,0.9308309436484528
488,40,40,20,Median,40,[   0  111  247  466  556  754  891 1064 1464 1528],9,400,64,169.77777777777777,23555.712151908487,17.02583034506133,-0.062150184948541326,26.815802953862242,4.921139765017109,0.19899672909118554,52.88036556947404,2.186795588592135,0.9019160350731116,0.904371691044819,0.9189028048085364
489,40,40,20,Mode,40,[   0  111  221  483  556  754  891 1064 1464 1528],9,400,64,169.77777777777777,23370.049074594797,17.473485893000472,-0.05948299612528571,26.74838145553123,5.790010965154348,0.19784114007065826,51.38756669908631,2.103281359059377,0.9095949917499848,0.9179487929234555,0.9305102782100475
490,40,40,20,Median,40,[   0  111  247  466  556  754  891  950 1064 1464 1528],10,400,59,152.8,18896.097805015488,16.813192830571634,-0.06651942984878402,25.274681962706044,4.678312294418763,0.18925230269355675,44.50984460221238,2.127508787102838,0.8921765634741714,0.8959430320433418,0.9109198819742044
491,40,40,20,Mode,40,[   0  111  221  483  556  754  891  950 1064 1464 1528],10,400,59,152.8,18731.063958514427,17.211108873184205,-0.06285080642006398,25.213883056175803,5.505779861803694,0.18822511245308807,43.18291227297885,2.053273916407053,0.8995163464279448,0.9102255101350999,0.9232984793197293
492,40,40,20,Median,40,[   0  111  247  466  556  754  891  950 1064 1464 1528],10,400,59,152.8,18896.097805015488,16.813192830571634,-0.06651942984878402,25.274681962706044,4.678312294418763,0.18925230269355675,44.50984460221238,2.127508787102838,0.8921765634741714,0.8959430320433418,0.9109198819742044
493,40,40,20,Mode,40,[   0  111  221  483  556  754  891  950 1064 1464 1528],10,400,59,152.8,18731.063958514427,17.211108873184205,-0.06285080642006398,25.213883056175803,5.505779861803694,0.18822511245308807,43.18291227297885,2.053273916407053,0.8995163464279448,0.9102255101350999,0.9232984793197293
494,40,40,20,Median,40,[   0  111  247  466  556  754  891  950 1064 1464 1528],10,400,59,152.8,18896.097805015488,16.813192830571634,-0.06651942984878402,25.274681962706044,4.678312294418763,0.18925230269355675,44.50984460221238,2.127508787102838,0.8921765634741714,0.8959430320433418,0.9109198819742044
495,40,40,20,Mode,40,[   0  111  221  483  556  754  891  950 1064 1464 1528],10,400,59,152.8,18731.063958514427,17.211108873184205,-0.06285080642006398,25.213883056175803,5.505779861803694,0.18822511245308807,43.18291227297885,2.053273916407053,0.8995163464279448,0.9102255101350999,0.9232984793197293
496,40,40,20,Median,40,[   0  111  247  466  556  754  891  950 1064 1464 1528],10,400,59,152.8,18896.097805015488,16.813192830571634,-0.06651942984878402,25.274681962706044,4.678312294418763,0.18925230269355675,44.50984460221238,2.127508787102838,0.8921765634741714,0.8959430320433418,0.9109198819742044
497,40,40,20,Mode,40,[   0  111  221  483  556  754  891  950 1064 1464 1528],10,400,59,152.8,18731.063958514427,17.211108873184205,-0.06285080642006398,25.213883056175803,5.505779861803694,0.18822511245308807,43.18291227297885,2.053273916407053,0.8995163464279448,0.9102255101350999,0.9232984793197293
498,40,40,20,Median,40,[   0  111  247  460  556  754  891  950 1064 1464 1528],10,400,59,152.8,18725.523491071406,16.65675371744302,-0.06759313560397587,25.09875095714887,4.646094396830907,0.18654527506587607,43.891112363238705,2.1562551806569323,0.8893457404169864,0.8907371922410421,0.90646275619983
499,40,40,20,Mode,40,[   0  111  221  460  556  754  891  950 1064 1464 1528],10,400,59,152.8,18634.48576317908,16.772607214059644,-0.06664115456352897,25.200439623407995,5.101943205804071,0.18322718999408327,43.22051133035745,2.125779605948783,0.8856890100484626,0.8875696844196997,0.9039007293771729
500,40,40,20,Median,40,[   0  111  247  460  556  735  891  950 1064 1464 1528],10,400,59,152.8,18670.5660268448,16.550499780456786,-0.06728203038441342,25.210682363078188,4.757108282107145,0.183503971710165,43.82474750189557,2.1687606245408313,0.8835406455527625,0.881691672215139,0.8984585221137322
501,40,40,20,Mode,40,[   0  111  221  460  556  736  891  950 1064 1464 1528],10,400,59,152.8,18604.91721242891,16.681753613946626,-0.06609520595288168,25.33088102049249,5.153034316862724,0.1806845180835213,43.19129111069861,2.135865543376066,0.8791622896450801,0.8776654329079746,0.8951854118123319
502,40,40,20,Median,40,[   0  111  221  460  556  735  891  950 1064 1464 1528],10,400,59,152.8,18579.52829895248,16.66635327707341,-0.0662292812652333,25.312488578002103,5.164345692308329,0.1801858866383722,43.154146469014336,2.1382850498326813,0.8798725071965281,0.8786067057277511,0.8959927975007116
503,40,40,20,Mode,40,[   0  111  221  460  556  736  891  950 1064 1464 1528],10,400,59,152.8,18604.91721242891,16.681753613946626,-0.06609520595288168,25.33088102049249,5.153034316862724,0.1806845180835213,43.19129111069861,2.135865543376066,0.8791622896450801,0.8776654329079746,0.8951854118123319
504,40,45,10,Median,40,[   0  461  913 1528],3,615,452,509.3333333333333,7545.947995186476,5.519837385381171,-0.015955982908840576,7.82125126082249,9.381087829174534,0.022592041153486175,9.404522844438532,7.425939335412079,0.8465883414585065,0.8743249296389596,0.9176908569843838
505,40,45,10,Mode,40,[   0  556 1064 1528],3,556,464,509.3333333333333,9885.57744469499,5.981460875259499,-0.019160305661256986,14.056715966978295,8.751500116512567,0.023565174532252074,16.147877261910196,7.587967490771097,0.9843692809869187,0.9921849344307133,0.994800151437243
506,40,45,10,Median,40,[   0  556  950 1528],3,578,394,509.3333333333333,3308.901160120957,3.4934035961212784,-0.026955064822347014,4.8538263360024425,15.59257526241989,0.003256459982720495,3.690988214997269,13.479390905963477,0.9418686505849806,0.9599394648745039,0.9735706206401551
507,40,45,10,Mode,40,[   0  754 1064 1528],3,754,310,509.3333333333333,16089.644984973176,8.897591613956104,-0.00796115144397304,18.908278744491316,5.532037231475592,0.06931538130382259,23.80670104379495,4.68130211251453,0.9661726990443295,0.9818181683749323,0.9887034246815457
508,40,45,10,Median,40,[   0  483  890 1064 1528],4,483,174,382.0,33902.281607789744,15.075234630415714,-0.014467775470813668,28.620987859808118,4.969750195269356,0.13631175787441474,66.32899105680123,3.056808854583729,0.942295785635241,0.9611414266213821,0.9718209806605109
509,40,45,10,Mode,40,[   0  556  891 1064 1528],4,556,173,382.0,33817.040613090336,15.22671047905913,-0.025900935653186238,27.442092865349736,7.500847938355424,0.14155040931672871,67.50791159680483,3.2173326556372204,0.9566352139868516,0.976126959949693,0.9829134709873413
510,40,45,10,Median,40,[   0  483  754  891 1064 1528],5,483,137,305.6,33478.53774455573,17.393831257512726,-0.016304916729090832,29.495113382900975,4.983792931598373,0.18853383268074242,61.06687268212949,2.27029655465641,0.9377933369397697,0.9632231828005877,0.9722992476631597
511,40,45,10,Mode,40,[   0  754  891 1064 1528],4,754,137,382.0,35841.47711429266,18.271172280147326,-0.013802951744662872,30.551116640728484,5.225755392940993,0.2053059653260539,67.46993907998758,2.2231841345071373,0.9420237687260508,0.9755180412991935,0.9843362671271167
512,40,45,10,Median,40,[   0  462  556  754  891 1064 1528],6,464,94,254.66666666666666,26990.114997669596,16.756366891002415,-0.04233815592566591,26.17876138827909,4.761401183800417,0.1663524049966519,49.22517198457525,2.2062409716586253,0.9203550546126088,0.9396125813177689,0.9538748554665544
513,40,45,10,Mode,40,[   0  483  556  754  891 1064 1528],6,483,73,254.66666666666666,27611.522649178194,17.726624538235427,-0.04211794788380553,26.46338059350262,4.695901467854914,0.17998559335568554,50.503323106302325,2.0338680952577364,0.9403921725297061,0.9661750586094279,0.9741591074437496
514,40,45,10,Median,40,[   0  462  556  754  891  950 1064 1528],7,464,59,218.28571428571428,18925.94431954792,16.41880758176055,-0.06043297918340165,23.779640687742816,4.341823985960956,0.15572555112034656,36.23205078034156,2.119457650290444,0.9074249928772694,0.9350483806125993,0.9498540245009562
515,40,45,10,Mode,40,[   0  483  556  754  891  950 1064 1528],7,483,59,218.28571428571428,19443.78402913842,17.227355621121394,-0.060212383258555685,24.020087842264452,4.282742494894123,0.16708654141954127,37.29717671511413,1.9758135866230366,0.9264585016708893,0.962221237957889,0.9708461086452399
516,40,45,10,Median,40,[   0  343  466  556  754  891  950 1064 1528],8,464,59,191.0,19765.55369675866,17.108058468601236,-0.10019386109249628,24.040737922183837,4.606481019348952,0.1696917571675321,43.69303424459411,2.049853606544951,0.9168653485702115,0.9499753364338076,0.9592567435420681
517,40,45,10,Mode,40,[   0  343  483  556  754  891  950 1064 1528],8,464,59,191.0,19417.259926287956,17.209094571904995,-0.09266613067726132,23.62654944932565,4.655333524491646,0.17209905955603652,42.872240231399715,2.0480999252042067,0.9274873446207088,0.9581526792859513,0.9659251488824389
518,40,45,10,Median,40,[   0  343  466  556  754  891  950 1064 1291 1528],9,343,59,169.77777777777777,17751.30455300442,16.034712527020808,-0.09915728935578726,22.07468081791532,6.005826187932252,0.1639641706022001,41.20552661568013,2.3738796149911314,0.8983076020373898,0.8967154620274314,0.9111402512968753
519,40,45,10,Mode,40,[   0  343  483  556  754  891  950 1064 1291 1528],9,343,59,169.77777777777777,17446.547503842554,16.123119117411598,-0.09163753239883896,21.708882208149205,7.047619508192612,0.16607056019214145,40.487331854135036,2.3723451438179803,0.9078442184514992,0.9071327338536332,0.9201207339068951
520,40,45,10,Median,40,[   0  343  466  556  754  891  950 1064 1291 1528],9,343,59,169.77777777777777,17751.30455300442,16.034712527020808,-0.09915728935578726,22.07468081791532,6.005826187932252,0.1639641706022001,41.20552661568013,2.3738796149911314,0.8983076020373898,0.8967154620274314,0.9111402512968753
521,40,45,10,Mode,40,[   0  343  483  556  754  891  950 1064 1291 1528],9,343,59,169.77777777777777,17446.547503842554,16.123119117411598,-0.09163753239883896,21.708882208149205,7.047619508192612,0.16607056019214145,40.487331854135036,2.3723451438179803,0.9078442184514992,0.9071327338536332,0.9201207339068951
522,40,45,10,Median,40,[   0  343  466  556  736  891  950 1064 1291 1528],9,343,59,169.77777777777777,17710.2545156228,15.931957858748339,-0.0989905807595624,22.21317316230453,6.09039997434789,0.1610285649826698,41.144312842433926,2.381163184414,0.8916297725270159,0.8866166060086956,0.9022673638143403
523,40,45,10,Mode,40,[   0  343  483  556  736  891  950 1064 1291 1528],9,343,59,169.77777777777777,17400.09213406283,16.01780162938212,-0.09133903264714367,21.8468967685255,7.073307959868394,0.16299682588094988,40.39565198903311,2.3736701742519366,0.9011286886592041,0.8971398122450696,0.9113667826255407
524,40,45,10,Median,40,[   0  343  466  556  736  891  950 1064 1291 1528],9,343,59,169.77777777777777,17710.2545156228,15.931957858748339,-0.0989905807595624,22.21317316230453,6.09039997434789,0.1610285649826698,41.144312842433926,2.381163184414,0.8916297725270159,0.8866166060086956,0.9022673638143403
525,40,45,10,Mode,40,[   0  343  483  556  736  891  950 1064 1291 1528],9,343,59,169.77777777777777,17400.09213406283,16.01780162938212,-0.09133903264714367,21.8468967685255,7.073307959868394,0.16299682588094988,40.39565198903311,2.3736701742519366,0.9011286886592041,0.8971398122450696,0.9113667826255407
526,40,45,10,Median,40,[   0  343  483  556  736  891  950 1064 1291 1528],9,343,59,169.77777777777777,17400.09213406283,16.01780162938212,-0.09133903264714367,21.8468967685255,7.073307959868394,0.16299682588094988,40.39565198903311,2.3736701742519366,0.9011286886592041,0.8971398122450696,0.9113667826255407
527,40,45,10,Mode,40,[   0  343  483  556  736  891  950 1064 1291 1528],9,343,59,169.77777777777777,17400.09213406283,16.01780162938212,-0.09133903264714367,21.8468967685255,7.073307959868394,0.16299682588094988,40.39565198903311,2.3736701742519366,0.9011286886592041,0.8971398122450696,0.9113667826255407
528,40,45,10,Median,40,[   0  343  483  556  736  891  950 1064 1291 1528],9,343,59,169.77777777777777,17400.09213406283,16.01780162938212,-0.09133903264714367,21.8468967685255,7.073307959868394,0.16299682588094988,40.39565198903311,2.3736701742519366,0.9011286886592041,0.8971398122450696,0.9113667826255407
529,40,45,10,Mode,40,[   0  343  483  556  736  891  950 1064 1291 1528],9,343,59,169.77777777777777,17400.09213406283,16.01780162938212,-0.09133903264714367,21.8468967685255,7.073307959868394,0.16299682588094988,40.39565198903311,2.3736701742519366,0.9011286886592041,0.8971398122450696,0.9113667826255407
530,40,45,10,Median,40,[   0  343  483  556  736  891  950 1024 1088 1291 1528],10,343,59,152.8,13604.338716111219,14.945752838965468,-0.10385280425679795,19.77949653555536,6.424157656427573,0.14673765539494707,29.835359135720175,2.441287807825759,0.8994193637517712,0.8949786809513073,0.9089183645389731
531,40,45,10,Mode,40,[   0  343  483  556  736  891  950 1024 1088 1291 1528],10,343,59,152.8,13604.338716111219,14.945752838965468,-0.10385280425679795,19.77949653555536,6.424157656427573,0.14673765539494707,29.835359135720175,2.441287807825759,0.8994193637517712,0.8949786809513073,0.9089183645389731
532,40,45,15,Median,40,[   0  460  950 1528],3,578,460,509.3333333333333,5197.50544880814,4.4195598050845035,-0.019299680307733574,6.24692091814573,11.29282066695859,0.016753233887838913,6.166241061385259,9.813147591665018,0.8783521503098216,0.9044338316201193,0.9364789898499097
533,40,45,15,Mode,40,[   0  483 1064 1528],3,581,464,509.3333333333333,14909.93308986081,7.415409027009014,-0.009486391222875238,17.21894340470619,6.536529386585069,0.037368277983609255,23.30654157131581,5.591338726114996,0.964799574643987,0.9777821796596795,0.9852446642291223
534,40,45,15,Median,40,[   0  460  891 1064 1528],4,464,173,382.0,34319.378121774054,15.158672109740698,-0.014147954315568917,29.160666747391957,4.851665689133915,0.13831886007075833,67.28456604433886,2.9892797071590773,0.9053713748169487,0.9178414928676188,0.9403786640839301
535,40,45,15,Mode,40,[   0  483  891 1064 1528],4,483,173,382.0,34082.1597876597,15.136003813910468,-0.014136537224938153,28.748496717135133,4.963235632180973,0.1376942275357632,66.70797924381382,3.0497087965179923,0.9409166458707875,0.9599803707864711,0.9709840317765999
536,40,45,15,Median,40,[   0  111  483  891 1064 1528],5,464,111,305.6,31027.47946906225,15.454255886990952,-0.041140337528614165,30.46726262738019,4.734642464697137,0.17480254808379322,56.081412075434244,3.0912139850441864,0.905590453787001,0.9218313885075092,0.9409476321746041
537,40,45,15,Mode,40,[   0  111  483  891 1064 1528],5,464,111,305.6,31027.47946906225,15.454255886990952,-0.041140337528614165,30.46726262738019,4.734642464697137,0.17480254808379322,56.081412075434244,3.0912139850441864,0.905590453787001,0.9218313885075092,0.9409476321746041
538,40,45,15,Median,40,[   0  111  483  890 1064 1451 1528],6,407,77,254.66666666666666,25558.160368185294,14.718026062963812,-0.047274190914006496,27.242448598539724,4.7803055643076275,0.1892927587449716,49.77320823359023,3.065438456541331,0.9121024147701079,0.9161034997433684,0.9344982514941667
539,40,45,15,Mode,40,[   0  111  483  891 1064 1451 1528],6,408,77,254.66666666666666,25663.472738337958,14.754240414367562,-0.04689944647411524,27.323725581513337,4.777567016936282,0.19011800272746396,50.02046181412313,3.0611994723360096,0.910962239186464,0.9147638401798953,0.9334526356818394
540,40,45,15,Median,40,[   0  111  483  754  891 1064 1451 1528],7,387,77,218.28571428571428,26713.21617305756,16.38887347309871,-0.03241969078446155,28.38740947538072,4.561341286251059,0.22260508615134236,52.092311397109285,2.48739106242718,0.9109582303118028,0.9128010627547577,0.9297828301690068
541,40,45,15,Mode,40,[   0  111  483  754  891 1064 1451 1528],7,387,77,218.28571428571428,26713.21617305756,16.38887347309871,-0.03241969078446155,28.38740947538072,4.561341286251059,0.22260508615134236,52.092311397109285,2.48739106242718,0.9109582303118028,0.9128010627547577,0.9297828301690068
542,40,45,15,Median,40,[   0  250  483  754  891 1064 1451 1528],7,387,77,218.28571428571428,27466.906557166858,16.385671890970666,-0.05498722633949376,27.372051828240522,6.204537804400487,0.19392160815210138,55.63271953874801,2.284213572370092,0.9414491182517909,0.9517489111991368,0.9599521694308454
543,40,45,15,Mode,40,[   0  111  250  483  754  891 1064 1451 1528],8,387,77,191.0,25537.0404948078,16.613818240497313,-0.06258998102651184,27.746155360579532,5.839729992348375,0.19688170667376464,54.15825915001768,2.274965170700404,0.9183441218506987,0.9253456767958089,0.9371485899539932
544,40,45,15,Median,40,[   0  250  466  556  754  891 1064 1451 1528],8,387,77,191.0,24619.658380019016,16.560793823807252,-0.07081028235728297,25.913150032748252,5.225468870935104,0.20046810830423686,54.20179557377718,2.2621644888613495,0.9316244782774218,0.9398216170143333,0.9494100009397763
545,40,45,15,Mode,40,[   0  111  250  483  556  754  891 1064 1451 1528],9,387,73,169.77777777777777,23130.69698176175,17.025764428410255,-0.06126388967960419,26.2327650312079,5.381577407150361,0.20704181674107133,52.742438304064514,2.2211140443017685,0.9212035927361352,0.926499501064796,0.9373366413094891
546,40,45,15,Median,40,[   0  250  466  556  754  891  950 1064 1451 1528],9,387,59,169.77777777777777,19265.198962289083,16.37999873985859,-0.08106373164518818,24.23360679523133,4.881601477083138,0.18969828722072762,44.624337945927024,2.186404031946019,0.9204223743040503,0.9331469200656407,0.9432610152454776
547,40,45,15,Mode,40,[   0  111  250  483  556  754  891  950 1064 1451 1528],10,387,59,152.8,18536.617654697064,16.813394286611114,-0.06594849864818954,24.748923386314758,5.091712445227169,0.19673823039608151,44.39129344261023,2.1583325764392063,0.9108479784467896,0.9187648743605047,0.9301070623168776
548,40,45,15,Median,40,[   0  250  466  556  754  891  950 1064 1451 1528],9,387,59,169.77777777777777,19265.198962289083,16.37999873985859,-0.08106373164518818,24.23360679523133,4.881601477083138,0.18969828722072762,44.624337945927024,2.186404031946019,0.9204223743040503,0.9331469200656407,0.9432610152454776
549,40,45,15,Mode,40,[   0  111  250  483  556  754  891  950 1064 1451 1528],10,387,59,152.8,18536.617654697064,16.813394286611114,-0.06594849864818954,24.748923386314758,5.091712445227169,0.19673823039608151,44.39129344261023,2.1583325764392063,0.9108479784467896,0.9187648743605047,0.9301070623168776
550,40,45,15,Median,40,[   0  111  250  466  556  754  891  950 1064 1451 1528],10,387,59,152.8,18706.27040106591,16.579751703104307,-0.06923452473256597,24.98733921359887,4.639795429988764,0.1950012430870119,45.438325885443724,2.1919349252383853,0.9001791636486803,0.9021202402913747,0.9157782659526121
551,40,45,15,Mode,40,[   0  111  250  483  556  754  891  950 1064 1451 1528],10,387,59,152.8,18536.617654697064,16.813394286611114,-0.06594849864818954,24.748923386314758,5.091712445227169,0.19673823039608151,44.39129344261023,2.1583325764392063,0.9108479784467896,0.9187648743605047,0.9301070623168776
552,40,45,15,Median,40,[   0  111  247  466  556  754  891  950 1064 1451 1528],10,387,59,152.8,18673.483372851115,16.579897688984904,-0.06833386524005337,24.964712955004103,4.718444899076778,0.19405030978061208,45.1250691093717,2.1889449744994685,0.8969362187465437,0.8984597984427642,0.9126185444423576
553,40,45,15,Mode,40,[   0  111  250  483  556  754  891  950 1064 1451 1528],10,387,59,152.8,18536.617654697064,16.813394286611114,-0.06594849864818954,24.748923386314758,5.091712445227169,0.19673823039608151,44.39129344261023,2.1583325764392063,0.9108479784467896,0.9187648743605047,0.9301070623168776
554,40,45,15,Median,40,[   0  111  247  466  556  754  891  950 1064 1451 1528],10,387,59,152.8,18673.483372851115,16.579897688984904,-0.06833386524005337,24.964712955004103,4.718444899076778,0.19405030978061208,45.1250691093717,2.1889449744994685,0.8969362187465437,0.8984597984427642,0.9126185444423576
555,40,45,15,Mode,40,[   0  111  250  483  556  754  891  950 1064 1451 1528],10,387,59,152.8,18536.617654697064,16.813394286611114,-0.06594849864818954,24.748923386314758,5.091712445227169,0.19673823039608151,44.39129344261023,2.1583325764392063,0.9108479784467896,0.9187648743605047,0.9301070623168776
556,40,45,15,Median,40,[   0  111  247  466  556  736  891  950 1064 1451 1528],10,387,59,152.8,18636.99445073412,16.488560206076045,-0.06791316836567939,25.09483722617745,4.809881877753034,0.1914408825632518,45.07065686648619,2.195419258430907,0.8904474118304032,0.8882861039216035,0.9036332571180025
557,40,45,15,Mode,40,[   0  111  250  483  556  736  891  950 1064 1451 1528],10,387,59,152.8,18495.32399267064,16.719778741696025,-0.06550441411791884,24.878757691801713,5.177790431108154,0.1940060221194668,44.309800229186294,2.15951038126939,0.9043019181222622,0.9088144117708776,0.9213774642174628
558,40,45,15,Median,40,[   0  111  247  483  556  736  891  950 1064 1451 1528],10,387,59,152.8,18475.63214463972,16.725408497117737,-0.06473980975532961,24.866623152285236,5.2938721109127815,0.1931133087952358,44.0658902578529,2.155505601930524,0.9010222503150024,0.9049725129692964,0.9180696259637611
559,40,45,15,Mode,40,[   0  111  250  483  556  736  891  950 1064 1451 1528],10,387,59,152.8,18495.32399267064,16.719778741696025,-0.06550441411791884,24.878757691801713,5.177790431108154,0.1940060221194668,44.309800229186294,2.15951038126939,0.9043019181222622,0.9088144117708776,0.9213774642174628
560,40,45,20,Median,40,[   0  460  950 1528],3,578,460,509.3333333333333,5197.50544880814,4.4195598050845035,-0.019299680307733574,6.24692091814573,11.29282066695859,0.016753233887838913,6.166241061385259,9.813147591665018,0.8783521503098216,0.9044338316201193,0.9364789898499097
561,40,45,20,Mode,40,[   0  483 1064 1528],3,581,464,509.3333333333333,14909.93308986081,7.415409027009014,-0.009486391222875238,17.21894340470619,6.536529386585069,0.037368277983609255,23.30654157131581,5.591338726114996,0.964799574643987,0.9777821796596795,0.9852446642291223
562,40,45,20,Median,40,[   0  460  913 1464 1528],4,551,64,382.0,11573.745109225129,9.782077737275182,-0.017400849562349913,12.211008954630616,7.127395420682863,0.07696396202709323,19.349009188997737,4.989465080259579,0.8523487399200252,0.8663755297173795,0.9084266006239544
563,40,45,20,Mode,40,[   0  483 1064 1464 1528],4,581,64,382.0,13450.993517673684,9.888960064434158,-0.02649181625550855,16.660174395069404,5.558982905102179,0.08918707639127045,23.199275952018258,4.47777991060349,0.9581896331353479,0.9735906202891904,0.9818945600156055
564,40,45,20,Median,40,[   0  221 1464 1528],3,1243,64,509.3333333333333,17997.063227858558,13.010881293603159,0.08746371917099346,22.87214491016782,3.6872405689225993,0.17195568245953127,27.032720749398464,3.3785160199336395,0.9160627699596632,0.9582409779021406,0.9867057691040253
565,40,45,20,Mode,40,[   0  111  754 1064 1464 1528],5,643,64,305.6,17409.415405985706,12.405287970180032,-0.027181196373870294,23.10250763470481,4.1629728276121565,0.18153284224110788,26.90790797309006,3.6334911583396705,0.9139146671721893,0.9265774560363179,0.9494208401057628
566,40,45,20,Median,40,[   0  214  483  886 1064 1464 1528],6,403,64,254.66666666666666,25579.713113141326,14.653572817450433,-0.05822479708808155,26.482387448622887,7.07403950469311,0.14186726958585702,48.497911270586556,2.6654892994317296,0.9269144304992191,0.9366220717064482,0.9494627236944012
567,40,45,20,Mode,40,[   0  111  483  891 1064 1464 1528],6,408,64,254.66666666666666,26097.138717895446,15.174639756736454,-0.04101350190082117,27.82777045490972,4.632948292473693,0.1820841195954917,48.92034923860773,2.951187626692124,0.9048631839450635,0.9123926799420077,0.9319797696751512
568,40,45,20,Median,40,[   0  214  483  754  891 1064 1464 1528],7,400,64,218.28571428571428,27591.389696423084,16.599277581733826,-0.04528484373004977,27.899519723493356,6.7604871070980925,0.1924987011817851,53.834856975931665,2.2462958146868535,0.9202409003326626,0.9286840256308398,0.9411203684847238
569,40,45,20,Mode,40,[   0  111  483  754  891 1064 1464 1528],7,400,64,218.28571428571428,27074.60448935546,16.73920625840612,-0.02655144896219398,28.824476085600175,4.608130650329083,0.2159101835413655,51.175550917513114,2.3957145243906086,0.9054060890508465,0.9103351184317792,0.9281973793215141
570,40,45,20,Median,40,[   0  111  247  483  754  891 1064 1464 1528],8,400,64,191.0,25807.38769486876,16.918723955693405,-0.06029131905085165,28.11612113542796,5.886165423508287,0.19041253083965912,53.15694390789544,2.1941296621397623,0.9097425513337426,0.9190285935557679,0.9321841225867761
571,40,45,20,Mode,40,[   0  111  221  483  754  891 1064 1464 1528],8,400,64,191.0,25795.166685392844,17.1222031246854,-0.062336034236040117,28.325100467966546,6.247232633633004,0.18781669735595793,53.114487848233,2.1548267234803333,0.9061256085917614,0.9172529160489366,0.9308309436484528
572,40,45,20,Median,40,[   0  111  247  462  556  754  891 1064 1464 1528],9,400,64,169.77777777777777,23402.01485464012,16.896018968177422,-0.06250802929647788,26.657889964824403,4.902717061789629,0.19652738085393598,52.29720667002897,2.2091951529560045,0.8999151739558366,0.9010167777509213,0.9160601656669529
573,40,45,20,Mode,40,[   0  111  221  483  556  754  891 1064 1464 1528],9,400,64,169.77777777777777,23370.049074594797,17.473485893000472,-0.05948299612528571,26.74838145553123,5.790010965154348,0.19784114007065826,51.38756669908631,2.103281359059377,0.9095949917499848,0.9179487929234555,0.9305102782100475
574,40,45,20,Median,40,[   0  111  247  462  556  754  891  950 1064 1464 1528],10,400,59,152.8,18759.477985221383,16.69780494000816,-0.06696672738413337,25.132280695899844,4.661731861514031,0.18705732648266826,43.99148113603899,2.147419510981833,0.8902508119520333,0.8924442668495679,0.9079242888230982
575,40,45,20,Mode,40,[   0  111  221  483  556  754  891  950 1064 1464 1528],10,400,59,152.8,18731.063958514427,17.211108873184205,-0.06285080642006398,25.213883056175803,5.505779861803694,0.18822511245308807,43.18291227297885,2.053273916407053,0.8995163464279448,0.9102255101350999,0.9232984793197293
576,40,45,20,Median,40,[   0  111  247  462  556  754  891  950 1064 1464 1528],10,400,59,152.8,18759.477985221383,16.69780494000816,-0.06696672738413337,25.132280695899844,4.661731861514031,0.18705732648266826,43.99148113603899,2.147419510981833,0.8902508119520333,0.8924442668495679,0.9079242888230982
577,40,45,20,Mode,40,[   0  111  221  483  556  754  891  950 1064 1464 1528],10,400,59,152.8,18731.063958514427,17.211108873184205,-0.06285080642006398,25.213883056175803,5.505779861803694,0.18822511245308807,43.18291227297885,2.053273916407053,0.8995163464279448,0.9102255101350999,0.9232984793197293
578,40,45,20,Median,40,[   0  111  247  462  556  754  891  950 1064 1464 1528],10,400,59,152.8,18759.477985221383,16.69780494000816,-0.06696672738413337,25.132280695899844,4.661731861514031,0.18705732648266826,43.99148113603899,2.147419510981833,0.8902508119520333,0.8924442668495679,0.9079242888230982
579,40,45,20,Mode,40,[   0  111  221  483  556  754  891  950 1064 1464 1528],10,400,59,152.8,18731.063958514427,17.211108873184205,-0.06285080642006398,25.213883056175803,5.505779861803694,0.18822511245308807,43.18291227297885,2.053273916407053,0.8995163464279448,0.9102255101350999,0.9232984793197293
580,40,45,20,Median,40,[   0  111  247  462  556  754  891  950 1064 1464 1528],10,400,59,152.8,18759.477985221383,16.69780494000816,-0.06696672738413337,25.132280695899844,4.661731861514031,0.18705732648266826,43.99148113603899,2.147419510981833,0.8902508119520333,0.8924442668495679,0.9079242888230982
581,40,45,20,Mode,40,[   0  111  221  483  556  754  891  950 1064 1464 1528],10,400,59,152.8,18731.063958514427,17.211108873184205,-0.06285080642006398,25.213883056175803,5.505779861803694,0.18822511245308807,43.18291227297885,2.053273916407053,0.8995163464279448,0.9102255101350999,0.9232984793197293
582,40,45,20,Median,40,[   0  111  247  460  556  754  891  950 1064 1464 1528],10,400,59,152.8,18725.523491071406,16.65675371744302,-0.06759313560397587,25.09875095714887,4.646094396830907,0.18654527506587607,43.891112363238705,2.1562551806569323,0.8893457404169864,0.8907371922410421,0.90646275619983
583,40,45,20,Mode,40,[   0  111  221  460  556  754  891  950 1064 1464 1528],10,400,59,152.8,18634.48576317908,16.772607214059644,-0.06664115456352897,25.200439623407995,5.101943205804071,0.18322718999408327,43.22051133035745,2.125779605948783,0.8856890100484626,0.8875696844196997,0.9039007293771729
584,40,45,20,Median,40,[   0  111  247  460  556  754  891  950 1064 1464 1528],10,400,59,152.8,18725.523491071406,16.65675371744302,-0.06759313560397587,25.09875095714887,4.646094396830907,0.18654527506587607,43.891112363238705,2.1562551806569323,0.8893457404169864,0.8907371922410421,0.90646275619983
585,40,45,20,Mode,40,[   0  111  221  460  556  754  891  950 1064 1464 1528],10,400,59,152.8,18634.48576317908,16.772607214059644,-0.06664115456352897,25.200439623407995,5.101943205804071,0.18322718999408327,43.22051133035745,2.125779605948783,0.8856890100484626,0.8875696844196997,0.9039007293771729
586,40,45,20,Median,40,[   0  111  247  460  556  736  891  950 1064 1464 1528],10,400,59,152.8,18695.954940321233,16.565900117330003,-0.0671467973250221,25.22905550388367,4.747955010111085,0.18400260315531405,43.86189214357986,2.1663411180842154,0.882833244627378,0.8807395032906089,0.8976396593964939
587,40,45,20,Mode,40,[   0  111  221  460  556  736  891  950 1064 1464 1528],10,400,59,152.8,18604.91721242891,16.681753613946626,-0.06609520595288168,25.33088102049249,5.153034316862724,0.1806845180835213,43.19129111069861,2.135865543376066,0.8791622896450801,0.8776654329079746,0.8951854118123319
588,40,50,10,Median,40,[   0  466  950 1528],3,578,466,509.3333333333333,5168.790905555995,4.4153663276625,-0.018552346066247886,6.200873943679697,11.278443000995273,0.01687864396296688,6.134885368607728,9.799762108797253,0.8884054728329361,0.9147179908548705,0.9433093528888585
589,40,50,10,Mode,40,[   0  483 1064 1528],3,581,464,509.3333333333333,14909.93308986081,7.415409027009014,-0.009486391222875238,17.21894340470619,6.536529386585069,0.037368277983609255,23.30654157131581,5.591338726114996,0.964799574643987,0.9777821796596795,0.9852446642291223
590,40,50,10,Median,40,[   0  556  950 1528],3,578,394,509.3333333333333,3308.901160120957,3.4934035961212784,-0.026955064822347014,4.8538263360024425,15.59257526241989,0.003256459982720495,3.690988214997269,13.479390905963477,0.9418686505849806,0.9599394648745039,0.9735706206401551
591,40,50,10,Mode,40,[   0  736 1064 1528],3,736,328,509.3333333333333,14980.143935563809,8.44679354824838,-0.008369101368580536,18.433733224198363,5.674078974938671,0.0580648990432178,22.33794193662264,4.900437565100743,0.9478526935735269,0.9662220099098459,0.9786524785837459
592,40,50,10,Median,40,[   0  483  825 1064 1528],4,483,239,382.0,23872.932858495875,11.979345056736909,-0.015791933299712076,22.08467285934037,5.041389554108693,0.09888918936610595,40.01870885697832,3.4395056403112854,0.9698049513429639,0.9795985546463644,0.9850482853121446
593,40,50,10,Mode,40,[   0  483  891 1064 1528],4,483,173,382.0,34082.1597876597,15.136003813910468,-0.014136537224938153,28.748496717135133,4.963235632180973,0.1376942275357632,66.70797924381382,3.0497087965179923,0.9409166458707875,0.9599803707864711,0.9709840317765999
594,40,50,10,Median,40,[   0  483  754  913 1064 1528],5,483,151,305.6,30886.0368480924,16.764600680606897,-0.024564148002844136,27.003646505053915,4.941435020196309,0.16858279136203483,55.21245762316516,2.3374496696453875,0.9211007969434626,0.9504950694585502,0.9626986639167079
595,40,50,10,Mode,40,[   0  483  736  950 1064 1528],5,483,114,305.6,30472.28026563875,17.135440100507893,-0.03486254042833011,26.12649864475688,4.624409013304986,0.15539373695427305,53.63586071335419,2.2197250147202094,0.9234282735515751,0.9510725395495495,0.9631765226238048
596,40,50,10,Median,40,[   0  466  554  754  913 1064 1528],6,466,88,254.66666666666666,25201.889655522016,16.618374638396737,-0.04869186910426459,24.489576266296957,4.689621987917406,0.15584150048819,45.04122997174107,2.2017965173536074,0.9122154648389866,0.9326634540584542,0.948504341315798
597,40,50,10,Mode,40,[   0  483  556  736  950 1064 1528],6,483,73,254.66666666666666,24039.162470143936,17.27502575476736,-0.053886440746671774,23.344833111242185,4.4136074020828415,0.147902930787304,42.42220559068647,2.0617829412792283,0.9271983437423261,0.9548702735510831,0.965648752004305
598,40,50,10,Median,40,[   0  466  554  748  891  950 1064 1528],7,466,59,218.28571428571428,19289.788864584334,16.676165459513395,-0.05883089572168728,24.173495994007578,4.3660821120093045,0.16024434220415565,36.81749488244655,2.06202085261998,0.9081130060209337,0.936844541838766,0.9512308383665794
599,40,50,10,Mode,40,[   0  483  556  736  891  950 1064 1528],7,483,59,218.28571428571428,19381.84353609879,17.086932303748757,-0.05900331270426307,24.197929475455297,4.44899450222564,0.16298822900461915,37.174936894978224,1.9775802938683118,0.9180856330222374,0.9557654246282771,0.9657847570601583
600,40,50,10,Median,40,[   0  343  466  554  748  891  950 1064 1528],8,464,59,191.0,19834.271967993496,17.138912182127914,-0.09967631296830036,24.18015507294816,4.667587005142111,0.1705526507967721,43.85484086435555,2.0390739409829544,0.914756495562075,0.9462191799908116,0.9561948389514139
601,40,50,10,Mode,40,[   0  343  483  556  736  891  950 1064 1528],8,464,59,191.0,19364.16807511113,17.088731728442742,-0.09238497299690172,23.78282217330746,4.711696644289946,0.16858622034324616,42.767463242711806,2.049614245700157,0.9199626994975871,0.9505819352101204,0.9596847702893108
602,40,50,10,Median,40,[   0  343  466  554  748  891  950 1064 1528],8,464,59,191.0,19834.271967993496,17.138912182127914,-0.09967631296830036,24.18015507294816,4.667587005142111,0.1705526507967721,43.85484086435555,2.0390739409829544,0.914756495562075,0.9462191799908116,0.9561948389514139
603,40,50,10,Mode,40,[   0  343  483  556  736  891  950 1064 1528],8,464,59,191.0,19364.16807511113,17.088731728442742,-0.09238497299690172,23.78282217330746,4.711696644289946,0.16858622034324616,42.767463242711806,2.049614245700157,0.9199626994975871,0.9505819352101204,0.9596847702893108
604,40,50,10,Median,40,[   0  343  466  554  748  891  950 1064 1528],8,464,59,191.0,19834.271967993496,17.138912182127914,-0.09967631296830036,24.18015507294816,4.667587005142111,0.1705526507967721,43.85484086435555,2.0390739409829544,0.914756495562075,0.9462191799908116,0.9561948389514139
605,40,50,10,Mode,40,[   0  343  483  556  736  891  950 1064 1528],8,464,59,191.0,19364.16807511113,17.088731728442742,-0.09238497299690172,23.78282217330746,4.711696644289946,0.16858622034324616,42.767463242711806,2.049614245700157,0.9199626994975871,0.9505819352101204,0.9596847702893108
606,40,50,10,Median,40,[   0  343  483  554  748  891  950 1064 1528],8,464,59,191.0,19506.56595668884,17.26839926875195,-0.09204390117564971,23.783081191674196,4.6723355946806695,0.17344832624565767,43.10712500723041,2.0331336103420843,0.925293661343032,0.9543102765943863,0.96279461906275
607,40,50,10,Mode,40,[   0  343  483  556  736  891  950 1064 1528],8,464,59,191.0,19364.16807511113,17.088731728442742,-0.09238497299690172,23.78282217330746,4.711696644289946,0.16858622034324616,42.767463242711806,2.049614245700157,0.9199626994975871,0.9505819352101204,0.9596847702893108
608,40,50,10,Median,40,[   0  343  483  554  748  891  950 1064 1291 1528],9,343,59,169.77777777777777,17524.690280443327,16.17501072715268,-0.09102933302040303,21.84712552515642,7.038469600012956,0.16725116854555996,40.69285603298689,2.3592496183136227,0.9058696785270139,0.9022858490942361,0.9159483935708207
609,40,50,10,Mode,40,[   0  343  483  556  736  891  950 1064 1291 1528],9,343,59,169.77777777777777,17400.09213406283,16.01780162938212,-0.09133903264714367,21.8468967685255,7.073307959868394,0.16299682588094988,40.39565198903311,2.3736701742519366,0.9011286886592041,0.8971398122450696,0.9113667826255407
610,40,50,10,Median,40,[   0  343  483  554  748  891  950 1064 1291 1528],9,343,59,169.77777777777777,17524.690280443327,16.17501072715268,-0.09102933302040303,21.84712552515642,7.038469600012956,0.16725116854555996,40.69285603298689,2.3592496183136227,0.9058696785270139,0.9022858490942361,0.9159483935708207
611,40,50,10,Mode,40,[   0  343  483  556  736  891  950 1064 1291 1528],9,343,59,169.77777777777777,17400.09213406283,16.01780162938212,-0.09133903264714367,21.8468967685255,7.073307959868394,0.16299682588094988,40.39565198903311,2.3736701742519366,0.9011286886592041,0.8971398122450696,0.9113667826255407
612,40,50,10,Median,40,[   0  343  483  554  736  891  950 1064 1291 1528],9,343,59,169.77777777777777,17478.140317103844,16.101120646006308,-0.0909433087683296,21.902078968129516,7.0619483617129255,0.1646233249622857,40.60544380146101,2.362563989644589,0.9042556591319028,0.8987726059659279,0.9127816540722016
613,40,50,10,Mode,40,[   0  343  483  556  736  891  950 1064 1291 1528],9,343,59,169.77777777777777,17400.09213406283,16.01780162938212,-0.09133903264714367,21.8468967685255,7.073307959868394,0.16299682588094988,40.39565198903311,2.3736701742519366,0.9011286886592041,0.8971398122450696,0.9113667826255407
614,40,50,10,Median,40,[   0  343  483  554  736  891  950 1064 1291 1528],9,343,59,169.77777777777777,17478.140317103844,16.101120646006308,-0.0909433087683296,21.902078968129516,7.0619483617129255,0.1646233249622857,40.60544380146101,2.362563989644589,0.9042556591319028,0.8987726059659279,0.9127816540722016
615,40,50,10,Mode,40,[   0  343  483  556  736  891  950 1064 1291 1528],9,343,59,169.77777777777777,17400.09213406283,16.01780162938212,-0.09133903264714367,21.8468967685255,7.073307959868394,0.16299682588094988,40.39565198903311,2.3736701742519366,0.9011286886592041,0.8971398122450696,0.9113667826255407
616,40,50,15,Median,40,[   0  460  950 1528],3,578,460,509.3333333333333,5197.50544880814,4.4195598050845035,-0.019299680307733574,6.24692091814573,11.29282066695859,0.016753233887838913,6.166241061385259,9.813147591665018,0.8783521503098216,0.9044338316201193,0.9364789898499097
617,40,50,15,Mode,40,[   0  483 1064 1528],3,581,464,509.3333333333333,14909.93308986081,7.415409027009014,-0.009486391222875238,17.21894340470619,6.536529386585069,0.037368277983609255,23.30654157131581,5.591338726114996,0.964799574643987,0.9777821796596795,0.9852446642291223
618,40,50,15,Median,40,[   0  111  556 1528],3,972,111,509.3333333333333,15341.436159001776,10.461291538044065,-0.0377617186253999,21.20232824571669,7.987496209458587,0.14039601247117703,15.02202667780494,6.777967689400868,0.9113028502050889,0.9640124691747239,0.9820868437995165
619,40,50,15,Mode,40,[   0  111  754 1064 1528],4,643,111,382.0,20659.832885915923,11.909872805997773,-0.020534851000232206,25.352716326907597,4.641822791215774,0.17733204005840233,29.83386563852065,3.970994430653249,0.9156221457840401,0.932587889714106,0.9549368147855286
620,40,50,15,Median,40,[   0  111  483  891 1064 1528],5,464,111,305.6,31027.47946906225,15.454255886990952,-0.041140337528614165,30.46726262738019,4.734642464697137,0.17480254808379322,56.081412075434244,3.0912139850441864,0.905590453787001,0.9218313885075092,0.9409476321746041
621,40,50,15,Mode,40,[   0  111  950 1064 1528],4,839,111,382.0,32719.940469782694,18.345408510474343,-0.03903355609530674,31.853208461414745,4.676308059149235,0.2232511107232679,59.966283364306015,2.2654791298582015,0.8771345868653346,0.9079215718837234,0.9476641329006689
622,40,50,15,Median,40,[   0  111  483  825 1064 1451 1528],6,387,77,254.66666666666666,19718.982546575156,12.870360442854457,-0.0501803973438151,23.077679259838224,4.774018495451824,0.16759872335496354,32.982341052591906,3.2805486911015516,0.9351969722916723,0.9364504839186001,0.9500658068125681
623,40,50,15,Mode,40,[   0  111  483  891 1064 1451 1528],6,408,77,254.66666666666666,25663.472738337958,14.754240414367562,-0.04689944647411524,27.323725581513337,4.777567016936282,0.19011800272746396,50.02046181412313,3.0611994723360096,0.910962239186464,0.9147638401798953,0.9334526356818394
624,40,50,15,Median,40,[   0  111  483  754  913 1064 1451 1528],7,387,77,218.28571428571428,25195.49988768958,15.989754859563446,-0.04227359835827152,26.620976731595373,4.827313477795149,0.20997606333621255,48.57598896168144,2.5303613256417585,0.8969548488156661,0.897386023173624,0.9172821939132576
625,40,50,15,Mode,40,[   0  111  483  754  950 1064 1451 1528],7,387,77,218.28571428571428,24503.849914525897,16.102997418990736,-0.052755518654622885,25.547829685322743,4.516978825389581,0.20164411067701823,46.8329132452005,2.508082521829772,0.9081460815293221,0.9101206592782617,0.927764565543914
626,40,50,15,Median,40,[   0  250  483  754  913 1064 1451 1528],7,387,77,218.28571428571428,25949.19027179888,15.986553277435403,-0.06548218985806464,25.61828195190149,6.365653795353564,0.18129258533697154,52.11639710332017,2.32718383558467,0.9279426124237506,0.9349707676605314,0.9460154676301127
627,40,50,15,Mode,40,[   0  111  247  483  754  950 1064 1451 1528],8,387,77,191.0,23603.88377358628,16.373402093337358,-0.0766422236921034,25.229808525413688,6.169165570986097,0.17818446838450427,49.4346830459132,2.2904450885161878,0.9122223268746865,0.9187858416370212,0.9317504619205526
628,40,50,15,Median,40,[   0  250  466  556  754  913 1064 1451 1528],8,387,77,191.0,23219.336650463785,16.227392901021304,-0.07864448118422873,24.38004156166308,5.437448271255946,0.18915858517986237,51.05387652851022,2.3051165340797417,0.9188227372480753,0.9219432279349508,0.9343361474344148
629,40,50,15,Mode,40,[   0  111  247  483  556  754  950 1064 1451 1528],9,387,73,169.77777777777777,21247.015688729345,16.857586895794167,-0.07335022918006398,23.991932835631278,5.679543649658093,0.18993693855804145,48.162060620276876,2.231520625720599,0.9153773893022441,0.9195255341039097,0.9315088735143687
630,40,50,15,Median,40,[   0  250  466  556  748  891  950 1064 1451 1528],9,387,59,169.77777777777777,19268.566095328475,16.350126810897,-0.08084411326641561,24.31924414849493,4.902164444712373,0.18923463224982068,44.626946720293034,2.1858114141056255,0.9151282058893249,0.9267833082583278,0.9378536068616334
631,40,50,15,Mode,40,[   0  111  247  483  556  754  891  950 1064 1451 1528],10,387,59,152.8,18516.925806666142,16.81902404203283,-0.06521226332992452,24.736805121032216,5.208299128587404,0.19584551707185055,44.14738347127683,2.1543277971003403,0.9075601948865641,0.9149454920748644,0.9268184090721597
632,40,50,15,Median,40,[   0  250  466  556  748  891  950 1064 1451 1528],9,387,59,169.77777777777777,19268.566095328475,16.350126810897,-0.08084411326641561,24.31924414849493,4.902164444712373,0.18923463224982068,44.626946720293034,2.1858114141056255,0.9151282058893249,0.9267833082583278,0.9378536068616334
633,40,50,15,Mode,40,[   0  111  247  483  556  754  891  950 1064 1451 1528],10,387,59,152.8,18516.925806666142,16.81902404203283,-0.06521226332992452,24.736805121032216,5.208299128587404,0.19584551707185055,44.14738347127683,2.1543277971003403,0.9075601948865641,0.9149454920748644,0.9268184090721597
634,40,50,15,Median,40,[   0  111  250  466  556  748  891  950 1064 1451 1528],10,387,59,152.8,18709.263408212042,16.55319887736067,-0.06886152400639058,25.066205182081866,4.669835404791963,0.19458910533509455,45.44064479599129,2.1914081538247014,0.8951449246649122,0.8952543536871668,0.9098606207331679
635,40,50,15,Mode,40,[   0  111  247  483  556  754  891  950 1064 1451 1528],10,387,59,152.8,18516.925806666142,16.81902404203283,-0.06521226332992452,24.736805121032216,5.208299128587404,0.19584551707185055,44.14738347127683,2.1543277971003403,0.9075601948865641,0.9149454920748644,0.9268184090721597
636,40,50,15,Median,40,[   0  111  250  466  556  748  891  950 1064 1451 1528],10,387,59,152.8,18709.263408212042,16.55319887736067,-0.06886152400639058,25.066205182081866,4.669835404791963,0.19458910533509455,45.44064479599129,2.1914081538247014,0.8951449246649122,0.8952543536871668,0.9098606207331679
637,40,50,15,Mode,40,[   0  111  247  483  556  754  891  950 1064 1451 1528],10,387,59,152.8,18516.925806666142,16.81902404203283,-0.06521226332992452,24.736805121032216,5.208299128587404,0.19584551707185055,44.14738347127683,2.1543277971003403,0.9075601948865641,0.9149454920748644,0.9268184090721597
638,40,50,15,Median,40,[   0  111  247  466  556  748  891  950 1064 1451 1528],10,387,59,152.8,18676.476379997242,16.553344863241268,-0.06794408527589768,25.04356049163677,4.747908536007545,0.19363817202869477,45.127388019919266,2.188418203085785,0.8919019057224448,0.8915950533038441,0.9067013703908907
639,40,50,15,Mode,40,[   0  111  247  483  556  754  891  950 1064 1451 1528],10,387,59,152.8,18516.925806666142,16.81902404203283,-0.06521226332992452,24.736805121032216,5.208299128587404,0.19584551707185055,44.14738347127683,2.1543277971003403,0.9075601948865641,0.9149454920748644,0.9268184090721597
640,40,50,15,Median,40,[   0  111  247  483  556  748  891  950 1064 1451 1528],10,387,59,152.8,18517.645092442173,16.791146378930208,-0.06481043805153561,24.815467119081845,5.23776276551817,0.1954295935718202,44.142607632471105,2.152030457429962,0.9025088231109833,0.9081387060714439,0.9209545998184744
641,40,50,15,Mode,40,[   0  111  247  483  556  754  891  950 1064 1451 1528],10,387,59,152.8,18516.925806666142,16.81902404203283,-0.06521226332992452,24.736805121032216,5.208299128587404,0.19584551707185055,44.14738347127683,2.1543277971003403,0.9075601948865641,0.9149454920748644,0.9268184090721597
642,40,50,15,Median,40,[   0  111  247  343  460  556  736  891  950 1064 1291 1451 1528],12,227,59,127.33333333333333,14501.460119923375,14.623441265569555,-0.08533646190168553,21.262591587256555,5.392975346725616,0.1592092817577936,33.75963827948083,2.637953036509735,0.8759302635284096,0.8059466914865834,0.8241604557823915
643,40,50,15,Mode,40,[   0  111  247  343  460  556  736  891  950 1064 1291 1451 1528],12,227,59,127.33333333333333,14501.460119923375,14.623441265569555,-0.08533646190168553,21.262591587256555,5.392975346725616,0.1592092817577936,33.75963827948083,2.637953036509735,0.8759302635284096,0.8059466914865834,0.8241604557823915
644,40,50,20,Median,40,[   0  460  950 1528],3,578,460,509.3333333333333,5197.50544880814,4.4195598050845035,-0.019299680307733574,6.24692091814573,11.29282066695859,0.016753233887838913,6.166241061385259,9.813147591665018,0.8783521503098216,0.9044338316201193,0.9364789898499097
645,40,50,20,Mode,40,[   0  483 1064 1528],3,581,464,509.3333333333333,14909.93308986081,7.415409027009014,-0.009486391222875238,17.21894340470619,6.536529386585069,0.037368277983609255,23.30654157131581,5.591338726114996,0.964799574643987,0.9777821796596795,0.9852446642291223
646,40,50,20,Median,40,[   0  460  913 1451 1528],4,538,77,382.0,11185.7059839227,9.15775537242054,-0.02236612535141538,11.631895713908055,7.199383231883485,0.08757719749552849,18.668874411049632,5.0822658674915155,0.8619652480491558,0.8698386136229636,0.9099689416669077
647,40,50,20,Mode,40,[   0  483 1064 1464 1528],4,581,64,382.0,13450.993517673684,9.888960064434158,-0.02649181625550855,16.660174395069404,5.558982905102179,0.08918707639127045,23.199275952018258,4.47777991060349,0.9581896331353479,0.9735906202891904,0.9818945600156055
648,40,50,20,Median,40,[   0  221 1451 1528],3,1230,77,509.3333333333333,17134.143024881723,11.952074277539317,0.11869047794091624,21.81779540778044,3.879121565367156,0.19396152732652797,25.559169891145878,3.680886761686615,0.9351921269367621,0.9669383916172829,0.9890097099452596
649,40,50,20,Mode,40,[   0  111  754 1064 1464 1528],5,643,64,305.6,17409.415405985706,12.405287970180032,-0.027181196373870294,23.10250763470481,4.1629728276121565,0.18153284224110788,26.90790797309006,3.6334911583396705,0.9139146671721893,0.9265774560363179,0.9494208401057628
650,40,50,20,Median,40,[   0  221  483  825 1064 1451 1528],6,387,77,254.66666666666666,20005.10963599567,12.638941442052701,-0.062268096807678495,22.170787006119067,7.635577794747473,0.13241195443225734,34.46193666183376,2.9787515263158633,0.9575390991827134,0.9646631309964993,0.9714062086483957
651,40,50,20,Mode,40,[   0  111  483  891 1064 1464 1528],6,408,64,254.66666666666666,26097.138717895446,15.174639756736454,-0.04101350190082117,27.82777045490972,4.632948292473693,0.1820841195954917,48.92034923860773,2.951187626692124,0.9048631839450635,0.9123926799420077,0.9319797696751512
652,40,50,20,Median,40,[   0  221  483  754  913 1064 1451 1528],7,387,77,218.28571428571428,25876.671687749447,15.906377672156324,-0.05885883549607097,25.824234954691732,7.164521359960888,0.18609696109802953,51.50701151133128,2.361977634531211,0.9190102531351234,0.9244647546961048,0.9373014127100139
653,40,50,20,Mode,40,[   0  111  483  754  891 1064 1464 1528],7,400,64,218.28571428571428,27074.60448935546,16.73920625840612,-0.02655144896219398,28.824476085600175,4.608130650329083,0.2159101835413655,51.175550917513114,2.3957145243906086,0.9054060890508465,0.9103351184317792,0.9281973793215141
654,40,50,20,Median,40,[   0  111  247  483  754  913 1064 1451 1528],8,387,77,191.0,24196.726607726578,16.276337042399685,-0.07016168374917355,26.175011352348612,6.193053966888275,0.18532614209238513,50.928747945754004,2.3095412060693197,0.9019882751839627,0.904045085863804,0.9191939732959811
655,40,50,20,Mode,40,[   0  111  247  483  754  891 1064 1464 1528],8,400,64,191.0,25807.38769486876,16.918723955693405,-0.06029131905085165,28.11612113542796,5.886165423508287,0.19041253083965912,53.15694390789544,2.1941296621397623,0.9097425513337426,0.9190285935557679,0.9321841225867761
656,40,50,20,Median,40,[   0  111  247  466  553  754  913 1064 1451 1528],9,387,77,169.77777777777777,22141.912305807535,16.559153881461746,-0.07100507170607544,25.151593282219437,5.217195610086903,0.195551420108923,51.10635159308942,2.2794561909698787,0.8961305937300954,0.8891423782717129,0.9054243178630167
657,40,50,20,Mode,40,[   0  111  247  483  556  754  891 1064 1464 1528],9,400,64,169.77777777777777,23379.58488995039,17.294847492240244,-0.05881691275322494,26.562259018190822,5.405190053580448,0.20101633729382884,51.78046922661732,2.147851264018116,0.9130277561579314,0.9198127678855667,0.9319870341416969
658,40,50,20,Median,40,[   0  111  247  466  553  748  891  950 1064 1451 1528],10,387,59,152.8,18754.0128829694,16.63388993413058,-0.06771551792984852,25.107219871560453,4.741512045068162,0.19492333106584178,45.3956099264299,2.175239827543125,0.8933662451357962,0.8928772135307037,0.9078044740024621
659,40,50,20,Mode,40,[   0  111  247  483  556  754  891  950 1064 1464 1528],10,400,59,152.8,18739.540238830516,17.05231918361956,-0.06331397036378425,25.046044296599277,5.113957554125768,0.19104750998479525,43.53215896411752,2.09289160970371,0.9028722045317598,0.9120435480951615,0.9247101839537978
660,40,50,20,Median,40,[   0  111  247  466  553  748  891  950 1064 1451 1528],10,387,59,152.8,18754.0128829694,16.63388993413058,-0.06771551792984852,25.107219871560453,4.741512045068162,0.19492333106584178,45.3956099264299,2.175239827543125,0.8933662451357962,0.8928772135307037,0.9078044740024621
661,40,50,20,Mode,40,[   0  111  247  483  556  754  891  950 1064 1464 1528],10,400,59,152.8,18739.540238830516,17.05231918361956,-0.06331397036378425,25.046044296599277,5.113957554125768,0.19104750998479525,43.53215896411752,2.09289160970371,0.9028722045317598,0.9120435480951615,0.9247101839537978
662,40,50,20,Median,40,[   0  111  247  466  553  748  891  950 1064 1451 1528],10,387,59,152.8,18754.0128829694,16.63388993413058,-0.06771551792984852,25.107219871560453,4.741512045068162,0.19492333106584178,45.3956099264299,2.175239827543125,0.8933662451357962,0.8928772135307037,0.9078044740024621
663,40,50,20,Mode,40,[   0  111  247  483  556  754  891  950 1064 1464 1528],10,400,59,152.8,18739.540238830516,17.05231918361956,-0.06331397036378425,25.046044296599277,5.113957554125768,0.19104750998479525,43.53215896411752,2.09289160970371,0.9028722045317598,0.9120435480951615,0.9247101839537978
664,40,50,20,Median,40,[   0  111  247  466  553  748  891  950 1064 1451 1528],10,387,59,152.8,18754.0128829694,16.63388993413058,-0.06771551792984852,25.107219871560453,4.741512045068162,0.19492333106584178,45.3956099264299,2.175239827543125,0.8933662451357962,0.8928772135307037,0.9078044740024621
665,40,50,20,Mode,40,[   0  111  247  483  556  754  891  950 1064 1464 1528],10,400,59,152.8,18739.540238830516,17.05231918361956,-0.06331397036378425,25.046044296599277,5.113957554125768,0.19104750998479525,43.53215896411752,2.09289160970371,0.9028722045317598,0.9120435480951615,0.9247101839537978
666,40,50,20,Median,40,[   0  111  247  466  553  748  891  950 1064 1451 1528],10,387,59,152.8,18754.0128829694,16.63388993413058,-0.06771551792984852,25.107219871560453,4.741512045068162,0.19492333106584178,45.3956099264299,2.175239827543125,0.8933662451357962,0.8928772135307037,0.9078044740024621
667,40,50,20,Mode,40,[   0  111  247  483  556  754  891  950 1064 1464 1528],10,400,59,152.8,18739.540238830516,17.05231918361956,-0.06331397036378425,25.046044296599277,5.113957554125768,0.19104750998479525,43.53215896411752,2.09289160970371,0.9028722045317598,0.9120435480951615,0.9247101839537978
668,40,50,20,Median,40,[   0  111  247  460  553  748  891  950 1064 1451 1528],10,387,59,152.8,18572.74074388678,16.465677339045865,-0.06878270183376724,24.92078237183664,4.703033901135997,0.19204827805127328,44.73135780213333,2.2056916937715556,0.8905905408405717,0.8875939076509346,0.9032545626026316
669,40,50,20,Mode,40,[   0  111  247  460  556  754  891  950 1064 1464 1528],10,400,59,152.8,18725.523491071406,16.65675371744302,-0.06759313560397587,25.09875095714887,4.646094396830907,0.18654527506587607,43.891112363238705,2.1562551806569323,0.8893457404169864,0.8907371922410421,0.90646275619983
670,40,50,20,Median,40,[   0  111  247  460  553  748  891  950 1064 1451 1528],10,387,59,152.8,18572.74074388678,16.465677339045865,-0.06878270183376724,24.92078237183664,4.703033901135997,0.19204827805127328,44.73135780213333,2.2056916937715556,0.8905905408405717,0.8875939076509346,0.9032545626026316
671,40,50,20,Mode,40,[   0  111  247  460  556  754  891  950 1064 1464 1528],10,400,59,152.8,18725.523491071406,16.65675371744302,-0.06759313560397587,25.09875095714887,4.646094396830907,0.18654527506587607,43.891112363238705,2.1562551806569323,0.8893457404169864,0.8907371922410421,0.90646275619983
672,20,35,10,Median,40,[   0  891 1528],2,891,637,764.0,4069.1474870855773,3.309823419138439,-0.006232742687495143,4.982951170546194,11.942401007879372,-0.006232742687495143,4.982951170546194,11.942401007879372,0.9216561381301412,0.9559397891348912,0.9784938451035314
673,20,35,10,Mode,40,[   0 1064 1528],2,1064,464,764.0,18557.14109031639,7.578572466769806,-0.003366899014343509,22.991803285285997,4.978927015000117,-0.003366899014343509,22.991803285285997,4.978927015000117,0.9853748308799835,0.9946430690428134,0.9977306894174207
674,20,35,10,Median,40,[   0  606  988 1528],3,606,382,509.3333333333333,3793.922140440589,4.043232545088684,-0.020326090804474152,5.666961778803285,10.132069583214381,0.008880442510561184,4.901363872996827,9.93429824507458,0.8571482279972691,0.8811602869746966,0.921747585622317
675,20,35,10,Mode,40,[   0  754 1064 1528],3,754,310,509.3333333333333,16089.644984973176,8.897591613956104,-0.00796115144397304,18.908278744491316,5.532037231475592,0.06931538130382259,23.80670104379495,4.68130211251453,0.9661726990443295,0.9818181683749323,0.9887034246815457
676,20,35,10,Median,40,[   0  483  891 1064 1528],4,483,173,382.0,34082.1597876597,15.136003813910468,-0.014136537224938153,28.748496717135133,4.963235632180973,0.1376942275357632,66.70797924381382,3.0497087965179923,0.9409166458707875,0.9599803707864711,0.9709840317765999
677,20,35,10,Mode,40,[   0  483  891 1064 1528],4,483,173,382.0,34082.1597876597,15.136003813910468,-0.014136537224938153,28.748496717135133,4.963235632180973,0.1376942275357632,66.70797924381382,3.0497087965179923,0.9409166458707875,0.9599803707864711,0.9709840317765999
678,20,35,10,Median,40,[   0  483  754  891 1064 1528],5,483,137,305.6,33478.53774455573,17.393831257512726,-0.016304916729090832,29.495113382900975,4.983792931598373,0.18853383268074242,61.06687268212949,2.27029655465641,0.9377933369397697,0.9632231828005877,0.9722992476631597
679,20,35,10,Mode,40,[   0  483  754  891 1064 1528],5,483,137,305.6,33478.53774455573,17.393831257512726,-0.016304916729090832,29.495113382900975,4.983792931598373,0.18853383268074242,61.06687268212949,2.27029655465641,0.9377933369397697,0.9632231828005877,0.9722992476631597
680,20,35,10,Median,40,[   0  483  754  891 1064 1528],5,483,137,305.6,33478.53774455573,17.393831257512726,-0.016304916729090832,29.495113382900975,4.983792931598373,0.18853383268074242,61.06687268212949,2.27029655465641,0.9377933369397697,0.9632231828005877,0.9722992476631597
681,20,35,10,Mode,40,[   0  483  754  891 1064 1528],5,483,137,305.6,33478.53774455573,17.393831257512726,-0.016304916729090832,29.495113382900975,4.983792931598373,0.18853383268074242,61.06687268212949,2.27029655465641,0.9377933369397697,0.9632231828005877,0.9722992476631597
682,20,35,10,Median,40,[   0  483  754  891 1064 1528],5,483,137,305.6,33478.53774455573,17.393831257512726,-0.016304916729090832,29.495113382900975,4.983792931598373,0.18853383268074242,61.06687268212949,2.27029655465641,0.9377933369397697,0.9632231828005877,0.9722992476631597
683,20,35,10,Mode,40,[   0  483  754  891 1064 1528],5,483,137,305.6,33478.53774455573,17.393831257512726,-0.016304916729090832,29.495113382900975,4.983792931598373,0.18853383268074242,61.06687268212949,2.27029655465641,0.9377933369397697,0.9632231828005877,0.9722992476631597
684,20,35,10,Median,40,[   0  483  727  891 1064 1528],5,483,164,305.6,34273.36796125198,17.30215106457719,-0.017887367375271513,29.87795045759086,5.4708108437563014,0.17938561365579303,62.77505482573997,2.2042227150288234,0.9390442211839165,0.9632343587009665,0.9721646899347209
685,20,35,10,Mode,40,[   0  483  727  891 1064 1528],5,483,164,305.6,34273.36796125198,17.30215106457719,-0.017887367375271513,29.87795045759086,5.4708108437563014,0.17938561365579303,62.77505482573997,2.2042227150288234,0.9390442211839165,0.9632343587009665,0.9721646899347209
686,20,35,10,Median,40,[   0  466  727  891 1064 1528],5,466,164,305.6,34717.81290540134,17.3295013928701,-0.01582241703426601,30.373239244803095,5.453947051883811,0.18228707013982987,63.480052603687724,2.1925550085486165,0.9167471788652203,0.9355050381302593,0.951108210744036
687,20,35,10,Mode,40,[   0  466  727  891 1064 1528],5,466,164,305.6,34717.81290540134,17.3295013928701,-0.01582241703426601,30.373239244803095,5.453947051883811,0.18228707013982987,63.480052603687724,2.1925550085486165,0.9167471788652203,0.9355050381302593,0.951108210744036
688,20,35,10,Median,40,[   0  466  727  891 1064 1528],5,466,164,305.6,34717.81290540134,17.3295013928701,-0.01582241703426601,30.373239244803095,5.453947051883811,0.18228707013982987,63.480052603687724,2.1925550085486165,0.9167471788652203,0.9355050381302593,0.951108210744036
689,20,35,10,Mode,40,[   0  466  727  891 1064 1528],5,466,164,305.6,34717.81290540134,17.3295013928701,-0.01582241703426601,30.373239244803095,5.453947051883811,0.18228707013982987,63.480052603687724,2.1925550085486165,0.9167471788652203,0.9355050381302593,0.951108210744036
690,20,35,10,Median,40,[   0  466  727  891 1069 1528],5,466,164,305.6,35038.551651680056,17.31212418801187,-0.015403719527310495,30.77598746785445,5.466324201223246,0.1834177676884459,63.28857970780083,2.2063879595439824,0.9076782437436833,0.9280245208451641,0.9454156477651138
691,20,35,10,Mode,40,[   0  466  727  891 1069 1528],5,466,164,305.6,35038.551651680056,17.31212418801187,-0.015403719527310495,30.77598746785445,5.466324201223246,0.1834177676884459,63.28857970780083,2.2063879595439824,0.9076782437436833,0.9280245208451641,0.9454156477651138
692,20,35,10,Median,40,[   0  466  735  891 1069 1528],5,466,156,305.6,35424.56589508301,17.511669422533473,-0.015048726530627679,31.099592058770064,5.223508295643411,0.1888594335984212,63.97907885313921,2.1911153960254834,0.8976908101113578,0.921175815984719,0.9402226418861467
693,20,35,10,Mode,40,[   0  466  735  891 1069 1528],5,466,156,305.6,35424.56589508301,17.511669422533473,-0.015048726530627679,31.099592058770064,5.223508295643411,0.1888594335984212,63.97907885313921,2.1911153960254834,0.8976908101113578,0.921175815984719,0.9402226418861467
694,20,35,10,Median,40,[   0  466  735  891 1069 1528],5,466,156,305.6,35424.56589508301,17.511669422533473,-0.015048726530627679,31.099592058770064,5.223508295643411,0.1888594335984212,63.97907885313921,2.1911153960254834,0.8976908101113578,0.921175815984719,0.9402226418861467
695,20,35,10,Mode,40,[   0  466  735  891 1069 1528],5,466,156,305.6,35424.56589508301,17.511669422533473,-0.015048726530627679,31.099592058770064,5.223508295643411,0.1888594335984212,63.97907885313921,2.1911153960254834,0.8976908101113578,0.921175815984719,0.9402226418861467
696,20,35,10,Median,40,[   0  466  735  891 1069 1528],5,466,156,305.6,35424.56589508301,17.511669422533473,-0.015048726530627679,31.099592058770064,5.223508295643411,0.1888594335984212,63.97907885313921,2.1911153960254834,0.8976908101113578,0.921175815984719,0.9402226418861467
697,20,35,10,Mode,40,[   0  466  735  891 1069 1528],5,466,156,305.6,35424.56589508301,17.511669422533473,-0.015048726530627679,31.099592058770064,5.223508295643411,0.1888594335984212,63.97907885313921,2.1911153960254834,0.8976908101113578,0.921175815984719,0.9402226418861467
698,20,35,10,Median,40,[   0  460  735  891 1069 1528],5,460,156,305.6,35269.31950473919,17.438938460908787,-0.01576827250713702,30.969852686057813,5.235763866985122,0.18821534262000614,63.85820214750472,2.2089809527962965,0.8912102493734891,0.9115300932328311,0.9328796203863249
699,20,35,10,Mode,40,[   0  460  735  891 1069 1528],5,460,156,305.6,35269.31950473919,17.438938460908787,-0.01576827250713702,30.969852686057813,5.235763866985122,0.18821534262000614,63.85820214750472,2.2089809527962965,0.8912102493734891,0.9115300932328311,0.9328796203863249
700,20,35,15,Median,40,[   0  891 1528],2,891,637,764.0,4069.1474870855773,3.309823419138439,-0.006232742687495143,4.982951170546194,11.942401007879372,-0.006232742687495143,4.982951170546194,11.942401007879372,0.9216561381301412,0.9559397891348912,0.9784938451035314
701,20,35,15,Mode,40,[   0 1064 1528],2,1064,464,764.0,18557.14109031639,7.578572466769806,-0.003366899014343509,22.991803285285997,4.978927015000117,-0.003366899014343509,22.991803285285997,4.978927015000117,0.9853748308799835,0.9946430690428134,0.9977306894174207
702,20,35,15,Median,40,[   0  597  988 1528],3,597,391,509.3333333333333,3643.929576245967,3.9365281783717174,-0.021839092243216687,5.5990176781483925,10.435173561472984,0.007356196383491496,4.6976142278483035,10.197769721925717,0.869672259856139,0.8958089429482239,0.9312959027567203
703,20,35,15,Mode,40,[   0  754 1064 1528],3,754,310,509.3333333333333,16089.644984973176,8.897591613956104,-0.00796115144397304,18.908278744491316,5.532037231475592,0.06931538130382259,23.80670104379495,4.68130211251453,0.9661726990443295,0.9818181683749323,0.9887034246815457
704,20,35,15,Median,40,[   0  483  891 1064 1528],4,483,173,382.0,34082.1597876597,15.136003813910468,-0.014136537224938153,28.748496717135133,4.963235632180973,0.1376942275357632,66.70797924381382,3.0497087965179923,0.9409166458707875,0.9599803707864711,0.9709840317765999
705,20,35,15,Mode,40,[   0  483  891 1064 1528],4,483,173,382.0,34082.1597876597,15.136003813910468,-0.014136537224938153,28.748496717135133,4.963235632180973,0.1376942275357632,66.70797924381382,3.0497087965179923,0.9409166458707875,0.9599803707864711,0.9709840317765999
706,20,35,15,Median,40,[   0  483  754  891 1064 1528],5,483,137,305.6,33478.53774455573,17.393831257512726,-0.016304916729090832,29.495113382900975,4.983792931598373,0.18853383268074242,61.06687268212949,2.27029655465641,0.9377933369397697,0.9632231828005877,0.9722992476631597
707,20,35,15,Mode,40,[   0  483  754  891 1064 1528],5,483,137,305.6,33478.53774455573,17.393831257512726,-0.016304916729090832,29.495113382900975,4.983792931598373,0.18853383268074242,61.06687268212949,2.27029655465641,0.9377933369397697,0.9632231828005877,0.9722992476631597
708,20,35,15,Median,40,[   0  483  754  891 1064 1528],5,483,137,305.6,33478.53774455573,17.393831257512726,-0.016304916729090832,29.495113382900975,4.983792931598373,0.18853383268074242,61.06687268212949,2.27029655465641,0.9377933369397697,0.9632231828005877,0.9722992476631597
709,20,35,15,Mode,40,[   0  483  754  891 1064 1528],5,483,137,305.6,33478.53774455573,17.393831257512726,-0.016304916729090832,29.495113382900975,4.983792931598373,0.18853383268074242,61.06687268212949,2.27029655465641,0.9377933369397697,0.9632231828005877,0.9722992476631597
710,20,35,15,Median,40,[   0  483  727  891 1064 1528],5,483,164,305.6,34273.36796125198,17.30215106457719,-0.017887367375271513,29.87795045759086,5.4708108437563014,0.17938561365579303,62.77505482573997,2.2042227150288234,0.9390442211839165,0.9632343587009665,0.9721646899347209
711,20,35,15,Mode,40,[   0  483  727  891 1064 1528],5,483,164,305.6,34273.36796125198,17.30215106457719,-0.017887367375271513,29.87795045759086,5.4708108437563014,0.17938561365579303,62.77505482573997,2.2042227150288234,0.9390442211839165,0.9632343587009665,0.9721646899347209
712,20,35,15,Median,40,[   0  462  727  891 1064 1528],5,464,164,305.6,34573.84954727712,17.268192571667466,-0.01650566485959172,30.241984067670575,5.4654336379649795,0.1816811768922785,63.359222844841035,2.2073025942821487,0.9123868427829249,0.9291481026808587,0.9462744083255705
713,20,35,15,Mode,40,[   0  466  727  891 1064 1528],5,466,164,305.6,34717.81290540134,17.3295013928701,-0.01582241703426601,30.373239244803095,5.453947051883811,0.18228707013982987,63.480052603687724,2.1925550085486165,0.9167471788652203,0.9355050381302593,0.951108210744036
714,20,35,15,Median,40,[   0  462  727  891 1064 1528],5,464,164,305.6,34573.84954727712,17.268192571667466,-0.01650566485959172,30.241984067670575,5.4654336379649795,0.1816811768922785,63.359222844841035,2.2073025942821487,0.9123868427829249,0.9291481026808587,0.9462744083255705
715,20,35,15,Mode,40,[   0  466  727  891 1064 1528],5,466,164,305.6,34717.81290540134,17.3295013928701,-0.01582241703426601,30.373239244803095,5.453947051883811,0.18228707013982987,63.480052603687724,2.1925550085486165,0.9167471788652203,0.9355050381302593,0.951108210744036
716,20,35,15,Median,40,[   0  462  727  891 1064 1528],5,464,164,305.6,34573.84954727712,17.268192571667466,-0.01650566485959172,30.241984067670575,5.4654336379649795,0.1816811768922785,63.359222844841035,2.2073025942821487,0.9123868427829249,0.9291481026808587,0.9462744083255705
717,20,35,15,Mode,40,[   0  466  727  891 1064 1528],5,466,164,305.6,34717.81290540134,17.3295013928701,-0.01582241703426601,30.373239244803095,5.453947051883811,0.18228707013982987,63.480052603687724,2.1925550085486165,0.9167471788652203,0.9355050381302593,0.951108210744036
718,20,35,15,Median,40,[   0  462  727  891 1064 1528],5,464,164,305.6,34573.84954727712,17.268192571667466,-0.01650566485959172,30.241984067670575,5.4654336379649795,0.1816811768922785,63.359222844841035,2.2073025942821487,0.9123868427829249,0.9291481026808587,0.9462744083255705
719,20,35,15,Mode,40,[   0  466  727  891 1064 1528],5,466,164,305.6,34717.81290540134,17.3295013928701,-0.01582241703426601,30.373239244803095,5.453947051883811,0.18228707013982987,63.480052603687724,2.1925550085486165,0.9167471788652203,0.9355050381302593,0.951108210744036
720,20,35,15,Median,40,[   0  460  727  891 1064 1528],5,464,164,305.6,34555.74489373522,17.25249227227139,-0.016528205017730457,30.239115786365847,5.466501517758758,0.18157800685666003,63.347317855967376,2.2114957342258093,0.9102947697297236,0.9259942498105543,0.9438753055880227
721,20,35,15,Mode,40,[   0  460  727  891 1064 1528],5,464,164,305.6,34555.74489373522,17.25249227227139,-0.016528205017730457,30.239115786365847,5.466501517758758,0.18157800685666003,63.347317855967376,2.2114957342258093,0.9102947697297236,0.9259942498105543,0.9438753055880227
722,20,35,15,Median,40,[   0  460  727  891 1069 1528],5,460,164,305.6,34876.48364001393,17.23511506741316,-0.016151825260726005,30.64160114120837,5.478911102463947,0.18270870440527606,63.15584496008048,2.225328685221175,0.9012392786289095,0.9184865912212983,0.9381569701612263
723,20,35,15,Mode,40,[   0  460  727  891 1069 1528],5,460,164,305.6,34876.48364001393,17.23511506741316,-0.016151825260726005,30.64160114120837,5.478911102463947,0.18270870440527606,63.15584496008048,2.225328685221175,0.9012392786289095,0.9184865912212983,0.9381569701612263
724,20,35,15,Median,40,[   0  460  735  891 1069 1528],5,460,156,305.6,35269.31950473919,17.438938460908787,-0.01576827250713702,30.969852686057813,5.235763866985122,0.18821534262000614,63.85820214750472,2.2089809527962965,0.8912102493734891,0.9115300932328311,0.9328796203863249
725,20,35,15,Mode,40,[   0  460  735  891 1069 1528],5,460,156,305.6,35269.31950473919,17.438938460908787,-0.01576827250713702,30.969852686057813,5.235763866985122,0.18821534262000614,63.85820214750472,2.2089809527962965,0.8912102493734891,0.9115300932328311,0.9328796203863249
726,20,35,15,Median,40,[   0  460  735  891 1069 1528],5,460,156,305.6,35269.31950473919,17.438938460908787,-0.01576827250713702,30.969852686057813,5.235763866985122,0.18821534262000614,63.85820214750472,2.2089809527962965,0.8912102493734891,0.9115300932328311,0.9328796203863249
727,20,35,15,Mode,40,[   0  460  735  891 1069 1528],5,460,156,305.6,35269.31950473919,17.438938460908787,-0.01576827250713702,30.969852686057813,5.235763866985122,0.18821534262000614,63.85820214750472,2.2089809527962965,0.8912102493734891,0.9115300932328311,0.9328796203863249
728,20,35,20,Median,40,[   0  891 1528],2,891,637,764.0,4069.1474870855773,3.309823419138439,-0.006232742687495143,4.982951170546194,11.942401007879372,-0.006232742687495143,4.982951170546194,11.942401007879372,0.9216561381301412,0.9559397891348912,0.9784938451035314
729,20,35,20,Mode,40,[   0 1064 1528],2,1064,464,764.0,18557.14109031639,7.578572466769806,-0.003366899014343509,22.991803285285997,4.978927015000117,-0.003366899014343509,22.991803285285997,4.978927015000117,0.9853748308799835,0.9946430690428134,0.9977306894174207
730,20,35,20,Median,40,[   0  556 1064 1528],3,556,464,509.3333333333333,9885.57744469499,5.981460875259499,-0.019160305661256986,14.056715966978295,8.751500116512567,0.023565174532252074,16.147877261910196,7.587967490771097,0.9843692809869187,0.9921849344307133,0.994800151437243
731,20,35,20,Mode,40,[   0  754 1064 1528],3,754,310,509.3333333333333,16089.644984973176,8.897591613956104,-0.00796115144397304,18.908278744491316,5.532037231475592,0.06931538130382259,23.80670104379495,4.68130211251453,0.9661726990443295,0.9818181683749323,0.9887034246815457
732,20,35,20,Median,40,[   0  483  891 1064 1528],4,483,173,382.0,34082.1597876597,15.136003813910468,-0.014136537224938153,28.748496717135133,4.963235632180973,0.1376942275357632,66.70797924381382,3.0497087965179923,0.9409166458707875,0.9599803707864711,0.9709840317765999
733,20,35,20,Mode,40,[   0  483  891 1064 1528],4,483,173,382.0,34082.1597876597,15.136003813910468,-0.014136537224938153,28.748496717135133,4.963235632180973,0.1376942275357632,66.70797924381382,3.0497087965179923,0.9409166458707875,0.9599803707864711,0.9709840317765999
734,20,35,20,Median,40,[   0  483  891 1064 1464 1528],5,483,64,305.6,27155.56376905183,14.866046669362468,-0.021222179485606164,25.700323144532295,4.52333520931834,0.15607327206239374,55.100008905685776,2.8850521457094622,0.9372910098781815,0.9539468217703196,0.9656180175463269
735,20,35,20,Mode,40,[   0  483  891 1064 1464 1528],5,483,64,305.6,27155.56376905183,14.866046669362468,-0.021222179485606164,25.700323144532295,4.52333520931834,0.15607327206239374,55.100008905685776,2.8850521457094622,0.9372910098781815,0.9539468217703196,0.9656180175463269
736,20,35,20,Median,40,[   0  483  754  891 1064 1464 1528],6,483,64,254.66666666666666,28057.98533829023,16.726300053153874,-0.020916856610195888,27.03408840509141,4.71588689479733,0.19306914727305102,52.908717723963925,2.2944536823819024,0.9347270915646987,0.9565951849462301,0.966400407134557
737,20,35,20,Mode,40,[   0  483  754  891 1064 1464 1528],6,483,64,254.66666666666666,28057.98533829023,16.726300053153874,-0.020916856610195888,27.03408840509141,4.71588689479733,0.19306914727305102,52.908717723963925,2.2944536823819024,0.9347270915646987,0.9565951849462301,0.966400407134557
738,20,35,20,Median,40,[   0  247  483  754  891 1064 1464 1528],7,400,64,218.28571428571428,27740.93549937381,16.701414289966163,-0.051052307158049745,27.757931592170653,6.293500544068749,0.18736016736049355,54.48565490287378,2.2024435839290546,0.9322828425282431,0.9442046046361213,0.9539320567415691
739,20,35,20,Mode,40,[   0  247  483  754  891 1064 1464 1528],7,400,64,218.28571428571428,27740.93549937381,16.701414289966163,-0.051052307158049745,27.757931592170653,6.293500544068749,0.18736016736049355,54.48565490287378,2.2024435839290546,0.9322828425282431,0.9442046046361213,0.9539320567415691
740,20,35,20,Median,40,[   0  247  483  754  891  970 1064 1464 1528],8,400,64,191.0,22151.870411064585,17.053495606386523,-0.06857633677525496,26.41147297863229,5.746260438735357,0.19260467790100674,47.309108470984775,2.0464874105019537,0.9373672255974382,0.9476710940169212,0.9564092308206289
741,20,35,20,Mode,40,[   0  247  483  754  891  970 1064 1464 1528],8,400,64,191.0,22151.870411064585,17.053495606386523,-0.06857633677525496,26.41147297863229,5.746260438735357,0.19260467790100674,47.309108470984775,2.0464874105019537,0.9373672255974382,0.9476710940169212,0.9564092308206289
742,20,35,20,Median,40,[   0  247  483  556  754  891  970 1064 1464 1528],9,400,64,169.77777777777777,20181.007266621735,17.412772686596725,-0.0694211077565614,25.04416414867495,5.421093785611937,0.20293446597250803,46.663613219320496,2.0186642938350325,0.9393854691021157,0.9502480788657284,0.9580110014873157
743,20,35,20,Mode,40,[   0  247  483  556  754  891  970 1064 1464 1528],9,400,64,169.77777777777777,20181.007266621735,17.412772686596725,-0.0694211077565614,25.04416414867495,5.421093785611937,0.20293446597250803,46.663613219320496,2.0186642938350325,0.9393854691021157,0.9502480788657284,0.9580110014873157
744,20,35,20,Median,40,[   0  247  483  556  754  891  970 1064 1464 1528],9,400,64,169.77777777777777,20181.007266621735,17.412772686596725,-0.0694211077565614,25.04416414867495,5.421093785611937,0.20293446597250803,46.663613219320496,2.0186642938350325,0.9393854691021157,0.9502480788657284,0.9580110014873157
745,20,35,20,Mode,40,[   0  247  483  556  754  891  970 1064 1464 1528],9,400,64,169.77777777777777,20181.007266621735,17.412772686596725,-0.0694211077565614,25.04416414867495,5.421093785611937,0.20293446597250803,46.663613219320496,2.0186642938350325,0.9393854691021157,0.9502480788657284,0.9580110014873157
746,20,35,20,Median,40,[   0  247  460  556  754  891  970 1064 1464 1528],9,400,64,169.77777777777777,20112.961189643756,16.936532229259374,-0.07415187040054098,25.101795568080608,4.877371112304016,0.1942256019227807,46.1200835511946,2.08710401456021,0.9250605625254246,0.930624146784673,0.9414581987982066
747,20,35,20,Mode,40,[   0  247  460  556  754  891  970 1064 1464 1528],9,400,64,169.77777777777777,20112.961189643756,16.936532229259374,-0.07415187040054098,25.101795568080608,4.877371112304016,0.1942256019227807,46.1200835511946,2.08710401456021,0.9250605625254246,0.930624146784673,0.9414581987982066
748,20,35,20,Median,40,[   0  247  460  556  754  891  970 1064 1464 1528],9,400,64,169.77777777777777,20112.961189643756,16.936532229259374,-0.07415187040054098,25.101795568080608,4.877371112304016,0.1942256019227807,46.1200835511946,2.08710401456021,0.9250605625254246,0.930624146784673,0.9414581987982066
749,20,35,20,Mode,40,[   0  247  460  556  754  891  970 1064 1464 1528],9,400,64,169.77777777777777,20112.961189643756,16.936532229259374,-0.07415187040054098,25.101795568080608,4.877371112304016,0.1942256019227807,46.1200835511946,2.08710401456021,0.9250605625254246,0.930624146784673,0.9414581987982066
750,20,35,20,Median,40,[   0  247  483  556  754  891  970 1064 1464 1528],9,400,64,169.77777777777777,20181.007266621735,17.412772686596725,-0.0694211077565614,25.04416414867495,5.421093785611937,0.20293446597250803,46.663613219320496,2.0186642938350325,0.9393854691021157,0.9502480788657284,0.9580110014873157
751,20,35,20,Mode,40,[   0  247  483  556  754  891  970 1064 1464 1528],9,400,64,169.77777777777777,20181.007266621735,17.412772686596725,-0.0694211077565614,25.04416414867495,5.421093785611937,0.20293446597250803,46.663613219320496,2.0186642938350325,0.9393854691021157,0.9502480788657284,0.9580110014873157
752,20,35,20,Median,40,[   0  247  483  556  754  891  970 1064 1464 1528],9,400,64,169.77777777777777,20181.007266621735,17.412772686596725,-0.0694211077565614,25.04416414867495,5.421093785611937,0.20293446597250803,46.663613219320496,2.0186642938350325,0.9393854691021157,0.9502480788657284,0.9580110014873157
753,20,35,20,Mode,40,[   0  247  483  556  754  891  970 1064 1464 1528],9,400,64,169.77777777777777,20181.007266621735,17.412772686596725,-0.0694211077565614,25.04416414867495,5.421093785611937,0.20293446597250803,46.663613219320496,2.0186642938350325,0.9393854691021157,0.9502480788657284,0.9580110014873157
754,20,35,20,Median,40,[   0  221  483  556  754  891  970 1064 1464 1528],9,400,64,169.77777777777777,20193.29542708871,17.37917790026358,-0.0641074867443477,25.244699995534702,5.842302239543229,0.20553380850459269,46.023548667210996,2.027149897216549,0.9348939532624978,0.9435782836351986,0.9523797898306074
755,20,35,20,Mode,40,[   0  221  483  556  754  891  970 1064 1464 1528],9,400,64,169.77777777777777,20193.29542708871,17.37917790026358,-0.0641074867443477,25.244699995534702,5.842302239543229,0.20553380850459269,46.023548667210996,2.027149897216549,0.9348939532624978,0.9435782836351986,0.9523797898306074
756,20,40,10,Median,40,[   0  891 1528],2,891,637,764.0,4069.1474870855773,3.309823419138439,-0.006232742687495143,4.982951170546194,11.942401007879372,-0.006232742687495143,4.982951170546194,11.942401007879372,0.9216561381301412,0.9559397891348912,0.9784938451035314
757,20,40,10,Mode,40,[   0 1064 1528],2,1064,464,764.0,18557.14109031639,7.578572466769806,-0.003366899014343509,22.991803285285997,4.978927015000117,-0.003366899014343509,22.991803285285997,4.978927015000117,0.9853748308799835,0.9946430690428134,0.9977306894174207
758,20,40,10,Median,40,[   0  521  968 1528],3,560,447,509.3333333333333,2818.076029749679,3.3219086504501076,-0.020475429106716448,4.42646764146976,13.423851326084081,0.008876447554806094,3.423136076337787,12.613791314336027,0.987891584370509,0.9942738895550917,0.9961956129466247
759,20,40,10,Mode,40,[   0  483 1064 1528],3,581,464,509.3333333333333,14909.93308986081,7.415409027009014,-0.009486391222875238,17.21894340470619,6.536529386585069,0.037368277983609255,23.30654157131581,5.591338726114996,0.964799574643987,0.9777821796596795,0.9852446642291223
760,20,40,10,Median,40,[   0  483  891 1064 1528],4,483,173,382.0,34082.1597876597,15.136003813910468,-0.014136537224938153,28.748496717135133,4.963235632180973,0.1376942275357632,66.70797924381382,3.0497087965179923,0.9409166458707875,0.9599803707864711,0.9709840317765999
761,20,40,10,Mode,40,[   0  483  891 1064 1528],4,483,173,382.0,34082.1597876597,15.136003813910468,-0.014136537224938153,28.748496717135133,4.963235632180973,0.1376942275357632,66.70797924381382,3.0497087965179923,0.9409166458707875,0.9599803707864711,0.9709840317765999
762,20,40,10,Median,40,[   0  483  754  891 1064 1528],5,483,137,305.6,33478.53774455573,17.393831257512726,-0.016304916729090832,29.495113382900975,4.983792931598373,0.18853383268074242,61.06687268212949,2.27029655465641,0.9377933369397697,0.9632231828005877,0.9722992476631597
763,20,40,10,Mode,40,[   0  483  754  891 1064 1528],5,483,137,305.6,33478.53774455573,17.393831257512726,-0.016304916729090832,29.495113382900975,4.983792931598373,0.18853383268074242,61.06687268212949,2.27029655465641,0.9377933369397697,0.9632231828005877,0.9722992476631597
764,20,40,10,Median,40,[   0  483  556  754  891 1064 1528],6,483,73,254.66666666666666,27611.522649178194,17.726624538235427,-0.04211794788380553,26.46338059350262,4.695901467854914,0.17998559335568554,50.503323106302325,2.0338680952577364,0.9403921725297061,0.9661750586094279,0.9741591074437496
765,20,40,10,Mode,40,[   0  483  556  754  891 1064 1528],6,483,73,254.66666666666666,27611.522649178194,17.726624538235427,-0.04211794788380553,26.46338059350262,4.695901467854914,0.17998559335568554,50.503323106302325,2.0338680952577364,0.9403921725297061,0.9661750586094279,0.9741591074437496
766,20,40,10,Median,40,[   0  483  556  754  891 1064 1528],6,483,73,254.66666666666666,27611.522649178194,17.726624538235427,-0.04211794788380553,26.46338059350262,4.695901467854914,0.17998559335568554,50.503323106302325,2.0338680952577364,0.9403921725297061,0.9661750586094279,0.9741591074437496
767,20,40,10,Mode,40,[   0  483  556  754  891 1064 1528],6,483,73,254.66666666666666,27611.522649178194,17.726624538235427,-0.04211794788380553,26.46338059350262,4.695901467854914,0.17998559335568554,50.503323106302325,2.0338680952577364,0.9403921725297061,0.9661750586094279,0.9741591074437496
768,20,40,10,Median,40,[   0  483  556  754  891 1064 1528],6,483,73,254.66666666666666,27611.522649178194,17.726624538235427,-0.04211794788380553,26.46338059350262,4.695901467854914,0.17998559335568554,50.503323106302325,2.0338680952577364,0.9403921725297061,0.9661750586094279,0.9741591074437496
769,20,40,10,Mode,40,[   0  483  556  754  891 1064 1528],6,483,73,254.66666666666666,27611.522649178194,17.726624538235427,-0.04211794788380553,26.46338059350262,4.695901467854914,0.17998559335568554,50.503323106302325,2.0338680952577364,0.9403921725297061,0.9661750586094279,0.9741591074437496
770,20,40,10,Median,40,[   0  483  556  735  891 1064 1528],6,483,73,254.66666666666666,27684.672598024375,17.49677682490779,-0.04087739529775992,26.64420953077401,4.9082313159330875,0.17201334138904606,50.828252253233146,2.0424926747401537,0.9325026958693433,0.9605149891002986,0.9697471998137324
771,20,40,10,Mode,40,[   0  483  556  736  891 1064 1528],6,483,73,254.66666666666666,27747.35764702723,17.52753970397471,-0.04088090385689381,26.673890880467344,4.8898621430750175,0.17298320676242357,50.929254175344994,2.0382692266833518,0.931567506812138,0.959868525454028,0.9692513143307783
772,20,40,10,Median,40,[   0  483  556  735  891 1064 1528],6,483,73,254.66666666666666,27684.672598024375,17.49677682490779,-0.04087739529775992,26.64420953077401,4.9082313159330875,0.17201334138904606,50.828252253233146,2.0424926747401537,0.9325026958693433,0.9605149891002986,0.9697471998137324
773,20,40,10,Mode,40,[   0  483  556  736  891 1064 1528],6,483,73,254.66666666666666,27747.35764702723,17.52753970397471,-0.04088090385689381,26.673890880467344,4.8898621430750175,0.17298320676242357,50.929254175344994,2.0382692266833518,0.931567506812138,0.959868525454028,0.9692513143307783
774,20,40,10,Median,40,[   0  483  556  735  891 1064 1528],6,483,73,254.66666666666666,27684.672598024375,17.49677682490779,-0.04087739529775992,26.64420953077401,4.9082313159330875,0.17201334138904606,50.828252253233146,2.0424926747401537,0.9325026958693433,0.9605149891002986,0.9697471998137324
775,20,40,10,Mode,40,[   0  483  556  736  891 1064 1528],6,483,73,254.66666666666666,27747.35764702723,17.52753970397471,-0.04088090385689381,26.673890880467344,4.8898621430750175,0.17298320676242357,50.929254175344994,2.0382692266833518,0.931567506812138,0.959868525454028,0.9692513143307783
776,20,40,10,Median,40,[   0  483  556  735  891 1064 1528],6,483,73,254.66666666666666,27684.672598024375,17.49677682490779,-0.04087739529775992,26.64420953077401,4.9082313159330875,0.17201334138904606,50.828252253233146,2.0424926747401537,0.9325026958693433,0.9605149891002986,0.9697471998137324
777,20,40,10,Mode,40,[   0  483  556  736  891 1064 1528],6,483,73,254.66666666666666,27747.35764702723,17.52753970397471,-0.04088090385689381,26.673890880467344,4.8898621430750175,0.17298320676242357,50.929254175344994,2.0382692266833518,0.931567506812138,0.959868525454028,0.9692513143307783
778,20,40,10,Median,40,[   0  483  556  736  891 1064 1528],6,483,73,254.66666666666666,27747.35764702723,17.52753970397471,-0.04088090385689381,26.673890880467344,4.8898621430750175,0.17298320676242357,50.929254175344994,2.0382692266833518,0.931567506812138,0.959868525454028,0.9692513143307783
779,20,40,10,Mode,40,[   0  483  556  736  891 1064 1528],6,483,73,254.66666666666666,27747.35764702723,17.52753970397471,-0.04088090385689381,26.673890880467344,4.8898621430750175,0.17298320676242357,50.929254175344994,2.0382692266833518,0.931567506812138,0.959868525454028,0.9692513143307783
780,20,40,10,Median,40,[   0  483  556  736  891 1064 1528],6,483,73,254.66666666666666,27747.35764702723,17.52753970397471,-0.04088090385689381,26.673890880467344,4.8898621430750175,0.17298320676242357,50.929254175344994,2.0382692266833518,0.931567506812138,0.959868525454028,0.9692513143307783
781,20,40,10,Mode,40,[   0  483  556  736  891 1064 1528],6,483,73,254.66666666666666,27747.35764702723,17.52753970397471,-0.04088090385689381,26.673890880467344,4.8898621430750175,0.17298320676242357,50.929254175344994,2.0382692266833518,0.931567506812138,0.959868525454028,0.9692513143307783
782,20,40,10,Median,40,[   0  483  556  736  891 1024 1069 1528],7,483,45,218.28571428571428,18549.537804355983,17.60754011682442,-0.051608503603503664,24.26204921423298,4.527783110737795,0.1796795972625619,32.81852267237051,2.0076112728509115,0.924866253245611,0.9544682974788345,0.9648958963892073
783,20,40,10,Mode,40,[   0  483  556  736  891 1024 1069 1528],7,483,45,218.28571428571428,18549.537804355983,17.60754011682442,-0.051608503603503664,24.26204921423298,4.527783110737795,0.1796795972625619,32.81852267237051,2.0076112728509115,0.924866253245611,0.9544682974788345,0.9648958963892073
784,20,40,15,Median,40,[   0  891 1528],2,891,637,764.0,4069.1474870855773,3.309823419138439,-0.006232742687495143,4.982951170546194,11.942401007879372,-0.006232742687495143,4.982951170546194,11.942401007879372,0.9216561381301412,0.9559397891348912,0.9784938451035314
785,20,40,15,Mode,40,[   0 1064 1528],2,1064,464,764.0,18557.14109031639,7.578572466769806,-0.003366899014343509,22.991803285285997,4.978927015000117,-0.003366899014343509,22.991803285285997,4.978927015000117,0.9853748308799835,0.9946430690428134,0.9977306894174207
786,20,40,15,Median,40,[   0  521  968 1528],3,560,447,509.3333333333333,2818.076029749679,3.3219086504501076,-0.020475429106716448,4.42646764146976,13.423851326084081,0.008876447554806094,3.423136076337787,12.613791314336027,0.987891584370509,0.9942738895550917,0.9961956129466247
787,20,40,15,Mode,40,[   0  754 1064 1528],3,754,310,509.3333333333333,16089.644984973176,8.897591613956104,-0.00796115144397304,18.908278744491316,5.532037231475592,0.06931538130382259,23.80670104379495,4.68130211251453,0.9661726990443295,0.9818181683749323,0.9887034246815457
788,20,40,15,Median,40,[   0  483  891 1064 1528],4,483,173,382.0,34082.1597876597,15.136003813910468,-0.014136537224938153,28.748496717135133,4.963235632180973,0.1376942275357632,66.70797924381382,3.0497087965179923,0.9409166458707875,0.9599803707864711,0.9709840317765999
789,20,40,15,Mode,40,[   0  483  891 1064 1528],4,483,173,382.0,34082.1597876597,15.136003813910468,-0.014136537224938153,28.748496717135133,4.963235632180973,0.1376942275357632,66.70797924381382,3.0497087965179923,0.9409166458707875,0.9599803707864711,0.9709840317765999
790,20,40,15,Median,40,[   0  483  754  891 1064 1528],5,483,137,305.6,33478.53774455573,17.393831257512726,-0.016304916729090832,29.495113382900975,4.983792931598373,0.18853383268074242,61.06687268212949,2.27029655465641,0.9377933369397697,0.9632231828005877,0.9722992476631597
791,20,40,15,Mode,40,[   0  483  754  891 1064 1528],5,483,137,305.6,33478.53774455573,17.393831257512726,-0.016304916729090832,29.495113382900975,4.983792931598373,0.18853383268074242,61.06687268212949,2.27029655465641,0.9377933369397697,0.9632231828005877,0.9722992476631597
792,20,40,15,Median,40,[   0  483  556  754  891 1064 1528],6,483,73,254.66666666666666,27611.522649178194,17.726624538235427,-0.04211794788380553,26.46338059350262,4.695901467854914,0.17998559335568554,50.503323106302325,2.0338680952577364,0.9403921725297061,0.9661750586094279,0.9741591074437496
793,20,40,15,Mode,40,[   0  483  556  754  891 1064 1528],6,483,73,254.66666666666666,27611.522649178194,17.726624538235427,-0.04211794788380553,26.46338059350262,4.695901467854914,0.17998559335568554,50.503323106302325,2.0338680952577364,0.9403921725297061,0.9661750586094279,0.9741591074437496
794,20,40,15,Median,40,[   0  483  556  754  891 1064 1528],6,483,73,254.66666666666666,27611.522649178194,17.726624538235427,-0.04211794788380553,26.46338059350262,4.695901467854914,0.17998559335568554,50.503323106302325,2.0338680952577364,0.9403921725297061,0.9661750586094279,0.9741591074437496
795,20,40,15,Mode,40,[   0  483  556  754  891 1064 1528],6,483,73,254.66666666666666,27611.522649178194,17.726624538235427,-0.04211794788380553,26.46338059350262,4.695901467854914,0.17998559335568554,50.503323106302325,2.0338680952577364,0.9403921725297061,0.9661750586094279,0.9741591074437496
796,20,40,15,Median,40,[   0  483  556  735  891 1064 1528],6,483,73,254.66666666666666,27684.672598024375,17.49677682490779,-0.04087739529775992,26.64420953077401,4.9082313159330875,0.17201334138904606,50.828252253233146,2.0424926747401537,0.9325026958693433,0.9605149891002986,0.9697471998137324
797,20,40,15,Mode,40,[   0  483  556  736  891 1064 1528],6,483,73,254.66666666666666,27747.35764702723,17.52753970397471,-0.04088090385689381,26.673890880467344,4.8898621430750175,0.17298320676242357,50.929254175344994,2.0382692266833518,0.931567506812138,0.959868525454028,0.9692513143307783
798,20,40,15,Median,40,[   0  483  556  735  891 1064 1528],6,483,73,254.66666666666666,27684.672598024375,17.49677682490779,-0.04087739529775992,26.64420953077401,4.9082313159330875,0.17201334138904606,50.828252253233146,2.0424926747401537,0.9325026958693433,0.9605149891002986,0.9697471998137324
799,20,40,15,Mode,40,[   0  483  556  736  891 1064 1528],6,483,73,254.66666666666666,27747.35764702723,17.52753970397471,-0.04088090385689381,26.673890880467344,4.8898621430750175,0.17298320676242357,50.929254175344994,2.0382692266833518,0.931567506812138,0.959868525454028,0.9692513143307783
800,20,40,15,Median,40,[   0  483  556  735  891 1064 1528],6,483,73,254.66666666666666,27684.672598024375,17.49677682490779,-0.04087739529775992,26.64420953077401,4.9082313159330875,0.17201334138904606,50.828252253233146,2.0424926747401537,0.9325026958693433,0.9605149891002986,0.9697471998137324
801,20,40,15,Mode,40,[   0  483  556  736  891 1064 1528],6,483,73,254.66666666666666,27747.35764702723,17.52753970397471,-0.04088090385689381,26.673890880467344,4.8898621430750175,0.17298320676242357,50.929254175344994,2.0382692266833518,0.931567506812138,0.959868525454028,0.9692513143307783
802,20,40,15,Median,40,[   0  483  556  735  891 1064 1528],6,483,73,254.66666666666666,27684.672598024375,17.49677682490779,-0.04087739529775992,26.64420953077401,4.9082313159330875,0.17201334138904606,50.828252253233146,2.0424926747401537,0.9325026958693433,0.9605149891002986,0.9697471998137324
803,20,40,15,Mode,40,[   0  483  556  736  891 1064 1528],6,483,73,254.66666666666666,27747.35764702723,17.52753970397471,-0.04088090385689381,26.673890880467344,4.8898621430750175,0.17298320676242357,50.929254175344994,2.0382692266833518,0.931567506812138,0.959868525454028,0.9692513143307783
804,20,40,15,Median,40,[   0  483  556  735  891 1064 1528],6,483,73,254.66666666666666,27684.672598024375,17.49677682490779,-0.04087739529775992,26.64420953077401,4.9082313159330875,0.17201334138904606,50.828252253233146,2.0424926747401537,0.9325026958693433,0.9605149891002986,0.9697471998137324
805,20,40,15,Mode,40,[   0  483  556  736  891 1064 1528],6,483,73,254.66666666666666,27747.35764702723,17.52753970397471,-0.04088090385689381,26.673890880467344,4.8898621430750175,0.17298320676242357,50.929254175344994,2.0382692266833518,0.931567506812138,0.959868525454028,0.9692513143307783
806,20,40,15,Median,40,[   0  483  556  735  891 1064 1528],6,483,73,254.66666666666666,27684.672598024375,17.49677682490779,-0.04087739529775992,26.64420953077401,4.9082313159330875,0.17201334138904606,50.828252253233146,2.0424926747401537,0.9325026958693433,0.9605149891002986,0.9697471998137324
807,20,40,15,Mode,40,[   0  483  556  736  891 1064 1528],6,483,73,254.66666666666666,27747.35764702723,17.52753970397471,-0.04088090385689381,26.673890880467344,4.8898621430750175,0.17298320676242357,50.929254175344994,2.0382692266833518,0.931567506812138,0.959868525454028,0.9692513143307783
808,20,40,15,Median,40,[   0  483  556  736  891 1064 1528],6,483,73,254.66666666666666,27747.35764702723,17.52753970397471,-0.04088090385689381,26.673890880467344,4.8898621430750175,0.17298320676242357,50.929254175344994,2.0382692266833518,0.931567506812138,0.959868525454028,0.9692513143307783
809,20,40,15,Mode,40,[   0  483  556  736  891 1064 1528],6,483,73,254.66666666666666,27747.35764702723,17.52753970397471,-0.04088090385689381,26.673890880467344,4.8898621430750175,0.17298320676242357,50.929254175344994,2.0382692266833518,0.931567506812138,0.959868525454028,0.9692513143307783
810,20,40,15,Median,40,[   0  483  556  736  891 1064 1528],6,483,73,254.66666666666666,27747.35764702723,17.52753970397471,-0.04088090385689381,26.673890880467344,4.8898621430750175,0.17298320676242357,50.929254175344994,2.0382692266833518,0.931567506812138,0.959868525454028,0.9692513143307783
811,20,40,15,Mode,40,[   0  483  556  736  891 1064 1528],6,483,73,254.66666666666666,27747.35764702723,17.52753970397471,-0.04088090385689381,26.673890880467344,4.8898621430750175,0.17298320676242357,50.929254175344994,2.0382692266833518,0.931567506812138,0.959868525454028,0.9692513143307783
812,20,40,20,Median,40,[   0  891 1528],2,891,637,764.0,4069.1474870855773,3.309823419138439,-0.006232742687495143,4.982951170546194,11.942401007879372,-0.006232742687495143,4.982951170546194,11.942401007879372,0.9216561381301412,0.9559397891348912,0.9784938451035314
813,20,40,20,Mode,40,[   0 1064 1528],2,1064,464,764.0,18557.14109031639,7.578572466769806,-0.003366899014343509,22.991803285285997,4.978927015000117,-0.003366899014343509,22.991803285285997,4.978927015000117,0.9853748308799835,0.9946430690428134,0.9977306894174207
814,20,40,20,Median,40,[   0  556 1064 1528],3,556,464,509.3333333333333,9885.57744469499,5.981460875259499,-0.019160305661256986,14.056715966978295,8.751500116512567,0.023565174532252074,16.147877261910196,7.587967490771097,0.9843692809869187,0.9921849344307133,0.994800151437243
815,20,40,20,Mode,40,[   0  754 1064 1528],3,754,310,509.3333333333333,16089.644984973176,8.897591613956104,-0.00796115144397304,18.908278744491316,5.532037231475592,0.06931538130382259,23.80670104379495,4.68130211251453,0.9661726990443295,0.9818181683749323,0.9887034246815457
816,20,40,20,Median,40,[   0  483  891 1064 1528],4,483,173,382.0,34082.1597876597,15.136003813910468,-0.014136537224938153,28.748496717135133,4.963235632180973,0.1376942275357632,66.70797924381382,3.0497087965179923,0.9409166458707875,0.9599803707864711,0.9709840317765999
817,20,40,20,Mode,40,[   0  483  891 1064 1528],4,483,173,382.0,34082.1597876597,15.136003813910468,-0.014136537224938153,28.748496717135133,4.963235632180973,0.1376942275357632,66.70797924381382,3.0497087965179923,0.9409166458707875,0.9599803707864711,0.9709840317765999
818,20,40,20,Median,40,[   0  483  891 1064 1464 1528],5,483,64,305.6,27155.56376905183,14.866046669362468,-0.021222179485606164,25.700323144532295,4.52333520931834,0.15607327206239374,55.100008905685776,2.8850521457094622,0.9372910098781815,0.9539468217703196,0.9656180175463269
819,20,40,20,Mode,40,[   0  483  891 1064 1464 1528],5,483,64,305.6,27155.56376905183,14.866046669362468,-0.021222179485606164,25.700323144532295,4.52333520931834,0.15607327206239374,55.100008905685776,2.8850521457094622,0.9372910098781815,0.9539468217703196,0.9656180175463269
820,20,40,20,Median,40,[   0  483  754  891 1064 1464 1528],6,483,64,254.66666666666666,28057.98533829023,16.726300053153874,-0.020916856610195888,27.03408840509141,4.71588689479733,0.19306914727305102,52.908717723963925,2.2944536823819024,0.9347270915646987,0.9565951849462301,0.966400407134557
821,20,40,20,Mode,40,[   0  483  754  891 1064 1464 1528],6,483,64,254.66666666666666,28057.98533829023,16.726300053153874,-0.020916856610195888,27.03408840509141,4.71588689479733,0.19306914727305102,52.908717723963925,2.2944536823819024,0.9347270915646987,0.9565951849462301,0.966400407134557
822,20,40,20,Median,40,[   0  247  483  754  891 1064 1464 1528],7,400,64,218.28571428571428,27740.93549937381,16.701414289966163,-0.051052307158049745,27.757931592170653,6.293500544068749,0.18736016736049355,54.48565490287378,2.2024435839290546,0.9322828425282431,0.9442046046361213,0.9539320567415691
823,20,40,20,Mode,40,[   0  221  483  754  891 1064 1464 1528],7,400,64,218.28571428571428,27755.776289415327,16.655829070998998,-0.045853868508470876,28.01516838832731,6.841026392642429,0.19203108130318247,54.106573467162946,2.2273308332800608,0.9273651151983661,0.9381203604237366,0.9489124644064995
824,20,40,20,Median,40,[   0  247  483  556  754  891 1064 1464 1528],8,400,64,191.0,24690.082607394947,17.162313998266445,-0.06349771965330582,25.957957074624545,5.859283046138229,0.1999148552337112,52.72272512498758,2.148366282962988,0.9346576744475541,0.9465555600072991,0.9553005148627685
825,20,40,20,Mode,40,[   0  221  483  556  754  891 1064 1464 1528],8,400,64,191.0,24704.1262193572,17.123919956742853,-0.058054086590126196,26.182310328825768,6.324290451122381,0.20288553241323654,51.99122277971959,2.1580641153990068,0.9299847446142355,0.9401223281497307,0.9499126771885164
826,20,40,20,Median,40,[   0  247  483  556  754  891  970 1064 1464 1528],9,400,64,169.77777777777777,20181.007266621735,17.412772686596725,-0.0694211077565614,25.04416414867495,5.421093785611937,0.20293446597250803,46.663613219320496,2.0186642938350325,0.9393854691021157,0.9502480788657284,0.9580110014873157
827,20,40,20,Mode,40,[   0  221  483  556  754  891  970 1064 1464 1528],9,400,64,169.77777777777777,20193.29542708871,17.37917790026358,-0.0641074867443477,25.244699995534702,5.842302239543229,0.20553380850459269,46.023548667210996,2.027149897216549,0.9348939532624978,0.9435782836351986,0.9523797898306074
828,20,40,20,Median,40,[   0  221  483  556  754  891  970 1064 1464 1528],9,400,64,169.77777777777777,20193.29542708871,17.37917790026358,-0.0641074867443477,25.244699995534702,5.842302239543229,0.20553380850459269,46.023548667210996,2.027149897216549,0.9348939532624978,0.9435782836351986,0.9523797898306074
829,20,40,20,Mode,40,[   0  221  483  556  754  891  970 1064 1464 1528],9,400,64,169.77777777777777,20193.29542708871,17.37917790026358,-0.0641074867443477,25.244699995534702,5.842302239543229,0.20553380850459269,46.023548667210996,2.027149897216549,0.9348939532624978,0.9435782836351986,0.9523797898306074
830,20,40,20,Median,40,[   0  221  460  556  754  891  970 1064 1464 1528],9,400,64,169.77777777777777,20032.367721587463,16.855610870893862,-0.06813306905295637,25.22999841693263,5.371119997146625,0.19622942963573084,45.2432930740376,2.104769606896266,0.9202998728902969,0.9224609968855965,0.9345618610136515
831,20,40,20,Mode,40,[   0  221  460  556  754  891  970 1064 1464 1528],9,400,64,169.77777777777777,20032.367721587463,16.855610870893862,-0.06813306905295637,25.22999841693263,5.371119997146625,0.19622942963573084,45.2432930740376,2.104769606896266,0.9202998728902969,0.9224609968855965,0.9345618610136515
832,20,40,20,Median,40,[   0  221  460  556  735  891  970 1064 1464 1528],9,400,64,169.77777777777777,20005.802600059124,16.734634722178438,-0.06779313943833974,25.352532928042145,5.478268186846315,0.19241835863360227,45.28842449588873,2.118867700108045,0.914114163486854,0.9142591913201289,0.9274375900071818
833,20,40,20,Mode,40,[   0  221  460  556  736  891  970 1064 1464 1528],9,400,64,169.77777777777777,20036.595717512573,16.752067097082644,-0.06767244319709079,25.372646343162703,5.468675247850774,0.19298797578476512,45.33192502858448,2.116207222409022,0.9133729846125357,0.9133672968713971,0.9266811673255719
834,20,40,20,Median,40,[   0  221  460  556  735  891  970 1064 1464 1528],9,400,64,169.77777777777777,20005.802600059124,16.734634722178438,-0.06779313943833974,25.352532928042145,5.478268186846315,0.19241835863360227,45.28842449588873,2.118867700108045,0.914114163486854,0.9142591913201289,0.9274375900071818
835,20,40,20,Mode,40,[   0  221  460  556  736  891  970 1064 1464 1528],9,400,64,169.77777777777777,20036.595717512573,16.752067097082644,-0.06767244319709079,25.372646343162703,5.468675247850774,0.19298797578476512,45.33192502858448,2.116207222409022,0.9133729846125357,0.9133672968713971,0.9266811673255719
836,20,40,20,Median,40,[   0  221  483  556  735  891  970 1064 1464 1528],9,400,64,169.77777777777777,20153.03221623929,17.25492939699522,-0.0637147743550963,25.367251261489418,5.930342617007677,0.20149455730932508,46.00635134909647,2.031052675874703,0.928636667992572,0.9355989831188491,0.9455239121541843
837,20,40,20,Mode,40,[   0  221  483  556  736  891  970 1064 1464 1528],9,400,64,169.77777777777777,20184.332672828037,17.27252693855003,-0.06359331746440186,25.387367427744117,5.921292763230616,0.20207912624181762,46.053373503772136,2.028565863557568,0.9278927716870995,0.9347136645227673,0.9447750874357189
838,20,40,20,Median,40,[   0  221  483  556  735  891  970 1064 1464 1528],9,400,64,169.77777777777777,20153.03221623929,17.25492939699522,-0.0637147743550963,25.367251261489418,5.930342617007677,0.20149455730932508,46.00635134909647,2.031052675874703,0.928636667992572,0.9355989831188491,0.9455239121541843
839,20,40,20,Mode,40,[   0  221  483  556  736  891  970 1064 1464 1528],9,400,64,169.77777777777777,20184.332672828037,17.27252693855003,-0.06359331746440186,25.387367427744117,5.921292763230616,0.20207912624181762,46.053373503772136,2.028565863557568,0.9278927716870995,0.9347136645227673,0.9447750874357189
840,20,45,10,Median,40,[   0  891 1528],2,891,637,764.0,4069.1474870855773,3.309823419138439,-0.006232742687495143,4.982951170546194,11.942401007879372,-0.006232742687495143,4.982951170546194,11.942401007879372,0.9216561381301412,0.9559397891348912,0.9784938451035314
841,20,45,10,Mode,40,[   0 1064 1528],2,1064,464,764.0,18557.14109031639,7.578572466769806,-0.003366899014343509,22.991803285285997,4.978927015000117,-0.003366899014343509,22.991803285285997,4.978927015000117,0.9853748308799835,0.9946430690428134,0.9977306894174207
842,20,45,10,Median,40,[   0  521  968 1528],3,560,447,509.3333333333333,2818.076029749679,3.3219086504501076,-0.020475429106716448,4.42646764146976,13.423851326084081,0.008876447554806094,3.423136076337787,12.613791314336027,0.987891584370509,0.9942738895550917,0.9961956129466247
843,20,45,10,Mode,40,[   0  483 1064 1528],3,581,464,509.3333333333333,14909.93308986081,7.415409027009014,-0.009486391222875238,17.21894340470619,6.536529386585069,0.037368277983609255,23.30654157131581,5.591338726114996,0.964799574643987,0.9777821796596795,0.9852446642291223
844,20,45,10,Median,40,[   0  466  891 1064 1528],4,466,173,382.0,34433.82755413687,15.200619833732604,-0.013570486836586524,29.209485300662525,4.8454803230291255,0.13883808678656032,67.32614632993693,2.9766700833788193,0.9134529045667938,0.9286170705593899,0.9482054950018091
845,20,45,10,Mode,40,[   0  483  891 1064 1528],4,483,173,382.0,34082.1597876597,15.136003813910468,-0.014136537224938153,28.748496717135133,4.963235632180973,0.1376942275357632,66.70797924381382,3.0497087965179923,0.9409166458707875,0.9599803707864711,0.9709840317765999
846,20,45,10,Median,40,[   0  466  736  891 1064 1528],5,466,155,305.6,35140.3645022212,17.551443541332866,-0.015435996558851152,30.722320340274837,5.17798653922829,0.18878130207443578,64.26390655721463,2.177134437754267,0.9056699421146055,0.9278277935482692,0.945293517627063
847,20,45,10,Mode,40,[   0  483  754  891 1064 1528],5,483,137,305.6,33478.53774455573,17.393831257512726,-0.016304916729090832,29.495113382900975,4.983792931598373,0.18853383268074242,61.06687268212949,2.27029655465641,0.9377933369397697,0.9632231828005877,0.9722992476631597
848,20,45,10,Median,40,[   0  466  556  736  891 1064 1528],6,466,90,254.66666666666666,27461.34225727445,16.820613317375642,-0.04015941474590112,26.668318455866572,4.936675134364555,0.16390085753962866,50.20896109325859,2.1699986394383814,0.914836409773007,0.9380966529694851,0.952545460091897
849,20,45,10,Mode,40,[   0  483  556  754  891 1064 1528],6,483,73,254.66666666666666,27611.522649178194,17.726624538235427,-0.04211794788380553,26.46338059350262,4.695901467854914,0.17998559335568554,50.503323106302325,2.0338680952577364,0.9403921725297061,0.9661750586094279,0.9741591074437496
850,20,45,10,Median,40,[   0  466  556  736  891 1064 1528],6,466,90,254.66666666666666,27461.34225727445,16.820613317375642,-0.04015941474590112,26.668318455866572,4.936675134364555,0.16390085753962866,50.20896109325859,2.1699986394383814,0.914836409773007,0.9380966529694851,0.952545460091897
851,20,45,10,Mode,40,[   0  483  556  754  891 1064 1528],6,483,73,254.66666666666666,27611.522649178194,17.726624538235427,-0.04211794788380553,26.46338059350262,4.695901467854914,0.17998559335568554,50.503323106302325,2.0338680952577364,0.9403921725297061,0.9661750586094279,0.9741591074437496
852,20,45,10,Median,40,[   0  466  556  736  891 1064 1528],6,466,90,254.66666666666666,27461.34225727445,16.820613317375642,-0.04015941474590112,26.668318455866572,4.936675134364555,0.16390085753962866,50.20896109325859,2.1699986394383814,0.914836409773007,0.9380966529694851,0.952545460091897
853,20,45,10,Mode,40,[   0  483  556  754  891 1064 1528],6,483,73,254.66666666666666,27611.522649178194,17.726624538235427,-0.04211794788380553,26.46338059350262,4.695901467854914,0.17998559335568554,50.503323106302325,2.0338680952577364,0.9403921725297061,0.9661750586094279,0.9741591074437496
854,20,45,10,Median,40,[   0  483  556  736  891 1064 1528],6,483,73,254.66666666666666,27747.35764702723,17.52753970397471,-0.04088090385689381,26.673890880467344,4.8898621430750175,0.17298320676242357,50.929254175344994,2.0382692266833518,0.931567506812138,0.959868525454028,0.9692513143307783
855,20,45,10,Mode,40,[   0  483  556  754  891 1064 1528],6,483,73,254.66666666666666,27611.522649178194,17.726624538235427,-0.04211794788380553,26.46338059350262,4.695901467854914,0.17998559335568554,50.503323106302325,2.0338680952577364,0.9403921725297061,0.9661750586094279,0.9741591074437496
856,20,45,10,Median,40,[   0  483  556  736  891 1064 1528],6,483,73,254.66666666666666,27747.35764702723,17.52753970397471,-0.04088090385689381,26.673890880467344,4.8898621430750175,0.17298320676242357,50.929254175344994,2.0382692266833518,0.931567506812138,0.959868525454028,0.9692513143307783
857,20,45,10,Mode,40,[   0  483  556  736  891 1064 1528],6,483,73,254.66666666666666,27747.35764702723,17.52753970397471,-0.04088090385689381,26.673890880467344,4.8898621430750175,0.17298320676242357,50.929254175344994,2.0382692266833518,0.931567506812138,0.959868525454028,0.9692513143307783
858,20,45,10,Median,40,[   0  483  556  736  891 1064 1528],6,483,73,254.66666666666666,27747.35764702723,17.52753970397471,-0.04088090385689381,26.673890880467344,4.8898621430750175,0.17298320676242357,50.929254175344994,2.0382692266833518,0.931567506812138,0.959868525454028,0.9692513143307783
859,20,45,10,Mode,40,[   0  483  556  736  891 1064 1528],6,483,73,254.66666666666666,27747.35764702723,17.52753970397471,-0.04088090385689381,26.673890880467344,4.8898621430750175,0.17298320676242357,50.929254175344994,2.0382692266833518,0.931567506812138,0.959868525454028,0.9692513143307783
860,20,45,10,Median,40,[   0  483  556  736  891 1064 1528],6,483,73,254.66666666666666,27747.35764702723,17.52753970397471,-0.04088090385689381,26.673890880467344,4.8898621430750175,0.17298320676242357,50.929254175344994,2.0382692266833518,0.931567506812138,0.959868525454028,0.9692513143307783
861,20,45,10,Mode,40,[   0  483  556  736  891 1064 1528],6,483,73,254.66666666666666,27747.35764702723,17.52753970397471,-0.04088090385689381,26.673890880467344,4.8898621430750175,0.17298320676242357,50.929254175344994,2.0382692266833518,0.931567506812138,0.959868525454028,0.9692513143307783
862,20,45,10,Median,40,[   0  483  556  736  891 1024 1069 1528],7,483,45,218.28571428571428,18549.537804355983,17.60754011682442,-0.051608503603503664,24.26204921423298,4.527783110737795,0.1796795972625619,32.81852267237051,2.0076112728509115,0.924866253245611,0.9544682974788345,0.9648958963892073
863,20,45,10,Mode,40,[   0  483  556  736  891 1024 1069 1528],7,483,45,218.28571428571428,18549.537804355983,17.60754011682442,-0.051608503603503664,24.26204921423298,4.527783110737795,0.1796795972625619,32.81852267237051,2.0076112728509115,0.924866253245611,0.9544682974788345,0.9648958963892073
864,20,45,10,Median,40,[   0  483  556  736  891 1024 1069 1528],7,483,45,218.28571428571428,18549.537804355983,17.60754011682442,-0.051608503603503664,24.26204921423298,4.527783110737795,0.1796795972625619,32.81852267237051,2.0076112728509115,0.924866253245611,0.9544682974788345,0.9648958963892073
865,20,45,10,Mode,40,[   0  483  556  736  891 1024 1069 1528],7,483,45,218.28571428571428,18549.537804355983,17.60754011682442,-0.051608503603503664,24.26204921423298,4.527783110737795,0.1796795972625619,32.81852267237051,2.0076112728509115,0.924866253245611,0.9544682974788345,0.9648958963892073
866,20,45,10,Median,40,[   0  483  556  736  891 1024 1069 1528],7,483,45,218.28571428571428,18549.537804355983,17.60754011682442,-0.051608503603503664,24.26204921423298,4.527783110737795,0.1796795972625619,32.81852267237051,2.0076112728509115,0.924866253245611,0.9544682974788345,0.9648958963892073
867,20,45,10,Mode,40,[   0  483  556  736  891 1024 1069 1528],7,483,45,218.28571428571428,18549.537804355983,17.60754011682442,-0.051608503603503664,24.26204921423298,4.527783110737795,0.1796795972625619,32.81852267237051,2.0076112728509115,0.924866253245611,0.9544682974788345,0.9648958963892073
868,20,45,15,Median,40,[   0  891 1528],2,891,637,764.0,4069.1474870855773,3.309823419138439,-0.006232742687495143,4.982951170546194,11.942401007879372,-0.006232742687495143,4.982951170546194,11.942401007879372,0.9216561381301412,0.9559397891348912,0.9784938451035314
869,20,45,15,Mode,40,[   0 1064 1528],2,1064,464,764.0,18557.14109031639,7.578572466769806,-0.003366899014343509,22.991803285285997,4.978927015000117,-0.003366899014343509,22.991803285285997,4.978927015000117,0.9853748308799835,0.9946430690428134,0.9977306894174207
870,20,45,15,Median,40,[   0  521  968 1528],3,560,447,509.3333333333333,2818.076029749679,3.3219086504501076,-0.020475429106716448,4.42646764146976,13.423851326084081,0.008876447554806094,3.423136076337787,12.613791314336027,0.987891584370509,0.9942738895550917,0.9961956129466247
871,20,45,15,Mode,40,[   0  754 1064 1528],3,754,310,509.3333333333333,16089.644984973176,8.897591613956104,-0.00796115144397304,18.908278744491316,5.532037231475592,0.06931538130382259,23.80670104379495,4.68130211251453,0.9661726990443295,0.9818181683749323,0.9887034246815457
872,20,45,15,Median,40,[   0  466  891 1064 1528],4,466,173,382.0,34433.82755413687,15.200619833732604,-0.013570486836586524,29.209485300662525,4.8454803230291255,0.13883808678656032,67.32614632993693,2.9766700833788193,0.9134529045667938,0.9286170705593899,0.9482054950018091
873,20,45,15,Mode,40,[   0  483  891 1064 1528],4,483,173,382.0,34082.1597876597,15.136003813910468,-0.014136537224938153,28.748496717135133,4.963235632180973,0.1376942275357632,66.70797924381382,3.0497087965179923,0.9409166458707875,0.9599803707864711,0.9709840317765999
874,20,45,15,Median,40,[   0  466  742  891 1064 1528],5,466,149,305.6,34710.138822200264,17.501636672423864,-0.015088960356404607,30.44244736829003,5.164124703629382,0.1895107967399467,63.37881753498319,2.2013720860845813,0.901335432413803,0.9249731703909865,0.9433947553645371
875,20,45,15,Mode,40,[   0  483  754  891 1064 1528],5,483,137,305.6,33478.53774455573,17.393831257512726,-0.016304916729090832,29.495113382900975,4.983792931598373,0.18853383268074242,61.06687268212949,2.27029655465641,0.9377933369397697,0.9632231828005877,0.9722992476631597
876,20,45,15,Median,40,[   0  235  466  742  891 1064 1528],6,464,149,254.66666666666666,33368.0234901374,17.486714791360704,-0.051878642888040664,30.979013468713696,5.377639463366886,0.18763486652395955,64.22289615539952,2.0963942508974034,0.9108735229562648,0.9244600863478721,0.9391949889954577
877,20,45,15,Mode,40,[   0  221  483  754  891 1064 1528],6,464,137,254.66666666666666,32031.77640465275,17.175759838055104,-0.05091878597573758,30.048516368168052,5.5601020664465,0.18819521643536188,60.8726685823352,2.194580561279299,0.9295645787664867,0.948130336822135,0.9582701255670991
878,20,45,15,Median,40,[   0  235  466  556  742  891 1064 1528],7,464,90,218.28571428571428,27862.57287085804,17.090397892046692,-0.06749397595113678,27.733989295934403,5.054429694087373,0.1880622948488486,57.40618710240324,2.1792743795887586,0.919036888610601,0.9365105796480642,0.9482063949907478
879,20,45,15,Mode,40,[   0  221  483  556  754  891 1064 1528],7,464,73,218.28571428571428,27758.851303712032,17.63521074358025,-0.06394222725314151,27.520772502641314,5.190469354114886,0.20149805354172834,57.27707692778927,2.1192277690848624,0.932264340667948,0.9506383951381764,0.9597353683580069
880,20,45,15,Median,40,[   0  235  466  556  742  891 1064 1528],7,464,90,218.28571428571428,27862.57287085804,17.090397892046692,-0.06749397595113678,27.733989295934403,5.054429694087373,0.1880622948488486,57.40618710240324,2.1792743795887586,0.919036888610601,0.9365105796480642,0.9482063949907478
881,20,45,15,Mode,40,[   0  221  483  556  754  891 1064 1528],7,464,73,218.28571428571428,27758.851303712032,17.63521074358025,-0.06394222725314151,27.520772502641314,5.190469354114886,0.20149805354172834,57.27707692778927,2.1192277690848624,0.932264340667948,0.9506383951381764,0.9597353683580069
882,20,45,15,Median,40,[   0  235  483  556  742  891 1064 1528],7,464,73,218.28571428571428,27730.90588079997,17.5047230117811,-0.06451787481904182,27.46131871389326,5.2770883149602374,0.1946603197264115,57.2016113457052,2.1202176806679733,0.931873608578379,0.9507471904616264,0.9598252282311728
883,20,45,15,Mode,40,[   0  221  483  556  754  891 1064 1528],7,464,73,218.28571428571428,27758.851303712032,17.63521074358025,-0.06394222725314151,27.520772502641314,5.190469354114886,0.20149805354172834,57.27707692778927,2.1192277690848624,0.932264340667948,0.9506383951381764,0.9597353683580069
884,20,45,15,Median,40,[   0  235  483  556  742  891 1064 1528],7,464,73,218.28571428571428,27730.90588079997,17.5047230117811,-0.06451787481904182,27.46131871389326,5.2770883149602374,0.1946603197264115,57.2016113457052,2.1202176806679733,0.931873608578379,0.9507471904616264,0.9598252282311728
885,20,45,15,Mode,40,[   0  221  483  556  754  891 1064 1528],7,464,73,218.28571428571428,27758.851303712032,17.63521074358025,-0.06394222725314151,27.520772502641314,5.190469354114886,0.20149805354172834,57.27707692778927,2.1192277690848624,0.932264340667948,0.9506383951381764,0.9597353683580069
886,20,45,15,Median,40,[   0  235  483  556  736  891 1064 1528],7,464,73,218.28571428571428,27790.40965968136,17.462104411581674,-0.0645207663143883,27.54622209666094,5.274782983054543,0.19305210112610513,57.362705471352534,2.1197253115645798,0.9349982009439853,0.9537197789415898,0.9621652280078493
887,20,45,15,Mode,40,[   0  221  483  556  736  891 1064 1528],7,464,73,218.28571428571428,27872.0471352529,17.469306715029653,-0.0635991198078259,27.703130555607327,5.230507532366127,0.1956627313806767,57.63201948532481,2.122895378606209,0.924528325197353,0.94296171281962,0.9533701496743852
888,20,45,15,Median,40,[   0  235  483  556  736  891 1064 1528],7,464,73,218.28571428571428,27790.40965968136,17.462104411581674,-0.0645207663143883,27.54622209666094,5.274782983054543,0.19305210112610513,57.362705471352534,2.1197253115645798,0.9349982009439853,0.9537197789415898,0.9621652280078493
889,20,45,15,Mode,40,[   0  221  483  556  736  891 1064 1528],7,464,73,218.28571428571428,27872.0471352529,17.469306715029653,-0.0635991198078259,27.703130555607327,5.230507532366127,0.1956627313806767,57.63201948532481,2.122895378606209,0.924528325197353,0.94296171281962,0.9533701496743852
890,20,45,15,Median,40,[   0  235  483  556  736  891 1064 1528],7,464,73,218.28571428571428,27790.40965968136,17.462104411581674,-0.0645207663143883,27.54622209666094,5.274782983054543,0.19305210112610513,57.362705471352534,2.1197253115645798,0.9349982009439853,0.9537197789415898,0.9621652280078493
891,20,45,15,Mode,40,[   0  221  483  556  736  891 1064 1528],7,464,73,218.28571428571428,27872.0471352529,17.469306715029653,-0.0635991198078259,27.703130555607327,5.230507532366127,0.1956627313806767,57.63201948532481,2.122895378606209,0.924528325197353,0.94296171281962,0.9533701496743852
892,20,45,15,Median,40,[   0  221  483  556  736  891 1064 1528],7,464,73,218.28571428571428,27872.0471352529,17.469306715029653,-0.0635991198078259,27.703130555607327,5.230507532366127,0.1956627313806767,57.63201948532481,2.122895378606209,0.924528325197353,0.94296171281962,0.9533701496743852
893,20,45,15,Mode,40,[   0  221  483  556  736  891 1064 1528],7,464,73,218.28571428571428,27872.0471352529,17.469306715029653,-0.0635991198078259,27.703130555607327,5.230507532366127,0.1956627313806767,57.63201948532481,2.122895378606209,0.924528325197353,0.94296171281962,0.9533701496743852
894,20,45,15,Median,40,[   0  221  483  556  736  891 1064 1528],7,464,73,218.28571428571428,27872.0471352529,17.469306715029653,-0.0635991198078259,27.703130555607327,5.230507532366127,0.1956627313806767,57.63201948532481,2.122895378606209,0.924528325197353,0.94296171281962,0.9533701496743852
895,20,45,15,Mode,40,[   0  221  483  556  736  891 1064 1528],7,464,73,218.28571428571428,27872.0471352529,17.469306715029653,-0.0635991198078259,27.703130555607327,5.230507532366127,0.1956627313806767,57.63201948532481,2.122895378606209,0.924528325197353,0.94296171281962,0.9533701496743852
896,20,45,20,Median,40,[   0  891 1528],2,891,637,764.0,4069.1474870855773,3.309823419138439,-0.006232742687495143,4.982951170546194,11.942401007879372,-0.006232742687495143,4.982951170546194,11.942401007879372,0.9216561381301412,0.9559397891348912,0.9784938451035314
897,20,45,20,Mode,40,[   0 1064 1528],2,1064,464,764.0,18557.14109031639,7.578572466769806,-0.003366899014343509,22.991803285285997,4.978927015000117,-0.003366899014343509,22.991803285285997,4.978927015000117,0.9853748308799835,0.9946430690428134,0.9977306894174207
898,20,45,20,Median,40,[   0  517 1064 1528],3,547,464,509.3333333333333,12260.404065283637,6.648845181232319,-0.01281365909828781,15.116853015635963,7.737412696510319,0.02965194397364352,19.506750323441864,6.610373696176435,0.9811232674544172,0.989996413984543,0.9933414291913916
899,20,45,20,Mode,40,[   0  754 1064 1528],3,754,310,509.3333333333333,16089.644984973176,8.897591613956104,-0.00796115144397304,18.908278744491316,5.532037231475592,0.06931538130382259,23.80670104379495,4.68130211251453,0.9661726990443295,0.9818181683749323,0.9887034246815457
900,20,45,20,Median,40,[   0  466  891 1064 1528],4,466,173,382.0,34433.82755413687,15.200619833732604,-0.013570486836586524,29.209485300662525,4.8454803230291255,0.13883808678656032,67.32614632993693,2.9766700833788193,0.9134529045667938,0.9286170705593899,0.9482054950018091
901,20,45,20,Mode,40,[   0  483  891 1064 1528],4,483,173,382.0,34082.1597876597,15.136003813910468,-0.014136537224938153,28.748496717135133,4.963235632180973,0.1376942275357632,66.70797924381382,3.0497087965179923,0.9409166458707875,0.9599803707864711,0.9709840317765999
902,20,45,20,Median,40,[   0  466  890 1064 1464 1528],5,466,64,305.6,27286.659365815478,14.86905612118327,-0.02089752807485306,25.955425819708058,4.48180007417338,0.15585647371439115,55.2695264467228,2.8356564515516856,0.9133398486926148,0.9221439131371952,0.9418313700148138
903,20,45,20,Mode,40,[   0  483  891 1064 1464 1528],5,483,64,305.6,27155.56376905183,14.866046669362468,-0.021222179485606164,25.700323144532295,4.52333520931834,0.15607327206239374,55.100008905685776,2.8850521457094622,0.9372910098781815,0.9539468217703196,0.9656180175463269
904,20,45,20,Median,40,[   0  466  748  891 1064 1464 1528],6,466,64,254.66666666666666,28868.832785012026,16.83023556993627,-0.018923373916354493,27.72539399324566,4.7697790401502855,0.1957071904359498,54.314128897015074,2.251519731397754,0.9066723986484704,0.9208804668632626,0.9386725106733621
905,20,45,20,Mode,40,[   0  483  754  891 1064 1464 1528],6,483,64,254.66666666666666,28057.98533829023,16.726300053153874,-0.020916856610195888,27.03408840509141,4.71588689479733,0.19306914727305102,52.908717723963925,2.2944536823819024,0.9347270915646987,0.9565951849462301,0.966400407134557
906,20,45,20,Median,40,[   0  221  466  748  891 1064 1464 1528],7,400,64,218.28571428571428,28792.151618971915,16.91601646835328,-0.046275700396820045,28.867254016733682,6.24401561487291,0.19513034966635898,56.62702373493198,2.1618612863494047,0.9046691490976118,0.9076141736970265,0.9237003973902816
907,20,45,20,Mode,40,[   0  221  483  754  891 1064 1464 1528],7,400,64,218.28571428571428,27755.776289415327,16.655829070998998,-0.045853868508470876,28.01516838832731,6.841026392642429,0.19203108130318247,54.106573467162946,2.2273308332800608,0.9273651151983661,0.9381203604237366,0.9489124644064995
908,20,45,20,Median,40,[   0  221  462  556  748  891 1064 1464 1528],8,400,64,191.0,24666.336750789953,16.55228982122035,-0.061254426775205845,26.310014139708088,5.836303640853288,0.1923936608231259,51.50724160331239,2.234829879938065,0.9103125327300321,0.9153533385199754,0.9291913756141479
909,20,45,20,Mode,40,[   0  221  483  556  754  891 1064 1464 1528],8,400,64,191.0,24704.1262193572,17.123919956742853,-0.058054086590126196,26.182310328825768,6.324290451122381,0.20288553241323654,51.99122277971959,2.1580641153990068,0.9299847446142355,0.9401223281497307,0.9499126771885164
910,20,45,20,Median,40,[   0  221  462  556  748  891  970 1064 1464 1528],9,400,64,169.77777777777777,20108.387793757276,16.88028943070031,-0.06725496721756709,25.358848556659723,5.408536185970702,0.1965376603961716,45.49336798852169,2.0941905155524783,0.9159553047829309,0.9179161104710802,0.9307143738878468
911,20,45,20,Mode,40,[   0  221  483  556  754  891  970 1064 1464 1528],9,400,64,169.77777777777777,20193.29542708871,17.37917790026358,-0.0641074867443477,25.244699995534702,5.842302239543229,0.20553380850459269,46.023548667210996,2.027149897216549,0.9348939532624978,0.9435782836351986,0.9523797898306074
912,20,45,20,Median,40,[   0  221  462  556  748  891  970 1064 1464 1528],9,400,64,169.77777777777777,20108.387793757276,16.88028943070031,-0.06725496721756709,25.358848556659723,5.408536185970702,0.1965376603961716,45.49336798852169,2.0941905155524783,0.9159553047829309,0.9179161104710802,0.9307143738878468
913,20,45,20,Mode,40,[   0  221  483  556  754  891  970 1064 1464 1528],9,400,64,169.77777777777777,20193.29542708871,17.37917790026358,-0.0641074867443477,25.244699995534702,5.842302239543229,0.20553380850459269,46.023548667210996,2.027149897216549,0.9348939532624978,0.9435782836351986,0.9523797898306074
914,20,45,20,Median,40,[   0  221  460  556  748  891  970 1064 1464 1528],9,400,64,169.77777777777777,20053.193780278933,16.825991529585963,-0.06780050982643683,25.316434842325023,5.398696299021704,0.19566171657760423,45.293084457025685,2.1055395757011715,0.914973913466003,0.9162055608516867,0.9292714892110461
915,20,45,20,Mode,40,[   0  221  460  556  754  891  970 1064 1464 1528],9,400,64,169.77777777777777,20032.367721587463,16.855610870893862,-0.06813306905295637,25.22999841693263,5.371119997146625,0.19622942963573084,45.2432930740376,2.104769606896266,0.9202998728902969,0.9224609968855965,0.9345618610136515
916,20,45,20,Median,40,[   0  221  460  556  736  891  970 1064 1464 1528],9,400,64,169.77777777777777,20036.595717512573,16.752067097082644,-0.06767244319709079,25.372646343162703,5.468675247850774,0.19298797578476512,45.33192502858448,2.116207222409022,0.9133729846125357,0.9133672968713971,0.9266811673255719
917,20,45,20,Mode,40,[   0  221  460  556  736  891  970 1064 1464 1528],9,400,64,169.77777777777777,20036.595717512573,16.752067097082644,-0.06767244319709079,25.372646343162703,5.468675247850774,0.19298797578476512,45.33192502858448,2.116207222409022,0.9133729846125357,0.9133672968713971,0.9266811673255719
918,20,45,20,Median,40,[   0  221  460  556  736  891  970 1064 1464 1528],9,400,64,169.77777777777777,20036.595717512573,16.752067097082644,-0.06767244319709079,25.372646343162703,5.468675247850774,0.19298797578476512,45.33192502858448,2.116207222409022,0.9133729846125357,0.9133672968713971,0.9266811673255719
919,20,45,20,Mode,40,[   0  221  460  556  736  891  970 1064 1464 1528],9,400,64,169.77777777777777,20036.595717512573,16.752067097082644,-0.06767244319709079,25.372646343162703,5.468675247850774,0.19298797578476512,45.33192502858448,2.116207222409022,0.9133729846125357,0.9133672968713971,0.9266811673255719
920,20,45,20,Median,40,[   0  221  483  556  736  891  970 1064 1464 1528],9,400,64,169.77777777777777,20184.332672828037,17.27252693855003,-0.06359331746440186,25.387367427744117,5.921292763230616,0.20207912624181762,46.053373503772136,2.028565863557568,0.9278927716870995,0.9347136645227673,0.9447750874357189
921,20,45,20,Mode,40,[   0  221  483  556  736  891  970 1064 1464 1528],9,400,64,169.77777777777777,20184.332672828037,17.27252693855003,-0.06359331746440186,25.387367427744117,5.921292763230616,0.20207912624181762,46.053373503772136,2.028565863557568,0.9278927716870995,0.9347136645227673,0.9447750874357189
922,20,45,20,Median,40,[   0  221  483  556  736  891  970 1064 1464 1528],9,400,64,169.77777777777777,20184.332672828037,17.27252693855003,-0.06359331746440186,25.387367427744117,5.921292763230616,0.20207912624181762,46.053373503772136,2.028565863557568,0.9278927716870995,0.9347136645227673,0.9447750874357189
923,20,45,20,Mode,40,[   0  221  483  556  736  891  970 1064 1464 1528],9,400,64,169.77777777777777,20184.332672828037,17.27252693855003,-0.06359331746440186,25.387367427744117,5.921292763230616,0.20207912624181762,46.053373503772136,2.028565863557568,0.9278927716870995,0.9347136645227673,0.9447750874357189
924,20,50,10,Median,40,[   0  913 1528],2,913,615,764.0,2687.7314681421954,2.7044668877573588,-0.010934064808260929,3.287667648716877,14.581619583156687,-0.010934064808260929,3.287667648716877,14.581619583156687,0.8509233864710779,0.9003715518514916,0.9516478585557666
925,20,50,10,Mode,40,[   0 1064 1528],2,1064,464,764.0,18557.14109031639,7.578572466769806,-0.003366899014343509,22.991803285285997,4.978927015000117,-0.003366899014343509,22.991803285285997,4.978927015000117,0.9853748308799835,0.9946430690428134,0.9977306894174207
926,20,50,10,Median,40,[   0  521  987 1528],3,541,466,509.3333333333333,3350.620767877904,3.665179735018281,-0.019872545202890626,5.170698008054816,11.100409747869078,0.009283033660663255,4.407168602520562,10.941832269178931,0.9552585344759612,0.9694932794576153,0.9797063486488207
927,20,50,10,Mode,40,[   0  736 1064 1528],3,736,328,509.3333333333333,14980.143935563809,8.44679354824838,-0.008369101368580536,18.433733224198363,5.674078974938671,0.0580648990432178,22.33794193662264,4.900437565100743,0.9478526935735269,0.9662220099098459,0.9786524785837459
928,20,50,10,Median,40,[   0  483  891 1064 1528],4,483,173,382.0,34082.1597876597,15.136003813910468,-0.014136537224938153,28.748496717135133,4.963235632180973,0.1376942275357632,66.70797924381382,3.0497087965179923,0.9409166458707875,0.9599803707864711,0.9709840317765999
929,20,50,10,Mode,40,[   0  483  891 1064 1528],4,483,173,382.0,34082.1597876597,15.136003813910468,-0.014136537224938153,28.748496717135133,4.963235632180973,0.1376942275357632,66.70797924381382,3.0497087965179923,0.9409166458707875,0.9599803707864711,0.9709840317765999
930,20,50,10,Median,40,[   0  483  736  891 1064 1528],5,483,155,305.6,34698.517696545125,17.518949573920647,-0.01749966855839374,30.228034356324773,5.195914702495598,0.18587429079541506,63.55166506085069,2.190636201322232,0.9281030364683476,0.9559085194359976,0.9666258759006551
931,20,50,10,Mode,40,[   0  483  736  891 1064 1528],5,483,155,305.6,34698.517696545125,17.518949573920647,-0.01749966855839374,30.228034356324773,5.195914702495598,0.18587429079541506,63.55166506085069,2.190636201322232,0.9281030364683476,0.9559085194359976,0.9666258759006551
932,20,50,10,Median,40,[   0  483  736  891  950 1064 1528],6,483,59,254.66666666666666,23269.668753527418,16.991938719660315,-0.044372407835748494,26.51318332747356,4.630560361601227,0.17130210067945145,44.52200214730942,2.087336087016408,0.9140517445475296,0.9518821786055797,0.9632519294222871
933,20,50,10,Mode,40,[   0  483  736  891  950 1064 1528],6,483,59,254.66666666666666,23269.668753527418,16.991938719660315,-0.044372407835748494,26.51318332747356,4.630560361601227,0.17130210067945145,44.52200214730942,2.087336087016408,0.9140517445475296,0.9518821786055797,0.9632519294222871
934,20,50,10,Median,40,[   0  474  556  736  891  950 1064 1528],7,474,59,218.28571428571428,19206.942489426347,16.731016313562986,-0.05906968085100019,24.149514557034397,4.474696863647488,0.15785617064602533,36.80513256538752,2.038386058217711,0.9088915183957297,0.9438388336382576,0.9565234715444184
935,20,50,10,Mode,40,[   0  483  556  736  891  950 1064 1528],7,483,59,218.28571428571428,19381.84353609879,17.086932303748757,-0.05900331270426307,24.197929475455297,4.44899450222564,0.16298822900461915,37.174936894978224,1.9775802938683118,0.9180856330222374,0.9557654246282771,0.9657847570601583
936,20,50,10,Median,40,[   0  483  556  736  891  950 1064 1528],7,483,59,218.28571428571428,19381.84353609879,17.086932303748757,-0.05900331270426307,24.197929475455297,4.44899450222564,0.16298822900461915,37.174936894978224,1.9775802938683118,0.9180856330222374,0.9557654246282771,0.9657847570601583
937,20,50,10,Mode,40,[   0  483  556  736  891  950 1064 1528],7,483,59,218.28571428571428,19381.84353609879,17.086932303748757,-0.05900331270426307,24.197929475455297,4.44899450222564,0.16298822900461915,37.174936894978224,1.9775802938683118,0.9180856330222374,0.9557654246282771,0.9657847570601583
938,20,50,10,Median,40,[   0  483  556  736  891  950 1064 1528],7,483,59,218.28571428571428,19381.84353609879,17.086932303748757,-0.05900331270426307,24.197929475455297,4.44899450222564,0.16298822900461915,37.174936894978224,1.9775802938683118,0.9180856330222374,0.9557654246282771,0.9657847570601583
939,20,50,10,Mode,40,[   0  483  556  736  891  950 1064 1528],7,483,59,218.28571428571428,19381.84353609879,17.086932303748757,-0.05900331270426307,24.197929475455297,4.44899450222564,0.16298822900461915,37.174936894978224,1.9775802938683118,0.9180856330222374,0.9557654246282771,0.9657847570601583
940,20,50,10,Median,40,[   0  483  556  736  891  950 1064 1528],7,483,59,218.28571428571428,19381.84353609879,17.086932303748757,-0.05900331270426307,24.197929475455297,4.44899450222564,0.16298822900461915,37.174936894978224,1.9775802938683118,0.9180856330222374,0.9557654246282771,0.9657847570601583
941,20,50,10,Mode,40,[   0  483  556  736  891  950 1064 1528],7,483,59,218.28571428571428,19381.84353609879,17.086932303748757,-0.05900331270426307,24.197929475455297,4.44899450222564,0.16298822900461915,37.174936894978224,1.9775802938683118,0.9180856330222374,0.9557654246282771,0.9657847570601583
942,20,50,10,Median,40,[   0  483  556  736  891  950 1064 1528],7,483,59,218.28571428571428,19381.84353609879,17.086932303748757,-0.05900331270426307,24.197929475455297,4.44899450222564,0.16298822900461915,37.174936894978224,1.9775802938683118,0.9180856330222374,0.9557654246282771,0.9657847570601583
943,20,50,10,Mode,40,[   0  483  556  736  891  950 1064 1528],7,483,59,218.28571428571428,19381.84353609879,17.086932303748757,-0.05900331270426307,24.197929475455297,4.44899450222564,0.16298822900461915,37.174936894978224,1.9775802938683118,0.9180856330222374,0.9557654246282771,0.9657847570601583
944,20,50,10,Median,40,[   0  483  556  736  891  950 1064 1528],7,483,59,218.28571428571428,19381.84353609879,17.086932303748757,-0.05900331270426307,24.197929475455297,4.44899450222564,0.16298822900461915,37.174936894978224,1.9775802938683118,0.9180856330222374,0.9557654246282771,0.9657847570601583
945,20,50,10,Mode,40,[   0  483  556  736  891  950 1064 1528],7,483,59,218.28571428571428,19381.84353609879,17.086932303748757,-0.05900331270426307,24.197929475455297,4.44899450222564,0.16298822900461915,37.174936894978224,1.9775802938683118,0.9180856330222374,0.9557654246282771,0.9657847570601583
946,20,50,10,Median,40,[   0  483  556  736  891  950 1064 1528],7,483,59,218.28571428571428,19381.84353609879,17.086932303748757,-0.05900331270426307,24.197929475455297,4.44899450222564,0.16298822900461915,37.174936894978224,1.9775802938683118,0.9180856330222374,0.9557654246282771,0.9657847570601583
947,20,50,10,Mode,40,[   0  483  556  736  891  950 1064 1528],7,483,59,218.28571428571428,19381.84353609879,17.086932303748757,-0.05900331270426307,24.197929475455297,4.44899450222564,0.16298822900461915,37.174936894978224,1.9775802938683118,0.9180856330222374,0.9557654246282771,0.9657847570601583
948,20,50,10,Median,40,[   0  420  483  556  736  891  950 1024 1069 1528],9,459,45,169.77777777777777,11175.833700204286,15.049389005058119,-0.11329720630270226,19.486470600858112,5.363879955694639,0.1373997873029597,24.96065713838582,2.4914930570243534,0.9177183782320151,0.9541845614672999,0.963287296609481
949,20,50,10,Mode,40,[   0  420  483  556  736  891  950 1024 1069 1528],9,459,45,169.77777777777777,11175.833700204286,15.049389005058119,-0.11329720630270226,19.486470600858112,5.363879955694639,0.1373997873029597,24.96065713838582,2.4914930570243534,0.9177183782320151,0.9541845614672999,0.963287296609481
950,20,50,10,Median,40,[   0  420  483  556  736  891  950 1024 1069 1528],9,459,45,169.77777777777777,11175.833700204286,15.049389005058119,-0.11329720630270226,19.486470600858112,5.363879955694639,0.1373997873029597,24.96065713838582,2.4914930570243534,0.9177183782320151,0.9541845614672999,0.963287296609481
951,20,50,10,Mode,40,[   0  420  483  556  736  891  950 1024 1069 1528],9,459,45,169.77777777777777,11175.833700204286,15.049389005058119,-0.11329720630270226,19.486470600858112,5.363879955694639,0.1373997873029597,24.96065713838582,2.4914930570243534,0.9177183782320151,0.9541845614672999,0.963287296609481
952,20,50,15,Median,40,[   0  891 1528],2,891,637,764.0,4069.1474870855773,3.309823419138439,-0.006232742687495143,4.982951170546194,11.942401007879372,-0.006232742687495143,4.982951170546194,11.942401007879372,0.9216561381301412,0.9559397891348912,0.9784938451035314
953,20,50,15,Mode,40,[   0 1064 1528],2,1064,464,764.0,18557.14109031639,7.578572466769806,-0.003366899014343509,22.991803285285997,4.978927015000117,-0.003366899014343509,22.991803285285997,4.978927015000117,0.9853748308799835,0.9946430690428134,0.9977306894174207
954,20,50,15,Median,40,[   0  553  950 1528],3,578,397,509.3333333333333,3316.8946481010153,3.4997728520060507,-0.026973387132250795,4.8475042984977454,15.455428465750302,0.0033551359176222095,3.7097072894351273,13.38397794453791,0.9453571213600587,0.9617368123439852,0.9747466454736643
955,20,50,15,Mode,40,[   0  736 1064 1528],3,736,328,509.3333333333333,14980.143935563809,8.44679354824838,-0.008369101368580536,18.433733224198363,5.674078974938671,0.0580648990432178,22.33794193662264,4.900437565100743,0.9478526935735269,0.9662220099098459,0.9786524785837459
956,20,50,15,Median,40,[   0  483  890 1064 1528],4,483,174,382.0,33902.281607789744,15.075234630415714,-0.014467775470813668,28.620987859808118,4.969750195269356,0.13631175787441474,66.32899105680123,3.056808854583729,0.942295785635241,0.9611414266213821,0.9718209806605109
957,20,50,15,Mode,40,[   0  483  891 1064 1528],4,483,173,382.0,34082.1597876597,15.136003813910468,-0.014136537224938153,28.748496717135133,4.963235632180973,0.1376942275357632,66.70797924381382,3.0497087965179923,0.9409166458707875,0.9599803707864711,0.9709840317765999
958,20,50,15,Median,40,[   0  483  736  891 1064 1528],5,483,155,305.6,34698.517696545125,17.518949573920647,-0.01749966855839374,30.228034356324773,5.195914702495598,0.18587429079541506,63.55166506085069,2.190636201322232,0.9281030364683476,0.9559085194359976,0.9666258759006551
959,20,50,15,Mode,40,[   0  483  736  891 1064 1528],5,483,155,305.6,34698.517696545125,17.518949573920647,-0.01749966855839374,30.228034356324773,5.195914702495598,0.18587429079541506,63.55166506085069,2.190636201322232,0.9281030364683476,0.9559085194359976,0.9666258759006551
960,20,50,15,Median,40,[   0  247  483  736  891 1064 1528],6,464,155,254.66666666666666,33075.27876935744,17.35663987918355,-0.05529140582482675,30.35436487449453,5.437245658751718,0.18262843335419973,64.07423072774233,2.119234302300127,0.9263793814112284,0.9448494871376739,0.9554421160312626
961,20,50,15,Mode,40,[   0  247  483  736  891 1064 1528],6,464,155,254.66666666666666,33075.27876935744,17.35663987918355,-0.05529140582482675,30.35436487449453,5.437245658751718,0.18262843335419973,64.07423072774233,2.119234302300127,0.9263793814112284,0.9448494871376739,0.9554421160312626
962,20,50,15,Median,40,[   0  247  466  556  736  891 1064 1528],7,464,90,218.28571428571428,28051.54008200068,17.126625278643456,-0.07282042120701045,27.76643547413244,5.012676701581606,0.18589452519333446,58.920987477829755,2.168369587682726,0.9170309692945293,0.9358176180420028,0.947497435260815
963,20,50,15,Mode,40,[   0  247  483  556  736  891 1064 1528],7,464,73,218.28571428571428,27855.66292129693,17.514099763473844,-0.06931694719905372,27.4464634377115,5.076360981722419,0.19219694133789714,58.48543888813748,2.1115812407641865,0.9294851923461405,0.948831321434462,0.9581619868851762
964,20,50,15,Median,40,[   0  247  466  556  736  891  950 1064 1528],8,464,59,191.0,20837.644781922954,16.806235282068535,-0.08384178174012187,25.55326655702082,4.653071078219639,0.17548292733937196,45.989896480017556,2.0977647365556384,0.9056914993234537,0.9299142682682031,0.9421531656017356
965,20,50,15,Mode,40,[   0  247  483  556  736  891  950 1064 1528],8,464,59,191.0,20669.750072748313,17.13835626906601,-0.08060324451362143,25.27514754729552,4.708794823342851,0.18088499832042568,45.61656911742417,2.049089010625462,0.9176168186631193,0.9433490324955478,0.953283502969263
966,20,50,15,Median,40,[   0  247  466  556  736  891  950 1064 1449 1528],9,385,59,169.77777777777777,19077.132299904355,16.19105918029197,-0.07956576793096176,24.23337917805171,5.012550698773955,0.1885266868654329,44.493697914941016,2.2185510379331106,0.9070011211545899,0.9160861531237632,0.9286030270486767
967,20,50,15,Mode,40,[   0  247  483  556  736  891  950 1064 1449 1528],9,385,59,169.77777777777777,18930.22442937654,16.48166504391476,-0.07644299500649986,23.985839025992227,5.5597747346090935,0.1932534989738549,44.16703647267181,2.1759597777442066,0.9181468989348378,0.9314662062231233,0.9417254373149471
968,20,50,15,Median,40,[   0  247  483  556  736  891  950 1064 1449 1528],9,385,59,169.77777777777777,18930.22442937654,16.48166504391476,-0.07644299500649986,23.985839025992227,5.5597747346090935,0.1932534989738549,44.16703647267181,2.1759597777442066,0.9181468989348378,0.9314662062231233,0.9417254373149471
969,20,50,15,Mode,40,[   0  247  483  556  736  891  950 1064 1449 1528],9,385,59,169.77777777777777,18930.22442937654,16.48166504391476,-0.07644299500649986,23.985839025992227,5.5597747346090935,0.1932534989738549,44.16703647267181,2.1759597777442066,0.9181468989348378,0.9314662062231233,0.9417254373149471
970,20,50,15,Median,40,[   0  247  483  556  736  891  950 1064 1449 1528],9,385,59,169.77777777777777,18930.22442937654,16.48166504391476,-0.07644299500649986,23.985839025992227,5.5597747346090935,0.1932534989738549,44.16703647267181,2.1759597777442066,0.9181468989348378,0.9314662062231233,0.9417254373149471
971,20,50,15,Mode,40,[   0  247  483  556  736  891  950 1064 1449 1528],9,385,59,169.77777777777777,18930.22442937654,16.48166504391476,-0.07644299500649986,23.985839025992227,5.5597747346090935,0.1932534989738549,44.16703647267181,2.1759597777442066,0.9181468989348378,0.9314662062231233,0.9417254373149471
972,20,50,15,Median,40,[   0  247  483  556  736  891  950 1064 1449 1528],9,385,59,169.77777777777777,18930.22442937654,16.48166504391476,-0.07644299500649986,23.985839025992227,5.5597747346090935,0.1932534989738549,44.16703647267181,2.1759597777442066,0.9181468989348378,0.9314662062231233,0.9417254373149471
973,20,50,15,Mode,40,[   0  247  483  556  736  891  950 1064 1449 1528],9,385,59,169.77777777777777,18930.22442937654,16.48166504391476,-0.07644299500649986,23.985839025992227,5.5597747346090935,0.1932534989738549,44.16703647267181,2.1759597777442066,0.9181468989348378,0.9314662062231233,0.9417254373149471
974,20,50,15,Median,40,[   0  247  483  556  736  891  950 1064 1449 1528],9,385,59,169.77777777777777,18930.22442937654,16.48166504391476,-0.07644299500649986,23.985839025992227,5.5597747346090935,0.1932534989738549,44.16703647267181,2.1759597777442066,0.9181468989348378,0.9314662062231233,0.9417254373149471
975,20,50,15,Mode,40,[   0  247  483  556  736  891  950 1064 1449 1528],9,385,59,169.77777777777777,18930.22442937654,16.48166504391476,-0.07644299500649986,23.985839025992227,5.5597747346090935,0.1932534989738549,44.16703647267181,2.1759597777442066,0.9181468989348378,0.9314662062231233,0.9417254373149471
976,20,50,15,Median,40,[   0  247  483  556  736  891  950 1064 1449 1528],9,385,59,169.77777777777777,18930.22442937654,16.48166504391476,-0.07644299500649986,23.985839025992227,5.5597747346090935,0.1932534989738549,44.16703647267181,2.1759597777442066,0.9181468989348378,0.9314662062231233,0.9417254373149471
977,20,50,15,Mode,40,[   0  247  483  556  736  891  950 1064 1449 1528],9,385,59,169.77777777777777,18930.22442937654,16.48166504391476,-0.07644299500649986,23.985839025992227,5.5597747346090935,0.1932534989738549,44.16703647267181,2.1759597777442066,0.9181468989348378,0.9314662062231233,0.9417254373149471
978,20,50,15,Median,40,[   0  247  483  556  736  891  950 1064 1449 1528],9,385,59,169.77777777777777,18930.22442937654,16.48166504391476,-0.07644299500649986,23.985839025992227,5.5597747346090935,0.1932534989738549,44.16703647267181,2.1759597777442066,0.9181468989348378,0.9314662062231233,0.9417254373149471
979,20,50,15,Mode,40,[   0  247  483  556  736  891  950 1064 1449 1528],9,385,59,169.77777777777777,18930.22442937654,16.48166504391476,-0.07644299500649986,23.985839025992227,5.5597747346090935,0.1932534989738549,44.16703647267181,2.1759597777442066,0.9181468989348378,0.9314662062231233,0.9417254373149471
980,20,50,20,Median,40,[   0  891 1528],2,891,637,764.0,4069.1474870855773,3.309823419138439,-0.006232742687495143,4.982951170546194,11.942401007879372,-0.006232742687495143,4.982951170546194,11.942401007879372,0.9216561381301412,0.9559397891348912,0.9784938451035314
981,20,50,20,Mode,40,[   0 1064 1528],2,1064,464,764.0,18557.14109031639,7.578572466769806,-0.003366899014343509,22.991803285285997,4.978927015000117,-0.003366899014343509,22.991803285285997,4.978927015000117,0.9853748308799835,0.9946430690428134,0.9977306894174207
982,20,50,20,Median,40,[   0  553 1064 1528],3,553,464,509.3333333333333,9973.894490467877,6.005736102585441,-0.019050681281580113,14.10105539026848,8.69670361996346,0.023909395806962476,16.30107462904484,7.53879693582291,0.9878863334194922,0.9942113490254237,0.9961480981844626
983,20,50,20,Mode,40,[   0  754 1064 1528],3,754,310,509.3333333333333,16089.644984973176,8.897591613956104,-0.00796115144397304,18.908278744491316,5.532037231475592,0.06931538130382259,23.80670104379495,4.68130211251453,0.9661726990443295,0.9818181683749323,0.9887034246815457
984,20,50,20,Median,40,[   0  483  890 1064 1528],4,483,174,382.0,33902.281607789744,15.075234630415714,-0.014467775470813668,28.620987859808118,4.969750195269356,0.13631175787441474,66.32899105680123,3.056808854583729,0.942295785635241,0.9611414266213821,0.9718209806605109
985,20,50,20,Mode,40,[   0  483  891 1064 1528],4,483,173,382.0,34082.1597876597,15.136003813910468,-0.014136537224938153,28.748496717135133,4.963235632180973,0.1376942275357632,66.70797924381382,3.0497087965179923,0.9409166458707875,0.9599803707864711,0.9709840317765999
986,20,50,20,Median,40,[   0  483  883 1064 1464 1528],5,483,64,305.6,26008.32488504519,14.49304905720319,-0.022688249498351697,24.910025983984916,4.549759709655736,0.14873773389239736,52.410431804981194,2.922847673130195,0.9483613480472174,0.9638592168944566,0.9729900341876812
987,20,50,20,Mode,40,[   0  483  891 1064 1464 1528],5,483,64,305.6,27155.56376905183,14.866046669362468,-0.021222179485606164,25.700323144532295,4.52333520931834,0.15607327206239374,55.100008905685776,2.8850521457094622,0.9372910098781815,0.9539468217703196,0.9656180175463269
988,20,50,20,Median,40,[   0  483  736  891 1064 1464 1528],6,483,64,254.66666666666666,29033.96929988174,16.82639470628021,-0.02199991814504488,27.63245604464108,4.903726113231183,0.19094151376478913,54.89655162694087,2.2307253997145597,0.9257597810739152,0.9487030668279348,0.9600844099297029
989,20,50,20,Mode,40,[   0  483  754  891 1064 1464 1528],6,483,64,254.66666666666666,28057.98533829023,16.726300053153874,-0.020916856610195888,27.03408840509141,4.71588689479733,0.19306914727305102,52.908717723963925,2.2944536823819024,0.9347270915646987,0.9565951849462301,0.966400407134557
990,20,50,20,Median,40,[   0  247  483  736  891 1064 1464 1528],7,400,64,218.28571428571428,28625.361593335907,16.806562438606036,-0.04994214200377465,28.275377419897097,6.355120249860996,0.18739209540221402,56.77454192166888,2.1645422841307513,0.9243970804031141,0.9343236318340775,0.9455339742759931
991,20,50,20,Mode,40,[   0  221  483  754  891 1064 1464 1528],7,400,64,218.28571428571428,27755.776289415327,16.655829070998998,-0.045853868508470876,28.01516838832731,6.841026392642429,0.19203108130318247,54.106573467162946,2.2273308332800608,0.9273651151983661,0.9381203604237366,0.9489124644064995
992,20,50,20,Median,40,[   0  247  466  556  736  891 1064 1464 1528],8,400,64,191.0,24955.002315033187,16.687989558225603,-0.06684108597879952,26.397327649576464,5.396621290606232,0.1895110795431846,53.40028896546859,2.2001856741971753,0.9156773621044041,0.923562850559451,0.9358872552713325
993,20,50,20,Mode,40,[   0  221  483  556  754  891 1064 1464 1528],8,400,64,191.0,24704.1262193572,17.123919956742853,-0.058054086590126196,26.182310328825768,6.324290451122381,0.20288553241323654,51.99122277971959,2.1580641153990068,0.9299847446142355,0.9401223281497307,0.9499126771885164
994,20,50,20,Median,40,[   0  247  466  556  736  891  950 1064 1464 1528],9,400,59,169.77777777777777,19406.672660952605,16.510112986162632,-0.07726023820237667,24.663286074966436,5.0343113377261925,0.1810370633489495,43.560575669546324,2.130388585114033,0.905005837397885,0.9164266773224078,0.9292646644803333
995,20,50,20,Mode,40,[   0  221  483  556  754  891  950 1064 1464 1528],9,400,59,169.77777777777777,19318.50832067149,16.872441551481757,-0.06909080023275757,24.472469229541623,5.865949305863095,0.19143695230064778,42.68552954026954,2.094957897872689,0.9187129948788063,0.9336784065574059,0.9440191659207184
996,20,50,20,Median,40,[   0  224  466  556  736  891  950 1064 1464 1528],9,400,59,169.77777777777777,19345.62585292078,16.444608675281856,-0.07162195932931223,24.7859279363722,5.484347024853317,0.18294665802868335,42.69072694483329,2.1442971312333525,0.9034760933387757,0.9130449101389082,0.92640774139322
997,20,50,20,Mode,40,[   0  221  483  556  754  891  950 1064 1464 1528],9,400,59,169.77777777777777,19318.50832067149,16.872441551481757,-0.06909080023275757,24.472469229541623,5.865949305863095,0.19143695230064778,42.68552954026954,2.094957897872689,0.9187129948788063,0.9336784065574059,0.9440191659207184
998,20,50,20,Median,40,[   0  224  460  556  736  891  950 1064 1464 1528],9,400,59,169.77777777777777,19127.474109955783,16.252283605752808,-0.0726735039031519,24.58176761860491,5.469407572929616,0.17911767546033158,41.876816990993674,2.1821488229408077,0.9004150650462173,0.9077376497534598,0.9219070873231406
999,20,50,20,Mode,40,[   0  221  460  556  754  891  950 1064 1464 1528],9,400,59,169.77777777777777,19157.580615170245,16.348874522112038,-0.07273006510268451,24.457873008550056,5.3947670634664915,0.18213257343178593,41.90527394709615,2.1725776075524053,0.9041657821341563,0.9125090951244996,0.9261262863309214
1000,20,50,20,Median,40,[   0  224  460  556  736  891  950 1064 1464 1528],9,400,59,169.77777777777777,19127.474109955783,16.252283605752808,-0.0726735039031519,24.58176761860491,5.469407572929616,0.17911767546033158,41.876816990993674,2.1821488229408077,0.9004150650462173,0.9077376497534598,0.9219070873231406
1001,20,50,20,Mode,40,[   0  221  460  556  736  891  950 1064 1464 1528],9,400,59,169.77777777777777,19124.315995576304,16.246664221984894,-0.07240884337296014,24.59949835818838,5.492322314170639,0.17927206753240366,41.87240119997996,2.1839242871580993,0.8972799190953626,0.9033607921987945,0.9181973611578489
1002,20,50,20,Median,40,[   0  224  483  556  736  891  950 1064 1464 1528],9,400,59,169.77777777777777,19265.316021961757,16.767748215031073,-0.0689519718774483,24.58871159292991,5.961802323006499,0.18808616110961995,42.57406711200932,2.0954509226547584,0.9149501301776964,0.9293168058850615,0.9402185933447184
1003,20,50,20,Mode,40,[   0  221  483  556  736  891  950 1064 1464 1528],9,400,59,169.77777777777777,19272.052950891768,16.76712406345228,-0.06870639781060812,24.614113875784593,5.944939829550482,0.18836321798945618,42.59384967516762,2.0962829283066453,0.9117530533343244,0.9247599499625329,0.9363664545435081
1004,20,50,20,Median,40,[   0  221  483  556  736  891  950 1064 1464 1528],9,400,59,169.77777777777777,19272.052950891768,16.76712406345228,-0.06870639781060812,24.614113875784593,5.944939829550482,0.18836321798945618,42.59384967516762,2.0962829283066453,0.9117530533343244,0.9247599499625329,0.9363664545435081
1005,20,50,20,Mode,40,[   0  221  483  556  736  891  950 1064 1464 1528],9,400,59,169.77777777777777,19272.052950891768,16.76712406345228,-0.06870639781060812,24.614113875784593,5.944939829550482,0.18836321798945618,42.59384967516762,2.0962829283066453,0.9117530533343244,0.9247599499625329,0.9363664545435081
1006,20,50,20,Median,40,[   0  221  483  556  736  891  950 1064 1464 1528],9,400,59,169.77777777777777,19272.052950891768,16.76712406345228,-0.06870639781060812,24.614113875784593,5.944939829550482,0.18836321798945618,42.59384967516762,2.0962829283066453,0.9117530533343244,0.9247599499625329,0.9363664545435081
1007,20,50,20,Mode,40,[   0  221  483  556  736  891  950 1064 1464 1528],9,400,59,169.77777777777777,19272.052950891768,16.76712406345228,-0.06870639781060812,24.614113875784593,5.944939829550482,0.18836321798945618,42.59384967516762,2.0962829283066453,0.9117530533343244,0.9247599499625329,0.9363664545435081
1008,60,35,10,Median,40,[   0  483  891 1528],3,637,408,509.3333333333333,10150.70261239602,6.579377269797295,-0.011949489531709663,9.638332150025851,9.22126132713936,0.02657019339602934,13.311176354773227,6.039538774007635,0.927894254612666,0.9522057161309756,0.9687974902688796
1009,60,35,10,Mode,40,[   0  483 1064 1528],3,581,464,509.3333333333333,14909.93308986081,7.415409027009014,-0.009486391222875238,17.21894340470619,6.536529386585069,0.037368277983609255,23.30654157131581,5.591338726114996,0.964799574643987,0.9777821796596795,0.9852446642291223
1010,60,35,10,Median,40,[   0  727 1064 1528],3,727,337,509.3333333333333,14848.393574765685,8.340131200868111,-0.0086132007271725,18.258242803630367,5.7551690866643055,0.05601168738174589,22.2609155480528,4.968363134458203,0.9691897656838039,0.9834040007922986,0.9894782610755694
1011,60,35,10,Mode,40,[   0  754 1064 1528],3,754,310,509.3333333333333,16089.644984973176,8.897591613956104,-0.00796115144397304,18.908278744491316,5.532037231475592,0.06931538130382259,23.80670104379495,4.68130211251453,0.9661726990443295,0.9818181683749323,0.9887034246815457
1012,60,35,10,Median,40,[   0  483  891 1064 1528],4,483,173,382.0,34082.1597876597,15.136003813910468,-0.014136537224938153,28.748496717135133,4.963235632180973,0.1376942275357632,66.70797924381382,3.0497087965179923,0.9409166458707875,0.9599803707864711,0.9709840317765999
1013,60,35,10,Mode,40,[   0  483  891 1064 1528],4,483,173,382.0,34082.1597876597,15.136003813910468,-0.014136537224938153,28.748496717135133,4.963235632180973,0.1376942275357632,66.70797924381382,3.0497087965179923,0.9409166458707875,0.9599803707864711,0.9709840317765999
1014,60,35,10,Median,40,[   0  483  754  891 1064 1528],5,483,137,305.6,33478.53774455573,17.393831257512726,-0.016304916729090832,29.495113382900975,4.983792931598373,0.18853383268074242,61.06687268212949,2.27029655465641,0.9377933369397697,0.9632231828005877,0.9722992476631597
1015,60,35,10,Mode,40,[   0  483  754  891 1064 1528],5,483,137,305.6,33478.53774455573,17.393831257512726,-0.016304916729090832,29.495113382900975,4.983792931598373,0.18853383268074242,61.06687268212949,2.27029655465641,0.9377933369397697,0.9632231828005877,0.9722992476631597
1016,60,35,10,Median,40,[   0  483  556  754  891 1064 1528],6,483,73,254.66666666666666,27611.522649178194,17.726624538235427,-0.04211794788380553,26.46338059350262,4.695901467854914,0.17998559335568554,50.503323106302325,2.0338680952577364,0.9403921725297061,0.9661750586094279,0.9741591074437496
1017,60,35,10,Mode,40,[   0  483  556  754  891 1064 1528],6,483,73,254.66666666666666,27611.522649178194,17.726624538235427,-0.04211794788380553,26.46338059350262,4.695901467854914,0.17998559335568554,50.503323106302325,2.0338680952577364,0.9403921725297061,0.9661750586094279,0.9741591074437496
1018,60,35,10,Median,40,[   0  483  556  754  891 1064 1528],6,483,73,254.66666666666666,27611.522649178194,17.726624538235427,-0.04211794788380553,26.46338059350262,4.695901467854914,0.17998559335568554,50.503323106302325,2.0338680952577364,0.9403921725297061,0.9661750586094279,0.9741591074437496
1019,60,35,10,Mode,40,[   0  483  556  754  891 1064 1528],6,483,73,254.66666666666666,27611.522649178194,17.726624538235427,-0.04211794788380553,26.46338059350262,4.695901467854914,0.17998559335568554,50.503323106302325,2.0338680952577364,0.9403921725297061,0.9661750586094279,0.9741591074437496
1020,60,35,10,Median,40,[   0  483  556  754  891 1064 1528],6,483,73,254.66666666666666,27611.522649178194,17.726624538235427,-0.04211794788380553,26.46338059350262,4.695901467854914,0.17998559335568554,50.503323106302325,2.0338680952577364,0.9403921725297061,0.9661750586094279,0.9741591074437496
1021,60,35,10,Mode,40,[   0  483  556  754  891 1064 1528],6,483,73,254.66666666666666,27611.522649178194,17.726624538235427,-0.04211794788380553,26.46338059350262,4.695901467854914,0.17998559335568554,50.503323106302325,2.0338680952577364,0.9403921725297061,0.9661750586094279,0.9741591074437496
1022,60,35,10,Median,40,[   0  483  556  754  891 1064 1528],6,483,73,254.66666666666666,27611.522649178194,17.726624538235427,-0.04211794788380553,26.46338059350262,4.695901467854914,0.17998559335568554,50.503323106302325,2.0338680952577364,0.9403921725297061,0.9661750586094279,0.9741591074437496
1023,60,35,10,Mode,40,[   0  483  556  754  891 1064 1528],6,483,73,254.66666666666666,27611.522649178194,17.726624538235427,-0.04211794788380553,26.46338059350262,4.695901467854914,0.17998559335568554,50.503323106302325,2.0338680952577364,0.9403921725297061,0.9661750586094279,0.9741591074437496
1024,60,35,10,Median,40,[   0  483  556  754  891 1064 1528],6,483,73,254.66666666666666,27611.522649178194,17.726624538235427,-0.04211794788380553,26.46338059350262,4.695901467854914,0.17998559335568554,50.503323106302325,2.0338680952577364,0.9403921725297061,0.9661750586094279,0.9741591074437496
1025,60,35,10,Mode,40,[   0  483  556  754  891 1064 1528],6,483,73,254.66666666666666,27611.522649178194,17.726624538235427,-0.04211794788380553,26.46338059350262,4.695901467854914,0.17998559335568554,50.503323106302325,2.0338680952577364,0.9403921725297061,0.9661750586094279,0.9741591074437496
1026,60,35,10,Median,40,[   0  466  556  754  891 1064 1528],6,466,90,254.66666666666666,27316.858727588446,17.015597640025153,-0.04138153526293462,26.457815252939206,4.732266604313843,0.17068223822623266,49.73428427724677,2.1560638456305066,0.9235409241553527,0.9445459000897974,0.9576407784610658
1027,60,35,10,Mode,40,[   0  466  556  754  891 1064 1528],6,466,90,254.66666666666666,27316.858727588446,17.015597640025153,-0.04138153526293462,26.457815252939206,4.732266604313843,0.17068223822623266,49.73428427724677,2.1560638456305066,0.9235409241553527,0.9445459000897974,0.9576407784610658
1028,60,35,10,Median,40,[   0  466  556  754  891 1064 1528],6,466,90,254.66666666666666,27316.858727588446,17.015597640025153,-0.04138153526293462,26.457815252939206,4.732266604313843,0.17068223822623266,49.73428427724677,2.1560638456305066,0.9235409241553527,0.9445459000897974,0.9576407784610658
1029,60,35,10,Mode,40,[   0  466  556  754  891 1064 1528],6,466,90,254.66666666666666,27316.858727588446,17.015597640025153,-0.04138153526293462,26.457815252939206,4.732266604313843,0.17068223822623266,49.73428427724677,2.1560638456305066,0.9235409241553527,0.9445459000897974,0.9576407784610658
1030,60,35,10,Median,40,[   0  466  556  754  891 1064 1528],6,466,90,254.66666666666666,27316.858727588446,17.015597640025153,-0.04138153526293462,26.457815252939206,4.732266604313843,0.17068223822623266,49.73428427724677,2.1560638456305066,0.9235409241553527,0.9445459000897974,0.9576407784610658
1031,60,35,10,Mode,40,[   0  466  556  754  891 1064 1528],6,466,90,254.66666666666666,27316.858727588446,17.015597640025153,-0.04138153526293462,26.457815252939206,4.732266604313843,0.17068223822623266,49.73428427724677,2.1560638456305066,0.9235409241553527,0.9445459000897974,0.9576407784610658
1032,60,35,10,Median,40,[   0  466  556  754  891 1064 1528],6,466,90,254.66666666666666,27316.858727588446,17.015597640025153,-0.04138153526293462,26.457815252939206,4.732266604313843,0.17068223822623266,49.73428427724677,2.1560638456305066,0.9235409241553527,0.9445459000897974,0.9576407784610658
1033,60,35,10,Mode,40,[   0  466  556  754  891 1064 1528],6,466,90,254.66666666666666,27316.858727588446,17.015597640025153,-0.04138153526293462,26.457815252939206,4.732266604313843,0.17068223822623266,49.73428427724677,2.1560638456305066,0.9235409241553527,0.9445459000897974,0.9576407784610658
1034,60,35,10,Median,40,[   0  466  556  735  891 1064 1528],6,466,90,254.66666666666666,27398.691079119122,16.78977319096518,-0.04015657197151214,26.638638105275135,4.9554196808842015,0.16294468685632366,50.11043857097654,2.174458249224827,0.9157663366139429,0.9387479860873872,0.9530474019015471
1035,60,35,10,Mode,40,[   0  466  556  735  891 1064 1528],6,466,90,254.66666666666666,27398.691079119122,16.78977319096518,-0.04015657197151214,26.638638105275135,4.9554196808842015,0.16294468685632366,50.11043857097654,2.174458249224827,0.9157663366139429,0.9387479860873872,0.9530474019015471
1036,60,35,15,Median,40,[   0  466  891 1528],3,637,425,509.3333333333333,10803.2378677039,6.737199484704357,-0.01177168323065261,10.273878270396027,8.959244829997166,0.028702722514010022,14.121740040150877,5.902824880589359,0.8941017169093846,0.9246305822037255,0.9507594057716775
1037,60,35,15,Mode,40,[   0  483 1064 1528],3,581,464,509.3333333333333,14909.93308986081,7.415409027009014,-0.009486391222875238,17.21894340470619,6.536529386585069,0.037368277983609255,23.30654157131581,5.591338726114996,0.964799574643987,0.9777821796596795,0.9852446642291223
1038,60,35,15,Median,40,[   0  466  886 1064 1528],4,466,178,382.0,33760.41730011901,14.95300584537167,-0.0142797819771043,28.774620715269517,4.841701913082937,0.13363617574150646,65.83574497684278,2.994802235633678,0.9207597628282044,0.9346195975704379,0.9525246335265322
1039,60,35,15,Mode,40,[   0  483  891 1064 1528],4,483,173,382.0,34082.1597876597,15.136003813910468,-0.014136537224938153,28.748496717135133,4.963235632180973,0.1376942275357632,66.70797924381382,3.0497087965179923,0.9409166458707875,0.9599803707864711,0.9709840317765999
1040,60,35,15,Median,40,[   0  111  483  886 1064 1528],5,464,111,305.6,30522.420395800436,15.272189678728221,-0.04229759535809228,30.123765899662622,4.732434478364752,0.1711482812005614,55.00103458382655,3.0997502296139827,0.9121073706418223,0.9281074969119825,0.945686732875281
1041,60,35,15,Mode,40,[   0  111  483  891 1064 1528],5,464,111,305.6,31027.47946906225,15.454255886990952,-0.041140337528614165,30.46726262738019,4.734642464697137,0.17480254808379322,56.081412075434244,3.0912139850441864,0.905590453787001,0.9218313885075092,0.9409476321746041
1042,60,35,15,Median,40,[   0  111  483  886 1064 1451 1528],6,403,77,254.66666666666666,25261.762691724427,14.608161352061924,-0.047944872716635806,27.04413342210884,4.778214318147968,0.18702973005764828,49.04055825899547,3.068245182286497,0.9169367921975118,0.9215234812747096,0.9387337292054517
1043,60,35,15,Mode,40,[   0  111  483  891 1064 1451 1528],6,408,77,254.66666666666666,25663.472738337958,14.754240414367562,-0.04689944647411524,27.323725581513337,4.777567016936282,0.19011800272746396,50.02046181412313,3.0611994723360096,0.910962239186464,0.9147638401798953,0.9334526356818394
1044,60,35,15,Median,40,[   0  111  483  754  891 1064 1451 1528],7,387,77,218.28571428571428,26713.21617305756,16.38887347309871,-0.03241969078446155,28.38740947538072,4.561341286251059,0.22260508615134236,52.092311397109285,2.48739106242718,0.9109582303118028,0.9128010627547577,0.9297828301690068
1045,60,35,15,Mode,40,[   0  111  483  754  891 1064 1451 1528],7,387,77,218.28571428571428,26713.21617305756,16.38887347309871,-0.03241969078446155,28.38740947538072,4.561341286251059,0.22260508615134236,52.092311397109285,2.48739106242718,0.9109582303118028,0.9128010627547577,0.9297828301690068
1046,60,35,15,Median,40,[   0  250  483  754  891 1064 1451 1528],7,387,77,218.28571428571428,27466.906557166858,16.385671890970666,-0.05498722633949376,27.372051828240522,6.204537804400487,0.19392160815210138,55.63271953874801,2.284213572370092,0.9414491182517909,0.9517489111991368,0.9599521694308454
1047,60,35,15,Mode,40,[   0  111  250  483  754  891 1064 1451 1528],8,387,77,191.0,25537.0404948078,16.613818240497313,-0.06258998102651184,27.746155360579532,5.839729992348375,0.19688170667376464,54.15825915001768,2.274965170700404,0.9183441218506987,0.9253456767958089,0.9371485899539932
1048,60,35,15,Median,40,[   0  250  483  556  754  891 1064 1451 1528],8,387,73,191.0,24441.104533348647,16.88905986994641,-0.06725905519680772,25.62141273123282,5.805035920720321,0.20595603373211802,53.804001373554364,2.221348227675982,0.9433534590078433,0.954555728793693,0.961790272368482
1049,60,35,15,Mode,40,[   0  111  250  483  556  754  891 1064 1451 1528],9,387,73,169.77777777777777,23130.69698176175,17.025764428410255,-0.06126388967960419,26.2327650312079,5.381577407150361,0.20704181674107133,52.742438304064514,2.2211140443017685,0.9212035927361352,0.926499501064796,0.9373366413094891
1050,60,35,15,Median,40,[   0  111  250  483  556  754  891 1064 1451 1528],9,387,73,169.77777777777777,23130.69698176175,17.025764428410255,-0.06126388967960419,26.2327650312079,5.381577407150361,0.20704181674107133,52.742438304064514,2.2211140443017685,0.9212035927361352,0.926499501064796,0.9373366413094891
1051,60,35,15,Mode,40,[   0  111  250  483  556  754  891 1064 1451 1528],9,387,73,169.77777777777777,23130.69698176175,17.025764428410255,-0.06126388967960419,26.2327650312079,5.381577407150361,0.20704181674107133,52.742438304064514,2.2211140443017685,0.9212035927361352,0.926499501064796,0.9373366413094891
1052,60,35,15,Median,40,[   0  111  250  483  556  754  891 1064 1451 1528],9,387,73,169.77777777777777,23130.69698176175,17.025764428410255,-0.06126388967960419,26.2327650312079,5.381577407150361,0.20704181674107133,52.742438304064514,2.2211140443017685,0.9212035927361352,0.926499501064796,0.9373366413094891
1053,60,35,15,Mode,40,[   0  111  250  483  556  754  891 1064 1451 1528],9,387,73,169.77777777777777,23130.69698176175,17.025764428410255,-0.06126388967960419,26.2327650312079,5.381577407150361,0.20704181674107133,52.742438304064514,2.2211140443017685,0.9212035927361352,0.926499501064796,0.9373366413094891
1054,60,35,15,Median,40,[   0  111  250  483  556  754  891 1064 1451 1528],9,387,73,169.77777777777777,23130.69698176175,17.025764428410255,-0.06126388967960419,26.2327650312079,5.381577407150361,0.20704181674107133,52.742438304064514,2.2211140443017685,0.9212035927361352,0.926499501064796,0.9373366413094891
1055,60,35,15,Mode,40,[   0  111  250  466  556  754  891 1064 1451 1528],9,387,77,169.77777777777777,23321.556321426706,16.762916521965096,-0.06469500247354164,26.497158269983156,4.879447390218799,0.20508770601836795,53.9203498022522,2.258916686700845,0.9101228950481599,0.9105566297358805,0.9237586610171368
1056,60,35,15,Median,40,[   0  111  250  483  556  754  891 1064 1451 1528],9,387,73,169.77777777777777,23130.69698176175,17.025764428410255,-0.06126388967960419,26.2327650312079,5.381577407150361,0.20704181674107133,52.742438304064514,2.2211140443017685,0.9212035927361352,0.926499501064796,0.9373366413094891
1057,60,35,15,Mode,40,[   0  111  250  466  556  754  891 1064 1451 1528],9,387,77,169.77777777777777,23321.556321426706,16.762916521965096,-0.06469500247354164,26.497158269983156,4.879447390218799,0.20508770601836795,53.9203498022522,2.258916686700845,0.9101228950481599,0.9105566297358805,0.9237586610171368
1058,60,35,15,Median,40,[   0  111  250  483  556  754  891 1064 1451 1528],9,387,73,169.77777777777777,23130.69698176175,17.025764428410255,-0.06126388967960419,26.2327650312079,5.381577407150361,0.20704181674107133,52.742438304064514,2.2211140443017685,0.9212035927361352,0.926499501064796,0.9373366413094891
1059,60,35,15,Mode,40,[   0  111  250  466  556  754  891 1064 1451 1528],9,387,77,169.77777777777777,23321.556321426706,16.762916521965096,-0.06469500247354164,26.497158269983156,4.879447390218799,0.20508770601836795,53.9203498022522,2.258916686700845,0.9101228950481599,0.9105566297358805,0.9237586610171368
1060,60,35,15,Median,40,[   0  111  250  483  556  754  891 1064 1451 1528],9,387,73,169.77777777777777,23130.69698176175,17.025764428410255,-0.06126388967960419,26.2327650312079,5.381577407150361,0.20704181674107133,52.742438304064514,2.2211140443017685,0.9212035927361352,0.926499501064796,0.9373366413094891
1061,60,35,15,Mode,40,[   0  111  250  466  556  754  891 1064 1451 1528],9,387,77,169.77777777777777,23321.556321426706,16.762916521965096,-0.06469500247354164,26.497158269983156,4.879447390218799,0.20508770601836795,53.9203498022522,2.258916686700845,0.9101228950481599,0.9105566297358805,0.9237586610171368
1062,60,35,15,Median,40,[   0  111  250  483  556  754  891 1064 1451 1528],9,387,73,169.77777777777777,23130.69698176175,17.025764428410255,-0.06126388967960419,26.2327650312079,5.381577407150361,0.20704181674107133,52.742438304064514,2.2211140443017685,0.9212035927361352,0.926499501064796,0.9373366413094891
1063,60,35,15,Mode,40,[   0  111  250  466  556  754  891 1064 1451 1528],9,387,77,169.77777777777777,23321.556321426706,16.762916521965096,-0.06469500247354164,26.497158269983156,4.879447390218799,0.20508770601836795,53.9203498022522,2.258916686700845,0.9101228950481599,0.9105566297358805,0.9237586610171368
1064,60,35,20,Median,40,[   0  460  891 1528],3,637,431,509.3333333333333,10650.224352721189,6.673913375381636,-0.012578120379912497,10.206576275914774,8.8988583778552,0.02797712349898339,13.920540990949494,5.961862211854724,0.8841583229215031,0.9151587505085274,0.944561823378077
1065,60,35,20,Mode,40,[   0  483 1064 1528],3,581,464,509.3333333333333,14909.93308986081,7.415409027009014,-0.009486391222875238,17.21894340470619,6.536529386585069,0.037368277983609255,23.30654157131581,5.591338726114996,0.964799574643987,0.9777821796596795,0.9852446642291223
1066,60,35,20,Median,40,[   0  460  891 1464 1528],4,573,64,382.0,14428.322530945572,10.781484729864664,-0.011874062860426887,14.338471649062793,6.8033390396796465,0.08192389311248431,23.924969904798473,4.2364662378903875,0.8867325050690046,0.9080352053025075,0.9370713352248586
1067,60,35,20,Mode,40,[   0  483 1064 1464 1528],4,581,64,382.0,13450.993517673684,9.888960064434158,-0.02649181625550855,16.660174395069404,5.558982905102179,0.08918707639127045,23.199275952018258,4.47777991060349,0.9581896331353479,0.9735906202891904,0.9818945600156055
1068,60,35,20,Median,40,[   0  111  556 1464 1528],4,908,64,382.0,15079.469813169106,12.186698065009457,-0.03189982622885579,20.42025837676984,6.499275969983591,0.1420101462901972,18.692362990252267,5.233049839947799,0.9112701285034462,0.9571893461504364,0.9766627240154326
1069,60,35,20,Mode,40,[   0  111  754 1064 1464 1528],5,643,64,305.6,17409.415405985706,12.405287970180032,-0.027181196373870294,23.10250763470481,4.1629728276121565,0.18153284224110788,26.90790797309006,3.6334911583396705,0.9139146671721893,0.9265774560363179,0.9494208401057628
1070,60,35,20,Median,40,[   0  111  483  886 1064 1464 1528],6,403,64,254.66666666666666,25694.537500418737,15.028501817009115,-0.042115001599000675,27.54732834429239,4.632849396771112,0.17904857953475517,48.00698580028848,2.958403691936587,0.9109052177601016,0.91906142092998,0.9371646918148051
1071,60,35,20,Mode,40,[   0  111  483  891 1064 1464 1528],6,408,64,254.66666666666666,26097.138717895446,15.174639756736454,-0.04101350190082117,27.82777045490972,4.632948292473693,0.1820841195954917,48.92034923860773,2.951187626692124,0.9048631839450635,0.9123926799420077,0.9319797696751512
1072,60,35,20,Median,40,[   0  111  483  754  891 1064 1464 1528],7,400,64,218.28571428571428,27074.60448935546,16.73920625840612,-0.02655144896219398,28.824476085600175,4.608130650329083,0.2159101835413655,51.175550917513114,2.3957145243906086,0.9054060890508465,0.9103351184317792,0.9281973793215141
1073,60,35,20,Mode,40,[   0  111  483  754  891 1064 1464 1528],7,400,64,218.28571428571428,27074.60448935546,16.73920625840612,-0.02655144896219398,28.824476085600175,4.608130650329083,0.2159101835413655,51.175550917513114,2.3957145243906086,0.9054060890508465,0.9103351184317792,0.9281973793215141
1074,60,35,20,Median,40,[   0  111  250  483  754  891 1064 1464 1528],8,400,64,191.0,25846.801908777434,16.91410348504652,-0.060455282259635965,28.131258318371216,5.739462959891364,0.1911432187223559,53.37246445322095,2.1963852809547713,0.9133444751759705,0.9224102475534713,0.9350211122064482
1075,60,35,20,Mode,40,[   0  111  250  483  754  891 1064 1464 1528],8,400,64,191.0,25846.801908777434,16.91410348504652,-0.060455282259635965,28.131258318371216,5.739462959891364,0.1911432187223559,53.37246445322095,2.1963852809547713,0.9133444751759705,0.9224102475534713,0.9350211122064482
1076,60,35,20,Median,40,[   0  111  250  483  556  754  891 1064 1464 1528],9,400,64,169.77777777777777,23401.738218985178,17.288514017390817,-0.059256243495442534,26.57574048941699,5.273827934430978,0.20202063978358867,52.05486794436739,2.15235664077434,0.9164605273061611,0.9234079349902421,0.93505099815963
1077,60,35,20,Mode,40,[   0  111  250  483  556  754  891 1064 1464 1528],9,400,64,169.77777777777777,23401.738218985178,17.288514017390817,-0.059256243495442534,26.57574048941699,5.273827934430978,0.20202063978358867,52.05486794436739,2.15235664077434,0.9164605273061611,0.9234079349902421,0.93505099815963
1078,60,35,20,Median,40,[   0  111  250  483  556  754  891  970 1064 1464 1528],10,400,64,152.8,19536.820625898963,17.49712173822613,-0.058277565567007736,25.76834617376726,4.980752146115883,0.20447076215697724,46.74319704828776,2.036622610681563,0.9215973477641656,0.9263526734992291,0.9369873459095959
1079,60,35,20,Mode,40,[   0  111  250  483  556  754  891  970 1064 1464 1528],10,400,64,152.8,19536.820625898963,17.49712173822613,-0.058277565567007736,25.76834617376726,4.980752146115883,0.20447076215697724,46.74319704828776,2.036622610681563,0.9215973477641656,0.9263526734992291,0.9369873459095959
1080,60,35,20,Median,40,[   0  111  250  483  556  754  891  970 1064 1464 1528],10,400,64,152.8,19536.820625898963,17.49712173822613,-0.058277565567007736,25.76834617376726,4.980752146115883,0.20447076215697724,46.74319704828776,2.036622610681563,0.9215973477641656,0.9263526734992291,0.9369873459095959
1081,60,35,20,Mode,40,[   0  111  250  483  556  754  891  970 1064 1464 1528],10,400,64,152.8,19536.820625898963,17.49712173822613,-0.058277565567007736,25.76834617376726,4.980752146115883,0.20447076215697724,46.74319704828776,2.036622610681563,0.9215973477641656,0.9263526734992291,0.9369873459095959
1082,60,35,20,Median,40,[   0  111  247  483  556  754  891  970 1064 1464 1528],10,400,64,152.8,19517.12877786804,17.502751493647846,-0.05736425264086354,25.756099834006093,5.099668467871309,0.20357804883274627,46.499287076954374,2.0326178313426966,0.9182903397504252,0.9226115394037607,0.9337749176858429
1083,60,35,20,Mode,40,[   0  111  250  483  556  754  891  970 1064 1464 1528],10,400,64,152.8,19536.820625898963,17.49712173822613,-0.058277565567007736,25.76834617376726,4.980752146115883,0.20447076215697724,46.74319704828776,2.036622610681563,0.9215973477641656,0.9263526734992291,0.9369873459095959
1084,60,35,20,Median,40,[   0  111  247  460  556  754  891  970 1064 1464 1528],10,400,64,152.8,19503.11203010893,17.10718602747131,-0.06203382954867913,25.809193649068806,4.63180531057645,0.1990758139138271,46.858240476075544,2.095981402295919,0.9047269836538812,0.9013531151434364,0.9155980780825165
1085,60,35,20,Mode,40,[   0  111  250  460  556  754  891  970 1064 1464 1528],10,400,64,152.8,19538.515291339587,17.10848785499545,-0.06317196043820657,25.834129789577617,4.551036714704912,0.20002217758374988,47.17293986581785,2.0986561139697617,0.9079729247629194,0.9048815437105338,0.9186367217317936
1086,60,35,20,Median,40,[   0  111  221  460  556  754  891  970 1064 1464 1528],10,400,64,152.8,19412.074302216606,17.22303952408793,-0.05996523926714476,25.911629564331406,5.0980138121330105,0.19575772884203432,46.18763944319431,2.0655058275877693,0.9011346089055526,0.8980622937572462,0.9129016292931399
1087,60,35,20,Mode,40,[   0  111  221  460  556  754  891  970 1064 1464 1528],10,400,64,152.8,19412.074302216606,17.22303952408793,-0.05996523926714476,25.911629564331406,5.0980138121330105,0.19575772884203432,46.18763944319431,2.0655058275877693,0.9011346089055526,0.8980622937572462,0.9129016292931399
1088,60,35,20,Median,40,[   0  111  221  460  556  754  891  970 1064 1464 1528],10,400,64,152.8,19412.074302216606,17.22303952408793,-0.05996523926714476,25.911629564331406,5.0980138121330105,0.19575772884203432,46.18763944319431,2.0655058275877693,0.9011346089055526,0.8980622937572462,0.9129016292931399
1089,60,35,20,Mode,40,[   0  111  221  460  556  754  891  970 1064 1464 1528],10,400,64,152.8,19412.074302216606,17.22303952408793,-0.05996523926714476,25.911629564331406,5.0980138121330105,0.19575772884203432,46.18763944319431,2.0655058275877693,0.9011346089055526,0.8980622937572462,0.9129016292931399
1090,60,35,20,Median,40,[   0  111  221  483  556  754  891  970 1064 1464 1528],10,400,64,152.8,19508.652497551957,17.661541183212492,-0.055886614515185715,25.925171814324504,5.501850468132633,0.2007556513010391,46.150040385815686,1.99300013804604,0.9150049630863174,0.9206589288321333,0.9322145452546862
1091,60,35,20,Mode,40,[   0  111  221  483  556  754  891  970 1064 1464 1528],10,400,64,152.8,19508.652497551957,17.661541183212492,-0.055886614515185715,25.925171814324504,5.501850468132633,0.2007556513010391,46.150040385815686,1.99300013804604,0.9150049630863174,0.9206589288321333,0.9322145452546862
1092,60,40,10,Median,40,[   0  483  891 1528],3,637,408,509.3333333333333,10150.70261239602,6.579377269797295,-0.011949489531709663,9.638332150025851,9.22126132713936,0.02657019339602934,13.311176354773227,6.039538774007635,0.927894254612666,0.9522057161309756,0.9687974902688796
1093,60,40,10,Mode,40,[   0  483 1064 1528],3,581,464,509.3333333333333,14909.93308986081,7.415409027009014,-0.009486391222875238,17.21894340470619,6.536529386585069,0.037368277983609255,23.30654157131581,5.591338726114996,0.964799574643987,0.9777821796596795,0.9852446642291223
1094,60,40,10,Median,40,[   0  556 1064 1528],3,556,464,509.3333333333333,9885.57744469499,5.981460875259499,-0.019160305661256986,14.056715966978295,8.751500116512567,0.023565174532252074,16.147877261910196,7.587967490771097,0.9843692809869187,0.9921849344307133,0.994800151437243
1095,60,40,10,Mode,40,[   0  754 1064 1528],3,754,310,509.3333333333333,16089.644984973176,8.897591613956104,-0.00796115144397304,18.908278744491316,5.532037231475592,0.06931538130382259,23.80670104379495,4.68130211251453,0.9661726990443295,0.9818181683749323,0.9887034246815457
1096,60,40,10,Median,40,[   0  483  891 1064 1528],4,483,173,382.0,34082.1597876597,15.136003813910468,-0.014136537224938153,28.748496717135133,4.963235632180973,0.1376942275357632,66.70797924381382,3.0497087965179923,0.9409166458707875,0.9599803707864711,0.9709840317765999
1097,60,40,10,Mode,40,[   0  483  891 1064 1528],4,483,173,382.0,34082.1597876597,15.136003813910468,-0.014136537224938153,28.748496717135133,4.963235632180973,0.1376942275357632,66.70797924381382,3.0497087965179923,0.9409166458707875,0.9599803707864711,0.9709840317765999
1098,60,40,10,Median,40,[   0  483  754  891 1064 1528],5,483,137,305.6,33478.53774455573,17.393831257512726,-0.016304916729090832,29.495113382900975,4.983792931598373,0.18853383268074242,61.06687268212949,2.27029655465641,0.9377933369397697,0.9632231828005877,0.9722992476631597
1099,60,40,10,Mode,40,[   0  483  754  891 1064 1528],5,483,137,305.6,33478.53774455573,17.393831257512726,-0.016304916729090832,29.495113382900975,4.983792931598373,0.18853383268074242,61.06687268212949,2.27029655465641,0.9377933369397697,0.9632231828005877,0.9722992476631597
1100,60,40,10,Median,40,[   0  483  556  754  891 1064 1528],6,483,73,254.66666666666666,27611.522649178194,17.726624538235427,-0.04211794788380553,26.46338059350262,4.695901467854914,0.17998559335568554,50.503323106302325,2.0338680952577364,0.9403921725297061,0.9661750586094279,0.9741591074437496
1101,60,40,10,Mode,40,[   0  483  556  754  891 1064 1528],6,483,73,254.66666666666666,27611.522649178194,17.726624538235427,-0.04211794788380553,26.46338059350262,4.695901467854914,0.17998559335568554,50.503323106302325,2.0338680952577364,0.9403921725297061,0.9661750586094279,0.9741591074437496
1102,60,40,10,Median,40,[   0  332  483  556  754  891 1064 1528],7,464,73,218.28571428571428,26427.83528249367,17.614782678236228,-0.07676875349968713,25.638353184750258,4.9442395628513225,0.1841552536434278,55.36440279069848,2.1195881252578066,0.927515795374075,0.9487524387409786,0.9586449526531239
1103,60,40,10,Mode,40,[   0  322  483  556  754  891 1064 1528],7,464,73,218.28571428571428,26364.12975287795,17.5146110066736,-0.07456538551716783,25.568331467789026,4.982767637253408,0.18318708465992403,55.231296472215796,2.144327363516984,0.9188184410677084,0.9363488728849272,0.9486228334104914
1104,60,40,10,Median,40,[   0  332  483  556  754  891 1064 1528],7,464,73,218.28571428571428,26427.83528249367,17.614782678236228,-0.07676875349968713,25.638353184750258,4.9442395628513225,0.1841552536434278,55.36440279069848,2.1195881252578066,0.927515795374075,0.9487524387409786,0.9586449526531239
1105,60,40,10,Mode,40,[   0  322  483  556  754  891 1064 1528],7,464,73,218.28571428571428,26364.12975287795,17.5146110066736,-0.07456538551716783,25.568331467789026,4.982767637253408,0.18318708465992403,55.231296472215796,2.144327363516984,0.9188184410677084,0.9363488728849272,0.9486228334104914
1106,60,40,10,Median,40,[   0  332  460  556  735  891 1064 1528],7,464,96,218.28571428571428,26725.870910397236,17.108030803968234,-0.08432536748690146,26.094668542768844,5.173702474614797,0.17070896366572397,55.79584033979486,2.1764771239031053,0.9071690255955678,0.9322420943262908,0.9451604564682021
1107,60,40,10,Mode,40,[   0  322  460  556  736  891 1064 1528],7,464,96,218.28571428571428,26612.74113460862,16.957828192863452,-0.08113801078768802,25.975146377404844,5.179675422236957,0.16932136195841882,55.47512239765026,2.2057661256890544,0.8980387263636833,0.919554889527408,0.9348718940949562
1108,60,40,10,Median,40,[   0  332  483  556  735  891 1064 1528],7,464,73,218.28571428571428,26488.793573198822,17.423242917129866,-0.0766069177234472,25.79290685891781,5.099053606077038,0.17751171033789492,55.6351770798075,2.1267752748264876,0.9205230812070667,0.9420629860547803,0.9531210094439271
1109,60,40,10,Mode,40,[   0  322  483  556  736  891 1064 1528],7,464,73,218.28571428571428,26477.32558441881,17.34870697812301,-0.07428992630515344,25.74816358342884,5.098904851643939,0.17735176249887238,55.58623902975135,2.14799497303833,0.9110322610120924,0.9288212295982778,0.9423867501938247
1110,60,40,10,Median,40,[   0  332  483  556  735  891 1064 1528],7,464,73,218.28571428571428,26488.793573198822,17.423242917129866,-0.0766069177234472,25.79290685891781,5.099053606077038,0.17751171033789492,55.6351770798075,2.1267752748264876,0.9205230812070667,0.9420629860547803,0.9531210094439271
1111,60,40,10,Mode,40,[   0  322  483  556  736  891 1064 1528],7,464,73,218.28571428571428,26477.32558441881,17.34870697812301,-0.07428992630515344,25.74816358342884,5.098904851643939,0.17735176249887238,55.58623902975135,2.14799497303833,0.9110322610120924,0.9288212295982778,0.9423867501938247
1112,60,40,10,Median,40,[   0  332  483  556  735  891 1064 1528],7,464,73,218.28571428571428,26488.793573198822,17.423242917129866,-0.0766069177234472,25.79290685891781,5.099053606077038,0.17751171033789492,55.6351770798075,2.1267752748264876,0.9205230812070667,0.9420629860547803,0.9531210094439271
1113,60,40,10,Mode,40,[   0  322  483  556  736  891 1064 1528],7,464,73,218.28571428571428,26477.32558441881,17.34870697812301,-0.07428992630515344,25.74816358342884,5.098904851643939,0.17735176249887238,55.58623902975135,2.14799497303833,0.9110322610120924,0.9288212295982778,0.9423867501938247
1114,60,40,10,Median,40,[   0  332  483  556  735  891 1064 1528],7,464,73,218.28571428571428,26488.793573198822,17.423242917129866,-0.0766069177234472,25.79290685891781,5.099053606077038,0.17751171033789492,55.6351770798075,2.1267752748264876,0.9205230812070667,0.9420629860547803,0.9531210094439271
1115,60,40,10,Mode,40,[   0  322  483  556  736  891 1064 1528],7,464,73,218.28571428571428,26477.32558441881,17.34870697812301,-0.07428992630515344,25.74816358342884,5.098904851643939,0.17735176249887238,55.58623902975135,2.14799497303833,0.9110322610120924,0.9288212295982778,0.9423867501938247
1116,60,40,10,Median,40,[   0  332  483  556  735  891 1064 1528],7,464,73,218.28571428571428,26488.793573198822,17.423242917129866,-0.0766069177234472,25.79290685891781,5.099053606077038,0.17751171033789492,55.6351770798075,2.1267752748264876,0.9205230812070667,0.9420629860547803,0.9531210094439271
1117,60,40,10,Mode,40,[   0  322  483  556  736  891 1064 1528],7,464,73,218.28571428571428,26477.32558441881,17.34870697812301,-0.07428992630515344,25.74816358342884,5.098904851643939,0.17735176249887238,55.58623902975135,2.14799497303833,0.9110322610120924,0.9288212295982778,0.9423867501938247
1118,60,40,10,Median,40,[   0  343  483  556  735  891 1064 1528],7,464,73,218.28571428571428,26280.246383217844,17.430568733524265,-0.0786806111941627,25.70412003655288,5.114014791756104,0.17704014588670644,55.077313765879836,2.115713555065333,0.9329565103334898,0.9563766544129836,0.9647185843683013
1119,60,40,10,Mode,40,[   0  343  483  556  736  891 1064 1528],7,464,73,218.28571428571428,26332.48392405355,17.45620446608003,-0.07862500136861517,25.729472635136304,5.102021494250932,0.17784836703118767,55.161482034306374,2.112194015017998,0.9321208067892571,0.9556291238726673,0.9641138541597093
1120,60,40,15,Median,40,[   0  466  891 1528],3,637,425,509.3333333333333,10803.2378677039,6.737199484704357,-0.01177168323065261,10.273878270396027,8.959244829997166,0.028702722514010022,14.121740040150877,5.902824880589359,0.8941017169093846,0.9246305822037255,0.9507594057716775
1121,60,40,15,Mode,40,[   0  483 1064 1528],3,581,464,509.3333333333333,14909.93308986081,7.415409027009014,-0.009486391222875238,17.21894340470619,6.536529386585069,0.037368277983609255,23.30654157131581,5.591338726114996,0.964799574643987,0.9777821796596795,0.9852446642291223
1122,60,40,15,Median,40,[   0  466  891 1064 1528],4,466,173,382.0,34433.82755413687,15.200619833732604,-0.013570486836586524,29.209485300662525,4.8454803230291255,0.13883808678656032,67.32614632993693,2.9766700833788193,0.9134529045667938,0.9286170705593899,0.9482054950018091
1123,60,40,15,Mode,40,[   0  483  891 1064 1528],4,483,173,382.0,34082.1597876597,15.136003813910468,-0.014136537224938153,28.748496717135133,4.963235632180973,0.1376942275357632,66.70797924381382,3.0497087965179923,0.9409166458707875,0.9599803707864711,0.9709840317765999
1124,60,40,15,Median,40,[   0  111  483  891 1064 1528],5,464,111,305.6,31027.47946906225,15.454255886990952,-0.041140337528614165,30.46726262738019,4.734642464697137,0.17480254808379322,56.081412075434244,3.0912139850441864,0.905590453787001,0.9218313885075092,0.9409476321746041
1125,60,40,15,Mode,40,[   0  111  483  891 1064 1528],5,464,111,305.6,31027.47946906225,15.454255886990952,-0.041140337528614165,30.46726262738019,4.734642464697137,0.17480254808379322,56.081412075434244,3.0912139850441864,0.905590453787001,0.9218313885075092,0.9409476321746041
1126,60,40,15,Median,40,[   0  111  483  891 1064 1451 1528],6,408,77,254.66666666666666,25663.472738337958,14.754240414367562,-0.04689944647411524,27.323725581513337,4.777567016936282,0.19011800272746396,50.02046181412313,3.0611994723360096,0.910962239186464,0.9147638401798953,0.9334526356818394
1127,60,40,15,Mode,40,[   0  111  483  891 1064 1451 1528],6,408,77,254.66666666666666,25663.472738337958,14.754240414367562,-0.04689944647411524,27.323725581513337,4.777567016936282,0.19011800272746396,50.02046181412313,3.0611994723360096,0.910962239186464,0.9147638401798953,0.9334526356818394
1128,60,40,15,Median,40,[   0  111  483  754  891 1064 1451 1528],7,387,77,218.28571428571428,26713.21617305756,16.38887347309871,-0.03241969078446155,28.38740947538072,4.561341286251059,0.22260508615134236,52.092311397109285,2.48739106242718,0.9109582303118028,0.9128010627547577,0.9297828301690068
1129,60,40,15,Mode,40,[   0  111  483  754  891 1064 1451 1528],7,387,77,218.28571428571428,26713.21617305756,16.38887347309871,-0.03241969078446155,28.38740947538072,4.561341286251059,0.22260508615134236,52.092311397109285,2.48739106242718,0.9109582303118028,0.9128010627547577,0.9297828301690068
1130,60,40,15,Median,40,[   0  250  483  754  891 1064 1451 1528],7,387,77,218.28571428571428,27466.906557166858,16.385671890970666,-0.05498722633949376,27.372051828240522,6.204537804400487,0.19392160815210138,55.63271953874801,2.284213572370092,0.9414491182517909,0.9517489111991368,0.9599521694308454
1131,60,40,15,Mode,40,[   0  111  247  483  754  891 1064 1451 1528],8,387,77,191.0,25497.626280899134,16.618438711144197,-0.06247228272642291,27.73106567240162,5.984975507680142,0.19615101879106783,53.94273860469216,2.272709551885395,0.9147744978990325,0.921892142848658,0.9342386540618387
1132,60,40,15,Median,40,[   0  250  483  556  754  891 1064 1451 1528],8,387,73,191.0,24441.104533348647,16.88905986994641,-0.06725905519680772,25.62141273123282,5.805035920720321,0.20595603373211802,53.804001373554364,2.221348227675982,0.9433534590078433,0.954555728793693,0.961790272368482
1133,60,40,15,Mode,40,[   0  111  247  483  556  754  891 1064 1451 1528],9,387,73,169.77777777777777,23108.543652726963,17.032097903259686,-0.06084336105577336,26.21932624874229,5.510014025204488,0.2060375142513115,52.46803958631445,2.2166086675455445,0.9178002006616974,0.9228200248886957,0.934187477698702
1134,60,40,15,Median,40,[   0  111  250  483  556  754  891 1064 1451 1528],9,387,73,169.77777777777777,23130.69698176175,17.025764428410255,-0.06126388967960419,26.2327650312079,5.381577407150361,0.20704181674107133,52.742438304064514,2.2211140443017685,0.9212035927361352,0.926499501064796,0.9373366413094891
1135,60,40,15,Mode,40,[   0  111  247  483  556  754  891 1064 1451 1528],9,387,73,169.77777777777777,23108.543652726963,17.032097903259686,-0.06084336105577336,26.21932624874229,5.510014025204488,0.2060375142513115,52.46803958631445,2.2166086675455445,0.9178002006616974,0.9228200248886957,0.934187477698702
1136,60,40,15,Median,40,[   0  111  247  483  556  754  891 1064 1451 1528],9,387,73,169.77777777777777,23108.543652726963,17.032097903259686,-0.06084336105577336,26.21932624874229,5.510014025204488,0.2060375142513115,52.46803958631445,2.2166086675455445,0.9178002006616974,0.9228200248886957,0.934187477698702
1137,60,40,15,Mode,40,[   0  111  247  483  556  754  891 1064 1451 1528],9,387,73,169.77777777777777,23108.543652726963,17.032097903259686,-0.06084336105577336,26.21932624874229,5.510014025204488,0.2060375142513115,52.46803958631445,2.2166086675455445,0.9178002006616974,0.9228200248886957,0.934187477698702
1138,60,40,15,Median,40,[   0  111  247  483  556  754  891 1064 1451 1528],9,387,73,169.77777777777777,23108.543652726963,17.032097903259686,-0.06084336105577336,26.21932624874229,5.510014025204488,0.2060375142513115,52.46803958631445,2.2166086675455445,0.9178002006616974,0.9228200248886957,0.934187477698702
1139,60,40,15,Mode,40,[   0  111  247  483  556  754  891 1064 1451 1528],9,387,73,169.77777777777777,23108.543652726963,17.032097903259686,-0.06084336105577336,26.21932624874229,5.510014025204488,0.2060375142513115,52.46803958631445,2.2166086675455445,0.9178002006616974,0.9228200248886957,0.934187477698702
1140,60,40,15,Median,40,[   0  111  247  460  556  754  891 1064 1451 1528],9,387,77,169.77777777777777,23092.774811497962,16.587086753811082,-0.06499763331718848,26.27758972533408,4.9227604647722965,0.20097249996752742,52.87186216032577,2.2878926848679195,0.9038446273879925,0.9019262459314039,0.916385575269961
1141,60,40,15,Mode,40,[   0  111  247  460  556  754  891 1064 1451 1528],9,387,77,169.77777777777777,23092.774811497962,16.587086753811082,-0.06499763331718848,26.27758972533408,4.9227604647722965,0.20097249996752742,52.87186216032577,2.2878926848679195,0.9038446273879925,0.9019262459314039,0.916385575269961
1142,60,40,15,Median,40,[   0  111  247  460  556  735  891 1064 1451 1528],9,387,77,169.77777777777777,23152.191618847908,16.446704287534246,-0.06471445260665185,26.40132100629163,5.033067002816585,0.19621802268151675,53.13727161712318,2.3034783615980556,0.8978343431522148,0.8931104475585523,0.9086069292858285
1143,60,40,15,Mode,40,[   0  111  247  460  556  736  891 1064 1451 1528],9,387,77,169.77777777777777,23190.862435339397,16.465765920300466,-0.06458492342977441,26.42163093067376,5.024257701431259,0.196809236758548,53.196876196463165,2.3006650411806664,0.8971077533008633,0.8921720773199242,0.9078020235598739
1144,60,40,15,Median,40,[   0  111  247  483  556  735  891 1064 1451 1528],9,387,73,169.77777777777777,23154.26237075583,16.888443082429916,-0.06050174960819437,26.34299081659487,5.6137500488341106,0.2010548567721618,52.67112030314621,2.2219990297220553,0.9117249787085911,0.914236623887235,0.9266830548976889
1145,60,40,15,Mode,40,[   0  111  247  483  556  736  891 1064 1451 1528],9,387,73,169.77777777777777,23193.440526382612,16.907669881846736,-0.060373547439475594,26.3632897866795,5.605095116677131,0.20166102263052274,52.734246504466114,2.219359374686554,0.9109960676515376,0.9133044316141241,0.9258853251170139
1146,60,40,15,Median,40,[   0  111  247  483  556  735  891 1064 1451 1528],9,387,73,169.77777777777777,23154.26237075583,16.888443082429916,-0.06050174960819437,26.34299081659487,5.6137500488341106,0.2010548567721618,52.67112030314621,2.2219990297220553,0.9117249787085911,0.914236623887235,0.9266830548976889
1147,60,40,15,Mode,40,[   0  111  247  483  556  736  891 1064 1451 1528],9,387,73,169.77777777777777,23193.440526382612,16.907669881846736,-0.060373547439475594,26.3632897866795,5.605095116677131,0.20166102263052274,52.734246504466114,2.219359374686554,0.9109960676515376,0.9133044316141241,0.9258853251170139
1148,60,40,20,Median,40,[   0  460  891 1528],3,637,431,509.3333333333333,10650.224352721189,6.673913375381636,-0.012578120379912497,10.206576275914774,8.8988583778552,0.02797712349898339,13.920540990949494,5.961862211854724,0.8841583229215031,0.9151587505085274,0.944561823378077
1149,60,40,20,Mode,40,[   0  483  891 1528],3,637,408,509.3333333333333,10150.70261239602,6.579377269797295,-0.011949489531709663,9.638332150025851,9.22126132713936,0.02657019339602934,13.311176354773227,6.039538774007635,0.927894254612666,0.9522057161309756,0.9687974902688796
1150,60,40,20,Median,40,[   0  460  891 1464 1528],4,573,64,382.0,14428.322530945572,10.781484729864664,-0.011874062860426887,14.338471649062793,6.8033390396796465,0.08192389311248431,23.924969904798473,4.2364662378903875,0.8867325050690046,0.9080352053025075,0.9370713352248586
1151,60,40,20,Mode,40,[   0  483  891 1464 1528],4,573,64,382.0,14087.999145327763,10.724113122440157,-0.0114301928954159,13.948726045401877,7.00033597024931,0.08116675531811035,23.47575432098021,4.29053275769402,0.9256975678949043,0.9468935114460596,0.9636950858948599
1152,60,40,20,Median,40,[   0  214  556 1021 1464 1528],5,465,64,305.6,8758.734905351248,8.407432618174292,-0.05405999923307431,13.159379313420077,8.511808542376556,0.07173561150805938,12.411988344904426,6.542468774428502,0.9526756588976477,0.9673872014869388,0.9754614155809812
1153,60,40,20,Mode,40,[   0  111  754  891 1464 1528],5,643,64,305.6,18316.32830960196,14.189005725752146,-0.014907811516213126,21.406438853176414,4.658810609260744,0.1952825480596423,28.862437809307234,3.12515333020413,0.8807822082362573,0.9133283939490411,0.9441918939515523
1154,60,40,20,Median,40,[   0  195  483  886 1064 1464 1528],6,403,64,254.66666666666666,25346.908351163533,14.577842860710016,-0.056125172439657,26.225936931936914,6.425003281003573,0.14661620119712193,48.29523536834884,2.72748790794388,0.9494478429528693,0.9569223208501466,0.9657174788519544
1155,60,40,20,Mode,40,[   0  111  483  891 1064 1464 1528],6,408,64,254.66666666666666,26097.138717895446,15.174639756736454,-0.04101350190082117,27.82777045490972,4.632948292473693,0.1820841195954917,48.92034923860773,2.951187626692124,0.9048631839450635,0.9123926799420077,0.9319797696751512
1156,60,40,20,Median,40,[   0  195  483  754  891 1064 1464 1528],7,400,64,218.28571428571428,27328.668590155692,16.51212378090057,-0.04242979226721911,27.676798027569237,6.209228125836674,0.19517173741821284,53.4561617777249,2.287177003473848,0.9408166467121224,0.9515539227695669,0.9601151377632768
1157,60,40,20,Mode,40,[   0  111  483  754  891 1064 1464 1528],7,400,64,218.28571428571428,27074.60448935546,16.73920625840612,-0.02655144896219398,28.824476085600175,4.608130650329083,0.2159101835413655,51.175550917513114,2.3957145243906086,0.9054060890508465,0.9103351184317792,0.9281973793215141
1158,60,40,20,Median,40,[   0  111  247  483  754  891 1064 1464 1528],8,400,64,191.0,25807.38769486876,16.918723955693405,-0.06029131905085165,28.11612113542796,5.886165423508287,0.19041253083965912,53.15694390789544,2.1941296621397623,0.9097425513337426,0.9190285935557679,0.9321841225867761
1159,60,40,20,Mode,40,[   0  111  221  483  754  891 1064 1464 1528],8,400,64,191.0,25795.166685392844,17.1222031246854,-0.062336034236040117,28.325100467966546,6.247232633633004,0.18781669735595793,53.114487848233,2.1548267234803333,0.9061256085917614,0.9172529160489366,0.9308309436484528
1160,60,40,20,Median,40,[   0  111  247  466  556  754  891 1064 1464 1528],9,400,64,169.77777777777777,23555.712151908487,17.02583034506133,-0.062150184948541326,26.815802953862242,4.921139765017109,0.19899672909118554,52.88036556947404,2.186795588592135,0.9019160350731116,0.904371691044819,0.9189028048085364
1161,60,40,20,Mode,40,[   0  111  221  483  556  754  891 1064 1464 1528],9,400,64,169.77777777777777,23370.049074594797,17.473485893000472,-0.05948299612528571,26.74838145553123,5.790010965154348,0.19784114007065826,51.38756669908631,2.103281359059377,0.9095949917499848,0.9179487929234555,0.9305102782100475
1162,60,40,20,Median,40,[   0  111  247  466  556  754  891 1064 1464 1528],9,400,64,169.77777777777777,23555.712151908487,17.02583034506133,-0.062150184948541326,26.815802953862242,4.921139765017109,0.19899672909118554,52.88036556947404,2.186795588592135,0.9019160350731116,0.904371691044819,0.9189028048085364
1163,60,40,20,Mode,40,[   0  111  221  483  556  754  891 1064 1464 1528],9,400,64,169.77777777777777,23370.049074594797,17.473485893000472,-0.05948299612528571,26.74838145553123,5.790010965154348,0.19784114007065826,51.38756669908631,2.103281359059377,0.9095949917499848,0.9179487929234555,0.9305102782100475
1164,60,40,20,Median,40,[   0  111  247  466  556  754  891 1064 1464 1528],9,400,64,169.77777777777777,23555.712151908487,17.02583034506133,-0.062150184948541326,26.815802953862242,4.921139765017109,0.19899672909118554,52.88036556947404,2.186795588592135,0.9019160350731116,0.904371691044819,0.9189028048085364
1165,60,40,20,Mode,40,[   0  111  221  483  556  754  891 1064 1464 1528],9,400,64,169.77777777777777,23370.049074594797,17.473485893000472,-0.05948299612528571,26.74838145553123,5.790010965154348,0.19784114007065826,51.38756669908631,2.103281359059377,0.9095949917499848,0.9179487929234555,0.9305102782100475
1166,60,40,20,Median,40,[   0  111  247  466  556  754  891  987 1064 1464 1528],10,400,64,152.8,19433.08986573707,17.212704532756632,-0.06268685993988259,25.779252816736935,4.650650845885935,0.20076023132327944,46.23780767612571,2.076329500806876,0.8947295316713432,0.8983107763411134,0.9129661292881729
1167,60,40,20,Mode,40,[   0  111  221  483  556  754  891  970 1064 1464 1528],10,400,64,152.8,19508.652497551957,17.661541183212492,-0.055886614515185715,25.925171814324504,5.501850468132633,0.2007556513010391,46.150040385815686,1.99300013804604,0.9150049630863174,0.9206589288321333,0.9322145452546862
1168,60,40,20,Median,40,[   0  111  247  460  556  754  891  987 1064 1464 1528],10,400,64,152.8,19262.515551792985,17.05626541962802,-0.06389277664046948,25.602405609862284,4.61843294829808,0.19805320369559876,45.61907543715203,2.10507589436097,0.8919001437594227,0.8931007900712659,0.908509012734909
1169,60,40,20,Mode,40,[   0  111  221  460  556  754  891  970 1064 1464 1528],10,400,64,152.8,19412.074302216606,17.22303952408793,-0.05996523926714476,25.911629564331406,5.0980138121330105,0.19575772884203432,46.18763944319431,2.0655058275877693,0.9011346089055526,0.8980622937572462,0.9129016292931399
1170,60,40,20,Median,40,[   0  111  247  460  556  754  891  970 1064 1464 1528],10,400,64,152.8,19503.11203010893,17.10718602747131,-0.06203382954867913,25.809193649068806,4.63180531057645,0.1990758139138271,46.858240476075544,2.095981402295919,0.9047269836538812,0.9013531151434364,0.9155980780825165
1171,60,40,20,Mode,40,[   0  111  221  460  556  754  891  970 1064 1464 1528],10,400,64,152.8,19412.074302216606,17.22303952408793,-0.05996523926714476,25.911629564331406,5.0980138121330105,0.19575772884203432,46.18763944319431,2.0655058275877693,0.9011346089055526,0.8980622937572462,0.9129016292931399
1172,60,40,20,Median,40,[   0  111  221  460  556  754  891  987 1064 1464 1528],10,400,64,152.8,19171.477823900663,17.17211891624464,-0.06139894941897202,25.70462374151829,5.054521425026191,0.19473511862380596,44.94847440427078,2.0746003196528204,0.8882578083957162,0.8899025190994483,0.9059087104568763
1173,60,40,20,Mode,40,[   0  111  221  460  556  754  891  970 1064 1464 1528],10,400,64,152.8,19412.074302216606,17.22303952408793,-0.05996523926714476,25.911629564331406,5.0980138121330105,0.19575772884203432,46.18763944319431,2.0655058275877693,0.9011346089055526,0.8980622937572462,0.9129016292931399
1174,60,40,20,Median,40,[   0  111  221  460  556  754  891  970 1064 1464 1528],10,400,64,152.8,19412.074302216606,17.22303952408793,-0.05996523926714476,25.911629564331406,5.0980138121330105,0.19575772884203432,46.18763944319431,2.0655058275877693,0.9011346089055526,0.8980622937572462,0.9129016292931399
1175,60,40,20,Mode,40,[   0  111  221  460  556  754  891  970 1064 1464 1528],10,400,64,152.8,19412.074302216606,17.22303952408793,-0.05996523926714476,25.911629564331406,5.0980138121330105,0.19575772884203432,46.18763944319431,2.0655058275877693,0.9011346089055526,0.8980622937572462,0.9129016292931399
1176,60,45,10,Median,40,[   0  460  891 1528],3,637,431,509.3333333333333,10650.224352721189,6.673913375381636,-0.012578120379912497,10.206576275914774,8.8988583778552,0.02797712349898339,13.920540990949494,5.961862211854724,0.8841583229215031,0.9151587505085274,0.944561823378077
1177,60,45,10,Mode,40,[   0  483 1064 1528],3,581,464,509.3333333333333,14909.93308986081,7.415409027009014,-0.009486391222875238,17.21894340470619,6.536529386585069,0.037368277983609255,23.30654157131581,5.591338726114996,0.964799574643987,0.9777821796596795,0.9852446642291223
1178,60,45,10,Median,40,[   0  556 1064 1528],3,556,464,509.3333333333333,9885.57744469499,5.981460875259499,-0.019160305661256986,14.056715966978295,8.751500116512567,0.023565174532252074,16.147877261910196,7.587967490771097,0.9843692809869187,0.9921849344307133,0.994800151437243
1179,60,45,10,Mode,40,[   0  754 1064 1528],3,754,310,509.3333333333333,16089.644984973176,8.897591613956104,-0.00796115144397304,18.908278744491316,5.532037231475592,0.06931538130382259,23.80670104379495,4.68130211251453,0.9661726990443295,0.9818181683749323,0.9887034246815457
1180,60,45,10,Median,40,[   0  483  890 1064 1528],4,483,174,382.0,33902.281607789744,15.075234630415714,-0.014467775470813668,28.620987859808118,4.969750195269356,0.13631175787441474,66.32899105680123,3.056808854583729,0.942295785635241,0.9611414266213821,0.9718209806605109
1181,60,45,10,Mode,40,[   0  483  891 1064 1528],4,483,173,382.0,34082.1597876597,15.136003813910468,-0.014136537224938153,28.748496717135133,4.963235632180973,0.1376942275357632,66.70797924381382,3.0497087965179923,0.9409166458707875,0.9599803707864711,0.9709840317765999
1182,60,45,10,Median,40,[   0  483  754  891 1064 1528],5,483,137,305.6,33478.53774455573,17.393831257512726,-0.016304916729090832,29.495113382900975,4.983792931598373,0.18853383268074242,61.06687268212949,2.27029655465641,0.9377933369397697,0.9632231828005877,0.9722992476631597
1183,60,45,10,Mode,40,[   0  483  754  891 1064 1528],5,483,137,305.6,33478.53774455573,17.393831257512726,-0.016304916729090832,29.495113382900975,4.983792931598373,0.18853383268074242,61.06687268212949,2.27029655465641,0.9377933369397697,0.9632231828005877,0.9722992476631597
1184,60,45,10,Median,40,[   0  462  556  754  891 1064 1528],6,464,94,254.66666666666666,26990.114997669596,16.756366891002415,-0.04233815592566591,26.17876138827909,4.761401183800417,0.1663524049966519,49.22517198457525,2.2062409716586253,0.9203550546126088,0.9396125813177689,0.9538748554665544
1185,60,45,10,Mode,40,[   0  483  556  754  891 1064 1528],6,483,73,254.66666666666666,27611.522649178194,17.726624538235427,-0.04211794788380553,26.46338059350262,4.695901467854914,0.17998559335568554,50.503323106302325,2.0338680952577364,0.9403921725297061,0.9661750586094279,0.9741591074437496
1186,60,45,10,Median,40,[   0  343  466  556  754  891 1064 1528],7,464,90,218.28571428571428,26625.630824728505,17.504233040776242,-0.08658764786423497,26.026227884143058,4.981775065746939,0.18087516973898418,55.764132492164286,2.1105723670608527,0.9289176795402675,0.9550163890141372,0.9637020937587897
1187,60,45,10,Mode,40,[   0  343  483  556  754  891 1064 1528],7,464,73,218.28571428571428,26219.288092512692,17.622108494630627,-0.07878260760486708,25.54966458438624,5.037606500195733,0.18368368919223932,54.80653947677083,2.1085264054966513,0.9400054107946842,0.9629659916033181,0.9701225311941032
1188,60,45,10,Median,40,[   0  343  466  556  754  891 1064 1528],7,464,90,218.28571428571428,26625.630824728505,17.504233040776242,-0.08658764786423497,26.026227884143058,4.981775065746939,0.18087516973898418,55.764132492164286,2.1105723670608527,0.9289176795402675,0.9550163890141372,0.9637020937587897
1189,60,45,10,Mode,40,[   0  343  483  556  754  891 1064 1528],7,464,73,218.28571428571428,26219.288092512692,17.622108494630627,-0.07878260760486708,25.54966458438624,5.037606500195733,0.18368368919223932,54.80653947677083,2.1085264054966513,0.9400054107946842,0.9629659916033181,0.9701225311941032
1190,60,45,10,Median,40,[   0  343  466  556  736  891 1064 1528],7,464,90,218.28571428571428,26746.03376613351,17.341746105234986,-0.08656188779826403,26.20665081318737,5.138366123661234,0.1752240191668142,56.15969650550746,2.122184695234082,0.9210838540080024,0.9476268670206318,0.9576319497201196
1191,60,45,10,Mode,40,[   0  343  483  556  736  891 1064 1528],7,464,73,218.28571428571428,26332.48392405355,17.45620446608003,-0.07862500136861517,25.729472635136304,5.102021494250932,0.17784836703118767,55.161482034306374,2.112194015017998,0.9321208067892571,0.9556291238726673,0.9641138541597093
1192,60,45,10,Median,40,[   0  343  466  556  736  891 1064 1528],7,464,90,218.28571428571428,26746.03376613351,17.341746105234986,-0.08656188779826403,26.20665081318737,5.138366123661234,0.1752240191668142,56.15969650550746,2.122184695234082,0.9210838540080024,0.9476268670206318,0.9576319497201196
1193,60,45,10,Mode,40,[   0  343  483  556  736  891 1064 1528],7,464,73,218.28571428571428,26332.48392405355,17.45620446608003,-0.07862500136861517,25.729472635136304,5.102021494250932,0.17784836703118767,55.161482034306374,2.112194015017998,0.9321208067892571,0.9556291238726673,0.9641138541597093
1194,60,45,10,Median,40,[   0  343  483  556  736  891 1064 1528],7,464,73,218.28571428571428,26332.48392405355,17.45620446608003,-0.07862500136861517,25.729472635136304,5.102021494250932,0.17784836703118767,55.161482034306374,2.112194015017998,0.9321208067892571,0.9556291238726673,0.9641138541597093
1195,60,45,10,Mode,40,[   0  343  483  556  736  891 1064 1528],7,464,73,218.28571428571428,26332.48392405355,17.45620446608003,-0.07862500136861517,25.729472635136304,5.102021494250932,0.17784836703118767,55.161482034306374,2.112194015017998,0.9321208067892571,0.9556291238726673,0.9641138541597093
1196,60,45,10,Median,40,[   0  343  483  556  736  891 1064 1528],7,464,73,218.28571428571428,26332.48392405355,17.45620446608003,-0.07862500136861517,25.729472635136304,5.102021494250932,0.17784836703118767,55.161482034306374,2.112194015017998,0.9321208067892571,0.9556291238726673,0.9641138541597093
1197,60,45,10,Mode,40,[   0  343  483  556  736  891 1064 1528],7,464,73,218.28571428571428,26332.48392405355,17.45620446608003,-0.07862500136861517,25.729472635136304,5.102021494250932,0.17784836703118767,55.161482034306374,2.112194015017998,0.9321208067892571,0.9556291238726673,0.9641138541597093
1198,60,45,10,Median,40,[   0  343  483  556  736  891 1064 1528],7,464,73,218.28571428571428,26332.48392405355,17.45620446608003,-0.07862500136861517,25.729472635136304,5.102021494250932,0.17784836703118767,55.161482034306374,2.112194015017998,0.9321208067892571,0.9556291238726673,0.9641138541597093
1199,60,45,10,Mode,40,[   0  343  483  556  736  891 1064 1528],7,464,73,218.28571428571428,26332.48392405355,17.45620446608003,-0.07862500136861517,25.729472635136304,5.102021494250932,0.17784836703118767,55.161482034306374,2.112194015017998,0.9321208067892571,0.9556291238726673,0.9641138541597093
1200,60,45,10,Median,40,[   0  343  483  556  736  891 1064 1528],7,464,73,218.28571428571428,26332.48392405355,17.45620446608003,-0.07862500136861517,25.729472635136304,5.102021494250932,0.17784836703118767,55.161482034306374,2.112194015017998,0.9321208067892571,0.9556291238726673,0.9641138541597093
1201,60,45,10,Mode,40,[   0  343  483  556  736  891 1064 1528],7,464,73,218.28571428571428,26332.48392405355,17.45620446608003,-0.07862500136861517,25.729472635136304,5.102021494250932,0.17784836703118767,55.161482034306374,2.112194015017998,0.9321208067892571,0.9556291238726673,0.9641138541597093
1202,60,45,10,Median,40,[   0  343  483  556  736  891 1064 1528],7,464,73,218.28571428571428,26332.48392405355,17.45620446608003,-0.07862500136861517,25.729472635136304,5.102021494250932,0.17784836703118767,55.161482034306374,2.112194015017998,0.9321208067892571,0.9556291238726673,0.9641138541597093
1203,60,45,10,Mode,40,[   0  343  483  556  736  891 1064 1528],7,464,73,218.28571428571428,26332.48392405355,17.45620446608003,-0.07862500136861517,25.729472635136304,5.102021494250932,0.17784836703118767,55.161482034306374,2.112194015017998,0.9321208067892571,0.9556291238726673,0.9641138541597093
1204,60,45,15,Median,40,[   0  460  891 1528],3,637,431,509.3333333333333,10650.224352721189,6.673913375381636,-0.012578120379912497,10.206576275914774,8.8988583778552,0.02797712349898339,13.920540990949494,5.961862211854724,0.8841583229215031,0.9151587505085274,0.944561823378077
1205,60,45,15,Mode,40,[   0  483 1064 1528],3,581,464,509.3333333333333,14909.93308986081,7.415409027009014,-0.009486391222875238,17.21894340470619,6.536529386585069,0.037368277983609255,23.30654157131581,5.591338726114996,0.964799574643987,0.9777821796596795,0.9852446642291223
1206,60,45,15,Median,40,[   0  460  890 1064 1528],4,464,174,382.0,34139.60157279295,15.097657055409805,-0.01448235195909672,29.03303123547281,4.857688530874594,0.13690969215706636,66.9028234001193,2.9964145982673833,0.9067718948548458,0.919042014522215,0.9412404516654355
1207,60,45,15,Mode,40,[   0  483  891 1064 1528],4,483,173,382.0,34082.1597876597,15.136003813910468,-0.014136537224938153,28.748496717135133,4.963235632180973,0.1376942275357632,66.70797924381382,3.0497087965179923,0.9409166458707875,0.9599803707864711,0.9709840317765999
1208,60,45,15,Median,40,[   0  111  483  890 1064 1528],5,464,111,305.6,30893.46318633842,15.408765073905444,-0.041529235547992274,30.367409224764693,4.737467593598749,0.1738077022057501,55.797585849757624,3.0964869972309104,0.9068342745513329,0.9230755797128597,0.9418862164311642
1209,60,45,15,Mode,40,[   0  111  483  891 1064 1528],5,464,111,305.6,31027.47946906225,15.454255886990952,-0.041140337528614165,30.46726262738019,4.734642464697137,0.17480254808379322,56.081412075434244,3.0912139850441864,0.905590453787001,0.9218313885075092,0.9409476321746041
1210,60,45,15,Median,40,[   0  111  483  890 1064 1451 1528],6,407,77,254.66666666666666,25558.160368185294,14.718026062963812,-0.047274190914006496,27.242448598539724,4.7803055643076275,0.1892927587449716,49.77320823359023,3.065438456541331,0.9121024147701079,0.9161034997433684,0.9344982514941667
1211,60,45,15,Mode,40,[   0  111  483  891 1064 1451 1528],6,408,77,254.66666666666666,25663.472738337958,14.754240414367562,-0.04689944647411524,27.323725581513337,4.777567016936282,0.19011800272746396,50.02046181412313,3.0611994723360096,0.910962239186464,0.9147638401798953,0.9334526356818394
1212,60,45,15,Median,40,[   0  111  483  754  891 1064 1451 1528],7,387,77,218.28571428571428,26713.21617305756,16.38887347309871,-0.03241969078446155,28.38740947538072,4.561341286251059,0.22260508615134236,52.092311397109285,2.48739106242718,0.9109582303118028,0.9128010627547577,0.9297828301690068
1213,60,45,15,Mode,40,[   0  111  483  754  891 1064 1451 1528],7,387,77,218.28571428571428,26713.21617305756,16.38887347309871,-0.03241969078446155,28.38740947538072,4.561341286251059,0.22260508615134236,52.092311397109285,2.48739106242718,0.9109582303118028,0.9128010627547577,0.9297828301690068
1214,60,45,15,Median,40,[   0  250  483  754  891 1064 1451 1528],7,387,77,218.28571428571428,27466.906557166858,16.385671890970666,-0.05498722633949376,27.372051828240522,6.204537804400487,0.19392160815210138,55.63271953874801,2.284213572370092,0.9414491182517909,0.9517489111991368,0.9599521694308454
1215,60,45,15,Mode,40,[   0  111  250  483  754  891 1064 1451 1528],8,387,77,191.0,25537.0404948078,16.613818240497313,-0.06258998102651184,27.746155360579532,5.839729992348375,0.19688170667376464,54.15825915001768,2.274965170700404,0.9183441218506987,0.9253456767958089,0.9371485899539932
1216,60,45,15,Median,40,[   0  250  466  556  754  891 1064 1451 1528],8,387,77,191.0,24619.658380019016,16.560793823807252,-0.07081028235728297,25.913150032748252,5.225468870935104,0.20046810830423686,54.20179557377718,2.2621644888613495,0.9316244782774218,0.9398216170143333,0.9494100009397763
1217,60,45,15,Mode,40,[   0  111  250  483  556  754  891 1064 1451 1528],9,387,73,169.77777777777777,23130.69698176175,17.025764428410255,-0.06126388967960419,26.2327650312079,5.381577407150361,0.20704181674107133,52.742438304064514,2.2211140443017685,0.9212035927361352,0.926499501064796,0.9373366413094891
1218,60,45,15,Median,40,[   0  111  250  466  556  754  891 1064 1451 1528],9,387,77,169.77777777777777,23321.556321426706,16.762916521965096,-0.06469500247354164,26.497158269983156,4.879447390218799,0.20508770601836795,53.9203498022522,2.258916686700845,0.9101228950481599,0.9105566297358805,0.9237586610171368
1219,60,45,15,Mode,40,[   0  111  250  483  556  754  891 1064 1451 1528],9,387,73,169.77777777777777,23130.69698176175,17.025764428410255,-0.06126388967960419,26.2327650312079,5.381577407150361,0.20704181674107133,52.742438304064514,2.2211140443017685,0.9212035927361352,0.926499501064796,0.9373366413094891
1220,60,45,15,Median,40,[   0  111  247  466  556  754  891 1064 1451 1528],9,387,77,169.77777777777777,23284.67091468506,16.76308075608077,-0.06409124200469252,26.472066899358623,4.96573154797046,0.2040179060486682,53.56793592917117,2.2555529921195636,0.9067657985788514,0.907031839852595,0.920734981507217
1221,60,45,15,Mode,40,[   0  111  250  483  556  754  891 1064 1451 1528],9,387,73,169.77777777777777,23130.69698176175,17.025764428410255,-0.06126388967960419,26.2327650312079,5.381577407150361,0.20704181674107133,52.742438304064514,2.2211140443017685,0.9212035927361352,0.926499501064796,0.9373366413094891
1222,60,45,15,Median,40,[   0  111  247  466  556  754  891 1064 1451 1528],9,387,77,169.77777777777777,23284.67091468506,16.76308075608077,-0.06409124200469252,26.472066899358623,4.96573154797046,0.2040179060486682,53.56793592917117,2.2555529921195636,0.9067657985788514,0.907031839852595,0.920734981507217
1223,60,45,15,Mode,40,[   0  111  250  483  556  754  891 1064 1451 1528],9,387,73,169.77777777777777,23130.69698176175,17.025764428410255,-0.06126388967960419,26.2327650312079,5.381577407150361,0.20704181674107133,52.742438304064514,2.2211140443017685,0.9212035927361352,0.926499501064796,0.9373366413094891
1224,60,45,15,Median,40,[   0  111  247  460  556  754  891 1064 1451 1528],9,387,77,169.77777777777777,23092.774811497962,16.587086753811082,-0.06499763331718848,26.27758972533408,4.9227604647722965,0.20097249996752742,52.87186216032577,2.2878926848679195,0.9038446273879925,0.9019262459314039,0.916385575269961
1225,60,45,15,Mode,40,[   0  111  250  460  556  754  891 1064 1451 1528],9,387,77,169.77777777777777,23132.60348038245,16.588551309775738,-0.06564770756145649,26.304953719486864,4.839852432717131,0.20203715909619055,53.225898973785874,2.290901735500993,0.9071849088251831,0.9053960240395588,0.9193637918498266
1226,60,45,15,Median,40,[   0  111  247  466  556  736  891 1064 1451 1528],9,387,77,169.77777777777777,23374.97312073881,16.641215554424832,-0.06367419471795716,26.616367501811098,5.067328190944077,0.19977954311954071,53.86460893917856,2.2642622382494855,0.9000145195574255,0.8973352565414702,0.9122187753402677
1227,60,45,15,Mode,40,[   0  111  250  483  556  736  891 1064 1451 1528],9,387,73,169.77777777777777,23215.5938554174,16.90133640699731,-0.060824370943510106,26.37674648168724,5.477219613684787,0.20266532512028257,53.00864522221618,2.223864751442778,0.9143907749868714,0.9170045044587671,0.9290519625722989
1228,60,45,15,Median,40,[   0  111  247  483  556  736  891 1064 1451 1528],9,387,73,169.77777777777777,23193.440526382612,16.907669881846736,-0.060373547439475594,26.3632897866795,5.605095116677131,0.20166102263052274,52.734246504466114,2.219359374686554,0.9109960676515376,0.9133044316141241,0.9258853251170139
1229,60,45,15,Mode,40,[   0  111  250  483  556  736  891 1064 1451 1528],9,387,73,169.77777777777777,23215.5938554174,16.90133640699731,-0.060824370943510106,26.37674648168724,5.477219613684787,0.20266532512028257,53.00864522221618,2.223864751442778,0.9143907749868714,0.9170045044587671,0.9290519625722989
1230,60,45,15,Median,40,[   0  111  247  483  556  736  891 1064 1451 1528],9,387,73,169.77777777777777,23193.440526382612,16.907669881846736,-0.060373547439475594,26.3632897866795,5.605095116677131,0.20166102263052274,52.734246504466114,2.219359374686554,0.9109960676515376,0.9133044316141241,0.9258853251170139
1231,60,45,15,Mode,40,[   0  111  250  483  556  736  891 1064 1451 1528],9,387,73,169.77777777777777,23215.5938554174,16.90133640699731,-0.060824370943510106,26.37674648168724,5.477219613684787,0.20266532512028257,53.00864522221618,2.223864751442778,0.9143907749868714,0.9170045044587671,0.9290519625722989
1232,60,45,20,Median,40,[   0  460  913 1528],3,615,453,509.3333333333333,7584.22370308014,5.531686714336377,-0.015841550273244322,7.860785418786779,9.358647826905797,0.02272297930692161,9.448156936514835,7.414605876140159,0.8449691813085376,0.8727113022641608,0.9166326454539208
1233,60,45,20,Mode,40,[   0  483 1064 1528],3,581,464,509.3333333333333,14909.93308986081,7.415409027009014,-0.009486391222875238,17.21894340470619,6.536529386585069,0.037368277983609255,23.30654157131581,5.591338726114996,0.964799574643987,0.9777821796596795,0.9852446642291223
1234,60,45,20,Median,40,[   0  460  891 1464 1528],4,573,64,382.0,14428.322530945572,10.781484729864664,-0.011874062860426887,14.338471649062793,6.8033390396796465,0.08192389311248431,23.924969904798473,4.2364662378903875,0.8867325050690046,0.9080352053025075,0.9370713352248586
1235,60,45,20,Mode,40,[   0  483 1064 1464 1528],4,581,64,382.0,13450.993517673684,9.888960064434158,-0.02649181625550855,16.660174395069404,5.558982905102179,0.08918707639127045,23.199275952018258,4.47777991060349,0.9581896331353479,0.9735906202891904,0.9818945600156055
1236,60,45,20,Median,40,[   0  221  556 1024 1464 1528],5,468,64,305.6,8873.504756275524,8.468544519403808,-0.053105642475521554,13.261045817265726,8.47405139565808,0.0701354151521741,12.61986980504432,6.314114310672299,0.9593648208433361,0.9737904961784611,0.9802726530535412
1237,60,45,20,Mode,40,[   0  111  754 1064 1464 1528],5,643,64,305.6,17409.415405985706,12.405287970180032,-0.027181196373870294,23.10250763470481,4.1629728276121565,0.18153284224110788,26.90790797309006,3.6334911583396705,0.9139146671721893,0.9265774560363179,0.9494208401057628
1238,60,45,20,Median,40,[   0  214  483  886 1064 1464 1528],6,403,64,254.66666666666666,25579.713113141326,14.653572817450433,-0.05822479708808155,26.482387448622887,7.07403950469311,0.14186726958585702,48.497911270586556,2.6654892994317296,0.9269144304992191,0.9366220717064482,0.9494627236944012
1239,60,45,20,Mode,40,[   0  111  483  891 1064 1464 1528],6,408,64,254.66666666666666,26097.138717895446,15.174639756736454,-0.04101350190082117,27.82777045490972,4.632948292473693,0.1820841195954917,48.92034923860773,2.951187626692124,0.9048631839450635,0.9123926799420077,0.9319797696751512
1240,60,45,20,Median,40,[   0  214  483  754  891 1064 1464 1528],7,400,64,218.28571428571428,27591.389696423084,16.599277581733826,-0.04528484373004977,27.899519723493356,6.7604871070980925,0.1924987011817851,53.834856975931665,2.2462958146868535,0.9202409003326626,0.9286840256308398,0.9411203684847238
1241,60,45,20,Mode,40,[   0  111  483  754  891 1064 1464 1528],7,400,64,218.28571428571428,27074.60448935546,16.73920625840612,-0.02655144896219398,28.824476085600175,4.608130650329083,0.2159101835413655,51.175550917513114,2.3957145243906086,0.9054060890508465,0.9103351184317792,0.9281973793215141
1242,60,45,20,Median,40,[   0  111  247  483  754  891 1064 1464 1528],8,400,64,191.0,25807.38769486876,16.918723955693405,-0.06029131905085165,28.11612113542796,5.886165423508287,0.19041253083965912,53.15694390789544,2.1941296621397623,0.9097425513337426,0.9190285935557679,0.9321841225867761
1243,60,45,20,Mode,40,[   0  111  221  483  754  891 1064 1464 1528],8,400,64,191.0,25795.166685392844,17.1222031246854,-0.062336034236040117,28.325100467966546,6.247232633633004,0.18781669735595793,53.114487848233,2.1548267234803333,0.9061256085917614,0.9172529160489366,0.9308309436484528
1244,60,45,20,Median,40,[   0  111  247  462  556  754  891 1064 1464 1528],9,400,64,169.77777777777777,23402.01485464012,16.896018968177422,-0.06250802929647788,26.657889964824403,4.902717061789629,0.19652738085393598,52.29720667002897,2.2091951529560045,0.8999151739558366,0.9010167777509213,0.9160601656669529
1245,60,45,20,Mode,40,[   0  111  221  483  556  754  891 1064 1464 1528],9,400,64,169.77777777777777,23370.049074594797,17.473485893000472,-0.05948299612528571,26.74838145553123,5.790010965154348,0.19784114007065826,51.38756669908631,2.103281359059377,0.9095949917499848,0.9179487929234555,0.9305102782100475
1246,60,45,20,Median,40,[   0  111  224  462  556  754  891 1064 1464 1528],9,400,64,169.77777777777777,23355.55447456085,17.026152951782493,-0.0627876874584457,26.794361417634363,5.324812907581605,0.19366112378056113,51.64552891975642,2.1745399208409193,0.8990094378867334,0.901224047821867,0.916366507174178
1247,60,45,20,Mode,40,[   0  111  221  483  556  754  891 1064 1464 1528],9,400,64,169.77777777777777,23370.049074594797,17.473485893000472,-0.05948299612528571,26.74838145553123,5.790010965154348,0.19784114007065826,51.38756669908631,2.103281359059377,0.9095949917499848,0.9179487929234555,0.9305102782100475
1248,60,45,20,Median,40,[   0  111  224  462  556  754  891 1064 1464 1528],9,400,64,169.77777777777777,23355.55447456085,17.026152951782493,-0.0627876874584457,26.794361417634363,5.324812907581605,0.19366112378056113,51.64552891975642,2.1745399208409193,0.8990094378867334,0.901224047821867,0.916366507174178
1249,60,45,20,Mode,40,[   0  111  221  483  556  754  891 1064 1464 1528],9,400,64,169.77777777777777,23370.049074594797,17.473485893000472,-0.05948299612528571,26.74838145553123,5.790010965154348,0.19784114007065826,51.38756669908631,2.103281359059377,0.9095949917499848,0.9179487929234555,0.9305102782100475
1250,60,45,20,Median,40,[   0  111  224  462  556  754  891 1019 1064 1464 1528],10,400,45,152.8,17987.65138012,16.983636350507854,-0.06643442014913023,24.852781432062073,5.040772191020583,0.18781561868161367,40.01164678282542,2.1241084551727116,0.9014340164223408,0.9011941727722309,0.9158115455518011
1251,60,45,20,Mode,40,[   0  111  221  483  556  754  891 1064 1464 1528],9,400,64,169.77777777777777,23370.049074594797,17.473485893000472,-0.05948299612528571,26.74838145553123,5.790010965154348,0.19784114007065826,51.38756669908631,2.103281359059377,0.9095949917499848,0.9179487929234555,0.9305102782100475
1252,60,45,20,Median,40,[   0  111  224  460  556  754  891 1019 1064 1464 1528],10,400,45,152.8,17947.869161199447,16.939274157550376,-0.06706463219571057,24.814692641547392,5.0315096440278175,0.18730583292601102,39.89531322266909,2.133660490394054,0.9004887571025998,0.8993683838579193,0.9142574818877521
1253,60,45,20,Mode,40,[   0  111  221  460  556  754  891 1064 1464 1528],9,400,64,169.77777777777777,23261.39860484253,16.98017152648534,-0.06323050486365943,26.73347363838287,5.341303569599213,0.19221847730427788,51.429865638637246,2.184850259793823,0.8952242990093955,0.8962158950842326,0.9121060582527473
1254,60,45,20,Median,40,[   0  111  224  460  556  736  891 1019 1064 1464 1528],10,400,45,152.8,17986.993776350715,16.83665925170368,-0.06651390139408314,24.944615289710086,5.097841717457646,0.18381125195024717,40.068641111651765,2.144624538208795,0.8938785926638161,0.8896322219783005,0.9056932665933638
1255,60,45,20,Mode,40,[   0  111  221  460  556  736  891 1064 1464 1528],9,400,64,169.77777777777777,23359.486228683956,16.858850692974723,-0.06268433788474145,26.878123277680697,5.4104700204014335,0.18805521409529846,51.75487967477464,2.1976226161065697,0.8884316821348481,0.8867585393985294,0.9038319460826971
1256,60,45,20,Median,40,[   0  111  221  460  556  754  891 1019 1064 1464 1528],10,400,45,152.8,17903.957273703716,16.94276397246594,-0.06690377329261933,24.798102223555766,5.061077183794769,0.18653326625825076,39.81994608849727,2.1332732009086257,0.8977583144781431,0.8960387135683369,0.911399219153633
1257,60,45,20,Mode,40,[   0  111  221  460  556  754  891 1064 1464 1528],9,400,64,169.77777777777777,23261.39860484253,16.98017152648534,-0.06323050486365943,26.73347363838287,5.341303569599213,0.19221847730427788,51.429865638637246,2.184850259793823,0.8952242990093955,0.8962158950842326,0.9121060582527473
1258,60,45,20,Median,40,[   0  111  221  460  556  754  891  970 1064 1464 1528],10,400,64,152.8,19412.074302216606,17.22303952408793,-0.05996523926714476,25.911629564331406,5.0980138121330105,0.19575772884203432,46.18763944319431,2.0655058275877693,0.9011346089055526,0.8980622937572462,0.9129016292931399
1259,60,45,20,Mode,40,[   0  111  221  460  556  754  891  970 1064 1464 1528],10,400,64,152.8,19412.074302216606,17.22303952408793,-0.05996523926714476,25.911629564331406,5.0980138121330105,0.19575772884203432,46.18763944319431,2.0655058275877693,0.9011346089055526,0.8980622937572462,0.9129016292931399
1260,60,50,10,Median,40,[   0  466  891 1528],3,637,425,509.3333333333333,10803.2378677039,6.737199484704357,-0.01177168323065261,10.273878270396027,8.959244829997166,0.028702722514010022,14.121740040150877,5.902824880589359,0.8941017169093846,0.9246305822037255,0.9507594057716775
1261,60,50,10,Mode,40,[   0  483 1064 1528],3,581,464,509.3333333333333,14909.93308986081,7.415409027009014,-0.009486391222875238,17.21894340470619,6.536529386585069,0.037368277983609255,23.30654157131581,5.591338726114996,0.964799574643987,0.9777821796596795,0.9852446642291223
1262,60,50,10,Median,40,[   0  556 1064 1528],3,556,464,509.3333333333333,9885.57744469499,5.981460875259499,-0.019160305661256986,14.056715966978295,8.751500116512567,0.023565174532252074,16.147877261910196,7.587967490771097,0.9843692809869187,0.9921849344307133,0.994800151437243
1263,60,50,10,Mode,40,[   0  736 1064 1528],3,736,328,509.3333333333333,14980.143935563809,8.44679354824838,-0.008369101368580536,18.433733224198363,5.674078974938671,0.0580648990432178,22.33794193662264,4.900437565100743,0.9478526935735269,0.9662220099098459,0.9786524785837459
1264,60,50,10,Median,40,[   0  483  825 1064 1528],4,483,239,382.0,23872.932858495875,11.979345056736909,-0.015791933299712076,22.08467285934037,5.041389554108693,0.09888918936610595,40.01870885697832,3.4395056403112854,0.9698049513429639,0.9795985546463644,0.9850482853121446
1265,60,50,10,Mode,40,[   0  483  891 1064 1528],4,483,173,382.0,34082.1597876597,15.136003813910468,-0.014136537224938153,28.748496717135133,4.963235632180973,0.1376942275357632,66.70797924381382,3.0497087965179923,0.9409166458707875,0.9599803707864711,0.9709840317765999
1266,60,50,10,Median,40,[   0  483  754  891 1064 1528],5,483,137,305.6,33478.53774455573,17.393831257512726,-0.016304916729090832,29.495113382900975,4.983792931598373,0.18853383268074242,61.06687268212949,2.27029655465641,0.9377933369397697,0.9632231828005877,0.9722992476631597
1267,60,50,10,Mode,40,[   0  483  736  891 1064 1528],5,483,155,305.6,34698.517696545125,17.518949573920647,-0.01749966855839374,30.228034356324773,5.195914702495598,0.18587429079541506,63.55166506085069,2.190636201322232,0.9281030364683476,0.9559085194359976,0.9666258759006551
1268,60,50,10,Median,40,[   0  466  553  754  891 1064 1528],6,466,87,254.66666666666666,27466.628462168173,17.16187475876894,-0.04084778851197089,26.55902413879898,4.719964646643408,0.17232873837904425,50.01637046511059,2.1286453892206056,0.9255047821862572,0.9453810285890352,0.9582769079016331
1269,60,50,10,Mode,40,[   0  483  556  736  891 1064 1528],6,483,73,254.66666666666666,27747.35764702723,17.52753970397471,-0.04088090385689381,26.673890880467344,4.8898621430750175,0.17298320676242357,50.929254175344994,2.0382692266833518,0.931567506812138,0.959868525454028,0.9692513143307783
1270,60,50,10,Median,40,[   0  343  466  553  748  891 1064 1528],7,464,87,218.28571428571428,26838.617887548022,17.581353732107647,-0.08630210320825153,26.22381938739952,5.046553479138187,0.1818839429992696,56.36613835368954,2.0908771491758533,0.9246696389301209,0.9507379628138842,0.960243971185654
1271,60,50,10,Mode,40,[   0  343  483  556  736  891 1064 1528],7,464,73,218.28571428571428,26332.48392405355,17.45620446608003,-0.07862500136861517,25.729472635136304,5.102021494250932,0.17784836703118767,55.161482034306374,2.112194015017998,0.9321208067892571,0.9556291238726673,0.9641138541597093
1272,60,50,10,Median,40,[   0  343  466  553  748  891 1064 1528],7,464,87,218.28571428571428,26838.617887548022,17.581353732107647,-0.08630210320825153,26.22381938739952,5.046553479138187,0.1818839429992696,56.36613835368954,2.0908771491758533,0.9246696389301209,0.9507379628138842,0.960243971185654
1273,60,50,10,Mode,40,[   0  343  483  556  736  891 1064 1528],7,464,73,218.28571428571428,26332.48392405355,17.45620446608003,-0.07862500136861517,25.729472635136304,5.102021494250932,0.17784836703118767,55.161482034306374,2.112194015017998,0.9321208067892571,0.9556291238726673,0.9641138541597093
1274,60,50,10,Median,40,[   0  343  466  553  748  891  950 1064 1528],8,464,59,191.0,19872.536705649167,17.17583356769836,-0.09969596653515651,24.212470750435497,4.663162131066294,0.17090388523398076,44.04332919728721,2.0328221591598234,0.9127879120470618,0.9455788251294163,0.9556738969741259
1275,60,50,10,Mode,40,[   0  343  483  556  736  891  950 1064 1528],8,464,59,191.0,19364.16807511113,17.088731728442742,-0.09238497299690172,23.78282217330746,4.711696644289946,0.16858622034324616,42.767463242711806,2.049614245700157,0.9199626994975871,0.9505819352101204,0.9596847702893108
1276,60,50,10,Median,40,[   0  343  483  553  748  891  950 1064 1528],8,464,59,191.0,19558.85643920954,17.322283238470053,-0.09209095278752669,23.8257899794882,4.667567946429628,0.1738445914580782,43.33538010300645,2.025817064087465,0.923282233584198,0.9536225687709541,0.9622356292409239
1277,60,50,10,Mode,40,[   0  343  483  556  736  891  950 1064 1528],8,464,59,191.0,19364.16807511113,17.088731728442742,-0.09238497299690172,23.78282217330746,4.711696644289946,0.16858622034324616,42.767463242711806,2.049614245700157,0.9199626994975871,0.9505819352101204,0.9596847702893108
1278,60,50,10,Median,40,[   0  343  483  553  748  891  950 1064 1528],8,464,59,191.0,19558.85643920954,17.322283238470053,-0.09209095278752669,23.8257899794882,4.667567946429628,0.1738445914580782,43.33538010300645,2.025817064087465,0.923282233584198,0.9536225687709541,0.9622356292409239
1279,60,50,10,Mode,40,[   0  343  483  556  736  891  950 1064 1528],8,464,59,191.0,19364.16807511113,17.088731728442742,-0.09238497299690172,23.78282217330746,4.711696644289946,0.16858622034324616,42.767463242711806,2.049614245700157,0.9199626994975871,0.9505819352101204,0.9596847702893108
1280,60,50,10,Median,40,[   0  343  483  553  736  891  950 1064 1528],8,464,59,191.0,19504.5995190296,17.23729665126862,-0.0920468431386017,23.88724342313113,4.703547952309036,0.17083183800647395,43.23077184713615,2.0293961821865216,0.9214483410783797,0.9511927904841555,0.9601894397122746
1281,60,50,10,Mode,40,[   0  343  483  556  736  891  950 1064 1528],8,464,59,191.0,19364.16807511113,17.088731728442742,-0.09238497299690172,23.78282217330746,4.711696644289946,0.16858622034324616,42.767463242711806,2.049614245700157,0.9199626994975871,0.9505819352101204,0.9596847702893108
1282,60,50,10,Median,40,[   0  343  483  553  736  891  950 1064 1528],8,464,59,191.0,19504.5995190296,17.23729665126862,-0.0920468431386017,23.88724342313113,4.703547952309036,0.17083183800647395,43.23077184713615,2.0293961821865216,0.9214483410783797,0.9511927904841555,0.9601894397122746
1283,60,50,10,Mode,40,[   0  343  483  556  736  891  950 1064 1528],8,464,59,191.0,19364.16807511113,17.088731728442742,-0.09238497299690172,23.78282217330746,4.711696644289946,0.16858622034324616,42.767463242711806,2.049614245700157,0.9199626994975871,0.9505819352101204,0.9596847702893108
1284,60,50,10,Median,40,[   0  343  483  553  736  891  950 1064 1528],8,464,59,191.0,19504.5995190296,17.23729665126862,-0.0920468431386017,23.88724342313113,4.703547952309036,0.17083183800647395,43.23077184713615,2.0293961821865216,0.9214483410783797,0.9511927904841555,0.9601894397122746
1285,60,50,10,Mode,40,[   0  343  483  556  736  891  950 1064 1528],8,464,59,191.0,19364.16807511113,17.088731728442742,-0.09238497299690172,23.78282217330746,4.711696644289946,0.16858622034324616,42.767463242711806,2.049614245700157,0.9199626994975871,0.9505819352101204,0.9596847702893108
1286,60,50,10,Median,40,[   0  343  483  553  736  891  950 1064 1528],8,464,59,191.0,19504.5995190296,17.23729665126862,-0.0920468431386017,23.88724342313113,4.703547952309036,0.17083183800647395,43.23077184713615,2.0293961821865216,0.9214483410783797,0.9511927904841555,0.9601894397122746
1287,60,50,10,Mode,40,[   0  343  483  556  736  891  950 1064 1528],8,464,59,191.0,19364.16807511113,17.088731728442742,-0.09238497299690172,23.78282217330746,4.711696644289946,0.16858622034324616,42.767463242711806,2.049614245700157,0.9199626994975871,0.9505819352101204,0.9596847702893108
1288,60,50,15,Median,40,[   0  460  891 1528],3,637,431,509.3333333333333,10650.224352721189,6.673913375381636,-0.012578120379912497,10.206576275914774,8.8988583778552,0.02797712349898339,13.920540990949494,5.961862211854724,0.8841583229215031,0.9151587505085274,0.944561823378077
1289,60,50,15,Mode,40,[   0  483 1064 1528],3,581,464,509.3333333333333,14909.93308986081,7.415409027009014,-0.009486391222875238,17.21894340470619,6.536529386585069,0.037368277983609255,23.30654157131581,5.591338726114996,0.964799574643987,0.9777821796596795,0.9852446642291223
1290,60,50,15,Median,40,[   0  460  833 1064 1528],4,464,231,382.0,25630.642111020494,12.411488243739804,-0.013523898172050857,23.490105639882376,4.928367684500567,0.10300444345433658,44.968282232284615,3.31056690277234,0.935566328543244,0.9395295357832071,0.9556711369744105
1291,60,50,15,Mode,40,[   0  483  891 1064 1528],4,483,173,382.0,34082.1597876597,15.136003813910468,-0.014136537224938153,28.748496717135133,4.963235632180973,0.1376942275357632,66.70797924381382,3.0497087965179923,0.9409166458707875,0.9599803707864711,0.9709840317765999
1292,60,50,15,Median,40,[   0  111  483  833 1064 1528],5,464,111,305.6,24455.591868296207,13.4116763841392,-0.04372128770306134,25.98041884857449,4.652913906658168,0.15122787591779893,40.016783925058945,3.2895664392534942,0.9319348383517171,0.9421592061023545,0.9560296942126413
1293,60,50,15,Mode,40,[   0  111  483  891 1064 1528],5,464,111,305.6,31027.47946906225,15.454255886990952,-0.041140337528614165,30.46726262738019,4.734642464697137,0.17480254808379322,56.081412075434244,3.0912139850441864,0.905590453787001,0.9218313885075092,0.9409476321746041
1294,60,50,15,Median,40,[   0  111  483  825 1064 1451 1528],6,387,77,254.66666666666666,19718.982546575156,12.870360442854457,-0.0501803973438151,23.077679259838224,4.774018495451824,0.16759872335496354,32.982341052591906,3.2805486911015516,0.9351969722916723,0.9364504839186001,0.9500658068125681
1295,60,50,15,Mode,40,[   0  111  483  891 1064 1451 1528],6,408,77,254.66666666666666,25663.472738337958,14.754240414367562,-0.04689944647411524,27.323725581513337,4.777567016936282,0.19011800272746396,50.02046181412313,3.0611994723360096,0.910962239186464,0.9147638401798953,0.9334526356818394
1296,60,50,15,Median,40,[   0  111  483  748  891 1064 1451 1528],7,387,77,218.28571428571428,27085.631732974292,16.445491500191846,-0.0318791640119754,28.632289496995426,4.619199453656628,0.222924238071914,52.98394581604749,2.463473659411305,0.9047030080959944,0.9065120569660311,0.9247030187637626
1297,60,50,15,Mode,40,[   0  111  483  754  891 1064 1451 1528],7,387,77,218.28571428571428,26713.21617305756,16.38887347309871,-0.03241969078446155,28.38740947538072,4.561341286251059,0.22260508615134236,52.092311397109285,2.48739106242718,0.9109582303118028,0.9128010627547577,0.9297828301690068
1298,60,50,15,Median,40,[   0  250  483  748  891 1064 1451 1528],7,387,77,218.28571428571428,27863.776882421076,16.44710337769951,-0.05448552100594943,27.61517015199553,6.224750690319148,0.19470476894594776,56.61611270069213,2.267109011742509,0.9353994089468174,0.9449446192178845,0.9542973473867665
1299,60,50,15,Mode,40,[   0  111  247  483  754  891 1064 1451 1528],8,387,77,191.0,25497.626280899134,16.618438711144197,-0.06247228272642291,27.73106567240162,5.984975507680142,0.19615101879106783,53.94273860469216,2.272709551885395,0.9147744978990325,0.921892142848658,0.9342386540618387
1300,60,50,15,Median,40,[   0  250  466  553  748  891 1064 1451 1528],8,387,77,191.0,24798.417490905802,16.628484117699216,-0.07049617173293138,26.08756064740642,5.243336982221265,0.20125567793532909,54.71993829543966,2.244754512765446,0.9277348143205979,0.9348056746813888,0.9451800266209099
1301,60,50,15,Mode,40,[   0  111  247  483  556  754  891 1064 1451 1528],9,387,73,169.77777777777777,23108.543652726963,17.032097903259686,-0.06084336105577336,26.21932624874229,5.510014025204488,0.2060375142513115,52.46803958631445,2.2166086675455445,0.9178002006616974,0.9228200248886957,0.934187477698702
1302,60,50,15,Median,40,[   0  250  466  553  748  891 1064 1451 1528],8,387,77,191.0,24798.417490905802,16.628484117699216,-0.07049617173293138,26.08756064740642,5.243336982221265,0.20125567793532909,54.71993829543966,2.244754512765446,0.9277348143205979,0.9348056746813888,0.9451800266209099
1303,60,50,15,Mode,40,[   0  111  247  483  556  754  891 1064 1451 1528],9,387,73,169.77777777777777,23108.543652726963,17.032097903259686,-0.06084336105577336,26.21932624874229,5.510014025204488,0.2060375142513115,52.46803958631445,2.2166086675455445,0.9178002006616974,0.9228200248886957,0.934187477698702
1304,60,50,15,Median,40,[   0  111  250  466  553  748  891 1064 1451 1528],9,387,77,169.77777777777777,23477.970543452648,16.822145529120565,-0.06415315063951857,26.655227135845227,4.905710350887185,0.20577682944557368,54.37372468370687,2.243682957616929,0.9064264379238393,0.9051877347683662,0.9191635861704266
1305,60,50,15,Mode,40,[   0  111  247  483  556  754  891 1064 1451 1528],9,387,73,169.77777777777777,23108.543652726963,17.032097903259686,-0.06084336105577336,26.21932624874229,5.510014025204488,0.2060375142513115,52.46803958631445,2.2166086675455445,0.9178002006616974,0.9228200248886957,0.934187477698702
1306,60,50,15,Median,40,[   0  111  247  466  553  748  891 1064 1451 1528],9,387,77,169.77777777777777,23441.396777903567,16.82235933865823,-0.06352898344776886,26.630099093377595,4.991361710183109,0.20469602288162314,54.017290660899135,2.240265804841915,0.9030683254928632,0.9016659598423096,0.9161430920721496
1307,60,50,15,Mode,40,[   0  111  247  483  556  754  891 1064 1451 1528],9,387,73,169.77777777777777,23108.543652726963,17.032097903259686,-0.06084336105577336,26.21932624874229,5.510014025204488,0.2060375142513115,52.46803958631445,2.2166086675455445,0.9178002006616974,0.9228200248886957,0.934187477698702
1308,60,50,15,Median,40,[   0  111  247  466  553  748  891  950 1064 1451 1528],10,387,59,152.8,18754.0128829694,16.63388993413058,-0.06771551792984852,25.107219871560453,4.741512045068162,0.19492333106584178,45.3956099264299,2.175239827543125,0.8933662451357962,0.8928772135307037,0.9078044740024621
1309,60,50,15,Mode,40,[   0  111  247  483  556  754  891  950 1064 1451 1528],10,387,59,152.8,18516.925806666142,16.81902404203283,-0.06521226332992452,24.736805121032216,5.208299128587404,0.19584551707185055,44.14738347127683,2.1543277971003403,0.9075601948865641,0.9149454920748644,0.9268184090721597
1310,60,50,15,Median,40,[   0  111  247  466  553  748  891  950 1064 1451 1528],10,387,59,152.8,18754.0128829694,16.63388993413058,-0.06771551792984852,25.107219871560453,4.741512045068162,0.19492333106584178,45.3956099264299,2.175239827543125,0.8933662451357962,0.8928772135307037,0.9078044740024621
1311,60,50,15,Mode,40,[   0  111  247  483  556  754  891  950 1064 1451 1528],10,387,59,152.8,18516.925806666142,16.81902404203283,-0.06521226332992452,24.736805121032216,5.208299128587404,0.19584551707185055,44.14738347127683,2.1543277971003403,0.9075601948865641,0.9149454920748644,0.9268184090721597
1312,60,50,15,Median,40,[   0  111  247  483  553  748  891  950 1064 1451 1528],10,387,59,152.8,18624.376931030813,16.908527158656327,-0.06454377801668376,24.902318144048206,5.230035967691682,0.19713539157173526,44.51250608101448,2.1366832100374307,0.9038717740529518,0.9092284333833843,0.9218953855771965
1313,60,50,15,Mode,40,[   0  111  247  483  556  754  891  950 1064 1451 1528],10,387,59,152.8,18516.925806666142,16.81902404203283,-0.06521226332992452,24.736805121032216,5.208299128587404,0.19584551707185055,44.14738347127683,2.1543277971003403,0.9075601948865641,0.9149454920748644,0.9268184090721597
1314,60,50,15,Median,40,[   0  111  247  483  553  736  891  950 1064 1451 1528],10,387,59,152.8,18582.177104224196,16.842426479721876,-0.06448731926259336,24.953370614252574,5.285627603821135,0.19479213888715421,44.43114410422646,2.139466968558919,0.9023163234150129,0.9057904110181169,0.9187825659219492
1315,60,50,15,Mode,40,[   0  111  247  483  556  736  891  950 1064 1451 1528],10,387,59,152.8,18475.63214463972,16.725408497117737,-0.06473980975532961,24.866623152285236,5.2938721109127815,0.1931133087952358,44.0658902578529,2.155505601930524,0.9010222503150024,0.9049725129692964,0.9180696259637611
1316,60,50,20,Median,40,[   0  460  913 1528],3,615,453,509.3333333333333,7584.22370308014,5.531686714336377,-0.015841550273244322,7.860785418786779,9.358647826905797,0.02272297930692161,9.448156936514835,7.414605876140159,0.8449691813085376,0.8727113022641608,0.9166326454539208
1317,60,50,20,Mode,40,[   0  483 1064 1528],3,581,464,509.3333333333333,14909.93308986081,7.415409027009014,-0.009486391222875238,17.21894340470619,6.536529386585069,0.037368277983609255,23.30654157131581,5.591338726114996,0.964799574643987,0.9777821796596795,0.9852446642291223
1318,60,50,20,Median,40,[   0  460  891 1451 1528],4,560,77,382.0,14072.176999447025,10.1571455742546,-0.016049217946524395,13.775121273808278,6.93753302870174,0.09270907510525854,23.41890770338108,4.341582776997242,0.8956802228732673,0.9113630602036839,0.9387722783242557
1319,60,50,20,Mode,40,[   0  483 1064 1464 1528],4,581,64,382.0,13450.993517673684,9.888960064434158,-0.02649181625550855,16.660174395069404,5.558982905102179,0.08918707639127045,23.199275952018258,4.47777991060349,0.9581896331353479,0.9735906202891904,0.9818945600156055
1320,60,50,20,Median,40,[   0  221 1451 1528],3,1230,77,509.3333333333333,17134.143024881723,11.952074277539317,0.11869047794091624,21.81779540778044,3.879121565367156,0.19396152732652797,25.559169891145878,3.680886761686615,0.9351921269367621,0.9669383916172829,0.9890097099452596
1321,60,50,20,Mode,40,[   0  111  754 1064 1464 1528],5,643,64,305.6,17409.415405985706,12.405287970180032,-0.027181196373870294,23.10250763470481,4.1629728276121565,0.18153284224110788,26.90790797309006,3.6334911583396705,0.9139146671721893,0.9265774560363179,0.9494208401057628
1322,60,50,20,Median,40,[   0  214  483  825 1064 1451 1528],6,387,77,254.66666666666666,19833.209577806374,12.576404611748599,-0.06242001573833168,22.041179230355993,7.514587859905165,0.13343186607795543,34.23268342298825,3.008413394691459,0.9499232814297928,0.955866879411728,0.9642957976030914
1323,60,50,20,Mode,40,[   0  111  483  891 1064 1464 1528],6,408,64,254.66666666666666,26097.138717895446,15.174639756736454,-0.04101350190082117,27.82777045490972,4.632948292473693,0.1820841195954917,48.92034923860773,2.951187626692124,0.9048631839450635,0.9123926799420077,0.9319797696751512
1324,60,50,20,Median,40,[   0  214  483  754  891 1064 1451 1528],7,387,77,218.28571428571428,27230.00138012518,16.248944796426418,-0.04797638350646802,27.465310070172013,6.913785222003034,0.19919360379176201,54.75161745552785,2.337972352723425,0.9254600089905403,0.9316169909636143,0.9432502440033999
1325,60,50,20,Mode,40,[   0  111  483  754  891 1064 1464 1528],7,400,64,218.28571428571428,27074.60448935546,16.73920625840612,-0.02655144896219398,28.824476085600175,4.608130650329083,0.2159101835413655,51.175550917513114,2.3957145243906086,0.9054060890508465,0.9103351184317792,0.9281973793215141
1326,60,50,20,Median,40,[   0  111  247  483  754  891 1064 1451 1528],8,387,77,191.0,25497.626280899134,16.618438711144197,-0.06247228272642291,27.73106567240162,5.984975507680142,0.19615101879106783,53.94273860469216,2.272709551885395,0.9147744978990325,0.921892142848658,0.9342386540618387
1327,60,50,20,Mode,40,[   0  111  247  483  754  891 1064 1464 1528],8,400,64,191.0,25807.38769486876,16.918723955693405,-0.06029131905085165,28.11612113542796,5.886165423508287,0.19041253083965912,53.15694390789544,2.1941296621397623,0.9097425513337426,0.9190285935557679,0.9321841225867761
1328,60,50,20,Median,40,[   0  111  247  466  553  748  891 1064 1451 1528],9,387,77,169.77777777777777,23441.396777903567,16.82235933865823,-0.06352898344776886,26.630099093377595,4.991361710183109,0.20469602288162314,54.017290660899135,2.240265804841915,0.9030683254928632,0.9016659598423096,0.9161430920721496
1329,60,50,20,Mode,40,[   0  111  247  483  556  754  891 1064 1464 1528],9,400,64,169.77777777777777,23379.58488995039,17.294847492240244,-0.05881691275322494,26.562259018190822,5.405190053580448,0.20101633729382884,51.78046922661732,2.147851264018116,0.9130277561579314,0.9198127678855667,0.9319870341416969
1330,60,50,20,Median,40,[   0  111  247  466  553  748  891  950 1064 1451 1528],10,387,59,152.8,18754.0128829694,16.63388993413058,-0.06771551792984852,25.107219871560453,4.741512045068162,0.19492333106584178,45.3956099264299,2.175239827543125,0.8933662451357962,0.8928772135307037,0.9078044740024621
1331,60,50,20,Mode,40,[   0  111  247  483  556  754  891  950 1064 1464 1528],10,400,59,152.8,18739.540238830516,17.05231918361956,-0.06331397036378425,25.046044296599277,5.113957554125768,0.19104750998479525,43.53215896411752,2.09289160970371,0.9028722045317598,0.9120435480951615,0.9247101839537978
1332,60,50,20,Median,40,[   0  111  247  466  553  748  891  950 1064 1451 1528],10,387,59,152.8,18754.0128829694,16.63388993413058,-0.06771551792984852,25.107219871560453,4.741512045068162,0.19492333106584178,45.3956099264299,2.175239827543125,0.8933662451357962,0.8928772135307037,0.9078044740024621
1333,60,50,20,Mode,40,[   0  111  247  483  556  754  891  950 1064 1464 1528],10,400,59,152.8,18739.540238830516,17.05231918361956,-0.06331397036378425,25.046044296599277,5.113957554125768,0.19104750998479525,43.53215896411752,2.09289160970371,0.9028722045317598,0.9120435480951615,0.9247101839537978
1334,60,50,20,Median,40,[   0  111  247  466  553  748  891  950 1064 1451 1528],10,387,59,152.8,18754.0128829694,16.63388993413058,-0.06771551792984852,25.107219871560453,4.741512045068162,0.19492333106584178,45.3956099264299,2.175239827543125,0.8933662451357962,0.8928772135307037,0.9078044740024621
1335,60,50,20,Mode,40,[   0  111  247  483  556  754  891  950 1064 1464 1528],10,400,59,152.8,18739.540238830516,17.05231918361956,-0.06331397036378425,25.046044296599277,5.113957554125768,0.19104750998479525,43.53215896411752,2.09289160970371,0.9028722045317598,0.9120435480951615,0.9247101839537978
1336,60,50,20,Median,40,[   0  111  247  466  553  748  891  950 1064 1451 1528],10,387,59,152.8,18754.0128829694,16.63388993413058,-0.06771551792984852,25.107219871560453,4.741512045068162,0.19492333106584178,45.3956099264299,2.175239827543125,0.8933662451357962,0.8928772135307037,0.9078044740024621
1337,60,50,20,Mode,40,[   0  111  247  483  556  754  891  950 1064 1464 1528],10,400,59,152.8,18739.540238830516,17.05231918361956,-0.06331397036378425,25.046044296599277,5.113957554125768,0.19104750998479525,43.53215896411752,2.09289160970371,0.9028722045317598,0.9120435480951615,0.9247101839537978
1338,60,50,20,Median,40,[   0  111  247  466  553  748  891  950 1064 1451 1528],10,387,59,152.8,18754.0128829694,16.63388993413058,-0.06771551792984852,25.107219871560453,4.741512045068162,0.19492333106584178,45.3956099264299,2.175239827543125,0.8933662451357962,0.8928772135307037,0.9078044740024621
1339,60,50,20,Mode,40,[   0  111  247  483  556  754  891  950 1064 1464 1528],10,400,59,152.8,18739.540238830516,17.05231918361956,-0.06331397036378425,25.046044296599277,5.113957554125768,0.19104750998479525,43.53215896411752,2.09289160970371,0.9028722045317598,0.9120435480951615,0.9247101839537978
1340,60,50,20,Median,40,[   0  111  247  460  553  748  891  950 1064 1451 1528],10,387,59,152.8,18572.74074388678,16.465677339045865,-0.06878270183376724,24.92078237183664,4.703033901135997,0.19204827805127328,44.73135780213333,2.2056916937715556,0.8905905408405717,0.8875939076509346,0.9032545626026316
1341,60,50,20,Mode,40,[   0  111  247  460  556  754  891  950 1064 1464 1528],10,400,59,152.8,18725.523491071406,16.65675371744302,-0.06759313560397587,25.09875095714887,4.646094396830907,0.18654527506587607,43.891112363238705,2.1562551806569323,0.8893457404169864,0.8907371922410421,0.90646275619983
1342,60,50,20,Median,40,[   0  111  247  460  553  748  891  950 1064 1451 1528],10,387,59,152.8,18572.74074388678,16.465677339045865,-0.06878270183376724,24.92078237183664,4.703033901135997,0.19204827805127328,44.73135780213333,2.2056916937715556,0.8905905408405717,0.8875939076509346,0.9032545626026316
1343,60,50,20,Mode,40,[   0  111  247  460  556  754  891  950 1064 1464 1528],10,400,59,152.8,18725.523491071406,16.65675371744302,-0.06759313560397587,25.09875095714887,4.646094396830907,0.18654527506587607,43.891112363238705,2.1562551806569323,0.8893457404169864,0.8907371922410421,0.90646275619983
