,Silh,Cal-Har,Dav-Bold,Ward,Centr
0,0.21608938983684678,104.85371583251099,1.3376637566337632,81.30480980872036,1.1521395168402229
1,0.18799324779619125,84.47705495088297,1.443309310288517,67.1710735170595,1.0859169793578425
2,0.010616268807423092,5.580095053337294,5.501671324257692,4.732554241710434,0.2890086246699848
3,0.054175288465017415,23.393881290485158,2.5145918167016337,18.72619025427686,0.612815942900086
4,0.03557119138398875,10.257935679316907,3.587961691152841,7.999539905797891,0.4268205207859866
5,0.10240439786528494,36.6160159120878,2.349452315075662,30.482548227215034,0.6766623650090214
6,0.07892691002930477,17.917494600259587,3.5545804334297064,17.280409789286104,0.4872484329306202
7,0.0143593290654274,5.436825097476291,4.864763664906144,5.755562912707276,0.35920368963684024
