,N_clusters,K_neighb,Len_min,St_edges,Silh,Cal-Har,Dav-Bold
0,2,20,0,[   0    1  932 1046],0.04679688972383971,53.66369367769439,4.158430137095448
1,2,20,20,[   0  932 1046],0.04679688972383971,53.66369367769439,4.158430137095448
2,2,20,40,[   0  932 1046],0.04679688972383971,53.66369367769439,4.158430137095448
3,2,20,60,[   0  932 1046],0.04679688972383971,53.66369367769439,4.158430137095448
4,2,21,0,[   0    1 1044 1046],0.05509274025482383,64.65538326650098,3.8454212885361425
5,2,21,20,[   0 1044 1046],0.05509274025482383,64.65538326650098,3.8454212885361425
6,2,21,40,[   0 1044 1046],0.05509274025482383,64.65538326650098,3.8454212885361425
7,2,21,60,[   0 1044 1046],0.05509274025482383,64.65538326650098,3.8454212885361425
8,2,22,0,[   0    1 1044 1046],0.048123561088742266,62.41789188386596,3.9670491716209098
9,2,22,20,[   0 1044 1046],0.048123561088742266,62.41789188386596,3.9670491716209098
10,2,22,40,[   0 1044 1046],0.048123561088742266,62.41789188386596,3.9670491716209098
11,2,22,60,[   0 1044 1046],0.048123561088742266,62.41789188386596,3.9670491716209098
12,2,23,0,[   0    1 1044 1046],0.05361575678944298,65.80828756395289,3.732364076092705
13,2,23,20,[   0 1044 1046],0.05361575678944298,65.80828756395289,3.732364076092705
14,2,23,40,[   0 1044 1046],0.05361575678944298,65.80828756395289,3.732364076092705
15,2,23,60,[   0 1044 1046],0.05361575678944298,65.80828756395289,3.732364076092705
16,2,24,0,[   0    1 1045 1046],0.07789449006101126,70.25998332315213,3.4026255305286264
17,2,24,20,[   0 1045 1046],0.07789449006101126,70.25998332315213,3.4026255305286264
18,2,24,40,[   0 1045 1046],0.07789449006101126,70.25998332315213,3.4026255305286264
19,2,24,60,[   0 1045 1046],0.07789449006101126,70.25998332315213,3.4026255305286264
20,2,25,0,[   0    1 1044 1046],0.05833164421352602,68.70035092142324,3.68626767113228
21,2,25,20,[   0 1044 1046],0.05833164421352602,68.70035092142324,3.68626767113228
22,2,25,40,[   0 1044 1046],0.05833164421352602,68.70035092142324,3.68626767113228
23,2,25,60,[   0 1044 1046],0.05833164421352602,68.70035092142324,3.68626767113228
24,2,26,0,[   0    1 1044 1046],0.058174743929082805,68.25907040379441,3.7101689990354925
25,2,26,20,[   0 1044 1046],0.058174743929082805,68.25907040379441,3.7101689990354925
26,2,26,40,[   0 1044 1046],0.058174743929082805,68.25907040379441,3.7101689990354925
27,2,26,60,[   0 1044 1046],0.058174743929082805,68.25907040379441,3.7101689990354925
28,2,27,0,[   0   14 1045 1046],0.11468074554306809,68.75328243461918,3.1136807712271493
29,2,27,20,[   0   14 1046],0.11468074554306809,68.75328243461918,3.1136807712271493
30,2,27,40,[   0   14 1046],0.11468074554306809,68.75328243461918,3.1136807712271493
31,2,27,60,[   0   14 1046],0.11468074554306809,68.75328243461918,3.1136807712271493
32,2,28,0,[   0   17 1042 1046],0.08526711662000698,61.36149298829267,3.5759662004577226
33,2,28,20,[   0   17 1046],0.08526711662000698,61.36149298829267,3.5759662004577226
34,2,28,40,[   0   17 1046],0.08526711662000698,61.36149298829267,3.5759662004577226
35,2,28,60,[   0   17 1046],0.08526711662000698,61.36149298829267,3.5759662004577226
36,2,29,0,[   0   14  932 1046],0.10704953521321903,62.64554022063342,3.1167927460185547
37,2,29,20,[   0  932 1046],0.10704953521321903,62.64554022063342,3.1167927460185547
38,2,29,40,[   0  932 1046],0.10704953521321903,62.64554022063342,3.1167927460185547
39,2,29,60,[   0  932 1046],0.10704953521321903,62.64554022063342,3.1167927460185547
40,2,30,0,[   0   14 1044 1046],0.08638904156929732,70.52102458166323,3.277327900745748
41,2,30,20,[   0   14 1046],0.08638904156929732,70.52102458166323,3.277327900745748
42,2,30,40,[   0   14 1046],0.08638904156929732,70.52102458166323,3.277327900745748
43,2,30,60,[   0   14 1046],0.08638904156929732,70.52102458166323,3.277327900745748
44,2,31,0,[   0    1 1044 1046],0.05759083781578291,66.0426095419482,3.7663366132409033
45,2,31,20,[   0 1044 1046],0.05759083781578291,66.0426095419482,3.7663366132409033
46,2,31,40,[   0 1044 1046],0.05759083781578291,66.0426095419482,3.7663366132409033
47,2,31,60,[   0 1044 1046],0.05759083781578291,66.0426095419482,3.7663366132409033
48,2,32,0,[   0    1 1044 1046],0.06749709895829238,72.32237583107437,3.472709289034617
49,2,32,20,[   0 1044 1046],0.06749709895829238,72.32237583107437,3.472709289034617
50,2,32,40,[   0 1044 1046],0.06749709895829238,72.32237583107437,3.472709289034617
51,2,32,60,[   0 1044 1046],0.06749709895829238,72.32237583107437,3.472709289034617
52,2,33,0,[   0    1 1045 1046],0.06064764648283336,67.57289697154509,3.635281280264488
53,2,33,20,[   0 1045 1046],0.06064764648283336,67.57289697154509,3.635281280264488
54,2,33,40,[   0 1045 1046],0.06064764648283336,67.57289697154509,3.635281280264488
55,2,33,60,[   0 1045 1046],0.06064764648283336,67.57289697154509,3.635281280264488
56,2,34,0,[   0    1 1045 1046],0.10349025132586559,69.82658108000531,3.1587043375058137
57,2,34,20,[   0 1045 1046],0.10349025132586559,69.82658108000531,3.1587043375058137
58,2,34,40,[   0 1045 1046],0.10349025132586559,69.82658108000531,3.1587043375058137
59,2,34,60,[   0 1045 1046],0.10349025132586559,69.82658108000531,3.1587043375058137
60,2,35,0,[   0   14 1045 1046],0.12976904371115308,63.060252412158775,2.9265717789765464
61,2,35,20,[   0   14 1046],0.12976904371115308,63.060252412158775,2.9265717789765464
62,2,35,40,[   0   14 1046],0.12976904371115308,63.060252412158775,2.9265717789765464
63,2,35,60,[   0   14 1046],0.12976904371115308,63.060252412158775,2.9265717789765464
64,2,36,0,[   0   14 1040 1046],0.1286905651928124,59.947453491326634,2.933896560012311
65,2,36,20,[   0   14 1046],0.1286905651928124,59.947453491326634,2.933896560012311
66,2,36,40,[   0   14 1046],0.1286905651928124,59.947453491326634,2.933896560012311
67,2,36,60,[   0   14 1046],0.1286905651928124,59.947453491326634,2.933896560012311
68,2,37,0,[   0   14 1040 1046],0.09542361008021019,68.54234238300914,3.0881713584783546
69,2,37,20,[   0   14 1046],0.09542361008021019,68.54234238300914,3.0881713584783546
70,2,37,40,[   0   14 1046],0.09542361008021019,68.54234238300914,3.0881713584783546
71,2,37,60,[   0   14 1046],0.09542361008021019,68.54234238300914,3.0881713584783546
72,2,38,0,[   0    1 1044 1046],0.08011527549570595,69.51581990632656,3.3820324628662095
73,2,38,20,[   0 1044 1046],0.08011527549570595,69.51581990632656,3.3820324628662095
74,2,38,40,[   0 1044 1046],0.08011527549570595,69.51581990632656,3.3820324628662095
75,2,38,60,[   0 1044 1046],0.08011527549570595,69.51581990632656,3.3820324628662095
76,2,39,0,[   0   12 1044 1046],0.09561932028440454,69.48084243167102,3.156730286969813
77,2,39,20,[   0   12 1046],0.09561932028440454,69.48084243167102,3.156730286969813
78,2,39,40,[   0   12 1046],0.09561932028440454,69.48084243167102,3.156730286969813
79,2,39,60,[   0   12 1046],0.09561932028440454,69.48084243167102,3.156730286969813
80,2,40,0,[   0    2 1044 1046],0.08452297134928335,68.76785469184287,3.40877328775687
81,2,40,20,[   0 1044 1046],0.08452297134928335,68.76785469184287,3.40877328775687
82,2,40,40,[   0 1044 1046],0.08452297134928335,68.76785469184287,3.40877328775687
83,2,40,60,[   0 1044 1046],0.08452297134928335,68.76785469184287,3.40877328775687
84,2,41,0,[   0    1 1044 1046],0.05008143509845234,64.34463359958725,3.8910547180997384
85,2,41,20,[   0 1044 1046],0.05008143509845234,64.34463359958725,3.8910547180997384
86,2,41,40,[   0 1044 1046],0.05008143509845234,64.34463359958725,3.8910547180997384
87,2,41,60,[   0 1044 1046],0.05008143509845234,64.34463359958725,3.8910547180997384
88,2,42,0,[   0   14 1045 1046],0.09792942469187667,69.79154674270085,3.233914133304574
89,2,42,20,[   0   14 1046],0.09792942469187667,69.79154674270085,3.233914133304574
90,2,42,40,[   0   14 1046],0.09792942469187667,69.79154674270085,3.233914133304574
91,2,42,60,[   0   14 1046],0.09792942469187667,69.79154674270085,3.233914133304574
92,2,43,0,[   0    1 1044 1046],0.05576214570048127,71.07807544839594,3.71564401894631
93,2,43,20,[   0 1044 1046],0.05576214570048127,71.07807544839594,3.71564401894631
94,2,43,40,[   0 1044 1046],0.05576214570048127,71.07807544839594,3.71564401894631
95,2,43,60,[   0 1044 1046],0.05576214570048127,71.07807544839594,3.71564401894631
96,2,44,0,[   0   14 1045 1046],0.1276578261672595,59.23508040581082,2.9406673069840608
97,2,44,20,[   0   14 1046],0.1276578261672595,59.23508040581082,2.9406673069840608
98,2,44,40,[   0   14 1046],0.1276578261672595,59.23508040581082,2.9406673069840608
99,2,44,60,[   0   14 1046],0.1276578261672595,59.23508040581082,2.9406673069840608
100,2,45,0,[   0   19 1042 1046],0.10964680353974596,59.844155195301546,3.305381268456308
101,2,45,20,[   0   19 1046],0.10964680353974596,59.844155195301546,3.305381268456308
102,2,45,40,[   0   19 1046],0.10964680353974596,59.844155195301546,3.305381268456308
103,2,45,60,[   0   19 1046],0.10964680353974596,59.844155195301546,3.305381268456308
104,2,46,0,[   0    1 1045 1046],0.10677131060144594,61.08196480199949,3.3254805472887647
105,2,46,20,[   0 1045 1046],0.10677131060144594,61.08196480199949,3.3254805472887647
106,2,46,40,[   0 1045 1046],0.10677131060144594,61.08196480199949,3.3254805472887647
107,2,46,60,[   0 1045 1046],0.10677131060144594,61.08196480199949,3.3254805472887647
108,2,47,0,[   0   12 1040 1046],0.11655006755107267,62.64069877114534,3.012318542295434
109,2,47,20,[   0   12 1046],0.11655006755107267,62.64069877114534,3.012318542295434
110,2,47,40,[   0   12 1046],0.11655006755107267,62.64069877114534,3.012318542295434
111,2,47,60,[   0   12 1046],0.11655006755107267,62.64069877114534,3.012318542295434
112,2,48,0,[   0    1 1040 1046],0.10422086078057045,69.14497188448853,3.1664443534072526
113,2,48,20,[   0 1040 1046],0.10422086078057045,69.14497188448853,3.1664443534072526
114,2,48,40,[   0 1040 1046],0.10422086078057045,69.14497188448853,3.1664443534072526
115,2,48,60,[   0 1040 1046],0.10422086078057045,69.14497188448853,3.1664443534072526
116,2,49,0,[   0    1 1045 1046],0.0655970122939213,70.03365435387117,3.4626355086238316
117,2,49,20,[   0 1045 1046],0.0655970122939213,70.03365435387117,3.4626355086238316
118,2,49,40,[   0 1045 1046],0.0655970122939213,70.03365435387117,3.4626355086238316
119,2,49,60,[   0 1045 1046],0.0655970122939213,70.03365435387117,3.4626355086238316
120,2,50,0,[   0    1 1044 1046],0.05367360970234445,68.09789897370347,3.796002359556944
121,2,50,20,[   0 1044 1046],0.05367360970234445,68.09789897370347,3.796002359556944
122,2,50,40,[   0 1044 1046],0.05367360970234445,68.09789897370347,3.796002359556944
123,2,50,60,[   0 1044 1046],0.05367360970234445,68.09789897370347,3.796002359556944
124,3,20,0,[   0    1   19  614  932 1046],0.026697201137254985,37.22526033993822,4.578972830916765
125,3,20,20,[   0  614  932 1046],0.026697201137254985,37.22526033993822,4.578972830916765
126,3,20,40,[   0  614  932 1046],0.026697201137254985,37.22526033993822,4.578972830916765
127,3,20,60,[   0  614  932 1046],0.026697201137254985,37.22526033993822,4.578972830916765
128,3,21,0,[   0    1   19 1042 1044 1046],-0.0013490362630846889,48.51592789017221,4.261974556781549
129,3,21,20,[   0   19 1046],-0.0013490362630846889,48.51592789017221,4.261974556781549
130,3,21,40,[   0   19 1046],-0.0013490362630846889,48.51592789017221,4.261974556781549
131,3,21,60,[   0   19 1046],-0.0013490362630846889,48.51592789017221,4.261974556781549
132,3,22,0,[   0    1  318  990 1044 1046],0.021631754801684736,42.761473701088924,4.406113606203139
133,3,22,20,[   0  318  990 1046],0.021631754801684736,42.761473701088924,4.406113606203139
134,3,22,40,[   0  318  990 1046],0.021631754801684736,42.761473701088924,4.406113606203139
135,3,22,60,[   0  318 1046],0.021631754801684736,42.761473701088924,4.406113606203139
136,3,23,0,[   0    1   13  614 1044 1046],0.03135381803600779,41.53625477895518,4.777871884938041
137,3,23,20,[   0  614 1046],0.03135381803600779,41.53625477895518,4.777871884938041
138,3,23,40,[   0  614 1046],0.03135381803600779,41.53625477895518,4.777871884938041
139,3,23,60,[   0  614 1046],0.03135381803600779,41.53625477895518,4.777871884938041
140,3,24,0,[   0    1   19 1042 1045 1046],0.0361420836730272,55.394976263298275,3.9992722672987036
141,3,24,20,[   0   19 1046],0.0361420836730272,55.394976263298275,3.9992722672987036
142,3,24,40,[   0   19 1046],0.0361420836730272,55.394976263298275,3.9992722672987036
143,3,24,60,[   0   19 1046],0.0361420836730272,55.394976263298275,3.9992722672987036
144,3,25,0,[   0    1   19 1041 1044 1046],0.0034759336284103256,50.937223514696186,4.112637909740658
145,3,25,20,[   0   19 1046],0.0034759336284103256,50.937223514696186,4.112637909740658
146,3,25,40,[   0   19 1046],0.0034759336284103256,50.937223514696186,4.112637909740658
147,3,25,60,[   0   19 1046],0.0034759336284103256,50.937223514696186,4.112637909740658
148,3,26,0,[   0    1   19 1041 1044 1046],0.0031684842480901054,51.220331158434675,4.068157767121316
149,3,26,20,[   0   19 1046],0.0031684842480901054,51.220331158434675,4.068157767121316
150,3,26,40,[   0   19 1046],0.0031684842480901054,51.220331158434675,4.068157767121316
151,3,26,60,[   0   19 1046],0.0031684842480901054,51.220331158434675,4.068157767121316
152,3,27,0,[   0   13   14 1042 1045 1046],0.04629239680559999,55.390235495568454,3.9673742218031123
153,3,27,20,[   0   13 1046],0.04629239680559999,55.390235495568454,3.9673742218031123
154,3,27,40,[   0   13 1046],0.04629239680559999,55.390235495568454,3.9673742218031123
155,3,27,60,[   0   13 1046],0.04629239680559999,55.390235495568454,3.9673742218031123
156,3,28,0,[   0   14   17  932 1042 1046],0.06419594182727163,53.881621462557675,3.684717863996761
157,3,28,20,[   0  932 1046],0.06419594182727163,53.881621462557675,3.684717863996761
158,3,28,40,[   0  932 1046],0.06419594182727163,53.881621462557675,3.684717863996761
159,3,28,60,[   0  932 1046],0.06419594182727163,53.881621462557675,3.684717863996761
160,3,29,0,[   0   14   17  932 1042 1046],0.06971242452746042,53.74961344761244,3.628237589784384
161,3,29,20,[   0  932 1046],0.06971242452746042,53.74961344761244,3.628237589784384
162,3,29,40,[   0  932 1046],0.06971242452746042,53.74961344761244,3.628237589784384
163,3,29,60,[   0  932 1046],0.06971242452746042,53.74961344761244,3.628237589784384
164,3,30,0,[   0   14   66 1042 1044 1046],0.07148516495299742,54.868948265838945,3.4408313507601815
165,3,30,20,[   0   66 1046],0.07148516495299742,54.868948265838945,3.4408313507601815
166,3,30,40,[   0   66 1046],0.07148516495299742,54.868948265838945,3.4408313507601815
167,3,30,60,[   0   66 1046],0.07148516495299742,54.868948265838945,3.4408313507601815
168,3,31,0,[   0    1   19 1042 1044 1046],0.039722962035092964,51.46573647967044,3.9537494012431917
169,3,31,20,[   0   19 1046],0.039722962035092964,51.46573647967044,3.9537494012431917
170,3,31,40,[   0   19 1046],0.039722962035092964,51.46573647967044,3.9537494012431917
171,3,31,60,[   0   19 1046],0.039722962035092964,51.46573647967044,3.9537494012431917
172,3,32,0,[   0    1   19 1043 1044 1046],0.04205605387345582,55.736270826865066,3.8935178272655904
173,3,32,20,[   0   19 1046],0.04205605387345582,55.736270826865066,3.8935178272655904
174,3,32,40,[   0   19 1046],0.04205605387345582,55.736270826865066,3.8935178272655904
175,3,32,60,[   0   19 1046],0.04205605387345582,55.736270826865066,3.8935178272655904
176,3,33,0,[   0    1   19 1042 1045 1046],0.04652318374447009,52.43280802172995,3.8099180598024365
177,3,33,20,[   0   19 1046],0.04652318374447009,52.43280802172995,3.8099180598024365
178,3,33,40,[   0   19 1046],0.04652318374447009,52.43280802172995,3.8099180598024365
179,3,33,60,[   0   19 1046],0.04652318374447009,52.43280802172995,3.8099180598024365
180,3,34,0,[   0    1   19 1042 1045 1046],0.0702529847626107,56.44812110342757,3.6620359016906345
181,3,34,20,[   0   19 1046],0.0702529847626107,56.44812110342757,3.6620359016906345
182,3,34,40,[   0   19 1046],0.0702529847626107,56.44812110342757,3.6620359016906345
183,3,34,60,[   0   19 1046],0.0702529847626107,56.44812110342757,3.6620359016906345
184,3,35,0,[   0   14   19 1042 1045 1046],0.09706176829696489,52.831472670040746,3.2452064835713657
185,3,35,20,[   0   19 1046],0.09706176829696489,52.831472670040746,3.2452064835713657
186,3,35,40,[   0   19 1046],0.09706176829696489,52.831472670040746,3.2452064835713657
187,3,35,60,[   0   19 1046],0.09706176829696489,52.831472670040746,3.2452064835713657
188,3,36,0,[   0   14   19 1040 1042 1046],0.10130484095079657,51.587416827928976,3.1547536105625213
189,3,36,20,[   0   19 1046],0.10130484095079657,51.587416827928976,3.1547536105625213
190,3,36,40,[   0   19 1046],0.10130484095079657,51.587416827928976,3.1547536105625213
191,3,36,60,[   0   19 1046],0.10130484095079657,51.587416827928976,3.1547536105625213
192,3,37,0,[   0   14   19 1040 1042 1046],0.07731492625883732,55.733569907532384,3.33367775467014
193,3,37,20,[   0   19 1046],0.07731492625883732,55.733569907532384,3.33367775467014
194,3,37,40,[   0   19 1046],0.07731492625883732,55.733569907532384,3.33367775467014
195,3,37,60,[   0   19 1046],0.07731492625883732,55.733569907532384,3.33367775467014
196,3,38,0,[   0    1   19 1042 1044 1046],0.06648649508780442,54.527686887884954,3.535959814235985
197,3,38,20,[   0   19 1046],0.06648649508780442,54.527686887884954,3.535959814235985
198,3,38,40,[   0   19 1046],0.06648649508780442,54.527686887884954,3.535959814235985
199,3,38,60,[   0   19 1046],0.06648649508780442,54.527686887884954,3.535959814235985
200,3,39,0,[   0   12   19 1042 1044 1046],0.07711697736535611,56.54367675018247,3.477808245785882
201,3,39,20,[   0   19 1046],0.07711697736535611,56.54367675018247,3.477808245785882
202,3,39,40,[   0   19 1046],0.07711697736535611,56.54367675018247,3.477808245785882
203,3,39,60,[   0   19 1046],0.07711697736535611,56.54367675018247,3.477808245785882
204,3,40,0,[   0    2   19 1042 1044 1046],0.058325783000418546,53.69879052672848,3.782758127000458
205,3,40,20,[   0   19 1046],0.058325783000418546,53.69879052672848,3.782758127000458
206,3,40,40,[   0   19 1046],0.058325783000418546,53.69879052672848,3.782758127000458
207,3,40,60,[   0   19 1046],0.058325783000418546,53.69879052672848,3.782758127000458
208,3,41,0,[   0    1   30 1044 1045 1046],0.022276522400149903,47.62548294430809,4.029548561024646
209,3,41,20,[   0   30 1046],0.022276522400149903,47.62548294430809,4.029548561024646
210,3,41,40,[   0   30 1046],0.022276522400149903,47.62548294430809,4.029548561024646
211,3,41,60,[   0   30 1046],0.022276522400149903,47.62548294430809,4.029548561024646
212,3,42,0,[   0   14   19 1042 1045 1046],0.0813846062922739,55.12503745168787,3.39316530559449
213,3,42,20,[   0   19 1046],0.0813846062922739,55.12503745168787,3.39316530559449
214,3,42,40,[   0   19 1046],0.0813846062922739,55.12503745168787,3.39316530559449
215,3,42,60,[   0   19 1046],0.0813846062922739,55.12503745168787,3.39316530559449
216,3,43,0,[   0    1    7 1041 1044 1046],0.03062783696055069,50.82303903192916,3.873694313689153
217,3,43,20,[   0    7 1046],0.03062783696055069,50.82303903192916,3.873694313689153
218,3,43,40,[   0    7 1046],0.03062783696055069,50.82303903192916,3.873694313689153
219,3,43,60,[   0    7 1046],0.03062783696055069,50.82303903192916,3.873694313689153
220,3,44,0,[   0   14   19 1042 1045 1046],0.0868839744103154,54.56626058978391,3.3685509337089616
221,3,44,20,[   0   19 1046],0.0868839744103154,54.56626058978391,3.3685509337089616
222,3,44,40,[   0   19 1046],0.0868839744103154,54.56626058978391,3.3685509337089616
223,3,44,60,[   0   19 1046],0.0868839744103154,54.56626058978391,3.3685509337089616
224,3,45,0,[   0   12   19 1042 1045 1046],0.07498459091903946,54.03308454860746,3.509730256502284
225,3,45,20,[   0   19 1046],0.07498459091903946,54.03308454860746,3.509730256502284
226,3,45,40,[   0   19 1046],0.07498459091903946,54.03308454860746,3.509730256502284
227,3,45,60,[   0   19 1046],0.07498459091903946,54.03308454860746,3.509730256502284
228,3,46,0,[   0    1   19 1042 1045 1046],0.07573331161186625,53.14201426116857,3.5585573269272017
229,3,46,20,[   0   19 1046],0.07573331161186625,53.14201426116857,3.5585573269272017
230,3,46,40,[   0   19 1046],0.07573331161186625,53.14201426116857,3.5585573269272017
231,3,46,60,[   0   19 1046],0.07573331161186625,53.14201426116857,3.5585573269272017
232,3,47,0,[   0   12   19 1040 1042 1046],0.08888546783197546,53.786449048745574,3.257421069171132
233,3,47,20,[   0   19 1046],0.08888546783197546,53.786449048745574,3.257421069171132
234,3,47,40,[   0   19 1046],0.08888546783197546,53.786449048745574,3.257421069171132
235,3,47,60,[   0   19 1046],0.08888546783197546,53.786449048745574,3.257421069171132
236,3,48,0,[   0    1   20 1040 1042 1046],0.0861233323474854,55.08559190732179,3.3016880528475663
237,3,48,20,[   0   20 1046],0.0861233323474854,55.08559190732179,3.3016880528475663
238,3,48,40,[   0   20 1046],0.0861233323474854,55.08559190732179,3.3016880528475663
239,3,48,60,[   0   20 1046],0.0861233323474854,55.08559190732179,3.3016880528475663
240,3,49,0,[   0    1   19 1042 1045 1046],0.054060915340624904,54.12260710958668,3.6341987329296632
241,3,49,20,[   0   19 1046],0.054060915340624904,54.12260710958668,3.6341987329296632
242,3,49,40,[   0   19 1046],0.054060915340624904,54.12260710958668,3.6341987329296632
243,3,49,60,[   0   19 1046],0.054060915340624904,54.12260710958668,3.6341987329296632
244,3,50,0,[   0    1   14 1044 1045 1046],0.02272002705334922,54.019959112378864,4.075419558772664
245,3,50,20,[   0   14 1046],0.02272002705334922,54.019959112378864,4.075419558772664
246,3,50,40,[   0   14 1046],0.02272002705334922,54.019959112378864,4.075419558772664
247,3,50,60,[   0   14 1046],0.02272002705334922,54.019959112378864,4.075419558772664
248,4,20,0,[   0    1   19  614  661  932 1042 1046],0.021101685330255023,29.821551610387438,8.036287413015314
249,4,20,20,[   0  614  661  932 1046],0.021101685330255023,29.821551610387438,8.036287413015314
250,4,20,40,[   0  614  661  932 1046],0.021101685330255023,29.821551610387438,8.036287413015314
251,4,20,60,[   0  614  932 1046],0.021101685330255023,29.821551610387438,8.036287413015314
252,4,21,0,[   0    1   19  386  932 1042 1044 1046],-0.006905276954809248,36.29937067838836,5.08358547080323
253,4,21,20,[   0  386  932 1046],-0.006905276954809248,36.29937067838836,5.08358547080323
254,4,21,40,[   0  386  932 1046],-0.006905276954809248,36.29937067838836,5.08358547080323
255,4,21,60,[   0  386  932 1046],-0.006905276954809248,36.29937067838836,5.08358547080323
256,4,22,0,[   0    1  305  318  990 1042 1044 1046],0.006888486039473593,33.89791655762143,5.039122738685808
257,4,22,20,[   0  305  990 1046],0.006888486039473593,33.89791655762143,5.039122738685808
258,4,22,40,[   0  305  990 1046],0.006888486039473593,33.89791655762143,5.039122738685808
259,4,22,60,[   0  305 1046],0.006888486039473593,33.89791655762143,5.039122738685808
260,4,23,0,[   0    1   13  614  661 1042 1044 1046],0.02524529303292618,33.10004394140586,8.621422333955167
261,4,23,20,[   0  614  661 1046],0.02524529303292618,33.10004394140586,8.621422333955167
262,4,23,40,[   0  614  661 1046],0.02524529303292618,33.10004394140586,8.621422333955167
263,4,23,60,[   0  661 1046],0.02524529303292618,33.10004394140586,8.621422333955167
264,4,24,0,[   0    1   19  251  736 1042 1045 1046],-0.00998599877725095,40.447366349011276,4.3679708924816865
265,4,24,20,[   0  251  736 1046],-0.00998599877725095,40.447366349011276,4.3679708924816865
266,4,24,40,[   0  251  736 1046],-0.00998599877725095,40.447366349011276,4.3679708924816865
267,4,24,60,[   0  251  736 1046],-0.00998599877725095,40.447366349011276,4.3679708924816865
268,4,25,0,[   0    1   19  223 1041 1044 1045 1046],-0.00866551215491684,39.33523039068368,4.82261271474168
269,4,25,20,[   0  223 1046],-0.00866551215491684,39.33523039068368,4.82261271474168
270,4,25,40,[   0  223 1046],-0.00866551215491684,39.33523039068368,4.82261271474168
271,4,25,60,[   0  223 1046],-0.00866551215491684,39.33523039068368,4.82261271474168
272,4,26,0,[   0    1   19  223 1041 1044 1045 1046],-0.008053371412028608,39.84700372171368,4.751598956112286
273,4,26,20,[   0  223 1046],-0.008053371412028608,39.84700372171368,4.751598956112286
274,4,26,40,[   0  223 1046],-0.008053371412028608,39.84700372171368,4.751598956112286
275,4,26,60,[   0  223 1046],-0.008053371412028608,39.84700372171368,4.751598956112286
276,4,27,0,[   0    1   13   14 1042 1044 1045 1046],-0.010269343261420451,42.69902374490313,4.48268786923555
277,4,27,20,[   0   13 1046],-0.010269343261420451,42.69902374490313,4.48268786923555
278,4,27,40,[   0   13 1046],-0.010269343261420451,42.69902374490313,4.48268786923555
279,4,27,60,[   0   13 1046],-0.010269343261420451,42.69902374490313,4.48268786923555
280,4,28,0,[   0    1   14   17  932 1042 1044 1046],0.00557373534101927,42.96305454048594,4.571991754732126
281,4,28,20,[   0  932 1046],0.00557373534101927,42.96305454048594,4.571991754732126
282,4,28,40,[   0  932 1046],0.00557373534101927,42.96305454048594,4.571991754732126
283,4,28,60,[   0  932 1046],0.00557373534101927,42.96305454048594,4.571991754732126
284,4,29,0,[   0    7   14   17  810  932 1042 1046],3.3619785876008445e-05,41.66624398550463,4.003007425668911
285,4,29,20,[   0  810  932 1046],3.3619785876008445e-05,41.66624398550463,4.003007425668911
286,4,29,40,[   0  810  932 1046],3.3619785876008445e-05,41.66624398550463,4.003007425668911
287,4,29,60,[   0  810  932 1046],3.3619785876008445e-05,41.66624398550463,4.003007425668911
288,4,30,0,[   0    7   14   66  736 1042 1044 1046],-0.002572192552735733,42.737141123677354,3.627925805459755
289,4,30,20,[   0   66  736 1046],-0.002572192552735733,42.737141123677354,3.627925805459755
290,4,30,40,[   0   66  736 1046],-0.002572192552735733,42.737141123677354,3.627925805459755
291,4,30,60,[   0   66  736 1046],-0.002572192552735733,42.737141123677354,3.627925805459755
292,4,31,0,[   0    1    7   19 1041 1042 1044 1046],0.008222218060457748,42.05042879213432,4.080682095166776
293,4,31,20,[   0   19 1046],0.008222218060457748,42.05042879213432,4.080682095166776
294,4,31,40,[   0   19 1046],0.008222218060457748,42.05042879213432,4.080682095166776
295,4,31,60,[   0   19 1046],0.008222218060457748,42.05042879213432,4.080682095166776
296,4,32,0,[   0    1    7   19 1041 1043 1044 1046],-0.0034308443548143985,42.29128568639331,4.460353784225662
297,4,32,20,[   0   19 1046],-0.0034308443548143985,42.29128568639331,4.460353784225662
298,4,32,40,[   0   19 1046],-0.0034308443548143985,42.29128568639331,4.460353784225662
299,4,32,60,[   0   19 1046],-0.0034308443548143985,42.29128568639331,4.460353784225662
300,4,33,0,[   0    1    7   19  791 1042 1045 1046],0.003922230195097411,42.269221400063444,3.8404498169088
301,4,33,20,[   0  791 1046],0.003922230195097411,42.269221400063444,3.8404498169088
302,4,33,40,[   0  791 1046],0.003922230195097411,42.269221400063444,3.8404498169088
303,4,33,60,[   0  791 1046],0.003922230195097411,42.269221400063444,3.8404498169088
304,4,34,0,[   0    1    7   19  791 1042 1045 1046],0.0029263890845490784,44.273197158933485,3.8078899463067937
305,4,34,20,[   0  791 1046],0.0029263890845490784,44.273197158933485,3.8078899463067937
306,4,34,40,[   0  791 1046],0.0029263890845490784,44.273197158933485,3.8078899463067937
307,4,34,60,[   0  791 1046],0.0029263890845490784,44.273197158933485,3.8078899463067937
308,4,35,0,[   0    1   14   19 1042 1044 1045 1046],0.013897210983980855,43.64828795548392,4.55250415789501
309,4,35,20,[   0   19 1046],0.013897210983980855,43.64828795548392,4.55250415789501
310,4,35,40,[   0   19 1046],0.013897210983980855,43.64828795548392,4.55250415789501
311,4,35,60,[   0   19 1046],0.013897210983980855,43.64828795548392,4.55250415789501
312,4,36,0,[   0    1   14   19 1040 1042 1045 1046],0.014040084933666385,43.62630130429526,4.441692233544928
313,4,36,20,[   0   19 1046],0.014040084933666385,43.62630130429526,4.441692233544928
314,4,36,40,[   0   19 1046],0.014040084933666385,43.62630130429526,4.441692233544928
315,4,36,60,[   0   19 1046],0.014040084933666385,43.62630130429526,4.441692233544928
316,4,37,0,[   0    1   14   19 1040 1042 1045 1046],0.01647992628138346,44.058259631776416,4.583570442969411
317,4,37,20,[   0   19 1046],0.01647992628138346,44.058259631776416,4.583570442969411
318,4,37,40,[   0   19 1046],0.01647992628138346,44.058259631776416,4.583570442969411
319,4,37,60,[   0   19 1046],0.01647992628138346,44.058259631776416,4.583570442969411
320,4,38,0,[   0    1    7   19 1042 1043 1044 1046],0.019706542339933786,44.1939329240986,4.081975402399779
321,4,38,20,[   0   19 1046],0.019706542339933786,44.1939329240986,4.081975402399779
322,4,38,40,[   0   19 1046],0.019706542339933786,44.1939329240986,4.081975402399779
323,4,38,60,[   0   19 1046],0.019706542339933786,44.1939329240986,4.081975402399779
324,4,39,0,[   0    1   12   19 1041 1042 1044 1046],0.004846467656708044,44.74774829453188,4.646524844326832
325,4,39,20,[   0   19 1046],0.004846467656708044,44.74774829453188,4.646524844326832
326,4,39,40,[   0   19 1046],0.004846467656708044,44.74774829453188,4.646524844326832
327,4,39,60,[   0   19 1046],0.004846467656708044,44.74774829453188,4.646524844326832
328,4,40,0,[   0    2    7   19  768 1042 1044 1046],0.0033881468984870945,41.74416886130897,3.976577751967675
329,4,40,20,[   0  768 1046],0.0033881468984870945,41.74416886130897,3.976577751967675
330,4,40,40,[   0  768 1046],0.0033881468984870945,41.74416886130897,3.976577751967675
331,4,40,60,[   0  768 1046],0.0033881468984870945,41.74416886130897,3.976577751967675
332,4,41,0,[   0    1   19   30 1042 1044 1045 1046],0.015967615468528446,41.613437161630515,4.290617957931447
333,4,41,20,[   0   19 1046],0.015967615468528446,41.613437161630515,4.290617957931447
334,4,41,40,[   0   19 1046],0.015967615468528446,41.613437161630515,4.290617957931447
335,4,41,60,[   0   19 1046],0.015967615468528446,41.613437161630515,4.290617957931447
336,4,42,0,[   0    2   14   19 1042 1044 1045 1046],-0.0030700062137402374,43.68557869193147,4.447838965668604
337,4,42,20,[   0   19 1046],-0.0030700062137402374,43.68557869193147,4.447838965668604
338,4,42,40,[   0   19 1046],-0.0030700062137402374,43.68557869193147,4.447838965668604
339,4,42,60,[   0   19 1046],-0.0030700062137402374,43.68557869193147,4.447838965668604
340,4,43,0,[   0    1    7   19 1041 1043 1044 1046],0.011584180864382084,41.551019692809035,4.432442882100691
341,4,43,20,[   0   19 1046],0.011584180864382084,41.551019692809035,4.432442882100691
342,4,43,40,[   0   19 1046],0.011584180864382084,41.551019692809035,4.432442882100691
343,4,43,60,[   0   19 1046],0.011584180864382084,41.551019692809035,4.432442882100691
344,4,44,0,[   0    7   14   19  815 1042 1045 1046],0.008520642287959127,43.310522760902,3.719472243411456
345,4,44,20,[   0  815 1046],0.008520642287959127,43.310522760902,3.719472243411456
346,4,44,40,[   0  815 1046],0.008520642287959127,43.310522760902,3.719472243411456
347,4,44,60,[   0  815 1046],0.008520642287959127,43.310522760902,3.719472243411456
348,4,45,0,[   0    1   12   19 1042 1044 1045 1046],0.004599727182992822,43.49995274885991,4.562335535935316
349,4,45,20,[   0   19 1046],0.004599727182992822,43.49995274885991,4.562335535935316
350,4,45,40,[   0   19 1046],0.004599727182992822,43.49995274885991,4.562335535935316
351,4,45,60,[   0   19 1046],0.004599727182992822,43.49995274885991,4.562335535935316
352,4,46,0,[   0    1    4   19 1042 1043 1045 1046],-0.0013545513412581143,43.30541394057301,4.472440227500214
353,4,46,20,[   0   19 1046],-0.0013545513412581143,43.30541394057301,4.472440227500214
354,4,46,40,[   0   19 1046],-0.0013545513412581143,43.30541394057301,4.472440227500214
355,4,46,60,[   0   19 1046],-0.0013545513412581143,43.30541394057301,4.472440227500214
356,4,47,0,[   0    1   12   19 1040 1042 1045 1046],0.009458702523171728,44.425759633981606,4.429612711569045
357,4,47,20,[   0   19 1046],0.009458702523171728,44.425759633981606,4.429612711569045
358,4,47,40,[   0   19 1046],0.009458702523171728,44.425759633981606,4.429612711569045
359,4,47,60,[   0   19 1046],0.009458702523171728,44.425759633981606,4.429612711569045
360,4,48,0,[   0    1    7   20 1040 1042 1044 1046],0.023800188533779812,44.72858229460915,4.031316877879673
361,4,48,20,[   0   20 1046],0.023800188533779812,44.72858229460915,4.031316877879673
362,4,48,40,[   0   20 1046],0.023800188533779812,44.72858229460915,4.031316877879673
363,4,48,60,[   0   20 1046],0.023800188533779812,44.72858229460915,4.031316877879673
364,4,49,0,[   0    1    7   19 1042 1044 1045 1046],0.020359111308998472,44.358200538998794,4.023007792885729
365,4,49,20,[   0   19 1046],0.020359111308998472,44.358200538998794,4.023007792885729
366,4,49,40,[   0   19 1046],0.020359111308998472,44.358200538998794,4.023007792885729
367,4,49,60,[   0   19 1046],0.020359111308998472,44.358200538998794,4.023007792885729
368,4,50,0,[   0    1   14   26 1042 1044 1045 1046],0.017337150909957716,44.00280487696849,4.302084504787798
369,4,50,20,[   0   14 1046],0.017337150909957716,44.00280487696849,4.302084504787798
370,4,50,40,[   0   14 1046],0.017337150909957716,44.00280487696849,4.302084504787798
371,4,50,60,[   0   14 1046],0.017337150909957716,44.00280487696849,4.302084504787798
372,5,20,0,[   0    1   19  383  397  614  661  932 1042 1046],-0.05408358838500494,23.65401674252692,8.018543123453824
373,5,20,20,[   0  383  614  661  932 1046],-0.05408358838500494,23.65401674252692,8.018543123453824
374,5,20,40,[   0  383  614  661  932 1046],-0.05408358838500494,23.65401674252692,8.018543123453824
375,5,20,60,[   0  383  614  932 1046],-0.05408358838500494,23.65401674252692,8.018543123453824
376,5,21,0,[   0    1   19  386  932 1018 1019 1044 1046],-0.006144503335509409,29.387718957805575,4.147346325505248
377,5,21,20,[   0  386  932 1018 1046],-0.006144503335509409,29.387718957805575,4.147346325505248
378,5,21,40,[   0  386  932 1046],-0.006144503335509409,29.387718957805575,4.147346325505248
379,5,21,60,[   0  386  932 1046],-0.006144503335509409,29.387718957805575,4.147346325505248
380,5,22,0,[   0    1  251  305  318  689  990 1042 1044 1046],-0.01184940761582544,28.685931483816105,4.8864254548831925
381,5,22,20,[   0  251  305  689  990 1046],-0.01184940761582544,28.685931483816105,4.8864254548831925
382,5,22,40,[   0  251  305  689  990 1046],-0.01184940761582544,28.685931483816105,4.8864254548831925
383,5,22,60,[   0  305  689 1046],-0.01184940761582544,28.685931483816105,4.8864254548831925
384,5,23,0,[   0    1   13  433  614  661 1041 1042 1044 1046],-0.009625422297428745,26.427467835351347,9.120965598576998
385,5,23,20,[   0  433  614  661 1046],-0.009625422297428745,26.427467835351347,9.120965598576998
386,5,23,40,[   0  433  614  661 1046],-0.009625422297428745,26.427467835351347,9.120965598576998
387,5,23,60,[   0  433  614 1046],-0.009625422297428745,26.427467835351347,9.120965598576998
388,5,24,0,[   0 1018 1019 1046],-0.009138717434367083,32.54133154553427,3.575681758029167
389,5,24,20,[   0  251  736 1018 1046],-0.009138717434367083,32.54133154553427,3.575681758029167
390,5,24,40,[   0  251  736 1046],-0.009138717434367083,32.54133154553427,3.575681758029167
391,5,24,60,[   0  251  736 1046],-0.009138717434367083,32.54133154553427,3.575681758029167
392,5,25,0,[   0    1   12   19  186  223 1041 1044 1045 1046],-0.015861441508277563,31.912931236153483,7.838573310047524
393,5,25,20,[   0  186  223 1046],-0.015861441508277563,31.912931236153483,7.838573310047524
394,5,25,40,[   0  186 1046],-0.015861441508277563,31.912931236153483,7.838573310047524
395,5,25,60,[   0  186 1046],-0.015861441508277563,31.912931236153483,7.838573310047524
396,5,26,0,[   0    1   19   30  186  223 1041 1044 1045 1046],-0.013448075276127276,32.15827428351532,6.982932166112474
397,5,26,20,[   0  186  223 1046],-0.013448075276127276,32.15827428351532,6.982932166112474
398,5,26,40,[   0  186 1046],-0.013448075276127276,32.15827428351532,6.982932166112474
399,5,26,60,[   0  186 1046],-0.013448075276127276,32.15827428351532,6.982932166112474
400,5,27,0,[   0    1   13   14  305 1030 1042 1044 1045 1046],-0.00881172162707014,34.33155720265615,5.203823920059837
401,5,27,20,[   0  305 1046],-0.00881172162707014,34.33155720265615,5.203823920059837
402,5,27,40,[   0  305 1046],-0.00881172162707014,34.33155720265615,5.203823920059837
403,5,27,60,[   0  305 1046],-0.00881172162707014,34.33155720265615,5.203823920059837
404,5,28,0,[   0    1    7   14   17  689  932 1042 1044 1046],-0.01388983362280369,35.21016881500257,4.5419606763692375
405,5,28,20,[   0  689  932 1046],-0.01388983362280369,35.21016881500257,4.5419606763692375
406,5,28,40,[   0  689  932 1046],-0.01388983362280369,35.21016881500257,4.5419606763692375
407,5,28,60,[   0  689  932 1046],-0.01388983362280369,35.21016881500257,4.5419606763692375
408,5,29,0,[   0    1    7   14   17  810  932 1042 1044 1046],-0.012155961237407848,35.064943122843,4.8891421080793425
409,5,29,20,[   0  810  932 1046],-0.012155961237407848,35.064943122843,4.8891421080793425
410,5,29,40,[   0  810  932 1046],-0.012155961237407848,35.064943122843,4.8891421080793425
411,5,29,60,[   0  810  932 1046],-0.012155961237407848,35.064943122843,4.8891421080793425
412,5,30,0,[   0    7   14   19   66  736 1041 1042 1044 1046],-0.00978904748034148,34.96748752101212,5.221609794344336
413,5,30,20,[   0   66  736 1046],-0.00978904748034148,34.96748752101212,5.221609794344336
414,5,30,40,[   0   66  736 1046],-0.00978904748034148,34.96748752101212,5.221609794344336
415,5,30,60,[   0   66  736 1046],-0.00978904748034148,34.96748752101212,5.221609794344336
416,5,31,0,[   0    1    7   19  223  655 1041 1042 1044 1046],0.005682569555491432,33.730371130150324,4.928787286319733
417,5,31,20,[   0  223  655 1046],0.005682569555491432,33.730371130150324,4.928787286319733
418,5,31,40,[   0  223  655 1046],0.005682569555491432,33.730371130150324,4.928787286319733
419,5,31,60,[   0  223  655 1046],0.005682569555491432,33.730371130150324,4.928787286319733
420,5,32,0,[   0    1    7   19  251  791 1041 1043 1044 1046],-0.01407194988166781,34.18098888968648,4.777148994193255
421,5,32,20,[   0  251  791 1046],-0.01407194988166781,34.18098888968648,4.777148994193255
422,5,32,40,[   0  251  791 1046],-0.01407194988166781,34.18098888968648,4.777148994193255
423,5,32,60,[   0  251  791 1046],-0.01407194988166781,34.18098888968648,4.777148994193255
424,5,33,0,[   0    1    7   14   19  655  791 1042 1045 1046],0.0017547522661943236,34.676419641141166,4.628221582255288
425,5,33,20,[   0  655  791 1046],0.0017547522661943236,34.676419641141166,4.628221582255288
426,5,33,40,[   0  655  791 1046],0.0017547522661943236,34.676419641141166,4.628221582255288
427,5,33,60,[   0  655  791 1046],0.0017547522661943236,34.676419641141166,4.628221582255288
428,5,34,0,[   0    1    2    7   19  791 1042 1044 1045 1046],-0.011359269383823428,36.672225113209485,4.857243395082026
429,5,34,20,[   0  791 1046],-0.011359269383823428,36.672225113209485,4.857243395082026
430,5,34,40,[   0  791 1046],-0.011359269383823428,36.672225113209485,4.857243395082026
431,5,34,60,[   0  791 1046],-0.011359269383823428,36.672225113209485,4.857243395082026
432,5,35,0,[   0    1   14   19  259  768 1042 1044 1045 1046],-0.0009873055504442641,35.54690194699205,4.537719636876014
433,5,35,20,[   0  259  768 1046],-0.0009873055504442641,35.54690194699205,4.537719636876014
434,5,35,40,[   0  259  768 1046],-0.0009873055504442641,35.54690194699205,4.537719636876014
435,5,35,60,[   0  259  768 1046],-0.0009873055504442641,35.54690194699205,4.537719636876014
436,5,36,0,[   0    1   14   19   31 1040 1042 1044 1045 1046],-0.018887571254778808,35.701700580892634,4.894719584471213
437,5,36,20,[   0   19 1046],-0.018887571254778808,35.701700580892634,4.894719584471213
438,5,36,40,[   0   19 1046],-0.018887571254778808,35.701700580892634,4.894719584471213
439,5,36,60,[   0   19 1046],-0.018887571254778808,35.701700580892634,4.894719584471213
440,5,37,0,[   0    1   14   19   31 1039 1040 1042 1045 1046],-0.009800077421457309,36.07707902425553,4.961690370072612
441,5,37,20,[   0   19 1046],-0.009800077421457309,36.07707902425553,4.961690370072612
442,5,37,40,[   0   19 1046],-0.009800077421457309,36.07707902425553,4.961690370072612
443,5,37,60,[   0   19 1046],-0.009800077421457309,36.07707902425553,4.961690370072612
444,5,38,0,[   0    1    7   14   19  899 1042 1043 1044 1046],0.015010141262139825,36.3467268011262,4.596655806263391
445,5,38,20,[   0  899 1046],0.015010141262139825,36.3467268011262,4.596655806263391
446,5,38,40,[   0  899 1046],0.015010141262139825,36.3467268011262,4.596655806263391
447,5,38,60,[   0  899 1046],0.015010141262139825,36.3467268011262,4.596655806263391
448,5,39,0,[   0    1    7   12   19  768 1041 1042 1044 1046],-0.008719791096540868,36.355917107910564,4.887732507810391
449,5,39,20,[   0  768 1046],-0.008719791096540868,36.355917107910564,4.887732507810391
450,5,39,40,[   0  768 1046],-0.008719791096540868,36.355917107910564,4.887732507810391
451,5,39,60,[   0  768 1046],-0.008719791096540868,36.355917107910564,4.887732507810391
452,5,40,0,[   0    1    2    7   19  768 1042 1043 1044 1046],-0.010504443706283693,34.18279907023097,4.739678175287867
453,5,40,20,[   0  768 1046],-0.010504443706283693,34.18279907023097,4.739678175287867
454,5,40,40,[   0  768 1046],-0.010504443706283693,34.18279907023097,4.739678175287867
455,5,40,60,[   0  768 1046],-0.010504443706283693,34.18279907023097,4.739678175287867
456,5,41,0,[   0    1    7   19   30  768 1042 1044 1045 1046],-0.0019580459153299874,35.664605097703586,4.1438259639418416
457,5,41,20,[   0  768 1046],-0.0019580459153299874,35.664605097703586,4.1438259639418416
458,5,41,40,[   0  768 1046],-0.0019580459153299874,35.664605097703586,4.1438259639418416
459,5,41,60,[   0  768 1046],-0.0019580459153299874,35.664605097703586,4.1438259639418416
460,5,42,0,[   0    2    7   14   19  768 1042 1044 1045 1046],-0.02675674552551499,35.65322980445616,4.550775510778442
461,5,42,20,[   0  768 1046],-0.02675674552551499,35.65322980445616,4.550775510778442
462,5,42,40,[   0  768 1046],-0.02675674552551499,35.65322980445616,4.550775510778442
463,5,42,60,[   0  768 1046],-0.02675674552551499,35.65322980445616,4.550775510778442
464,5,43,0,[   0    1    7   19   30  899 1041 1043 1044 1046],0.006707808006438862,35.46771418121188,4.467938468196784
465,5,43,20,[   0  899 1046],0.006707808006438862,35.46771418121188,4.467938468196784
466,5,43,40,[   0  899 1046],0.006707808006438862,35.46771418121188,4.467938468196784
467,5,43,60,[   0  899 1046],0.006707808006438862,35.46771418121188,4.467938468196784
468,5,44,0,[   0    1    7   14   19  815 1039 1042 1045 1046],0.0017842095287581834,36.83622693909526,4.712928383853429
469,5,44,20,[   0  815 1046],0.0017842095287581834,36.83622693909526,4.712928383853429
470,5,44,40,[   0  815 1046],0.0017842095287581834,36.83622693909526,4.712928383853429
471,5,44,60,[   0  815 1046],0.0017842095287581834,36.83622693909526,4.712928383853429
472,5,45,0,[   0    1    7   12   19  815 1042 1044 1045 1046],-0.008397806772417223,36.17353118341203,4.579817109839191
473,5,45,20,[   0  815 1046],-0.008397806772417223,36.17353118341203,4.579817109839191
474,5,45,40,[   0  815 1046],-0.008397806772417223,36.17353118341203,4.579817109839191
475,5,45,60,[   0  815 1046],-0.008397806772417223,36.17353118341203,4.579817109839191
476,5,46,0,[   0    1    4    7   19  815 1042 1043 1045 1046],-0.02012566060240305,35.88817127592779,4.431150233442476
477,5,46,20,[   0  815 1046],-0.02012566060240305,35.88817127592779,4.431150233442476
478,5,46,40,[   0  815 1046],-0.02012566060240305,35.88817127592779,4.431150233442476
479,5,46,60,[   0  815 1046],-0.02012566060240305,35.88817127592779,4.431150233442476
480,5,47,0,[   0    1    7   12   19 1038 1040 1042 1045 1046],0.006120561796224468,37.31406412366601,4.553907385787367
481,5,47,20,[   0   19 1046],0.006120561796224468,37.31406412366601,4.553907385787367
482,5,47,40,[   0   19 1046],0.006120561796224468,37.31406412366601,4.553907385787367
483,5,47,60,[   0   19 1046],0.006120561796224468,37.31406412366601,4.553907385787367
484,5,48,0,[   0    1    7   12   20 1040 1042 1044 1045 1046],-0.002175158033199728,36.79634390480122,4.768733667069219
485,5,48,20,[   0   20 1046],-0.002175158033199728,36.79634390480122,4.768733667069219
486,5,48,40,[   0   20 1046],-0.002175158033199728,36.79634390480122,4.768733667069219
487,5,48,60,[   0   20 1046],-0.002175158033199728,36.79634390480122,4.768733667069219
488,5,49,0,[   0    1    7   14   19 1040 1042 1044 1045 1046],0.00015702683165229079,37.74286654674796,4.294132489563685
489,5,49,20,[   0   19 1046],0.00015702683165229079,37.74286654674796,4.294132489563685
490,5,49,40,[   0   19 1046],0.00015702683165229079,37.74286654674796,4.294132489563685
491,5,49,60,[   0   19 1046],0.00015702683165229079,37.74286654674796,4.294132489563685
492,5,50,0,[   0    1    7   14   26  815 1042 1044 1045 1046],0.002080657703844076,36.59134312364648,4.516904671305475
493,5,50,20,[   0  815 1046],0.002080657703844076,36.59134312364648,4.516904671305475
494,5,50,40,[   0  815 1046],0.002080657703844076,36.59134312364648,4.516904671305475
495,5,50,60,[   0  815 1046],0.002080657703844076,36.59134312364648,4.516904671305475
496,6,20,0,[   0    1   19  383  397  433  614  661  736  932 1042 1046],-0.05501313956772355,20.73630623808181,7.702557169640741
497,6,20,20,[   0  397  433  614  661  736  932 1046],-0.05501313956772355,20.73630623808181,7.702557169640741
498,6,20,40,[   0  397  614  661  736  932 1046],-0.05501313956772355,20.73630623808181,7.702557169640741
499,6,20,60,[   0  397  661  736  932 1046],-0.05501313956772355,20.73630623808181,7.702557169640741
500,6,21,0,[   0    1   19   30  186  386  932 1018 1019 1044 1046],-0.007602965053305718,24.9919480938454,4.8740437519743764
501,6,21,20,[   0  186  386  932 1018 1046],-0.007602965053305718,24.9919480938454,4.8740437519743764
502,6,21,40,[   0  186  386  932 1046],-0.007602965053305718,24.9919480938454,4.8740437519743764
503,6,21,60,[   0  186  386  932 1046],-0.007602965053305718,24.9919480938454,4.8740437519743764
504,6,22,0,[   0    1   19  251  271  305  318  689  990 1042 1044 1046],-0.01257022203018256,25.553702791211503,6.615247617701843
505,6,22,20,[   0  271  305  689  990 1046],-0.01257022203018256,25.553702791211503,6.615247617701843
506,6,22,40,[   0  305  689  990 1046],-0.01257022203018256,25.553702791211503,6.615247617701843
507,6,22,60,[   0  305  689 1046],-0.01257022203018256,25.553702791211503,6.615247617701843
508,6,23,0,[   0    1   13  251  395  433  614  661 1041 1042 1044 1046],-0.012253658593049381,23.299460293248444,10.4286046360164
509,6,23,20,[   0  251  395  433  614  661 1046],-0.012253658593049381,23.299460293248444,10.4286046360164
510,6,23,40,[   0  251  395  614  661 1046],-0.012253658593049381,23.299460293248444,10.4286046360164
511,6,23,60,[   0  251  395  614 1046],-0.012253658593049381,23.299460293248444,10.4286046360164
512,6,24,0,[   0    1   19  251  736  790 1018 1019 1042 1045 1046],-0.0149650791884969,26.592059987323353,5.911932536094402
513,6,24,20,[   0  251  463  736  790 1018 1046],-0.0149650791884969,26.592059987323353,5.911932536094402
514,6,24,40,[   0  251  463  736  790 1046],-0.0149650791884969,26.592059987323353,5.911932536094402
515,6,24,60,[   0  251  463  736 1046],-0.0149650791884969,26.592059987323353,5.911932536094402
516,6,25,0,[   0    1   12   19  186  223 1018 1019 1041 1044 1045 1046],-0.014994136088954264,27.332118362464342,6.597513412104546
517,6,25,20,[   0  186  223 1018 1046],-0.014994136088954264,27.332118362464342,6.597513412104546
518,6,25,40,[   0  186 1046],-0.014994136088954264,27.332118362464342,6.597513412104546
519,6,25,60,[   0  186 1046],-0.014994136088954264,27.332118362464342,6.597513412104546
520,6,26,0,[   0    1   19   30  186  223 1018 1019 1041 1044 1045 1046],-0.012585925310561179,27.52710206985232,5.884547049553965
521,6,26,20,[   0  186  223 1018 1046],-0.012585925310561179,27.52710206985232,5.884547049553965
522,6,26,40,[   0  186 1046],-0.012585925310561179,27.52710206985232,5.884547049553965
523,6,26,60,[   0  186 1046],-0.012585925310561179,27.52710206985232,5.884547049553965
524,6,27,0,[   0    1   13   14   19  271  305 1030 1042 1044 1045 1046],-0.0064789349912223555,29.53410992757284,6.130726742557442
525,6,27,20,[   0  271  305 1046],-0.0064789349912223555,29.53410992757284,6.130726742557442
526,6,27,40,[   0  305 1046],-0.0064789349912223555,29.53410992757284,6.130726742557442
527,6,27,60,[   0  305 1046],-0.0064789349912223555,29.53410992757284,6.130726742557442
528,6,28,0,[   0    1    7   14   17  689  932 1018 1019 1044 1046],-0.01303690106123207,29.969797502054497,3.8527235516229386
529,6,28,20,[   0  689  932 1018 1046],-0.01303690106123207,29.969797502054497,3.8527235516229386
530,6,28,40,[   0  689  932 1046],-0.01303690106123207,29.969797502054497,3.8527235516229386
531,6,28,60,[   0  689  932 1046],-0.01303690106123207,29.969797502054497,3.8527235516229386
532,6,29,0,[   0    1    7   14   17  810  932 1018 1019 1044 1046],-0.011359149252759392,29.799541290814602,4.148548714090313
533,6,29,20,[   0  810  932 1018 1046],-0.011359149252759392,29.799541290814602,4.148548714090313
534,6,29,40,[   0  810  932 1046],-0.011359149252759392,29.799541290814602,4.148548714090313
535,6,29,60,[   0  810  932 1046],-0.011359149252759392,29.799541290814602,4.148548714090313
536,6,30,0,[   0    7   14   19   66  736 1018 1019 1041 1042 1044 1046],-0.009086073984379106,29.641928836707173,4.432625528096103
537,6,30,20,[   0   66  736 1018 1046],-0.009086073984379106,29.641928836707173,4.432625528096103
538,6,30,40,[   0   66  736 1046],-0.009086073984379106,29.641928836707173,4.432625528096103
539,6,30,60,[   0   66  736 1046],-0.009086073984379106,29.641928836707173,4.432625528096103
540,6,31,0,[   0    1    7   19  223  655  704  932 1041 1042 1044 1046],0.0038389044429127236,28.685866125097995,6.3134184180069655
541,6,31,20,[   0  223  655  704  932 1046],0.0038389044429127236,28.685866125097995,6.3134184180069655
542,6,31,40,[   0  223  655  704  932 1046],0.0038389044429127236,28.685866125097995,6.3134184180069655
543,6,31,60,[   0  223  704  932 1046],0.0038389044429127236,28.685866125097995,6.3134184180069655
544,6,32,0,[   0    1    7   19  251  791 1018 1019 1041 1043 1044 1046],-0.01325167896678386,29.112978256727775,4.049172425139727
545,6,32,20,[   0  251  791 1018 1046],-0.01325167896678386,29.112978256727775,4.049172425139727
546,6,32,40,[   0  251  791 1046],-0.01325167896678386,29.112978256727775,4.049172425139727
547,6,32,60,[   0  251  791 1046],-0.01325167896678386,29.112978256727775,4.049172425139727
548,6,33,0,[   0    1    7   14   19  655  791 1018 1019 1042 1045 1046],0.0024202830801016524,29.42288865372206,3.933490798264243
549,6,33,20,[   0  655  791 1018 1046],0.0024202830801016524,29.42288865372206,3.933490798264243
550,6,33,40,[   0  655  791 1046],0.0024202830801016524,29.42288865372206,3.933490798264243
551,6,33,60,[   0  655  791 1046],0.0024202830801016524,29.42288865372206,3.933490798264243
552,6,34,0,[   0    1    7   19  791 1018 1019 1044 1045 1046],-0.010621575598972808,31.086877427971213,4.1238408028578695
553,6,34,20,[   0  791 1018 1046],-0.010621575598972808,31.086877427971213,4.1238408028578695
554,6,34,40,[   0  791 1046],-0.010621575598972808,31.086877427971213,4.1238408028578695
555,6,34,60,[   0  791 1046],-0.010621575598972808,31.086877427971213,4.1238408028578695
556,6,35,0,[   0    1   14   19   31  259  768 1030 1042 1044 1045 1046],-0.0065030775639763625,30.469643993078257,4.905083768526651
557,6,35,20,[   0  259  768 1046],-0.0065030775639763625,30.469643993078257,4.905083768526651
558,6,35,40,[   0  259  768 1046],-0.0065030775639763625,30.469643993078257,4.905083768526651
559,6,35,60,[   0  259  768 1046],-0.0065030775639763625,30.469643993078257,4.905083768526651
560,6,36,0,[   0    1   14   19   31  259  768 1040 1042 1044 1045 1046],-0.02214358240048179,30.886548212146277,4.798520308599045
561,6,36,20,[   0  259  768 1046],-0.02214358240048179,30.886548212146277,4.798520308599045
562,6,36,40,[   0  259  768 1046],-0.02214358240048179,30.886548212146277,4.798520308599045
563,6,36,60,[   0  259  768 1046],-0.02214358240048179,30.886548212146277,4.798520308599045
564,6,37,0,[   0    1    7   14   19   31  768 1039 1040 1042 1045 1046],-0.01070164453300507,31.202722288225242,5.077936565167294
565,6,37,20,[   0  768 1046],-0.01070164453300507,31.202722288225242,5.077936565167294
566,6,37,40,[   0  768 1046],-0.01070164453300507,31.202722288225242,5.077936565167294
567,6,37,60,[   0  768 1046],-0.01070164453300507,31.202722288225242,5.077936565167294
568,6,38,0,[   0    1    7   14   19   25  899 1030 1042 1043 1044 1046],-0.007494324213369422,31.04229752765367,5.203495128785061
569,6,38,20,[   0  899 1046],-0.007494324213369422,31.04229752765367,5.203495128785061
570,6,38,40,[   0  899 1046],-0.007494324213369422,31.04229752765367,5.203495128785061
571,6,38,60,[   0  899 1046],-0.007494324213369422,31.04229752765367,5.203495128785061
572,6,39,0,[   0    1    7   19  768 1018 1019 1041 1042 1044 1046],-0.008026078403071114,30.794358299153863,4.150632343474267
573,6,39,20,[   0  768 1018 1046],-0.008026078403071114,30.794358299153863,4.150632343474267
574,6,39,40,[   0  768 1046],-0.008026078403071114,30.794358299153863,4.150632343474267
575,6,39,60,[   0  768 1046],-0.008026078403071114,30.794358299153863,4.150632343474267
576,6,40,0,[   0    1    2    7   19   30  654  768 1042 1043 1044 1046],-0.009677333060245319,29.539674130483764,4.882057128459979
577,6,40,20,[   0  654  768 1046],-0.009677333060245319,29.539674130483764,4.882057128459979
578,6,40,40,[   0  654  768 1046],-0.009677333060245319,29.539674130483764,4.882057128459979
579,6,40,60,[   0  654  768 1046],-0.009677333060245319,29.539674130483764,4.882057128459979
580,6,41,0,[   0    1    2    7   19   30  768 1042 1043 1044 1045 1046],-0.011040567517605281,31.12615418087924,4.657453314288966
581,6,41,20,[   0  768 1046],-0.011040567517605281,31.12615418087924,4.657453314288966
582,6,41,40,[   0  768 1046],-0.011040567517605281,31.12615418087924,4.657453314288966
583,6,41,60,[   0  768 1046],-0.011040567517605281,31.12615418087924,4.657453314288966
584,6,42,0,[   0    2    4    7   14   19  768 1042 1043 1044 1045 1046],-0.029675895325372424,30.505380187600988,4.970944101380023
585,6,42,20,[   0  768 1046],-0.029675895325372424,30.505380187600988,4.970944101380023
586,6,42,40,[   0  768 1046],-0.029675895325372424,30.505380187600988,4.970944101380023
587,6,42,60,[   0  768 1046],-0.029675895325372424,30.505380187600988,4.970944101380023
588,6,43,0,[   0    1    7   19   30  472  899 1041 1042 1043 1044 1046],0.007971589251959905,29.67645617604661,4.93716648640402
589,6,43,20,[   0  472  899 1046],0.007971589251959905,29.67645617604661,4.93716648640402
590,6,43,40,[   0  472  899 1046],0.007971589251959905,29.67645617604661,4.93716648640402
591,6,43,60,[   0  472  899 1046],0.007971589251959905,29.67645617604661,4.93716648640402
592,6,44,0,[   0    1    7   12   14   19  815  985 1039 1042 1045 1046],-0.005130112692870583,31.402723782118798,4.713439958637033
593,6,44,20,[   0  815  985 1046],-0.005130112692870583,31.402723782118798,4.713439958637033
594,6,44,40,[   0  815  985 1046],-0.005130112692870583,31.402723782118798,4.713439958637033
595,6,44,60,[   0  815  985 1046],-0.005130112692870583,31.402723782118798,4.713439958637033
596,6,45,0,[   0    1    7   12   19   20  815 1039 1042 1044 1045 1046],-0.01038016950123262,30.811456544816934,4.9169689480431105
597,6,45,20,[   0  815 1046],-0.01038016950123262,30.811456544816934,4.9169689480431105
598,6,45,40,[   0  815 1046],-0.01038016950123262,30.811456544816934,4.9169689480431105
599,6,45,60,[   0  815 1046],-0.01038016950123262,30.811456544816934,4.9169689480431105
600,6,46,0,[   0    1    4    7   19   72  782  815 1042 1043 1045 1046],-0.017432676993881197,30.782320638564006,4.334693081007276
601,6,46,20,[   0   72  782  815 1046],-0.017432676993881197,30.782320638564006,4.334693081007276
602,6,46,40,[   0   72  782 1046],-0.017432676993881197,30.782320638564006,4.334693081007276
603,6,46,60,[   0   72  782 1046],-0.017432676993881197,30.782320638564006,4.334693081007276
604,6,47,0,[   0    1    4    7   12   19 1038 1039 1040 1042 1045 1046],-0.011761053704043267,31.645866902904107,4.843498540068077
605,6,47,20,[   0   19 1046],-0.011761053704043267,31.645866902904107,4.843498540068077
606,6,47,40,[   0   19 1046],-0.011761053704043267,31.645866902904107,4.843498540068077
607,6,47,60,[   0   19 1046],-0.011761053704043267,31.645866902904107,4.843498540068077
608,6,48,0,[   0    1    2    7   12   20 1039 1040 1042 1044 1045 1046],-0.03485384185989003,31.544079432353815,4.61557904862434
609,6,48,20,[   0   20 1046],-0.03485384185989003,31.544079432353815,4.61557904862434
610,6,48,40,[   0   20 1046],-0.03485384185989003,31.544079432353815,4.61557904862434
611,6,48,60,[   0   20 1046],-0.03485384185989003,31.544079432353815,4.61557904862434
612,6,49,0,[   0    1    7   12   14   19 1039 1040 1042 1044 1045 1046],-0.007425314497603874,32.21634622234024,4.972355153252843
613,6,49,20,[   0   19 1046],-0.007425314497603874,32.21634622234024,4.972355153252843
614,6,49,40,[   0   19 1046],-0.007425314497603874,32.21634622234024,4.972355153252843
615,6,49,60,[   0   19 1046],-0.007425314497603874,32.21634622234024,4.972355153252843
616,6,50,0,[   0    1    7   12   14   26  815 1037 1042 1044 1045 1046],0.0018043017238804288,32.14304609895425,4.6743582869900715
617,6,50,20,[   0  815 1046],0.0018043017238804288,32.14304609895425,4.6743582869900715
618,6,50,40,[   0  815 1046],0.0018043017238804288,32.14304609895425,4.6743582869900715
619,6,50,60,[   0  815 1046],0.0018043017238804288,32.14304609895425,4.6743582869900715
620,7,20,0,[   0    1   19  383  397  433  614  661  736  932 1018 1019 1042 1046],-0.054218636717765216,18.689035127160015,6.4964089968624625
621,7,20,20,[   0  397  433  614  661  736  932 1018 1046],-0.054218636717765216,18.689035127160015,6.4964089968624625
622,7,20,40,[   0  397  614  661  736  932 1046],-0.054218636717765216,18.689035127160015,6.4964089968624625
623,7,20,60,[   0  397  661  736  932 1046],-0.054218636717765216,18.689035127160015,6.4964089968624625
624,7,21,0,[   0    1   19   30  186  386  440  689  932 1018 1019 1042 1044 1046],-0.04097314332046344,21.4245482526031,5.5719358163627275
625,7,21,20,[   0  186  386  440  689  932 1018 1046],-0.04097314332046344,21.4245482526031,5.5719358163627275
626,7,21,40,[   0  186  386  440  689  932 1046],-0.04097314332046344,21.4245482526031,5.5719358163627275
627,7,21,60,[   0  186  386  689  932 1046],-0.04097314332046344,21.4245482526031,5.5719358163627275
628,7,22,0,[   0    1   19   30  186  251  271  305  318  689  990 1042 1044 1046],-0.012326381581057326,22.81306573657162,7.7173987773712485
629,7,22,20,[   0  186  271  305  689  990 1046],-0.012326381581057326,22.81306573657162,7.7173987773712485
630,7,22,40,[   0  186  305  689  990 1046],-0.012326381581057326,22.81306573657162,7.7173987773712485
631,7,22,60,[   0  186  305  689 1046],-0.012326381581057326,22.81306573657162,7.7173987773712485
632,7,23,0,[   0    1   13  251  395  433  614  637  661  876 1041 1042 1044 1046],-0.016768059063247704,20.69299436100154,9.996863961741917
633,7,23,20,[   0  251  395  433  614  637  661  876 1046],-0.016768059063247704,20.69299436100154,9.996863961741917
634,7,23,40,[   0  251  395  637  876 1046],-0.016768059063247704,20.69299436100154,9.996863961741917
635,7,23,60,[   0  251  395  637  876 1046],-0.016768059063247704,20.69299436100154,9.996863961741917
636,7,24,0,[   0    1   19  251  736  790  821  876 1018 1019 1042 1045 1046],-0.023830947030677653,23.13076773392137,6.057107476740829
637,7,24,20,[   0  251  463  736  790  821  876 1018 1046],-0.023830947030677653,23.13076773392137,6.057107476740829
638,7,24,40,[   0  251  463  736  821  876 1046],-0.023830947030677653,23.13076773392137,6.057107476740829
639,7,24,60,[   0  251  463  736  876 1046],-0.023830947030677653,23.13076773392137,6.057107476740829
640,7,25,0,[   0    1   12   19  186  223  251  689 1018 1019 1041 1044 1045 1046],-0.029321943891545736,23.90132280322321,6.526375898124022
641,7,25,20,[   0  186  223  251  689 1018 1046],-0.029321943891545736,23.90132280322321,6.526375898124022
642,7,25,40,[   0  186  251  689 1046],-0.029321943891545736,23.90132280322321,6.526375898124022
643,7,25,60,[   0  186  251  689 1046],-0.029321943891545736,23.90132280322321,6.526375898124022
644,7,26,0,[   0    1   19   30  186  223  251  689 1018 1019 1041 1044 1045 1046],-0.029619429503694204,24.01488474242392,5.912806091129096
645,7,26,20,[   0  186  223  251  689 1018 1046],-0.029619429503694204,24.01488474242392,5.912806091129096
646,7,26,40,[   0  186  251  689 1046],-0.029619429503694204,24.01488474242392,5.912806091129096
647,7,26,60,[   0  186  251  689 1046],-0.029619429503694204,24.01488474242392,5.912806091129096
648,7,27,0,[   0    1   13   14   19  271  305 1018 1019 1030 1042 1044 1045 1046],-0.005731082863386007,26.042712480146978,5.257782501817295
649,7,27,20,[   0  271  305 1018 1046],-0.005731082863386007,26.042712480146978,5.257782501817295
650,7,27,40,[   0  305 1046],-0.005731082863386007,26.042712480146978,5.257782501817295
651,7,27,60,[   0  305 1046],-0.005731082863386007,26.042712480146978,5.257782501817295
652,7,28,0,[   0    1    7   14   17  251  572  689  932 1018 1019 1042 1044 1046],-0.04034639750995222,26.050792250081408,4.186245817266124
653,7,28,20,[   0  251  572  689  932 1018 1046],-0.04034639750995222,26.050792250081408,4.186245817266124
654,7,28,40,[   0  251  572  689  932 1046],-0.04034639750995222,26.050792250081408,4.186245817266124
655,7,28,60,[   0  251  572  689  932 1046],-0.04034639750995222,26.050792250081408,4.186245817266124
656,7,29,0,[   0    1    7   14   17  114  388  810  932 1018 1019 1042 1044 1046],-0.0514832030564305,25.74327748873596,4.345380398472318
657,7,29,20,[   0  114  388  810  932 1018 1046],-0.0514832030564305,25.74327748873596,4.345380398472318
658,7,29,40,[   0  114  388  810  932 1046],-0.0514832030564305,25.74327748873596,4.345380398472318
659,7,29,60,[   0  114  388  810  932 1046],-0.0514832030564305,25.74327748873596,4.345380398472318
660,7,30,0,[   0    1    7   14   19   66  572  736 1018 1019 1041 1042 1044 1046],-0.04289509619400002,25.968883016347434,4.486667548794284
661,7,30,20,[   0   66  572  736 1018 1046],-0.04289509619400002,25.968883016347434,4.486667548794284
662,7,30,40,[   0   66  572  736 1046],-0.04289509619400002,25.968883016347434,4.486667548794284
663,7,30,60,[   0   66  572  736 1046],-0.04289509619400002,25.968883016347434,4.486667548794284
664,7,31,0,[   0    1    7   19  223  655  704  932 1018 1019 1041 1042 1044 1046],0.0045177479607950155,25.314413786987114,5.477808806530264
665,7,31,20,[   0  223  655  704  932 1019 1046],0.0045177479607950155,25.314413786987114,5.477808806530264
666,7,31,40,[   0  223  655  704  932 1046],0.0045177479607950155,25.314413786987114,5.477808806530264
667,7,31,60,[   0  223  704  932 1046],0.0045177479607950155,25.314413786987114,5.477808806530264
668,7,32,0,[   0    1    7   19  223  251  655  791 1018 1019 1041 1043 1044 1046],-0.012997287718171015,25.43483631537722,4.762532927010399
669,7,32,20,[   0  223  251  655  791 1018 1046],-0.012997287718171015,25.43483631537722,4.762532927010399
670,7,32,40,[   0  251  655  791 1046],-0.012997287718171015,25.43483631537722,4.762532927010399
671,7,32,60,[   0  251  655  791 1046],-0.012997287718171015,25.43483631537722,4.762532927010399
672,7,33,0,[   0    1    7   14   19  655  704  791  932 1018 1019 1042 1045 1046],0.0006042843802954678,25.90221358237013,4.253673132351986
673,7,33,20,[   0  655  704  791  932 1018 1046],0.0006042843802954678,25.90221358237013,4.253673132351986
674,7,33,40,[   0  655  704  791  932 1046],0.0006042843802954678,25.90221358237013,4.253673132351986
675,7,33,60,[   0  655  791  932 1046],0.0006042843802954678,25.90221358237013,4.253673132351986
676,7,34,0,[   0    1    2    7   19  472  715  791 1018 1019 1042 1044 1045 1046],-0.010166351187378426,26.58602586100637,5.004819900997453
677,7,34,20,[   0  472  715  791 1018 1046],-0.010166351187378426,26.58602586100637,5.004819900997453
678,7,34,40,[   0  472  715  791 1046],-0.010166351187378426,26.58602586100637,5.004819900997453
679,7,34,60,[   0  472  715  791 1046],-0.010166351187378426,26.58602586100637,5.004819900997453
680,7,35,0,[   0    1   14   19   31  259  768 1018 1019 1030 1044 1045 1046],-0.00578216116723302,26.815868199665765,4.273467462966579
681,7,35,20,[   0  259  768 1018 1046],-0.00578216116723302,26.815868199665765,4.273467462966579
682,7,35,40,[   0  259  768 1046],-0.00578216116723302,26.815868199665765,4.273467462966579
683,7,35,60,[   0  259  768 1046],-0.00578216116723302,26.815868199665765,4.273467462966579
684,7,36,0,[   0    1   14   19   31   72  259  768  815 1040 1042 1044 1045 1046],-0.019367207825798458,27.498353443370803,4.724680470406243
685,7,36,20,[   0   72  259  768  815 1046],-0.019367207825798458,27.498353443370803,4.724680470406243
686,7,36,40,[   0   72  259  768  815 1046],-0.019367207825798458,27.498353443370803,4.724680470406243
687,7,36,60,[   0   72  259  768 1046],-0.019367207825798458,27.498353443370803,4.724680470406243
688,7,37,0,[   0    1    7   14   19   31  768 1018 1019 1039 1040 1042 1045 1046],-0.009965621816700571,27.44075133047868,4.421393901874169
689,7,37,20,[   0  768 1018 1046],-0.009965621816700571,27.44075133047868,4.421393901874169
690,7,37,40,[   0  768 1046],-0.009965621816700571,27.44075133047868,4.421393901874169
691,7,37,60,[   0  768 1046],-0.009965621816700571,27.44075133047868,4.421393901874169
692,7,38,0,[   0    1    7   14   19   25  899 1018 1019 1030 1044 1046],-0.006807619888860242,27.30368320447268,4.527456801590864
693,7,38,20,[   0  899 1018 1046],-0.006807619888860242,27.30368320447268,4.527456801590864
694,7,38,40,[   0  899 1046],-0.006807619888860242,27.30368320447268,4.527456801590864
695,7,38,60,[   0  899 1046],-0.006807619888860242,27.30368320447268,4.527456801590864
696,7,39,0,[   0    1    7   19  539  768 1018 1019 1041 1042 1044 1046],-0.015530833523793853,26.65896112090031,4.599928792658885
697,7,39,20,[   0  539  768 1018 1046],-0.015530833523793853,26.65896112090031,4.599928792658885
698,7,39,40,[   0  539  768 1046],-0.015530833523793853,26.65896112090031,4.599928792658885
699,7,39,60,[   0  539  768 1046],-0.015530833523793853,26.65896112090031,4.599928792658885
700,7,40,0,[   0    1    2    7   19   30   65  654  768 1041 1042 1043 1044 1046],-0.02402795518979932,26.190659994628422,5.076351438090343
701,7,40,20,[   0   65  654  768 1046],-0.02402795518979932,26.190659994628422,5.076351438090343
702,7,40,40,[   0   65  654  768 1046],-0.02402795518979932,26.190659994628422,5.076351438090343
703,7,40,60,[   0   65  654  768 1046],-0.02402795518979932,26.190659994628422,5.076351438090343
704,7,41,0,[   0    1    2    7   19   30  101  768 1037 1042 1043 1044 1045 1046],-0.00875033812676981,27.66679664868151,4.716386996065105
705,7,41,20,[   0  101  768 1046],-0.00875033812676981,27.66679664868151,4.716386996065105
706,7,41,40,[   0  101  768 1046],-0.00875033812676981,27.66679664868151,4.716386996065105
707,7,41,60,[   0  101  768 1046],-0.00875033812676981,27.66679664868151,4.716386996065105
708,7,42,0,[   0    2    4    7   14   19  768 1018 1019 1042 1043 1044 1045 1046],-0.02900809097344503,26.827900526719958,4.329599291190962
709,7,42,20,[   0  768 1018 1046],-0.02900809097344503,26.827900526719958,4.329599291190962
710,7,42,40,[   0  768 1046],-0.02900809097344503,26.827900526719958,4.329599291190962
711,7,42,60,[   0  768 1046],-0.02900809097344503,26.827900526719958,4.329599291190962
712,7,43,0,[   0    1    7   19   26   30  411  472  899 1041 1042 1043 1044 1046],0.01019475813010235,26.376134568857633,5.666264312404843
713,7,43,20,[   0  411  472  899 1046],0.01019475813010235,26.376134568857633,5.666264312404843
714,7,43,40,[   0  411  472  899 1046],0.01019475813010235,26.376134568857633,5.666264312404843
715,7,43,60,[   0  411  472  899 1046],0.01019475813010235,26.376134568857633,5.666264312404843
716,7,44,0,[   0    1    7   12   14   19  815  985 1018 1019 1039 1042 1045 1046],-0.004375262054576009,27.63442906226746,4.104068622934565
717,7,44,20,[   0  815  985 1018 1046],-0.004375262054576009,27.63442906226746,4.104068622934565
718,7,44,40,[   0  815  985 1046],-0.004375262054576009,27.63442906226746,4.104068622934565
719,7,44,60,[   0  815  985 1046],-0.004375262054576009,27.63442906226746,4.104068622934565
720,7,45,0,[   0    1    7   12   19   20   72  782  815 1039 1042 1044 1045 1046],-0.007940573632844772,27.235298426694193,4.851278070945936
721,7,45,20,[   0   72  782  815 1046],-0.007940573632844772,27.235298426694193,4.851278070945936
722,7,45,40,[   0   72  782 1046],-0.007940573632844772,27.235298426694193,4.851278070945936
723,7,45,60,[   0   72  782 1046],-0.007940573632844772,27.235298426694193,4.851278070945936
724,7,46,0,[   0    1    4    7   19   72  101  782  815 1039 1042 1043 1045 1046],-0.01645526391146062,27.316268896329316,4.529086788344174
725,7,46,20,[   0   72  101  782  815 1046],-0.01645526391146062,27.316268896329316,4.529086788344174
726,7,46,40,[   0  101  782 1046],-0.01645526391146062,27.316268896329316,4.529086788344174
727,7,46,60,[   0  101  782 1046],-0.01645526391146062,27.316268896329316,4.529086788344174
728,7,47,0,[   0    1    4   12   19 1018 1019 1039 1040 1042 1045 1046],-0.01099132756955613,27.837975632192464,4.214032435624909
729,7,47,20,[   0 1018 1046],-0.01099132756955613,27.837975632192464,4.214032435624909
730,7,47,40,[   0 1018 1046],-0.01099132756955613,27.837975632192464,4.214032435624909
731,7,47,60,[   0 1018 1046],-0.01099132756955613,27.837975632192464,4.214032435624909
732,7,48,0,[   0    1    2    7   12   20   21  768 1039 1040 1042 1044 1045 1046],-0.03284441747430849,28.027194078696542,4.558060311230451
733,7,48,20,[   0  768 1046],-0.03284441747430849,28.027194078696542,4.558060311230451
734,7,48,40,[   0  768 1046],-0.03284441747430849,28.027194078696542,4.558060311230451
735,7,48,60,[   0  768 1046],-0.03284441747430849,28.027194078696542,4.558060311230451
736,7,49,0,[   0    1    7   12   14   19 1018 1019 1039 1040 1042 1044 1045 1046],-0.006769827137986781,28.272177748041845,4.32805874341173
737,7,49,20,[   0 1018 1046],-0.006769827137986781,28.272177748041845,4.32805874341173
738,7,49,40,[   0 1018 1046],-0.006769827137986781,28.272177748041845,4.32805874341173
739,7,49,60,[   0 1018 1046],-0.006769827137986781,28.272177748041845,4.32805874341173
740,7,50,0,[   0    1    7   12   14   19   26  815 1037 1039 1042 1044 1045 1046],-0.01805881076247487,28.766597601776013,4.490812488211859
741,7,50,20,[   0  815 1046],-0.01805881076247487,28.766597601776013,4.490812488211859
742,7,50,40,[   0  815 1046],-0.01805881076247487,28.766597601776013,4.490812488211859
743,7,50,60,[   0  815 1046],-0.01805881076247487,28.766597601776013,4.490812488211859
744,8,20,0,"[   0    1   19  383  397  433  614  661  736  932  965 1018 1019 1042
 1044 1046]",-0.0537320569090061,17.206279680305524,6.5343510776931755
745,8,20,20,[   0  397  433  614  661  736  932  965 1018 1046],-0.0537320569090061,17.206279680305524,6.5343510776931755
746,8,20,40,[   0  397  614  661  736  932 1046],-0.0537320569090061,17.206279680305524,6.5343510776931755
747,8,20,60,[   0  397  661  736  932 1046],-0.0537320569090061,17.206279680305524,6.5343510776931755
748,8,21,0,"[   0    1   19   30  186  383  386  397  440  689  932 1018 1019 1042
 1044 1046]",-0.04667205781239032,19.299629711660362,6.338071558221164
749,8,21,20,[   0  186  397  440  689  932 1018 1046],-0.04667205781239032,19.299629711660362,6.338071558221164
750,8,21,40,[   0  186  397  440  689  932 1046],-0.04667205781239032,19.299629711660362,6.338071558221164
751,8,21,60,[   0  186  397  689  932 1046],-0.04667205781239032,19.299629711660362,6.338071558221164
752,8,22,0,"[   0    1   19   30  186  251  271  305  318  689  990 1018 1019 1042
 1044 1046]",-0.011537249872629173,20.79340961742529,6.752178852933304
753,8,22,20,[   0  186  271  305  689  990 1019 1046],-0.011537249872629173,20.79340961742529,6.752178852933304
754,8,22,40,[   0  186  305  689  990 1046],-0.011537249872629173,20.79340961742529,6.752178852933304
755,8,22,60,[   0  186  305  689 1046],-0.011537249872629173,20.79340961742529,6.752178852933304
756,8,23,0,"[   0    1   13  251  318  395  433  584  614  637  661  876 1041 1042
 1044 1046]",-0.01473261035181622,19.10425101462249,10.317902631785952
757,8,23,20,[   0  251  318  395  433  584  614  637  661  876 1046],-0.01473261035181622,19.10425101462249,10.317902631785952
758,8,23,40,[   0  251  318  395  584  637  876 1046],-0.01473261035181622,19.10425101462249,10.317902631785952
759,8,23,60,[   0  251  318  395  584  876 1046],-0.01473261035181622,19.10425101462249,10.317902631785952
760,8,24,0,"[   0    1    7   19  213  251  463  736  790  821  876 1018 1019 1042
 1045 1046]",-0.029071540701860545,20.608783202002638,7.104347257633786
761,8,24,20,[   0  213  251  463  736  790  821  876 1018 1046],-0.029071540701860545,20.608783202002638,7.104347257633786
762,8,24,40,[   0  251  463  736  821  876 1046],-0.029071540701860545,20.608783202002638,7.104347257633786
763,8,24,60,[   0  251  463  736  876 1046],-0.029071540701860545,20.608783202002638,7.104347257633786
764,8,25,0,"[   0    1   12   19   31  186  223  251  271  689 1018 1019 1041 1044
 1045 1046]",-0.02771010684457825,21.43954715720755,6.405251345006718
765,8,25,20,[   0  186  223  251  689 1018 1046],-0.02771010684457825,21.43954715720755,6.405251345006718
766,8,25,40,[   0  186  251  689 1046],-0.02771010684457825,21.43954715720755,6.405251345006718
767,8,25,60,[   0  186  251  689 1046],-0.02771010684457825,21.43954715720755,6.405251345006718
768,8,26,0,"[   0    1    7   19   30  186  213  223  251  689 1018 1019 1041 1044
 1045 1046]",-0.03612469643223784,21.32433202492568,6.880357498540531
769,8,26,20,[   0  186  223  251  689 1018 1046],-0.03612469643223784,21.32433202492568,6.880357498540531
770,8,26,40,[   0  186  251  689 1046],-0.03612469643223784,21.32433202492568,6.880357498540531
771,8,26,60,[   0  186  251  689 1046],-0.03612469643223784,21.32433202492568,6.880357498540531
772,8,27,0,"[   0    1   13   14   19  271  305  689 1018 1019 1030 1042 1044 1045
 1046]",-0.01968007519194652,23.49663389337602,5.247555104418709
773,8,27,20,[   0  271  305  689 1018 1046],-0.01968007519194652,23.49663389337602,5.247555104418709
774,8,27,40,[   0  305  689 1046],-0.01968007519194652,23.49663389337602,5.247555104418709
775,8,27,60,[   0  305  689 1046],-0.01968007519194652,23.49663389337602,5.247555104418709
776,8,28,0,"[   0    1    7   14   17  251  572  689  932  965 1018 1019 1042 1044
 1045 1046]",-0.03917435879948234,23.138481873346386,4.763455937785029
777,8,28,20,[   0  251  572  689  932  965 1018 1046],-0.03917435879948234,23.138481873346386,4.763455937785029
778,8,28,40,[   0  251  572  689  932 1046],-0.03917435879948234,23.138481873346386,4.763455937785029
779,8,28,60,[   0  251  572  689  932 1046],-0.03917435879948234,23.138481873346386,4.763455937785029
780,8,29,0,"[   0    1    7   14   17  114  388  511  810  932 1018 1019 1039 1042
 1044 1046]",-0.049712979624705576,23.068351410307876,4.619757345741272
781,8,29,20,[   0  114  388  511  810  932 1018 1046],-0.049712979624705576,23.068351410307876,4.619757345741272
782,8,29,40,[   0  114  388  511  810  932 1046],-0.049712979624705576,23.068351410307876,4.619757345741272
783,8,29,60,[   0  114  388  511  810  932 1046],-0.049712979624705576,23.068351410307876,4.619757345741272
784,8,30,0,"[   0    1    7   14   19   66  447  572  655  736 1018 1019 1041 1042
 1044 1046]",-0.04362053064742328,22.980578543763215,5.3823548991105
785,8,30,20,[   0   66  447  572  655  736 1018 1046],-0.04362053064742328,22.980578543763215,5.3823548991105
786,8,30,40,[   0   66  447  572  655  736 1046],-0.04362053064742328,22.980578543763215,5.3823548991105
787,8,30,60,[   0   66  447  572  655  736 1046],-0.04362053064742328,22.980578543763215,5.3823548991105
788,8,31,0,"[   0    1    7   19  183  223  655  704  932 1018 1019 1038 1041 1042
 1044 1046]",-0.014029369735845315,22.907406166506103,5.709353227148484
789,8,31,20,[   0  183  223  655  704  932 1018 1046],-0.014029369735845315,22.907406166506103,5.709353227148484
790,8,31,40,[   0  223  655  704  932 1046],-0.014029369735845315,22.907406166506103,5.709353227148484
791,8,31,60,[   0  223  704  932 1046],-0.014029369735845315,22.907406166506103,5.709353227148484
792,8,32,0,"[   0    1    7   19  223  251  655  689  791  932 1018 1019 1041 1043
 1044 1046]",-0.012970132613593009,22.813486960498025,5.099722190793022
793,8,32,20,[   0  223  251  655  689  791  932 1019 1046],-0.012970132613593009,22.813486960498025,5.099722190793022
794,8,32,40,[   0  251  655  791  932 1046],-0.012970132613593009,22.813486960498025,5.099722190793022
795,8,32,60,[   0  251  655  791  932 1046],-0.012970132613593009,22.813486960498025,5.099722190793022
796,8,33,0,"[   0    1    7   14   19  655  704  791  866  932 1018 1019 1041 1042
 1045 1046]",-0.008506867341670027,23.112042689929993,4.811112873290968
797,8,33,20,[   0  655  704  791  866  932 1019 1046],-0.008506867341670027,23.112042689929993,4.811112873290968
798,8,33,40,[   0  655  704  791  866  932 1046],-0.008506867341670027,23.112042689929993,4.811112873290968
799,8,33,60,[   0  655  791  866  932 1046],-0.008506867341670027,23.112042689929993,4.811112873290968
800,8,34,0,"[   0    1    2    7   19  306  411  472  715  791 1018 1019 1042 1044
 1045 1046]",-0.008809384629320492,23.678257041058526,5.859109099992101
801,8,34,20,[   0  306  411  472  715  791 1018 1046],-0.008809384629320492,23.678257041058526,5.859109099992101
802,8,34,40,[   0  306  411  472  715  791 1046],-0.008809384629320492,23.678257041058526,5.859109099992101
803,8,34,60,[   0  306  411  472  715  791 1046],-0.008809384629320492,23.678257041058526,5.859109099992101
804,8,35,0,"[   0    1   14   19   31  259  511  768  815 1018 1019 1030 1042 1044
 1045 1046]",-0.008786521469455914,24.02104081887396,4.169639082952154
805,8,35,20,[   0  259  511  768  815 1018 1046],-0.008786521469455914,24.02104081887396,4.169639082952154
806,8,35,40,[   0  259  511  768  815 1046],-0.008786521469455914,24.02104081887396,4.169639082952154
807,8,35,60,[   0  259  511  768 1046],-0.008786521469455914,24.02104081887396,4.169639082952154
808,8,36,0,"[   0    1   14   19   31   72  259  768  815 1018 1019 1040 1042 1044
 1045 1046]",-0.018625904402633658,24.815290353827443,4.192494794594378
809,8,36,20,[   0   72  259  768  815 1018 1046],-0.018625904402633658,24.815290353827443,4.192494794594378
810,8,36,40,[   0   72  259  768  815 1046],-0.018625904402633658,24.815290353827443,4.192494794594378
811,8,36,60,[   0   72  259  768 1046],-0.018625904402633658,24.815290353827443,4.192494794594378
812,8,37,0,"[   0    1    7   14   19   31  668  768 1018 1019 1030 1039 1040 1042
 1045 1046]",-0.008366083029910779,24.4434074630999,4.458528982195757
813,8,37,20,[   0  668  768 1018 1046],-0.008366083029910779,24.4434074630999,4.458528982195757
814,8,37,40,[   0  668  768 1046],-0.008366083029910779,24.4434074630999,4.458528982195757
815,8,37,60,[   0  668  768 1046],-0.008366083029910779,24.4434074630999,4.458528982195757
816,8,38,0,"[   0    1    7   14   19   25  539  768  899 1018 1019 1030 1042 1043
 1044 1046]",-0.009310684692256047,24.176322913002835,4.895277724036423
817,8,38,20,[   0  539  768  899 1018 1046],-0.009310684692256047,24.176322913002835,4.895277724036423
818,8,38,40,[   0  539  768  899 1046],-0.009310684692256047,24.176322913002835,4.895277724036423
819,8,38,60,[   0  539  768  899 1046],-0.009310684692256047,24.176322913002835,4.895277724036423
820,8,39,0,[   0    1    7   19   20  498  539  768 1018 1019 1041 1042 1044 1046],-0.031280749179005495,23.984775638690433,4.780099104567611
821,8,39,20,[   0  498  539  768 1018 1046],-0.031280749179005495,23.984775638690433,4.780099104567611
822,8,39,40,[   0  498  539  768 1046],-0.031280749179005495,23.984775638690433,4.780099104567611
823,8,39,60,[   0  539  768 1046],-0.031280749179005495,23.984775638690433,4.780099104567611
824,8,40,0,"[   0    1    2    7   19   30   65  654  768 1018 1019 1041 1042 1043
 1044 1046]",-0.023253901464954894,23.732156931372025,4.498874727142988
825,8,40,20,[   0   65  654  768 1018 1046],-0.023253901464954894,23.732156931372025,4.498874727142988
826,8,40,40,[   0   65  654  768 1046],-0.023253901464954894,23.732156931372025,4.498874727142988
827,8,40,60,[   0   65  654  768 1046],-0.023253901464954894,23.732156931372025,4.498874727142988
828,8,41,0,"[   0    1    2    7   19   30  101  768 1018 1019 1037 1042 1043 1044
 1045 1046]",-0.00810357018169343,24.917127803891347,4.190373782488025
829,8,41,20,[   0  101  768 1018 1046],-0.00810357018169343,24.917127803891347,4.190373782488025
830,8,41,40,[   0  101  768 1046],-0.00810357018169343,24.917127803891347,4.190373782488025
831,8,41,60,[   0  101  768 1046],-0.00810357018169343,24.917127803891347,4.190373782488025
832,8,42,0,"[   0    2    4    7   12   14   19  768 1018 1019 1037 1042 1043 1044
 1045 1046]",-0.027058169430673757,24.11808487956667,4.615855536432077
833,8,42,20,[   0  768 1018 1046],-0.027058169430673757,24.11808487956667,4.615855536432077
834,8,42,40,[   0  768 1046],-0.027058169430673757,24.11808487956667,4.615855536432077
835,8,42,60,[   0  768 1046],-0.027058169430673757,24.11808487956667,4.615855536432077
836,8,43,0,"[   0    1    7   19   26   30  411  472  899 1018 1019 1041 1042 1043
 1044 1046]",0.010887735291614341,23.850519416218113,4.943897645089175
837,8,43,20,[   0  411  472  899 1018 1046],0.010887735291614341,23.850519416218113,4.943897645089175
838,8,43,40,[   0  411  472  899 1046],0.010887735291614341,23.850519416218113,4.943897645089175
839,8,43,60,[   0  411  472  899 1046],0.010887735291614341,23.850519416218113,4.943897645089175
840,8,44,0,"[   0    1    7   12   14   19  493  815  985 1018 1019 1034 1039 1042
 1045 1046]",-0.010122330413792967,24.857912193359475,4.498624987185529
841,8,44,20,[   0  493  815  985 1018 1046],-0.010122330413792967,24.857912193359475,4.498624987185529
842,8,44,40,[   0  493  815  985 1046],-0.010122330413792967,24.857912193359475,4.498624987185529
843,8,44,60,[   0  493  815  985 1046],-0.010122330413792967,24.857912193359475,4.498624987185529
844,8,45,0,"[   0    1    7   12   19   20   72  782  815 1018 1019 1039 1042 1044
 1045 1046]",-0.007146837860927919,24.61744207401839,4.29089139645602
845,8,45,20,[   0   72  782  815 1018 1046],-0.007146837860927919,24.61744207401839,4.29089139645602
846,8,45,40,[   0   72  782 1046],-0.007146837860927919,24.61744207401839,4.29089139645602
847,8,45,60,[   0   72  782 1046],-0.007146837860927919,24.61744207401839,4.29089139645602
848,8,46,0,"[   0    1    4    7   19   72  101  782  815 1018 1019 1039 1042 1043
 1045 1046]",-0.015707210160745565,24.673583373368505,4.0092584138446234
849,8,46,20,[   0   72  101  782  815 1018 1046],-0.015707210160745565,24.673583373368505,4.0092584138446234
850,8,46,40,[   0  101  782 1046],-0.015707210160745565,24.673583373368505,4.0092584138446234
851,8,46,60,[   0  101  782 1046],-0.015707210160745565,24.673583373368505,4.0092584138446234
852,8,47,0,[   0    1    4   12   19  322  815 1018 1019 1039 1040 1042 1045 1046],-0.011976356334422386,24.775784368337092,4.463346613787963
853,8,47,20,[   0  322  815 1018 1046],-0.011976356334422386,24.775784368337092,4.463346613787963
854,8,47,40,[   0  322  815 1046],-0.011976356334422386,24.775784368337092,4.463346613787963
855,8,47,60,[   0  322  815 1046],-0.011976356334422386,24.775784368337092,4.463346613787963
856,8,48,0,"[   0    1    2    7   12   20   21  768 1018 1019 1039 1040 1042 1044
 1045 1046]",-0.032155204132209195,25.26402671480298,4.047243837480915
857,8,48,20,[   0  768 1018 1046],-0.032155204132209195,25.26402671480298,4.047243837480915
858,8,48,40,[   0  768 1046],-0.032155204132209195,25.26402671480298,4.047243837480915
859,8,48,60,[   0  768 1046],-0.032155204132209195,25.26402671480298,4.047243837480915
860,8,49,0,"[   0    1    7   12   14   19   31  740 1018 1019 1039 1040 1042 1044
 1045 1046]",-0.026812293494469563,25.341422809955933,4.363879613018752
861,8,49,20,[   0  740 1018 1046],-0.026812293494469563,25.341422809955933,4.363879613018752
862,8,49,40,[   0  740 1046],-0.026812293494469563,25.341422809955933,4.363879613018752
863,8,49,60,[   0  740 1046],-0.026812293494469563,25.341422809955933,4.363879613018752
864,8,50,0,"[   0    1    7   12   14   19   26  815 1018 1019 1037 1039 1042 1044
 1045 1046]",-0.017408669245306787,25.87428125023402,3.9885207872088118
865,8,50,20,[   0  815 1018 1046],-0.017408669245306787,25.87428125023402,3.9885207872088118
866,8,50,40,[   0  815 1046],-0.017408669245306787,25.87428125023402,3.9885207872088118
867,8,50,60,[   0  815 1046],-0.017408669245306787,25.87428125023402,3.9885207872088118
868,9,20,0,"[   0    1   19  383  386  397  433  520  614  661  736  932  965 1018
 1019 1042 1044 1046]",-0.052738367785942125,16.09840483512855,6.896542236164545
869,9,20,20,[   0  397  433  520  614  661  736  932  965 1018 1046],-0.052738367785942125,16.09840483512855,6.896542236164545
870,9,20,40,[   0  397  520  614  661  736  932 1046],-0.052738367785942125,16.09840483512855,6.896542236164545
871,9,20,60,[   0  397  520  661  736  932 1046],-0.052738367785942125,16.09840483512855,6.896542236164545
872,9,21,0,"[   0    1   19   30  186  383  386  397  440  490  614  689  932 1018
 1019 1042 1044 1046]",-0.045581056902673535,17.56527901529205,7.033671444480134
873,9,21,20,[   0  186  397  440  490  614  689  932 1018 1046],-0.045581056902673535,17.56527901529205,7.033671444480134
874,9,21,40,[   0  186  397  440  490  614  689  932 1046],-0.045581056902673535,17.56527901529205,7.033671444480134
875,9,21,60,[   0  186  397  490  614  689  932 1046],-0.045581056902673535,17.56527901529205,7.033671444480134
876,9,22,0,"[   0    1    7   19   30  186  213  251  271  305  318  689  990 1018
 1019 1042 1044 1046]",-0.01577164104653298,19.020183263606953,7.535090854237582
877,9,22,20,[   0  186  213  271  305  689  990 1019 1046],-0.01577164104653298,19.020183263606953,7.535090854237582
878,9,22,40,[   0  213  305  689  990 1046],-0.01577164104653298,19.020183263606953,7.535090854237582
879,9,22,60,[   0  213  305  689 1046],-0.01577164104653298,19.020183263606953,7.535090854237582
880,9,23,0,"[   0    1   13  251  318  395  433  584  614  637  661  876 1018 1019
 1041 1042 1044 1046]",-0.014096250003483935,17.78261722719208,9.28895376565482
881,9,23,20,[   0  251  318  395  433  584  614  637  661  876 1018 1046],-0.014096250003483935,17.78261722719208,9.28895376565482
882,9,23,40,[   0  251  318  395  584  637  876 1046],-0.014096250003483935,17.78261722719208,9.28895376565482
883,9,23,60,[   0  251  318  395  584  876 1046],-0.014096250003483935,17.78261722719208,9.28895376565482
884,9,24,0,"[   0    1    7   19  213  251  463  736  790  821  860  876 1018 1019
 1041 1042 1045 1046]",-0.028426523351025235,18.725024661034006,7.368288680308366
885,9,24,20,[   0  213  251  463  736  790  821  876 1018 1046],-0.028426523351025235,18.725024661034006,7.368288680308366
886,9,24,40,[   0  251  463  736  821  876 1046],-0.028426523351025235,18.725024661034006,7.368288680308366
887,9,24,60,[   0  251  463  736  876 1046],-0.028426523351025235,18.725024661034006,7.368288680308366
888,9,25,0,"[   0    1   12   19   31  186  223  251  271  661  689 1018 1019 1041
 1042 1044 1045 1046]",-0.026720039331098965,19.486190114990144,7.00581418229646
889,9,25,20,[   0  186  223  251  661  689 1018 1046],-0.026720039331098965,19.486190114990144,7.00581418229646
890,9,25,40,[   0  186  251  689 1046],-0.026720039331098965,19.486190114990144,7.00581418229646
891,9,25,60,[   0  186  251  689 1046],-0.026720039331098965,19.486190114990144,7.00581418229646
892,9,26,0,"[   0    1    7   19   30  186  213  223  251  689  717  745 1018 1019
 1041 1044 1045 1046]",-0.0437189474313923,19.398734359647953,6.873953011865167
893,9,26,20,[   0  186  223  251  689  717  745 1018 1046],-0.0437189474313923,19.398734359647953,6.873953011865167
894,9,26,40,[   0  186  251  689  745 1046],-0.0437189474313923,19.398734359647953,6.873953011865167
895,9,26,60,[   0  186  251  745 1046],-0.0437189474313923,19.398734359647953,6.873953011865167
896,9,27,0,"[   0    1    7   13   14   19  213  259  271  305  689 1018 1019 1030
 1042 1044 1045 1046]",-0.02632979513293247,21.114202591963895,5.9925619511014965
897,9,27,20,[   0  213  271  305  689 1018 1046],-0.02632979513293247,21.114202591963895,5.9925619511014965
898,9,27,40,[   0  213  305  689 1046],-0.02632979513293247,21.114202591963895,5.9925619511014965
899,9,27,60,[   0  213  305  689 1046],-0.02632979513293247,21.114202591963895,5.9925619511014965
900,9,28,0,"[   0    1    7   14   17  251  572  689  932  965 1018 1019 1029 1030
 1044 1045 1046]",-0.03859423211920925,20.953695355278008,4.2883984832299245
901,9,28,20,[   0  251  572  689  932  965 1018 1046],-0.03859423211920925,20.953695355278008,4.2883984832299245
902,9,28,40,[   0  251  572  689  932 1046],-0.03859423211920925,20.953695355278008,4.2883984832299245
903,9,28,60,[   0  251  572  689  932 1046],-0.03859423211920925,20.953695355278008,4.2883984832299245
904,9,29,0,"[   0    1    7   14   17  114  388  511  810  866  932 1018 1019 1039
 1041 1042 1044 1046]",-0.05235036997463501,20.941538428158765,5.157358847882111
905,9,29,20,[   0  114  388  511  810  866  932 1018 1046],-0.05235036997463501,20.941538428158765,5.157358847882111
906,9,29,40,[   0  114  388  511  810  866  932 1046],-0.05235036997463501,20.941538428158765,5.157358847882111
907,9,29,60,[   0  114  388  511  810  932 1046],-0.05235036997463501,20.941538428158765,5.157358847882111
908,9,30,0,"[   0    1    7   14   19   66  447  572  655  689  736 1018 1019 1041
 1042 1044 1045 1046]",-0.04709805995995131,20.968638247971352,6.330705859579744
909,9,30,20,[   0   66  447  572  655  689  736 1018 1046],-0.04709805995995131,20.968638247971352,6.330705859579744
910,9,30,40,[   0   66  447  572  655  736 1046],-0.04709805995995131,20.968638247971352,6.330705859579744
911,9,30,60,[   0   66  447  572  655  736 1046],-0.04709805995995131,20.968638247971352,6.330705859579744
912,9,31,0,"[   0    1    7   19   30  183  186  223  655  704  932 1018 1019 1038
 1041 1042 1044 1046]",-0.012018362274641703,21.034613831594516,5.647070051168099
913,9,31,20,[   0  186  223  655  704  932 1018 1046],-0.012018362274641703,21.034613831594516,5.647070051168099
914,9,31,40,[   0  223  655  704  932 1046],-0.012018362274641703,21.034613831594516,5.647070051168099
915,9,31,60,[   0  223  704  932 1046],-0.012018362274641703,21.034613831594516,5.647070051168099
916,9,32,0,"[   0    1    7   19   30  186  223  251  655  689  791  932 1018 1019
 1041 1043 1044 1046]",-0.011639340712790967,20.782945585657654,5.151817098242668
917,9,32,20,[   0  186  223  251  655  689  791  932 1019 1046],-0.011639340712790967,20.782945585657654,5.151817098242668
918,9,32,40,[   0  186  251  655  791  932 1046],-0.011639340712790967,20.782945585657654,5.151817098242668
919,9,32,60,[   0  186  251  655  791  932 1046],-0.011639340712790967,20.782945585657654,5.151817098242668
920,9,33,0,"[   0    1    7   13   14   19  572  655  704  791  866  932 1018 1019
 1041 1042 1045 1046]",-0.03944056119137449,21.017718910716724,5.135476429772251
921,9,33,20,[   0  572  655  704  791  866  932 1019 1046],-0.03944056119137449,21.017718910716724,5.135476429772251
922,9,33,40,[   0  572  655  704  791  866  932 1046],-0.03944056119137449,21.017718910716724,5.135476429772251
923,9,33,60,[   0  572  655  791  866  932 1046],-0.03944056119137449,21.017718910716724,5.135476429772251
924,9,34,0,"[   0    1    2    7   19  200  306  411  472  498  715  791 1018 1019
 1042 1044 1045 1046]",-0.023133366801871117,21.306588944136184,6.2072466872729315
925,9,34,20,[   0  200  306  411  472  498  715  791 1018 1046],-0.023133366801871117,21.306588944136184,6.2072466872729315
926,9,34,40,[   0  200  306  411  472  715  791 1046],-0.023133366801871117,21.306588944136184,6.2072466872729315
927,9,34,60,[   0  200  306  411  472  715  791 1046],-0.023133366801871117,21.306588944136184,6.2072466872729315
928,9,35,0,"[   0    1   14   19   31  259  511  586  768  815 1018 1019 1030 1041
 1042 1044 1045 1046]",-0.011021294151825848,21.814146443351774,4.420448480820899
929,9,35,20,[   0  259  511  586  768  815 1018 1046],-0.011021294151825848,21.814146443351774,4.420448480820899
930,9,35,40,[   0  259  511  586  768  815 1046],-0.011021294151825848,21.814146443351774,4.420448480820899
931,9,35,60,[   0  259  511  586  768 1046],-0.011021294151825848,21.814146443351774,4.420448480820899
932,9,36,0,"[   0    1    7   14   19   31   72  210  259  768  815 1018 1019 1040
 1042 1044 1045 1046]",-0.021464224031611478,22.47613868171388,5.114091221248712
933,9,36,20,[   0   72  210  259  768  815 1018 1046],-0.021464224031611478,22.47613868171388,5.114091221248712
934,9,36,40,[   0   72  210  259  768  815 1046],-0.021464224031611478,22.47613868171388,5.114091221248712
935,9,36,60,[   0   72  259  768 1046],-0.021464224031611478,22.47613868171388,5.114091221248712
936,9,37,0,"[   0    1    7   14   19   31  668  768 1005 1018 1019 1029 1030 1039
 1040 1042 1045 1046]",-0.007898995659040151,22.10204079684597,4.014275157545925
937,9,37,20,[   0  668  768 1005 1046],-0.007898995659040151,22.10204079684597,4.014275157545925
938,9,37,40,[   0  668  768 1005 1046],-0.007898995659040151,22.10204079684597,4.014275157545925
939,9,37,60,[   0  668  768 1046],-0.007898995659040151,22.10204079684597,4.014275157545925
940,9,38,0,"[   0    1    7   14   19   25  539  768  866  899 1018 1019 1030 1038
 1042 1043 1044 1046]",-0.014926779745069353,21.988820222425495,5.318447847309731
941,9,38,20,[   0  539  768  866  899 1018 1046],-0.014926779745069353,21.988820222425495,5.318447847309731
942,9,38,40,[   0  539  768  899 1046],-0.014926779745069353,21.988820222425495,5.318447847309731
943,9,38,60,[   0  539  768  899 1046],-0.014926779745069353,21.988820222425495,5.318447847309731
944,9,39,0,"[   0    1    7   12   19   20  447  498  539  768  899 1018 1019 1041
 1042 1043 1044 1046]",-0.03232163526521822,21.81002523372378,5.211163716919077
945,9,39,20,[   0  447  498  539  768  899 1018 1046],-0.03232163526521822,21.81002523372378,5.211163716919077
946,9,39,40,[   0  447  498  539  768  899 1046],-0.03232163526521822,21.81002523372378,5.211163716919077
947,9,39,60,[   0  447  539  768  899 1046],-0.03232163526521822,21.81002523372378,5.211163716919077
948,9,40,0,"[   0    1    2    7   19   30   65  654  730  768  899 1018 1019 1041
 1042 1043 1044 1046]",-0.022083807417268706,21.572107729288145,4.911312917815542
949,9,40,20,[   0   65  654  730  768  899 1018 1046],-0.022083807417268706,21.572107729288145,4.911312917815542
950,9,40,40,[   0   65  654  730  899 1046],-0.022083807417268706,21.572107729288145,4.911312917815542
951,9,40,60,[   0   65  654  730  899 1046],-0.022083807417268706,21.572107729288145,4.911312917815542
952,9,41,0,[   0    1    7   19   30 1018 1019 1029 1030 1044 1046],-0.007708726470450836,22.524441161720066,3.7778728822166943
953,9,41,20,[   0  101  768 1018 1046],-0.007708726470450836,22.524441161720066,3.7778728822166943
954,9,41,40,[   0  101  768 1046],-0.007708726470450836,22.524441161720066,3.7778728822166943
955,9,41,60,[   0  101  768 1046],-0.007708726470450836,22.524441161720066,3.7778728822166943
956,9,42,0,"[   0    2    4   12   14   19  768 1018 1019 1029 1030 1037 1042 1044
 1045 1046]",-0.026571335348770573,21.81876518390221,4.158659730838561
957,9,42,20,[   0  768 1018 1046],-0.026571335348770573,21.81876518390221,4.158659730838561
958,9,42,40,[   0  768 1046],-0.026571335348770573,21.81876518390221,4.158659730838561
959,9,42,60,[   0  768 1046],-0.026571335348770573,21.81876518390221,4.158659730838561
960,9,43,0,"[   0    1    7   12   19   26   30  411  472  568  899 1018 1019 1041
 1042 1043 1044 1046]",-0.018024763352506627,21.474868832620256,5.441406602416786
961,9,43,20,[   0  411  472  568  899 1018 1046],-0.018024763352506627,21.474868832620256,5.441406602416786
962,9,43,40,[   0  411  472  568  899 1046],-0.018024763352506627,21.474868832620256,5.441406602416786
963,9,43,60,[   0  411  472  568  899 1046],-0.018024763352506627,21.474868832620256,5.441406602416786
964,9,44,0,"[   0    1    7   12   14   19  493  511  782  815  985 1018 1019 1034
 1039 1042 1045 1046]",-0.009709237184511697,22.577734355415526,4.406550007215326
965,9,44,20,[   0  511  782  815  985 1018 1046],-0.009709237184511697,22.577734355415526,4.406550007215326
966,9,44,40,[   0  511  782  985 1046],-0.009709237184511697,22.577734355415526,4.406550007215326
967,9,44,60,[   0  511  782  985 1046],-0.009709237184511697,22.577734355415526,4.406550007215326
968,9,45,0,"[   0    1    7   12   19   20   72  782  815  866 1018 1019 1034 1039
 1042 1044 1045 1046]",-0.012060178583747706,22.311343119989353,5.357914722794709
969,9,45,20,[   0   72  782  815  866 1018 1046],-0.012060178583747706,22.311343119989353,5.357914722794709
970,9,45,40,[   0   72  782  866 1046],-0.012060178583747706,22.311343119989353,5.357914722794709
971,9,45,60,[   0   72  782  866 1046],-0.012060178583747706,22.311343119989353,5.357914722794709
972,9,46,0,"[   0    1    4    7   14   19   72  101  654  782  815 1018 1019 1039
 1042 1043 1045 1046]",-0.014319147891551618,22.37846063307961,4.563260777269975
973,9,46,20,[   0   72  101  654  782  815 1018 1046],-0.014319147891551618,22.37846063307961,4.563260777269975
974,9,46,40,[   0  101  654  782 1046],-0.014319147891551618,22.37846063307961,4.563260777269975
975,9,46,60,[   0  101  654  782 1046],-0.014319147891551618,22.37846063307961,4.563260777269975
976,9,47,0,"[   0    1    4    7   12   19  322  519  815 1018 1019 1038 1039 1040
 1042 1043 1045 1046]",-0.010427721020859712,22.42491328466121,4.3182196949142355
977,9,47,20,[   0  322  519  815 1018 1046],-0.010427721020859712,22.42491328466121,4.3182196949142355
978,9,47,40,[   0  322  519  815 1046],-0.010427721020859712,22.42491328466121,4.3182196949142355
979,9,47,60,[   0  322  519  815 1046],-0.010427721020859712,22.42491328466121,4.3182196949142355
980,9,48,0,"[   0    1    2    7   12   20   21   30  654  768 1018 1019 1039 1040
 1042 1044 1045 1046]",-0.030461611256248862,22.974527293675532,4.490578505891402
981,9,48,20,[   0  654  768 1018 1046],-0.030461611256248862,22.974527293675532,4.490578505891402
982,9,48,40,[   0  654  768 1046],-0.030461611256248862,22.974527293675532,4.490578505891402
983,9,48,60,[   0  654  768 1046],-0.030461611256248862,22.974527293675532,4.490578505891402
984,9,49,0,"[   0    1    7   12   14   19   31  283  740 1018 1019 1039 1040 1042
 1043 1044 1045 1046]",-0.02456830093522017,23.082909199392986,4.298305011527886
985,9,49,20,[   0  283  740 1018 1046],-0.02456830093522017,23.082909199392986,4.298305011527886
986,9,49,40,[   0  283  740 1046],-0.02456830093522017,23.082909199392986,4.298305011527886
987,9,49,60,[   0  283  740 1046],-0.02456830093522017,23.082909199392986,4.298305011527886
988,9,50,0,"[   0    1    7   12   14   19   26  423  815 1018 1019 1037 1039 1040
 1042 1044 1045 1046]",-0.020268940062930507,23.444142254464744,4.478086569895174
989,9,50,20,[   0  423  815 1018 1046],-0.020268940062930507,23.444142254464744,4.478086569895174
990,9,50,40,[   0  423  815 1046],-0.020268940062930507,23.444142254464744,4.478086569895174
991,9,50,60,[   0  423  815 1046],-0.020268940062930507,23.444142254464744,4.478086569895174
992,10,20,0,"[   0    1   19   30  186  383  386  397  433  520  614  661  736  932
  965 1018 1019 1042 1044 1046]",-0.05032487294737694,15.238156431728537,6.731397505875729
993,10,20,20,[   0  186  397  433  520  614  661  736  932  965 1018 1046],-0.05032487294737694,15.238156431728537,6.731397505875729
994,10,20,40,[   0  186  397  520  614  661  736  932 1046],-0.05032487294737694,15.238156431728537,6.731397505875729
995,10,20,60,[   0  186  397  520  661  736  932 1046],-0.05032487294737694,15.238156431728537,6.731397505875729
996,10,21,0,"[   0    1   19   30  186  383  386  397  440  490  614  663  689  932
 1018 1019 1038 1042 1044 1046]",-0.043902643079402344,16.32657656133437,7.313228630077591
997,10,21,20,[   0  186  397  440  490  614  663  689  932 1018 1046],-0.043902643079402344,16.32657656133437,7.313228630077591
998,10,21,40,[   0  186  397  440  490  614  689  932 1046],-0.043902643079402344,16.32657656133437,7.313228630077591
999,10,21,60,[   0  186  397  490  614  689  932 1046],-0.043902643079402344,16.32657656133437,7.313228630077591
1000,10,22,0,"[   0    1    7   19   30  186  213  223  251  271  283  305  318  689
  990 1018 1019 1042 1044 1046]",-0.016449831215469654,17.613827866738593,7.2087734427778924
1001,10,22,20,[   0  186  223  251  283  305  689  990 1019 1046],-0.016449831215469654,17.613827866738593,7.2087734427778924
1002,10,22,40,[   0  186  251  305  689  990 1046],-0.016449831215469654,17.613827866738593,7.2087734427778924
1003,10,22,60,[   0  186  305  689 1046],-0.016449831215469654,17.613827866738593,7.2087734427778924
1004,10,23,0,"[   0    1   13   30  186  251  318  395  433  584  614  637  661  876
 1018 1019 1041 1042 1044 1046]",-0.013158894145578233,16.74652792635806,9.219675746390273
1005,10,23,20,[   0   30  186  251  318  395  433  584  614  637  661  876 1018 1046],-0.013158894145578233,16.74652792635806,9.219675746390273
1006,10,23,40,[   0  186  251  318  395  584  637  876 1046],-0.013158894145578233,16.74652792635806,9.219675746390273
1007,10,23,60,[   0  186  251  318  395  584  876 1046],-0.013158894145578233,16.74652792635806,9.219675746390273
1008,10,24,0,"[   0    1    7   19  213  251  736  790  821  860  876 1018 1019 1029
 1030 1041 1042 1045 1046]",-0.027854980072537245,17.26125472455346,6.678841333482387
1009,10,24,20,[   0  213  251  463  736  790  821  876 1018 1046],-0.027854980072537245,17.26125472455346,6.678841333482387
1010,10,24,40,[   0  251  463  736  821  876 1046],-0.027854980072537245,17.26125472455346,6.678841333482387
1011,10,24,60,[   0  251  463  736  876 1046],-0.027854980072537245,17.26125472455346,6.678841333482387
1012,10,25,0,"[   0    1   12   19   31  186  223  251  271  539  614  661  689 1018
 1019 1041 1042 1044 1045 1046]",-0.025967026122624266,17.735253535647526,7.6093200020487215
1013,10,25,20,[   0  186  223  251  539  614  661  689 1018 1046],-0.025967026122624266,17.735253535647526,7.6093200020487215
1014,10,25,40,[   0  186  251  539  614  689 1046],-0.025967026122624266,17.735253535647526,7.6093200020487215
1015,10,25,60,[   0  186  251  539  614  689 1046],-0.025967026122624266,17.735253535647526,7.6093200020487215
1016,10,26,0,"[   0    1    7   19   30   66  186  213  223  251  271  689  717  745
 1018 1019 1041 1044 1045 1046]",-0.0424058240748383,17.8938527335491,6.716357149396072
1017,10,26,20,[   0   66  186  223  251  689  717  745 1018 1046],-0.0424058240748383,17.8938527335491,6.716357149396072
1018,10,26,40,[   0   66  186  251  689  745 1046],-0.0424058240748383,17.8938527335491,6.716357149396072
1019,10,26,60,[   0   66  186  251  745 1046],-0.0424058240748383,17.8938527335491,6.716357149396072
1020,10,27,0,"[   0    1    7   13   14   19  213  251  259  271  305  572  689 1018
 1019 1030 1042 1044 1045 1046]",-0.04636383349106631,19.46065317298155,5.8755725272773045
1021,10,27,20,[   0  213  271  305  572  689 1018 1046],-0.04636383349106631,19.46065317298155,5.8755725272773045
1022,10,27,40,[   0  213  305  572  689 1046],-0.04636383349106631,19.46065317298155,5.8755725272773045
1023,10,27,60,[   0  213  305  572  689 1046],-0.04636383349106631,19.46065317298155,5.8755725272773045
1024,10,28,0,"[   0    1    7   14   17   72   73  251  572  689  932  965 1018 1019
 1029 1030 1044 1045 1046]",-0.038022223902681763,19.23566102942521,3.906098684138695
1025,10,28,20,[   0   73  251  572  689  932  965 1018 1046],-0.038022223902681763,19.23566102942521,3.906098684138695
1026,10,28,40,[   0   73  251  572  689  932 1046],-0.038022223902681763,19.23566102942521,3.906098684138695
1027,10,28,60,[   0   73  251  572  689  932 1046],-0.038022223902681763,19.23566102942521,3.906098684138695
1028,10,29,0,"[   0    1    7   14   17  114  388  511  810  866  932  965 1018 1019
 1039 1041 1042 1044 1045 1046]",-0.0522315637798615,19.274324191890603,5.438745377264882
1029,10,29,20,[   0  114  388  511  810  866  932  965 1018 1046],-0.0522315637798615,19.274324191890603,5.438745377264882
1030,10,29,40,[   0  114  388  511  810  866  932 1046],-0.0522315637798615,19.274324191890603,5.438745377264882
1031,10,29,60,[   0  114  388  511  810  932 1046],-0.0522315637798615,19.274324191890603,5.438745377264882
1032,10,30,0,"[   0    1    7   14   19   66  251  447  572  655  689  715  736 1018
 1019 1041 1042 1044 1045 1046]",-0.04630911590940414,19.36973736825198,6.1463743060748675
1033,10,30,20,[   0   66  251  447  572  655  689  715  736 1018 1046],-0.04630911590940414,19.36973736825198,6.1463743060748675
1034,10,30,40,[   0   66  251  447  572  655  715 1046],-0.04630911590940414,19.36973736825198,6.1463743060748675
1035,10,30,60,[   0   66  251  447  572  715 1046],-0.04630911590940414,19.36973736825198,6.1463743060748675
1036,10,31,0,"[   0    1    7   19   30  183  186  223  251  655  704  736  932 1018
 1019 1038 1041 1042 1044 1046]",-0.018678926826376736,19.35036673489846,5.759319680875659
1037,10,31,20,[   0  186  223  251  655  704  736  932 1018 1046],-0.018678926826376736,19.35036673489846,5.759319680875659
1038,10,31,40,[   0  186  251  655  736  932 1046],-0.018678926826376736,19.35036673489846,5.759319680875659
1039,10,31,60,[   0  186  251  655  736  932 1046],-0.018678926826376736,19.35036673489846,5.759319680875659
1040,10,32,0,"[   0    1    7   19   30  186  223  251  655  689  791  866  932 1018
 1019 1029 1041 1043 1044 1046]",-0.016917192357557304,19.175520534307353,5.484910438114572
1041,10,32,20,[   0  186  223  251  655  689  791  866  932 1046],-0.016917192357557304,19.175520534307353,5.484910438114572
1042,10,32,40,[   0  186  251  655  791  866  932 1046],-0.016917192357557304,19.175520534307353,5.484910438114572
1043,10,32,60,[   0  186  251  655  791  866  932 1046],-0.016917192357557304,19.175520534307353,5.484910438114572
1044,10,33,0,"[   0    1    7   13   14   19  511  572  655  704  719  791  866  932
 1018 1019 1041 1042 1045 1046]",-0.038048112479998765,19.358950661647985,5.017282374578974
1045,10,33,20,[   0  511  572  655  719  791  866  932 1019 1046],-0.038048112479998765,19.358950661647985,5.017282374578974
1046,10,33,40,[   0  511  572  655  719  791  866  932 1046],-0.038048112479998765,19.358950661647985,5.017282374578974
1047,10,33,60,[   0  511  572  655  719  791  866  932 1046],-0.038048112479998765,19.358950661647985,5.017282374578974
1048,10,34,0,"[   0    1    2    7   19  200  306  411  472  498  618  715  791 1005
 1018 1019 1042 1044 1045 1046]",-0.02210010559583424,19.616556050678632,6.3061687469862395
1049,10,34,20,[   0  200  306  411  472  498  618  715  791 1005 1046],-0.02210010559583424,19.616556050678632,6.3061687469862395
1050,10,34,40,[   0  200  306  411  498  618  715  791 1005 1046],-0.02210010559583424,19.616556050678632,6.3061687469862395
1051,10,34,60,[   0  200  306  411  498  618  715  791 1046],-0.02210010559583424,19.616556050678632,6.3061687469862395
1052,10,35,0,"[   0    1    7   14   19   31  210  259  511  586  768  815 1018 1019
 1030 1041 1042 1044 1045 1046]",-0.015475528072648853,20.069330991614546,5.206133497445187
1053,10,35,20,[   0  210  259  511  586  768  815 1018 1046],-0.015475528072648853,20.069330991614546,5.206133497445187
1054,10,35,40,[   0  210  259  511  586  768  815 1046],-0.015475528072648853,20.069330991614546,5.206133497445187
1055,10,35,60,[   0  259  511  586  768 1046],-0.015475528072648853,20.069330991614546,5.206133497445187
1056,10,36,0,"[   0    1    7   14   19   31   72  210  259  768  815 1018 1019 1029
 1030 1040 1042 1044 1045 1046]",-0.02091437501154428,20.62822943548269,4.649047092506152
1057,10,36,20,[   0   72  210  259  768  815 1018 1046],-0.02091437501154428,20.62822943548269,4.649047092506152
1058,10,36,40,[   0   72  210  259  768  815 1046],-0.02091437501154428,20.62822943548269,4.649047092506152
1059,10,36,60,[   0   72  259  768 1046],-0.02091437501154428,20.62822943548269,4.649047092506152
1060,10,37,0,"[   0    1    7   14   19   31   72   73  668  768 1005 1018 1019 1029
 1030 1039 1040 1042 1045 1046]",-0.007354284343529548,20.268095297249147,3.6601596585026663
1061,10,37,20,[   0   73  668  768 1005 1046],-0.007354284343529548,20.268095297249147,3.6601596585026663
1062,10,37,40,[   0   73  668  768 1005 1046],-0.007354284343529548,20.268095297249147,3.6601596585026663
1063,10,37,60,[   0   73  668  768 1046],-0.007354284343529548,20.268095297249147,3.6601596585026663
1064,10,38,0,"[   0    1    7   14   19   25  539  586  768  866  899 1012 1018 1019
 1030 1038 1042 1043 1044 1046]",-0.014717551853892017,20.20199556086074,5.198994712959309
1065,10,38,20,[   0  539  586  768  866  899 1012 1046],-0.014717551853892017,20.20199556086074,5.198994712959309
1066,10,38,40,[   0  539  586  768  899 1046],-0.014717551853892017,20.20199556086074,5.198994712959309
1067,10,38,60,[   0  586  768  899 1046],-0.014717551853892017,20.20199556086074,5.198994712959309
1068,10,39,0,"[   0    1    7   12   19   20   30  283  447  498  539  768  899 1018
 1019 1041 1042 1043 1044 1046]",-0.03101875707129396,20.099508028759654,4.939663174526449
1069,10,39,20,[   0  283  447  498  539  768  899 1018 1046],-0.03101875707129396,20.099508028759654,4.939663174526449
1070,10,39,40,[   0  283  447  498  539  768  899 1046],-0.03101875707129396,20.099508028759654,4.939663174526449
1071,10,39,60,[   0  283  447  539  768  899 1046],-0.03101875707129396,20.099508028759654,4.939663174526449
1072,10,40,0,"[   0    1    7   19   30   65  654  730  768  899 1018 1019 1029 1030
 1041 1042 1044 1046]",-0.021541347857821348,19.813054561792704,4.46730807891334
1073,10,40,20,[   0   65  654  730  768  899 1018 1046],-0.021541347857821348,19.813054561792704,4.46730807891334
1074,10,40,40,[   0   65  654  730  899 1046],-0.021541347857821348,19.813054561792704,4.46730807891334
1075,10,40,60,[   0   65  654  730  899 1046],-0.021541347857821348,19.813054561792704,4.46730807891334
1076,10,41,0,"[   0    1    7   19   30  101  768  866 1018 1019 1029 1030 1041 1042
 1044 1045 1046]",-0.015291492074757941,20.65550990174274,4.2853981730298765
1077,10,41,20,[   0  101  768  866 1018 1046],-0.015291492074757941,20.65550990174274,4.2853981730298765
1078,10,41,40,[   0  101  768  866 1046],-0.015291492074757941,20.65550990174274,4.2853981730298765
1079,10,41,60,[   0  101  768  866 1046],-0.015291492074757941,20.65550990174274,4.2853981730298765
1080,10,42,0,[   0   72   73 1018 1019 1029 1030 1046],-0.02718217259938358,20.006489583779242,3.79360744139925
1081,10,42,20,[   0   73  768 1018 1046],-0.02718217259938358,20.006489583779242,3.79360744139925
1082,10,42,40,[   0   73  768 1046],-0.02718217259938358,20.006489583779242,3.79360744139925
1083,10,42,60,[   0   73  768 1046],-0.02718217259938358,20.006489583779242,3.79360744139925
1084,10,43,0,"[   0    1    7   12   19   26   30  411  472  568  618  899  915 1018
 1019 1041 1042 1043 1044 1046]",-0.021234487662401106,19.849080601612126,5.99791158415618
1085,10,43,20,[   0  411  472  568  618  899 1018 1046],-0.021234487662401106,19.849080601612126,5.99791158415618
1086,10,43,40,[   0  411  472  568  618  899 1046],-0.021234487662401106,19.849080601612126,5.99791158415618
1087,10,43,60,[   0  411  472  618  899 1046],-0.021234487662401106,19.849080601612126,5.99791158415618
1088,10,44,0,"[   0    1    7   12   14   19  493  511  782  815  866  985 1018 1019
 1034 1039 1042 1044 1045 1046]",-0.011657817949200316,20.744861467421355,5.085672147731663
1089,10,44,20,[   0  511  782  815  866  985 1018 1046],-0.011657817949200316,20.744861467421355,5.085672147731663
1090,10,44,40,[   0  511  782  866  985 1046],-0.011657817949200316,20.744861467421355,5.085672147731663
1091,10,44,60,[   0  511  782  866  985 1046],-0.011657817949200316,20.744861467421355,5.085672147731663
1092,10,45,0,"[   0    1    7   19   20   72  782  815  866 1018 1019 1029 1030 1034
 1039 1042 1044 1045 1046]",-0.011502237119307946,20.48132362440976,4.867171665648816
1093,10,45,20,[   0   72  782  815  866 1018 1046],-0.011502237119307946,20.48132362440976,4.867171665648816
1094,10,45,40,[   0   72  782  866 1046],-0.011502237119307946,20.48132362440976,4.867171665648816
1095,10,45,60,[   0   72  782  866 1046],-0.011502237119307946,20.48132362440976,4.867171665648816
1096,10,46,0,"[   0    1    4    7   14   19   72  101  654  752  782  815  899 1018
 1019 1039 1042 1043 1045 1046]",-0.01302437448887708,20.605439556849092,4.3774969790976375
1097,10,46,20,[   0   72  101  654  752  782  815  899 1018 1046],-0.01302437448887708,20.605439556849092,4.3774969790976375
1098,10,46,40,[   0  101  654  782  899 1046],-0.01302437448887708,20.605439556849092,4.3774969790976375
1099,10,46,60,[   0  101  654  782  899 1046],-0.01302437448887708,20.605439556849092,4.3774969790976375
1100,10,47,0,"[   0    1    4    7   12   19  322  383  519  768  815 1018 1019 1038
 1039 1040 1042 1043 1045 1046]",-0.018587198288607165,20.527067200727895,4.346432095603189
1101,10,47,20,[   0  322  383  519  768  815 1018 1046],-0.018587198288607165,20.527067200727895,4.346432095603189
1102,10,47,40,[   0  322  383  519  768  815 1046],-0.018587198288607165,20.527067200727895,4.346432095603189
1103,10,47,60,[   0  322  383  519  768 1046],-0.018587198288607165,20.527067200727895,4.346432095603189
1104,10,48,0,"[   0    1    2    7   12   19   20   21   30  654  768 1018 1019 1039
 1040 1042 1043 1044 1045 1046]",-0.028430960621152798,21.107642544519365,4.841376364936108
1105,10,48,20,[   0  654  768 1018 1046],-0.028430960621152798,21.107642544519365,4.841376364936108
1106,10,48,40,[   0  654  768 1046],-0.028430960621152798,21.107642544519365,4.841376364936108
1107,10,48,60,[   0  654  768 1046],-0.028430960621152798,21.107642544519365,4.841376364936108
1108,10,49,0,"[   0    1    7   12   14   19   31  283  403  740  768 1018 1019 1039
 1040 1042 1043 1044 1045 1046]",-0.02482615937974271,21.248215629246136,4.497062853039031
1109,10,49,20,[   0  283  403  740  768 1018 1046],-0.02482615937974271,21.248215629246136,4.497062853039031
1110,10,49,40,[   0  283  403  740 1046],-0.02482615937974271,21.248215629246136,4.497062853039031
1111,10,49,60,[   0  283  403  740 1046],-0.02482615937974271,21.248215629246136,4.497062853039031
1112,10,50,0,"[   0    1    7   12   14   19   26  423  559  815 1018 1019 1037 1038
 1039 1040 1042 1044 1045 1046]",-0.019737588149400416,21.509885942408918,4.46380017734009
1113,10,50,20,[   0  423  559  815 1018 1046],-0.019737588149400416,21.509885942408918,4.46380017734009
1114,10,50,40,[   0  423  559  815 1046],-0.019737588149400416,21.509885942408918,4.46380017734009
1115,10,50,60,[   0  423  559  815 1046],-0.019737588149400416,21.509885942408918,4.46380017734009
1116,11,20,0,"[   0    1   19   30  186  237  283  383  386  397  433  520  614  661
  736  932  965 1018 1019 1042 1044 1046]",-0.04862704464522347,14.38243722559106,6.542020143328265
1117,11,20,20,[   0  186  237  283  397  433  520  614  661  736  932  965 1018 1046],-0.04862704464522347,14.38243722559106,6.542020143328265
1118,11,20,40,[   0  186  237  283  397  520  614  661  736  932 1046],-0.04862704464522347,14.38243722559106,6.542020143328265
1119,11,20,60,[   0  186  283  397  520  661  736  932 1046],-0.04862704464522347,14.38243722559106,6.542020143328265
1120,11,21,0,"[   0    1   19   30  186  223  283  383  386  397  440  490  614  663
  689  932 1018 1019 1038 1042 1044 1046]",-0.0421487719840277,15.318320719573409,7.048146826965072
1121,11,21,20,[   0  186  223  283  397  440  490  614  663  689  932 1018 1046],-0.0421487719840277,15.318320719573409,7.048146826965072
1122,11,21,40,[   0  223  283  397  440  490  614  689  932 1046],-0.0421487719840277,15.318320719573409,7.048146826965072
1123,11,21,60,[   0  283  397  490  614  689  932 1046],-0.0421487719840277,15.318320719573409,7.048146826965072
1124,11,22,0,"[   0    1    7   19   30  186  213  223  251  271  283  305  318  689
  990 1018 1019 1029 1030 1042 1044 1046]",-0.015925469598504074,16.41885562799773,6.5894069695988895
1125,11,22,20,[   0  186  223  251  283  305  689  990 1046],-0.015925469598504074,16.41885562799773,6.5894069695988895
1126,11,22,40,[   0  186  251  305  689  990 1046],-0.015925469598504074,16.41885562799773,6.5894069695988895
1127,11,22,60,[   0  186  305  689 1046],-0.015925469598504074,16.41885562799773,6.5894069695988895
1128,11,23,0,"[   0    1    7   13   30  186  213  251  318  395  433  584  614  637
  661  876 1018 1019 1041 1042 1044 1046]",-0.02719082962819105,15.772606455037689,9.369726989331191
1129,11,23,20,"[   0   30  186  213  251  318  395  433  584  614  637  661  876 1018
 1046]",-0.02719082962819105,15.772606455037689,9.369726989331191
1130,11,23,40,[   0  213  318  395  584  637  876 1046],-0.02719082962819105,15.772606455037689,9.369726989331191
1131,11,23,60,[   0  213  318  395  584  876 1046],-0.02719082962819105,15.772606455037689,9.369726989331191
1132,11,24,0,"[   0    1    7   19  213  223  239  251  463  736  790  821  860  876
 1018 1019 1029 1030 1041 1042 1045 1046]",-0.027008617386346304,15.839533226465687,7.10794807746453
1133,11,24,20,[   0  239  463  736  790  821  876 1018 1046],-0.027008617386346304,15.839533226465687,7.10794807746453
1134,11,24,40,[   0  239  463  736  821  876 1046],-0.027008617386346304,15.839533226465687,7.10794807746453
1135,11,24,60,[   0  239  463  736  876 1046],-0.027008617386346304,15.839533226465687,7.10794807746453
1136,11,25,0,"[   0    1   12   19   31  186  223  251  271  305  461  539  614  661
  689 1018 1019 1041 1042 1044 1045 1046]",-0.02535590251930336,16.61315848324652,7.986565734606467
1137,11,25,20,[   0  186  223  271  305  461  539  614  661  689 1018 1046],-0.02535590251930336,16.61315848324652,7.986565734606467
1138,11,25,40,[   0  223  305  461  539  614  689 1046],-0.02535590251930336,16.61315848324652,7.986565734606467
1139,11,25,60,[   0  223  305  461  539  614  689 1046],-0.02535590251930336,16.61315848324652,7.986565734606467
1140,11,26,0,"[   0    1    7   19   30   66  186  213  223  251  271  523  689  717
  745  889 1018 1019 1041 1044 1045 1046]",-0.04152242949551548,16.500265516166376,7.576652669800968
1141,11,26,20,[   0   66  186  223  251  523  689  717  745  889 1018 1046],-0.04152242949551548,16.500265516166376,7.576652669800968
1142,11,26,40,[   0   66  186  251  523  717  889 1046],-0.04152242949551548,16.500265516166376,7.576652669800968
1143,11,26,60,[   0   66  186  251  523  717  889 1046],-0.04152242949551548,16.500265516166376,7.576652669800968
1144,11,27,0,"[   0    1    7   13   14   19  213  251  259  271  305  572  689 1005
 1018 1019 1029 1030 1042 1044 1045 1046]",-0.04569994824412098,18.09396998926561,5.390563419328211
1145,11,27,20,[   0  213  271  305  572  689 1005 1046],-0.04569994824412098,18.09396998926561,5.390563419328211
1146,11,27,40,[   0  213  305  572  689 1005 1046],-0.04569994824412098,18.09396998926561,5.390563419328211
1147,11,27,60,[   0  213  305  572  689 1046],-0.04569994824412098,18.09396998926561,5.390563419328211
1148,11,28,0,"[   0    1    7   14   17   66   72   73  251  450  572  689  932  965
 1018 1019 1029 1030 1044 1045 1046]",-0.036929539763032676,17.836329322364104,4.39140636936456
1149,11,28,20,[   0   73  251  450  572  689  932  965 1018 1046],-0.036929539763032676,17.836329322364104,4.39140636936456
1150,11,28,40,[   0   73  251  450  572  689  932 1046],-0.036929539763032676,17.836329322364104,4.39140636936456
1151,11,28,60,[   0   73  251  450  572  689  932 1046],-0.036929539763032676,17.836329322364104,4.39140636936456
1152,11,29,0,"[   0    1    7   14   17  114  388  511  810  866  932  965 1018 1019
 1029 1030 1039 1041 1042 1044 1045 1046]",-0.051667769770798025,17.924597216028015,4.987726711063249
1153,11,29,20,[   0  114  388  511  810  866  932  965 1018 1046],-0.051667769770798025,17.924597216028015,4.987726711063249
1154,11,29,40,[   0  114  388  511  810  866  932 1046],-0.051667769770798025,17.924597216028015,4.987726711063249
1155,11,29,60,[   0  114  388  511  810  932 1046],-0.051667769770798025,17.924597216028015,4.987726711063249
1156,11,30,0,"[   0    1    7   14   19   66  251  447  572  655  689  715  736 1018
 1019 1029 1030 1041 1042 1044 1045 1046]",-0.04576943661688607,18.013769540478442,5.629688616314398
1157,11,30,20,[   0   66  251  447  572  655  689  715  736 1018 1046],-0.04576943661688607,18.013769540478442,5.629688616314398
1158,11,30,40,[   0   66  251  447  572  655  715 1046],-0.04576943661688607,18.013769540478442,5.629688616314398
1159,11,30,60,[   0   66  251  447  572  715 1046],-0.04576943661688607,18.013769540478442,5.629688616314398
1160,11,31,0,"[   0    1    7   19   30  183  186  223  251  655  704  736  932 1018
 1019 1029 1030 1038 1041 1042 1044 1046]",-0.018211690137824914,17.992580546069377,5.275913376134309
1161,11,31,20,[   0  186  223  251  655  704  736  932 1046],-0.018211690137824914,17.992580546069377,5.275913376134309
1162,11,31,40,[   0  186  251  655  736  932 1046],-0.018211690137824914,17.992580546069377,5.275913376134309
1163,11,31,60,[   0  186  251  655  736  932 1046],-0.018211690137824914,17.992580546069377,5.275913376134309
1164,11,32,0,"[   0    1    7   19   30  186  223  251  655  689  791  866  932 1018
 1019 1029 1030 1041 1043 1044 1046]",-0.016359152153730735,17.830305307153576,5.030132994904306
1165,11,32,20,[   0  186  223  251  655  689  791  866  932 1046],-0.016359152153730735,17.830305307153576,5.030132994904306
1166,11,32,40,[   0  186  251  655  791  866  932 1046],-0.016359152153730735,17.830305307153576,5.030132994904306
1167,11,32,60,[   0  186  251  655  791  866  932 1046],-0.016359152153730735,17.830305307153576,5.030132994904306
1168,11,33,0,"[   0    1    7   13   14   19  511  572  655  704  719  791  866  932
 1018 1019 1029 1030 1041 1042 1045 1046]",-0.03752314311243467,18.003955434002595,4.605975981433333
1169,11,33,20,[   0  511  572  655  719  791  866  932 1046],-0.03752314311243467,18.003955434002595,4.605975981433333
1170,11,33,40,[   0  511  572  655  719  791  866  932 1046],-0.03752314311243467,18.003955434002595,4.605975981433333
1171,11,33,60,[   0  511  572  655  719  791  866  932 1046],-0.03752314311243467,18.003955434002595,4.605975981433333
1172,11,34,0,"[   0    1    2    7   19  200  306  411  472  498  618  715  791  866
 1005 1018 1019 1041 1042 1044 1045 1046]",-0.02760439599025344,18.243256655308844,6.5452103099959915
1173,11,34,20,[   0  200  306  411  472  498  618  715  791  866 1005 1046],-0.02760439599025344,18.243256655308844,6.5452103099959915
1174,11,34,40,[   0  200  306  411  498  618  715  791  866 1005 1046],-0.02760439599025344,18.243256655308844,6.5452103099959915
1175,11,34,60,[   0  200  306  411  498  618  715  791  866 1046],-0.02760439599025344,18.243256655308844,6.5452103099959915
1176,11,35,0,"[   0    1    7   14   19   31  210  259  511  586  768  815 1005 1018
 1019 1029 1030 1041 1042 1044 1045 1046]",-0.015006538847859064,18.642617083590785,4.775589649636381
1177,11,35,20,[   0  210  259  511  586  768  815 1005 1046],-0.015006538847859064,18.642617083590785,4.775589649636381
1178,11,35,40,[   0  210  259  511  586  768  815 1005 1046],-0.015006538847859064,18.642617083590785,4.775589649636381
1179,11,35,60,[   0  259  511  586  768 1046],-0.015006538847859064,18.642617083590785,4.775589649636381
1180,11,36,0,"[   0    1    7   14   19   31   72  210  259  768  815  866 1018 1019
 1029 1030 1040 1041 1042 1044 1045 1046]",-0.020164012018830182,19.140247286472615,4.804735032495833
1181,11,36,20,[   0   72  210  259  768  815  866 1018 1046],-0.020164012018830182,19.140247286472615,4.804735032495833
1182,11,36,40,[   0   72  210  259  768  815  866 1046],-0.020164012018830182,19.140247286472615,4.804735032495833
1183,11,36,60,[   0   72  259  866 1046],-0.020164012018830182,19.140247286472615,4.804735032495833
1184,11,37,0,"[   0    1   14   19   31   72   73  552  553  768 1018 1019 1029 1030
 1039 1040 1046]",-0.006827046978929872,18.782099847993084,3.3719592599011765
1185,11,37,20,[   0   73  553  668  768 1005 1046],-0.006827046978929872,18.782099847993084,3.3719592599011765
1186,11,37,40,[   0   73  553  668  768 1005 1046],-0.006827046978929872,18.782099847993084,3.3719592599011765
1187,11,37,60,[   0   73  553  668  768 1046],-0.006827046978929872,18.782099847993084,3.3719592599011765
1188,11,38,0,"[   0    1    7   14   19   25  539  586  768  866  899 1012 1018 1019
 1022 1029 1030 1038 1042 1043 1044 1046]",-0.014675755588428463,18.766278782244505,4.769111437547272
1189,11,38,20,[   0  539  586  768  866  899 1012 1046],-0.014675755588428463,18.766278782244505,4.769111437547272
1190,11,38,40,[   0  539  586  768  899 1046],-0.014675755588428463,18.766278782244505,4.769111437547272
1191,11,38,60,[   0  586  768  899 1046],-0.014675755588428463,18.766278782244505,4.769111437547272
1192,11,39,0,"[   0    1    7   12   19   20   30  283  447  498  539  768  866  899
 1018 1019 1034 1041 1042 1043 1044 1046]",-0.03409192663629042,18.699650336247537,5.187040266321213
1193,11,39,20,[   0  283  447  498  539  768  866  899 1018 1046],-0.03409192663629042,18.699650336247537,5.187040266321213
1194,11,39,40,[   0  283  447  498  539  768  899 1046],-0.03409192663629042,18.699650336247537,5.187040266321213
1195,11,39,60,[   0  283  447  539  768  899 1046],-0.03409192663629042,18.699650336247537,5.187040266321213
1196,11,40,0,"[   0    1    2    7   19   30   65  511  568  654  730  768  899 1018
 1019 1029 1030 1041 1042 1043 1044 1046]",-0.03477211681020978,18.262441869034703,4.637886008287164
1197,11,40,20,[   0   65  511  568  654  730  768  899 1018 1046],-0.03477211681020978,18.262441869034703,4.637886008287164
1198,11,40,40,[   0   65  511  568  654  730  899 1046],-0.03477211681020978,18.262441869034703,4.637886008287164
1199,11,40,60,[   0   65  568  654  730  899 1046],-0.03477211681020978,18.262441869034703,4.637886008287164
1200,11,41,0,"[   0    1    7   19   30   72   73  101  768  866 1018 1019 1029 1030
 1041 1042 1044 1045 1046]",-0.015908519184811766,19.15442955177276,3.9401215507830853
1201,11,41,20,[   0   72  101  768  866 1018 1046],-0.015908519184811766,19.15442955177276,3.9401215507830853
1202,11,41,40,[   0  101  768  866 1046],-0.015908519184811766,19.15442955177276,3.9401215507830853
1203,11,41,60,[   0  101  768  866 1046],-0.015908519184811766,19.15442955177276,3.9401215507830853
1204,11,42,0,[   0   72   73  552  553 1018 1019 1029 1030 1046],-0.026674460466614636,18.550008965451646,3.4946791606670904
1205,11,42,20,[   0   73  553  768 1018 1046],-0.026674460466614636,18.550008965451646,3.4946791606670904
1206,11,42,40,[   0   73  553  768 1046],-0.026674460466614636,18.550008965451646,3.4946791606670904
1207,11,42,60,[   0   73  553  768 1046],-0.026674460466614636,18.550008965451646,3.4946791606670904
1208,11,43,0,"[   0    1    7   12   19   26   30  411  423  472  568  618  899  915
 1018 1019 1034 1041 1042 1043 1044 1046]",-0.02322740731825709,18.508730337572924,6.180962519887518
1209,11,43,20,[   0  423  472  568  618  899 1018 1046],-0.02322740731825709,18.508730337572924,6.180962519887518
1210,11,43,40,[   0  423  472  568  618  899 1046],-0.02322740731825709,18.508730337572924,6.180962519887518
1211,11,43,60,[   0  423  618  899 1046],-0.02322740731825709,18.508730337572924,6.180962519887518
1212,11,44,0,"[   0    1    7   12   14   19  493  511  782  815  866  985 1018 1019
 1029 1030 1034 1039 1042 1044 1045 1046]",-0.01110079964075076,19.26361083011751,4.663550115310306
1213,11,44,20,[   0  511  782  815  866  985 1018 1046],-0.01110079964075076,19.26361083011751,4.663550115310306
1214,11,44,40,[   0  511  782  866  985 1046],-0.01110079964075076,19.26361083011751,4.663550115310306
1215,11,44,60,[   0  511  782  866  985 1046],-0.01110079964075076,19.26361083011751,4.663550115310306
1216,11,45,0,"[   0    1    7   12   13   19   20   72  498  782  815  866 1018 1019
 1029 1030 1034 1039 1042 1044 1045 1046]",-0.03530476960941078,18.856364833182898,5.07930651519894
1217,11,45,20,[   0   72  498  782  815  866 1018 1046],-0.03530476960941078,18.856364833182898,5.07930651519894
1218,11,45,40,[   0   72  498  782  866 1046],-0.03530476960941078,18.856364833182898,5.07930651519894
1219,11,45,60,[   0   72  498  782  866 1046],-0.03530476960941078,18.856364833182898,5.07930651519894
1220,11,46,0,"[   0    1    4    7   14   19   72  101  654  752  782  815  866  899
 1018 1019 1039 1042 1043 1044 1045 1046]",-0.019672227121196633,19.171854774474248,5.172237347248389
1221,11,46,20,[   0   72  101  654  752  782  815  866  899 1018 1046],-0.019672227121196633,19.171854774474248,5.172237347248389
1222,11,46,40,[   0  101  654  782  899 1046],-0.019672227121196633,19.171854774474248,5.172237347248389
1223,11,46,60,[   0  101  654  782  899 1046],-0.019672227121196633,19.171854774474248,5.172237347248389
1224,11,47,0,"[   0    1    4    7   12   19   21  322  327  383  519  768  815 1018
 1019 1038 1039 1040 1042 1043 1045 1046]",-0.01908415627083231,19.07012579719468,4.890260762804383
1225,11,47,20,[   0  327  383  519  768  815 1018 1046],-0.01908415627083231,19.07012579719468,4.890260762804383
1226,11,47,40,[   0  327  383  519  768  815 1046],-0.01908415627083231,19.07012579719468,4.890260762804383
1227,11,47,60,[   0  383  519  768 1046],-0.01908415627083231,19.07012579719468,4.890260762804383
1228,11,48,0,"[   0    1    2   12   19   20   21   30  654  768 1018 1019 1029 1030
 1039 1040 1042 1044 1045 1046]",-0.02788199179599769,19.592856913200777,4.443422644348872
1229,11,48,20,[   0  654  768 1018 1046],-0.02788199179599769,19.592856913200777,4.443422644348872
1230,11,48,40,[   0  654  768 1046],-0.02788199179599769,19.592856913200777,4.443422644348872
1231,11,48,60,[   0  654  768 1046],-0.02788199179599769,19.592856913200777,4.443422644348872
1232,11,49,0,"[   0    1    7   12   14   19   31  283  403  740  768 1018 1019 1029
 1030 1039 1040 1042 1043 1044 1045 1046]",-0.02413268220700893,19.71914162035635,4.134015268362979
1233,11,49,20,[   0  283  403  740  768 1018 1046],-0.02413268220700893,19.71914162035635,4.134015268362979
1234,11,49,40,[   0  283  403  740 1046],-0.02413268220700893,19.71914162035635,4.134015268362979
1235,11,49,60,[   0  283  403  740 1046],-0.02413268220700893,19.71914162035635,4.134015268362979
1236,11,50,0,"[   0    1    7   12   14   19   26  423  559  815 1018 1019 1029 1030
 1037 1038 1039 1040 1042 1044 1045 1046]",-0.019094550627785443,19.95305172724789,4.10182357456042
1237,11,50,20,[   0  423  559  815 1018 1046],-0.019094550627785443,19.95305172724789,4.10182357456042
1238,11,50,40,[   0  423  559  815 1046],-0.019094550627785443,19.95305172724789,4.10182357456042
1239,11,50,60,[   0  423  559  815 1046],-0.019094550627785443,19.95305172724789,4.10182357456042
1240,12,20,0,"[   0    1    7   19   30  186  193  237  283  383  386  397  433  520
  614  661  736  932  965 1018 1019 1042 1044 1046]",-0.04965212312785141,13.627589952213599,7.060761724856422
1241,12,20,20,[   0  193  237  283  397  433  520  614  661  736  932  965 1018 1046],-0.04965212312785141,13.627589952213599,7.060761724856422
1242,12,20,40,[   0  193  237  283  397  520  614  661  736  932 1046],-0.04965212312785141,13.627589952213599,7.060761724856422
1243,12,20,60,[   0  193  283  397  520  661  736  932 1046],-0.04965212312785141,13.627589952213599,7.060761724856422
1244,12,21,0,"[   0    1   19   30  186  223  283  383  386  397  440  490  614  663
  689  932 1018 1019 1029 1030 1038 1042 1044 1046]",-0.04172323573468417,14.425980097754042,6.50245958605489
1245,12,21,20,[   0  186  223  283  397  440  490  614  663  689  932 1046],-0.04172323573468417,14.425980097754042,6.50245958605489
1246,12,21,40,[   0  223  283  397  440  490  614  689  932 1046],-0.04172323573468417,14.425980097754042,6.50245958605489
1247,12,21,60,[   0  283  397  490  614  689  932 1046],-0.04172323573468417,14.425980097754042,6.50245958605489
1248,12,22,0,"[   0    1    7   19   30   72   73  186  223  251  271  283  305  318
  689  990 1018 1019 1029 1030 1044 1046]",-0.015590434329197341,15.418781029258733,6.051810039162448
1249,12,22,20,[   0   73  186  223  251  283  305  689  990 1046],-0.015590434329197341,15.418781029258733,6.051810039162448
1250,12,22,40,[   0   73  186  251  305  689  990 1046],-0.015590434329197341,15.418781029258733,6.051810039162448
1251,12,22,60,[   0   73  186  305  689 1046],-0.015590434329197341,15.418781029258733,6.051810039162448
1252,12,23,0,"[   0    1    7   13   30  186  213  223  251  283  318  395  433  584
  614  637  661  876 1018 1019 1041 1042 1044 1046]",-0.026537580317645183,14.882397796445636,8.930810601602927
1253,12,23,20,"[   0   30  186  223  251  283  318  395  433  584  614  637  661  876
 1018 1046]",-0.026537580317645183,14.882397796445636,8.930810601602927
1254,12,23,40,[   0  223  283  395  584  637  876 1046],-0.026537580317645183,14.882397796445636,8.930810601602927
1255,12,23,60,[   0  283  395  584  876 1046],-0.026537580317645183,14.882397796445636,8.930810601602927
1256,12,24,0,"[   0    1    7   19   30  186  213  223  239  251  463  736  790  821
  860  876 1018 1019 1029 1030 1041 1042 1045 1046]",-0.025865912645898544,14.896125002208137,7.453713733837297
1257,12,24,20,[   0  186  239  463  736  790  821  876 1018 1046],-0.025865912645898544,14.896125002208137,7.453713733837297
1258,12,24,40,[   0  186  239  463  736  821  876 1046],-0.025865912645898544,14.896125002208137,7.453713733837297
1259,12,24,60,[   0  186  463  736  876 1046],-0.025865912645898544,14.896125002208137,7.453713733837297
1260,12,25,0,"[   0    1    7   12   19   31  186  213  223  251  271  305  461  539
  614  661  689 1018 1019 1041 1042 1044 1045 1046]",-0.0295844324277768,15.675573105077042,8.380329968720012
1261,12,25,20,[   0  186  223  271  305  461  539  614  661  689 1018 1046],-0.0295844324277768,15.675573105077042,8.380329968720012
1262,12,25,40,[   0  223  305  461  539  614  689 1046],-0.0295844324277768,15.675573105077042,8.380329968720012
1263,12,25,60,[   0  223  305  461  539  614  689 1046],-0.0295844324277768,15.675573105077042,8.380329968720012
1264,12,26,0,"[   0    1    7   19   30   66  186  213  223  251  271  372  491  523
  689  717  745  889 1018 1019 1041 1044 1045 1046]",-0.04000306284612599,15.542152542622826,8.214669616621753
1265,12,26,20,[   0   66  186  223  251  372  491  523  689  717  745  889 1018 1046],-0.04000306284612599,15.542152542622826,8.214669616621753
1266,12,26,40,[   0   66  186  251  372  491  717  889 1046],-0.04000306284612599,15.542152542622826,8.214669616621753
1267,12,26,60,[   0   66  186  251  372  491  717  889 1046],-0.04000306284612599,15.542152542622826,8.214669616621753
1268,12,27,0,"[   0    1    7   13   14   19   72   73  213  251  259  271  305  572
  689 1005 1018 1019 1029 1030 1042 1044 1045 1046]",-0.04522607594026483,16.95698737319932,4.961157692329854
1269,12,27,20,[   0   73  213  271  305  572  689 1005 1046],-0.04522607594026483,16.95698737319932,4.961157692329854
1270,12,27,40,[   0   73  213  305  572  689 1005 1046],-0.04522607594026483,16.95698737319932,4.961157692329854
1271,12,27,60,[   0   73  213  305  572  689 1046],-0.04522607594026483,16.95698737319932,4.961157692329854
1272,12,28,0,"[   0    1    7   14   17   66   72   73  251  450  552  553  572  689
  932  965 1018 1019 1029 1030 1044 1045 1046]",-0.03647901860823081,16.694154554497995,4.067680695808577
1273,12,28,20,[   0   73  251  450  572  689  932  965 1018 1046],-0.03647901860823081,16.694154554497995,4.067680695808577
1274,12,28,40,[   0   73  251  450  572  689  932 1046],-0.03647901860823081,16.694154554497995,4.067680695808577
1275,12,28,60,[   0   73  251  450  572  689  932 1046],-0.03647901860823081,16.694154554497995,4.067680695808577
1276,12,29,0,"[   0    1    7   14   17   72   73  114  388  511  810  866  932  965
 1018 1019 1029 1030 1039 1041 1042 1044 1045 1046]",-0.05111235899028516,16.803267037139477,4.611609914074278
1277,12,29,20,[   0   73  114  388  511  810  866  932  965 1018 1046],-0.05111235899028516,16.803267037139477,4.611609914074278
1278,12,29,40,[   0   73  114  388  511  810  866  932 1046],-0.05111235899028516,16.803267037139477,4.611609914074278
1279,12,29,60,[   0  114  388  511  810  932 1046],-0.05111235899028516,16.803267037139477,4.611609914074278
1280,12,30,0,"[   0    1    7   14   19   66  251  447  572  655  689  715  736  866
 1018 1019 1029 1030 1038 1041 1042 1044 1045 1046]",-0.04708612977311555,16.90721709234952,5.9699316280679
1281,12,30,20,[   0   66  251  447  572  655  689  715  736  866 1018 1046],-0.04708612977311555,16.90721709234952,5.9699316280679
1282,12,30,40,[   0   66  251  447  572  655  736  866 1046],-0.04708612977311555,16.90721709234952,5.9699316280679
1283,12,30,60,[   0   66  251  447  572  655  736  866 1046],-0.04708612977311555,16.90721709234952,5.9699316280679
1284,12,31,0,"[   0    1    7   19   30  183  186  223  251  655  704  736  932  965
 1018 1019 1029 1030 1038 1041 1042 1044 1045 1046]",-0.016915298006391247,16.868246463843807,5.360206837872227
1285,12,31,20,[   0  186  223  251  655  704  736  932  965 1018 1046],-0.016915298006391247,16.868246463843807,5.360206837872227
1286,12,31,40,[   0  186  251  655  736  932 1046],-0.016915298006391247,16.868246463843807,5.360206837872227
1287,12,31,60,[   0  186  251  655  736  932 1046],-0.016915298006391247,16.868246463843807,5.360206837872227
1288,12,32,0,"[   0    1    7   19   30   72   73  186  223  251  655  689  791  866
  932 1018 1019 1029 1030 1041 1043 1044 1046]",-0.015794558909101804,16.719504661350612,4.649247310965074
1289,12,32,20,[   0   73  186  223  251  655  689  791  866  932 1046],-0.015794558909101804,16.719504661350612,4.649247310965074
1290,12,32,40,[   0   73  186  251  655  791  866  932 1046],-0.015794558909101804,16.719504661350612,4.649247310965074
1291,12,32,60,[   0   73  186  251  655  791  866  932 1046],-0.015794558909101804,16.719504661350612,4.649247310965074
1292,12,33,0,"[   0    1    7   13   14   19   72   73  511  572  655  704  719  791
  866  932 1018 1019 1029 1030 1041 1042 1045 1046]",-0.03699789696336535,16.880505371462718,4.261112648900023
1293,12,33,20,[   0   73  511  572  655  719  791  866  932 1046],-0.03699789696336535,16.880505371462718,4.261112648900023
1294,12,33,40,[   0   73  511  572  655  719  791  866  932 1046],-0.03699789696336535,16.880505371462718,4.261112648900023
1295,12,33,60,[   0   73  511  572  655  719  791  866  932 1046],-0.03699789696336535,16.880505371462718,4.261112648900023
1296,12,34,0,"[   0    1    2    7   19  200  306  411  472  498  618  715  791  866
 1005 1018 1019 1029 1030 1041 1042 1044 1045 1046]",-0.027104329312057078,17.111671634164022,6.034593925634091
1297,12,34,20,[   0  200  306  411  472  498  618  715  791  866 1005 1046],-0.027104329312057078,17.111671634164022,6.034593925634091
1298,12,34,40,[   0  200  306  411  498  618  715  791  866 1005 1046],-0.027104329312057078,17.111671634164022,6.034593925634091
1299,12,34,60,[   0  200  306  411  498  618  715  791  866 1046],-0.027104329312057078,17.111671634164022,6.034593925634091
1300,12,35,0,"[   0    1    7   14   19   31  210  259  511  586  768  815  866 1005
 1018 1019 1029 1030 1034 1041 1042 1044 1045 1046]",-0.014922196985092074,17.473821655553788,4.889547383410341
1301,12,35,20,[   0  210  259  511  586  768  815  866 1005 1046],-0.014922196985092074,17.473821655553788,4.889547383410341
1302,12,35,40,[   0  210  259  511  586  768  815  866 1005 1046],-0.014922196985092074,17.473821655553788,4.889547383410341
1303,12,35,60,[   0  259  511  586  815 1046],-0.014922196985092074,17.473821655553788,4.889547383410341
1304,12,36,0,"[   0    1    7   14   19   31   72   73   77  210  259  768  815  866
 1018 1019 1029 1030 1041 1042 1044 1045 1046]",-0.019704831443646608,17.893628267556778,4.445510427811825
1305,12,36,20,[   0   77  210  259  768  815  866 1018 1046],-0.019704831443646608,17.893628267556778,4.445510427811825
1306,12,36,40,[   0   77  210  259  768  815  866 1046],-0.019704831443646608,17.893628267556778,4.445510427811825
1307,12,36,60,[   0   77  259  866 1046],-0.019704831443646608,17.893628267556778,4.445510427811825
1308,12,37,0,"[   0    1    7   14   19   31   72   73  552  553  618  668  768 1005
 1018 1019 1029 1030 1034 1039 1040 1042 1045 1046]",-0.02781961813857899,17.325192407298378,3.71983733329485
1309,12,37,20,[   0   73  553  618  668  768 1005 1046],-0.02781961813857899,17.325192407298378,3.71983733329485
1310,12,37,40,[   0   73  553  618  668  768 1005 1046],-0.02781961813857899,17.325192407298378,3.71983733329485
1311,12,37,60,[   0   73  553  618  768 1046],-0.02781961813857899,17.325192407298378,3.71983733329485
1312,12,38,0,"[   0    1    7   14   19   25   72   73  539  586  768  866  899 1012
 1018 1019 1022 1029 1030 1038 1042 1043 1044 1046]",-0.014161122710542902,17.578033105043588,4.412262807675258
1313,12,38,20,[   0   73  539  586  768  866  899 1012 1046],-0.014161122710542902,17.578033105043588,4.412262807675258
1314,12,38,40,[   0   73  539  586  768  899 1046],-0.014161122710542902,17.578033105043588,4.412262807675258
1315,12,38,60,[   0   73  586  768  899 1046],-0.014161122710542902,17.578033105043588,4.412262807675258
1316,12,39,0,"[   0    1    7   12   19   20   30  283  447  498  539  768  866  899
 1018 1019 1029 1030 1034 1041 1042 1043 1044 1046]",-0.03356376521669484,17.53749915142065,4.794632125157388
1317,12,39,20,[   0  283  447  498  539  768  866  899 1018 1046],-0.03356376521669484,17.53749915142065,4.794632125157388
1318,12,39,40,[   0  283  447  498  539  768  899 1046],-0.03356376521669484,17.53749915142065,4.794632125157388
1319,12,39,60,[   0  283  447  539  768  899 1046],-0.03356376521669484,17.53749915142065,4.794632125157388
1320,12,40,0,"[   0    1    2    7   19   30   65  511  568  618  654  730  768  815
  899 1018 1019 1029 1030 1041 1042 1043 1044 1046]",-0.036087318071690806,17.116357855321215,5.032739861040351
1321,12,40,20,[   0   65  511  568  618  654  730  768  815  899 1018 1046],-0.036087318071690806,17.116357855321215,5.032739861040351
1322,12,40,40,[   0   65  511  568  618  768  815  899 1046],-0.036087318071690806,17.116357855321215,5.032739861040351
1323,12,40,60,[   0   65  568  815  899 1046],-0.036087318071690806,17.116357855321215,5.032739861040351
1324,12,41,0,"[   0    1    7   19   30   72   73  101  552  553  768  866 1018 1019
 1029 1030 1041 1042 1044 1045 1046]",-0.015485280648897884,17.90070292725544,3.6570532013511134
1325,12,41,20,[   0   72  101  553  768  866 1018 1046],-0.015485280648897884,17.90070292725544,3.6570532013511134
1326,12,41,40,[   0  101  553  768  866 1046],-0.015485280648897884,17.90070292725544,3.6570532013511134
1327,12,41,60,[   0  101  553  768  866 1046],-0.015485280648897884,17.90070292725544,3.6570532013511134
1328,12,42,0,"[   0    2    4   12   14   19   72   73  552  553  768  866 1018 1019
 1029 1030 1041 1042 1044 1045 1046]",-0.034405995361967624,17.359933864549774,3.9150799616696825
1329,12,42,20,[   0   73  553  768  866 1018 1046],-0.034405995361967624,17.359933864549774,3.9150799616696825
1330,12,42,40,[   0   73  553  768  866 1046],-0.034405995361967624,17.359933864549774,3.9150799616696825
1331,12,42,60,[   0   73  553  768  866 1046],-0.034405995361967624,17.359933864549774,3.9150799616696825
1332,12,43,0,"[   0    1    7   12   19   26   30  411  423  472  568  618  899  915
 1018 1019 1029 1030 1034 1041 1042 1043 1044 1046]",-0.02274593581309077,17.353039982706072,5.707602289935363
1333,12,43,20,[   0  423  472  568  618  899 1018 1046],-0.02274593581309077,17.353039982706072,5.707602289935363
1334,12,43,40,[   0  423  472  568  618  899 1046],-0.02274593581309077,17.353039982706072,5.707602289935363
1335,12,43,60,[   0  423  618  899 1046],-0.02274593581309077,17.353039982706072,5.707602289935363
1336,12,44,0,"[   0    1    7   12   14   19   72   73  493  511  782  815  866  985
 1018 1019 1029 1030 1034 1039 1042 1044 1045 1046]",-0.010543361950076276,18.032211920208113,4.311935267433745
1337,12,44,20,[   0   73  511  782  815  866  985 1018 1046],-0.010543361950076276,18.032211920208113,4.311935267433745
1338,12,44,40,[   0   73  511  782  866  985 1046],-0.010543361950076276,18.032211920208113,4.311935267433745
1339,12,44,60,[   0   73  511  782  866  985 1046],-0.010543361950076276,18.032211920208113,4.311935267433745
1340,12,45,0,"[   0    1    7   12   13   19   20   72  498  618  782  815  866 1018
 1019 1029 1030 1034 1039 1042 1044 1045 1046]",-0.03922965839594399,17.643809672824375,5.524356346055543
1341,12,45,20,[   0   72  498  618  782  815  866 1018 1046],-0.03922965839594399,17.643809672824375,5.524356346055543
1342,12,45,40,[   0   72  498  618  815  866 1046],-0.03922965839594399,17.643809672824375,5.524356346055543
1343,12,45,60,[   0   72  498  618  866 1046],-0.03922965839594399,17.643809672824375,5.524356346055543
1344,12,46,0,"[   0    1    4    7   14   19   72  101  654  752  782  815  866  899
 1018 1019 1029 1030 1039 1042 1043 1044 1045 1046]",-0.01913391283639396,17.967970473563934,4.778150785276234
1345,12,46,20,[   0   72  101  654  752  782  815  866  899 1018 1046],-0.01913391283639396,17.967970473563934,4.778150785276234
1346,12,46,40,[   0  101  654  782  899 1046],-0.01913391283639396,17.967970473563934,4.778150785276234
1347,12,46,60,[   0  101  654  782  899 1046],-0.01913391283639396,17.967970473563934,4.778150785276234
1348,12,47,0,"[   0    1    4   12   19   21  322  327  383  519  768  815 1018 1019
 1029 1030 1039 1040 1042 1043 1045 1046]",-0.01851657783906813,17.874649718747115,4.521935120668637
1349,12,47,20,[   0  327  383  519  768  815 1018 1046],-0.01851657783906813,17.874649718747115,4.521935120668637
1350,12,47,40,[   0  327  383  519  768  815 1046],-0.01851657783906813,17.874649718747115,4.521935120668637
1351,12,47,60,[   0  383  519  768 1046],-0.01851657783906813,17.874649718747115,4.521935120668637
1352,12,48,0,"[   0    1   12   19   20   21   30   72   73  654  768 1018 1019 1029
 1030 1039 1040 1044 1045 1046]",-0.027218462129112674,18.323622745584352,4.11364813090669
1353,12,48,20,[   0   73  654  768 1018 1046],-0.027218462129112674,18.323622745584352,4.11364813090669
1354,12,48,40,[   0   73  654  768 1046],-0.027218462129112674,18.323622745584352,4.11364813090669
1355,12,48,60,[   0   73  654  768 1046],-0.027218462129112674,18.323622745584352,4.11364813090669
1356,12,49,0,"[   0    1   12   14   19   31   72   73  283  403  740  768 1018 1019
 1029 1030 1039 1040 1044 1045 1046]",-0.02414425668537343,18.437192073711113,3.825632747557348
1357,12,49,20,[   0   73  283  403  740  768 1018 1046],-0.02414425668537343,18.437192073711113,3.825632747557348
1358,12,49,40,[   0   73  283  403  740 1046],-0.02414425668537343,18.437192073711113,3.825632747557348
1359,12,49,60,[   0   73  283  403  740 1046],-0.02414425668537343,18.437192073711113,3.825632747557348
1360,12,50,0,"[   0    1    7   12   14   19   26  423  559  815  866 1018 1019 1029
 1030 1037 1038 1039 1040 1041 1042 1044 1045 1046]",-0.02619704303712456,18.650664595276936,4.42952571716504
1361,12,50,20,[   0  423  559  815  866 1018 1046],-0.02619704303712456,18.650664595276936,4.42952571716504
1362,12,50,40,[   0  423  559  815  866 1046],-0.02619704303712456,18.650664595276936,4.42952571716504
1363,12,50,60,[   0  423  559  815 1046],-0.02619704303712456,18.650664595276936,4.42952571716504
1364,13,20,0,"[   0    1    7   19   30  186  193  237  283  383  386  397  433  520
  614  661  736  932  965 1018 1019 1029 1030 1042 1044 1046]",-0.0491304249323298,12.948512581591128,6.554983486826964
1365,13,20,20,[   0  193  237  283  397  433  520  614  661  736  932  965 1018 1046],-0.0491304249323298,12.948512581591128,6.554983486826964
1366,13,20,40,[   0  193  237  283  397  520  614  661  736  932 1046],-0.0491304249323298,12.948512581591128,6.554983486826964
1367,13,20,60,[   0  193  283  397  520  661  736  932 1046],-0.0491304249323298,12.948512581591128,6.554983486826964
1368,13,21,0,"[   0    1   19   30  181  186  193  223  283  383  386  397  440  490
  614  663  689  932 1018 1019 1029 1030 1038 1042 1044 1046]",-0.0553973617951069,13.468808717652797,6.174636133104352
1369,13,21,20,[   0  193  223  283  397  440  490  614  663  689  932 1046],-0.0553973617951069,13.468808717652797,6.174636133104352
1370,13,21,40,[   0  193  283  397  440  490  614  689  932 1046],-0.0553973617951069,13.468808717652797,6.174636133104352
1371,13,21,60,[   0  193  283  397  490  614  689  932 1046],-0.0553973617951069,13.468808717652797,6.174636133104352
1372,13,22,0,"[   0    1    7   19   30   72   73  186  223  271  283  305  318  552
  553  689  990 1018 1019 1029 1030 1044 1046]",-0.015152255563935567,14.57126613058221,5.613550676958165
1373,13,22,20,[   0   73  186  223  251  283  305  553  689  990 1046],-0.015152255563935567,14.57126613058221,5.613550676958165
1374,13,22,40,[   0   73  186  251  305  553  689  990 1046],-0.015152255563935567,14.57126613058221,5.613550676958165
1375,13,22,60,[   0   73  186  305  553  689 1046],-0.015152255563935567,14.57126613058221,5.613550676958165
1376,13,23,0,"[   0    1    7   13   30  186  213  223  251  283  318  395  433  584
  614  637  661  876 1018 1019 1029 1030 1041 1042 1044 1046]",-0.02616852609172413,14.11416221272098,8.266889968859191
1377,13,23,20,"[   0   30  186  223  251  283  318  395  433  584  614  637  661  876
 1018 1046]",-0.02616852609172413,14.11416221272098,8.266889968859191
1378,13,23,40,[   0  223  283  395  584  637  876 1046],-0.02616852609172413,14.11416221272098,8.266889968859191
1379,13,23,60,[   0  283  395  584  876 1046],-0.02616852609172413,14.11416221272098,8.266889968859191
1380,13,24,0,"[   0    1    7   19   30   72   73  186  223  239  251  736  790  821
  860  876 1018 1019 1029 1030 1041 1042 1045 1046]",-0.025291320703838407,14.111460557913409,6.916726862299962
1381,13,24,20,[   0   73  186  239  463  736  790  821  876 1018 1046],-0.025291320703838407,14.111460557913409,6.916726862299962
1382,13,24,40,[   0   73  186  239  463  736  821  876 1046],-0.025291320703838407,14.111460557913409,6.916726862299962
1383,13,24,60,[   0   73  186  463  736  876 1046],-0.025291320703838407,14.111460557913409,6.916726862299962
1384,13,25,0,"[   0    1    7   12   19   31  186  213  223  251  271  305  461  539
  614  661  689  887  894 1018 1019 1041 1042 1044 1045 1046]",-0.03307489880908305,14.853370798599212,8.283187164383227
1385,13,25,20,[   0  186  223  271  305  461  539  614  661  689  887 1018 1046],-0.03307489880908305,14.853370798599212,8.283187164383227
1386,13,25,40,[   0  223  305  461  539  614  689  887 1046],-0.03307489880908305,14.853370798599212,8.283187164383227
1387,13,25,60,[   0  223  305  461  539  614  689  887 1046],-0.03307489880908305,14.853370798599212,8.283187164383227
1388,13,26,0,"[   0    1    7   19   30   66  186  213  223  251  271  372  491  523
  689  717  745  889 1018 1019 1029 1030 1041 1044 1045 1046]",-0.039364763986561115,14.730935455999743,7.602815650894475
1389,13,26,20,[   0   66  186  223  251  372  491  523  689  717  745  889 1018 1046],-0.039364763986561115,14.730935455999743,7.602815650894475
1390,13,26,40,[   0   66  186  251  372  491  717  889 1046],-0.039364763986561115,14.730935455999743,7.602815650894475
1391,13,26,60,[   0   66  186  251  372  491  717  889 1046],-0.039364763986561115,14.730935455999743,7.602815650894475
1392,13,27,0,"[   0    1    7   13   14   19   72   73  213  251  271  305  552  553
  572  689 1005 1018 1019 1029 1030 1044 1045 1046]",-0.044751343335593365,15.995731989629933,4.6193741871960405
1393,13,27,20,[   0   73  213  271  305  572  689 1005 1046],-0.044751343335593365,15.995731989629933,4.6193741871960405
1394,13,27,40,[   0   73  213  305  572  689 1005 1046],-0.044751343335593365,15.995731989629933,4.6193741871960405
1395,13,27,60,[   0   73  213  305  572  689 1046],-0.044751343335593365,15.995731989629933,4.6193741871960405
1396,13,28,0,"[   0    1    7   14   17   66   72   73  251  450  552  553  572  618
  689  815  932  965 1018 1019 1029 1030 1044 1045 1046]",-0.035884648976020166,15.73536264782397,4.391767392899824
1397,13,28,20,[   0   73  251  450  572  618  689  815  932  965 1018 1046],-0.035884648976020166,15.73536264782397,4.391767392899824
1398,13,28,40,[   0   73  251  450  572  618  689  815  932 1046],-0.035884648976020166,15.73536264782397,4.391767392899824
1399,13,28,60,[   0   73  251  450  572  689  815  932 1046],-0.035884648976020166,15.73536264782397,4.391767392899824
1400,13,29,0,"[   0    1    7   14   17   72   73  114  313  388  461  511  810  866
  932  965 1018 1019 1029 1030 1039 1041 1042 1044 1045 1046]",-0.05046775030814271,15.746116098729566,5.093213136290976
1401,13,29,20,[   0   73  114  313  388  461  511  810  866  932  965 1018 1046],-0.05046775030814271,15.746116098729566,5.093213136290976
1402,13,29,40,[   0   73  114  313  388  461  511  810  866  932 1046],-0.05046775030814271,15.746116098729566,5.093213136290976
1403,13,29,60,[   0  114  313  388  461  810  932 1046],-0.05046775030814271,15.746116098729566,5.093213136290976
1404,13,30,0,"[   0    1    7   14   19   66   72   73  251  447  572  655  689  715
  736  866 1018 1019 1029 1030 1038 1041 1042 1044 1045 1046]",-0.04644452915681764,15.968554489357649,5.547015350407183
1405,13,30,20,[   0   73  251  447  572  655  689  715  736  866 1018 1046],-0.04644452915681764,15.968554489357649,5.547015350407183
1406,13,30,40,[   0   73  251  447  572  655  736  866 1046],-0.04644452915681764,15.968554489357649,5.547015350407183
1407,13,30,60,[   0   73  251  447  572  655  736  866 1046],-0.04644452915681764,15.968554489357649,5.547015350407183
1408,13,31,0,"[   0    1    7   19   30   72   73  183  186  223  251  655  704  736
  932  965 1018 1019 1029 1030 1038 1041 1042 1044 1045 1046]",-0.016392879415867666,15.934779291144519,4.985038082153105
1409,13,31,20,[   0   73  186  223  251  655  704  736  932  965 1018 1046],-0.016392879415867666,15.934779291144519,4.985038082153105
1410,13,31,40,[   0   73  186  251  655  736  932 1046],-0.016392879415867666,15.934779291144519,4.985038082153105
1411,13,31,60,[   0   73  186  251  655  736  932 1046],-0.016392879415867666,15.934779291144519,4.985038082153105
1412,13,32,0,"[   0    1    7   19   30   72   73  186  223  251  552  553  655  689
  791  866  932 1018 1019 1029 1030 1041 1043 1046]",-0.015348176613061952,15.765227015818299,4.316803047708164
1413,13,32,20,[   0   73  186  223  251  553  655  689  791  866  932 1046],-0.015348176613061952,15.765227015818299,4.316803047708164
1414,13,32,40,[   0   73  186  251  553  655  791  866  932 1046],-0.015348176613061952,15.765227015818299,4.316803047708164
1415,13,32,60,[   0   73  186  251  553  655  791  866  932 1046],-0.015348176613061952,15.765227015818299,4.316803047708164
1416,13,33,0,"[   0    1    7   13   14   19   72   73  511  552  553  572  655  704
  719  791  866  932 1018 1019 1029 1030 1041 1042 1045 1046]",-0.036538985257049766,15.915932832426993,3.967846567024246
1417,13,33,20,[   0   73  511  553  655  719  791  866  932 1046],-0.036538985257049766,15.915932832426993,3.967846567024246
1418,13,33,40,[   0   73  511  553  655  719  791  866  932 1046],-0.036538985257049766,15.915932832426993,3.967846567024246
1419,13,33,60,[   0   73  553  655  719  791  866  932 1046],-0.036538985257049766,15.915932832426993,3.967846567024246
1420,13,34,0,"[   0    1    2    7   19   72   73  200  306  411  472  498  618  715
  791  866 1005 1018 1019 1029 1030 1041 1042 1044 1045 1046]",-0.026591350689951315,16.15746871875301,5.618057823624555
1421,13,34,20,[   0   73  200  306  411  472  498  618  715  791  866 1005 1046],-0.026591350689951315,16.15746871875301,5.618057823624555
1422,13,34,40,[   0   73  200  306  411  498  618  715  791  866 1005 1046],-0.026591350689951315,16.15746871875301,5.618057823624555
1423,13,34,60,[   0   73  200  306  411  498  618  715  791  866 1046],-0.026591350689951315,16.15746871875301,5.618057823624555
1424,13,35,0,"[   0    1    7   14   19   31   72   73  210  259  511  586  768  815
  866 1005 1018 1019 1029 1030 1034 1041 1042 1044 1045 1046]",-0.014376367351442368,16.492853858235875,4.547024762071282
1425,13,35,20,[   0   73  210  259  511  586  768  815  866 1005 1046],-0.014376367351442368,16.492853858235875,4.547024762071282
1426,13,35,40,[   0   73  210  259  511  586  768  815  866 1005 1046],-0.014376367351442368,16.492853858235875,4.547024762071282
1427,13,35,60,[   0   73  259  511  586  815 1046],-0.014376367351442368,16.492853858235875,4.547024762071282
1428,13,36,0,"[   0    1    7   14   19   31   72   73   77  210  259  552  553  768
  815  866 1018 1019 1029 1030 1041 1042 1044 1045 1046]",-0.019265140414015714,16.851011941685606,4.144547144898075
1429,13,36,20,[   0   77  210  259  553  768  815  866 1018 1046],-0.019265140414015714,16.851011941685606,4.144547144898075
1430,13,36,40,[   0   77  210  259  553  768  815  866 1046],-0.019265140414015714,16.851011941685606,4.144547144898075
1431,13,36,60,[   0   77  259  553  815 1046],-0.019265140414015714,16.851011941685606,4.144547144898075
1432,13,37,0,"[   0    1    7   14   19   31   72   73  314  498  552  553  618  668
  768 1005 1018 1019 1029 1030 1034 1039 1040 1042 1045 1046]",-0.04547536218669924,16.32607042350745,4.096365870843411
1433,13,37,20,[   0   73  314  498  553  618  668  768 1005 1046],-0.04547536218669924,16.32607042350745,4.096365870843411
1434,13,37,40,[   0   73  314  498  553  618  668  768 1005 1046],-0.04547536218669924,16.32607042350745,4.096365870843411
1435,13,37,60,[   0   73  314  553  618  768 1046],-0.04547536218669924,16.32607042350745,4.096365870843411
1436,13,38,0,"[   0    1    7   14   19   25   72   73  552  553  586  768  866  899
 1012 1018 1019 1022 1029 1030 1038 1044 1046]",-0.013741395881758774,16.554445754649315,4.117130695821279
1437,13,38,20,[   0   73  553  586  768  866  899 1012 1046],-0.013741395881758774,16.554445754649315,4.117130695821279
1438,13,38,40,[   0   73  553  768  899 1046],-0.013741395881758774,16.554445754649315,4.117130695821279
1439,13,38,60,[   0   73  553  768  899 1046],-0.013741395881758774,16.554445754649315,4.117130695821279
1440,13,39,0,"[   0    1    7   19   20   30   72   73  283  447  498  539  768  866
  899 1018 1019 1029 1030 1034 1041 1042 1044 1046]",-0.03304155279829898,16.5505194037634,4.463526080547433
1441,13,39,20,[   0   73  283  447  498  539  768  866  899 1018 1046],-0.03304155279829898,16.5505194037634,4.463526080547433
1442,13,39,40,[   0   73  283  447  498  539  768  899 1046],-0.03304155279829898,16.5505194037634,4.463526080547433
1443,13,39,60,[   0   73  283  447  539  768  899 1046],-0.03304155279829898,16.5505194037634,4.463526080547433
1444,13,40,0,"[   0    1    7   19   30   65   72   73  511  568  618  654  730  768
  815  899 1018 1019 1029 1030 1041 1042 1044 1046]",-0.0355322891328594,16.163881917446968,4.679681309272075
1445,13,40,20,[   0   73  511  568  618  654  730  768  815  899 1018 1046],-0.0355322891328594,16.163881917446968,4.679681309272075
1446,13,40,40,[   0   73  511  568  618  768  815  899 1046],-0.0355322891328594,16.163881917446968,4.679681309272075
1447,13,40,60,[   0   73  568  815  899 1046],-0.0355322891328594,16.163881917446968,4.679681309272075
1448,13,41,0,"[   0    1    7   19   20   30   72   73  101  552  553  768  866 1018
 1019 1029 1030 1041 1042 1044 1045 1046]",-0.01673286814298104,16.85627769237227,3.934888469327447
1449,13,41,20,[   0   72  101  553  704  768  866 1018 1046],-0.01673286814298104,16.85627769237227,3.934888469327447
1450,13,41,40,[   0  101  553  704  768  866 1046],-0.01673286814298104,16.85627769237227,3.934888469327447
1451,13,41,60,[   0  101  553  704  768  866 1046],-0.01673286814298104,16.85627769237227,3.934888469327447
1452,13,42,0,"[   0    2    4   12   14   19   72   73  423  552  553  768  866  932
 1018 1019 1029 1030 1041 1042 1044 1045 1046]",-0.034129614549643444,16.331957368021236,4.362521992445881
1453,13,42,20,[   0   73  423  553  768  866  932 1046],-0.034129614549643444,16.331957368021236,4.362521992445881
1454,13,42,40,[   0   73  423  553  768  866  932 1046],-0.034129614549643444,16.331957368021236,4.362521992445881
1455,13,42,60,[   0   73  423  553  768  866  932 1046],-0.034129614549643444,16.331957368021236,4.362521992445881
1456,13,43,0,"[   0    1    7   12   19   26   30   72   73  411  423  472  568  618
  899  915 1018 1019 1029 1030 1034 1041 1042 1043 1044 1046]",-0.022175217755348083,16.367812421982386,5.307070075961822
1457,13,43,20,[   0   73  411  472  568  618  899 1018 1046],-0.022175217755348083,16.367812421982386,5.307070075961822
1458,13,43,40,[   0   73  411  472  568  618  899 1046],-0.022175217755348083,16.367812421982386,5.307070075961822
1459,13,43,60,[   0   73  411  472  618  899 1046],-0.022175217755348083,16.367812421982386,5.307070075961822
1460,13,44,0,"[   0    1   12   14   19   72   73  552  553  782  815  866  985 1018
 1019 1029 1030 1034 1039 1042 1044 1045 1046]",-0.010097193016604927,16.981087544822508,4.020852005320384
1461,13,44,20,[   0   73  511  553  782  815  866  985 1018 1046],-0.010097193016604927,16.981087544822508,4.020852005320384
1462,13,44,40,[   0   73  511  553  782  866  985 1046],-0.010097193016604927,16.981087544822508,4.020852005320384
1463,13,44,60,[   0   73  553  782  866  985 1046],-0.010097193016604927,16.981087544822508,4.020852005320384
1464,13,45,0,"[   0    1    7   12   13   19   20   72  498  552  553  618  782  815
  866 1018 1019 1029 1030 1034 1039 1042 1044 1045 1046]",-0.038750982937345156,16.632244534938764,5.139871133526141
1465,13,45,20,[   0   72  498  553  618  782  815  866 1018 1046],-0.038750982937345156,16.632244534938764,5.139871133526141
1466,13,45,40,[   0   72  498  553  618  815  866 1046],-0.038750982937345156,16.632244534938764,5.139871133526141
1467,13,45,60,[   0   72  553  618  866 1046],-0.038750982937345156,16.632244534938764,5.139871133526141
1468,13,46,0,"[   0    1    2    4    7   14   19   72  101  498  654  752  782  815
  866  899 1018 1019 1029 1030 1039 1042 1043 1044 1045 1046]",-0.03366211368337513,16.873372398073545,5.050530030449701
1469,13,46,20,[   0   72  101  498  654  752  782  815  866  899 1018 1046],-0.03366211368337513,16.873372398073545,5.050530030449701
1470,13,46,40,[   0  101  498  654  782  899 1046],-0.03366211368337513,16.873372398073545,5.050530030449701
1471,13,46,60,[   0  101  498  654  782  899 1046],-0.03366211368337513,16.873372398073545,5.050530030449701
1472,13,47,0,"[   0    1    4   12   19   21  322  327  383  519  768  815  866 1018
 1019 1029 1030 1039 1040 1042 1043 1044 1045 1046]",-0.0182919792945508,16.870530757263275,4.719757807727285
1473,13,47,20,[   0  327  383  519  768  815  866 1018 1046],-0.0182919792945508,16.870530757263275,4.719757807727285
1474,13,47,40,[   0  327  383  519  768  815  866 1046],-0.0182919792945508,16.870530757263275,4.719757807727285
1475,13,47,60,[   0  383  519  866 1046],-0.0182919792945508,16.870530757263275,4.719757807727285
1476,13,48,0,"[   0    1   12   19   20   21   30   72   73  563  586  654  768 1018
 1019 1029 1030 1039 1040 1044 1045 1046]",-0.025858187685490492,17.2684671463445,4.091774373670035
1477,13,48,20,[   0   73  563  586  654  768 1018 1046],-0.025858187685490492,17.2684671463445,4.091774373670035
1478,13,48,40,[   0   73  563  654  768 1046],-0.025858187685490492,17.2684671463445,4.091774373670035
1479,13,48,60,[   0   73  563  654  768 1046],-0.025858187685490492,17.2684671463445,4.091774373670035
1480,13,49,0,"[   0    1   12   14   19   31   72   73  283  403  552  553  740  768
 1018 1019 1029 1030 1039 1040 1044 1045 1046]",-0.023672298747474636,17.360918877405897,3.571652552596305
1481,13,49,20,[   0   73  283  403  553  740  768 1018 1046],-0.023672298747474636,17.360918877405897,3.571652552596305
1482,13,49,40,[   0   73  283  403  553  740 1046],-0.023672298747474636,17.360918877405897,3.571652552596305
1483,13,49,60,[   0   73  283  403  553  740 1046],-0.023672298747474636,17.360918877405897,3.571652552596305
1484,13,50,0,"[   0    1    7   12   14   19   26   72   73  423  559  815  866 1018
 1019 1029 1030 1037 1038 1039 1040 1041 1042 1044 1045 1046]",-0.025641294714815036,17.566570215573613,4.125305527127531
1485,13,50,20,[   0   73  423  559  815  866 1018 1046],-0.025641294714815036,17.566570215573613,4.125305527127531
1486,13,50,40,[   0   73  423  559  815  866 1046],-0.025641294714815036,17.566570215573613,4.125305527127531
1487,13,50,60,[   0   73  423  559  815 1046],-0.025641294714815036,17.566570215573613,4.125305527127531
1488,14,20,0,"[   0    1    7   19   30   72   73  186  193  237  283  383  386  397
  433  520  614  661  736  932  965 1018 1019 1029 1030 1042 1044 1046]",-0.048595286240722034,12.364644253602377,6.126317003532983
1489,14,20,20,"[   0   73  193  237  283  397  433  520  614  661  736  932  965 1018
 1046]",-0.048595286240722034,12.364644253602377,6.126317003532983
1490,14,20,40,[   0   73  193  237  283  397  520  614  661  736  932 1046],-0.048595286240722034,12.364644253602377,6.126317003532983
1491,14,20,60,[   0   73  193  283  397  520  661  736  932 1046],-0.048595286240722034,12.364644253602377,6.126317003532983
1492,14,21,0,"[   0    1    7   19   30  147  181  186  193  223  283  383  386  397
  440  490  614  663  689  932 1018 1019 1029 1030 1038 1042 1044 1046]",-0.055834151044734354,12.851775384727922,6.808080842334966
1493,14,21,20,[   0  147  186  223  283  397  440  490  614  663  689  932 1046],-0.055834151044734354,12.851775384727922,6.808080842334966
1494,14,21,40,[   0  147  283  397  440  490  614  689  932 1046],-0.055834151044734354,12.851775384727922,6.808080842334966
1495,14,21,60,[   0  147  283  397  490  614  689  932 1046],-0.055834151044734354,12.851775384727922,6.808080842334966
1496,14,22,0,"[   0    1    7   19   30   72   73  186  223  271  283  305  318  552
  553  689  914  915  990 1018 1019 1029 1030 1044 1046]",-0.014741205594832435,13.792500615016085,5.258678163237369
1497,14,22,20,[   0   73  186  223  251  283  305  553  689  914  990 1046],-0.014741205594832435,13.792500615016085,5.258678163237369
1498,14,22,40,[   0   73  186  251  305  553  689  914  990 1046],-0.014741205594832435,13.792500615016085,5.258678163237369
1499,14,22,60,[   0   73  186  305  553  689  914 1046],-0.014741205594832435,13.792500615016085,5.258678163237369
1500,14,23,0,"[   0    1    7   13   30   72   73  186  213  223  251  283  318  395
  433  584  614  637  661  876 1018 1019 1029 1030 1041 1042 1044 1046]",-0.025651816202387965,13.450161794898845,7.709405817282432
1501,14,23,20,"[   0   30   73  186  223  251  283  318  395  433  584  614  637  661
  876 1018 1046]",-0.025651816202387965,13.450161794898845,7.709405817282432
1502,14,23,40,[   0   73  223  283  395  584  637  876 1046],-0.025651816202387965,13.450161794898845,7.709405817282432
1503,14,23,60,[   0   73  283  395  584  876 1046],-0.025651816202387965,13.450161794898845,7.709405817282432
1504,14,24,0,"[   0    1    7   19   30   72   73  186  223  239  251  463  552  553
  736  790  821  860  876 1018 1019 1029 1030 1041 1042 1045 1046]",-0.024829478214558894,13.428813175271856,6.4512510760286625
1505,14,24,20,[   0   73  186  239  463  553  736  790  821  876 1018 1046],-0.024829478214558894,13.428813175271856,6.4512510760286625
1506,14,24,40,[   0   73  186  239  463  553  736  821  876 1046],-0.024829478214558894,13.428813175271856,6.4512510760286625
1507,14,24,60,[   0   73  186  463  553  736  876 1046],-0.024829478214558894,13.428813175271856,6.4512510760286625
1508,14,25,0,"[   0    1    7   12   19   31  186  213  223  251  271  305  461  539
  614  661  689  887  894 1018 1019 1029 1030 1041 1042 1044 1045 1046]",-0.032578862851752106,14.160087158176292,7.707227420696027
1509,14,25,20,[   0  186  223  271  305  461  539  614  661  689  887 1018 1046],-0.032578862851752106,14.160087158176292,7.707227420696027
1510,14,25,40,[   0  223  305  461  539  614  689  887 1046],-0.032578862851752106,14.160087158176292,7.707227420696027
1511,14,25,60,[   0  223  305  461  539  614  689  887 1046],-0.032578862851752106,14.160087158176292,7.707227420696027
1512,14,26,0,"[   0    1    7   19   30   66   72   73  186  213  223  251  271  372
  491  523  689  717  745  889 1018 1019 1029 1030 1041 1044 1045 1046]",-0.03889126508536799,14.022180586736775,7.092852729685682
1513,14,26,20,[   0   73  186  223  251  372  491  523  689  717  745  889 1018 1046],-0.03889126508536799,14.022180586736775,7.092852729685682
1514,14,26,40,[   0   73  186  251  372  491  717  889 1046],-0.03889126508536799,14.022180586736775,7.092852729685682
1515,14,26,60,[   0   73  186  251  372  491  717  889 1046],-0.03889126508536799,14.022180586736775,7.092852729685682
1516,14,27,0,"[   0    1    7   13   14   19   72   73  213  251  259  271  305  552
  553  572  618  689  815 1005 1018 1019 1029 1030 1044 1045 1046]",-0.043442350371715586,15.176256780372352,4.749977563369105
1517,14,27,20,[   0   73  213  271  305  572  618  689  815 1005 1046],-0.043442350371715586,15.176256780372352,4.749977563369105
1518,14,27,40,[   0   73  213  305  572  618  689  815 1005 1046],-0.043442350371715586,15.176256780372352,4.749977563369105
1519,14,27,60,[   0   73  213  305  572  689  815 1046],-0.043442350371715586,15.176256780372352,4.749977563369105
1520,14,28,0,"[   0    1    7   14   17   66   72   73  251  505  552  553  572  618
  748  815  932  965 1018 1019 1029 1030 1044 1045 1046]",-0.0347226946307326,14.886261288729385,4.658604772822847
1521,14,28,20,[   0   73  251  450  505  553  618  689  748  815  932  965 1018 1046],-0.0347226946307326,14.886261288729385,4.658604772822847
1522,14,28,40,[   0   73  251  450  505  553  618  689  748  815  932 1046],-0.0347226946307326,14.886261288729385,4.658604772822847
1523,14,28,60,[   0   73  251  450  553  618  748  815  932 1046],-0.0347226946307326,14.886261288729385,4.658604772822847
1524,14,29,0,"[   0    1    7   14   17   66   72   73  114  271  313  388  461  511
  810  866  932  965 1018 1019 1029 1030 1039 1041 1042 1044 1045 1046]",-0.049237271046527455,14.951837359902466,5.2436193481406566
1525,14,29,20,[   0   73  114  271  313  388  461  511  810  866  932  965 1018 1046],-0.049237271046527455,14.951837359902466,5.2436193481406566
1526,14,29,40,[   0   73  114  271  313  388  461  511  810  866  932 1046],-0.049237271046527455,14.951837359902466,5.2436193481406566
1527,14,29,60,[   0  114  313  388  461  810  932 1046],-0.049237271046527455,14.951837359902466,5.2436193481406566
1528,14,30,0,"[   0    1    7   14   19   66   72   73  251  447  552  553  572  655
  689  715  736  866 1018 1019 1029 1030 1038 1041 1042 1044 1045 1046]",-0.04600114785077826,15.152843438283561,5.193181677836692
1529,14,30,20,[   0   73  251  447  572  655  689  715  736  866 1018 1046],-0.04600114785077826,15.152843438283561,5.193181677836692
1530,14,30,40,[   0   73  251  447  572  655  736  866 1046],-0.04600114785077826,15.152843438283561,5.193181677836692
1531,14,30,60,[   0   73  251  447  572  655  736  866 1046],-0.04600114785077826,15.152843438283561,5.193181677836692
1532,14,31,0,"[   0    1    7   19   30   72   73  183  186  223  251  552  553  655
  704  736  932  965 1018 1019 1029 1030 1038 1041 1042 1044 1045 1046]",-0.015941160056791234,15.121642106361787,4.659462001250064
1533,14,31,20,[   0   73  186  223  251  553  655  704  736  932  965 1018 1046],-0.015941160056791234,15.121642106361787,4.659462001250064
1534,14,31,40,[   0   73  186  251  553  655  736  932 1046],-0.015941160056791234,15.121642106361787,4.659462001250064
1535,14,31,60,[   0   73  186  251  553  655  736  932 1046],-0.015941160056791234,15.121642106361787,4.659462001250064
1536,14,32,0,"[   0    1    7   19   30   66   72   73   85  186  223  251  552  553
  655  689  791  866  932 1018 1019 1029 1030 1041 1043 1044 1046]",-0.01471343636053793,14.933473938675052,4.175391255227985
1537,14,32,20,[   0   85  186  223  251  553  655  689  791  866  932 1046],-0.01471343636053793,14.933473938675052,4.175391255227985
1538,14,32,40,[   0   85  186  251  553  655  791  866  932 1046],-0.01471343636053793,14.933473938675052,4.175391255227985
1539,14,32,60,[   0   85  186  251  553  655  791  866  932 1046],-0.01471343636053793,14.933473938675052,4.175391255227985
1540,14,33,0,"[   0    1    7   13   14   19   72   73  424  447  552  553  572  655
  704  719  791  866  932 1018 1019 1029 1030 1041 1042 1045 1046]",-0.03930152976696438,15.078026492400848,4.2678131972659585
1541,14,33,20,[   0   73  424  447  511  553  655  719  791  866  932 1046],-0.03930152976696438,15.078026492400848,4.2678131972659585
1542,14,33,40,[   0   73  424  511  553  655  719  791  866  932 1046],-0.03930152976696438,15.078026492400848,4.2678131972659585
1543,14,33,60,[   0   73  424  553  655  719  791  866  932 1046],-0.03930152976696438,15.078026492400848,4.2678131972659585
1544,14,34,0,"[   0    1    7   19   72   73  200  306  411  472  552  553  618  715
  791  866 1005 1018 1019 1029 1030 1041 1042 1044 1045 1046]",-0.026096502342018775,15.336208510888145,5.253642859430715
1545,14,34,20,[   0   73  200  306  411  472  498  553  618  715  791  866 1005 1046],-0.026096502342018775,15.336208510888145,5.253642859430715
1546,14,34,40,[   0   73  200  306  411  472  553  618  715  791  866 1005 1046],-0.026096502342018775,15.336208510888145,5.253642859430715
1547,14,34,60,[   0   73  200  306  411  472  553  618  715  791  866 1046],-0.026096502342018775,15.336208510888145,5.253642859430715
1548,14,35,0,"[   0    1    7   14   19   31   72   73  210  259  511  552  553  586
  768  815  866 1005 1018 1019 1029 1030 1034 1041 1042 1044 1045 1046]",-0.013925157666205999,15.638608422513734,4.2604641334130715
1549,14,35,20,[   0   73  210  259  511  553  586  768  815  866 1005 1046],-0.013925157666205999,15.638608422513734,4.2604641334130715
1550,14,35,40,[   0   73  210  259  511  553  768  815  866 1005 1046],-0.013925157666205999,15.638608422513734,4.2604641334130715
1551,14,35,60,[   0   73  259  553  815 1046],-0.013925157666205999,15.638608422513734,4.2604641334130715
1552,14,36,0,"[   0    1    7   14   19   31   72   73   77  210  259  552  553  586
  768  815  866 1005 1018 1019 1029 1030 1041 1042 1044 1045 1046]",-0.019255483226088034,15.937065546303367,4.311788793624503
1553,14,36,20,[   0   77  210  259  553  586  768  815  866 1005 1046],-0.019255483226088034,15.937065546303367,4.311788793624503
1554,14,36,40,[   0   77  210  259  586  768  815  866 1005 1046],-0.019255483226088034,15.937065546303367,4.311788793624503
1555,14,36,60,[   0   77  259  586  815 1046],-0.019255483226088034,15.937065546303367,4.311788793624503
1556,14,37,0,"[   0    1    7   14   19   31   72   73  314  447  552  553  618  668
  768  908 1005 1018 1019 1029 1030 1034 1039 1040 1042 1045 1046]",-0.04507009204481222,15.480284489615707,4.464428411080282
1557,14,37,20,[   0   73  314  447  498  553  618  668  768  908 1005 1046],-0.04507009204481222,15.480284489615707,4.464428411080282
1558,14,37,40,[   0   73  314  447  498  553  618  668  768  908 1005 1046],-0.04507009204481222,15.480284489615707,4.464428411080282
1559,14,37,60,[   0   73  314  447  553  618  768  908 1046],-0.04507009204481222,15.480284489615707,4.464428411080282
1560,14,38,0,"[   0    1    7   14   19   25   72   73  552  553  586  618  768  866
  899 1012 1018 1019 1022 1029 1030 1034 1038 1042 1044 1046]",-0.029337905680570472,15.460372939478848,4.510039528980301
1561,14,38,20,[   0   73  553  586  618  768  866  899 1012 1046],-0.029337905680570472,15.460372939478848,4.510039528980301
1562,14,38,40,[   0   73  553  618  768  899 1046],-0.029337905680570472,15.460372939478848,4.510039528980301
1563,14,38,60,[   0   73  553  618  768  899 1046],-0.029337905680570472,15.460372939478848,4.510039528980301
1564,14,39,0,"[   0    1    7   19   20   30   72   73  283  447  552  553  768  866
  899 1018 1019 1029 1030 1041 1042 1044 1046]",-0.03258156876156633,15.68478386213717,4.185032818808996
1565,14,39,20,[   0   73  283  447  498  553  768  866  899 1018 1046],-0.03258156876156633,15.68478386213717,4.185032818808996
1566,14,39,40,[   0   73  283  447  498  553  768  899 1046],-0.03258156876156633,15.68478386213717,4.185032818808996
1567,14,39,60,[   0   73  283  447  553  768  899 1046],-0.03258156876156633,15.68478386213717,4.185032818808996
1568,14,40,0,"[   0    1    7   19   26   30   65   72   73   85  511  568  618  654
  730  768  815  899 1018 1019 1029 1030 1041 1042 1044 1046]",-0.03468463852690574,15.342513170085025,4.524563268968232
1569,14,40,20,[   0   85  511  568  618  654  730  768  815  899 1018 1046],-0.03468463852690574,15.342513170085025,4.524563268968232
1570,14,40,40,[   0   85  511  568  618  768  815  899 1046],-0.03468463852690574,15.342513170085025,4.524563268968232
1571,14,40,60,[   0   85  568  815  899 1046],-0.03468463852690574,15.342513170085025,4.524563268968232
1572,14,41,0,"[   0    1   12   19   20   30   72   73  101  349  552  553  768  866
 1018 1019 1029 1030 1041 1042 1044 1045 1046]",-0.01872982864481009,15.91896354114941,4.268102423502272
1573,14,41,20,[   0   72  101  349  553  704  768  866 1018 1046],-0.01872982864481009,15.91896354114941,4.268102423502272
1574,14,41,40,[   0  101  349  553  704  768  866 1046],-0.01872982864481009,15.91896354114941,4.268102423502272
1575,14,41,60,[   0  101  349  553  704  768  866 1046],-0.01872982864481009,15.91896354114941,4.268102423502272
1576,14,42,0,"[   0    2    4   12   14   19   72   73  423  552  553  568  768  866
  932 1018 1019 1029 1030 1041 1042 1044 1045 1046]",-0.04859102387470781,15.343711030200215,4.463290633324882
1577,14,42,20,[   0   73  423  511  553  768  866  932 1046],-0.04859102387470781,15.343711030200215,4.463290633324882
1578,14,42,40,[   0   73  423  511  553  768  866  932 1046],-0.04859102387470781,15.343711030200215,4.463290633324882
1579,14,42,60,[   0   73  423  553  768  866  932 1046],-0.04859102387470781,15.343711030200215,4.463290633324882
1580,14,43,0,"[   0    1    7   12   19   26   30   72   73  259  411  423  472  568
  618  768  899  915 1018 1019 1029 1030 1034 1041 1042 1043 1044 1046]",-0.02668755811712449,15.441748820243498,5.471419017883717
1581,14,43,20,[   0   73  259  423  472  568  618  768  899 1018 1046],-0.02668755811712449,15.441748820243498,5.471419017883717
1582,14,43,40,[   0   73  259  423  472  568  618  768  899 1046],-0.02668755811712449,15.441748820243498,5.471419017883717
1583,14,43,60,[   0   73  259  423  568  768  899 1046],-0.02668755811712449,15.441748820243498,5.471419017883717
1584,14,44,0,"[   0    1    7   12   14   19   26   72   73   85  493  511  552  553
  782  815  866  985 1018 1019 1029 1030 1034 1039 1042 1044 1045 1046]",-0.009344851310123506,16.0736067068509,3.9140179180709436
1585,14,44,20,[   0   85  511  553  782  815  866  985 1018 1046],-0.009344851310123506,16.0736067068509,3.9140179180709436
1586,14,44,40,[   0   85  511  553  782  866  985 1046],-0.009344851310123506,16.0736067068509,3.9140179180709436
1587,14,44,60,[   0   85  553  782  866  985 1046],-0.009344851310123506,16.0736067068509,3.9140179180709436
1588,14,45,0,"[   0    1   12   13   19   20   72   73   77  552  553  618  782  815
  866 1018 1019 1029 1030 1034 1039 1042 1044 1045 1046]",-0.03824995016477007,15.772967707419177,4.804850280755787
1589,14,45,20,[   0   77  498  553  618  782  815  866 1018 1046],-0.03824995016477007,15.772967707419177,4.804850280755787
1590,14,45,40,[   0   77  498  553  618  815  866 1046],-0.03824995016477007,15.772967707419177,4.804850280755787
1591,14,45,60,[   0   77  553  618  866 1046],-0.03824995016477007,15.772967707419177,4.804850280755787
1592,14,46,0,"[   0    1    2    4    7   14   19   72  101  498  618  654  752  782
  815  866  899 1018 1019 1029 1030 1039 1042 1043 1044 1045 1046]",-0.03404253531684015,16.034641943067275,5.402819339751294
1593,14,46,20,[   0   72  101  498  618  654  752  782  815  866  899 1018 1046],-0.03404253531684015,16.034641943067275,5.402819339751294
1594,14,46,40,[   0  101  498  654  782  899 1046],-0.03404253531684015,16.034641943067275,5.402819339751294
1595,14,46,60,[   0  101  498  654  782  899 1046],-0.03404253531684015,16.034641943067275,5.402819339751294
1596,14,47,0,"[   0    1    4   12   19   21   72   73  322  327  383  768  815  866
 1018 1019 1029 1030 1039 1040 1044 1045 1046]",-0.01816249087512253,16.006043901527786,4.4125275034652445
1597,14,47,20,[   0   73  327  383  519  768  815  866 1018 1046],-0.01816249087512253,16.006043901527786,4.4125275034652445
1598,14,47,40,[   0   73  327  383  519  768  815  866 1046],-0.01816249087512253,16.006043901527786,4.4125275034652445
1599,14,47,60,[   0   73  327  519  866 1046],-0.01816249087512253,16.006043901527786,4.4125275034652445
1600,14,48,0,"[   0    1    2    7   12   19   20   21   30   72   73  563  586  654
  704  768  932 1018 1019 1029 1030 1039 1040 1042 1043 1044 1045 1046]",-0.025230271619687595,16.35936177148647,4.08878118299326
1601,14,48,20,[   0   73  563  586  654  704  768  932 1046],-0.025230271619687595,16.35936177148647,4.08878118299326
1602,14,48,40,[   0   73  563  654  704  768  932 1046],-0.025230271619687595,16.35936177148647,4.08878118299326
1603,14,48,60,[   0   73  563  654  768  932 1046],-0.025230271619687595,16.35936177148647,4.08878118299326
1604,14,49,0,"[   0    1   12   14   19   31   72   73  283  403  552  553  740  752
  768  932 1018 1019 1029 1030 1039 1040 1044 1045 1046]",-0.023077653513224473,16.373942103520047,3.603663819502862
1605,14,49,20,[   0   73  283  403  553  752  932 1046],-0.023077653513224473,16.373942103520047,3.603663819502862
1606,14,49,40,[   0   73  283  403  553  752  932 1046],-0.023077653513224473,16.373942103520047,3.603663819502862
1607,14,49,60,[   0   73  283  403  553  752  932 1046],-0.023077653513224473,16.373942103520047,3.603663819502862
1608,14,50,0,"[   0    1    7   12   14   19   26   72   73  147  283  423  559  815
  866 1018 1019 1029 1030 1037 1038 1039 1040 1041 1042 1044 1045 1046]",-0.02464849398232532,16.64914309001517,4.002590375264852
1609,14,50,20,[   0   73  147  283  423  559  815  866 1018 1046],-0.02464849398232532,16.64914309001517,4.002590375264852
1610,14,50,40,[   0   73  147  283  423  559  815  866 1046],-0.02464849398232532,16.64914309001517,4.002590375264852
1611,14,50,60,[   0   73  147  283  423  559  815 1046],-0.02464849398232532,16.64914309001517,4.002590375264852
1612,15,20,0,"[   0    1    7   19   30   72   73  186  193  237  283  383  386  397
  433  490  520  614  661  736  932  965 1018 1019 1029 1030 1042 1043
 1044 1046]",-0.04778213708027847,11.864622996092228,6.206946039047784
1613,15,20,20,"[   0   73  193  237  283  397  433  490  520  614  661  736  932  965
 1018 1046]",-0.04778213708027847,11.864622996092228,6.206946039047784
1614,15,20,40,[   0   73  193  237  283  397  490  614  661  736  932 1046],-0.04778213708027847,11.864622996092228,6.206946039047784
1615,15,20,60,[   0   73  193  283  397  490  661  736  932 1046],-0.04778213708027847,11.864622996092228,6.206946039047784
1616,15,21,0,"[   0    1    7   19   30   72   73  147  181  186  193  223  283  383
  386  397  440  490  614  663  689  932 1018 1019 1029 1030 1038 1042
 1044 1046]",-0.05530248645326258,12.322368560178028,6.391681306701724
1617,15,21,20,[   0   73  147  186  223  283  397  440  490  614  663  689  932 1046],-0.05530248645326258,12.322368560178028,6.391681306701724
1618,15,21,40,[   0   73  147  283  397  440  490  614  689  932 1046],-0.05530248645326258,12.322368560178028,6.391681306701724
1619,15,21,60,[   0   73  147  283  397  490  614  689  932 1046],-0.05530248645326258,12.322368560178028,6.391681306701724
1620,15,22,0,"[   0    1    7   19   30   72   73  186  223  271  283  305  318  505
  506  552  553  689  914  915  990 1018 1019 1029 1030 1044 1046]",-0.014356120204380004,13.125978593860948,4.936474537186314
1621,15,22,20,[   0   73  186  223  251  283  305  506  553  689  914  990 1046],-0.014356120204380004,13.125978593860948,4.936474537186314
1622,15,22,40,[   0   73  186  251  305  506  553  689  914  990 1046],-0.014356120204380004,13.125978593860948,4.936474537186314
1623,15,22,60,[   0   73  186  305  553  689  914 1046],-0.014356120204380004,13.125978593860948,4.936474537186314
1624,15,23,0,"[   0    1    7   13   30   72   73  186  213  223  251  283  318  395
  433  552  553  584  614  637  661  876 1018 1019 1029 1030 1041 1042
 1044 1046]",-0.02524459982393492,12.854811351164932,7.249238028618016
1625,15,23,20,"[   0   30   73  186  223  251  283  318  395  433  553  584  614  637
  661  876 1018 1046]",-0.02524459982393492,12.854811351164932,7.249238028618016
1626,15,23,40,[   0   73  223  283  395  553  637  876 1046],-0.02524459982393492,12.854811351164932,7.249238028618016
1627,15,23,60,[   0   73  283  395  553  637  876 1046],-0.02524459982393492,12.854811351164932,7.249238028618016
1628,15,24,0,"[   0    1    7   19   30   66   72   73   85  186  223  239  251  463
  552  553  736  790  821  860  876 1018 1019 1029 1030 1041 1042 1045
 1046]",-0.024141046618307467,12.841766694692964,6.17371269275844
1629,15,24,20,[   0   85  186  239  463  553  736  790  821  876 1018 1046],-0.024141046618307467,12.841766694692964,6.17371269275844
1630,15,24,40,[   0   85  186  239  463  553  736  821  876 1046],-0.024141046618307467,12.841766694692964,6.17371269275844
1631,15,24,60,[   0   85  186  463  553  736  876 1046],-0.024141046618307467,12.841766694692964,6.17371269275844
1632,15,25,0,"[   0    1    7   12   19   31   72   73  186  213  223  251  271  305
  461  539  614  661  689  887  894 1018 1019 1029 1030 1041 1042 1044
 1045 1046]",-0.03211670680236252,13.548421393277208,7.218520920575559
1633,15,25,20,[   0   73  186  223  271  305  461  539  614  661  689  887 1018 1046],-0.03211670680236252,13.548421393277208,7.218520920575559
1634,15,25,40,[   0   73  186  305  461  539  614  689  887 1046],-0.03211670680236252,13.548421393277208,7.218520920575559
1635,15,25,60,[   0   73  186  305  461  539  614  689  887 1046],-0.03211670680236252,13.548421393277208,7.218520920575559
1636,15,26,0,"[   0    1    7   19   30   66   72   73  186  213  223  251  271  372
  491  523  552  553  689  717  745  889 1018 1019 1029 1030 1041 1044
 1045 1046]",-0.038415845103262077,13.405386488750688,6.643138472614355
1637,15,26,20,"[   0   73  186  223  251  372  491  523  553  689  717  745  889 1018
 1046]",-0.038415845103262077,13.405386488750688,6.643138472614355
1638,15,26,40,[   0   73  186  251  372  491  553  717  889 1046],-0.038415845103262077,13.405386488750688,6.643138472614355
1639,15,26,60,[   0   73  186  251  372  491  553  717  889 1046],-0.038415845103262077,13.405386488750688,6.643138472614355
1640,15,27,0,"[   0    1    7   13   14   19   72   73  213  251  271  305  552  553
  572  618  689  815  914  915 1005 1018 1019 1029 1030 1044 1045 1046]",-0.042927603996613974,14.416855765189377,4.471923314460565
1641,15,27,20,[   0   73  213  271  305  572  618  689  815  915 1005 1046],-0.042927603996613974,14.416855765189377,4.471923314460565
1642,15,27,40,[   0   73  213  305  572  618  689  815  915 1005 1046],-0.042927603996613974,14.416855765189377,4.471923314460565
1643,15,27,60,[   0   73  213  305  572  689  815  915 1046],-0.042927603996613974,14.416855765189377,4.471923314460565
1644,15,28,0,"[   0    1    7   14   17   66   72   73  251  505  552  553  572  618
  748  815  914  915  932  965 1018 1019 1029 1030 1044 1045 1046]",-0.03426568255721932,14.148012914971543,4.386563369646492
1645,15,28,20,[   0   73  251  450  505  553  618  689  748  815  932  965 1018 1046],-0.03426568255721932,14.148012914971543,4.386563369646492
1646,15,28,40,[   0   73  251  450  505  553  618  689  748  815  932 1046],-0.03426568255721932,14.148012914971543,4.386563369646492
1647,15,28,60,[   0   73  251  450  553  618  748  815  932 1046],-0.03426568255721932,14.148012914971543,4.386563369646492
1648,15,29,0,"[   0    1    7   14   17   66   72   73  114  271  313  388  461  552
  553  810  866  932  965 1018 1019 1029 1030 1039 1041 1042 1044 1045
 1046]",-0.048751744575313026,14.272610076164062,4.927581005123292
1649,15,29,20,"[   0   73  114  271  313  388  461  511  553  810  866  932  965 1018
 1046]",-0.048751744575313026,14.272610076164062,4.927581005123292
1650,15,29,40,[   0   73  114  271  313  388  461  511  553  810  866  932 1046],-0.048751744575313026,14.272610076164062,4.927581005123292
1651,15,29,60,[   0  114  313  388  461  553  810  932 1046],-0.048751744575313026,14.272610076164062,4.927581005123292
1652,15,30,0,"[   0    1    7   14   19   66   72   73  251  447  552  553  572  655
  689  715  736  866  914  915 1018 1019 1029 1030 1038 1041 1042 1044
 1045 1046]",-0.045494207413776626,14.399304996834944,4.8792456274928275
1653,15,30,20,[   0   73  251  447  572  655  689  715  736  866  914 1018 1046],-0.045494207413776626,14.399304996834944,4.8792456274928275
1654,15,30,40,[   0   73  251  447  572  655  736  866  914 1046],-0.045494207413776626,14.399304996834944,4.8792456274928275
1655,15,30,60,[   0   73  251  447  572  655  736  914 1046],-0.045494207413776626,14.399304996834944,4.8792456274928275
1656,15,31,0,"[   0    1    7   19   30   72   73  183  186  223  251  552  553  655
  704  736  866  932  965 1018 1019 1022 1029 1030 1038 1041 1042 1044
 1045 1046]",-0.020081752382223858,14.415783873106506,4.805163147473567
1657,15,31,20,[   0   73  186  223  251  553  655  704  736  866  932  965 1018 1046],-0.020081752382223858,14.415783873106506,4.805163147473567
1658,15,31,40,[   0   73  186  251  553  655  736  866  932 1046],-0.020081752382223858,14.415783873106506,4.805163147473567
1659,15,31,60,[   0   73  186  251  553  655  736  866  932 1046],-0.020081752382223858,14.415783873106506,4.805163147473567
1660,15,32,0,"[   0    1    7   19   30   66   72   73   85  114  186  223  251  462
  552  553  655  689  791  866  932 1018 1019 1029 1030 1041 1043 1044
 1046]",-0.01913091119550515,14.197576184703262,4.211445454647908
1661,15,32,20,[   0   85  114  186  223  251  462  553  655  689  791  866  932 1046],-0.01913091119550515,14.197576184703262,4.211445454647908
1662,15,32,40,[   0   85  186  251  462  553  655  791  866  932 1046],-0.01913091119550515,14.197576184703262,4.211445454647908
1663,15,32,60,[   0   85  186  251  462  553  655  791  866  932 1046],-0.01913091119550515,14.197576184703262,4.211445454647908
1664,15,33,0,"[   0    1    7   13   14   19   72   73  424  447  552  553  572  655
  704  719  791  866  914  915  932 1018 1019 1029 1030 1041 1042 1045
 1046]",-0.03873219502346075,14.330250840802316,4.019734679490985
1665,15,33,20,[   0   73  424  447  511  553  655  719  791  866  932 1046],-0.03873219502346075,14.330250840802316,4.019734679490985
1666,15,33,40,[   0   73  424  511  553  655  719  791  866  932 1046],-0.03873219502346075,14.330250840802316,4.019734679490985
1667,15,33,60,[   0   73  424  553  655  719  791  866  932 1046],-0.03873219502346075,14.330250840802316,4.019734679490985
1668,15,34,0,"[   0    1    7   19   72   73  200  306  411  472  552  553  618  715
  791  866  914  915 1005 1018 1019 1029 1030 1041 1042 1044 1045 1046]",-0.025733562663373163,14.566686065496897,4.938850359528545
1669,15,34,20,"[   0   73  200  306  411  472  498  553  618  715  791  866  914 1005
 1046]",-0.025733562663373163,14.566686065496897,4.938850359528545
1670,15,34,40,[   0   73  200  306  411  472  553  618  715  791  866  914 1005 1046],-0.025733562663373163,14.566686065496897,4.938850359528545
1671,15,34,60,[   0   73  200  306  411  472  553  618  715  791  866 1046],-0.025733562663373163,14.566686065496897,4.938850359528545
1672,15,35,0,"[   0    1    7   14   19   31   72   73  210  259  511  552  553  586
  768  815  866  914  915 1005 1018 1019 1029 1030 1034 1041 1042 1044
 1045 1046]",-0.013586787269755126,14.849366617152821,4.010637424682613
1673,15,35,20,[   0   73  210  259  511  553  586  768  815  866  914 1005 1046],-0.013586787269755126,14.849366617152821,4.010637424682613
1674,15,35,40,[   0   73  210  259  511  553  768  815  866  914 1005 1046],-0.013586787269755126,14.849366617152821,4.010637424682613
1675,15,35,60,[   0   73  259  553  815 1046],-0.013586787269755126,14.849366617152821,4.010637424682613
1676,15,36,0,"[   0    1    7   14   19   31   72   73   77  147  210  259  283  552
  553  586  768  815  866 1005 1018 1019 1029 1030 1041 1042 1044 1045
 1046]",-0.01887416096526491,15.134113276673308,4.2569911721400295
1677,15,36,20,[   0   77  147  210  259  283  553  586  768  815  866 1005 1046],-0.01887416096526491,15.134113276673308,4.2569911721400295
1678,15,36,40,[   0   77  147  210  259  586  768  815  866 1005 1046],-0.01887416096526491,15.134113276673308,4.2569911721400295
1679,15,36,60,[   0   77  147  259  586  815 1046],-0.01887416096526491,15.134113276673308,4.2569911721400295
1680,15,37,0,"[   0    1    7   14   19   31   72   73  314  447  552  553  618  668
  768  866  908 1005 1018 1019 1029 1030 1034 1039 1040 1041 1042 1045
 1046]",-0.04819398829574324,14.728604247495317,4.528596163931118
1681,15,37,20,[   0   73  314  447  498  553  618  668  768  866  908 1005 1046],-0.04819398829574324,14.728604247495317,4.528596163931118
1682,15,37,40,[   0   73  314  447  498  553  618  668  768  866  908 1005 1046],-0.04819398829574324,14.728604247495317,4.528596163931118
1683,15,37,60,[   0   73  314  447  553  618  768  908 1046],-0.04819398829574324,14.728604247495317,4.528596163931118
1684,15,38,0,"[   0    1    7   14   19   25   72   73  314  498  539  552  553  586
  618  768  866  899 1012 1018 1019 1022 1029 1030 1034 1038 1042 1043
 1044 1046]",-0.04447602457661413,14.721223621199227,4.8640790040776265
1685,15,38,20,[   0   73  314  498  553  586  618  768  866  899 1012 1046],-0.04447602457661413,14.721223621199227,4.8640790040776265
1686,15,38,40,[   0   73  314  498  553  618  768  899 1046],-0.04447602457661413,14.721223621199227,4.8640790040776265
1687,15,38,60,[   0   73  314  553  618  768  899 1046],-0.04447602457661413,14.721223621199227,4.8640790040776265
1688,15,39,0,"[   0    1    7   19   20   30   72   73  283  447  552  553  618  768
  815  866  899 1018 1019 1029 1030 1041 1042 1044 1046]",-0.03483358921725051,14.903267399899702,4.491514001649833
1689,15,39,20,[   0   73  283  447  498  553  618  768  815  866  899 1018 1046],-0.03483358921725051,14.903267399899702,4.491514001649833
1690,15,39,40,[   0   73  283  447  498  553  618  768  815  899 1046],-0.03483358921725051,14.903267399899702,4.491514001649833
1691,15,39,60,[   0   73  283  447  553  618  815  899 1046],-0.03483358921725051,14.903267399899702,4.491514001649833
1692,15,40,0,"[   0    1    2    7   19   26   30   65   72   73   85  511  568  618
  654  730  768  815  866  899 1018 1019 1029 1030 1034 1041 1042 1043
 1044 1046]",-0.03915273056642456,14.628363276237387,4.764057624500591
1693,15,40,20,[   0   85  511  568  618  654  730  768  815  866  899 1018 1046],-0.03915273056642456,14.628363276237387,4.764057624500591
1694,15,40,40,[   0   85  511  568  618  768  815  899 1046],-0.03915273056642456,14.628363276237387,4.764057624500591
1695,15,40,60,[   0   85  568  815  899 1046],-0.03915273056642456,14.628363276237387,4.764057624500591
1696,15,41,0,"[   0    1   12   19   20   30   72   73  101  349  438  552  553  768
  866  972 1018 1019 1029 1030 1041 1042 1044 1045 1046]",-0.026812203104486773,15.122635569458014,4.603542590971402
1697,15,41,20,[   0   72  101  349  438  553  704  768  866  972 1018 1046],-0.026812203104486773,15.122635569458014,4.603542590971402
1698,15,41,40,[   0  101  349  438  553  704  768  866  972 1046],-0.026812203104486773,15.122635569458014,4.603542590971402
1699,15,41,60,[   0  101  349  438  553  704  768  866  972 1046],-0.026812203104486773,15.122635569458014,4.603542590971402
1700,15,42,0,"[   0    2    4   12   14   19   72   73  423  511  552  553  568  618
  768  815  866  932 1018 1019 1029 1030 1037 1041 1042 1044 1045 1046]",-0.04857875185448968,14.57915885531563,4.618775579047152
1701,15,42,20,[   0   73  423  511  553  618  768  815  866  932 1046],-0.04857875185448968,14.57915885531563,4.618775579047152
1702,15,42,40,[   0   73  423  511  553  618  768  815  866  932 1046],-0.04857875185448968,14.57915885531563,4.618775579047152
1703,15,42,60,[   0   73  423  553  618  815  932 1046],-0.04857875185448968,14.57915885531563,4.618775579047152
1704,15,43,0,"[   0    1    7   12   19   26   30   72   73  204  210  259  411  423
  472  568  618  768  899  915 1018 1019 1029 1030 1034 1041 1042 1043
 1044 1046]",-0.029392129457794913,14.59092056933617,5.776956368719238
1705,15,43,20,[   0   73  204  259  423  472  568  618  768  899 1018 1046],-0.029392129457794913,14.59092056933617,5.776956368719238
1706,15,43,40,[   0   73  204  259  423  472  568  618  768  899 1046],-0.029392129457794913,14.59092056933617,5.776956368719238
1707,15,43,60,[   0   73  259  423  568  768  899 1046],-0.029392129457794913,14.59092056933617,5.776956368719238
1708,15,44,0,"[   0    1    7   12   14   19   26   72   73   85  147  283  493  511
  552  553  782  815  866  985 1018 1019 1029 1030 1034 1039 1042 1044
 1045 1046]",-0.008605495816239995,15.261580456999164,3.8765511449915797
1709,15,44,20,[   0   85  147  283  511  553  782  815  866  985 1018 1046],-0.008605495816239995,15.261580456999164,3.8765511449915797
1710,15,44,40,[   0   85  147  283  511  553  782  866  985 1046],-0.008605495816239995,15.261580456999164,3.8765511449915797
1711,15,44,60,[   0   85  147  283  553  782  866  985 1046],-0.008605495816239995,15.261580456999164,3.8765511449915797
1712,15,45,0,"[   0    1   12   13   19   20   72   73   77  552  553  618  752  782
  815  866  899 1018 1019 1029 1030 1034 1039 1042 1044 1045 1046]",-0.037568334962947175,14.970837466857898,4.757657535389853
1713,15,45,20,[   0   77  498  553  618  752  782  815  866  899 1018 1046],-0.037568334962947175,14.970837466857898,4.757657535389853
1714,15,45,40,[   0   77  498  553  618  815  899 1046],-0.037568334962947175,14.970837466857898,4.757657535389853
1715,15,45,60,[   0   77  553  618  815  899 1046],-0.037568334962947175,14.970837466857898,4.757657535389853
1716,15,46,0,"[   0    1    2    4    7   14   19   72   73   74  101  498  618  654
  752  782  815  866  899 1018 1019 1029 1030 1039 1042 1043 1044 1045
 1046]",-0.03352539227655883,15.284435921021123,5.07286627233552
1717,15,46,20,[   0   72  101  498  618  654  752  782  815  866  899 1018 1046],-0.03352539227655883,15.284435921021123,5.07286627233552
1718,15,46,40,[   0  101  498  654  782  899 1046],-0.03352539227655883,15.284435921021123,5.07286627233552
1719,15,46,60,[   0  101  498  654  782  899 1046],-0.03352539227655883,15.284435921021123,5.07286627233552
1720,15,47,0,"[   0    1    4   12   19   21   72   73  322  327  383  552  553  768
  815  866 1018 1019 1029 1030 1039 1040 1044 1045 1046]",-0.017673403038607923,15.259565897905722,4.1526432512182065
1721,15,47,20,[   0   73  327  383  519  553  768  815  866 1018 1046],-0.017673403038607923,15.259565897905722,4.1526432512182065
1722,15,47,40,[   0   73  327  383  553  768  815  866 1046],-0.017673403038607923,15.259565897905722,4.1526432512182065
1723,15,47,60,[   0   73  383  553  815 1046],-0.017673403038607923,15.259565897905722,4.1526432512182065
1724,15,48,0,"[   0    1   12   19   20   21   30   72   73  552  553  563  586  654
  704  768  932 1018 1019 1029 1030 1039 1040 1044 1045 1046]",-0.024798321333110454,15.577014828219973,3.8502846380559754
1725,15,48,20,[   0   73  552  586  654  704  768  932 1046],-0.024798321333110454,15.577014828219973,3.8502846380559754
1726,15,48,40,[   0   73  552  654  704  768  932 1046],-0.024798321333110454,15.577014828219973,3.8502846380559754
1727,15,48,60,[   0   73  552  654  768  932 1046],-0.024798321333110454,15.577014828219973,3.8502846380559754
1728,15,49,0,"[   0    1    7   12   14   19   31   72   73  283  403  423  552  553
  654  740  752  768  932 1018 1019 1029 1030 1039 1040 1042 1044 1045
 1046]",-0.02208871310247527,15.54288323125077,3.9124799938032475
1729,15,49,20,[   0   73  283  423  553  654  740  768  932 1046],-0.02208871310247527,15.54288323125077,3.9124799938032475
1730,15,49,40,[   0   73  283  423  553  654  740  932 1046],-0.02208871310247527,15.54288323125077,3.9124799938032475
1731,15,49,60,[   0   73  283  423  553  654  740  932 1046],-0.02208871310247527,15.54288323125077,3.9124799938032475
1732,15,50,0,"[   0    1    7   12   14   19   21   26   72   73  147  283  423  559
  768  815  866 1018 1019 1029 1030 1037 1038 1039 1040 1041 1042 1044
 1045 1046]",-0.02449970815798519,15.865041404909343,4.050575258110192
1733,15,50,20,[   0   73  147  283  423  559  768  815  866 1018 1046],-0.02449970815798519,15.865041404909343,4.050575258110192
1734,15,50,40,[   0   73  147  283  423  559  768  815  866 1046],-0.02449970815798519,15.865041404909343,4.050575258110192
1735,15,50,60,[   0   73  147  283  423  559  815 1046],-0.02449970815798519,15.865041404909343,4.050575258110192
1736,16,20,0,"[   0    1    7   19   30   72   73  186  193  237  283  383  386  397
  433  490  520  552  553  614  661  736  932  965 1018 1019 1029 1030
 1044 1046]",-0.04731525110299566,11.431563824546238,5.844702422714336
1737,16,20,20,"[   0   73  193  237  283  397  433  490  520  553  614  661  736  932
  965 1018 1046]",-0.04731525110299566,11.431563824546238,5.844702422714336
1738,16,20,40,[   0   73  193  237  283  397  553  614  661  736  932 1046],-0.04731525110299566,11.431563824546238,5.844702422714336
1739,16,20,60,[   0   73  193  283  397  553  614  736  932 1046],-0.04731525110299566,11.431563824546238,5.844702422714336
1740,16,21,0,"[   0    1    7   19   30   72   73  147  181  186  193  223  283  383
  386  397  440  490  552  553  614  663  689  932 1018 1019 1029 1030
 1038 1042 1044 1046]",-0.05492201784297595,11.850663559962522,6.015643673474235
1741,16,21,20,"[   0   73  147  186  223  283  397  440  490  553  614  663  689  932
 1046]",-0.05492201784297595,11.850663559962522,6.015643673474235
1742,16,21,40,[   0   73  147  283  397  440  490  553  614  689  932 1046],-0.05492201784297595,11.850663559962522,6.015643673474235
1743,16,21,60,[   0   73  147  283  397  490  553  614  689  932 1046],-0.05492201784297595,11.850663559962522,6.015643673474235
1744,16,22,0,"[   0    1    7   19   30   72   73  186  223  271  283  305  318  505
  506  552  553  689  774  840  914  915  990 1018 1019 1029 1030 1044
 1046]",-0.02366613771474247,12.535368015209285,5.284349639474982
1745,16,22,20,"[   0   73  186  223  251  283  305  506  553  689  774  840  914  990
 1046]",-0.02366613771474247,12.535368015209285,5.284349639474982
1746,16,22,40,[   0   73  186  251  305  506  553  689  774  840  914  990 1046],-0.02366613771474247,12.535368015209285,5.284349639474982
1747,16,22,60,[   0   73  186  305  553  689  774  840  914 1046],-0.02366613771474247,12.535368015209285,5.284349639474982
1748,16,23,0,"[   0    1    7   13   30   66   72   73   85  186  213  223  251  283
  318  395  433  552  553  584  614  637  661  876 1018 1019 1029 1030
 1041 1042 1044 1046]",-0.024611373622861216,12.318145557287629,6.882048528287223
1749,16,23,20,"[   0   30   85  186  223  251  283  318  395  433  553  584  614  637
  661  876 1018 1046]",-0.024611373622861216,12.318145557287629,6.882048528287223
1750,16,23,40,[   0   85  186  283  395  553  637  876 1046],-0.024611373622861216,12.318145557287629,6.882048528287223
1751,16,23,60,[   0   85  186  283  395  553  637  876 1046],-0.024611373622861216,12.318145557287629,6.882048528287223
1752,16,24,0,"[   0    1    7   19   30   66   72   73   85  186  223  239  251  463
  552  553  736  790  821  860  876  914  915 1018 1019 1029 1030 1041
 1042 1045 1046]",-0.023678541812959756,12.282993737350177,5.823484927394755
1753,16,24,20,[   0   85  186  239  463  553  736  790  821  860  914 1018 1046],-0.023678541812959756,12.282993737350177,5.823484927394755
1754,16,24,40,[   0   85  186  239  463  553  736  821  914 1046],-0.023678541812959756,12.282993737350177,5.823484927394755
1755,16,24,60,[   0   85  186  463  553  736  821  914 1046],-0.023678541812959756,12.282993737350177,5.823484927394755
1756,16,25,0,"[   0    1    7   19   31   72   73  186  223  251  271  305  461  552
  553  614  661  689  887  894 1018 1019 1029 1030 1041 1042 1044 1045
 1046]",-0.03163091656763334,13.008270185980033,6.785911113175555
1757,16,25,20,[   0   73  186  223  271  305  461  553  614  661  689  887 1018 1046],-0.03163091656763334,13.008270185980033,6.785911113175555
1758,16,25,40,[   0   73  186  305  461  553  614  689  887 1046],-0.03163091656763334,13.008270185980033,6.785911113175555
1759,16,25,60,[   0   73  186  305  461  553  614  689  887 1046],-0.03163091656763334,13.008270185980033,6.785911113175555
1760,16,26,0,"[   0    1    7   19   30   66   72   73  186  213  223  251  271  372
  491  523  552  553  689  690  717  745  889 1018 1019 1029 1030 1041
 1042 1044 1045 1046]",-0.03723271286614174,12.81597122499299,6.508088798458966
1761,16,26,20,"[   0   73  186  223  251  372  491  523  553  689  717  745  889 1018
 1046]",-0.03723271286614174,12.81597122499299,6.508088798458966
1762,16,26,40,[   0   73  186  251  372  491  553  717  889 1046],-0.03723271286614174,12.81597122499299,6.508088798458966
1763,16,26,60,[   0   73  186  251  372  491  553  717  889 1046],-0.03723271286614174,12.81597122499299,6.508088798458966
1764,16,27,0,"[   0    1    7   13   14   19   72   73  213  251  271  305  505  506
  552  553  572  618  689  815  914  915 1005 1018 1019 1029 1030 1044
 1045 1046]",-0.04255189115428308,13.758799632622862,4.224581021551136
1765,16,27,20,[   0   73  213  271  305  506  553  618  689  815  915 1005 1046],-0.04255189115428308,13.758799632622862,4.224581021551136
1766,16,27,40,[   0   73  213  305  506  553  618  689  815  915 1005 1046],-0.04255189115428308,13.758799632622862,4.224581021551136
1767,16,27,60,[   0   73  213  305  553  618  689  815  915 1046],-0.04255189115428308,13.758799632622862,4.224581021551136
1768,16,28,0,"[   0    1    7   14   17   66   72   73  251  450  505  552  553  572
  618  689  748  815  866  914  915  932  965 1018 1019 1029 1030 1041
 1042 1044 1045 1046]",-0.036741534526742975,13.50715048392233,4.837815571405186
1769,16,28,20,"[   0   73  251  450  505  553  618  689  748  815  866  932  965 1018
 1046]",-0.036741534526742975,13.50715048392233,4.837815571405186
1770,16,28,40,[   0   73  251  450  505  553  618  689  748  815  866  932 1046],-0.036741534526742975,13.50715048392233,4.837815571405186
1771,16,28,60,[   0   73  251  450  553  618  748  815  932 1046],-0.036741534526742975,13.50715048392233,4.837815571405186
1772,16,29,0,"[   0    1    7   14   17   66   72   73  114  271  313  388  461  552
  553  810  866  914  915  932  965 1018 1019 1029 1030 1039 1041 1042
 1044 1045 1046]",-0.04823626739318905,13.62995563155791,4.649673279512045
1773,16,29,20,"[   0   73  114  271  313  388  461  511  553  810  866  932  965 1018
 1046]",-0.04823626739318905,13.62995563155791,4.649673279512045
1774,16,29,40,[   0   73  114  271  313  388  461  511  553  810  866  932 1046],-0.04823626739318905,13.62995563155791,4.649673279512045
1775,16,29,60,[   0  114  313  388  461  553  810  932 1046],-0.04823626739318905,13.62995563155791,4.649673279512045
1776,16,30,0,"[   0    1    7   14   19   66   72   73  251  505  506  552  553  572
  655  689  715  736  866  914  915 1018 1019 1029 1030 1038 1041 1042
 1044 1045 1046]",-0.04511551077602682,13.741430271355489,4.608931078686796
1777,16,30,20,[   0   73  251  447  506  553  655  689  715  736  866  914 1018 1046],-0.04511551077602682,13.741430271355489,4.608931078686796
1778,16,30,40,[   0   73  251  447  506  553  655  736  866  914 1046],-0.04511551077602682,13.741430271355489,4.608931078686796
1779,16,30,60,[   0   73  251  447  553  655  736  914 1046],-0.04511551077602682,13.741430271355489,4.608931078686796
1780,16,31,0,"[   0    1    7   19   30   72   73  114  183  186  223  251  263  552
  553  655  704  736  866  932  965 1018 1019 1022 1029 1030 1038 1041
 1042 1044 1045 1046]",-0.02110876836867183,13.670027802632761,5.18325207049741
1781,16,31,20,"[   0   73  114  186  223  251  553  655  704  736  866  932  965 1018
 1046]",-0.02110876836867183,13.670027802632761,5.18325207049741
1782,16,31,40,[   0   73  114  186  251  553  655  736  866  932 1046],-0.02110876836867183,13.670027802632761,5.18325207049741
1783,16,31,60,[   0  114  186  251  553  655  736  866  932 1046],-0.02110876836867183,13.670027802632761,5.18325207049741
1784,16,32,0,"[   0    1    7   19   30   66   72   73   85  114  186  223  251  462
  552  553  655  689  791  866  914  915  932 1018 1019 1029 1030 1041
 1043 1044 1046]",-0.01867053519010403,13.557861080127022,3.9833623835850354
1785,16,32,20,[   0   85  114  186  223  251  462  553  655  689  791  866  932 1046],-0.01867053519010403,13.557861080127022,3.9833623835850354
1786,16,32,40,[   0   85  186  251  462  553  655  791  866  932 1046],-0.01867053519010403,13.557861080127022,3.9833623835850354
1787,16,32,60,[   0   85  186  251  462  553  655  791  866  932 1046],-0.01867053519010403,13.557861080127022,3.9833623835850354
1788,16,33,0,"[   0    1    7   13   14   19   72   73  424  447  511  552  553  572
  655  704  719  782  791  866  914  915  932 1018 1019 1029 1030 1041
 1042 1044 1045 1046]",-0.03873015464751321,13.677116478755618,4.288160029921503
1789,16,33,20,[   0   73  424  447  511  553  655  719  782  866  932 1046],-0.03873015464751321,13.677116478755618,4.288160029921503
1790,16,33,40,[   0   73  424  511  553  655  719  782  866  932 1046],-0.03873015464751321,13.677116478755618,4.288160029921503
1791,16,33,60,[   0   73  424  553  655  719  782  866  932 1046],-0.03873015464751321,13.677116478755618,4.288160029921503
1792,16,34,0,"[   0    1    7   19   72   73  200  306  411  498  505  506  552  553
  618  715  791  866  914  915 1005 1018 1019 1029 1030 1041 1042 1044
 1045 1046]",-0.025371433277710336,13.896940302348465,4.665656973637141
1793,16,34,20,"[   0   73  200  306  411  472  506  553  618  715  791  866  914 1005
 1046]",-0.025371433277710336,13.896940302348465,4.665656973637141
1794,16,34,40,[   0   73  200  306  411  472  553  618  715  791  866  914 1005 1046],-0.025371433277710336,13.896940302348465,4.665656973637141
1795,16,34,60,[   0   73  200  306  411  472  553  618  715  791  866 1046],-0.025371433277710336,13.896940302348465,4.665656973637141
1796,16,35,0,"[   0    1    7   14   19   31   72   73  210  259  350  511  552  553
  586  745  768  815  866  914  915 1005 1018 1019 1029 1030 1034 1041
 1042 1044 1045 1046]",-0.026601892263382065,14.16659739100098,4.261365057385771
1797,16,35,20,"[   0   73  210  259  350  511  553  586  745  768  815  866  914 1005
 1046]",-0.026601892263382065,14.16659739100098,4.261365057385771
1798,16,35,40,[   0   73  210  259  350  511  553  768  815  866  914 1005 1046],-0.026601892263382065,14.16659739100098,4.261365057385771
1799,16,35,60,[   0   73  259  350  553  815 1046],-0.026601892263382065,14.16659739100098,4.261365057385771
1800,16,36,0,"[   0    1    7   14   19   31   72   73   77  147  210  259  283  552
  553  586  768  815  866  914  915 1005 1018 1019 1029 1030 1041 1042
 1044 1045 1046]",-0.018697643922138095,14.43669466501678,4.0209581033348405
1801,16,36,20,[   0   77  147  210  259  283  553  586  768  815  866  914 1005 1046],-0.018697643922138095,14.43669466501678,4.0209581033348405
1802,16,36,40,[   0   77  147  210  259  586  768  815  866  914 1005 1046],-0.018697643922138095,14.43669466501678,4.0209581033348405
1803,16,36,60,[   0   77  147  259  586  815 1046],-0.018697643922138095,14.43669466501678,4.0209581033348405
1804,16,37,0,"[   0    1    7   14   19   31   72   73  147  283  314  447  552  553
  618  668  768  866  908 1005 1018 1019 1029 1030 1034 1039 1040 1041
 1042 1045 1046]",-0.04738969927198036,14.054078306378948,4.421272529438185
1805,16,37,20,"[   0   73  147  283  314  447  498  553  618  668  768  866  908 1005
 1046]",-0.04738969927198036,14.054078306378948,4.421272529438185
1806,16,37,40,[   0   73  147  283  447  498  553  618  668  768  866  908 1005 1046],-0.04738969927198036,14.054078306378948,4.421272529438185
1807,16,37,60,[   0   73  147  283  447  553  618  768  908 1046],-0.04738969927198036,14.054078306378948,4.421272529438185
1808,16,38,0,"[   0    1    7   14   19   25   72   73  314  498  539  552  553  586
  618  768  866  899  914  915 1012 1018 1019 1022 1029 1030 1034 1038
 1042 1044 1046]",-0.043994986979042916,14.046315033371673,4.591454955984234
1809,16,38,20,[   0   73  314  498  553  586  618  768  866  899 1012 1046],-0.043994986979042916,14.046315033371673,4.591454955984234
1810,16,38,40,[   0   73  314  498  553  618  768  899 1046],-0.043994986979042916,14.046315033371673,4.591454955984234
1811,16,38,60,[   0   73  314  553  618  768  899 1046],-0.043994986979042916,14.046315033371673,4.591454955984234
1812,16,39,0,"[   0    1    7   19   20   30   72   73  283  447  552  553  618  768
  815  866  914  915 1018 1019 1029 1030 1041 1042 1044 1046]",-0.03430230610181137,14.220924841949925,4.244386365480555
1813,16,39,20,[   0   73  283  447  498  553  618  768  815  866  915 1018 1046],-0.03430230610181137,14.220924841949925,4.244386365480555
1814,16,39,40,[   0   73  283  447  498  553  618  768  815  866  915 1046],-0.03430230610181137,14.220924841949925,4.244386365480555
1815,16,39,60,[   0   73  283  447  553  618  866 1046],-0.03430230610181137,14.220924841949925,4.244386365480555
1816,16,40,0,"[   0    1    7   19   26   30   65   72   73   85  511  552  553  568
  618  654  730  768  815  866  899 1018 1019 1029 1030 1034 1041 1042
 1044 1046]",-0.03873484420094729,14.010116242726507,4.490320553382695
1817,16,40,20,[   0   85  511  553  618  654  730  768  815  866  899 1018 1046],-0.03873484420094729,14.010116242726507,4.490320553382695
1818,16,40,40,[   0   85  511  553  618  768  815  899 1046],-0.03873484420094729,14.010116242726507,4.490320553382695
1819,16,40,60,[   0   85  553  618  815  899 1046],-0.03873484420094729,14.010116242726507,4.490320553382695
1820,16,41,0,"[   0    1    2   12   19   20   30   72   73  101  349  438  511  552
  553  568  704  768  866  972 1018 1019 1029 1030 1037 1041 1042 1044
 1045 1046]",-0.035169147338590875,14.33908649546965,4.837742772801732
1821,16,41,20,[   0   72  101  349  438  511  553  704  768  866  972 1018 1046],-0.035169147338590875,14.33908649546965,4.837742772801732
1822,16,41,40,[   0  101  349  438  511  553  704  768  866  972 1046],-0.035169147338590875,14.33908649546965,4.837742772801732
1823,16,41,60,[   0  101  349  438  553  704  768  866  972 1046],-0.035169147338590875,14.33908649546965,4.837742772801732
1824,16,42,0,"[   0    2    4   12   14   19   72   73  423  511  552  553  568  618
  768  815  866  914  915  932 1018 1019 1029 1030 1041 1042 1044 1045
 1046]",-0.04805224357348095,13.913994136444684,4.362701781279248
1825,16,42,20,[   0   73  423  511  553  618  768  815  866  932 1046],-0.04805224357348095,13.913994136444684,4.362701781279248
1826,16,42,40,[   0   73  423  511  553  618  768  815  866  932 1046],-0.04805224357348095,13.913994136444684,4.362701781279248
1827,16,42,60,[   0   73  423  553  618  815  932 1046],-0.04805224357348095,13.913994136444684,4.362701781279248
1828,16,43,0,"[   0    1    7   12   19   26   30   72   73  204  210  259  411  423
  472  568  618  768  866  899  915  945 1018 1019 1029 1030 1034 1041
 1042 1043 1044 1046]",-0.028856823723155768,13.989506164747043,5.798601861167641
1829,16,43,20,[   0   73  204  259  423  472  568  618  768  866  915  945 1046],-0.028856823723155768,13.989506164747043,5.798601861167641
1830,16,43,40,[   0   73  204  259  423  472  568  618  768  866  945 1046],-0.028856823723155768,13.989506164747043,5.798601861167641
1831,16,43,60,[   0   73  259  423  568  768  866  945 1046],-0.028856823723155768,13.989506164747043,5.798601861167641
1832,16,44,0,"[   0    1    7   12   14   19   26   72   73   85  147  283  493  505
  506  511  552  553  782  815  866  985 1018 1019 1029 1030 1034 1039
 1042 1044 1045 1046]",-0.008197638312438145,14.552608301841994,3.6698507291369826
1833,16,44,20,[   0   85  147  283  505  553  782  815  866  985 1018 1046],-0.008197638312438145,14.552608301841994,3.6698507291369826
1834,16,44,40,[   0   85  147  283  505  553  782  866  985 1046],-0.008197638312438145,14.552608301841994,3.6698507291369826
1835,16,44,60,[   0   85  147  283  553  782  866  985 1046],-0.008197638312438145,14.552608301841994,3.6698507291369826
1836,16,45,0,"[   0    1    7   12   13   19   20   72   73   77  423  498  552  553
  618  654  752  782  815  866  899 1018 1019 1029 1030 1034 1039 1042
 1044 1045 1046]",-0.03649816543383131,14.304575770178511,5.009773213474844
1837,16,45,20,[   0   77  423  498  553  618  654  752  782  815  866  899 1018 1046],-0.03649816543383131,14.304575770178511,5.009773213474844
1838,16,45,40,[   0   77  423  498  553  618  782  899 1046],-0.03649816543383131,14.304575770178511,5.009773213474844
1839,16,45,60,[   0   77  423  553  618  782  899 1046],-0.03649816543383131,14.304575770178511,5.009773213474844
1840,16,46,0,"[   0    1    2    4    7   14   19   72   73   74  101  498  552  553
  618  654  752  782  815  866  899 1018 1019 1029 1030 1039 1042 1043
 1044 1045 1046]",-0.03308178615864882,14.627140827711045,4.791619847411356
1841,16,46,20,[   0   72  101  498  553  618  654  752  782  815  866  899 1018 1046],-0.03308178615864882,14.627140827711045,4.791619847411356
1842,16,46,40,[   0  101  498  553  618  782  899 1046],-0.03308178615864882,14.627140827711045,4.791619847411356
1843,16,46,60,[   0  101  553  618  782  899 1046],-0.03308178615864882,14.627140827711045,4.791619847411356
1844,16,47,0,"[   0    1    4   12   19   21   72   73  322  327  383  552  553  768
  815  866  932 1018 1019 1029 1030 1039 1040 1044 1045 1046]",-0.017518545345857946,14.532297629153783,4.218914231273994
1845,16,47,20,[   0   73  327  383  519  553  704  768  815  866  932 1046],-0.017518545345857946,14.532297629153783,4.218914231273994
1846,16,47,40,[   0   73  327  383  553  704  768  815  866  932 1046],-0.017518545345857946,14.532297629153783,4.218914231273994
1847,16,47,60,[   0   73  383  553  704  815  932 1046],-0.017518545345857946,14.532297629153783,4.218914231273994
1848,16,48,0,"[   0    1    2   12   19   20   21   30   72   73  552  553  563  586
  654  704  768  866  932 1018 1019 1029 1030 1039 1040 1041 1042 1044
 1045 1046]",-0.029662159163749216,14.841141255319544,4.144410651138155
1849,16,48,20,[   0   73  552  586  654  704  768  866  932 1046],-0.029662159163749216,14.841141255319544,4.144410651138155
1850,16,48,40,[   0   73  552  654  704  768  866  932 1046],-0.029662159163749216,14.841141255319544,4.144410651138155
1851,16,48,60,[   0   73  552  654  768  866  932 1046],-0.029662159163749216,14.841141255319544,4.144410651138155
1852,16,49,0,"[   0    1    7   12   14   19   31   72   73  147  283  403  423  552
  553  654  740  752  768  932 1018 1019 1029 1030 1039 1040 1042 1044
 1045 1046]",-0.02121948284516864,14.847859984860582,3.850130466518279
1853,16,49,20,[   0   73  147  283  423  553  654  740  768  932 1046],-0.02121948284516864,14.847859984860582,3.850130466518279
1854,16,49,40,[   0   73  147  283  423  553  654  740  932 1046],-0.02121948284516864,14.847859984860582,3.850130466518279
1855,16,49,60,[   0   73  147  283  423  553  654  740  932 1046],-0.02121948284516864,14.847859984860582,3.850130466518279
1856,16,50,0,"[   0    1    7   12   14   19   21   26   72   73  147  283  423  552
  553  559  768  815  866 1018 1019 1029 1030 1037 1038 1039 1040 1041
 1042 1044 1045 1046]",-0.02404496406322491,15.17141778371226,3.833196925896437
1857,16,50,20,[   0   73  147  283  423  559  768  815  866 1018 1046],-0.02404496406322491,15.17141778371226,3.833196925896437
1858,16,50,40,[   0   73  147  283  423  559  768  815  866 1046],-0.02404496406322491,15.17141778371226,3.833196925896437
1859,16,50,60,[   0   73  147  283  423  559  815 1046],-0.02404496406322491,15.17141778371226,3.833196925896437
1860,17,20,0,"[   0    1    7   19   30   66   72   73   85  186  193  237  283  383
  386  397  433  490  520  552  553  614  661  736  932  965 1018 1019
 1029 1030 1044 1046]",-0.04669830617306402,11.005434798426446,5.653375104638577
1861,17,20,20,"[   0   85  193  237  283  397  433  490  520  553  614  661  736  932
  965 1018 1046]",-0.04669830617306402,11.005434798426446,5.653375104638577
1862,17,20,40,[   0   85  193  237  283  397  553  614  661  736  932 1046],-0.04669830617306402,11.005434798426446,5.653375104638577
1863,17,20,60,[   0   85  193  283  397  553  614  736  932 1046],-0.04669830617306402,11.005434798426446,5.653375104638577
1864,17,21,0,"[   0    1    7   19   30   72   73  147  181  186  193  223  283  318
  365  383  386  397  440  490  552  553  614  663  689  932 1018 1019
 1029 1030 1038 1042 1044 1046]",-0.05476500113854937,11.3921201849894,5.98034897448494
1865,17,21,20,"[   0   73  147  186  223  283  318  365  386  440  490  553  614  663
  689  932 1046]",-0.05476500113854937,11.3921201849894,5.98034897448494
1866,17,21,40,[   0   73  147  283  365  440  490  553  614  689  932 1046],-0.05476500113854937,11.3921201849894,5.98034897448494
1867,17,21,60,[   0   73  147  283  365  440  553  614  689  932 1046],-0.05476500113854937,11.3921201849894,5.98034897448494
1868,17,22,0,"[   0    1    7   19   30   66   72   73   85  186  223  251  271  283
  305  318  505  506  552  553  689  774  840  914  915  990 1018 1019
 1029 1030 1044 1046]",-0.023603255380743333,12.01515935526551,5.203500396284939
1869,17,22,20,"[   0   85  186  223  251  283  305  506  553  689  774  840  914  990
 1046]",-0.023603255380743333,12.01515935526551,5.203500396284939
1870,17,22,40,[   0   85  186  251  305  506  553  689  774  840  914  990 1046],-0.023603255380743333,12.01515935526551,5.203500396284939
1871,17,22,60,[   0   85  186  305  553  689  774  840  914 1046],-0.023603255380743333,12.01515935526551,5.203500396284939
1872,17,23,0,"[   0    1    7   13   30   66   72   73   85  186  213  223  251  283
  318  395  433  552  553  584  614  637  661  876  914  915 1018 1019
 1029 1030 1041 1042 1044 1046]",-0.02433456196606384,11.831320752917705,6.4968064734573305
1873,17,23,20,"[   0   30   85  186  223  251  283  318  395  433  553  584  614  637
  661  876  914 1018 1046]",-0.02433456196606384,11.831320752917705,6.4968064734573305
1874,17,23,40,[   0   85  186  283  395  553  637  914 1046],-0.02433456196606384,11.831320752917705,6.4968064734573305
1875,17,23,60,[   0   85  186  283  395  553  637  914 1046],-0.02433456196606384,11.831320752917705,6.4968064734573305
1876,17,24,0,"[   0    1    7   19   30   66   72   73   85  186  223  239  251  463
  552  553  661  736  790  821  855  860  876  914  915 1018 1019 1029
 1030 1041 1042 1045 1046]",-0.023818562633402946,11.711845727282883,6.373438921860232
1877,17,24,20,[   0   85  186  239  463  553  661  736  790  821  860  914 1018 1046],-0.023818562633402946,11.711845727282883,6.373438921860232
1878,17,24,40,[   0   85  186  239  463  553  661  736  821  914 1046],-0.023818562633402946,11.711845727282883,6.373438921860232
1879,17,24,60,[   0   85  186  463  553  661  736  821  914 1046],-0.023818562633402946,11.711845727282883,6.373438921860232
1880,17,25,0,"[   0    1    7   19   31   72   73  186  223  251  271  305  461  552
  553  614  661  689  887  894  914  915 1018 1019 1029 1030 1041 1042
 1044 1045 1046]",-0.031096050079134983,12.478844748626189,6.420436331747741
1881,17,25,20,"[   0   73  186  223  271  305  461  553  614  661  689  887  915 1018
 1046]",-0.031096050079134983,12.478844748626189,6.420436331747741
1882,17,25,40,[   0   73  186  305  461  553  614  689  915 1046],-0.031096050079134983,12.478844748626189,6.420436331747741
1883,17,25,60,[   0   73  186  305  461  553  614  689  915 1046],-0.031096050079134983,12.478844748626189,6.420436331747741
1884,17,26,0,"[   0    1    7   19   30   66   72   73  186  223  251  372  491  552
  553  689  690  717  745  889  914  915 1018 1019 1029 1030 1041 1042
 1044 1045 1046]",-0.03675414000527487,12.293009535496076,6.1747870620962
1885,17,26,20,"[   0   73  186  223  251  372  491  523  553  689  717  745  889  915
 1018 1046]",-0.03675414000527487,12.293009535496076,6.1747870620962
1886,17,26,40,[   0   73  186  251  372  491  553  717  915 1046],-0.03675414000527487,12.293009535496076,6.1747870620962
1887,17,26,60,[   0   73  186  251  372  491  553  717  915 1046],-0.03675414000527487,12.293009535496076,6.1747870620962
1888,17,27,0,"[   0    1    7   13   14   19   72   73  213  251  259  271  305  505
  506  552  553  572  618  689  815  866  914  915 1005 1018 1019 1029
 1030 1041 1042 1044 1045 1046]",-0.04156701168826641,13.177142066534968,4.512245540705642
1889,17,27,20,[   0   73  213  271  305  506  553  618  689  815  866  914 1005 1046],-0.04156701168826641,13.177142066534968,4.512245540705642
1890,17,27,40,[   0   73  213  305  506  553  618  689  815  866  914 1005 1046],-0.04156701168826641,13.177142066534968,4.512245540705642
1891,17,27,60,[   0   73  213  305  553  618  689  866 1046],-0.04156701168826641,13.177142066534968,4.512245540705642
1892,17,28,0,"[   0    1    7   14   17   66   72   73  251  505  506  531  552  553
  572  618  748  815  866  914  915  932  965 1018 1019 1029 1030 1041
 1042 1044 1045 1046]",-0.036436890222019715,12.937947936002326,4.580148425459294
1893,17,28,20,"[   0   73  251  450  505  531  553  618  689  748  815  866  932  965
 1018 1046]",-0.036436890222019715,12.937947936002326,4.580148425459294
1894,17,28,40,[   0   73  251  450  505  553  618  689  748  815  866  932 1046],-0.036436890222019715,12.937947936002326,4.580148425459294
1895,17,28,60,[   0   73  251  450  553  618  748  815  932 1046],-0.036436890222019715,12.937947936002326,4.580148425459294
1896,17,29,0,"[   0    1    7   14   17   66   72   73  114  271  313  388  461  505
  506  511  552  553  810  866  914  915  932  965 1018 1019 1029 1030
 1039 1041 1042 1044 1045 1046]",-0.047854657911638586,13.062759746586318,4.403175965011855
1897,17,29,20,"[   0   73  114  271  313  388  461  505  553  810  866  932  965 1018
 1046]",-0.047854657911638586,13.062759746586318,4.403175965011855
1898,17,29,40,[   0   73  114  271  313  388  461  505  553  810  866  932 1046],-0.047854657911638586,13.062759746586318,4.403175965011855
1899,17,29,60,[   0  114  313  388  461  553  810  932 1046],-0.047854657911638586,13.062759746586318,4.403175965011855
1900,17,30,0,"[   0    1    7   14   19   20   28   66   72   73  251  505  506  552
  553  572  655  689  715  736  866  914  915 1018 1019 1029 1030 1038
 1041 1042 1044 1045 1046]",-0.044422041480403615,13.160742241733006,4.4949077029175255
1901,17,30,20,[   0   73  251  447  506  553  655  689  715  736  866  914 1018 1046],-0.044422041480403615,13.160742241733006,4.4949077029175255
1902,17,30,40,[   0   73  251  447  506  553  655  736  866  914 1046],-0.044422041480403615,13.160742241733006,4.4949077029175255
1903,17,30,60,[   0   73  251  447  553  655  736  914 1046],-0.044422041480403615,13.160742241733006,4.4949077029175255
1904,17,31,0,"[   0    1    7   19   30   72   73  114  183  186  223  251  263  300
  462  552  553  655  704  736  866  932  965 1018 1019 1022 1029 1030
 1038 1041 1042 1044 1045 1046]",-0.022057175233865987,13.122428276702443,5.294325026761815
1905,17,31,20,"[   0   73  114  186  223  251  300  462  553  655  704  736  866  932
  965 1018 1046]",-0.022057175233865987,13.122428276702443,5.294325026761815
1906,17,31,40,[   0   73  114  186  251  300  462  553  655  736  866  932 1046],-0.022057175233865987,13.122428276702443,5.294325026761815
1907,17,31,60,[   0  114  186  300  462  553  655  736  866  932 1046],-0.022057175233865987,13.122428276702443,5.294325026761815
1908,17,32,0,"[   0    1    7   19   30   66   72   73   85  114  186  223  251  505
  506  552  553  655  689  791  866  914  915  932 1018 1019 1029 1030
 1041 1043 1046]",-0.018249136521979598,12.997882859206614,3.784469808890098
1909,17,32,20,"[   0   85  114  186  223  251  462  506  553  655  689  791  866  932
 1046]",-0.018249136521979598,12.997882859206614,3.784469808890098
1910,17,32,40,[   0   85  186  251  462  506  553  655  791  866  932 1046],-0.018249136521979598,12.997882859206614,3.784469808890098
1911,17,32,60,[   0   85  186  251  553  655  791  866  932 1046],-0.018249136521979598,12.997882859206614,3.784469808890098
1912,17,33,0,"[   0    1    7   13   14   19   72   73  424  447  505  506  511  552
  553  572  655  704  719  782  791  866  914  915  932 1018 1019 1029
 1030 1041 1042 1044 1045 1046]",-0.03835572524405149,13.106344673857132,4.068963924558839
1913,17,33,20,[   0   73  424  447  505  553  655  719  782  866  932 1046],-0.03835572524405149,13.106344673857132,4.068963924558839
1914,17,33,40,[   0   73  424  505  553  655  719  782  866  932 1046],-0.03835572524405149,13.106344673857132,4.068963924558839
1915,17,33,60,[   0   73  424  553  655  719  782  866  932 1046],-0.03835572524405149,13.106344673857132,4.068963924558839
1916,17,34,0,"[   0    1    7   19   72   73  200  223  283  306  411  472  498  505
  506  552  553  618  715  791  866  914  915 1005 1018 1019 1029 1030
 1041 1042 1044 1045 1046]",-0.024612197054454176,13.308216170023936,4.56651481911972
1917,17,34,20,"[   0   73  200  223  283  306  411  472  506  553  618  715  791  866
  914 1005 1046]",-0.024612197054454176,13.308216170023936,4.56651481911972
1918,17,34,40,[   0   73  200  306  411  472  553  618  715  791  866  914 1005 1046],-0.024612197054454176,13.308216170023936,4.56651481911972
1919,17,34,60,[   0   73  200  306  411  472  553  618  715  791  866 1046],-0.024612197054454176,13.308216170023936,4.56651481911972
1920,17,35,0,"[   0    1    7   14   19   31   72   73  210  259  350  505  506  511
  552  553  586  745  768  815  866  914  915 1005 1018 1019 1029 1030
 1034 1041 1042 1044 1045 1046]",-0.026212473157725433,13.567421970351539,4.042788691608487
1921,17,35,20,"[   0   73  210  259  350  505  553  586  745  768  815  866  914 1005
 1046]",-0.026212473157725433,13.567421970351539,4.042788691608487
1922,17,35,40,[   0   73  210  259  350  505  553  768  815  866  914 1005 1046],-0.026212473157725433,13.567421970351539,4.042788691608487
1923,17,35,60,[   0   73  259  350  553  815 1046],-0.026212473157725433,13.567421970351539,4.042788691608487
1924,17,36,0,"[   0    1    7   14   19   31   72   73   77  147  210  259  283  505
  506  552  553  586  768  815  866  914  915 1005 1018 1019 1029 1030
 1041 1042 1044 1045 1046]",-0.018303233935596533,13.823059848368652,3.8165304891526795
1925,17,36,20,"[   0   77  147  210  259  283  505  553  586  768  815  866  914 1005
 1046]",-0.018303233935596533,13.823059848368652,3.8165304891526795
1926,17,36,40,[   0   77  147  210  283  505  553  768  815  866  914 1005 1046],-0.018303233935596533,13.823059848368652,3.8165304891526795
1927,17,36,60,[   0   77  147  210  283  553  815 1046],-0.018303233935596533,13.823059848368652,3.8165304891526795
1928,17,37,0,"[   0    1    7   14   19   31   72   73  147  283  314  447  552  553
  618  668  768  866  908  914  915 1005 1018 1019 1029 1030 1034 1039
 1040 1041 1042 1045 1046]",-0.04690893304812174,13.46367098510707,4.1893606393591805
1929,17,37,20,"[   0   73  147  283  314  447  498  553  618  668  768  866  908 1005
 1046]",-0.04690893304812174,13.46367098510707,4.1893606393591805
1930,17,37,40,[   0   73  147  283  447  498  553  618  668  768  866  908 1005 1046],-0.04690893304812174,13.46367098510707,4.1893606393591805
1931,17,37,60,[   0   73  147  283  447  553  618  768  908 1046],-0.04690893304812174,13.46367098510707,4.1893606393591805
1932,17,38,0,"[   0    1    7   14   19   25   72   73  314  498  505  506  552  553
  586  618  768  866  899  914  915 1012 1018 1019 1022 1029 1030 1034
 1038 1042 1044 1046]",-0.04362489128753089,13.45233881052783,4.354636437164799
1933,17,38,20,[   0   73  314  506  553  586  618  768  866  899 1012 1046],-0.04362489128753089,13.45233881052783,4.354636437164799
1934,17,38,40,[   0   73  314  506  553  618  768  899 1046],-0.04362489128753089,13.45233881052783,4.354636437164799
1935,17,38,60,[   0   73  314  553  618  768  899 1046],-0.04362489128753089,13.45233881052783,4.354636437164799
1936,17,39,0,"[   0    1    7   19   20   30   72   73  283  505  506  552  553  618
  768  815  866  914  915 1018 1019 1029 1030 1041 1042 1044 1046]",-0.03392780353167576,13.619804824217589,4.027691340964751
1937,17,39,20,[   0   73  283  447  506  553  618  768  815  866  915 1018 1046],-0.03392780353167576,13.619804824217589,4.027691340964751
1938,17,39,40,[   0   73  283  447  506  553  618  768  815  866  915 1046],-0.03392780353167576,13.619804824217589,4.027691340964751
1939,17,39,60,[   0   73  283  447  553  618  866 1046],-0.03392780353167576,13.619804824217589,4.027691340964751
1940,17,40,0,"[   0    1    7   19   26   30   65   72   73   85  511  552  553  568
  618  654  730  768  815  866  899  914  915 1018 1019 1029 1030 1034
 1041 1042 1044 1046]",-0.03828218999003625,13.427016080983321,4.256914467872436
1941,17,40,20,[   0   85  511  553  618  654  730  768  815  866  915 1018 1046],-0.03828218999003625,13.427016080983321,4.256914467872436
1942,17,40,40,[   0   85  511  553  618  768  815  866  915 1046],-0.03828218999003625,13.427016080983321,4.256914467872436
1943,17,40,60,[   0   85  553  618  866 1046],-0.03828218999003625,13.427016080983321,4.256914467872436
1944,17,41,0,"[   0    1    2   12   19   20   30   72   73  101  349  438  511  552
  553  568  618  704  768  815  866  972 1018 1019 1029 1030 1037 1041
 1042 1044 1045 1046]",-0.035993912374861985,13.73925402728271,5.093766640913876
1945,17,41,20,"[   0   72  101  349  438  511  553  618  704  768  815  866  972 1018
 1046]",-0.035993912374861985,13.73925402728271,5.093766640913876
1946,17,41,40,[   0  101  349  438  511  553  618  704  768  815  866  972 1046],-0.035993912374861985,13.73925402728271,5.093766640913876
1947,17,41,60,[   0  101  349  438  553  618  704  866  972 1046],-0.035993912374861985,13.73925402728271,5.093766640913876
1948,17,42,0,"[   0    2    4   12   14   19   72   73  423  511  552  553  568  618
  752  768  815  864  866  914  915  932 1018 1019 1029 1030 1037 1041
 1042 1044 1045 1046]",-0.04740331927152551,13.304464041070398,4.320918871677003
1949,17,42,20,[   0   73  423  511  553  618  768  815  864  932 1046],-0.04740331927152551,13.304464041070398,4.320918871677003
1950,17,42,40,[   0   73  423  511  553  618  768  815  864  932 1046],-0.04740331927152551,13.304464041070398,4.320918871677003
1951,17,42,60,[   0   73  423  553  618  815  932 1046],-0.04740331927152551,13.304464041070398,4.320918871677003
1952,17,43,0,"[   0    1    7   12   19   26   30   72   73  204  210  259  411  423
  472  552  553  568  618  768  866  899  915  945 1018 1019 1029 1030
 1034 1041 1042 1043 1044 1046]",-0.028450517751070232,13.45015896385943,5.491548172067217
1953,17,43,20,[   0   73  204  259  423  472  568  618  768  866  915  945 1046],-0.028450517751070232,13.45015896385943,5.491548172067217
1954,17,43,40,[   0   73  204  259  423  472  568  618  768  866  945 1046],-0.028450517751070232,13.45015896385943,5.491548172067217
1955,17,43,60,[   0   73  259  423  568  768  866  945 1046],-0.028450517751070232,13.45015896385943,5.491548172067217
1956,17,44,0,"[   0    1    7   12   14   19   26   35   72   73   85  147  184  283
  493  505  506  511  552  553  782  815  866  985 1018 1019 1029 1030
 1034 1039 1042 1044 1045 1046]",-0.007294623659145373,13.932041301142442,3.640648817204902
1957,17,44,20,[   0   85  147  184  283  505  553  782  815  866  985 1018 1046],-0.007294623659145373,13.932041301142442,3.640648817204902
1958,17,44,40,[   0   85  147  283  505  553  782  866  985 1046],-0.007294623659145373,13.932041301142442,3.640648817204902
1959,17,44,60,[   0   85  147  283  553  782  866  985 1046],-0.007294623659145373,13.932041301142442,3.640648817204902
1960,17,45,0,"[   0    1    7   12   13   19   20   72   73   77  147  283  423  498
  552  553  618  654  752  782  815  866  899 1018 1019 1029 1030 1034
 1039 1042 1044 1045 1046]",-0.0356048179571194,13.744639026758826,4.854654974090316
1961,17,45,20,"[   0   77  147  283  423  498  553  618  654  752  782  815  866  899
 1018 1046]",-0.0356048179571194,13.744639026758826,4.854654974090316
1962,17,45,40,[   0   77  147  283  423  498  553  618  782  899 1046],-0.0356048179571194,13.744639026758826,4.854654974090316
1963,17,45,60,[   0   77  147  283  423  553  618  782  899 1046],-0.0356048179571194,13.744639026758826,4.854654974090316
1964,17,46,0,"[   0    1    2    4    7   14   19   26   72   73   74   85  101  498
  552  553  618  654  752  782  815  866  899 1018 1019 1029 1030 1039
 1042 1043 1044 1045 1046]",-0.032403316865468886,14.03548911183351,4.66222431313135
1965,17,46,20,[   0   85  498  553  618  654  752  782  815  866  899 1018 1046],-0.032403316865468886,14.03548911183351,4.66222431313135
1966,17,46,40,[   0   85  498  553  618  782  899 1046],-0.032403316865468886,14.03548911183351,4.66222431313135
1967,17,46,60,[   0   85  553  618  782  899 1046],-0.032403316865468886,14.03548911183351,4.66222431313135
1968,17,47,0,"[   0    1    4   12   19   21   72   73  322  327  383  423  519  552
  553  654  704  768  815  866  932 1018 1019 1029 1030 1039 1040 1042
 1044 1045 1046]",-0.016848165337706035,13.890028031321728,4.500111146310958
1969,17,47,20,[   0   73  327  383  423  519  553  654  704  768  815  866  932 1046],-0.016848165337706035,13.890028031321728,4.500111146310958
1970,17,47,40,[   0   73  327  423  553  654  704  768  815  866  932 1046],-0.016848165337706035,13.890028031321728,4.500111146310958
1971,17,47,60,[   0   73  327  423  553  654  815  932 1046],-0.016848165337706035,13.890028031321728,4.500111146310958
1972,17,48,0,"[   0    1    2   12   19   20   21   30   72   73  552  553  559  563
  586  654  704  768  815  866  932 1018 1019 1029 1030 1039 1040 1041
 1042 1044 1045 1046]",-0.028311324209999638,14.214315702851385,4.24906900254268
1973,17,48,20,[   0   73  559  586  654  704  768  815  866  932 1046],-0.028311324209999638,14.214315702851385,4.24906900254268
1974,17,48,40,[   0   73  559  654  704  768  815  866  932 1046],-0.028311324209999638,14.214315702851385,4.24906900254268
1975,17,48,60,[   0   73  559  654  815  932 1046],-0.028311324209999638,14.214315702851385,4.24906900254268
1976,17,49,0,"[   0    1    7   12   14   19   26   31   72   73   85  147  283  403
  423  552  553  654  740  752  768  932 1018 1019 1029 1030 1039 1040
 1042 1044 1045 1046]",-0.0206304425163668,14.223751954209988,3.782506751953008
1977,17,49,20,[   0   85  147  283  423  553  654  740  768  932 1046],-0.0206304425163668,14.223751954209988,3.782506751953008
1978,17,49,40,[   0   85  147  283  423  553  654  740  932 1046],-0.0206304425163668,14.223751954209988,3.782506751953008
1979,17,49,60,[   0   85  147  283  423  553  654  740  932 1046],-0.0206304425163668,14.223751954209988,3.782506751953008
1980,17,50,0,"[   0    1    7   12   14   19   21   26   72   73  147  283  423  552
  553  559  614  768  815  866 1018 1019 1029 1030 1037 1038 1039 1040
 1041 1042 1044 1045 1046]",-0.02292590517148635,14.526647199586996,3.803650686636047
1981,17,50,20,[   0   73  147  283  423  559  614  768  815  866 1018 1046],-0.02292590517148635,14.526647199586996,3.803650686636047
1982,17,50,40,[   0   73  147  283  423  559  614  768  815  866 1046],-0.02292590517148635,14.526647199586996,3.803650686636047
1983,17,50,60,[   0   73  147  283  423  614  866 1046],-0.02292590517148635,14.526647199586996,3.803650686636047
1984,18,20,0,"[   0    1    7   19   30   66   72   73   85  186  193  237  283  318
  365  383  386  397  433  490  520  552  553  614  661  736  932  965
 1018 1019 1029 1030 1042 1044 1046]",-0.04661766873250095,10.629054822482725,5.692076063520866
1985,18,20,20,"[   0   85  193  237  283  318  365  386  433  490  520  553  614  661
  736  932  965 1018 1046]",-0.04661766873250095,10.629054822482725,5.692076063520866
1986,18,20,40,[   0   85  193  237  283  365  433  553  614  661  736  932 1046],-0.04661766873250095,10.629054822482725,5.692076063520866
1987,18,20,60,[   0   85  193  283  365  433  553  614  736  932 1046],-0.04661766873250095,10.629054822482725,5.692076063520866
1988,18,21,0,"[   0    1    7   19   30   72   73  147  181  186  193  223  283  318
  365  383  386  397  440  490  552  553  614  663  689  932  965 1018
 1019 1029 1030 1038 1041 1042 1044 1046]",-0.05350619246542933,11.003627884362064,6.126321433361464
1989,18,21,20,"[   0   73  147  186  223  283  318  365  386  440  490  553  614  663
  689  932  965 1018 1046]",-0.05350619246542933,11.003627884362064,6.126321433361464
1990,18,21,40,[   0   73  147  283  365  440  490  553  614  689  932 1046],-0.05350619246542933,11.003627884362064,6.126321433361464
1991,18,21,60,[   0   73  147  283  365  440  553  614  689  932 1046],-0.05350619246542933,11.003627884362064,6.126321433361464
1992,18,22,0,"[   0    1    7   19   30   66   72   73   85  186  223  271  283  305
  318  505  506  552  553  679  680  689  774  840  914  915  990 1018
 1019 1029 1030 1044 1046]",-0.023385090158126016,11.541349916853942,4.950538964096524
1993,18,22,20,"[   0   85  186  223  251  283  305  506  553  689  774  840  914  990
 1046]",-0.023385090158126016,11.541349916853942,4.950538964096524
1994,18,22,40,[   0   85  186  251  305  506  553  689  774  840  914  990 1046],-0.023385090158126016,11.541349916853942,4.950538964096524
1995,18,22,60,[   0   85  186  305  553  689  774  840  914 1046],-0.023385090158126016,11.541349916853942,4.950538964096524
1996,18,23,0,"[   0    1    7   13   30   66   72   73   85  186  223  251  283  318
  395  433  505  506  552  553  584  614  637  661  876  914  915 1018
 1019 1029 1030 1041 1042 1044 1046]",-0.02395069829823549,11.40056864032806,6.164033694953774
1997,18,23,20,"[   0   30   85  186  223  251  283  318  395  433  506  553  584  614
  637  661  876  914 1018 1046]",-0.02395069829823549,11.40056864032806,6.164033694953774
1998,18,23,40,[   0   85  186  283  395  506  553  637  914 1046],-0.02395069829823549,11.40056864032806,6.164033694953774
1999,18,23,60,[   0   85  186  283  395  553  637  914 1046],-0.02395069829823549,11.40056864032806,6.164033694953774
2000,18,24,0,"[   0    1    7   19   30   66   72   73   85  186  213  223  239  251
  463  545  552  553  614  661  736  790  821  855  860  876  914  915
 1018 1019 1029 1030 1041 1042 1045 1046]",-0.023317921442054686,11.2736684718018,6.576227614112757
2001,18,24,20,"[   0   85  186  239  463  553  614  661  736  790  821  860  914 1018
 1046]",-0.023317921442054686,11.2736684718018,6.576227614112757
2002,18,24,40,[   0   85  186  239  463  553  614  661  736  821  914 1046],-0.023317921442054686,11.2736684718018,6.576227614112757
2003,18,24,60,[   0   85  186  463  553  614  736  821  914 1046],-0.023317921442054686,11.2736684718018,6.576227614112757
2004,18,25,0,"[   0    1    7   19   31   72   73  186  223  251  271  305  461  505
  506  552  553  614  661  689  887  894  914  915 1018 1019 1029 1030
 1041 1042 1044 1045 1046]",-0.03073989190853576,12.007683843839438,6.0970270194558545
2005,18,25,20,"[   0   73  186  223  271  305  461  506  553  614  661  689  887  915
 1018 1046]",-0.03073989190853576,12.007683843839438,6.0970270194558545
2006,18,25,40,[   0   73  186  305  461  506  553  614  689  915 1046],-0.03073989190853576,12.007683843839438,6.0970270194558545
2007,18,25,60,[   0   73  186  305  461  553  614  689  915 1046],-0.03073989190853576,12.007683843839438,6.0970270194558545
2008,18,26,0,"[   0    1    7   19   30   66   72   73  186  223  251  372  491  505
  506  523  552  553  689  690  717  745  889  914  915 1018 1019 1029
 1030 1041 1042 1044 1045 1046]",-0.03641117384658516,11.828842421607812,5.860687933925146
2009,18,26,20,"[   0   73  186  223  251  372  506  553  689  717  745  889  915 1018
 1046]",-0.03641117384658516,11.828842421607812,5.860687933925146
2010,18,26,40,[   0   73  186  251  372  506  553  717  915 1046],-0.03641117384658516,11.828842421607812,5.860687933925146
2011,18,26,60,[   0   73  186  251  372  553  717  915 1046],-0.03641117384658516,11.828842421607812,5.860687933925146
2012,18,27,0,"[   0    1    7   13   14   19   72   73  213  223  251  259  271  283
  305  505  506  552  553  572  618  689  815  866  914  915 1005 1018
 1019 1029 1030 1041 1042 1044 1045 1046]",-0.04097022470504905,12.645687393994024,4.435821482161122
2013,18,27,20,"[   0   73  213  251  283  305  506  553  618  689  815  866  914 1005
 1046]",-0.04097022470504905,12.645687393994024,4.435821482161122
2014,18,27,40,[   0   73  251  305  506  553  618  689  815  866  914 1005 1046],-0.04097022470504905,12.645687393994024,4.435821482161122
2015,18,27,60,[   0   73  305  553  618  689  866 1046],-0.04097022470504905,12.645687393994024,4.435821482161122
2016,18,28,0,"[   0    1    7   14   17   66   72   73  251  450  505  506  531  552
  553  572  586  618  689  703  748  815  866  914  915  932  965 1018
 1019 1029 1030 1041 1042 1044 1045 1046]",-0.03598171219169589,12.435497439778416,4.501952618150188
2017,18,28,20,"[   0   73  251  450  505  531  553  618  703  748  815  866  932  965
 1018 1046]",-0.03598171219169589,12.435497439778416,4.501952618150188
2018,18,28,40,[   0   73  251  450  505  553  618  703  748  815  866  932 1046],-0.03598171219169589,12.435497439778416,4.501952618150188
2019,18,28,60,[   0   73  251  450  553  618  748  815  932 1046],-0.03598171219169589,12.435497439778416,4.501952618150188
2020,18,29,0,"[   0    1    7   14   17   66   72   73  114  271  313  388  461  505
  506  511  552  553  679  680  810  866  914  915  932  965 1018 1019
 1029 1030 1039 1041 1042 1044 1045 1046]",-0.047397042616441266,12.537888093292912,4.196302055203908
2021,18,29,20,"[   0   73  114  271  313  388  461  505  553  679  810  866  932  965
 1018 1046]",-0.047397042616441266,12.537888093292912,4.196302055203908
2022,18,29,40,[   0   73  114  271  313  388  461  505  553  679  810  866  932 1046],-0.047397042616441266,12.537888093292912,4.196302055203908
2023,18,29,60,[   0  114  313  388  461  553  679  810  932 1046],-0.047397042616441266,12.537888093292912,4.196302055203908
2024,18,30,0,"[   0    1    7   14   19   20   28   66   72   73  251  505  506  552
  553  572  655  689  715  736  782  866  914  915 1018 1019 1027 1029
 1030 1038 1041 1042 1044 1045 1046]",-0.047238634601800986,12.64186302050159,4.690066287528805
2025,18,30,20,"[   0   73  251  447  506  553  655  689  715  736  782  866  914 1018
 1046]",-0.047238634601800986,12.64186302050159,4.690066287528805
2026,18,30,40,[   0   73  251  447  506  553  655  736  782  866  914 1046],-0.047238634601800986,12.64186302050159,4.690066287528805
2027,18,30,60,[   0   73  251  447  553  655  782  866 1046],-0.047238634601800986,12.64186302050159,4.690066287528805
2028,18,31,0,"[   0    1    7   19   30   72   73  114  183  186  223  251  263  300
  462  552  553  655  704  736  866  914  915  932  965 1018 1019 1022
 1029 1030 1038 1041 1042 1044 1045 1046]",-0.021650322345567224,12.62147459603217,5.028028697928104
2029,18,31,20,"[   0   73  114  186  223  251  300  462  553  655  704  736  866  932
  965 1018 1046]",-0.021650322345567224,12.62147459603217,5.028028697928104
2030,18,31,40,[   0   73  114  186  251  300  462  553  655  736  866  932 1046],-0.021650322345567224,12.62147459603217,5.028028697928104
2031,18,31,60,[   0  114  186  300  462  553  655  736  866  932 1046],-0.021650322345567224,12.62147459603217,5.028028697928104
2032,18,32,0,"[   0    1    7   19   30   66   72   73   85  114  186  223  251  350
  462  505  506  552  553  655  689  715  791  866  914  915  932 1018
 1019 1029 1030 1041 1043 1044 1046]",-0.018593118857038838,12.50517389087956,3.9542278963188378
2033,18,32,20,"[   0   85  114  186  223  251  350  462  506  553  655  689  715  791
  866  932 1046]",-0.018593118857038838,12.50517389087956,3.9542278963188378
2034,18,32,40,[   0   85  186  350  462  506  553  655  715  791  866  932 1046],-0.018593118857038838,12.50517389087956,3.9542278963188378
2035,18,32,60,[   0   85  186  350  462  553  715  791  866  932 1046],-0.018593118857038838,12.50517389087956,3.9542278963188378
2036,18,33,0,"[   0    1    7   13   14   19   66   72   73   85  424  447  505  506
  511  552  553  572  655  704  719  782  791  866  914  915  932 1018
 1019 1029 1030 1041 1042 1044 1045 1046]",-0.03791587353952534,12.59257379663161,3.982657036874142
2037,18,33,20,[   0   85  424  447  505  553  655  719  782  866  932 1046],-0.03791587353952534,12.59257379663161,3.982657036874142
2038,18,33,40,[   0   85  424  505  553  655  719  782  866  932 1046],-0.03791587353952534,12.59257379663161,3.982657036874142
2039,18,33,60,[   0   85  424  553  655  719  782  866  932 1046],-0.03791587353952534,12.59257379663161,3.982657036874142
2040,18,34,0,"[   0    1    7   19   66   72   73   85  200  223  283  306  411  472
  498  505  506  552  553  618  715  791  866  914  915 1005 1018 1019
 1029 1030 1041 1042 1044 1045 1046]",-0.024083899436143637,12.790002308708186,4.439023365450913
2041,18,34,20,"[   0   85  200  223  283  306  411  472  506  553  618  715  791  866
  914 1005 1046]",-0.024083899436143637,12.790002308708186,4.439023365450913
2042,18,34,40,[   0   85  200  306  411  472  553  618  715  791  866  914 1005 1046],-0.024083899436143637,12.790002308708186,4.439023365450913
2043,18,34,60,[   0   85  200  306  411  472  553  618  715  791  866 1046],-0.024083899436143637,12.790002308708186,4.439023365450913
2044,18,35,0,"[   0    1    7   14   19   31   72   73  147  210  259  283  350  505
  506  511  552  553  586  745  768  815  866  914  915 1005 1018 1019
 1029 1030 1034 1041 1042 1044 1045 1046]",-0.025672993677351933,13.038061064465568,4.018050914017249
2045,18,35,20,"[   0   73  147  210  259  283  350  505  553  586  745  768  815  866
  914 1005 1046]",-0.025672993677351933,13.038061064465568,4.018050914017249
2046,18,35,40,[   0   73  147  210  283  350  505  553  768  815  866  914 1005 1046],-0.025672993677351933,13.038061064465568,4.018050914017249
2047,18,35,60,[   0   73  147  210  283  350  553  815 1046],-0.025672993677351933,13.038061064465568,4.018050914017249
2048,18,36,0,"[   0    1    7   14   19   31   72   73   77  147  210  259  283  438
  505  506  552  553  586  768  815  866  908  914  915 1005 1018 1019
 1029 1030 1041 1042 1044 1045 1046]",-0.021879728790830964,13.283075494291442,4.088997971954524
2049,18,36,20,"[   0   77  147  210  259  283  438  505  553  586  768  815  866  908
 1005 1046]",-0.021879728790830964,13.283075494291442,4.088997971954524
2050,18,36,40,[   0   77  147  210  283  438  505  553  768  815  866  908 1005 1046],-0.021879728790830964,13.283075494291442,4.088997971954524
2051,18,36,60,[   0   77  147  210  283  438  553  815  908 1046],-0.021879728790830964,13.283075494291442,4.088997971954524
2052,18,37,0,"[   0    1    7   14   19   31   72   73  147  283  314  447  498  505
  506  552  553  618  668  768  866  908  914  915 1005 1018 1019 1029
 1030 1034 1039 1040 1041 1042 1045 1046]",-0.046516636832930794,12.942269196726299,3.986759820555049
2053,18,37,20,"[   0   73  147  283  314  447  506  553  618  668  768  866  908 1005
 1046]",-0.046516636832930794,12.942269196726299,3.986759820555049
2054,18,37,40,[   0   73  147  283  447  506  553  618  668  768  866  908 1005 1046],-0.046516636832930794,12.942269196726299,3.986759820555049
2055,18,37,60,[   0   73  147  283  447  553  618  768  908 1046],-0.046516636832930794,12.942269196726299,3.986759820555049
2056,18,38,0,"[   0    1    7   14   19   25   66   72   73   85  314  498  505  506
  539  552  553  586  618  768  866  899  914  915 1012 1018 1019 1022
 1029 1030 1034 1038 1042 1044 1046]",-0.04322340571658741,12.91769038708408,4.2543656603841535
2057,18,38,20,[   0   85  314  506  553  586  618  768  866  899 1012 1046],-0.04322340571658741,12.91769038708408,4.2543656603841535
2058,18,38,40,[   0   85  314  506  553  618  768  899 1046],-0.04322340571658741,12.91769038708408,4.2543656603841535
2059,18,38,60,[   0   85  314  553  618  768  899 1046],-0.04322340571658741,12.91769038708408,4.2543656603841535
2060,18,39,0,"[   0    1    7   19   20   30   66   72   73   85  283  447  498  505
  506  552  553  618  768  815  866  899  914  915 1018 1019 1029 1030
 1034 1041 1042 1044 1046]",-0.033457944089442575,13.087834703666507,3.9444497805424543
2061,18,39,20,[   0   85  283  447  506  553  618  768  815  866  915 1018 1046],-0.033457944089442575,13.087834703666507,3.9444497805424543
2062,18,39,40,[   0   85  283  447  506  553  618  768  815  866  915 1046],-0.033457944089442575,13.087834703666507,3.9444497805424543
2063,18,39,60,[   0   85  283  447  553  618  866 1046],-0.033457944089442575,13.087834703666507,3.9444497805424543
2064,18,40,0,"[   0    1    7   19   26   30   65   72   73   85  505  506  511  552
  553  568  618  654  730  768  815  866  899  914  915 1018 1019 1029
 1030 1034 1041 1042 1044 1046]",-0.03787050689893283,12.909414687778442,4.052937783083423
2065,18,40,20,[   0   85  505  553  618  654  730  768  815  866  915 1018 1046],-0.03787050689893283,12.909414687778442,4.052937783083423
2066,18,40,40,[   0   85  505  553  618  768  815  866  915 1046],-0.03787050689893283,12.909414687778442,4.052937783083423
2067,18,40,60,[   0   85  553  618  866 1046],-0.03787050689893283,12.909414687778442,4.052937783083423
2068,18,41,0,"[   0    1    2   12   19   20   30   72   73  101  349  438  511  552
  553  568  618  704  768  815  866  914  915  972 1018 1019 1029 1030
 1037 1041 1042 1044 1045 1046]",-0.03559298578669167,13.209083069810758,4.836155858292947
2069,18,41,20,"[   0   72  101  349  438  511  553  618  704  768  815  866  914  972
 1018 1046]",-0.03559298578669167,13.209083069810758,4.836155858292947
2070,18,41,40,[   0  101  349  438  511  553  618  704  768  815  866  914  972 1046],-0.03559298578669167,13.209083069810758,4.836155858292947
2071,18,41,60,[   0  101  349  438  553  618  704  866  972 1046],-0.03559298578669167,13.209083069810758,4.836155858292947
2072,18,42,0,"[   0    2    4   12   14   19   72   73  423  511  552  553  568  604
  618  654  752  768  815  864  866  914  915  932 1018 1019 1029 1030
 1037 1041 1042 1044 1045 1046]",-0.04679102093019095,12.719843990465915,4.528780465184649
2073,18,42,20,[   0   73  423  511  553  618  654  768  815  864  932 1046],-0.04679102093019095,12.719843990465915,4.528780465184649
2074,18,42,40,[   0   73  423  511  553  618  768  815  864  932 1046],-0.04679102093019095,12.719843990465915,4.528780465184649
2075,18,42,60,[   0   73  423  553  618  815  932 1046],-0.04679102093019095,12.719843990465915,4.528780465184649
2076,18,43,0,"[   0    1    7   12   19   26   30   72   73  204  210  259  411  423
  472  511  552  553  568  618  768  815  866  899  915  945 1018 1019
 1029 1030 1034 1041 1042 1043 1044 1046]",-0.027637434237956317,12.9484618933688,5.468006217025992
2077,18,43,20,"[   0   73  204  259  423  472  511  553  618  768  815  866  915  945
 1046]",-0.027637434237956317,12.9484618933688,5.468006217025992
2078,18,43,40,[   0   73  204  259  423  472  553  618  768  815  866  945 1046],-0.027637434237956317,12.9484618933688,5.468006217025992
2079,18,43,60,[   0   73  259  423  553  618  815  945 1046],-0.027637434237956317,12.9484618933688,5.468006217025992
2080,18,44,0,"[   0    1    7   12   14   19   26   35   72   73   85  147  184  283
  493  505  506  511  552  553  782  815  866  914  915  985 1018 1019
 1029 1030 1034 1039 1042 1044 1045 1046]",-0.006870295021640352,13.383276230910361,3.47014158479496
2081,18,44,20,[   0   85  147  184  283  505  553  782  815  866  914  985 1018 1046],-0.006870295021640352,13.383276230910361,3.47014158479496
2082,18,44,40,[   0   85  147  283  505  553  782  866  914  985 1046],-0.006870295021640352,13.383276230910361,3.47014158479496
2083,18,44,60,[   0   85  147  283  553  782  866  985 1046],-0.006870295021640352,13.383276230910361,3.47014158479496
2084,18,45,0,"[   0    1    7   12   13   19   20   26   72   73   77   85  147  283
  423  498  552  553  618  654  752  782  815  866  899 1018 1019 1029
 1030 1034 1039 1042 1044 1045 1046]",-0.03487651559848387,13.252760614321238,4.727641227894192
2085,18,45,20,"[   0   85  147  283  423  498  553  618  654  752  782  815  866  899
 1018 1046]",-0.03487651559848387,13.252760614321238,4.727641227894192
2086,18,45,40,[   0   85  147  283  423  498  553  618  782  899 1046],-0.03487651559848387,13.252760614321238,4.727641227894192
2087,18,45,60,[   0   85  147  283  423  553  618  782  899 1046],-0.03487651559848387,13.252760614321238,4.727641227894192
2088,18,46,0,"[   0    1    2    4    7   14   19   26   72   73   74   85  101  498
  552  553  618  654  661  752  782  815  866  899 1018 1019 1027 1029
 1030 1039 1042 1043 1044 1045 1046]",-0.03115962358531025,13.498394552235125,4.632524932742257
2089,18,46,20,[   0   85  498  553  618  661  752  782  815  866  899 1018 1046],-0.03115962358531025,13.498394552235125,4.632524932742257
2090,18,46,40,[   0   85  498  553  618  661  782  899 1046],-0.03115962358531025,13.498394552235125,4.632524932742257
2091,18,46,60,[   0   85  553  618  782  899 1046],-0.03115962358531025,13.498394552235125,4.632524932742257
2092,18,47,0,"[   0    1    4   12   19   21   72   73  147  283  322  327  383  423
  519  552  553  654  704  768  815  866  932 1018 1019 1029 1030 1039
 1040 1042 1044 1045 1046]",-0.015964554539937923,13.383808492654888,4.396754509537647
2093,18,47,20,"[   0   73  147  283  327  383  423  519  553  654  704  768  815  866
  932 1046]",-0.015964554539937923,13.383808492654888,4.396754509537647
2094,18,47,40,[   0   73  147  283  327  423  553  654  704  768  815  866  932 1046],-0.015964554539937923,13.383808492654888,4.396754509537647
2095,18,47,60,[   0   73  147  327  423  553  654  815  932 1046],-0.015964554539937923,13.383808492654888,4.396754509537647
2096,18,48,0,"[   0    1    2   12   19   20   21   30   72   73  552  553  559  563
  586  654  704  768  815  866  914  915  932 1018 1019 1029 1030 1039
 1040 1041 1042 1044 1045 1046]",-0.027762393155599436,13.655381797673833,4.042124471353207
2097,18,48,20,[   0   73  559  586  654  704  768  815  866  932 1046],-0.027762393155599436,13.655381797673833,4.042124471353207
2098,18,48,40,[   0   73  559  654  704  768  815  866  932 1046],-0.027762393155599436,13.655381797673833,4.042124471353207
2099,18,48,60,[   0   73  559  654  815  932 1046],-0.027762393155599436,13.655381797673833,4.042124471353207
2100,18,49,0,"[   0    1    7   12   14   19   26   31   72   73   85  147  283  403
  423  552  553  654  740  752  768  914  915  932 1018 1019 1029 1030
 1039 1040 1042 1044 1045 1046]",-0.020087255153505852,13.663782558770851,3.602789144781199
2101,18,49,20,[   0   85  147  283  423  553  654  740  768  932 1046],-0.020087255153505852,13.663782558770851,3.602789144781199
2102,18,49,40,[   0   85  147  283  423  553  654  740  932 1046],-0.020087255153505852,13.663782558770851,3.602789144781199
2103,18,49,60,[   0   85  147  283  423  553  654  740  932 1046],-0.020087255153505852,13.663782558770851,3.602789144781199
2104,18,50,0,"[   0    1    7   12   14   19   21   26   72   73  147  283  423  552
  553  559  614  768  815  866  914  915 1018 1019 1029 1030 1037 1038
 1039 1040 1041 1042 1044 1045 1046]",-0.022420001203658037,13.951869405278496,3.6218667810875655
2105,18,50,20,[   0   73  147  283  423  559  614  768  815  866  914 1018 1046],-0.022420001203658037,13.951869405278496,3.6218667810875655
2106,18,50,40,[   0   73  147  283  423  559  614  768  815  866  914 1046],-0.022420001203658037,13.951869405278496,3.6218667810875655
2107,18,50,60,[   0   73  147  283  423  614  866 1046],-0.022420001203658037,13.951869405278496,3.6218667810875655
2108,19,20,0,"[   0    1    7   19   30   66   72   73   85  186  193  237  283  318
  365  383  386  397  433  490  505  506  520  552  553  614  661  736
  932  965 1018 1019 1029 1030 1044 1046]",-0.04621414604660873,10.28418588743305,5.420353938924484
2109,19,20,20,"[   0   85  193  237  283  318  365  386  433  506  553  614  661  736
  932  965 1018 1046]",-0.04621414604660873,10.28418588743305,5.420353938924484
2110,19,20,40,[   0   85  193  237  283  365  433  506  553  614  661  736  932 1046],-0.04621414604660873,10.28418588743305,5.420353938924484
2111,19,20,60,[   0   85  193  283  365  433  553  614  736  932 1046],-0.04621414604660873,10.28418588743305,5.420353938924484
2112,19,21,0,"[   0    1    7   19   30   66   72   73   85  147  181  186  193  223
  283  318  365  383  386  397  440  490  552  553  614  663  689  932
  965 1018 1019 1029 1030 1038 1041 1042 1044 1046]",-0.052896228803341834,10.652322325555788,5.950340979653948
2113,19,21,20,"[   0   85  147  186  223  283  318  365  386  440  490  553  614  663
  689  932  965 1018 1046]",-0.052896228803341834,10.652322325555788,5.950340979653948
2114,19,21,40,[   0   85  147  283  365  440  490  553  614  689  932 1046],-0.052896228803341834,10.652322325555788,5.950340979653948
2115,19,21,60,[   0   85  147  283  365  440  553  614  689  932 1046],-0.052896228803341834,10.652322325555788,5.950340979653948
2116,19,22,0,"[   0    1    7   19   30   66   72   73   85  186  223  251  271  283
  305  318  505  506  552  553  679  680  689  774  840  874  914  915
  990 1018 1019 1029 1030 1041 1042 1044 1046]",-0.03863403199454013,11.113780965416735,4.9645169239084455
2117,19,22,20,"[   0   85  186  223  251  283  305  506  553  689  774  840  874  914
  990 1046]",-0.03863403199454013,11.113780965416735,4.9645169239084455
2118,19,22,40,[   0   85  186  251  305  506  553  689  774  874  990 1046],-0.03863403199454013,11.113780965416735,4.9645169239084455
2119,19,22,60,[   0   85  186  305  553  689  774  874 1046],-0.03863403199454013,11.113780965416735,4.9645169239084455
2120,19,23,0,"[   0    1    7   13   30   66   72   73   85  111  186  223  251  276
  283  318  395  433  505  506  552  553  584  614  637  661  876  914
  915 1018 1019 1029 1030 1041 1042 1044 1046]",-0.046239274396154335,10.933222448007283,5.933129184139395
2121,19,23,20,"[   0   30   85  111  186  223  251  283  318  395  433  506  553  584
  614  637  661  876  914 1018 1046]",-0.046239274396154335,10.933222448007283,5.933129184139395
2122,19,23,40,[   0   85  186  283  395  506  553  637  914 1046],-0.046239274396154335,10.933222448007283,5.933129184139395
2123,19,23,60,[   0   85  186  283  395  553  637  914 1046],-0.046239274396154335,10.933222448007283,5.933129184139395
2124,19,24,0,"[   0    1    7   19   30   66   72   73   85  186  213  223  239  251
  372  461  463  545  552  553  614  661  736  790  821  855  860  876
  914  915 1018 1019 1029 1030 1041 1042 1045 1046]",-0.022937056552584226,10.838175131760552,6.55335035857519
2125,19,24,20,"[   0   85  186  223  372  461  553  614  661  736  790  821  860  914
 1018 1046]",-0.022937056552584226,10.838175131760552,6.55335035857519
2126,19,24,40,[   0   85  186  372  461  553  614  661  736  821  914 1046],-0.022937056552584226,10.838175131760552,6.55335035857519
2127,19,24,60,[   0   85  186  372  461  553  614  736  821  914 1046],-0.022937056552584226,10.838175131760552,6.55335035857519
2128,19,25,0,"[   0    1    7   12   19   31   72   73  186  213  223  251  271  305
  461  505  506  539  552  553  614  661  689  718  887  894  914  915
 1005 1018 1019 1029 1030 1041 1042 1044 1045 1046]",-0.02962091168642166,11.568124078092296,6.003156829721508
2129,19,25,20,"[   0   73  186  223  271  305  461  506  553  614  661  689  718  887
  915 1005 1046]",-0.02962091168642166,11.568124078092296,6.003156829721508
2130,19,25,40,[   0   73  186  305  461  506  553  614  661  718  887 1005 1046],-0.02962091168642166,11.568124078092296,6.003156829721508
2131,19,25,60,[   0   73  186  305  461  553  718  887 1046],-0.02962091168642166,11.568124078092296,6.003156829721508
2132,19,26,0,"[   0    1    7   19   30   66   72   73  186  223  248  251  271  283
  372  491  505  506  523  552  553  689  690  717  745  889  914  915
 1018 1019 1029 1030 1041 1042 1044 1045 1046]",-0.0358433474533355,11.398924647958475,5.685938425768825
2133,19,26,20,"[   0   73  186  223  251  283  372  506  553  689  717  745  889  915
 1018 1046]",-0.0358433474533355,11.398924647958475,5.685938425768825
2134,19,26,40,[   0   73  223  283  372  506  553  717  915 1046],-0.0358433474533355,11.398924647958475,5.685938425768825
2135,19,26,60,[   0   73  283  372  553  717  915 1046],-0.0358433474533355,11.398924647958475,5.685938425768825
2136,19,27,0,"[   0    1    7   13   14   19   72   73  213  223  251  259  271  283
  305  505  506  552  553  572  618  679  680  689  815  866  914  915
 1005 1018 1019 1029 1030 1041 1042 1044 1045 1046]",-0.040792276260387075,12.171974634665743,4.2325812762382595
2137,19,27,20,"[   0   73  213  251  283  305  506  553  618  679  815  866  914 1005
 1046]",-0.040792276260387075,12.171974634665743,4.2325812762382595
2138,19,27,40,[   0   73  251  305  506  553  618  679  815  866  914 1005 1046],-0.040792276260387075,12.171974634665743,4.2325812762382595
2139,19,27,60,[   0   73  305  553  618  679  866 1046],-0.040792276260387075,12.171974634665743,4.2325812762382595
2140,19,28,0,"[   0    1    7   14   17   66   72   73   74   85  251  450  505  506
  531  552  553  572  586  618  689  703  748  815  866  914  915  932
  965 1018 1019 1029 1030 1041 1042 1044 1045 1046]",-0.035584563290661425,11.979184275248109,4.38565305812398
2141,19,28,20,"[   0   85  251  450  505  531  553  618  703  748  815  866  932  965
 1018 1046]",-0.035584563290661425,11.979184275248109,4.38565305812398
2142,19,28,40,[   0   85  251  450  505  553  618  703  748  815  866  932 1046],-0.035584563290661425,11.979184275248109,4.38565305812398
2143,19,28,60,[   0   85  251  450  553  618  748  815  932 1046],-0.035584563290661425,11.979184275248109,4.38565305812398
2144,19,29,0,"[   0    1    7   14   17   66   72   73  114  223  271  283  313  388
  461  505  506  511  552  553  679  680  810  866  914  915  932  965
 1018 1019 1029 1030 1039 1041 1042 1044 1045 1046]",-0.04674617739003165,12.06593805839041,4.1622548831936665
2145,19,29,20,"[   0   73  114  223  283  313  388  461  505  553  679  810  866  932
  965 1018 1046]",-0.04674617739003165,12.06593805839041,4.1622548831936665
2146,19,29,40,[   0   73  114  223  283  388  461  505  553  679  810  866  932 1046],-0.04674617739003165,12.06593805839041,4.1622548831936665
2147,19,29,60,[   0  114  283  388  461  553  679  810  932 1046],-0.04674617739003165,12.06593805839041,4.1622548831936665
2148,19,30,0,"[   0    1    7   14   19   20   28   66   72   73   74   85  251  447
  505  506  552  553  572  655  689  715  736  782  866  914  915 1018
 1019 1027 1029 1030 1038 1041 1042 1044 1045 1046]",-0.04683524067801862,12.176086086325782,4.576285594486969
2149,19,30,20,"[   0   85  251  447  506  553  655  689  715  736  782  866  914 1018
 1046]",-0.04683524067801862,12.176086086325782,4.576285594486969
2150,19,30,40,[   0   85  251  447  506  553  655  736  782  866  914 1046],-0.04683524067801862,12.176086086325782,4.576285594486969
2151,19,30,60,[   0   85  251  447  553  655  782  866 1046],-0.04683524067801862,12.176086086325782,4.576285594486969
2152,19,31,0,"[   0    1    7   19   30   72   73  114  183  186  223  251  263  300
  462  505  506  552  553  655  704  736  866  914  915  932  965 1018
 1019 1022 1029 1030 1038 1041 1042 1044 1045 1046]",-0.02126903643004876,12.176704204293385,4.792819223420591
2153,19,31,20,"[   0   73  114  186  223  251  300  462  506  553  655  704  736  866
  932  965 1018 1046]",-0.02126903643004876,12.176704204293385,4.792819223420591
2154,19,31,40,[   0   73  114  186  251  300  462  506  553  655  736  866  932 1046],-0.02126903643004876,12.176704204293385,4.792819223420591
2155,19,31,60,[   0  114  186  300  462  553  655  736  866  932 1046],-0.02126903643004876,12.176704204293385,4.792819223420591
2156,19,32,0,"[   0    1    7   19   30   66   72   73   85  114  186  223  251  350
  462  505  506  552  553  655  689  715  791  866  914  915  932  965
 1018 1019 1029 1030 1041 1043 1044 1045 1046]",-0.018456335910730474,12.066816836328858,4.072578904368908
2157,19,32,20,"[   0   85  114  186  223  251  350  462  506  553  655  689  715  791
  866  932  965 1018 1046]",-0.018456335910730474,12.066816836328858,4.072578904368908
2158,19,32,40,[   0   85  186  350  462  506  553  655  715  791  866  932 1046],-0.018456335910730474,12.066816836328858,4.072578904368908
2159,19,32,60,[   0   85  186  350  462  553  715  791  866  932 1046],-0.018456335910730474,12.066816836328858,4.072578904368908
2160,19,33,0,"[   0    1    7   13   14   19   66   72   73   85  424  447  505  506
  511  552  553  572  655  704  719  749  782  791  866  914  915  932
  993 1018 1019 1029 1030 1041 1042 1044 1045 1046]",-0.03664296379660171,12.124467459768324,4.086891346039664
2161,19,33,20,[   0   85  424  447  505  553  655  719  749  782  866  932  993 1046],-0.03664296379660171,12.124467459768324,4.086891346039664
2162,19,33,40,[   0   85  424  505  553  655  719  782  866  932  993 1046],-0.03664296379660171,12.124467459768324,4.086891346039664
2163,19,33,60,[   0   85  424  553  655  719  782  866  932 1046],-0.03664296379660171,12.124467459768324,4.086891346039664
2164,19,34,0,"[   0    1    7   19   66   72   73   85  200  223  283  306  411  472
  498  505  506  552  553  618  715  749  791  866  914  915 1005 1018
 1019 1029 1030 1038 1041 1042 1044 1045 1046]",-0.028191126036693374,12.325379308188925,4.723399730489402
2165,19,34,20,"[   0   85  200  223  283  306  411  472  506  553  618  715  749  791
  866  914 1005 1046]",-0.028191126036693374,12.325379308188925,4.723399730489402
2166,19,34,40,[   0   85  200  306  411  472  553  618  715  791  866  914 1005 1046],-0.028191126036693374,12.325379308188925,4.723399730489402
2167,19,34,60,[   0   85  200  306  411  472  553  618  715  791  866 1046],-0.028191126036693374,12.325379308188925,4.723399730489402
2168,19,35,0,"[   0    1    7   14   19   31   66   72   73   85  147  210  259  283
  350  505  506  511  552  553  586  745  768  815  866  914  915 1005
 1018 1019 1029 1030 1034 1041 1042 1044 1045 1046]",-0.025205376287718205,12.559612347779199,3.9422830538063742
2169,19,35,20,"[   0   85  147  210  259  283  350  505  553  586  745  768  815  866
  914 1005 1046]",-0.025205376287718205,12.559612347779199,3.9422830538063742
2170,19,35,40,[   0   85  147  210  283  350  505  553  768  815  866  914 1005 1046],-0.025205376287718205,12.559612347779199,3.9422830538063742
2171,19,35,60,[   0   85  147  210  283  350  553  815 1046],-0.025205376287718205,12.559612347779199,3.9422830538063742
2172,19,36,0,"[   0    1    7   14   19   31   66   72   73   77   85  147  210  259
  283  438  505  506  552  553  586  768  815  866  908  914  915 1005
 1018 1019 1029 1030 1041 1042 1044 1045 1046]",-0.02144952719755532,12.786035642144766,4.010427480725596
2173,19,36,20,"[   0   77  147  210  259  283  438  505  553  586  768  815  866  908
 1005 1046]",-0.02144952719755532,12.786035642144766,4.010427480725596
2174,19,36,40,[   0   77  147  210  283  438  505  553  768  815  866  908 1005 1046],-0.02144952719755532,12.786035642144766,4.010427480725596
2175,19,36,60,[   0   77  147  210  283  438  553  815  908 1046],-0.02144952719755532,12.786035642144766,4.010427480725596
2176,19,37,0,"[   0    1    7   14   19   31   66   72   73   85  147  283  314  447
  498  505  506  552  553  618  668  768  866  908  914  915 1005 1018
 1019 1029 1030 1034 1039 1040 1041 1042 1045 1046]",-0.046074149476587965,12.468790240750023,3.912932030445872
2177,19,37,20,"[   0   85  147  283  314  447  506  553  618  668  768  866  908 1005
 1046]",-0.046074149476587965,12.468790240750023,3.912932030445872
2178,19,37,40,[   0   85  147  283  447  506  553  618  668  768  866  908 1005 1046],-0.046074149476587965,12.468790240750023,3.912932030445872
2179,19,37,60,[   0   85  147  283  447  553  618  768  908 1046],-0.046074149476587965,12.468790240750023,3.912932030445872
2180,19,38,0,"[   0    1    7   14   19   25   66   72   73   85  314  498  505  506
  539  552  553  586  618  768  815  866  899  914  915 1012 1018 1019
 1022 1029 1030 1034 1038 1042 1044 1046]",-0.0428418022680292,12.437916804125036,4.231035129926721
2181,19,38,20,[   0   85  314  506  553  586  618  768  815  866  899 1012 1046],-0.0428418022680292,12.437916804125036,4.231035129926721
2182,19,38,40,[   0   85  314  506  553  618  768  815  899 1046],-0.0428418022680292,12.437916804125036,4.231035129926721
2183,19,38,60,[   0   85  314  553  618  815  899 1046],-0.0428418022680292,12.437916804125036,4.231035129926721
2184,19,39,0,"[   0    1    7   19   20   26   30   66   72   73   85  184  283  447
  498  505  506  552  553  618  768  815  866  899  914  915 1018 1019
 1029 1030 1034 1041 1042 1044 1046]",-0.0326983600136767,12.608437825132986,3.907455076005051
2185,19,39,20,[   0   85  184  283  447  506  553  618  768  815  866  915 1018 1046],-0.0326983600136767,12.608437825132986,3.907455076005051
2186,19,39,40,[   0   85  184  283  447  506  553  618  768  815  866  915 1046],-0.0326983600136767,12.608437825132986,3.907455076005051
2187,19,39,60,[   0   85  184  283  447  553  618  866 1046],-0.0326983600136767,12.608437825132986,3.907455076005051
2188,19,40,0,"[   0    1    7   19   26   30   65   72   73   85  505  506  511  527
  552  553  568  618  654  730  768  815  866  899  908  914  915 1018
 1019 1029 1030 1034 1041 1042 1044 1046]",-0.03676747718494579,12.432128240757743,4.21953342713288
2189,19,40,20,[   0   85  505  527  553  618  654  730  768  815  866  908 1018 1046],-0.03676747718494579,12.432128240757743,4.21953342713288
2190,19,40,40,[   0   85  553  618  768  815  866  908 1046],-0.03676747718494579,12.432128240757743,4.21953342713288
2191,19,40,60,[   0   85  553  618  815  908 1046],-0.03676747718494579,12.432128240757743,4.21953342713288
2192,19,41,0,"[   0    1   12   19   20   30   72   73  101  349  438  505  506  511
  552  553  568  618  768  815  866  914  915  972 1018 1019 1029 1030
 1041 1042 1044 1045 1046]",-0.03522599718200296,12.73374520982977,4.611057362569436
2193,19,41,20,"[   0   72  101  349  438  505  553  618  704  768  815  866  914  972
 1018 1046]",-0.03522599718200296,12.73374520982977,4.611057362569436
2194,19,41,40,[   0  101  349  438  505  553  618  704  768  815  866  914  972 1046],-0.03522599718200296,12.73374520982977,4.611057362569436
2195,19,41,60,[   0  101  349  438  553  618  704  866  972 1046],-0.03522599718200296,12.73374520982977,4.611057362569436
2196,19,42,0,"[   0    2    4   12   14   19   72   73  237  349  423  511  552  553
  568  604  618  654  752  768  815  864  866  914  915  932 1018 1019
 1029 1030 1037 1041 1042 1043 1044 1045 1046]",-0.04586840434417097,12.269949020561622,4.791772689793071
2197,19,42,20,[   0   73  237  349  423  511  553  618  654  768  815  864  932 1046],-0.04586840434417097,12.269949020561622,4.791772689793071
2198,19,42,40,[   0   73  237  349  423  511  553  618  768  815  864  932 1046],-0.04586840434417097,12.269949020561622,4.791772689793071
2199,19,42,60,[   0   73  237  349  423  553  618  815  932 1046],-0.04586840434417097,12.269949020561622,4.791772689793071
2200,19,43,0,"[   0    1    7   12   19   26   30   72   73  204  210  259  351  411
  423  450  472  511  552  553  568  618  768  815  866  899  915  945
 1018 1019 1029 1030 1034 1041 1042 1043 1044 1046]",-0.02646511828560085,12.505880874952929,5.51213158228376
2201,19,43,20,"[   0   73  204  259  351  423  450  472  511  553  618  768  815  866
  915  945 1046]",-0.02646511828560085,12.505880874952929,5.51213158228376
2202,19,43,40,[   0   73  204  259  351  423  472  553  618  768  815  866  945 1046],-0.02646511828560085,12.505880874952929,5.51213158228376
2203,19,43,60,[   0   73  259  351  423  553  618  815  945 1046],-0.02646511828560085,12.505880874952929,5.51213158228376
2204,19,44,0,"[   0    1    7   12   14   19   26   35   72   73   85  147  184  283
  493  505  506  511  552  553  679  680  782  815  866  914  915  985
 1018 1019 1029 1030 1034 1039 1042 1044 1045 1046]",-0.006455549316416148,12.86472061040002,3.320123799366264
2205,19,44,20,"[   0   85  147  184  283  505  553  679  782  815  866  914  985 1018
 1046]",-0.006455549316416148,12.86472061040002,3.320123799366264
2206,19,44,40,[   0   85  147  283  505  553  679  815  866  914  985 1046],-0.006455549316416148,12.86472061040002,3.320123799366264
2207,19,44,60,[   0   85  147  283  553  679  815  985 1046],-0.006455549316416148,12.86472061040002,3.320123799366264
2208,19,45,0,"[   0    1    7   12   13   19   20   26   72   73   77   85  147  283
  423  498  552  553  618  654  752  782  815  866  899  914  915 1018
 1019 1029 1030 1034 1039 1042 1044 1045 1046]",-0.0343409222255241,12.778432330853812,4.506798608222255
2209,19,45,20,"[   0   85  147  283  423  498  553  618  654  752  782  815  866  915
 1018 1046]",-0.0343409222255241,12.778432330853812,4.506798608222255
2210,19,45,40,[   0   85  147  283  423  498  553  618  782  866  915 1046],-0.0343409222255241,12.778432330853812,4.506798608222255
2211,19,45,60,[   0   85  147  283  423  553  618  782  866 1046],-0.0343409222255241,12.778432330853812,4.506798608222255
2212,19,46,0,"[   0    1    2    4    7   14   19   26   72   73   74   85  101  498
  552  553  618  654  661  752  782  815  866  899  914  915 1018 1019
 1027 1029 1030 1039 1042 1043 1044 1045 1046]",-0.03067595279481541,13.011155972826412,4.415936959803738
2213,19,46,20,[   0   85  498  553  618  661  752  782  815  866  915 1018 1046],-0.03067595279481541,13.011155972826412,4.415936959803738
2214,19,46,40,[   0   85  498  553  618  661  782  866  915 1046],-0.03067595279481541,13.011155972826412,4.415936959803738
2215,19,46,60,[   0   85  553  618  782  866 1046],-0.03067595279481541,13.011155972826412,4.415936959803738
2216,19,47,0,"[   0    1    4   12   19   20   21   72   73  144  147  283  322  327
  383  423  519  552  553  654  704  768  815  866  932 1018 1019 1029
 1030 1039 1040 1042 1043 1044 1045 1046]",-0.015100449167052972,12.90220651032255,4.380889885438049
2217,19,47,20,"[   0   73  144  283  327  383  423  519  553  654  704  768  815  866
  932 1046]",-0.015100449167052972,12.90220651032255,4.380889885438049
2218,19,47,40,[   0   73  144  283  327  423  553  654  704  768  815  866  932 1046],-0.015100449167052972,12.90220651032255,4.380889885438049
2219,19,47,60,[   0   73  144  327  423  553  654  815  932 1046],-0.015100449167052972,12.90220651032255,4.380889885438049
2220,19,48,0,"[   0    1    2   12   19   20   21   30   72   73  505  506  552  553
  559  563  586  654  704  768  815  866  914  915  932 1018 1019 1029
 1030 1039 1040 1041 1042 1044 1045 1046]",-0.027388868348356313,13.155753592827754,3.8592807373114204
2221,19,48,20,[   0   73  505  559  586  654  704  768  815  866  932 1046],-0.027388868348356313,13.155753592827754,3.8592807373114204
2222,19,48,40,[   0   73  505  559  654  704  768  815  866  932 1046],-0.027388868348356313,13.155753592827754,3.8592807373114204
2223,19,48,60,[   0   73  559  654  815  932 1046],-0.027388868348356313,13.155753592827754,3.8592807373114204
2224,19,49,0,"[   0    1   12   14   19   26   31   72   73   85  147  283  403  423
  505  506  552  553  654  740  752  768  914  915  932 1018 1019 1029
 1030 1039 1040 1044 1045 1046]",-0.019721475239325766,13.165226252227177,3.4436859634847026
2225,19,49,20,[   0   85  147  283  423  505  553  654  740  768  932 1046],-0.019721475239325766,13.165226252227177,3.4436859634847026
2226,19,49,40,[   0   85  147  283  423  505  553  654  740  932 1046],-0.019721475239325766,13.165226252227177,3.4436859634847026
2227,19,49,60,[   0   85  147  283  423  553  654  740  932 1046],-0.019721475239325766,13.165226252227177,3.4436859634847026
2228,19,50,0,"[   0    1    7   12   14   19   21   26   72   73  147  283  423  505
  506  552  553  559  614  768  815  866  914  915 1018 1019 1029 1030
 1037 1038 1039 1040 1041 1042 1044 1045 1046]",-0.022059581001592447,13.440201400421907,3.460921379344497
2229,19,50,20,[   0   73  147  283  423  505  559  614  768  815  866  914 1018 1046],-0.022059581001592447,13.440201400421907,3.460921379344497
2230,19,50,40,[   0   73  147  283  423  505  559  614  768  815  866  914 1046],-0.022059581001592447,13.440201400421907,3.460921379344497
2231,19,50,60,[   0   73  147  283  423  614  866 1046],-0.022059581001592447,13.440201400421907,3.460921379344497
2232,20,20,0,"[   0    1    7   19   30   66   72   73   85  186  193  237  283  318
  365  383  386  397  433  490  505  506  520  552  553  614  661  736
  914  915  932  965 1018 1019 1029 1030 1044 1046]",-0.04581345364776812,9.974842729706738,5.188474859279799
2233,20,20,20,"[   0   85  193  237  283  318  365  386  433  506  553  614  661  736
  932  965 1018 1046]",-0.04581345364776812,9.974842729706738,5.188474859279799
2234,20,20,40,[   0   85  193  237  283  365  433  506  553  614  661  736  932 1046],-0.04581345364776812,9.974842729706738,5.188474859279799
2235,20,20,60,[   0   85  193  283  365  433  553  614  736  932 1046],-0.04581345364776812,9.974842729706738,5.188474859279799
2236,20,21,0,"[   0    1    7   19   30   66   72   73   85  147  181  186  193  223
  283  318  365  383  386  397  440  490  505  506  552  553  614  663
  689  932  965 1018 1019 1029 1030 1038 1041 1042 1044 1046]",-0.05249433164763219,10.328142397010563,5.679076541041145
2237,20,21,20,"[   0   85  147  186  223  283  318  365  386  440  506  553  614  663
  689  932  965 1018 1046]",-0.05249433164763219,10.328142397010563,5.679076541041145
2238,20,21,40,[   0   85  147  283  365  440  506  553  614  689  932 1046],-0.05249433164763219,10.328142397010563,5.679076541041145
2239,20,21,60,[   0   85  147  283  365  440  553  614  689  932 1046],-0.05249433164763219,10.328142397010563,5.679076541041145
2240,20,22,0,"[   0    1    7   19   30   66   72   73   85  186  223  251  271  283
  305  318  404  405  505  506  552  553  679  680  689  774  840  874
  914  915  990 1018 1019 1029 1030 1041 1042 1044 1046]",-0.03845142077043498,10.728555915477932,4.742373549378908
2241,20,22,20,"[   0   85  186  223  251  283  305  405  505  553  689  774  840  874
  914  990 1046]",-0.03845142077043498,10.728555915477932,4.742373549378908
2242,20,22,40,[   0   85  186  251  305  405  505  553  689  774  874  990 1046],-0.03845142077043498,10.728555915477932,4.742373549378908
2243,20,22,60,[   0   85  186  305  405  553  689  774  874 1046],-0.03845142077043498,10.728555915477932,4.742373549378908
2244,20,23,0,"[   0    1    7   13   30   66   72   73   85  111  186  213  223  251
  276  283  302  318  368  395  433  505  506  552  553  584  614  637
  661  876  914  915 1018 1019 1029 1030 1041 1042 1044 1046]",-0.04857075387768175,10.58531368704681,5.559209566026276
2245,20,23,20,"[   0   30   85  111  186  223  251  302  368  395  433  506  553  584
  614  637  661  876  914 1018 1046]",-0.04857075387768175,10.58531368704681,5.559209566026276
2246,20,23,40,[   0   85  186  302  368  433  506  553  637  914 1046],-0.04857075387768175,10.58531368704681,5.559209566026276
2247,20,23,60,[   0   85  186  302  368  433  553  637  914 1046],-0.04857075387768175,10.58531368704681,5.559209566026276
2248,20,24,0,"[   0    1    7   19   30   66   72   73   85  183  186  213  223  239
  251  344  372  461  463  545  552  553  614  661  736  790  821  855
  860  876  914  915 1018 1019 1029 1030 1041 1042 1045 1046]",-0.023587538132555572,10.503522211681338,6.7946433073120875
2249,20,24,20,"[   0   85  186  223  251  344  372  461  553  614  661  736  790  821
  860  914 1018 1046]",-0.023587538132555572,10.503522211681338,6.7946433073120875
2250,20,24,40,[   0   85  186  344  461  553  614  661  736  821  914 1046],-0.023587538132555572,10.503522211681338,6.7946433073120875
2251,20,24,60,[   0   85  186  344  461  553  614  736  821  914 1046],-0.023587538132555572,10.503522211681338,6.7946433073120875
2252,20,25,0,"[   0    1    7   19   31   72   73  186  223  251  271  305  461  505
  506  552  553  614  661  679  680  689  718  887  894  914  915 1005
 1018 1019 1029 1030 1041 1042 1044 1045 1046]",-0.029560667605667945,11.173538324367676,5.732839533405528
2253,20,25,20,"[   0   73  186  223  271  305  461  506  553  614  661  689  718  887
  915 1005 1046]",-0.029560667605667945,11.173538324367676,5.732839533405528
2254,20,25,40,[   0   73  186  305  461  506  553  614  661  718  887 1005 1046],-0.029560667605667945,11.173538324367676,5.732839533405528
2255,20,25,60,[   0   73  186  305  461  553  718  887 1046],-0.029560667605667945,11.173538324367676,5.732839533405528
2256,20,26,0,"[   0    1    7   19   20   28   30   66   72   73  186  223  248  251
  271  283  372  491  505  506  523  552  553  689  690  717  745  889
  914  915 1018 1019 1029 1030 1041 1042 1044 1045 1046]",-0.0352352278239594,11.01417938475009,5.49780995691197
2257,20,26,20,"[   0   73  186  223  251  283  372  506  553  689  717  745  889  915
 1018 1046]",-0.0352352278239594,11.01417938475009,5.49780995691197
2258,20,26,40,[   0   73  223  283  372  506  553  717  915 1046],-0.0352352278239594,11.01417938475009,5.49780995691197
2259,20,26,60,[   0   73  283  372  553  717  915 1046],-0.0352352278239594,11.01417938475009,5.49780995691197
2260,20,27,0,"[   0    1    7   13   14   19   72   73   75   85  213  223  251  259
  271  283  305  505  506  552  553  572  618  679  680  689  815  866
  914  915 1005 1018 1019 1029 1030 1041 1042 1044 1045 1046]",-0.040514441222700745,11.738652209356152,4.149200048670965
2261,20,27,20,"[   0   85  213  251  283  305  506  553  618  679  815  866  914 1005
 1046]",-0.040514441222700745,11.738652209356152,4.149200048670965
2262,20,27,40,[   0   85  251  305  506  553  618  679  815  866  914 1005 1046],-0.040514441222700745,11.738652209356152,4.149200048670965
2263,20,27,60,[   0   85  305  553  618  679  866 1046],-0.040514441222700745,11.738652209356152,4.149200048670965
2264,20,28,0,"[   0    1    7   14   17   19   28   66   72   73   74   85  251  450
  505  506  531  552  553  572  586  618  689  703  748  815  866  914
  915  932  965 1018 1019 1029 1030 1041 1042 1044 1045 1046]",-0.03503500338105478,11.56050309280254,4.287296219994509
2265,20,28,20,"[   0   85  251  450  505  531  553  618  703  748  815  866  932  965
 1018 1046]",-0.03503500338105478,11.56050309280254,4.287296219994509
2266,20,28,40,[   0   85  251  450  505  553  618  703  748  815  866  932 1046],-0.03503500338105478,11.56050309280254,4.287296219994509
2267,20,28,60,[   0   85  251  450  553  618  748  815  932 1046],-0.03503500338105478,11.56050309280254,4.287296219994509
2268,20,29,0,"[   0    1    7   14   17   19   28   66   72   73  114  223  271  283
  313  388  461  505  506  511  552  553  679  680  810  866  914  915
  932  965 1018 1019 1029 1030 1039 1041 1042 1044 1045 1046]",-0.046193811281380184,11.643402431899252,4.101496314319669
2269,20,29,20,"[   0   73  114  223  283  313  388  461  505  553  679  810  866  932
  965 1018 1046]",-0.046193811281380184,11.643402431899252,4.101496314319669
2270,20,29,40,[   0   73  114  223  283  388  461  505  553  679  810  866  932 1046],-0.046193811281380184,11.643402431899252,4.101496314319669
2271,20,29,60,[   0  114  283  388  461  553  679  810  932 1046],-0.046193811281380184,11.643402431899252,4.101496314319669
2272,20,30,0,"[   0    1    7   14   19   20   28   66   72   73   74   85  251  447
  505  506  552  553  572  655  679  680  689  715  736  782  866  914
  915 1018 1019 1027 1029 1030 1038 1041 1042 1044 1045 1046]",-0.04635635095392886,11.751466449140274,4.37844201214112
2273,20,30,20,"[   0   85  251  447  506  553  655  689  715  736  782  866  914 1018
 1046]",-0.04635635095392886,11.751466449140274,4.37844201214112
2274,20,30,40,[   0   85  251  447  506  553  655  736  782  866  914 1046],-0.04635635095392886,11.751466449140274,4.37844201214112
2275,20,30,60,[   0   85  251  447  553  655  782  866 1046],-0.04635635095392886,11.751466449140274,4.37844201214112
2276,20,31,0,"[   0    1    7   19   30   66   72   73   85  114  183  186  223  251
  263  300  462  505  506  552  553  655  704  736  866  914  915  932
  965 1018 1019 1022 1029 1030 1038 1041 1042 1044 1045 1046]",-0.02085076076431821,11.768708625219679,4.681467107651181
2277,20,31,20,"[   0   85  114  186  223  251  300  462  506  553  655  704  736  866
  932  965 1018 1046]",-0.02085076076431821,11.768708625219679,4.681467107651181
2278,20,31,40,[   0   85  186  251  300  462  506  553  655  736  866  932 1046],-0.02085076076431821,11.768708625219679,4.681467107651181
2279,20,31,60,[   0   85  186  300  462  553  655  736  866  932 1046],-0.02085076076431821,11.768708625219679,4.681467107651181
2280,20,32,0,"[   0    1    7   19   30   66   72   73   85  114  186  223  251  350
  462  505  506  552  553  586  655  689  715  745  791  866  914  915
  932  965 1018 1019 1029 1030 1041 1043 1044 1045 1046]",-0.03124051015312274,11.66021219611918,4.304419445992169
2281,20,32,20,"[   0   85  114  186  223  251  350  462  506  553  586  655  689  715
  745  791  866  932  965 1018 1046]",-0.03124051015312274,11.66021219611918,4.304419445992169
2282,20,32,40,[   0   85  186  350  462  506  553  655  715  791  866  932 1046],-0.03124051015312274,11.66021219611918,4.304419445992169
2283,20,32,60,[   0   85  186  350  462  553  715  791  866  932 1046],-0.03124051015312274,11.66021219611918,4.304419445992169
2284,20,33,0,"[   0    1    7   13   14   19   66   72   73   85  424  447  505  506
  511  552  553  572  655  704  719  749  782  791  866  914  915  932
  986  987  993 1018 1019 1029 1030 1041 1042 1044 1045 1046]",-0.036269449649540104,11.706757962554379,3.9025088267312817
2285,20,33,20,"[   0   85  424  447  505  553  655  719  749  782  866  932  986 1018
 1046]",-0.036269449649540104,11.706757962554379,3.9025088267312817
2286,20,33,40,[   0   85  424  505  553  655  719  782  866  932  986 1046],-0.036269449649540104,11.706757962554379,3.9025088267312817
2287,20,33,60,[   0   85  424  553  655  719  782  866  932 1046],-0.036269449649540104,11.706757962554379,3.9025088267312817
2288,20,34,0,"[   0    1    7   19   66   72   73   85  200  223  283  306  411  472
  498  505  506  552  553  618  679  680  715  749  791  866  914  915
 1005 1018 1019 1029 1030 1038 1041 1042 1044 1045 1046]",-0.028211721213587206,11.897091421661905,4.515052080047376
2289,20,34,20,"[   0   85  200  223  283  306  411  472  506  553  618  680  715  749
  791  866  914 1005 1046]",-0.028211721213587206,11.897091421661905,4.515052080047376
2290,20,34,40,[   0   85  200  306  411  472  553  618  715  791  866  914 1005 1046],-0.028211721213587206,11.897091421661905,4.515052080047376
2291,20,34,60,[   0   85  200  306  411  472  553  618  715  791  866 1046],-0.028211721213587206,11.897091421661905,4.515052080047376
2292,20,35,0,"[   0    1    7   14   19   31   66   72   73   85  147  210  259  283
  350  505  506  511  552  553  586  745  768  782  815  866  914  915
 1005 1018 1019 1022 1029 1030 1034 1041 1042 1044 1045 1046]",-0.03625922718384245,12.129690779738635,4.017931232262833
2293,20,35,20,"[   0   85  147  210  259  283  350  505  553  586  745  768  815  866
  914 1005 1046]",-0.03625922718384245,12.129690779738635,4.017931232262833
2294,20,35,40,[   0   85  147  210  283  350  505  553  768  815  866  914 1005 1046],-0.03625922718384245,12.129690779738635,4.017931232262833
2295,20,35,60,[   0   85  147  210  283  350  553  815 1046],-0.03625922718384245,12.129690779738635,4.017931232262833
2296,20,36,0,"[   0    1    7   14   19   31   66   72   73   77   85  147  210  259
  283  438  505  506  552  553  586  679  680  768  815  866  908  914
  915 1005 1018 1019 1029 1030 1041 1042 1044 1045 1046]",-0.02118144666470949,12.331728816074909,3.837376077646838
2297,20,36,20,"[   0   77  147  210  259  283  438  505  553  586  679  768  815  866
  908 1005 1046]",-0.02118144666470949,12.331728816074909,3.837376077646838
2298,20,36,40,"[   0   77  147  210  283  438  505  553  679  768  815  866  908 1005
 1046]",-0.02118144666470949,12.331728816074909,3.837376077646838
2299,20,36,60,[   0   77  147  210  283  438  553  679  815  908 1046],-0.02118144666470949,12.331728816074909,3.837376077646838
2300,20,37,0,"[   0    1    7   14   19   31   66   72   73   85  147  172  283  314
  447  498  505  506  552  553  618  668  768  866  908  914  915 1005
 1018 1019 1029 1030 1034 1039 1040 1041 1042 1045 1046]",-0.045001175836495294,12.037480687064742,3.8801985184520675
2301,20,37,20,"[   0   85  147  172  283  314  447  506  553  618  668  768  866  908
 1005 1046]",-0.045001175836495294,12.037480687064742,3.8801985184520675
2302,20,37,40,[   0   85  147  283  447  506  553  618  668  768  866  908 1005 1046],-0.045001175836495294,12.037480687064742,3.8801985184520675
2303,20,37,60,[   0   85  147  283  447  553  618  768  908 1046],-0.045001175836495294,12.037480687064742,3.8801985184520675
2304,20,38,0,"[   0    1    7   14   19   20   25   66   72   73   85  184  314  498
  505  506  539  552  553  586  618  768  815  866  899  914  915 1012
 1018 1019 1022 1029 1030 1034 1038 1042 1044 1046]",-0.042123401358728885,12.008574455596294,4.195096931719071
2305,20,38,20,[   0   85  184  314  506  553  586  618  768  815  866  899 1012 1046],-0.042123401358728885,12.008574455596294,4.195096931719071
2306,20,38,40,[   0   85  184  314  506  553  618  768  815  899 1046],-0.042123401358728885,12.008574455596294,4.195096931719071
2307,20,38,60,[   0   85  184  314  553  618  815  899 1046],-0.042123401358728885,12.008574455596294,4.195096931719071
2308,20,39,0,"[   0    1    7   19   20   26   30   66   72   73   85  184  283  314
  447  498  505  506  520  552  553  618  768  815  866  899  914  915
 1018 1019 1029 1030 1034 1041 1042 1044 1046]",-0.03669294729172846,12.17894720049107,4.033104404640495
2309,20,39,20,"[   0   85  184  283  314  447  506  553  618  768  815  866  915 1018
 1046]",-0.03669294729172846,12.17894720049107,4.033104404640495
2310,20,39,40,[   0   85  184  283  447  506  553  618  768  815  866  915 1046],-0.03669294729172846,12.17894720049107,4.033104404640495
2311,20,39,60,[   0   85  184  283  447  553  618  866 1046],-0.03669294729172846,12.17894720049107,4.033104404640495
2312,20,40,0,"[   0    1    7   19   26   30   65   72   73   85  298  301  505  506
  511  527  552  553  568  618  654  730  768  815  866  899  908  914
  915 1018 1019 1029 1030 1034 1041 1042 1044 1046]",-0.035938224043672674,12.022957361396122,4.320722756336003
2313,20,40,20,"[   0   85  298  505  527  553  618  654  730  768  815  866  908 1018
 1046]",-0.035938224043672674,12.022957361396122,4.320722756336003
2314,20,40,40,[   0   85  298  553  618  768  815  866  908 1046],-0.035938224043672674,12.022957361396122,4.320722756336003
2315,20,40,60,[   0   85  298  553  618  815  908 1046],-0.035938224043672674,12.022957361396122,4.320722756336003
2316,20,41,0,"[   0    1    2   12   19   20   30   72   73  101  349  438  505  506
  511  552  553  568  618  704  764  768  815  866  899  914  915  972
 1018 1019 1029 1030 1037 1041 1042 1044 1045 1046]",-0.03429323233261447,12.30516731351599,4.669967750653742
2317,20,41,20,"[   0   72  101  349  438  505  553  618  704  768  815  866  899  972
 1018 1046]",-0.03429323233261447,12.30516731351599,4.669967750653742
2318,20,41,40,[   0  101  349  438  505  553  618  704  768  815  899  972 1046],-0.03429323233261447,12.30516731351599,4.669967750653742
2319,20,41,60,[   0  101  349  438  553  618  704  815  899  972 1046],-0.03429323233261447,12.30516731351599,4.669967750653742
2320,20,42,0,"[   0    2    4   12   14   19   72   73  237  349  423  505  506  511
  552  553  568  604  618  654  752  768  815  864  866  914  915  932
 1018 1019 1029 1030 1037 1041 1042 1044 1045 1046]",-0.045504478975818205,11.867573075792487,4.580499087298607
2321,20,42,20,[   0   73  237  349  423  505  553  618  654  768  815  864  932 1046],-0.045504478975818205,11.867573075792487,4.580499087298607
2322,20,42,40,[   0   73  237  349  423  505  553  618  768  815  864  932 1046],-0.045504478975818205,11.867573075792487,4.580499087298607
2323,20,42,60,[   0   73  237  349  423  553  618  815  932 1046],-0.045504478975818205,11.867573075792487,4.580499087298607
2324,20,43,0,"[   0    1    7   12   19   26   30   72   73  204  210  259  351  411
  423  450  472  511  552  553  568  618  768  815  866  893  899  914
  915  945 1018 1019 1029 1030 1034 1041 1042 1043 1044 1046]",-0.026020073481674417,12.09402974824686,5.261263194497974
2325,20,43,20,"[   0   73  204  259  351  423  450  472  511  553  618  768  815  866
  914  945 1046]",-0.026020073481674417,12.09402974824686,5.261263194497974
2326,20,43,40,[   0   73  204  259  351  423  472  553  618  768  815  866  945 1046],-0.026020073481674417,12.09402974824686,5.261263194497974
2327,20,43,60,[   0   73  259  351  423  553  618  815  945 1046],-0.026020073481674417,12.09402974824686,5.261263194497974
2328,20,44,0,"[   0    1    7   12   14   19   26   35   72   73   85  147  184  283
  493  505  506  511  552  553  679  680  764  782  815  866  899  914
  915  985 1018 1019 1029 1030 1034 1039 1042 1044 1045 1046]",-0.005778144660805963,12.401649355836664,3.5542505451577653
2329,20,44,20,"[   0   85  147  184  283  505  553  679  782  815  866  899  985 1018
 1046]",-0.005778144660805963,12.401649355836664,3.5542505451577653
2330,20,44,40,[   0   85  147  283  505  553  679  815  899  985 1046],-0.005778144660805963,12.401649355836664,3.5542505451577653
2331,20,44,60,[   0   85  147  283  553  679  815  899  985 1046],-0.005778144660805963,12.401649355836664,3.5542505451577653
2332,20,45,0,"[   0    1    7   12   13   19   20   26   72   73   77   85  147  283
  423  498  506  511  552  553  618  654  752  782  815  866  899  914
  915 1018 1019 1029 1030 1034 1039 1042 1044 1045 1046]",-0.03446138861042756,12.242188932792384,4.51055408922916
2333,20,45,20,"[   0   85  147  283  423  506  553  618  654  752  782  815  866  915
 1018 1046]",-0.03446138861042756,12.242188932792384,4.51055408922916
2334,20,45,40,[   0   85  147  283  423  506  553  618  782  866  915 1046],-0.03446138861042756,12.242188932792384,4.51055408922916
2335,20,45,60,[   0   85  147  283  423  553  618  782  866 1046],-0.03446138861042756,12.242188932792384,4.51055408922916
2336,20,46,0,"[   0    1    2    4    7   14   19   26   72   73   74   85  101  498
  506  511  552  553  618  654  661  752  782  815  866  899  914  915
 1018 1019 1027 1029 1030 1039 1042 1043 1044 1045 1046]",-0.030671429444627873,12.468557223664696,4.43933768025993
2337,20,46,20,[   0   85  506  553  618  661  752  782  815  866  915 1018 1046],-0.030671429444627873,12.468557223664696,4.43933768025993
2338,20,46,40,[   0   85  506  553  618  661  782  866  915 1046],-0.030671429444627873,12.468557223664696,4.43933768025993
2339,20,46,60,[   0   85  553  618  782  866 1046],-0.030671429444627873,12.468557223664696,4.43933768025993
2340,20,47,0,"[   0    1    4   12   19   20   21   72   73  144  147  283  322  327
  383  423  505  506  519  552  553  654  704  768  815  866  932 1018
 1019 1029 1030 1039 1040 1042 1044 1045 1046]",-0.014676787744904626,12.473066842203384,4.193447355088439
2341,20,47,20,"[   0   73  144  283  327  383  423  505  553  654  704  768  815  866
  932 1046]",-0.014676787744904626,12.473066842203384,4.193447355088439
2342,20,47,40,"[   0   73  144  283  327  383  505  553  654  704  768  815  866  932
 1046]",-0.014676787744904626,12.473066842203384,4.193447355088439
2343,20,47,60,[   0   73  144  383  553  654  815  932 1046],-0.014676787744904626,12.473066842203384,4.193447355088439
2344,20,48,0,"[   0    1    2   12   19   20   21   26   30   72   73   85  505  506
  552  553  559  563  586  654  704  768  815  866  914  915  932 1018
 1019 1029 1030 1039 1040 1041 1042 1044 1045 1046]",-0.026871706526248196,12.70999942479932,3.842422413019198
2345,20,48,20,[   0   85  505  559  586  654  704  768  815  866  932 1046],-0.026871706526248196,12.70999942479932,3.842422413019198
2346,20,48,40,[   0   85  505  559  654  704  768  815  866  932 1046],-0.026871706526248196,12.70999942479932,3.842422413019198
2347,20,48,60,[   0   85  559  654  815  932 1046],-0.026871706526248196,12.70999942479932,3.842422413019198
2348,20,49,0,"[   0    1    7   12   14   19   26   31   72   73   85  147  283  403
  423  447  505  506  552  553  654  740  752  768  914  915  932 1018
 1019 1028 1029 1030 1039 1040 1042 1044 1045 1046]",-0.025292519449985482,12.718013794747788,3.5886493539410638
2349,20,49,20,[   0   85  147  283  423  447  506  553  654  740  768  932 1046],-0.025292519449985482,12.718013794747788,3.5886493539410638
2350,20,49,40,[   0   85  147  283  423  506  553  654  740  932 1046],-0.025292519449985482,12.718013794747788,3.5886493539410638
2351,20,49,60,[   0   85  147  283  423  553  654  740  932 1046],-0.025292519449985482,12.718013794747788,3.5886493539410638
2352,20,50,0,"[   0    1    7   12   14   19   21   26   27   72   73   85  147  283
  423  505  506  552  553  559  614  768  815  866  914  915 1018 1019
 1029 1030 1037 1038 1039 1040 1041 1042 1044 1045 1046]",-0.02162597457212863,12.977222109083732,3.4205965259498887
2353,20,50,20,[   0   85  147  283  423  505  559  614  768  815  866  914 1018 1046],-0.02162597457212863,12.977222109083732,3.4205965259498887
2354,20,50,40,[   0   85  147  283  423  505  559  614  768  815  866  914 1046],-0.02162597457212863,12.977222109083732,3.4205965259498887
2355,20,50,60,[   0   85  147  283  423  614  866 1046],-0.02162597457212863,12.977222109083732,3.4205965259498887
