,N_clusters,K_neighb,Len_min,St_edges,Silh,Cal-Har,Dav-Bold
0,2,20,0,[   0  346  840 2017],0.04161169009536148,125.73350795935426,2.6935847178971257
1,2,20,20,[   0  346  840 2017],0.04161169009536148,125.73350795935426,2.6935847178971257
2,2,20,40,[   0  346  840 2017],0.04161169009536148,125.73350795935426,2.6935847178971257
3,2,20,60,[   0  346  840 2017],0.04161169009536148,125.73350795935426,2.6935847178971257
4,2,21,0,[   0  447  572 2017],0.0194870530736615,120.92059340693075,2.6644748374198857
5,2,21,20,[   0  447  572 2017],0.0194870530736615,120.92059340693075,2.6644748374198857
6,2,21,40,[   0  447  572 2017],0.0194870530736615,120.92059340693075,2.6644748374198857
7,2,21,60,[   0  447  572 2017],0.0194870530736615,120.92059340693075,2.6644748374198857
8,2,22,0,[   0  545 2017],0.04908205309152799,124.49897555203408,2.321981606413018
9,2,22,20,[   0  545 2017],0.04908205309152799,124.49897555203408,2.321981606413018
10,2,22,40,[   0  545 2017],0.04908205309152799,124.49897555203408,2.321981606413018
11,2,22,60,[   0  545 2017],0.04908205309152799,124.49897555203408,2.321981606413018
12,2,23,0,[   0  455  789 2017],0.32213438555816903,59.429945681482245,3.454127894457976
13,2,23,20,[   0  455  789 2017],0.32213438555816903,59.429945681482245,3.454127894457976
14,2,23,40,[   0  455  789 2017],0.32213438555816903,59.429945681482245,3.454127894457976
15,2,23,60,[   0  455  789 2017],0.32213438555816903,59.429945681482245,3.454127894457976
16,2,24,0,[   0  442  802 2017],0.33605002111307475,62.208366059346226,3.3284633812922433
17,2,24,20,[   0  442  802 2017],0.33605002111307475,62.208366059346226,3.3284633812922433
18,2,24,40,[   0  442  802 2017],0.33605002111307475,62.208366059346226,3.3284633812922433
19,2,24,60,[   0  442  802 2017],0.33605002111307475,62.208366059346226,3.3284633812922433
20,2,25,0,[   0  350  572 2017],0.019582375801166466,124.00003160871515,2.579611314871542
21,2,25,20,[   0  350  572 2017],0.019582375801166466,124.00003160871515,2.579611314871542
22,2,25,40,[   0  350  572 2017],0.019582375801166466,124.00003160871515,2.579611314871542
23,2,25,60,[   0  350  572 2017],0.019582375801166466,124.00003160871515,2.579611314871542
24,2,26,0,[   0  572 2017],0.045985237317045534,127.04045542082794,2.3021839000429596
25,2,26,20,[   0  572 2017],0.045985237317045534,127.04045542082794,2.3021839000429596
26,2,26,40,[   0  572 2017],0.045985237317045534,127.04045542082794,2.3021839000429596
27,2,26,60,[   0  572 2017],0.045985237317045534,127.04045542082794,2.3021839000429596
28,2,27,0,[   0  404  943 2017],0.02212237661842376,122.21488788818755,2.8298317365909047
29,2,27,20,[   0  404  943 2017],0.02212237661842376,122.21488788818755,2.8298317365909047
30,2,27,40,[   0  404  943 2017],0.02212237661842376,122.21488788818755,2.8298317365909047
31,2,27,60,[   0  404  943 2017],0.02212237661842376,122.21488788818755,2.8298317365909047
32,2,28,0,[   0  350  957 2017],0.03317089145329232,124.65081012251616,2.8430651513052267
33,2,28,20,[   0  350  957 2017],0.03317089145329232,124.65081012251616,2.8430651513052267
34,2,28,40,[   0  350  957 2017],0.03317089145329232,124.65081012251616,2.8430651513052267
35,2,28,60,[   0  350  957 2017],0.03317089145329232,124.65081012251616,2.8430651513052267
36,2,29,0,[   0  404  957 2017],0.029088245234883747,123.17357061846222,2.8602076833800867
37,2,29,20,[   0  404  957 2017],0.029088245234883747,123.17357061846222,2.8602076833800867
38,2,29,40,[   0  404  957 2017],0.029088245234883747,123.17357061846222,2.8602076833800867
39,2,29,60,[   0  404  957 2017],0.029088245234883747,123.17357061846222,2.8602076833800867
40,2,30,0,[   0  404 1046 2017],0.023075512116273764,121.44193707499173,2.855472064981127
41,2,30,20,[   0  404 1046 2017],0.023075512116273764,121.44193707499173,2.855472064981127
42,2,30,40,[   0  404 1046 2017],0.023075512116273764,121.44193707499173,2.855472064981127
43,2,30,60,[   0  404 1046 2017],0.023075512116273764,121.44193707499173,2.855472064981127
44,2,31,0,[   0  404  941 2017],0.028696706859069755,126.01322967520693,2.8056931938722447
45,2,31,20,[   0  404  941 2017],0.028696706859069755,126.01322967520693,2.8056931938722447
46,2,31,40,[   0  404  941 2017],0.028696706859069755,126.01322967520693,2.8056931938722447
47,2,31,60,[   0  404  941 2017],0.028696706859069755,126.01322967520693,2.8056931938722447
48,2,32,0,[   0  346  572 2017],0.03152084464659804,127.69651742091871,2.5567876369053133
49,2,32,20,[   0  346  572 2017],0.03152084464659804,127.69651742091871,2.5567876369053133
50,2,32,40,[   0  346  572 2017],0.03152084464659804,127.69651742091871,2.5567876369053133
51,2,32,60,[   0  346  572 2017],0.03152084464659804,127.69651742091871,2.5567876369053133
52,2,33,0,[   0  447 1275 2017],0.28466584625640545,165.63808653238354,2.746172313270683
53,2,33,20,[   0  447 1275 2017],0.28466584625640545,165.63808653238354,2.746172313270683
54,2,33,40,[   0  447 1275 2017],0.28466584625640545,165.63808653238354,2.746172313270683
55,2,33,60,[   0  447 1275 2017],0.28466584625640545,165.63808653238354,2.746172313270683
56,2,34,0,[   0  350 2017],0.14389469813254946,210.83775484246797,2.4858230039727247
57,2,34,20,[   0  350 2017],0.14389469813254946,210.83775484246797,2.4858230039727247
58,2,34,40,[   0  350 2017],0.14389469813254946,210.83775484246797,2.4858230039727247
59,2,34,60,[   0  350 2017],0.14389469813254946,210.83775484246797,2.4858230039727247
60,2,35,0,[   0  350  930 2017],0.03418816312454988,122.7338703485216,2.8543212612333826
61,2,35,20,[   0  350  930 2017],0.03418816312454988,122.7338703485216,2.8543212612333826
62,2,35,40,[   0  350  930 2017],0.03418816312454988,122.7338703485216,2.8543212612333826
63,2,35,60,[   0  350  930 2017],0.03418816312454988,122.7338703485216,2.8543212612333826
64,2,36,0,[   0  389 1382 2017],0.3005725702362145,153.31703856926245,2.8624190748319496
65,2,36,20,[   0  389 1382 2017],0.3005725702362145,153.31703856926245,2.8624190748319496
66,2,36,40,[   0  389 1382 2017],0.3005725702362145,153.31703856926245,2.8624190748319496
67,2,36,60,[   0  389 1382 2017],0.3005725702362145,153.31703856926245,2.8624190748319496
68,2,37,0,[   0  567 2017],0.04535260629392161,125.1473950328153,2.3493876267321454
69,2,37,20,[   0  567 2017],0.04535260629392161,125.1473950328153,2.3493876267321454
70,2,37,40,[   0  567 2017],0.04535260629392161,125.1473950328153,2.3493876267321454
71,2,37,60,[   0  567 2017],0.04535260629392161,125.1473950328153,2.3493876267321454
72,2,38,0,[   0  350 1046 2017],0.022211853775881793,105.50458357435382,3.2089433491511596
73,2,38,20,[   0  350 1046 2017],0.022211853775881793,105.50458357435382,3.2089433491511596
74,2,38,40,[   0  350 1046 2017],0.022211853775881793,105.50458357435382,3.2089433491511596
75,2,38,60,[   0  350 1046 2017],0.022211853775881793,105.50458357435382,3.2089433491511596
76,2,39,0,[   0  389 1158 2017],0.20031418929213524,136.06519719903588,2.9501171008937686
77,2,39,20,[   0  389 1158 2017],0.20031418929213524,136.06519719903588,2.9501171008937686
78,2,39,40,[   0  389 1158 2017],0.20031418929213524,136.06519719903588,2.9501171008937686
79,2,39,60,[   0  389 1158 2017],0.20031418929213524,136.06519719903588,2.9501171008937686
80,2,40,0,[   0  346 2017],0.22403390960000416,175.4486775097134,2.66241263047311
81,2,40,20,[   0  346 2017],0.22403390960000416,175.4486775097134,2.66241263047311
82,2,40,40,[   0  346 2017],0.22403390960000416,175.4486775097134,2.66241263047311
83,2,40,60,[   0  346 2017],0.22403390960000416,175.4486775097134,2.66241263047311
84,2,41,0,[   0  346 2017],0.16256406022980308,170.85224472006632,2.817426796326878
85,2,41,20,[   0  346 2017],0.16256406022980308,170.85224472006632,2.817426796326878
86,2,41,40,[   0  346 2017],0.16256406022980308,170.85224472006632,2.817426796326878
87,2,41,60,[   0  346 2017],0.16256406022980308,170.85224472006632,2.817426796326878
88,2,42,0,[   0  389  716 2017],0.030447998185755897,126.04139378589267,2.656714252464683
89,2,42,20,[   0  389  716 2017],0.030447998185755897,126.04139378589267,2.656714252464683
90,2,42,40,[   0  389  716 2017],0.030447998185755897,126.04139378589267,2.656714252464683
91,2,42,60,[   0  389  716 2017],0.030447998185755897,126.04139378589267,2.656714252464683
92,2,43,0,[   0  389 2017],0.2267022225243206,179.6298564404133,2.698446163175679
93,2,43,20,[   0  389 2017],0.2267022225243206,179.6298564404133,2.698446163175679
94,2,43,40,[   0  389 2017],0.2267022225243206,179.6298564404133,2.698446163175679
95,2,43,60,[   0  389 2017],0.2267022225243206,179.6298564404133,2.698446163175679
96,2,44,0,[   0  389  930 2017],0.026324610427236078,125.24373546730116,2.7860246266002973
97,2,44,20,[   0  389  930 2017],0.026324610427236078,125.24373546730116,2.7860246266002973
98,2,44,40,[   0  389  930 2017],0.026324610427236078,125.24373546730116,2.7860246266002973
99,2,44,60,[   0  389  930 2017],0.026324610427236078,125.24373546730116,2.7860246266002973
100,2,45,0,[   0  260 2017],0.13632402815389988,190.08046449098458,2.612531436205467
101,2,45,20,[   0  260 2017],0.13632402815389988,190.08046449098458,2.612531436205467
102,2,45,40,[   0  260 2017],0.13632402815389988,190.08046449098458,2.612531436205467
103,2,45,60,[   0  260 2017],0.13632402815389988,190.08046449098458,2.612531436205467
104,2,46,0,[   0  346 2017],0.2013499669202937,201.88671121968872,2.5990120541021673
105,2,46,20,[   0  346 2017],0.2013499669202937,201.88671121968872,2.5990120541021673
106,2,46,40,[   0  346 2017],0.2013499669202937,201.88671121968872,2.5990120541021673
107,2,46,60,[   0  346 2017],0.2013499669202937,201.88671121968872,2.5990120541021673
108,2,47,0,[   0  389 1158 2017],0.24597931004357698,149.86796401964799,2.7681800719002974
109,2,47,20,[   0  389 1158 2017],0.24597931004357698,149.86796401964799,2.7681800719002974
110,2,47,40,[   0  389 1158 2017],0.24597931004357698,149.86796401964799,2.7681800719002974
111,2,47,60,[   0  389 1158 2017],0.24597931004357698,149.86796401964799,2.7681800719002974
112,2,48,0,[   0  389 1077 2017],0.023004427634279415,120.28396984456444,2.882300746585584
113,2,48,20,[   0  389 1077 2017],0.023004427634279415,120.28396984456444,2.882300746585584
114,2,48,40,[   0  389 1077 2017],0.023004427634279415,120.28396984456444,2.882300746585584
115,2,48,60,[   0  389 1077 2017],0.023004427634279415,120.28396984456444,2.882300746585584
116,2,49,0,[   0  442 2017],0.16532646943897167,191.8369033156666,2.619518029441301
117,2,49,20,[   0  442 2017],0.16532646943897167,191.8369033156666,2.619518029441301
118,2,49,40,[   0  442 2017],0.16532646943897167,191.8369033156666,2.619518029441301
119,2,49,60,[   0  442 2017],0.16532646943897167,191.8369033156666,2.619518029441301
120,2,50,0,[   0  318 2017],0.12465697354903164,177.23073963909738,2.712800120597199
121,2,50,20,[   0  318 2017],0.12465697354903164,177.23073963909738,2.712800120597199
122,2,50,40,[   0  318 2017],0.12465697354903164,177.23073963909738,2.712800120597199
123,2,50,60,[   0  318 2017],0.12465697354903164,177.23073963909738,2.712800120597199
124,3,20,0,[   0  346  840 1033 1034 2017],0.043531721173447634,101.90275760823461,1.8248409258508687
125,3,20,20,[   0  346  840 1034 2017],0.043531721173447634,101.90275760823461,1.8248409258508687
126,3,20,40,[   0  346  840 1034 2017],0.043531721173447634,101.90275760823461,1.8248409258508687
127,3,20,60,[   0  346  840 1034 2017],0.043531721173447634,101.90275760823461,1.8248409258508687
128,3,21,0,[   0  447  572 1033 1034 2017],0.02137865092261269,99.37502529513495,1.8054197641981098
129,3,21,20,[   0  447  572 1034 2017],0.02137865092261269,99.37502529513495,1.8054197641981098
130,3,21,40,[   0  447  572 1034 2017],0.02137865092261269,99.37502529513495,1.8054197641981098
131,3,21,60,[   0  447  572 1034 2017],0.02137865092261269,99.37502529513495,1.8054197641981098
132,3,22,0,[   0  545 1033 1034 2017],0.05143277951334691,101.27635240439369,1.5771696854798192
133,3,22,20,[   0  545 1034 2017],0.05143277951334691,101.27635240439369,1.5771696854798192
134,3,22,40,[   0  545 1034 2017],0.05143277951334691,101.27635240439369,1.5771696854798192
135,3,22,60,[   0  545 1034 2017],0.05143277951334691,101.27635240439369,1.5771696854798192
136,3,23,0,[   0  455  789 2017],0.01970207549590376,78.2165352379466,3.8858329206477262
137,3,23,20,[   0  455  789 2017],0.01970207549590376,78.2165352379466,3.8858329206477262
138,3,23,40,[   0  455  789 2017],0.01970207549590376,78.2165352379466,3.8858329206477262
139,3,23,60,[   0  455  930 2017],0.01970207549590376,78.2165352379466,3.8858329206477262
140,3,24,0,[   0  442  943 2017],0.020053356179694424,78.60288801879125,3.7647258466311726
141,3,24,20,[   0  442  943 2017],0.020053356179694424,78.60288801879125,3.7647258466311726
142,3,24,40,[   0  442  943 2017],0.020053356179694424,78.60288801879125,3.7647258466311726
143,3,24,60,[   0  442  943 2017],0.020053356179694424,78.60288801879125,3.7647258466311726
144,3,25,0,[   0  350  572 1033 1034 2017],0.021521663895325185,101.01202882677234,1.749159640497709
145,3,25,20,[   0  350  572 1034 2017],0.021521663895325185,101.01202882677234,1.749159640497709
146,3,25,40,[   0  350  572 1034 2017],0.021521663895325185,101.01202882677234,1.749159640497709
147,3,25,60,[   0  350  572 1034 2017],0.021521663895325185,101.01202882677234,1.749159640497709
148,3,26,0,[   0  572 1033 1034 2017],0.04830697116472425,102.63594771426769,1.5640700895381114
149,3,26,20,[   0  572 1034 2017],0.04830697116472425,102.63594771426769,1.5640700895381114
150,3,26,40,[   0  572 1034 2017],0.04830697116472425,102.63594771426769,1.5640700895381114
151,3,26,60,[   0  572 1034 2017],0.04830697116472425,102.63594771426769,1.5640700895381114
152,3,27,0,[   0  404  943 1115 2017],-0.018197354133464138,108.96844980850621,3.637094387788489
153,3,27,20,[   0  404  943 1115 2017],-0.018197354133464138,108.96844980850621,3.637094387788489
154,3,27,40,[   0  404  943 1115 2017],-0.018197354133464138,108.96844980850621,3.637094387788489
155,3,27,60,[   0  404  943 1115 2017],-0.018197354133464138,108.96844980850621,3.637094387788489
156,3,28,0,[   0  350  957 1085 2017],-0.018275503006286015,124.63098877657356,3.8635665929335503
157,3,28,20,[   0  350  957 1085 2017],-0.018275503006286015,124.63098877657356,3.8635665929335503
158,3,28,40,[   0  350  957 1085 2017],-0.018275503006286015,124.63098877657356,3.8635665929335503
159,3,28,60,[   0  350  957 1085 2017],-0.018275503006286015,124.63098877657356,3.8635665929335503
160,3,29,0,[   0  404  957 1085 2017],-0.018144501704179833,118.27784870090998,3.944858267482856
161,3,29,20,[   0  404  957 1085 2017],-0.018144501704179833,118.27784870090998,3.944858267482856
162,3,29,40,[   0  404  957 1085 2017],-0.018144501704179833,118.27784870090998,3.944858267482856
163,3,29,60,[   0  404  957 1085 2017],-0.018144501704179833,118.27784870090998,3.944858267482856
164,3,30,0,[   0  404 1046 1085 2017],-0.013739344009100147,113.04973950634596,4.022096321361025
165,3,30,20,[   0  404 1046 1085 2017],-0.013739344009100147,113.04973950634596,4.022096321361025
166,3,30,40,[   0  404 1085 2017],-0.013739344009100147,113.04973950634596,4.022096321361025
167,3,30,60,[   0  404 1085 2017],-0.013739344009100147,113.04973950634596,4.022096321361025
168,3,31,0,[   0  404  941 1149 2017],-0.041500425951833765,112.39478354745518,3.5497948054147273
169,3,31,20,[   0  404  941 1149 2017],-0.041500425951833765,112.39478354745518,3.5497948054147273
170,3,31,40,[   0  404  941 1149 2017],-0.041500425951833765,112.39478354745518,3.5497948054147273
171,3,31,60,[   0  404  941 1149 2017],-0.041500425951833765,112.39478354745518,3.5497948054147273
172,3,32,0,[   0  346  572 1085 2017],-0.013695472230668691,104.02296257727977,3.4678576751787547
173,3,32,20,[   0  346  572 1085 2017],-0.013695472230668691,104.02296257727977,3.4678576751787547
174,3,32,40,[   0  346  572 1085 2017],-0.013695472230668691,104.02296257727977,3.4678576751787547
175,3,32,60,[   0  346  572 1085 2017],-0.013695472230668691,104.02296257727977,3.4678576751787547
176,3,33,0,[   0  447  572 1275 2017],0.052466451895375264,126.31261273197303,2.981313387812968
177,3,33,20,[   0  447  572 1275 2017],0.052466451895375264,126.31261273197303,2.981313387812968
178,3,33,40,[   0  447  572 1275 2017],0.052466451895375264,126.31261273197303,2.981313387812968
179,3,33,60,[   0  447  572 1275 2017],0.052466451895375264,126.31261273197303,2.981313387812968
180,3,34,0,[   0  350 1033 1034 2017],0.14401726398298564,147.3481172349649,1.6891296364729127
181,3,34,20,[   0  350 1034 2017],0.14401726398298564,147.3481172349649,1.6891296364729127
182,3,34,40,[   0  350 1034 2017],0.14401726398298564,147.3481172349649,1.6891296364729127
183,3,34,60,[   0  350 1034 2017],0.14401726398298564,147.3481172349649,1.6891296364729127
184,3,35,0,[   0  350  930 1115 2017],-0.027759834345729425,117.3330010732006,4.450826885373052
185,3,35,20,[   0  350  930 1115 2017],-0.027759834345729425,117.3330010732006,4.450826885373052
186,3,35,40,[   0  350  930 1115 2017],-0.027759834345729425,117.3330010732006,4.450826885373052
187,3,35,60,[   0  350  930 1115 2017],-0.027759834345729425,117.3330010732006,4.450826885373052
188,3,36,0,[   0  389 1033 1034 1382 2017],0.2969762030820284,116.39162673553211,1.9454217993345582
189,3,36,20,[   0  389 1034 1382 2017],0.2969762030820284,116.39162673553211,1.9454217993345582
190,3,36,40,[   0  389 1034 1382 2017],0.2969762030820284,116.39162673553211,1.9454217993345582
191,3,36,60,[   0  389 1034 1382 2017],0.2969762030820284,116.39162673553211,1.9454217993345582
192,3,37,0,[   0  455  567 1158 2017],0.06091067958782032,113.50275805330055,3.0155081470408955
193,3,37,20,[   0  455  567 1158 2017],0.06091067958782032,113.50275805330055,3.0155081470408955
194,3,37,40,[   0  455  567 1158 2017],0.06091067958782032,113.50275805330055,3.0155081470408955
195,3,37,60,[   0  455  567 1158 2017],0.06091067958782032,113.50275805330055,3.0155081470408955
196,3,38,0,[   0  350 1046 1115 2017],-0.04423831055275375,106.88671516460978,5.221889530816815
197,3,38,20,[   0  350 1046 1115 2017],-0.04423831055275375,106.88671516460978,5.221889530816815
198,3,38,40,[   0  350 1046 1115 2017],-0.04423831055275375,106.88671516460978,5.221889530816815
199,3,38,60,[   0  350 1046 1115 2017],-0.04423831055275375,106.88671516460978,5.221889530816815
200,3,39,0,[   0  389  545 1158 2017],0.026937644893107633,107.42102775124634,3.075710440592767
201,3,39,20,[   0  389  545 1158 2017],0.026937644893107633,107.42102775124634,3.075710440592767
202,3,39,40,[   0  389  545 1158 2017],0.026937644893107633,107.42102775124634,3.075710440592767
203,3,39,60,[   0  389  545 1158 2017],0.026937644893107633,107.42102775124634,3.075710440592767
204,3,40,0,[   0  346 1033 1034 2017],0.22143260669857975,128.09846260521385,1.8086592511961295
205,3,40,20,[   0  346 1034 1761 2017],0.22143260669857975,128.09846260521385,1.8086592511961295
206,3,40,40,[   0  346 1034 1761 2017],0.22143260669857975,128.09846260521385,1.8086592511961295
207,3,40,60,[   0  346 1034 1761 2017],0.22143260669857975,128.09846260521385,1.8086592511961295
208,3,41,0,[   0  346 1033 1034 2017],0.16193596911759686,125.8431526923198,1.9124498958313974
209,3,41,20,[   0  346 1034 1761 2017],0.16193596911759686,125.8431526923198,1.9124498958313974
210,3,41,40,[   0  346 1034 1761 2017],0.16193596911759686,125.8431526923198,1.9124498958313974
211,3,41,60,[   0  346 1034 1761 2017],0.16193596911759686,125.8431526923198,1.9124498958313974
212,3,42,0,[   0  389  716 1096 1761 2017],-0.016568159299741658,110.53185025048991,3.4035631132513444
213,3,42,20,[   0  389  716 1096 1761 2017],-0.016568159299741658,110.53185025048991,3.4035631132513444
214,3,42,40,[   0  389  716 1096 1761 2017],-0.016568159299741658,110.53185025048991,3.4035631132513444
215,3,42,60,[   0  389  716 1096 1761 2017],-0.016568159299741658,110.53185025048991,3.4035631132513444
216,3,43,0,[   0  389 1033 1034 2017],0.22456185946546994,130.38115728877955,1.8342416442976173
217,3,43,20,[   0  389 1034 2017],0.22456185946546994,130.38115728877955,1.8342416442976173
218,3,43,40,[   0  389 1034 2017],0.22456185946546994,130.38115728877955,1.8342416442976173
219,3,43,60,[   0  389 1034 2017],0.22456185946546994,130.38115728877955,1.8342416442976173
220,3,44,0,[   0  389  930 1085 2017],-0.015620555753650274,120.97142270653866,3.7124133370277135
221,3,44,20,[   0  389  930 1085 2017],-0.015620555753650274,120.97142270653866,3.7124133370277135
222,3,44,40,[   0  389  930 1085 2017],-0.015620555753650274,120.97142270653866,3.7124133370277135
223,3,44,60,[   0  389  930 1085 2017],-0.015620555753650274,120.97142270653866,3.7124133370277135
224,3,45,0,[   0  260 1033 1034 2017],0.13618151150156457,136.17829660946134,1.771938424826178
225,3,45,20,[   0  260 1034 2017],0.13618151150156457,136.17829660946134,1.771938424826178
226,3,45,40,[   0  260 1034 2017],0.13618151150156457,136.17829660946134,1.771938424826178
227,3,45,60,[   0  260 1034 2017],0.13618151150156457,136.17829660946134,1.771938424826178
228,3,46,0,[   0  346 1033 1034 2017],0.20037410930883273,142.48608167924544,1.7674494661613227
229,3,46,20,[   0  346 1034 1761 2017],0.20037410930883273,142.48608167924544,1.7674494661613227
230,3,46,40,[   0  346 1034 1761 2017],0.20037410930883273,142.48608167924544,1.7674494661613227
231,3,46,60,[   0  346 1034 1761 2017],0.20037410930883273,142.48608167924544,1.7674494661613227
232,3,47,0,[   0  389 1033 1034 1158 2017],0.24201393018895406,114.59388684907857,1.8757721529367164
233,3,47,20,[   0  389 1033 1158 2017],0.24201393018895406,114.59388684907857,1.8757721529367164
234,3,47,40,[   0  389 1033 1158 2017],0.24201393018895406,114.59388684907857,1.8757721529367164
235,3,47,60,[   0  389 1033 1158 2017],0.24201393018895406,114.59388684907857,1.8757721529367164
236,3,48,0,[   0  389 1129 2017],-0.04320794183440096,115.35013459328769,4.486469272093881
237,3,48,20,[   0  389 1129 2017],-0.04320794183440096,115.35013459328769,4.486469272093881
238,3,48,40,[   0  389 1129 2017],-0.04320794183440096,115.35013459328769,4.486469272093881
239,3,48,60,[   0  389 1129 2017],-0.04320794183440096,115.35013459328769,4.486469272093881
240,3,49,0,[   0  442 1033 1034 2017],0.16462041427300003,137.24429686893177,1.7767928353782496
241,3,49,20,[   0  442 1034 2017],0.16462041427300003,137.24429686893177,1.7767928353782496
242,3,49,40,[   0  442 1034 2017],0.16462041427300003,137.24429686893177,1.7767928353782496
243,3,49,60,[   0  442 1034 2017],0.16462041427300003,137.24429686893177,1.7767928353782496
244,3,50,0,[   0  318 1033 1034 2017],0.12457306104194842,129.37031845826394,1.8384346849410471
245,3,50,20,[   0  318 1034 2017],0.12457306104194842,129.37031845826394,1.8384346849410471
246,3,50,40,[   0  318 1034 2017],0.12457306104194842,129.37031845826394,1.8384346849410471
247,3,50,60,[   0  318 1034 2017],0.12457306104194842,129.37031845826394,1.8384346849410471
248,4,20,0,[   0  346  840 1033 1034 1332 1333 2017],0.04539785410353974,94.41621329842937,1.3915494654987561
249,4,20,20,[   0  346  840 1034 1332 2017],0.04539785410353974,94.41621329842937,1.3915494654987561
250,4,20,40,[   0  346  840 1034 1332 2017],0.04539785410353974,94.41621329842937,1.3915494654987561
251,4,20,60,[   0  346  840 1034 1332 2017],0.04539785410353974,94.41621329842937,1.3915494654987561
252,4,21,0,[   0  447  572 1033 1034 1332 1333 2017],0.023216921365818148,92.63327595223673,1.377227679000448
253,4,21,20,[   0  447  572 1034 1332 2017],0.023216921365818148,92.63327595223673,1.377227679000448
254,4,21,40,[   0  447  572 1034 1332 2017],0.023216921365818148,92.63327595223673,1.377227679000448
255,4,21,60,[   0  447  572 1034 1332 2017],0.023216921365818148,92.63327595223673,1.377227679000448
256,4,22,0,[   0  545 1033 1034 1332 1333 2017],0.05371977611997545,94.00136699908833,1.2056600205334531
257,4,22,20,[   0  545 1034 1332 2017],0.05371977611997545,94.00136699908833,1.2056600205334531
258,4,22,40,[   0  545 1034 1332 2017],0.05371977611997545,94.00136699908833,1.2056600205334531
259,4,22,60,[   0  545 1034 1332 2017],0.05371977611997545,94.00136699908833,1.2056600205334531
260,4,23,0,[   0  455  930 1033 1034 2017],0.0208799158889681,78.96677383886444,2.9436129830340825
261,4,23,20,[   0  455  930 1034 2017],0.0208799158889681,78.96677383886444,2.9436129830340825
262,4,23,40,[   0  455  930 1034 2017],0.0208799158889681,78.96677383886444,2.9436129830340825
263,4,23,60,[   0  455  930 1034 2017],0.0208799158889681,78.96677383886444,2.9436129830340825
264,4,24,0,[   0  442  943 1033 1034 2017],0.021209213399226597,79.24380554600762,2.8539360074826807
265,4,24,20,[   0  442  943 1034 2017],0.021209213399226597,79.24380554600762,2.8539360074826807
266,4,24,40,[   0  442  943 1034 2017],0.021209213399226597,79.24380554600762,2.8539360074826807
267,4,24,60,[   0  442  943 1034 2017],0.021209213399226597,79.24380554600762,2.8539360074826807
268,4,25,0,[   0  350  572 1033 1034 1332 1333 2017],0.02340713220787638,93.79742103189055,1.335148180216311
269,4,25,20,[   0  350  572 1034 1332 2017],0.02340713220787638,93.79742103189055,1.335148180216311
270,4,25,40,[   0  350  572 1034 1332 2017],0.02340713220787638,93.79742103189055,1.335148180216311
271,4,25,60,[   0  350  572 1034 1332 2017],0.02340713220787638,93.79742103189055,1.335148180216311
272,4,26,0,[   0  572 1033 1034 1332 1333 2017],0.05056689059646369,94.9747310358635,1.1958436061110387
273,4,26,20,[   0  572 1034 1332 2017],0.05056689059646369,94.9747310358635,1.1958436061110387
274,4,26,40,[   0  572 1034 1332 2017],0.05056689059646369,94.9747310358635,1.1958436061110387
275,4,26,60,[   0  572 1034 1332 2017],0.05056689059646369,94.9747310358635,1.1958436061110387
276,4,27,0,[   0  404  943 1033 1034 1115 2017],-0.016196361576693897,100.7681626222555,2.7549533338004797
277,4,27,20,[   0  404  943 1115 2017],-0.016196361576693897,100.7681626222555,2.7549533338004797
278,4,27,40,[   0  404  943 1115 2017],-0.016196361576693897,100.7681626222555,2.7549533338004797
279,4,27,60,[   0  404  943 1115 2017],-0.016196361576693897,100.7681626222555,2.7549533338004797
280,4,28,0,[   0  350  957 1033 1034 1085 2017],-0.016038015977399844,111.94341263143369,2.924213737263666
281,4,28,20,[   0  350  957 1085 2017],-0.016038015977399844,111.94341263143369,2.924213737263666
282,4,28,40,[   0  350  957 1085 2017],-0.016038015977399844,111.94341263143369,2.924213737263666
283,4,28,60,[   0  350  957 1085 2017],-0.016038015977399844,111.94341263143369,2.924213737263666
284,4,29,0,[   0  404  957 1033 1034 2017],-0.015780839648286086,107.42797599412006,2.9845645432340135
285,4,29,20,[   0  404  957 1085 2017],-0.015780839648286086,107.42797599412006,2.9845645432340135
286,4,29,40,[   0  404  957 1085 2017],-0.015780839648286086,107.42797599412006,2.9845645432340135
287,4,29,60,[   0  404  957 1085 2017],-0.015780839648286086,107.42797599412006,2.9845645432340135
288,4,30,0,[   0  404 1033 1034 2017],-0.011290698348451757,103.69765859965818,3.042119059236923
289,4,30,20,[   0  404 1046 1085 2017],-0.011290698348451757,103.69765859965818,3.042119059236923
290,4,30,40,[   0  404 1085 2017],-0.011290698348451757,103.69765859965818,3.042119059236923
291,4,30,60,[   0  404 1085 2017],-0.011290698348451757,103.69765859965818,3.042119059236923
292,4,31,0,[   0  404  941 1033 1034 1149 2017],-0.039608802972523956,103.251606964391,2.6900242502765557
293,4,31,20,[   0  404  941 1034 1149 2017],-0.039608802972523956,103.251606964391,2.6900242502765557
294,4,31,40,[   0  404  941 1034 1149 2017],-0.039608802972523956,103.251606964391,2.6900242502765557
295,4,31,60,[   0  404  941 1034 1149 2017],-0.039608802972523956,103.251606964391,2.6900242502765557
296,4,32,0,[   0  346  572 1033 1034 1085 2017],-0.011107352023997855,97.29357974801673,2.625370589448329
297,4,32,20,[   0  346  572 1033 1085 2017],-0.011107352023997855,97.29357974801673,2.625370589448329
298,4,32,40,[   0  346  572 1033 1085 2017],-0.011107352023997855,97.29357974801673,2.625370589448329
299,4,32,60,[   0  346  572 1085 2017],-0.011107352023997855,97.29357974801673,2.625370589448329
300,4,33,0,[   0  447  572 1033 1034 1275 2017],0.05381394889138749,113.2604155849552,2.26006810566552
301,4,33,20,[   0  447  572 1034 1275 2017],0.05381394889138749,113.2604155849552,2.26006810566552
302,4,33,40,[   0  447  572 1034 1275 2017],0.05381394889138749,113.2604155849552,2.26006810566552
303,4,33,60,[   0  447  572 1034 1275 2017],0.05381394889138749,113.2604155849552,2.26006810566552
304,4,34,0,[   0  350 1033 1034 1332 1333 2017],0.1441244583232798,126.73874140699702,1.291565594229162
305,4,34,20,[   0  350 1034 1332 2017],0.1441244583232798,126.73874140699702,1.291565594229162
306,4,34,40,[   0  350 1034 1332 2017],0.1441244583232798,126.73874140699702,1.291565594229162
307,4,34,60,[   0  350 1034 1332 2017],0.1441244583232798,126.73874140699702,1.291565594229162
308,4,35,0,[   0  350  930 1033 1034 1115 2017],-0.025377098904594744,106.77775827461902,3.363660036730785
309,4,35,20,[   0  350  930 1115 2017],-0.025377098904594744,106.77775827461902,3.363660036730785
310,4,35,40,[   0  350  930 1115 2017],-0.025377098904594744,106.77775827461902,3.363660036730785
311,4,35,60,[   0  350  930 1115 2017],-0.025377098904594744,106.77775827461902,3.363660036730785
312,4,36,0,[   0  389 1033 1034 1332 1333 2017],0.2933903768465491,104.58867995322666,1.4873925369841994
313,4,36,20,[   0  389 1034 1332 2017],0.2933903768465491,104.58867995322666,1.4873925369841994
314,4,36,40,[   0  389 1034 1332 2017],0.2933903768465491,104.58867995322666,1.4873925369841994
315,4,36,60,[   0  389 1034 1332 2017],0.2933903768465491,104.58867995322666,1.4873925369841994
316,4,37,0,[   0  455  567 1033 1034 1158 2017],0.06204273350204461,104.04107294897022,2.28452300683131
317,4,37,20,[   0  455  567 1033 1158 2017],0.06204273350204461,104.04107294897022,2.28452300683131
318,4,37,40,[   0  455  567 1033 1158 2017],0.06204273350204461,104.04107294897022,2.28452300683131
319,4,37,60,[   0  455  567 1033 1158 2017],0.06204273350204461,104.04107294897022,2.28452300683131
320,4,38,0,[   0  350 1033 1034 1115 2017],-0.04198888816994656,99.24274371707972,3.943060322172049
321,4,38,20,[   0  350 1046 1115 2017],-0.04198888816994656,99.24274371707972,3.943060322172049
322,4,38,40,[   0  350 1046 1115 2017],-0.04198888816994656,99.24274371707972,3.943060322172049
323,4,38,60,[   0  350 1046 1115 2017],-0.04198888816994656,99.24274371707972,3.943060322172049
324,4,39,0,[   0  389  545 1033 1034 1158 2017],0.028255248908553684,99.75221115869694,2.3257688643140835
325,4,39,20,[   0  389  545 1034 1158 2017],0.028255248908553684,99.75221115869694,2.3257688643140835
326,4,39,40,[   0  389  545 1034 1158 2017],0.028255248908553684,99.75221115869694,2.3257688643140835
327,4,39,60,[   0  389  545 1034 1158 2017],0.028255248908553684,99.75221115869694,2.3257688643140835
328,4,40,0,[   0  346 1033 1034 1332 1333 2017],0.21884104786372036,112.79986336461971,1.3825363193938802
329,4,40,20,[   0  346 1034 1332 2017],0.21884104786372036,112.79986336461971,1.3825363193938802
330,4,40,40,[   0  346 1034 1332 2017],0.21884104786372036,112.79986336461971,1.3825363193938802
331,4,40,60,[   0  346 1034 1332 2017],0.21884104786372036,112.79986336461971,1.3825363193938802
332,4,41,0,[   0  346 1033 1034 1332 1333 2017],0.16130626133228743,111.33517461924733,1.4609390347042837
333,4,41,20,[   0  346 1034 1332 2017],0.16130626133228743,111.33517461924733,1.4609390347042837
334,4,41,40,[   0  346 1034 1332 2017],0.16130626133228743,111.33517461924733,1.4609390347042837
335,4,41,60,[   0  346 1034 1332 2017],0.16130626133228743,111.33517461924733,1.4609390347042837
336,4,42,0,[   0  389  716 1033 1034 1096 1761 2017],-0.014655706809619546,101.9047244405479,2.5769745676027855
337,4,42,20,[   0  389  716 1033 1096 1761 2017],-0.014655706809619546,101.9047244405479,2.5769745676027855
338,4,42,40,[   0  389  716 1033 1096 1761 2017],-0.014655706809619546,101.9047244405479,2.5769745676027855
339,4,42,60,[   0  389  716 1033 1096 1761 2017],-0.014655706809619546,101.9047244405479,2.5769745676027855
340,4,43,0,[   0  389  609 1033 1034 1761 2017],0.039868820227036854,115.50730804591969,2.2321644086527694
341,4,43,20,[   0  389  609 1034 1761 2017],0.039868820227036854,115.50730804591969,2.2321644086527694
342,4,43,40,[   0  389  609 1034 1761 2017],0.039868820227036854,115.50730804591969,2.2321644086527694
343,4,43,60,[   0  389  609 1034 1761 2017],0.039868820227036854,115.50730804591969,2.2321644086527694
344,4,44,0,[   0  389  930 1033 1034 1085 2017],-0.013418583320502919,109.36627239473503,2.811017892383562
345,4,44,20,[   0  389  930 1085 2017],-0.013418583320502919,109.36627239473503,2.811017892383562
346,4,44,40,[   0  389  930 1085 2017],-0.013418583320502919,109.36627239473503,2.811017892383562
347,4,44,60,[   0  389  930 1085 2017],-0.013418583320502919,109.36627239473503,2.811017892383562
348,4,45,0,[   0  260 1033 1034 1332 1333 2017],0.1360272749639093,118.75686359771355,1.3522385200716995
349,4,45,20,[   0  260 1034 1332 2017],0.1360272749639093,118.75686359771355,1.3522385200716995
350,4,45,40,[   0  260 1034 1332 2017],0.1360272749639093,118.75686359771355,1.3522385200716995
351,4,45,60,[   0  260 1034 1332 2017],0.1360272749639093,118.75686359771355,1.3522385200716995
352,4,46,0,[   0  346 1033 1034 1332 1333 2017],0.19940153901317043,123.2181447583043,1.3525170444952068
353,4,46,20,[   0  346 1034 1332 2017],0.19940153901317043,123.2181447583043,1.3525170444952068
354,4,46,40,[   0  346 1034 1332 2017],0.19940153901317043,123.2181447583043,1.3525170444952068
355,4,46,60,[   0  346 1034 1332 2017],0.19940153901317043,123.2181447583043,1.3525170444952068
356,4,47,0,[   0  389  607 1033 1034 1158 2017],0.04474007361374039,104.81376702768533,2.199065855264159
357,4,47,20,[   0  389  607 1033 1158 2017],0.04474007361374039,104.81376702768533,2.199065855264159
358,4,47,40,[   0  389  607 1033 1158 2017],0.04474007361374039,104.81376702768533,2.199065855264159
359,4,47,60,[   0  389  607 1033 1158 2017],0.04474007361374039,104.81376702768533,2.199065855264159
360,4,48,0,[   0  389 1033 1034 1129 2017],-0.04091795007443245,105.35839797116796,3.391199415390148
361,4,48,20,[   0  389 1033 1129 2017],-0.04091795007443245,105.35839797116796,3.391199415390148
362,4,48,40,[   0  389 1033 1129 2017],-0.04091795007443245,105.35839797116796,3.391199415390148
363,4,48,60,[   0  389 1033 1129 2017],-0.04091795007443245,105.35839797116796,3.391199415390148
364,4,49,0,[   0  442 1033 1034 1332 1333 2017],0.16391041319903124,119.58880395427332,1.3562324367974552
365,4,49,20,[   0  442 1034 1332 2017],0.16391041319903124,119.58880395427332,1.3562324367974552
366,4,49,40,[   0  442 1034 1332 2017],0.16391041319903124,119.58880395427332,1.3562324367974552
367,4,49,60,[   0  442 1034 1332 2017],0.16391041319903124,119.58880395427332,1.3562324367974552
368,4,50,0,[   0  318 1033 1034 1332 1333 2017],0.12447475849831094,113.93911048501009,1.4020470630438724
369,4,50,20,[   0  318 1034 1332 2017],0.12447475849831094,113.93911048501009,1.4020470630438724
370,4,50,40,[   0  318 1034 1332 2017],0.12447475849831094,113.93911048501009,1.4020470630438724
371,4,50,60,[   0  318 1034 1332 2017],0.12447475849831094,113.93911048501009,1.4020470630438724
372,5,20,0,[   0  346  843 1033 1034 1158 1332 1333 2017],0.03973399042387032,90.11933201678643,1.799341269405344
373,5,20,20,[   0  346  843 1034 1158 1333 2017],0.03973399042387032,90.11933201678643,1.799341269405344
374,5,20,40,[   0  346  843 1034 1158 1333 2017],0.03973399042387032,90.11933201678643,1.799341269405344
375,5,20,60,[   0  346  843 1034 1158 1333 2017],0.03973399042387032,90.11933201678643,1.799341269405344
376,5,21,0,[   0  447  572 1033 1034 1158 1332 1333 2017],0.029776756198932913,87.52230213545027,1.7013780777738048
377,5,21,20,[   0  447  572  892 1034 1158 1333 2017],0.029776756198932913,87.52230213545027,1.7013780777738048
378,5,21,40,[   0  447  572  892 1034 1158 1333 2017],0.029776756198932913,87.52230213545027,1.7013780777738048
379,5,21,60,[   0  447  572  892 1034 1158 1333 2017],0.029776756198932913,87.52230213545027,1.7013780777738048
380,5,22,0,[   0  545 1033 1034 1158 1332 1333 2017],0.059868365847161466,88.9687350194549,1.4636329401519297
381,5,22,20,[   0  545  941 1034 1158 1333 2017],0.059868365847161466,88.9687350194549,1.4636329401519297
382,5,22,40,[   0  545  941 1034 1158 1333 2017],0.059868365847161466,88.9687350194549,1.4636329401519297
383,5,22,60,[   0  545  941 1034 1158 1333 2017],0.059868365847161466,88.9687350194549,1.4636329401519297
384,5,23,0,[   0  455  930 1033 1034 1332 1333 2017],0.02201304674078732,79.67007546295301,2.3814460397349935
385,5,23,20,[   0  455  930 1034 1332 2017],0.02201304674078732,79.67007546295301,2.3814460397349935
386,5,23,40,[   0  455  930 1034 1332 2017],0.02201304674078732,79.67007546295301,2.3814460397349935
387,5,23,60,[   0  455  930 1034 1332 2017],0.02201304674078732,79.67007546295301,2.3814460397349935
388,5,24,0,[   0  442  943 1033 1034 1332 1333 2017],0.022320129246693656,79.89576775740538,2.3103964747019523
389,5,24,20,[   0  442  943 1034 1332 2017],0.022320129246693656,79.89576775740538,2.3103964747019523
390,5,24,40,[   0  442  943 1034 1332 2017],0.022320129246693656,79.89576775740538,2.3103964747019523
391,5,24,60,[   0  442  943 1034 1332 2017],0.022320129246693656,79.89576775740538,2.3103964747019523
392,5,25,0,[   0  350  572 1033 1034 1332 1333 2017],-0.006710099251127499,88.8408985949618,2.3421640445838827
393,5,25,20,[   0  350  572 1033 1097 1246 1333 2017],-0.006710099251127499,88.8408985949618,2.3421640445838827
394,5,25,40,[   0  350  572 1033 1097 1246 1333 2017],-0.006710099251127499,88.8408985949618,2.3421640445838827
395,5,25,60,[   0  350  572 1033 1097 1246 1333 2017],-0.006710099251127499,88.8408985949618,2.3421640445838827
396,5,26,0,[   0  572 1033 1034 1158 1332 1333 2017],0.0496799436162232,88.6312983288,1.3957186770783125
397,5,26,20,[   0  572  931 1034 1158 1333 2017],0.0496799436162232,88.6312983288,1.3957186770783125
398,5,26,40,[   0  572  931 1034 1158 1333 2017],0.0496799436162232,88.6312983288,1.3957186770783125
399,5,26,60,[   0  572  931 1034 1158 1333 2017],0.0496799436162232,88.6312983288,1.3957186770783125
400,5,27,0,[   0  404  943 1033 1034 1115 1332 1333 2017],-0.01423012814939668,97.057673367518,2.2259472843964736
401,5,27,20,[   0  404  943 1115 1332 2017],-0.01423012814939668,97.057673367518,2.2259472843964736
402,5,27,40,[   0  404  943 1115 1332 2017],-0.01423012814939668,97.057673367518,2.2259472843964736
403,5,27,60,[   0  404  943 1115 1332 2017],-0.01423012814939668,97.057673367518,2.2259472843964736
404,5,28,0,[   0  350  957 1033 1034 1332 1333 2017],-0.013853506915126212,105.9983632742697,2.360999057080113
405,5,28,20,[   0  350  957 1085 1332 2017],-0.013853506915126212,105.9983632742697,2.360999057080113
406,5,28,40,[   0  350  957 1085 1332 2017],-0.013853506915126212,105.9983632742697,2.360999057080113
407,5,28,60,[   0  350  957 1085 1332 2017],-0.013853506915126212,105.9983632742697,2.360999057080113
408,5,29,0,[   0  404  957 1033 1034 1332 1333 2017],-0.013466759601106373,102.41072296395208,2.408737694507313
409,5,29,20,[   0  404  957 1085 1332 2017],-0.013466759601106373,102.41072296395208,2.408737694507313
410,5,29,40,[   0  404  957 1085 1332 2017],-0.013466759601106373,102.41072296395208,2.408737694507313
411,5,29,60,[   0  404  957 1085 1332 2017],-0.013466759601106373,102.41072296395208,2.408737694507313
412,5,30,0,[   0  404 1033 1034 1332 1333 2017],-0.00889591673236873,99.44226672368522,2.4543965546510207
413,5,30,20,[   0  404 1046 1085 1332 2017],-0.00889591673236873,99.44226672368522,2.4543965546510207
414,5,30,40,[   0  404 1046 1332 2017],-0.00889591673236873,99.44226672368522,2.4543965546510207
415,5,30,60,[   0  404 1046 1332 2017],-0.00889591673236873,99.44226672368522,2.4543965546510207
416,5,31,0,[   0  404  941 1033 1034 1149 1332 1333 2017],-0.03774992366346898,99.11599124500205,2.174181691877786
417,5,31,20,[   0  404  941 1034 1149 1332 2017],-0.03774992366346898,99.11599124500205,2.174181691877786
418,5,31,40,[   0  404  941 1034 1149 1332 2017],-0.03774992366346898,99.11599124500205,2.174181691877786
419,5,31,60,[   0  404  941 1034 1149 1332 2017],-0.03774992366346898,99.11599124500205,2.174181691877786
420,5,32,0,[   0  346  572 1033 1034 1332 1333 2017],-0.008577470407175575,94.3434241084291,2.1200338793014986
421,5,32,20,[   0  346  572 1033 1085 1332 2017],-0.008577470407175575,94.3434241084291,2.1200338793014986
422,5,32,40,[   0  346  572 1033 1085 1332 2017],-0.008577470407175575,94.3434241084291,2.1200338793014986
423,5,32,60,[   0  346  572 1085 1332 2017],-0.008577470407175575,94.3434241084291,2.1200338793014986
424,5,33,0,[   0  447  572 1033 1034 1332 1333 2017],0.05552607959071462,107.37542171669807,1.8321436307809038
425,5,33,20,[   0  447  572 1034 1275 2017],0.05552607959071462,107.37542171669807,1.8321436307809038
426,5,33,40,[   0  447  572 1034 1275 2017],0.05552607959071462,107.37542171669807,1.8321436307809038
427,5,33,60,[   0  447  572 1034 1275 2017],0.05552607959071462,107.37542171669807,1.8321436307809038
428,5,34,0,[   0  350  545 1033 1034 1332 1333 2017],0.10764762454187239,111.87746451922301,1.3218643702831938
429,5,34,20,[   0  350  545 1034 1332 2017],0.10764762454187239,111.87746451922301,1.3218643702831938
430,5,34,40,[   0  350  545 1034 1332 2017],0.10764762454187239,111.87746451922301,1.3218643702831938
431,5,34,60,[   0  350  545 1034 1332 2017],0.10764762454187239,111.87746451922301,1.3218643702831938
432,5,35,0,[   0  350  930 1033 1034 1115 1332 1333 2017],-0.02304186591490823,101.9173941526787,2.71160173731085
433,5,35,20,[   0  350  930 1115 1332 2017],-0.02304186591490823,101.9173941526787,2.71160173731085
434,5,35,40,[   0  350  930 1115 1332 2017],-0.02304186591490823,101.9173941526787,2.71160173731085
435,5,35,60,[   0  350  930 1115 1332 2017],-0.02304186591490823,101.9173941526787,2.71160173731085
436,5,36,0,[   0  389  507 1033 1034 1332 1333 2017],0.017167930192717423,99.77379544847567,2.002183814709018
437,5,36,20,[   0  389  507  976 1034 1332 1382 2017],0.017167930192717423,99.77379544847567,2.002183814709018
438,5,36,40,[   0  389  507  976 1034 1332 1382 2017],0.017167930192717423,99.77379544847567,2.002183814709018
439,5,36,60,[   0  389  507 1034 1332 2017],0.017167930192717423,99.77379544847567,2.002183814709018
440,5,37,0,[   0  455  567 1033 1034 1158 1332 1333 2017],0.06423297727363833,99.90055780819631,1.856908260641965
441,5,37,20,[   0  455  567 1033 1158 1333 2017],0.06423297727363833,99.90055780819631,1.856908260641965
442,5,37,40,[   0  455  567 1033 1158 1333 2017],0.06423297727363833,99.90055780819631,1.856908260641965
443,5,37,60,[   0  455  567 1033 1158 1333 2017],0.06423297727363833,99.90055780819631,1.856908260641965
444,5,38,0,[   0  350 1033 1034 1115 1332 1333 2017],-0.03978504052285008,95.82709468646524,3.1759762666981204
445,5,38,20,[   0  350 1046 1115 1332 2017],-0.03978504052285008,95.82709468646524,3.1759762666981204
446,5,38,40,[   0  350 1046 1115 1332 2017],-0.03978504052285008,95.82709468646524,3.1759762666981204
447,5,38,60,[   0  350 1046 1115 1332 2017],-0.03978504052285008,95.82709468646524,3.1759762666981204
448,5,39,0,[   0  389  545 1033 1034 1158 1332 1333 2017],0.03008867277182565,96.52756069445893,1.8796690383055599
449,5,39,20,[   0  389  545 1034 1158 1333 2017],0.03008867277182565,96.52756069445893,1.8796690383055599
450,5,39,40,[   0  389  545 1034 1158 1333 2017],0.03008867277182565,96.52756069445893,1.8796690383055599
451,5,39,60,[   0  389  545 1034 1158 1333 2017],0.03008867277182565,96.52756069445893,1.8796690383055599
452,5,40,0,[   0  346  602 1033 1034 1332 1333 2017],0.21034716416183613,99.41523609331995,1.4818975622932702
453,5,40,20,[   0  346  602 1034 1332 2017],0.21034716416183613,99.41523609331995,1.4818975622932702
454,5,40,40,[   0  346  602 1034 1332 2017],0.21034716416183613,99.41523609331995,1.4818975622932702
455,5,40,60,[   0  346  602 1034 1332 2017],0.21034716416183613,99.41523609331995,1.4818975622932702
456,5,41,0,[   0  346  547 1033 1034 1332 1333 2017],0.013194401542773208,99.80280212635742,1.8116022614796325
457,5,41,20,[   0  346  547 1034 1332 2017],0.013194401542773208,99.80280212635742,1.8116022614796325
458,5,41,40,[   0  346  547 1034 1332 2017],0.013194401542773208,99.80280212635742,1.8116022614796325
459,5,41,60,[   0  346  547 1034 1332 2017],0.013194401542773208,99.80280212635742,1.8116022614796325
460,5,42,0,[   0  389  716 1033 1034 1332 1333 2017],-0.012779710129347272,98.04625132431062,2.0804999728535054
461,5,42,20,[   0  389  716 1033 1096 1332 2017],-0.012779710129347272,98.04625132431062,2.0804999728535054
462,5,42,40,[   0  389  716 1033 1096 1332 2017],-0.012779710129347272,98.04625132431062,2.0804999728535054
463,5,42,60,[   0  389  716 1033 1096 1332 2017],-0.012779710129347272,98.04625132431062,2.0804999728535054
464,5,43,0,[   0  389  609 1033 1034 1332 1333 2017],0.04137493948362102,108.94029517301327,1.8062695079225553
465,5,43,20,[   0  389  609 1034 1332 2017],0.04137493948362102,108.94029517301327,1.8062695079225553
466,5,43,40,[   0  389  609 1034 1332 2017],0.04137493948362102,108.94029517301327,1.8062695079225553
467,5,43,60,[   0  389  609 1034 1332 2017],0.04137493948362102,108.94029517301327,1.8062695079225553
468,5,44,0,[   0  389  930 1033 1034 1332 1333 2017],-0.011265091775826418,103.97493877076579,2.270583432722847
469,5,44,20,[   0  389  930 1033 1085 1332 2017],-0.011265091775826418,103.97493877076579,2.270583432722847
470,5,44,40,[   0  389  930 1033 1085 1332 2017],-0.011265091775826418,103.97493877076579,2.270583432722847
471,5,44,60,[   0  389  930 1085 1332 2017],-0.011265091775826418,103.97493877076579,2.270583432722847
472,5,45,0,[   0  507 1033 1034 1332 1333 2017],0.07078667594256463,109.44947813449969,1.937172167606399
473,5,45,20,[   0  260  507 1034 1309 2017],0.07078667594256463,109.44947813449969,1.937172167606399
474,5,45,40,[   0  260  507 1034 1309 2017],0.07078667594256463,109.44947813449969,1.937172167606399
475,5,45,60,[   0  260  507 1034 1309 2017],0.07078667594256463,109.44947813449969,1.937172167606399
476,5,46,0,[   0  346  716 1033 1034 1332 1333 2017],0.020903778139218225,111.05448948748872,1.7790753058929991
477,5,46,20,[   0  346  716 1034 1332 2017],0.020903778139218225,111.05448948748872,1.7790753058929991
478,5,46,40,[   0  346  716 1034 1332 2017],0.020903778139218225,111.05448948748872,1.7790753058929991
479,5,46,60,[   0  346  716 1034 1332 2017],0.020903778139218225,111.05448948748872,1.7790753058929991
480,5,47,0,[   0  389  607 1033 1034 1158 1332 1333 2017],0.04680124312844765,100.62825737037215,1.7806203206572966
481,5,47,20,[   0  389  607 1033 1158 1333 2017],0.04680124312844765,100.62825737037215,1.7806203206572966
482,5,47,40,[   0  389  607 1033 1158 1333 2017],0.04680124312844765,100.62825737037215,1.7806203206572966
483,5,47,60,[   0  389  607 1033 1158 1333 2017],0.04680124312844765,100.62825737037215,1.7806203206572966
484,5,48,0,[   0  389 1033 1034 1129 1332 1333 2017],-0.03867161099694548,100.79617113656329,2.7342075869955584
485,5,48,20,[   0  389 1033 1129 1332 2017],-0.03867161099694548,100.79617113656329,2.7342075869955584
486,5,48,40,[   0  389 1033 1129 1332 2017],-0.03867161099694548,100.79617113656329,2.7342075869955584
487,5,48,60,[   0  389 1033 1129 1332 2017],-0.03867161099694548,100.79617113656329,2.7342075869955584
488,5,49,0,[   0  442  602 1033 1034 1332 1333 2017],0.16183369310932658,108.09981667930823,1.3743056190045406
489,5,49,20,[   0  442  602 1034 1332 2017],0.16183369310932658,108.09981667930823,1.3743056190045406
490,5,49,40,[   0  442  602 1034 1332 2017],0.16183369310932658,108.09981667930823,1.3743056190045406
491,5,49,60,[   0  442  602 1034 1332 2017],0.16183369310932658,108.09981667930823,1.3743056190045406
492,5,50,0,[   0  318  602 1033 1034 1332 1333 2017],0.12398091341583835,103.64166922611057,1.412692125254444
493,5,50,20,[   0  318  602 1034 1332 2017],0.12398091341583835,103.64166922611057,1.412692125254444
494,5,50,40,[   0  318  602 1034 1332 2017],0.12398091341583835,103.64166922611057,1.412692125254444
495,5,50,60,[   0  318  602 1034 1332 2017],0.12398091341583835,103.64166922611057,1.412692125254444
496,6,20,0,[   0  346  532  843 1033 1034 1158 1332 1333 2017],0.04568300788257127,86.76298776958522,2.9369402322438543
497,6,20,20,[   0  346  532  780  843 1034 1158 1333 2017],0.04568300788257127,86.76298776958522,2.9369402322438543
498,6,20,40,[   0  346  532  780  843 1034 1158 1333 2017],0.04568300788257127,86.76298776958522,2.9369402322438543
499,6,20,60,[   0  346  532  780  843 1034 1158 1333 2017],0.04568300788257127,86.76298776958522,2.9369402322438543
500,6,21,0,[   0  447  572  727 1033 1034 1158 1332 1333 2017],0.04120289033097268,84.76272764522439,2.357904964117715
501,6,21,20,[   0  447  482  572  727  892 1034 1158 1333 2017],0.04120289033097268,84.76272764522439,2.357904964117715
502,6,21,40,[   0  447  572  727  892 1034 1158 1333 2017],0.04120289033097268,84.76272764522439,2.357904964117715
503,6,21,60,[   0  447  572  727  892 1034 1158 1333 2017],0.04120289033097268,84.76272764522439,2.357904964117715
504,6,22,0,[   0  455  545  941 1033 1034 1158 1332 1333 2017],0.0681763968632518,82.35168562295546,1.6580628068396974
505,6,22,20,[   0  455  545  620  941 1034 1158 1333 2017],0.0681763968632518,82.35168562295546,1.6580628068396974
506,6,22,40,[   0  455  545  620  941 1034 1158 1333 2017],0.0681763968632518,82.35168562295546,1.6580628068396974
507,6,22,60,[   0  455  545  620  941 1034 1158 1333 2017],0.0681763968632518,82.35168562295546,1.6580628068396974
508,6,23,0,[   0  455  930 1033 1034 1158 1332 1333 2017],0.004649116156014799,80.9786783699386,3.581620817325162
509,6,23,20,[   0  455  789  833  930 1034 1116 1158 1333 2017],0.004649116156014799,80.9786783699386,3.581620817325162
510,6,23,40,[   0  455  789  833  930 1034 1116 1158 1333 2017],0.004649116156014799,80.9786783699386,3.581620817325162
511,6,23,60,[   0  455  930 1034 1158 1333 2017],0.004649116156014799,80.9786783699386,3.581620817325162
512,6,24,0,[   0  442  943 1033 1034 1125 1332 1333 2017],0.006136234606761455,80.11557688764194,3.516265879578507
513,6,24,20,[   0  442  833  943 1033 1125 1332 2017],0.006136234606761455,80.11557688764194,3.516265879578507
514,6,24,40,[   0  442  833  943 1033 1125 1332 2017],0.006136234606761455,80.11557688764194,3.516265879578507
515,6,24,60,[   0  442  833  943 1033 1125 1332 2017],0.006136234606761455,80.11557688764194,3.516265879578507
516,6,25,0,[   0  350  572 1033 1034 1332 1333 2017],-0.015335465954499168,82.63860302684591,2.1410013063608737
517,6,25,20,[   0  350  372  545  572 1033 1097 1246 1333 2017],-0.015335465954499168,82.63860302684591,2.1410013063608737
518,6,25,40,[   0  350  572 1033 1097 1246 1333 2017],-0.015335465954499168,82.63860302684591,2.1410013063608737
519,6,25,60,[   0  350  572 1033 1097 1246 1333 2017],-0.015335465954499168,82.63860302684591,2.1410013063608737
520,6,26,0,[   0  572 1033 1034 1174 1332 1333 2017],-0.0355510795934676,82.73627244870325,2.2521463692273693
521,6,26,20,[   0  572  931 1034 1174 2017],-0.0355510795934676,82.73627244870325,2.2521463692273693
522,6,26,40,[   0  572  931 1034 1174 2017],-0.0355510795934676,82.73627244870325,2.2521463692273693
523,6,26,60,[   0  572  931 1034 1174 2017],-0.0355510795934676,82.73627244870325,2.2521463692273693
524,6,27,0,[   0  372  545  943 1033 1034 1115 1332 1333 2017],-0.017756145682094816,88.9751720007424,2.0313430988677044
525,6,27,20,[   0  372  545  943 1034 1115 1332 2017],-0.017756145682094816,88.9751720007424,2.0313430988677044
526,6,27,40,[   0  372  545  943 1034 1115 1332 2017],-0.017756145682094816,88.9751720007424,2.0313430988677044
527,6,27,60,[   0  372  545  943 1034 1115 1332 2017],-0.017756145682094816,88.9751720007424,2.0313430988677044
528,6,28,0,[   0  350  545 1033 1034 1332 1333 2017],-0.014451840712347376,97.03447479788144,2.1694747347785905
529,6,28,20,[   0  350  545  957 1033 1085 1332 2017],-0.014451840712347376,97.03447479788144,2.1694747347785905
530,6,28,40,[   0  350  545  957 1033 1085 1332 2017],-0.014451840712347376,97.03447479788144,2.1694747347785905
531,6,28,60,[   0  350  545  957 1085 1332 2017],-0.014451840712347376,97.03447479788144,2.1694747347785905
532,6,29,0,[   0  372  545 1033 1034 1332 1333 2017],-0.01367302929191922,93.51018060773855,2.1673201343038326
533,6,29,20,[   0  372  545  957 1033 1085 1332 2017],-0.01367302929191922,93.51018060773855,2.1673201343038326
534,6,29,40,[   0  372  545  957 1033 1085 1332 2017],-0.01367302929191922,93.51018060773855,2.1673201343038326
535,6,29,60,[   0  372  545  957 1085 1332 2017],-0.01367302929191922,93.51018060773855,2.1673201343038326
536,6,30,0,[   0  404  915 1033 1034 1200 1332 1333 2017],0.002724040017106276,91.23926174285127,2.6302259217745037
537,6,30,20,[   0  404  915 1046 1085 1200 2017],0.002724040017106276,91.23926174285127,2.6302259217745037
538,6,30,40,[   0  404  915 1046 1200 2017],0.002724040017106276,91.23926174285127,2.6302259217745037
539,6,30,60,[   0  404  915 1046 1200 2017],0.002724040017106276,91.23926174285127,2.6302259217745037
540,6,31,0,[   0  404  941 1033 1034 1149 1332 1333 2017],-0.029573763528978468,91.43667615345656,2.2332035730030113
541,6,31,20,[   0  404  941 1033 1149 1332 2017],-0.029573763528978468,91.43667615345656,2.2332035730030113
542,6,31,40,[   0  404  941 1033 1149 1332 2017],-0.029573763528978468,91.43667615345656,2.2332035730030113
543,6,31,60,[   0  404  941 1033 1149 1332 2017],-0.029573763528978468,91.43667615345656,2.2332035730030113
544,6,32,0,[   0  346  572 1033 1034 1200 1332 1333 2017],0.004717537981388538,88.68315315213007,2.3872749240517863
545,6,32,20,[   0  346  572  835 1033 1085 1200 1333 1987 2017],0.004717537981388538,88.68315315213007,2.3872749240517863
546,6,32,40,[   0  346  572  835 1033 1085 1200 1333 2017],0.004717537981388538,88.68315315213007,2.3872749240517863
547,6,32,60,[   0  346  572  835 1033 1200 1333 2017],0.004717537981388538,88.68315315213007,2.3872749240517863
548,6,33,0,[   0  447  572 1033 1034 1332 1333 2017],0.04225234482369256,99.36148631166637,1.7620167516957077
549,6,33,20,[   0  199  447  545  572 1034 1275 1333 2017],0.04225234482369256,99.36148631166637,1.7620167516957077
550,6,33,40,[   0  447  572 1034 1275 2017],0.04225234482369256,99.36148631166637,1.7620167516957077
551,6,33,60,[   0  447  572 1034 1275 2017],0.04225234482369256,99.36148631166637,1.7620167516957077
552,6,34,0,[   0  350  545 1033 1034 1332 1333 2017],0.11279304881359263,103.27605231821072,1.6496386978748203
553,6,34,20,[   0  350  545  852 1034 1275 2017],0.11279304881359263,103.27605231821072,1.6496386978748203
554,6,34,40,[   0  350  545  852 1034 1275 2017],0.11279304881359263,103.27605231821072,1.6496386978748203
555,6,34,60,[   0  350  545  852 1034 1275 2017],0.11279304881359263,103.27605231821072,1.6496386978748203
556,6,35,0,[   0  350  545  930 1033 1034 1115 1332 1333 2017],-0.02140373483287448,94.51121714016526,2.4964737576038605
557,6,35,20,[   0  350  545  930 1034 1115 1332 2017],-0.02140373483287448,94.51121714016526,2.4964737576038605
558,6,35,40,[   0  350  545  930 1034 1115 1332 2017],-0.02140373483287448,94.51121714016526,2.4964737576038605
559,6,35,60,[   0  350  545  930 1034 1115 1332 2017],-0.02140373483287448,94.51121714016526,2.4964737576038605
560,6,36,0,[   0  389  507 1033 1034 1115 1332 1333 2017],-0.009527441749672233,94.13054242599942,3.214488243953408
561,6,36,20,[   0  389  507  976 1034 1115 1332 1382 1988 2017],-0.009527441749672233,94.13054242599942,3.214488243953408
562,6,36,40,[   0  389  507  976 1034 1115 1332 1382 2017],-0.009527441749672233,94.13054242599942,3.214488243953408
563,6,36,60,[   0  389  507  976 1115 1332 2017],-0.009527441749672233,94.13054242599942,3.214488243953408
564,6,37,0,[   0  455  567 1033 1034 1158 1332 1333 2017],0.04102474180904644,92.63517729738426,1.7879250107511695
565,6,37,20,[   0  187  455  545  567 1033 1158 1333 2017],0.04102474180904644,92.63517729738426,1.7879250107511695
566,6,37,40,[   0  187  455  567 1033 1158 1333 2017],0.04102474180904644,92.63517729738426,1.7879250107511695
567,6,37,60,[   0  187  455  567 1033 1158 1333 2017],0.04102474180904644,92.63517729738426,1.7879250107511695
568,6,38,0,[   0  350  852 1033 1034 1115 1332 1333 2017],-0.02821326823860179,90.14400084856695,3.24995072424673
569,6,38,20,[   0  350  852 1046 1115 1275 2017],-0.02821326823860179,90.14400084856695,3.24995072424673
570,6,38,40,[   0  350  852 1046 1115 1275 2017],-0.02821326823860179,90.14400084856695,3.24995072424673
571,6,38,60,[   0  350  852 1046 1115 1275 2017],-0.02821326823860179,90.14400084856695,3.24995072424673
572,6,39,0,[   0  389  545 1033 1034 1158 1332 1333 2017],0.0009473592030548987,90.86347165849011,1.7451173230896488
573,6,39,20,[   0  201  389  507  545 1034 1158 1333 2017],0.0009473592030548987,90.86347165849011,1.7451173230896488
574,6,39,40,[   0  389  545 1034 1158 1333 2017],0.0009473592030548987,90.86347165849011,1.7451173230896488
575,6,39,60,[   0  389  545 1034 1158 1333 2017],0.0009473592030548987,90.86347165849011,1.7451173230896488
576,6,40,0,[   0  346  602 1033 1034 1332 1333 2017],0.0013767788258021464,89.21191073076284,2.321532655064566
577,6,40,20,[   0  346  602 1063 1332 2017],0.0013767788258021464,89.21191073076284,2.321532655064566
578,6,40,40,[   0  346  602 1063 1332 2017],0.0013767788258021464,89.21191073076284,2.321532655064566
579,6,40,60,[   0  346  602 1063 1332 2017],0.0013767788258021464,89.21191073076284,2.321532655064566
580,6,41,0,[   0  346  547 1033 1034 1125 1332 1333 2017],0.02100255188917203,92.71169775784949,2.3507918837264823
581,6,41,20,[   0  346  547 1033 1125 1332 2017],0.02100255188917203,92.71169775784949,2.3507918837264823
582,6,41,40,[   0  346  547 1033 1125 1332 2017],0.02100255188917203,92.71169775784949,2.3507918837264823
583,6,41,60,[   0  346  547 1033 1125 1332 2017],0.02100255188917203,92.71169775784949,2.3507918837264823
584,6,42,0,[   0  389  602 1033 1034 1332 1333 2017],-0.00756275567558423,91.21191042124829,2.050712473888416
585,6,42,20,[   0  389  602  716 1033 1096 1332 1761 2017],-0.00756275567558423,91.21191042124829,2.050712473888416
586,6,42,40,[   0  389  602  716 1033 1096 1332 1761 2017],-0.00756275567558423,91.21191042124829,2.050712473888416
587,6,42,60,[   0  389  602  716 1033 1096 1332 1761 2017],-0.00756275567558423,91.21191042124829,2.050712473888416
588,6,43,0,[   0  389  609 1033 1034 1332 1333 2017],0.04503072305733126,100.28483876416949,1.8177896231835862
589,6,43,20,[   0  389  592 1034 1332 2017],0.04503072305733126,100.28483876416949,1.8177896231835862
590,6,43,40,[   0  389  592 1034 1332 2017],0.04503072305733126,100.28483876416949,1.8177896231835862
591,6,43,60,[   0  389  592 1034 1332 2017],0.04503072305733126,100.28483876416949,1.8177896231835862
592,6,44,0,[   0  389  592 1033 1034 1332 1333 2017],-0.005204845577329883,96.79262343384846,2.194249057809286
593,6,44,20,[   0  389  592  780  930 1033 1085 1332 2017],-0.005204845577329883,96.79262343384846,2.194249057809286
594,6,44,40,[   0  389  592  780  930 1033 1085 1332 2017],-0.005204845577329883,96.79262343384846,2.194249057809286
595,6,44,60,[   0  389  592  780  930 1085 1332 2017],-0.005204845577329883,96.79262343384846,2.194249057809286
596,6,45,0,[   0  372  545 1033 1034 1332 1333 2017],0.07003649872982981,99.90922592820517,1.8766235780899103
597,6,45,20,[   0  372  507  545 1034 1309 1333 1988 2017],0.07003649872982981,99.90922592820517,1.8766235780899103
598,6,45,40,[   0  372  545 1034 1309 2017],0.07003649872982981,99.90922592820517,1.8766235780899103
599,6,45,60,[   0  372  545 1034 1309 2017],0.07003649872982981,99.90922592820517,1.8766235780899103
600,6,46,0,[   0  346  602 1033 1034 1332 1333 2017],0.025154049827343337,104.26257665577413,1.7314448572549184
601,6,46,20,[   0  346  602  716 1034 1332 2017],0.025154049827343337,104.26257665577413,1.7314448572549184
602,6,46,40,[   0  346  602  716 1034 1332 2017],0.025154049827343337,104.26257665577413,1.7314448572549184
603,6,46,60,[   0  346  602  716 1034 1332 2017],0.025154049827343337,104.26257665577413,1.7314448572549184
604,6,47,0,[   0  389  602 1033 1034 1158 1332 1333 2017],0.049089891249857645,94.55903204673842,1.6458863747597905
605,6,47,20,[   0  389  602 1033 1158 1333 2017],0.049089891249857645,94.55903204673842,1.6458863747597905
606,6,47,40,[   0  389  602 1033 1158 1333 2017],0.049089891249857645,94.55903204673842,1.6458863747597905
607,6,47,60,[   0  389  602 1033 1158 1333 2017],0.049089891249857645,94.55903204673842,1.6458863747597905
608,6,48,0,[   0  389  507 1033 1034 1129 1332 1333 2017],-0.011378594414738511,99.12281574955927,2.9506975587782076
609,6,48,20,[   0  389  507 1033 1129 1332 2017],-0.011378594414738511,99.12281574955927,2.9506975587782076
610,6,48,40,[   0  389  507 1033 1129 1332 2017],-0.011378594414738511,99.12281574955927,2.9506975587782076
611,6,48,60,[   0  389  507 1033 1129 1332 2017],-0.011378594414738511,99.12281574955927,2.9506975587782076
612,6,49,0,[   0  442  602 1033 1034 1332 1333 2017],0.1527416968815894,101.5171440125463,1.6502797589282363
613,6,49,20,[   0  442  602  780  887 1034 1332 2017],0.1527416968815894,101.5171440125463,1.6502797589282363
614,6,49,40,[   0  442  602  780  887 1034 1332 2017],0.1527416968815894,101.5171440125463,1.6502797589282363
615,6,49,60,[   0  442  602  780  887 1034 1332 2017],0.1527416968815894,101.5171440125463,1.6502797589282363
616,6,50,0,[   0  318  602 1033 1034 1332 1333 2017],0.12631218311536052,98.4267944038673,1.5924806158721692
617,6,50,20,[   0  318  602  973 1034 1332 2017],0.12631218311536052,98.4267944038673,1.5924806158721692
618,6,50,40,[   0  318  602  973 1034 1332 2017],0.12631218311536052,98.4267944038673,1.5924806158721692
619,6,50,60,[   0  318  602  973 1034 1332 2017],0.12631218311536052,98.4267944038673,1.5924806158721692
620,7,20,0,[   0  346  532  843 1033 1034 1158 1332 1333 2017],0.03562165845538178,82.31608558834503,2.7104061554772785
621,7,20,20,[   0  346  532  780  843 1034 1158 1333 2017],0.03562165845538178,82.31608558834503,2.7104061554772785
622,7,20,40,[   0  346  532  780  843 1034 1158 1333 2017],0.03562165845538178,82.31608558834503,2.7104061554772785
623,7,20,60,[   0  346  532  780  843 1034 1158 1333 2017],0.03562165845538178,82.31608558834503,2.7104061554772785
624,7,21,0,[   0  372  572  727 1033 1034 1158 1332 1333 2017],0.027488528073501498,80.49957832041599,2.233192166026744
625,7,21,20,[   0  372  447  482  545  572  727  892 1034 1158 1333 2017],0.027488528073501498,80.49957832041599,2.233192166026744
626,7,21,40,[   0  372  482  572  727  892 1034 1158 1333 2017],0.027488528073501498,80.49957832041599,2.233192166026744
627,7,21,60,[   0  372  482  572  727  892 1034 1158 1333 2017],0.027488528073501498,80.49957832041599,2.233192166026744
628,7,22,0,[   0  455  545  645  646  941 1033 1034 1158 1332 1333 2017],0.0699219709848998,78.21586100432668,1.4566078003294407
629,7,22,20,[   0  455  545  620  941 1034 1158 1333 2017],0.0699219709848998,78.21586100432668,1.4566078003294407
630,7,22,40,[   0  455  545  620  941 1034 1158 1333 2017],0.0699219709848998,78.21586100432668,1.4566078003294407
631,7,22,60,[   0  455  545  620  941 1034 1158 1333 2017],0.0699219709848998,78.21586100432668,1.4566078003294407
632,7,23,0,[   0  372  545 1033 1034 1158 1332 1333 2017],-0.0001239773040299987,77.26887192298986,3.2614569266693527
633,7,23,20,[   0  372  455  545  789  833  930 1034 1116 1158 1333 2017],-0.0001239773040299987,77.26887192298986,3.2614569266693527
634,7,23,40,[   0  372  455  545  789  833  930 1034 1116 1158 1333 2017],-0.0001239773040299987,77.26887192298986,3.2614569266693527
635,7,23,60,[   0  372  455  545  789  930 1034 1158 1333 2017],-0.0001239773040299987,77.26887192298986,3.2614569266693527
636,7,24,0,[   0  442  943 1033 1034 1125 1332 1333 2017],-0.0021349733798070045,76.6751192863381,3.4354519518899687
637,7,24,20,[   0  442  802  833  943 1033 1085 1125 1156 1332 1396 2017],-0.0021349733798070045,76.6751192863381,3.4354519518899687
638,7,24,40,[   0  442  833  943 1033 1085 1156 1332 1396 2017],-0.0021349733798070045,76.6751192863381,3.4354519518899687
639,7,24,60,[   0  442  833  943 1033 1156 1332 2017],-0.0021349733798070045,76.6751192863381,3.4354519518899687
640,7,25,0,[   0  350  572  931 1033 1034 1158 1332 1333 2017],-0.009636068480676175,78.37453481743098,2.2916412363652525
641,7,25,20,[   0  350  372  545  572  931 1033 1097 1158 1333 2017],-0.009636068480676175,78.37453481743098,2.2916412363652525
642,7,25,40,[   0  350  572  931 1033 1097 1158 1333 2017],-0.009636068480676175,78.37453481743098,2.2916412363652525
643,7,25,60,[   0  350  572  931 1033 1097 1158 1333 2017],-0.009636068480676175,78.37453481743098,2.2916412363652525
644,7,26,0,[   0  372  572  931 1033 1034 1174 1332 1333 2017],-0.03867639676644958,79.06645999151,2.0792746972024276
645,7,26,20,[   0  372  572  931 1034 1174 1333 2017],-0.03867639676644958,79.06645999151,2.0792746972024276
646,7,26,40,[   0  372  572  931 1034 1174 1333 2017],-0.03867639676644958,79.06645999151,2.0792746972024276
647,7,26,60,[   0  372  572  931 1034 1174 1333 2017],-0.03867639676644958,79.06645999151,2.0792746972024276
648,7,27,0,[   0  372  545  943 1033 1034 1115 1174 1332 1333 2017],-0.03687282026216987,83.94335006205378,2.0682170263841826
649,7,27,20,[   0  372  545  943 1034 1115 1174 1332 1761 2017],-0.03687282026216987,83.94335006205378,2.0682170263841826
650,7,27,40,[   0  372  545  943 1034 1115 1174 1332 1761 2017],-0.03687282026216987,83.94335006205378,2.0682170263841826
651,7,27,60,[   0  372  545  943 1034 1174 1761 2017],-0.03687282026216987,83.94335006205378,2.0682170263841826
652,7,28,0,[   0  350  545  645  646 1033 1034 1332 1333 2017],-0.012828579221887567,90.73164183000493,1.8805734381873922
653,7,28,20,[   0  350  545  646  957 1033 1085 1332 2017],-0.012828579221887567,90.73164183000493,1.8805734381873922
654,7,28,40,[   0  350  545  646  957 1033 1085 1332 2017],-0.012828579221887567,90.73164183000493,1.8805734381873922
655,7,28,60,[   0  350  545  646  957 1085 1332 2017],-0.012828579221887567,90.73164183000493,1.8805734381873922
656,7,29,0,[   0  372  545 1033 1034 1174 1332 1333 2017],-0.06506561580212243,87.86533244193144,2.418985285284678
657,7,29,20,[   0  372  545  957 1033 1085 1174 1484 1987 2017],-0.06506561580212243,87.86533244193144,2.418985285284678
658,7,29,40,[   0  372  545  957 1033 1085 1174 1484 2017],-0.06506561580212243,87.86533244193144,2.418985285284678
659,7,29,60,[   0  372  545  957 1085 1174 1484 2017],-0.06506561580212243,87.86533244193144,2.418985285284678
660,7,30,0,[   0  372  545  915 1033 1034 1200 1332 1333 2017],0.0010090483690808824,86.07999123385267,2.4035601484342175
661,7,30,20,[   0  372  545  915 1046 1085 1200 1333 1987 2017],0.0010090483690808824,86.07999123385267,2.4035601484342175
662,7,30,40,[   0  372  545  915 1046 1200 1333 2017],0.0010090483690808824,86.07999123385267,2.4035601484342175
663,7,30,60,[   0  372  545  915 1046 1200 1333 2017],0.0010090483690808824,86.07999123385267,2.4035601484342175
664,7,31,0,[   0  372  545  941 1033 1034 1149 1332 1333 2017],-0.02929785016775258,86.48312444180888,2.0848014206779673
665,7,31,20,[   0  372  545  941 1033 1085 1149 1332 1761 2017],-0.02929785016775258,86.48312444180888,2.0848014206779673
666,7,31,40,[   0  372  545  941 1033 1085 1149 1332 1761 2017],-0.02929785016775258,86.48312444180888,2.0848014206779673
667,7,31,60,[   0  372  545  941 1033 1149 1332 2017],-0.02929785016775258,86.48312444180888,2.0848014206779673
668,7,32,0,[   0  346  572  727 1033 1034 1200 1332 1333 2017],0.01773449781984823,84.46776764512256,2.485700598131848
669,7,32,20,[   0  346  447  572  727  835 1033 1085 1200 1333 1987 2017],0.01773449781984823,84.46776764512256,2.485700598131848
670,7,32,40,[   0  346  447  572  727  835 1033 1085 1200 1333 2017],0.01773449781984823,84.46776764512256,2.485700598131848
671,7,32,60,[   0  346  447  572  727  835 1033 1200 1333 2017],0.01773449781984823,84.46776764512256,2.485700598131848
672,7,33,0,[   0  447  545  852 1033 1034 1114 1332 1333 2017],0.047811010665985414,93.77904684510796,1.925949138084256
673,7,33,20,[   0  199  447  545  572  852 1033 1114 1275 1333 2017],0.047811010665985414,93.77904684510796,1.925949138084256
674,7,33,40,[   0  199  447  545  852 1033 1114 1275 2017],0.047811010665985414,93.77904684510796,1.925949138084256
675,7,33,60,[   0  199  447  545  852 1033 1114 1275 2017],0.047811010665985414,93.77904684510796,1.925949138084256
676,7,34,0,[   0  350  545  645  646 1033 1034 1332 1333 2017],0.11366913670399917,96.2525668778625,1.4361815983020738
677,7,34,20,[   0  350  545  646  852 1034 1275 2017],0.11366913670399917,96.2525668778625,1.4361815983020738
678,7,34,40,[   0  350  545  646  852 1034 1275 2017],0.11366913670399917,96.2525668778625,1.4361815983020738
679,7,34,60,[   0  350  545  646  852 1034 1275 2017],0.11366913670399917,96.2525668778625,1.4361815983020738
680,7,35,0,[   0  350  545  930 1033 1034 1115 1163 1332 1333 2017],-0.03118319139716497,85.26796609857035,3.098370629850052
681,7,35,20,[   0  350  545  930 1034 1115 1163 1275 1988 2017],-0.03118319139716497,85.26796609857035,3.098370629850052
682,7,35,40,[   0  350  545  930 1034 1115 1163 1275 2017],-0.03118319139716497,85.26796609857035,3.098370629850052
683,7,35,60,[   0  350  545  930 1034 1115 1275 2017],-0.03118319139716497,85.26796609857035,3.098370629850052
684,7,36,0,[   0  389  545 1033 1034 1115 1332 1333 2017],-0.005456844714263478,89.65396502563773,3.0352292259681426
685,7,36,20,[   0  187  389  507  545  976 1034 1115 1332 1382 1988 2017],-0.005456844714263478,89.65396502563773,3.0352292259681426
686,7,36,40,[   0  389  545  976 1034 1115 1332 1382 2017],-0.005456844714263478,89.65396502563773,3.0352292259681426
687,7,36,60,[   0  389  545  976 1115 1332 2017],-0.005456844714263478,89.65396502563773,3.0352292259681426
688,7,37,0,[   0  455  567 1033 1034 1158 1332 1333 2017],0.051619228923705136,87.83619251766784,1.8943485214552982
689,7,37,20,[   0  187  455  545  567 1033 1085 1158 1332 2017],0.051619228923705136,87.83619251766784,1.8943485214552982
690,7,37,40,[   0  187  455  567 1033 1085 1158 1332 2017],0.051619228923705136,87.83619251766784,1.8943485214552982
691,7,37,60,[   0  187  455  567 1033 1158 1332 2017],0.051619228923705136,87.83619251766784,1.8943485214552982
692,7,38,0,[   0  350  602 1033 1034 1115 1332 1333 2017],-0.021148840625349274,86.59227105563538,3.0463340274814485
693,7,38,20,[   0  350  602  780  852 1046 1115 1275 2017],-0.021148840625349274,86.59227105563538,3.0463340274814485
694,7,38,40,[   0  350  602  780  852 1046 1115 1275 2017],-0.021148840625349274,86.59227105563538,3.0463340274814485
695,7,38,60,[   0  350  602  780  852 1046 1115 1275 2017],-0.021148840625349274,86.59227105563538,3.0463340274814485
696,7,39,0,[   0  389  545 1033 1034 1158 1332 1333 2017],0.010060820751217647,87.52093540009811,1.8252561505712368
697,7,39,20,[   0  201  389  507  545 1040 1158 1332 1484 2017],0.010060820751217647,87.52093540009811,1.8252561505712368
698,7,39,40,[   0  389  545 1040 1158 1332 2017],0.010060820751217647,87.52093540009811,1.8252561505712368
699,7,39,60,[   0  389  545 1040 1158 1332 2017],0.010060820751217647,87.52093540009811,1.8252561505712368
700,7,40,0,[   0  346  602 1033 1034 1163 1332 1333 2017],-0.018720543165684743,84.83306353590065,2.3492831708503585
701,7,40,20,[   0  346  602 1046 1163 1332 2017],-0.018720543165684743,84.83306353590065,2.3492831708503585
702,7,40,40,[   0  346  602 1046 1163 1332 2017],-0.018720543165684743,84.83306353590065,2.3492831708503585
703,7,40,60,[   0  346  602 1046 1163 1332 2017],-0.018720543165684743,84.83306353590065,2.3492831708503585
704,7,41,0,[   0  346  547 1033 1034 1125 1332 1333 2017],0.022400081386526858,88.00585255027904,2.1871515252528364
705,7,41,20,[   0  346  372  503  547 1033 1125 1332 1761 2017],0.022400081386526858,88.00585255027904,2.1871515252528364
706,7,41,40,[   0  346  547 1033 1125 1332 2017],0.022400081386526858,88.00585255027904,2.1871515252528364
707,7,41,60,[   0  346  547 1033 1125 1332 2017],0.022400081386526858,88.00585255027904,2.1871515252528364
708,7,42,0,[   0  389  531  716 1033 1034 1332 1333 2017],-0.01196421310008272,86.0256651708468,1.9177021914398218
709,7,42,20,[   0  389  531  602  716  780 1033 1096 1332 1761 2017],-0.01196421310008272,86.0256651708468,1.9177021914398218
710,7,42,40,[   0  389  531  602  716  780 1033 1096 1332 1761 2017],-0.01196421310008272,86.0256651708468,1.9177021914398218
711,7,42,60,[   0  389  531  602  716  780 1033 1096 1332 1761 2017],-0.01196421310008272,86.0256651708468,1.9177021914398218
712,7,43,0,[   0  389  545 1033 1034 1332 1333 2017],0.03146759356568586,94.86525644931314,1.7408859380782478
713,7,43,20,[   0  199  389  545  609 1034 1332 1761 2017],0.03146759356568586,94.86525644931314,1.7408859380782478
714,7,43,40,[   0  199  389  545  609 1034 1332 1761 2017],0.03146759356568586,94.86525644931314,1.7408859380782478
715,7,43,60,[   0  199  389  545  609 1034 1332 1761 2017],0.03146759356568586,94.86525644931314,1.7408859380782478
716,7,44,0,[   0  389  545  930 1033 1034 1332 1333 2017],-0.00851059178917416,91.82670550477856,2.0555759601872863
717,7,44,20,[   0  199  389  545  592  780  930 1033 1085 1332 2017],-0.00851059178917416,91.82670550477856,2.0555759601872863
718,7,44,40,[   0  199  389  545  592  780  930 1033 1085 1332 2017],-0.00851059178917416,91.82670550477856,2.0555759601872863
719,7,44,60,[   0  389  545  930 1085 1332 2017],-0.00851059178917416,91.82670550477856,2.0555759601872863
720,7,45,0,[   0  372  545 1033 1034 1189 1332 1333 2017],0.07534449401902217,94.06249565443876,1.8830867531886082
721,7,45,20,[   0  372  507  545  973 1034 1189 1309 1333 1988 2017],0.07534449401902217,94.06249565443876,1.8830867531886082
722,7,45,40,[   0  372  545  973 1034 1189 1333 2017],0.07534449401902217,94.06249565443876,1.8830867531886082
723,7,45,60,[   0  372  545  973 1034 1189 1333 2017],0.07534449401902217,94.06249565443876,1.8830867531886082
724,7,46,0,[   0  346  602 1033 1034 1332 1333 2017],0.01196790535668942,99.8984299061117,1.6599228597034534
725,7,46,20,[   0  346  602  716 1034 1332 2017],0.01196790535668942,99.8984299061117,1.6599228597034534
726,7,46,40,[   0  346  602  716 1034 1332 2017],0.01196790535668942,99.8984299061117,1.6599228597034534
727,7,46,60,[   0  346  602  716 1034 1332 2017],0.01196790535668942,99.8984299061117,1.6599228597034534
728,7,47,0,[   0  389  507 1033 1034 1158 1332 1333 2017],0.017255965785097655,90.09071304322752,1.576143588042276
729,7,47,20,[   0  199  389  507  607 1033 1158 1333 2017],0.017255965785097655,90.09071304322752,1.576143588042276
730,7,47,40,[   0  199  389  507  607 1033 1158 1333 2017],0.017255965785097655,90.09071304322752,1.576143588042276
731,7,47,60,[   0  199  389  507  607 1033 1158 1333 2017],0.017255965785097655,90.09071304322752,1.576143588042276
732,7,48,0,[   0  389  507 1033 1034 1129 1332 1333 2017],-0.007806909468673553,95.71158507754362,2.743778599741376
733,7,48,20,[   0  389  507  602  780 1033 1077 1129 1332 1996 2017],-0.007806909468673553,95.71158507754362,2.743778599741376
734,7,48,40,[   0  389  507  602  780 1033 1077 1129 1332 2017],-0.007806909468673553,95.71158507754362,2.743778599741376
735,7,48,60,[   0  389  507  602 1033 1129 1332 2017],-0.007806909468673553,95.71158507754362,2.743778599741376
736,7,49,0,[   0  442  602 1033 1034 1332 1333 2017],0.03294098351746511,96.4269274043328,1.9255673259355073
737,7,49,20,[   0  442  602  780  887 1034 1332 2017],0.03294098351746511,96.4269274043328,1.9255673259355073
738,7,49,40,[   0  442  602  780  887 1034 1332 2017],0.03294098351746511,96.4269274043328,1.9255673259355073
739,7,49,60,[   0  442  602  780  887 1034 1332 2017],0.03294098351746511,96.4269274043328,1.9255673259355073
740,7,50,0,[   0  318  545 1033 1034 1332 1333 2017],0.1030594303465885,93.83504693265704,1.604716028393439
741,7,50,20,[   0  199  318  545  602  780  973 1034 1332 1484 1996 2017],0.1030594303465885,93.83504693265704,1.604716028393439
742,7,50,40,[   0  199  318  545  602  780  973 1034 1332 1484 2017],0.1030594303465885,93.83504693265704,1.604716028393439
743,7,50,60,[   0  318  545  973 1034 1332 2017],0.1030594303465885,93.83504693265704,1.604716028393439
744,8,20,0,[   0  346  532  645  646 1033 1034 1158 1332 1333 2017],0.036390251206272387,78.6204974552359,2.399121617741876
745,8,20,20,[   0  346  532  646  780  843 1034 1158 1333 2017],0.036390251206272387,78.6204974552359,2.399121617741876
746,8,20,40,[   0  346  532  646  780  843 1034 1158 1333 2017],0.036390251206272387,78.6204974552359,2.399121617741876
747,8,20,60,[   0  346  532  646  780  843 1034 1158 1333 2017],0.036390251206272387,78.6204974552359,2.399121617741876
748,8,21,0,[   0  372  572  645  646 1033 1034 1158 1332 1333 2017],0.02818162083408348,76.9834774324123,1.9615232681375243
749,8,21,20,[   0  372  447  482  545  572  645  727  892 1034 1158 1333 2017],0.02818162083408348,76.9834774324123,1.9615232681375243
750,8,21,40,[   0  372  482  572  645  727  892 1034 1158 1333 2017],0.02818162083408348,76.9834774324123,1.9615232681375243
751,8,21,60,[   0  372  482  572  645  727  892 1034 1158 1333 2017],0.02818162083408348,76.9834774324123,1.9615232681375243
752,8,22,0,[   0  372  515  645  646  941 1033 1034 1158 1332 1333 2017],0.04846181933160987,75.6503495248492,1.4165550727009806
753,8,22,20,[   0  372  455  515  620  941 1034 1158 1333 2017],0.04846181933160987,75.6503495248492,1.4165550727009806
754,8,22,40,[   0  372  455  515  620  941 1034 1158 1333 2017],0.04846181933160987,75.6503495248492,1.4165550727009806
755,8,22,60,[   0  372  515  620  941 1034 1158 1333 2017],0.04846181933160987,75.6503495248492,1.4165550727009806
756,8,23,0,[   0  372  545  645  646 1033 1034 1116 1158 1332 1333 2017],0.0007730870361852306,74.30148860189705,2.87383654461496
757,8,23,20,[   0  372  455  545  646  789  833  930 1034 1116 1158 1333 2017],0.0007730870361852306,74.30148860189705,2.87383654461496
758,8,23,40,[   0  372  455  545  646  789  833  930 1034 1116 1158 1333 2017],0.0007730870361852306,74.30148860189705,2.87383654461496
759,8,23,60,[   0  372  455  545  646  789  930 1034 1158 1333 2017],0.0007730870361852306,74.30148860189705,2.87383654461496
760,8,24,0,[   0  372  545  943 1033 1034 1125 1332 1333 2017],-0.004683171289460471,74.5221892341129,3.182199055452237
761,8,24,20,[   0  372  442  545  802  833  943 1033 1085 1125 1156 1332 1396 2017],-0.004683171289460471,74.5221892341129,3.182199055452237
762,8,24,40,[   0  372  442  545  802  943 1033 1085 1156 1332 1396 2017],-0.004683171289460471,74.5221892341129,3.182199055452237
763,8,24,60,[   0  372  442  545  802  943 1033 1156 1332 1396 2017],-0.004683171289460471,74.5221892341129,3.182199055452237
764,8,25,0,[   0  350  572  645  646  931 1033 1034 1158 1332 1333 2017],-0.008318795572624047,75.49303875842222,2.031395357947988
765,8,25,20,[   0  350  372  545  572  646  931 1033 1097 1158 1333 2017],-0.008318795572624047,75.49303875842222,2.031395357947988
766,8,25,40,[   0  350  572  646  931 1033 1097 1158 1333 2017],-0.008318795572624047,75.49303875842222,2.031395357947988
767,8,25,60,[   0  350  572  646  931 1033 1097 1158 1333 2017],-0.008318795572624047,75.49303875842222,2.031395357947988
768,8,26,0,[   0  372  572  645  646  931 1033 1034 1174 1332 1333 2017],-0.037172654726231075,76.26099904171042,1.8409179895514485
769,8,26,20,[   0  372  572  646  931 1034 1174 1333 1755 2017],-0.037172654726231075,76.26099904171042,1.8409179895514485
770,8,26,40,[   0  372  572  646  931 1034 1174 1333 1755 2017],-0.037172654726231075,76.26099904171042,1.8409179895514485
771,8,26,60,[   0  372  572  646  931 1034 1174 1333 1755 2017],-0.037172654726231075,76.26099904171042,1.8409179895514485
772,8,27,0,[   0  372  545  645  646  943 1033 1034 1115 1174 1332 1333 2017],-0.03549757764219702,80.50009485740435,1.8287873613497316
773,8,27,20,[   0  372  545  646  943 1034 1115 1174 1332 1761 2017],-0.03549757764219702,80.50009485740435,1.8287873613497316
774,8,27,40,[   0  372  545  646  943 1034 1115 1174 1332 1761 2017],-0.03549757764219702,80.50009485740435,1.8287873613497316
775,8,27,60,[   0  372  545  646  943 1034 1174 1332 1761 2017],-0.03549757764219702,80.50009485740435,1.8287873613497316
776,8,28,0,[   0  350  545  645  646  915 1033 1034 1200 1332 1333 2017],-0.0017785581112941507,85.93912152440379,2.2030104351060755
777,8,28,20,[   0  350  545  646  915 1033 1085 1200 1333 2017],-0.0017785581112941507,85.93912152440379,2.2030104351060755
778,8,28,40,[   0  350  545  646  915 1033 1085 1200 1333 2017],-0.0017785581112941507,85.93912152440379,2.2030104351060755
779,8,28,60,[   0  350  545  646  915 1085 1200 1333 2017],-0.0017785581112941507,85.93912152440379,2.2030104351060755
780,8,29,0,[   0  372  545  645  646 1033 1034 1174 1332 1333 2017],-0.06344806147757932,84.10940896997806,2.1338880133609583
781,8,29,20,[   0  372  545  646  957 1033 1085 1174 1484 1987 2017],-0.06344806147757932,84.10940896997806,2.1338880133609583
782,8,29,40,[   0  372  545  646  957 1033 1085 1174 1484 2017],-0.06344806147757932,84.10940896997806,2.1338880133609583
783,8,29,60,[   0  372  545  646  957 1085 1174 1484 2017],-0.06344806147757932,84.10940896997806,2.1338880133609583
784,8,30,0,[   0  372  545  645  646  915 1033 1034 1200 1332 1333 2017],0.0029097805820425607,82.5936155008845,2.1243236628474453
785,8,30,20,[   0  372  545  646  915 1046 1085 1200 1333 1987 2017],0.0029097805820425607,82.5936155008845,2.1243236628474453
786,8,30,40,[   0  372  545  646  915 1046 1200 1333 2017],0.0029097805820425607,82.5936155008845,2.1243236628474453
787,8,30,60,[   0  372  545  646  915 1046 1200 1333 2017],0.0029097805820425607,82.5936155008845,2.1243236628474453
788,8,31,0,[   0  372  545  645  646  941 1033 1034 1149 1332 1333 2017],-0.02786486820327375,82.77473021377901,1.8437880386801526
789,8,31,20,[   0  372  545  646  941 1033 1085 1149 1332 1761 2017],-0.02786486820327375,82.77473021377901,1.8437880386801526
790,8,31,40,[   0  372  545  646  941 1033 1085 1149 1332 1761 2017],-0.02786486820327375,82.77473021377901,1.8437880386801526
791,8,31,60,[   0  372  545  646  941 1033 1149 1332 1761 2017],-0.02786486820327375,82.77473021377901,1.8437880386801526
792,8,32,0,[   0  346  572  727 1033 1034 1148 1332 1333 2017],-0.04330521176214638,81.42839462045526,2.501765523662919
793,8,32,20,[   0  346  447  572  727  835 1033 1085 1148 1200 1484 1987 2017],-0.04330521176214638,81.42839462045526,2.501765523662919
794,8,32,40,[   0  346  447  572  727  835 1033 1085 1148 1200 1484 2017],-0.04330521176214638,81.42839462045526,2.501765523662919
795,8,32,60,[   0  346  447  572  727  835 1033 1148 1332 2017],-0.04330521176214638,81.42839462045526,2.501765523662919
796,8,33,0,[   0  447  572  645  646 1033 1034 1114 1332 1333 2017],0.048719308268842076,89.0475767985649,1.7068205957415143
797,8,33,20,[   0  199  447  545  572  646  852 1033 1114 1275 1333 2017],0.048719308268842076,89.0475767985649,1.7068205957415143
798,8,33,40,[   0  199  447  572  646  852 1033 1114 1275 2017],0.048719308268842076,89.0475767985649,1.7068205957415143
799,8,33,60,[   0  199  447  572  646  852 1033 1114 1275 2017],0.048719308268842076,89.0475767985649,1.7068205957415143
800,8,34,0,[   0  350  545  645  646 1033 1034 1158 1332 1333 2017],0.11752230070439834,91.2732953098084,1.3310722936500807
801,8,34,20,[   0  350  545  646  852 1033 1085 1158 1275 1988 2017],0.11752230070439834,91.2732953098084,1.3310722936500807
802,8,34,40,[   0  350  545  646  852 1033 1085 1158 1275 2017],0.11752230070439834,91.2732953098084,1.3310722936500807
803,8,34,60,[   0  350  545  646  852 1033 1158 1275 2017],0.11752230070439834,91.2732953098084,1.3310722936500807
804,8,35,0,[   0  350  545  930 1033 1034 1115 1163 1332 1333 2017],-0.024543162338725354,80.6963370450663,3.3773397686585502
805,8,35,20,[   0  350  545  930 1033 1115 1163 1275 1988 2017],-0.024543162338725354,80.6963370450663,3.3773397686585502
806,8,35,40,[   0  350  545  930 1033 1115 1163 1275 2017],-0.024543162338725354,80.6963370450663,3.3773397686585502
807,8,35,60,[   0  350  545  930 1033 1115 1275 2017],-0.024543162338725354,80.6963370450663,3.3773397686585502
808,8,36,0,[   0  389  507 1033 1034 1115 1332 1333 2017],-0.0021899916319945193,86.35692331096767,2.9091245700000012
809,8,36,20,[   0  187  389  507  602  780  976 1034 1115 1332 1382 1988 2017],-0.0021899916319945193,86.35692331096767,2.9091245700000012
810,8,36,40,[   0  187  389  507  602  780  976 1034 1115 1332 1382 2017],-0.0021899916319945193,86.35692331096767,2.9091245700000012
811,8,36,60,[   0  389  507  602  976 1115 1332 2017],-0.0021899916319945193,86.35692331096767,2.9091245700000012
812,8,37,0,[   0  455  567 1033 1034 1158 1332 1333 2017],0.05378831850005583,84.66286077191074,1.8331111604265746
813,8,37,20,[   0  187  455  545  567  602  780 1033 1085 1158 1332 2017],0.05378831850005583,84.66286077191074,1.8331111604265746
814,8,37,40,[   0  187  455  567  780 1033 1085 1158 1332 2017],0.05378831850005583,84.66286077191074,1.8331111604265746
815,8,37,60,[   0  187  455  567  780 1033 1158 1332 2017],0.05378831850005583,84.66286077191074,1.8331111604265746
816,8,38,0,[   0  350  545 1033 1034 1115 1332 1333 2017],-0.01716711374992712,84.2325888066077,2.9195045097569654
817,8,38,20,[   0  350  545  602  780  852 1046 1115 1275 1988 2017],-0.01716711374992712,84.2325888066077,2.9195045097569654
818,8,38,40,[   0  350  545  602  780  852 1046 1115 1275 2017],-0.01716711374992712,84.2325888066077,2.9195045097569654
819,8,38,60,[   0  350  545  780  852 1046 1115 1275 2017],-0.01716711374992712,84.2325888066077,2.9195045097569654
820,8,39,0,[   0  389  507 1033 1034 1158 1332 1333 2017],0.013608965188265952,84.93034517183436,1.8248086287228242
821,8,39,20,[   0  201  389  507  602  780 1040 1158 1332 2017],0.013608965188265952,84.93034517183436,1.8248086287228242
822,8,39,40,[   0  201  389  507  602  780 1040 1158 1332 2017],0.013608965188265952,84.93034517183436,1.8248086287228242
823,8,39,60,[   0  201  389  507  602  780 1040 1158 1332 2017],0.013608965188265952,84.93034517183436,1.8248086287228242
824,8,40,0,[   0  346  545 1033 1034 1163 1332 1333 2017],-0.017577245658855354,82.03441888889954,2.2741631853632107
825,8,40,20,[   0  346  545  602 1046 1163 1332 1761 2017],-0.017577245658855354,82.03441888889954,2.2741631853632107
826,8,40,40,[   0  346  545  602 1046 1163 1332 1761 2017],-0.017577245658855354,82.03441888889954,2.2741631853632107
827,8,40,60,[   0  346  545 1046 1163 1332 2017],-0.017577245658855354,82.03441888889954,2.2741631853632107
828,8,41,0,[   0  346  531  645  646 1033 1034 1125 1332 1333 2017],0.023626638601014,84.00055386864238,1.9357503448538773
829,8,41,20,[   0  346  372  503  547  646 1033 1125 1332 1761 2017],0.023626638601014,84.00055386864238,1.9357503448538773
830,8,41,40,[   0  346  547  646 1033 1125 1332 1761 2017],0.023626638601014,84.00055386864238,1.9357503448538773
831,8,41,60,[   0  346  547  646 1033 1125 1332 1761 2017],0.023626638601014,84.00055386864238,1.9357503448538773
832,8,42,0,[   0  389  531  716  780  852 1033 1034 1158 1332 1333 2017],-0.00704732067543313,82.31663570003515,2.00734762559278
833,8,42,20,[   0  389  531  602  716  780  852 1033 1096 1158 1333 1761 2017],-0.00704732067543313,82.31663570003515,2.00734762559278
834,8,42,40,[   0  389  531  602  716  780  852 1033 1096 1158 1333 1761 2017],-0.00704732067543313,82.31663570003515,2.00734762559278
835,8,42,60,[   0  389  531  602  716  780  852 1033 1096 1158 1333 1761 2017],-0.00704732067543313,82.31663570003515,2.00734762559278
836,8,43,0,[   0  389  545  645  646 1033 1034 1332 1333 2017],0.031784077442874564,89.67242830235729,1.5156585313881012
837,8,43,20,[   0  199  389  545  646 1034 1332 1761 2017],0.031784077442874564,89.67242830235729,1.5156585313881012
838,8,43,40,[   0  199  389  545  646 1034 1332 1761 2017],0.031784077442874564,89.67242830235729,1.5156585313881012
839,8,43,60,[   0  199  389  545  646 1034 1332 1761 2017],0.031784077442874564,89.67242830235729,1.5156585313881012
840,8,44,0,[   0  389  545  930 1033 1034 1189 1332 1333 2017],-0.0016357748851184933,88.18201878011826,2.0806727393957636
841,8,44,20,[   0  199  389  545  592  780  887  930 1033 1085 1189 1333 2017],-0.0016357748851184933,88.18201878011826,2.0806727393957636
842,8,44,40,[   0  199  389  545  592  780  887  930 1033 1085 1189 1333 2017],-0.0016357748851184933,88.18201878011826,2.0806727393957636
843,8,44,60,[   0  389  545  780  930 1085 1189 1333 2017],-0.0016357748851184933,88.18201878011826,2.0806727393957636
844,8,45,0,[   0  372  507 1033 1034 1189 1332 1333 2017],0.07827182742862808,90.077653481366,1.8418678687936845
845,8,45,20,[   0  260  372  507  545  645  780  973 1034 1189 1309 1333 1988 2017],0.07827182742862808,90.077653481366,1.8418678687936845
846,8,45,40,[   0  372  507  645  780  973 1034 1189 1333 2017],0.07827182742862808,90.077653481366,1.8418678687936845
847,8,45,60,[   0  372  507  645  780  973 1034 1189 1333 2017],0.07827182742862808,90.077653481366,1.8418678687936845
848,8,46,0,[   0  346  518  716 1033 1034 1332 1333 2017],0.016020192211660345,94.59544732842913,2.030006015847376
849,8,46,20,[   0  346  518  602  716  780 1033 1096 1332 1761 2017],0.016020192211660345,94.59544732842913,2.030006015847376
850,8,46,40,[   0  346  518  602  716  780 1033 1096 1332 1761 2017],0.016020192211660345,94.59544732842913,2.030006015847376
851,8,46,60,[   0  346  518  602  716  780 1033 1096 1332 1761 2017],0.016020192211660345,94.59544732842913,2.030006015847376
852,8,47,0,[   0  389  507 1033 1034 1158 1332 1333 2017],0.026071471465963305,87.37630047068785,1.668006951963842
853,8,47,20,[   0  389  507  607 1040 1158 1332 2017],0.026071471465963305,87.37630047068785,1.668006951963842
854,8,47,40,[   0  389  507  607 1040 1158 1332 2017],0.026071471465963305,87.37630047068785,1.668006951963842
855,8,47,60,[   0  389  507  607 1040 1158 1332 2017],0.026071471465963305,87.37630047068785,1.668006951963842
856,8,48,0,[   0  389  507 1033 1034 1129 1332 1333 2017],-0.0034686105602697763,92.05368853558942,2.6164033239152436
857,8,48,20,[   0  199  389  507  602  780 1033 1077 1129 1332 1996 2017],-0.0034686105602697763,92.05368853558942,2.6164033239152436
858,8,48,40,[   0  199  389  507  602  780 1033 1077 1129 1332 2017],-0.0034686105602697763,92.05368853558942,2.6164033239152436
859,8,48,60,[   0  199  389  507  602 1033 1129 1332 2017],-0.0034686105602697763,92.05368853558942,2.6164033239152436
860,8,49,0,[   0  442  507  887 1033 1034 1332 1333 2017],0.019513113059826566,92.74125665877636,1.811536342726956
861,8,49,20,[   0  199  442  507  602  780  887 1034 1332 1988 2017],0.019513113059826566,92.74125665877636,1.811536342726956
862,8,49,40,[   0  199  442  507  602  780  887 1034 1332 2017],0.019513113059826566,92.74125665877636,1.811536342726956
863,8,49,60,[   0  199  442  507  602  780  887 1034 1332 2017],0.019513113059826566,92.74125665877636,1.811536342726956
864,8,50,0,[   0  318  545 1033 1034 1164 1332 1333 2017],-0.009016565290618441,88.60574649843426,1.946400503591391
865,8,50,20,[   0  199  318  545  602  780  973 1034 1164 1189 1332 1484 1996 2017],-0.009016565290618441,88.60574649843426,1.946400503591391
866,8,50,40,[   0  199  318  545  602  780  973 1034 1164 1332 1484 2017],-0.009016565290618441,88.60574649843426,1.946400503591391
867,8,50,60,[   0  318  545  973 1034 1164 1332 2017],-0.009016565290618441,88.60574649843426,1.946400503591391
868,9,20,0,[   0  346  532  645  646 1033 1034 1158 1332 1333 2017],0.04079616859934282,75.78327409267276,2.400501713981198
869,9,20,20,[   0  346  372  532  646  780  843 1033 1097 1158 1332 1396 2017],0.04079616859934282,75.78327409267276,2.400501713981198
870,9,20,40,[   0  346  532  646  780  843 1033 1097 1158 1332 1396 2017],0.04079616859934282,75.78327409267276,2.400501713981198
871,9,20,60,[   0  346  532  646  780  843 1033 1097 1158 1332 1396 2017],0.04079616859934282,75.78327409267276,2.400501713981198
872,9,21,0,[   0  372  572  645  646 1033 1034 1174 1332 1333 2017],-0.03354407648346943,74.62646771552947,2.320147698755994
873,9,21,20,[   0  372  447  482  545  572  645  727  892 1034 1174 1333 1761 2017],-0.03354407648346943,74.62646771552947,2.320147698755994
874,9,21,40,[   0  372  482  572  645  727  892 1034 1174 1333 1761 2017],-0.03354407648346943,74.62646771552947,2.320147698755994
875,9,21,60,[   0  372  482  572  645  727  892 1034 1174 1333 1761 2017],-0.03354407648346943,74.62646771552947,2.320147698755994
876,9,22,0,[   0  372  515  645  646  941 1033 1034 1116 1158 1332 1333 2017],0.005067563706797926,70.46874268929277,2.3927721667593436
877,9,22,20,[   0  372  455  515  620  646  941 1034 1116 1158 1333 2017],0.005067563706797926,70.46874268929277,2.3927721667593436
878,9,22,40,[   0  372  455  515  620  941 1034 1116 1158 1333 2017],0.005067563706797926,70.46874268929277,2.3927721667593436
879,9,22,60,[   0  372  515  620  941 1034 1158 1333 2017],0.005067563706797926,70.46874268929277,2.3927721667593436
880,9,23,0,[   0  372  545  645  646 1033 1034 1116 1158 1332 1333 2017],-0.0013074660139547032,71.69777533272115,2.843596260634272
881,9,23,20,[   0  372  455  545  646  789  833  930 1034 1116 1158 1326 2017],-0.0013074660139547032,71.69777533272115,2.843596260634272
882,9,23,40,[   0  372  455  545  646  789  833  930 1034 1116 1158 1326 2017],-0.0013074660139547032,71.69777533272115,2.843596260634272
883,9,23,60,[   0  372  455  545  646  789  930 1034 1158 1326 2017],-0.0013074660139547032,71.69777533272115,2.843596260634272
884,9,24,0,[   0  372  545  645  646  943 1033 1034 1125 1332 1333 2017],-0.0038303966734033173,72.57032114179366,2.8459683870877996
885,9,24,20,"[   0  372  442  545  646  802  833  943 1033 1085 1125 1156 1332 1396
 2017]",-0.0038303966734033173,72.57032114179366,2.8459683870877996
886,9,24,40,[   0  372  442  545  646  802  943 1033 1085 1156 1332 1396 2017],-0.0038303966734033173,72.57032114179366,2.8459683870877996
887,9,24,60,[   0  372  442  545  646  802  943 1033 1156 1332 1396 2017],-0.0038303966734033173,72.57032114179366,2.8459683870877996
888,9,25,0,[   0  350  572  645  646  931 1033 1034 1174 1332 1333 2017],-0.012638725542383229,73.3983808908516,2.06141545580433
889,9,25,20,[   0  350  372  545  572  646  931 1033 1097 1174 1332 1396 2017],-0.012638725542383229,73.3983808908516,2.06141545580433
890,9,25,40,[   0  350  572  646  931 1033 1097 1174 1332 1396 2017],-0.012638725542383229,73.3983808908516,2.06141545580433
891,9,25,60,[   0  350  572  646  931 1033 1097 1174 1332 1396 2017],-0.012638725542383229,73.3983808908516,2.06141545580433
892,9,26,0,[   0  372  572  645  646  931 1033 1034 1174 1332 1333 2017],-0.028551801832142638,74.1715354159228,1.924923918269714
893,9,26,20,[   0  372  545  572  646  931 1033 1097 1174 1332 1396 1755 2017],-0.028551801832142638,74.1715354159228,1.924923918269714
894,9,26,40,[   0  372  572  646  931 1033 1097 1174 1332 1396 1755 2017],-0.028551801832142638,74.1715354159228,1.924923918269714
895,9,26,60,[   0  372  572  646  931 1033 1097 1174 1332 1396 1755 2017],-0.028551801832142638,74.1715354159228,1.924923918269714
896,9,27,0,[   0  372  545  645  646  943 1033 1034 1115 1174 1332 1333 2017],-0.027964649764292405,77.50331171024979,2.078366626810879
897,9,27,20,[   0  372  545  646  943 1034 1115 1174 1332 1761 2017],-0.027964649764292405,77.50331171024979,2.078366626810879
898,9,27,40,[   0  372  545  646  943 1034 1115 1174 1332 1761 2017],-0.027964649764292405,77.50331171024979,2.078366626810879
899,9,27,60,[   0  372  545  646  943 1034 1174 1332 1761 2017],-0.027964649764292405,77.50331171024979,2.078366626810879
900,9,28,0,[   0  350  545  645  646  915 1033 1034 1174 1332 1333 2017],-0.028076828050189535,82.6099414192246,2.2775500466265868
901,9,28,20,[   0  350  545  646  915 1033 1085 1174 1484 2017],-0.028076828050189535,82.6099414192246,2.2775500466265868
902,9,28,40,[   0  350  545  646  915 1033 1085 1174 1484 2017],-0.028076828050189535,82.6099414192246,2.2775500466265868
903,9,28,60,[   0  350  545  646  915 1033 1174 1484 2017],-0.028076828050189535,82.6099414192246,2.2775500466265868
904,9,29,0,[   0  372  545  645  646  931 1033 1034 1174 1332 1333 2017],-0.0584315694975939,81.43023331479814,2.137619764755927
905,9,29,20,"[   0  372  404  545  646  931  957 1033 1085 1174 1200 1332 1484 1987
 2017]",-0.0584315694975939,81.43023331479814,2.137619764755927
906,9,29,40,[   0  372  545  646  931 1033 1085 1174 1484 2017],-0.0584315694975939,81.43023331479814,2.137619764755927
907,9,29,60,[   0  372  545  646  931 1085 1174 1484 2017],-0.0584315694975939,81.43023331479814,2.137619764755927
908,9,30,0,[   0  372  545  645  646  915 1033 1034 1174 1332 1333 2017],-0.05280192519543046,80.2282107840911,2.4385735085063485
909,9,30,20,[   0  372  545  646  915 1046 1085 1174 1484 1987 2017],-0.05280192519543046,80.2282107840911,2.4385735085063485
910,9,30,40,[   0  372  545  646  915 1046 1174 1484 2017],-0.05280192519543046,80.2282107840911,2.4385735085063485
911,9,30,60,[   0  372  545  646  915 1046 1174 1484 2017],-0.05280192519543046,80.2282107840911,2.4385735085063485
912,9,31,0,[   0  372  545  645  646  941 1033 1034 1149 1332 1333 2017],-0.022685142355391187,80.03615738445383,1.9090355917830852
913,9,31,20,"[   0  372  404  545  646  887  941 1033 1085 1149 1200 1332 1484 1761
 2017]",-0.022685142355391187,80.03615738445383,1.9090355917830852
914,9,31,40,[   0  372  545  646  941 1033 1085 1149 1200 1332 1761 2017],-0.022685142355391187,80.03615738445383,1.9090355917830852
915,9,31,60,[   0  372  545  646  941 1033 1149 1332 1761 2017],-0.022685142355391187,80.03615738445383,1.9090355917830852
916,9,32,0,[   0  346  572  727 1033 1034 1148 1332 1333 2017],-0.038846669811559605,79.18594397283384,2.3910867421532305
917,9,32,20,"[   0  346  372  447  545  572  727  835 1033 1085 1148 1200 1332 1484
 1987 2017]",-0.038846669811559605,79.18594397283384,2.3910867421532305
918,9,32,40,[   0  346  447  572  727  835 1033 1085 1148 1200 1484 2017],-0.038846669811559605,79.18594397283384,2.3910867421532305
919,9,32,60,[   0  346  447  572  727  835 1033 1148 1332 2017],-0.038846669811559605,79.18594397283384,2.3910867421532305
920,9,33,0,[   0  447  572  645  646  852 1033 1034 1114 1200 1332 1333 2017],0.053136009810546767,85.69596384801838,1.6476820749362768
921,9,33,20,[   0  199  447  545  572  646  852 1033 1085 1114 1200 1275 1333 2017],0.053136009810546767,85.69596384801838,1.6476820749362768
922,9,33,40,[   0  199  447  572  646  852 1033 1114 1200 1333 2017],0.053136009810546767,85.69596384801838,1.6476820749362768
923,9,33,60,[   0  199  447  572  646  852 1033 1114 1200 1333 2017],0.053136009810546767,85.69596384801838,1.6476820749362768
924,9,34,0,[   0  350  545  645  646 1033 1034 1158 1332 1333 2017],0.11959529576546979,87.7645855781644,1.3551808574122828
925,9,34,20,"[   0  187  350  545  602  646  744  852 1033 1085 1158 1275 1333 1988
 2017]",0.11959529576546979,87.7645855781644,1.3551808574122828
926,9,34,40,[   0  187  350  545  602  646  744  852 1033 1085 1158 1275 1333 2017],0.11959529576546979,87.7645855781644,1.3551808574122828
927,9,34,60,[   0  350  545  744  852 1033 1158 1275 2017],0.11959529576546979,87.7645855781644,1.3551808574122828
928,9,35,0,[   0  350  545  930 1033 1034 1115 1163 1332 1333 2017],-0.018840399588253384,78.7530177663576,3.5329448419988583
929,9,35,20,"[   0  187  350  507  545  744  852  930 1033 1115 1163 1275 1333 1988
 2017]",-0.018840399588253384,78.7530177663576,3.5329448419988583
930,9,35,40,[   0  350  545  744  930 1033 1115 1163 1275 2017],-0.018840399588253384,78.7530177663576,3.5329448419988583
931,9,35,60,[   0  350  545  744  930 1033 1115 1275 2017],-0.018840399588253384,78.7530177663576,3.5329448419988583
932,9,36,0,[   0  389  507  645  646 1033 1034 1115 1332 1333 2017],-0.001776785141273853,83.27978937800249,2.5729591902511895
933,9,36,20,[   0  187  389  507  602  646  780  976 1034 1115 1332 1382 1988 2017],-0.001776785141273853,83.27978937800249,2.5729591902511895
934,9,36,40,[   0  187  389  507  602  646  780  976 1034 1115 1332 1382 2017],-0.001776785141273853,83.27978937800249,2.5729591902511895
935,9,36,60,[   0  389  507  602  976 1115 1332 2017],-0.001776785141273853,83.27978937800249,2.5729591902511895
936,9,37,0,[   0  455  567  887 1033 1034 1114 1158 1332 1333 2017],0.05726020796317778,82.26037838069321,1.8698630669347085
937,9,37,20,[   0  187  455  545  567  602  780  887 1033 1085 1114 1158 1332 2017],0.05726020796317778,82.26037838069321,1.8698630669347085
938,9,37,40,[   0  187  455  567  780  887 1033 1114 1158 1332 2017],0.05726020796317778,82.26037838069321,1.8698630669347085
939,9,37,60,[   0  187  455  567  780  887 1033 1158 1332 2017],0.05726020796317778,82.26037838069321,1.8698630669347085
940,9,38,0,[   0  350  545  780  852 1033 1034 1115 1158 1332 1333 2017],-0.013109581510301819,81.86910666692943,2.70305801722936
941,9,38,20,"[   0  187  350  545  602  780  852  973 1046 1115 1158 1275 1333 1988
 2017]",-0.013109581510301819,81.86910666692943,2.70305801722936
942,9,38,40,[   0  187  350  545  602  780  852  973 1046 1115 1158 1275 1333 2017],-0.013109581510301819,81.86910666692943,2.70305801722936
943,9,38,60,[   0  350  545  780  852 1046 1115 1275 2017],-0.013109581510301819,81.86910666692943,2.70305801722936
944,9,39,0,[   0  389  507  887 1033 1034 1114 1158 1332 1333 2017],0.017806897923954332,82.16235537491269,1.8330208321598802
945,9,39,20,[   0  201  389  507  602  780  887 1040 1114 1158 1332 1484 2017],0.017806897923954332,82.16235537491269,1.8330208321598802
946,9,39,40,[   0  201  389  507  602  780  887 1040 1114 1158 1332 1484 2017],0.017806897923954332,82.16235537491269,1.8330208321598802
947,9,39,60,[   0  201  389  507  602  780  887 1040 1158 1332 2017],0.017806897923954332,82.16235537491269,1.8330208321598802
948,9,40,0,[   0  346  545  645  646 1033 1034 1163 1332 1333 2017],-0.017195432137635476,79.3188696376378,2.0101799552525987
949,9,40,20,[   0  346  545  646 1046 1163 1332 1761 2017],-0.017195432137635476,79.3188696376378,2.0101799552525987
950,9,40,40,[   0  346  545  646 1046 1163 1332 1761 2017],-0.017195432137635476,79.3188696376378,2.0101799552525987
951,9,40,60,[   0  346  545  646 1046 1163 1332 1761 2017],-0.017195432137635476,79.3188696376378,2.0101799552525987
952,9,41,0,[   0  346  531  645  646 1033 1034 1125 1332 1333 2017],0.025643671925389043,81.20135566341824,1.8238110890929065
953,9,41,20,[   0  346  372  503  547  645  693  780 1033 1125 1332 1761 2017],0.025643671925389043,81.20135566341824,1.8238110890929065
954,9,41,40,[   0  346  547  693 1033 1125 1332 1761 2017],0.025643671925389043,81.20135566341824,1.8238110890929065
955,9,41,60,[   0  346  503  693 1033 1125 1332 1761 2017],0.025643671925389043,81.20135566341824,1.8238110890929065
956,9,42,0,[   0  389  531  645  646 1033 1034 1158 1332 1333 2017],-0.006665127892304732,79.57741209391382,1.774012826129529
957,9,42,20,[   0  389  531  602  716  780  852 1033 1096 1158 1333 1761 2017],-0.006665127892304732,79.57741209391382,1.774012826129529
958,9,42,40,[   0  389  531  602  716  780  852 1033 1096 1158 1333 1761 2017],-0.006665127892304732,79.57741209391382,1.774012826129529
959,9,42,60,[   0  389  531  602  716  780  852 1033 1096 1158 1333 1761 2017],-0.006665127892304732,79.57741209391382,1.774012826129529
960,9,43,0,[   0  389  541  645  646 1033 1034 1187 1332 1333 2017],0.036452583413576434,85.9615307914442,1.7183529223127916
961,9,43,20,[   0  199  389  541  609  646 1033 1187 1333 1761 2017],0.036452583413576434,85.9615307914442,1.7183529223127916
962,9,43,40,[   0  199  389  541  609 1033 1187 1333 1761 2017],0.036452583413576434,85.9615307914442,1.7183529223127916
963,9,43,60,[   0  199  389  541  609 1033 1187 1333 1761 2017],0.036452583413576434,85.9615307914442,1.7183529223127916
964,9,44,0,[   0  389  545  930 1033 1034 1163 1332 1333 2017],-0.030793968067961967,85.26124844356147,2.1895666347622535
965,9,44,20,"[   0  199  389  545  592  780  887  930 1033 1085 1163 1189 1332 1595
 2017]",-0.030793968067961967,85.26124844356147,2.1895666347622535
966,9,44,40,[   0  199  389  545  592  780  887  930 1033 1085 1163 1332 1595 2017],-0.030793968067961967,85.26124844356147,2.1895666347622535
967,9,44,60,[   0  389  545  780  930 1033 1163 1595 2017],-0.030793968067961967,85.26124844356147,2.1895666347622535
968,9,45,0,[   0  372  507  645  646 1033 1034 1189 1332 1333 2017],0.07852190703908819,86.64254639587224,1.6022230777655293
969,9,45,20,[   0  260  372  507  545  648  780  973 1034 1189 1309 1333 1988 2017],0.07852190703908819,86.64254639587224,1.6022230777655293
970,9,45,40,[   0  372  507  648  973 1034 1189 1333 2017],0.07852190703908819,86.64254639587224,1.6022230777655293
971,9,45,60,[   0  372  507  648  973 1034 1189 1333 2017],0.07852190703908819,86.64254639587224,1.6022230777655293
972,9,46,0,[   0  346  518  645  646 1033 1034 1332 1333 2017],0.016259132346597486,90.82603163389172,1.7727207008784847
973,9,46,20,[   0  346  518  602  716  780 1033 1096 1332 1761 2017],0.016259132346597486,90.82603163389172,1.7727207008784847
974,9,46,40,[   0  346  518  602  716  780 1033 1096 1332 1761 2017],0.016259132346597486,90.82603163389172,1.7727207008784847
975,9,46,60,[   0  346  518  602  716  780 1033 1096 1332 1761 2017],0.016259132346597486,90.82603163389172,1.7727207008784847
976,9,47,0,[   0  389  507 1033 1034 1158 1332 1333 2017],0.01876441765332897,84.72699240589479,1.916089461867962
977,9,47,20,[   0  389  507  607 1040 1158 1332 2017],0.01876441765332897,84.72699240589479,1.916089461867962
978,9,47,40,[   0  389  507  607 1040 1158 1332 2017],0.01876441765332897,84.72699240589479,1.916089461867962
979,9,47,60,[   0  389  507  607 1040 1158 1332 2017],0.01876441765332897,84.72699240589479,1.916089461867962
980,9,48,0,[   0  389  507  887 1033 1034 1129 1332 1333 2017],0.002008449848667993,88.61620940774277,2.5772113271996195
981,9,48,20,[   0  199  389  507  602  780  887 1033 1077 1129 1189 1333 1996 2017],0.002008449848667993,88.61620940774277,2.5772113271996195
982,9,48,40,[   0  199  389  507  602  780  887 1033 1077 1129 1189 1333 2017],0.002008449848667993,88.61620940774277,2.5772113271996195
983,9,48,60,[   0  199  389  507  602  780  887 1033 1129 1333 2017],0.002008449848667993,88.61620940774277,2.5772113271996195
984,9,49,0,[   0  442  507  645  646 1033 1034 1332 1333 2017],0.019755699448107764,89.12498871165074,1.5793432615110836
985,9,49,20,[   0  199  442  507  602  780  887 1034 1332 1988 2017],0.019755699448107764,89.12498871165074,1.5793432615110836
986,9,49,40,[   0  199  442  507  602  780  887 1034 1332 2017],0.019755699448107764,89.12498871165074,1.5793432615110836
987,9,49,60,[   0  199  442  507  602  780  887 1034 1332 2017],0.019755699448107764,89.12498871165074,1.5793432615110836
988,9,50,0,[   0  318  545  887 1033 1034 1114 1164 1332 1333 2017],-0.0029522465696474715,85.70126355070514,1.9687681938574413
989,9,50,20,"[   0  199  318  545  602  780  887  973 1034 1114 1164 1189 1332 1484
 1996 2017]",-0.0029522465696474715,85.70126355070514,1.9687681938574413
990,9,50,40,[   0  199  318  545  602  780  887  973 1034 1114 1164 1332 1484 2017],-0.0029522465696474715,85.70126355070514,1.9687681938574413
991,9,50,60,[   0  318  545  780  887 1034 1164 1332 2017],-0.0029522465696474715,85.70126355070514,1.9687681938574413
992,10,20,0,[   0  346  532  645  646  994  995 1033 1034 1158 1332 1333 2017],0.041184276098726796,73.39874786838838,2.169008686591476
993,10,20,20,[   0  346  372  532  646  780  843  994 1034 1097 1158 1332 1396 2017],0.041184276098726796,73.39874786838838,2.169008686591476
994,10,20,40,[   0  346  532  646  780  843 1034 1097 1158 1332 1396 2017],0.041184276098726796,73.39874786838838,2.169008686591476
995,10,20,60,[   0  346  532  646  780  843 1034 1097 1158 1332 1396 2017],0.041184276098726796,73.39874786838838,2.169008686591476
996,10,21,0,[   0  372  572  645  646  994  995 1033 1034 1174 1332 1333 2017],-0.032808234493436214,72.46024457520781,2.0988582991450446
997,10,21,20,"[   0  372  447  482  545  572  645  727  892  994 1034 1174 1333 1761
 2017]",-0.032808234493436214,72.46024457520781,2.0988582991450446
998,10,21,40,[   0  372  482  572  645  727  892 1034 1174 1333 1761 2017],-0.032808234493436214,72.46024457520781,2.0988582991450446
999,10,21,60,[   0  372  482  572  645  727  892 1034 1174 1333 1761 2017],-0.032808234493436214,72.46024457520781,2.0988582991450446
1000,10,22,0,[   0  372  515  645  646  941 1033 1034 1116 1158 1332 1333 2017],0.001861031133847779,68.94824389822331,2.384559445444451
1001,10,22,20,[   0  372  455  515  620  646  941 1034 1116 1158 1332 1396 2017],0.001861031133847779,68.94824389822331,2.384559445444451
1002,10,22,40,[   0  372  455  515  620  941 1034 1116 1158 1332 1396 2017],0.001861031133847779,68.94824389822331,2.384559445444451
1003,10,22,60,[   0  372  515  620  941 1034 1158 1332 1396 2017],0.001861031133847779,68.94824389822331,2.384559445444451
1004,10,23,0,"[   0  372  545  645  646  930  994  995 1033 1034 1116 1158 1332 1333
 2017]",-0.0004920420052896393,69.67936964238531,2.56878661698999
1005,10,23,20,[   0  372  455  545  646  789  833  930  994 1034 1116 1158 1326 2017],-0.0004920420052896393,69.67936964238531,2.56878661698999
1006,10,23,40,[   0  372  455  545  646  789  833  930 1034 1116 1158 1326 2017],-0.0004920420052896393,69.67936964238531,2.56878661698999
1007,10,23,60,[   0  372  455  545  646  789  930 1034 1158 1326 2017],-0.0004920420052896393,69.67936964238531,2.56878661698999
1008,10,24,0,[   0  372  515  645  646  943 1033 1034 1125 1332 1333 2017],-0.03690908335916117,70.47924297776167,3.3707007551866752
1009,10,24,20,"[   0   42  372  442  515  545  646  802  833  943 1033 1085 1125 1156
 1332 1396 2017]",-0.03690908335916117,70.47924297776167,3.3707007551866752
1010,10,24,40,[   0  372  442  515  646  802  943 1033 1085 1156 1332 1396 2017],-0.03690908335916117,70.47924297776167,3.3707007551866752
1011,10,24,60,[   0  372  442  515  646  802  943 1033 1156 1332 1396 2017],-0.03690908335916117,70.47924297776167,3.3707007551866752
1012,10,25,0,[   0  350  572  645  646  931  994  995 1033 1034 1174 1332 1333 2017],-0.011622960576843856,71.38267487040467,1.8732890512479052
1013,10,25,20,[   0  350  372  545  572  646  931  994 1034 1097 1174 1332 1396 2017],-0.011622960576843856,71.38267487040467,1.8732890512479052
1014,10,25,40,[   0  350  572  646  931 1034 1097 1174 1332 1396 2017],-0.011622960576843856,71.38267487040467,1.8732890512479052
1015,10,25,60,[   0  350  572  646  931 1034 1097 1174 1332 1396 2017],-0.011622960576843856,71.38267487040467,1.8732890512479052
1016,10,26,0,[   0  372  572  645  646  931 1033 1034 1174 1332 1333 2017],-0.01898206875702169,70.56790078649338,2.4040517359166667
1017,10,26,20,[   0  372  499  572  646  789  931 1033 1097 1174 1332 1396 1755 2017],-0.01898206875702169,70.56790078649338,2.4040517359166667
1018,10,26,40,[   0  372  499  572  646  789  931 1033 1097 1174 1332 1396 1755 2017],-0.01898206875702169,70.56790078649338,2.4040517359166667
1019,10,26,60,[   0  372  499  572  646  789  931 1033 1097 1174 1332 1396 1755 2017],-0.01898206875702169,70.56790078649338,2.4040517359166667
1020,10,27,0,"[   0  372  545  645  646  943  994  995 1033 1034 1115 1174 1332 1333
 2017]",-0.027208055471304556,75.09146322616218,1.8731887049349774
1021,10,27,20,[   0  372  545  646  943  994 1034 1115 1174 1332 1761 2017],-0.027208055471304556,75.09146322616218,1.8731887049349774
1022,10,27,40,[   0  372  545  646  943 1034 1115 1174 1332 1761 2017],-0.027208055471304556,75.09146322616218,1.8731887049349774
1023,10,27,60,[   0  372  545  646  943 1034 1174 1332 1761 2017],-0.027208055471304556,75.09146322616218,1.8731887049349774
1024,10,28,0,[   0  350  545  645  646  915  994  995 1033 1034 1174 1332 1333 2017],-0.027432774063057486,79.76071695940288,2.0546469502334443
1025,10,28,20,[   0  199  350  545  646  915  957  994 1034 1085 1174 1332 1484 2017],-0.027432774063057486,79.76071695940288,2.0546469502334443
1026,10,28,40,[   0  350  545  646  915 1034 1085 1174 1484 2017],-0.027432774063057486,79.76071695940288,2.0546469502334443
1027,10,28,60,[   0  350  545  646  915 1034 1174 1484 2017],-0.027432774063057486,79.76071695940288,2.0546469502334443
1028,10,29,0,[   0  372  545  645  646  931 1033 1034 1174 1332 1333 2017],-0.05361169421145302,79.25046729896562,2.1062270343073974
1029,10,29,20,"[   0  372  404  545  602  646  727  931  957 1033 1085 1174 1200 1332
 1484 1987 2017]",-0.05361169421145302,79.25046729896562,2.1062270343073974
1030,10,29,40,[   0  372  545  727  931 1033 1085 1174 1484 2017],-0.05361169421145302,79.25046729896562,2.1062270343073974
1031,10,29,60,[   0  372  545  727  931 1085 1174 1484 2017],-0.05361169421145302,79.25046729896562,2.1062270343073974
1032,10,30,0,[   0  372  545  645  646  915 1033 1034 1174 1332 1333 2017],-0.04728250587307993,78.2643151001397,2.3770169499701526
1033,10,30,20,[   0  372  545  727  915 1046 1085 1174 1484 1987 2017],-0.04728250587307993,78.2643151001397,2.3770169499701526
1034,10,30,40,[   0  372  545  727  915 1046 1174 1484 2017],-0.04728250587307993,78.2643151001397,2.3770169499701526
1035,10,30,60,[   0  372  545  727  915 1046 1174 1484 2017],-0.04728250587307993,78.2643151001397,2.3770169499701526
1036,10,31,0,[   0  372  545  645  646  941 1033 1034 1149 1332 1333 2017],-0.018518994156173505,77.84101514377947,1.900203955840572
1037,10,31,20,"[   0  372  404  545  602  646  727  887  941 1033 1085 1149 1200 1332
 1484 1761 2017]",-0.018518994156173505,77.84101514377947,1.900203955840572
1038,10,31,40,[   0  372  545  602  727  941 1033 1085 1149 1200 1332 1761 2017],-0.018518994156173505,77.84101514377947,1.900203955840572
1039,10,31,60,[   0  372  545  727  941 1033 1149 1332 1761 2017],-0.018518994156173505,77.84101514377947,1.900203955840572
1040,10,32,0,[   0  346  572  645  646 1033 1034 1148 1332 1333 2017],-0.03825104219246195,77.43357568626512,2.1571827014339253
1041,10,32,20,"[   0  346  372  447  545  572  645  727  835 1033 1085 1148 1200 1332
 1484 1987 2017]",-0.03825104219246195,77.43357568626512,2.1571827014339253
1042,10,32,40,[   0  346  447  572  645  727  835 1033 1085 1148 1200 1484 2017],-0.03825104219246195,77.43357568626512,2.1571827014339253
1043,10,32,60,[   0  346  447  572  645  727  835 1033 1148 1332 1484 2017],-0.03825104219246195,77.43357568626512,2.1571827014339253
1044,10,33,0,[   0  447  572  645  646  852 1033 1034 1114 1200 1332 1333 2017],0.05557488236718729,82.69606846634318,1.6600666142257539
1045,10,33,20,"[   0   54  199  447  545  572  602  646  727  852 1033 1085 1114 1200
 1275 1333 2017]",0.05557488236718729,82.69606846634318,1.6600666142257539
1046,10,33,40,[   0  199  447  572  646  727  852 1033 1114 1200 1333 2017],0.05557488236718729,82.69606846634318,1.6600666142257539
1047,10,33,60,[   0  199  447  572  646  727  852 1033 1114 1200 1333 2017],0.05557488236718729,82.69606846634318,1.6600666142257539
1048,10,34,0,[   0  350  507  645  646 1033 1034 1158 1332 1333 2017],0.11759499613930094,84.66372645602972,1.7613421606376582
1049,10,34,20,[   0  187  350  507  602  727  852 1033 1085 1158 1275 1333 1988 2017],0.11759499613930094,84.66372645602972,1.7613421606376582
1050,10,34,40,[   0  187  350  507  602  727  852 1033 1085 1158 1275 1333 2017],0.11759499613930094,84.66372645602972,1.7613421606376582
1051,10,34,60,[   0  350  507  602  727  852 1033 1158 1275 2017],0.11759499613930094,84.66372645602972,1.7613421606376582
1052,10,35,0,[   0  350  507  645  646  930 1033 1034 1115 1163 1332 1333 2017],-0.017956506765905957,77.03989617385812,3.1879380247343407
1053,10,35,20,"[   0  187  350  507  545  645  744  852  930 1033 1115 1163 1275 1333
 1988 2017]",-0.017956506765905957,77.03989617385812,3.1879380247343407
1054,10,35,40,[   0  187  350  507  645  744  852  930 1033 1115 1163 1275 1333 2017],-0.017956506765905957,77.03989617385812,3.1879380247343407
1055,10,35,60,[   0  350  507  645  744  930 1033 1115 1275 2017],-0.017956506765905957,77.03989617385812,3.1879380247343407
1056,10,36,0,[   0  389  507  645  646 1033 1034 1115 1332 1333 2017],0.0033527515265202963,81.0987130071286,2.520860873503433
1057,10,36,20,"[   0  187  389  507  602  646  780  976 1033 1085 1115 1275 1332 1382
 1988 2017]",0.0033527515265202963,81.0987130071286,2.520860873503433
1058,10,36,40,[   0  187  389  507  602  646  780  976 1033 1115 1275 1332 1382 2017],0.0033527515265202963,81.0987130071286,2.520860873503433
1059,10,36,60,[   0  187  389  507  602  780  976 1115 1275 1382 2017],0.0033527515265202963,81.0987130071286,2.520860873503433
1060,10,37,0,[   0  455  567  887 1033 1034 1114 1158 1332 1333 2017],-0.005326898045410222,80.69192182588135,2.20163875988577
1061,10,37,20,"[   0  187  455  545  567  602  780  887 1033 1085 1114 1158 1332 1446
 1988 2017]",-0.005326898045410222,80.69192182588135,2.20163875988577
1062,10,37,40,[   0  187  455  567  780  887 1033 1114 1158 1332 2017],-0.005326898045410222,80.69192182588135,2.20163875988577
1063,10,37,60,[   0  187  455  567  780  887 1033 1158 1332 2017],-0.005326898045410222,80.69192182588135,2.20163875988577
1064,10,38,0,[   0  350  545  780  852 1033 1034 1115 1158 1332 1333 2017],-0.00602359015727267,79.95725933322807,2.591825825598786
1065,10,38,20,"[   0  187  350  455  545  620  780  852  973 1046 1115 1158 1275 1333
 1988 2017]",-0.00602359015727267,79.95725933322807,2.591825825598786
1066,10,38,40,"[   0  187  350  455  545  620  780  852  973 1046 1115 1158 1275 1333
 2017]",-0.00602359015727267,79.95725933322807,2.591825825598786
1067,10,38,60,[   0  350  455  545  620  780  852 1046 1115 1275 2017],-0.00602359015727267,79.95725933322807,2.591825825598786
1068,10,39,0,[   0  389  507  645  646  887 1033 1034 1114 1158 1332 1333 2017],0.018187443696110573,80.17325092704385,1.6393436222875124
1069,10,39,20,[   0  201  389  507  602  646  780  887 1040 1114 1158 1332 1484 2017],0.018187443696110573,80.17325092704385,1.6393436222875124
1070,10,39,40,[   0  201  389  507  602  646  780  887 1040 1114 1158 1332 1484 2017],0.018187443696110573,80.17325092704385,1.6393436222875124
1071,10,39,60,[   0  201  389  507  602  780  887 1040 1158 1332 2017],0.018187443696110573,80.17325092704385,1.6393436222875124
1072,10,40,0,[   0  346  572  645  646 1033 1034 1163 1332 1333 2017],-0.019005112850273714,77.39581726672216,2.6183443948141907
1073,10,40,20,[   0  346  572  646 1046 1163 1332 2017],-0.019005112850273714,77.39581726672216,2.6183443948141907
1074,10,40,40,[   0  346  572  646 1046 1163 1332 2017],-0.019005112850273714,77.39581726672216,2.6183443948141907
1075,10,40,60,[   0  346  572  646 1046 1163 1332 2017],-0.019005112850273714,77.39581726672216,2.6183443948141907
1076,10,41,0,[   0  346  531  645  646  994  995 1033 1034 1125 1332 1333 2017],0.026584254332197584,78.510004242221,1.6661555181057655
1077,10,41,20,[   0  346  372  503  547  645  693  780  994 1034 1125 1332 1761 2017],0.026584254332197584,78.510004242221,1.6661555181057655
1078,10,41,40,[   0  346  503  547  693  780 1034 1125 1332 1761 2017],0.026584254332197584,78.510004242221,1.6661555181057655
1079,10,41,60,[   0  346  503  693 1034 1125 1332 1761 2017],0.026584254332197584,78.510004242221,1.6661555181057655
1080,10,42,0,[   0  389  531  645  646  994  995 1033 1034 1158 1332 1333 2017],-0.005530693898925112,77.05311040442463,1.630537825484997
1081,10,42,20,[   0  389  531  602  716  780  852  994 1034 1096 1158 1333 1761 2017],-0.005530693898925112,77.05311040442463,1.630537825484997
1082,10,42,40,[   0  389  531  602  716  780  852 1034 1096 1158 1333 1761 2017],-0.005530693898925112,77.05311040442463,1.630537825484997
1083,10,42,60,[   0  389  531  602  716  780  852 1034 1096 1158 1333 1761 2017],-0.005530693898925112,77.05311040442463,1.630537825484997
1084,10,43,0,[   0  389  541  645  646 1033 1034 1187 1332 1333 2017],0.0408749034654532,83.25576698530463,1.7734367778284228
1085,10,43,20,[   0  199  389  541  609  646  780 1033 1085 1187 1333 1761 2017],0.0408749034654532,83.25576698530463,1.7734367778284228
1086,10,43,40,[   0  199  389  541  609  780 1033 1085 1187 1333 1761 2017],0.0408749034654532,83.25576698530463,1.7734367778284228
1087,10,43,60,[   0  199  389  541  609 1033 1187 1333 1761 2017],0.0408749034654532,83.25576698530463,1.7734367778284228
1088,10,44,0,[   0  389  545  645  646  930 1033 1034 1163 1332 1333 2017],-0.030503663857849264,82.87134120493916,1.9672165631985052
1089,10,44,20,"[   0  199  389  545  592  646  780  887  930 1033 1085 1163 1189 1332
 1595 2017]",-0.030503663857849264,82.87134120493916,1.9672165631985052
1090,10,44,40,"[   0  199  389  545  592  646  780  887  930 1033 1085 1163 1332 1595
 2017]",-0.030503663857849264,82.87134120493916,1.9672165631985052
1091,10,44,60,[   0  389  545  646  780  930 1033 1163 1595 2017],-0.030503663857849264,82.87134120493916,1.9672165631985052
1092,10,45,0,[   0  372  507  645  646  994  995 1033 1034 1189 1332 1333 2017],0.07937413652861972,83.62083114518192,1.4590869506754383
1093,10,45,20,"[   0  260  372  507  545  648  780  973  995 1034 1189 1309 1333 1988
 2017]",0.07937413652861972,83.62083114518192,1.4590869506754383
1094,10,45,40,[   0  372  507  648  973 1034 1189 1333 2017],0.07937413652861972,83.62083114518192,1.4590869506754383
1095,10,45,60,[   0  372  507  648  973 1034 1189 1333 2017],0.07937413652861972,83.62083114518192,1.4590869506754383
1096,10,46,0,[   0  346  518  645  646 1033 1034 1332 1333 2017],0.02010554942959063,87.63693357190009,1.765259025288514
1097,10,46,20,[   0  201  346  455  518  620  646  716  780 1033 1096 1332 1761 2017],0.02010554942959063,87.63693357190009,1.765259025288514
1098,10,46,40,[   0  201  346  455  518  620  716  780 1033 1096 1332 1761 2017],0.02010554942959063,87.63693357190009,1.765259025288514
1099,10,46,60,[   0  201  346  455  518  620  716  780 1033 1096 1332 1761 2017],0.02010554942959063,87.63693357190009,1.765259025288514
1100,10,47,0,[   0  389  507  887 1033 1034 1158 1332 1333 2017],0.00785624280971603,82.62662561287009,1.853869431888759
1101,10,47,20,[   0  199  389  507  607  780  887 1040 1107 1158 1332 2017],0.00785624280971603,82.62662561287009,1.853869431888759
1102,10,47,40,[   0  199  389  507  607  780  887 1040 1107 1158 1332 2017],0.00785624280971603,82.62662561287009,1.853869431888759
1103,10,47,60,[   0  199  389  507  607  780  887 1040 1158 1332 2017],0.00785624280971603,82.62662561287009,1.853869431888759
1104,10,48,0,[   0  389  507  645  646 1033 1034 1129 1332 1333 2017],0.00229304145246099,86.18295928453715,2.2902265164730125
1105,10,48,20,"[   0  199  389  507  602  646  780  887 1033 1077 1129 1189 1333 1996
 2017]",0.00229304145246099,86.18295928453715,2.2902265164730125
1106,10,48,40,[   0  199  389  507  602  646  780  887 1033 1077 1129 1189 1333 2017],0.00229304145246099,86.18295928453715,2.2902265164730125
1107,10,48,60,[   0  199  389  507  602  780  887 1033 1129 1333 2017],0.00229304145246099,86.18295928453715,2.2902265164730125
1108,10,49,0,[   0  442  507  645  646 1033 1034 1163 1332 1333 2017],-0.021421904087074412,84.28461484832897,1.9321901198591953
1109,10,49,20,[   0  199  442  507  602  646  780  887 1034 1163 1332 1460 1988 2017],-0.021421904087074412,84.28461484832897,1.9321901198591953
1110,10,49,40,[   0  199  442  507  602  646  780  887 1034 1163 1332 2017],-0.021421904087074412,84.28461484832897,1.9321901198591953
1111,10,49,60,[   0  199  442  507  602  780  887 1034 1163 1332 2017],-0.021421904087074412,84.28461484832897,1.9321901198591953
1112,10,50,0,[   0  318  545  645  646  887 1033 1034 1114 1164 1332 1333 2017],-0.002665694509244974,83.46425748515306,1.7453178841412942
1113,10,50,20,"[   0  199  318  545  602  646  780  887  973 1034 1114 1164 1189 1332
 1484 1996 2017]",-0.002665694509244974,83.46425748515306,1.7453178841412942
1114,10,50,40,"[   0  199  318  545  602  646  780  887  973 1034 1114 1164 1332 1484
 2017]",-0.002665694509244974,83.46425748515306,1.7453178841412942
1115,10,50,60,[   0  199  318  545  646  780  887  973 1034 1164 1332 1484 2017],-0.002665694509244974,83.46425748515306,1.7453178841412942
1116,11,20,0,[   0  346  532  645  646  994  995 1033 1034 1174 1332 1333 2017],-0.016677151043216015,70.71042968483806,2.488803162607485
1117,11,20,20,"[   0  346  372  532  646  780  843  994 1034 1097 1174 1332 1396 1761
 2017]",-0.016677151043216015,70.71042968483806,2.488803162607485
1118,11,20,40,[   0  346  532  646  780  843 1034 1097 1174 1332 1396 1761 2017],-0.016677151043216015,70.71042968483806,2.488803162607485
1119,11,20,60,[   0  346  532  646  780  843 1034 1097 1174 1332 1396 1761 2017],-0.016677151043216015,70.71042968483806,2.488803162607485
1120,11,21,0,[   0  372  572  645  646  994  995 1033 1034 1174 1332 1333 2017],-0.032396681514375185,69.74615227028079,1.9703755398094491
1121,11,21,20,"[   0  372  447  482  545  572  646  693  727  892  994 1034 1174 1333
 1761 2017]",-0.032396681514375185,69.74615227028079,1.9703755398094491
1122,11,21,40,[   0  372  482  572  646  727  892 1034 1174 1333 1761 2017],-0.032396681514375185,69.74615227028079,1.9703755398094491
1123,11,21,60,[   0  372  482  572  646  727  892 1034 1174 1333 1761 2017],-0.032396681514375185,69.74615227028079,1.9703755398094491
1124,11,22,0,"[   0  372  515  645  646  941  994  995 1033 1034 1116 1158 1332 1333
 2017]",0.0026649155683141105,67.69218915846214,2.17920364218082
1125,11,22,20,"[   0   42  372  455  515  620  646  941  994 1034 1116 1158 1332 1396
 2017]",0.0026649155683141105,67.69218915846214,2.17920364218082
1126,11,22,40,[   0  372  455  515  620  941 1034 1116 1158 1332 1396 2017],0.0026649155683141105,67.69218915846214,2.17920364218082
1127,11,22,60,[   0  372  515  620  941 1034 1158 1332 1396 2017],0.0026649155683141105,67.69218915846214,2.17920364218082
1128,11,23,0,"[   0  372  545  645  646  931  994  995 1033 1034 1114 1158 1332 1333
 2017]",0.0032808840495597022,68.01695837028169,2.7639866915727094
1129,11,23,20,[   0  372  455  545  646  789  833  931  994 1034 1114 1158 1326 2017],0.0032808840495597022,68.01695837028169,2.7639866915727094
1130,11,23,40,[   0  372  455  545  646  789  833  931 1034 1114 1158 1326 2017],0.0032808840495597022,68.01695837028169,2.7639866915727094
1131,11,23,60,[   0  372  455  545  646  789  931 1034 1158 1326 2017],0.0032808840495597022,68.01695837028169,2.7639866915727094
1132,11,24,0,[   0  372  515  645  646  943  994  995 1033 1034 1125 1332 1333 2017],-0.03594077120944596,69.01038089862281,3.0734915200513337
1133,11,24,20,"[   0   42  372  442  515  545  646  802  833  943  994 1034 1085 1125
 1156 1332 1396 2017]",-0.03594077120944596,69.01038089862281,3.0734915200513337
1134,11,24,40,[   0  372  442  515  646  802  943 1034 1085 1156 1332 1396 2017],-0.03594077120944596,69.01038089862281,3.0734915200513337
1135,11,24,60,[   0  372  442  515  646  802  943 1034 1156 1332 1396 2017],-0.03594077120944596,69.01038089862281,3.0734915200513337
1136,11,25,0,[   0  350  572  645  646  931  994  995 1033 1034 1174 1332 1333 2017],-0.010517999226173632,69.07964209064083,1.7757163129625804
1137,11,25,20,"[   0  350  372  545  572  646  710  931  994 1034 1097 1174 1332 1396
 2017]",-0.010517999226173632,69.07964209064083,1.7757163129625804
1138,11,25,40,[   0  350  572  710  931 1034 1097 1174 1332 1396 2017],-0.010517999226173632,69.07964209064083,1.7757163129625804
1139,11,25,60,[   0  350  572  710  931 1034 1097 1174 1332 1396 2017],-0.010517999226173632,69.07964209064083,1.7757163129625804
1140,11,26,0,[   0  372  572  645  646  943 1033 1034 1174 1332 1333 2017],-0.01957739295382595,69.37940894987815,3.0045951090004763
1141,11,26,20,"[   0  372  499  572  646  789  833  943 1033 1097 1174 1332 1396 1755
 2017]",-0.01957739295382595,69.37940894987815,3.0045951090004763
1142,11,26,40,"[   0  372  499  572  646  789  833  943 1033 1097 1174 1332 1396 1755
 2017]",-0.01957739295382595,69.37940894987815,3.0045951090004763
1143,11,26,60,[   0  372  499  572  646  789  943 1033 1097 1174 1332 1396 1755 2017],-0.01957739295382595,69.37940894987815,3.0045951090004763
1144,11,27,0,"[   0  372  507  645  646  943  994  995 1033 1034 1115 1174 1332 1333
 2017]",-0.020969567203747794,72.90443325594104,2.05990676605872
1145,11,27,20,[   0  372  507  645  721  943  994 1034 1115 1174 1332 1761 2017],-0.020969567203747794,72.90443325594104,2.05990676605872
1146,11,27,40,[   0  372  507  645  721  943 1034 1115 1174 1332 1761 2017],-0.020969567203747794,72.90443325594104,2.05990676605872
1147,11,27,60,[   0  372  507  645  721  943 1034 1174 1332 1761 2017],-0.020969567203747794,72.90443325594104,2.05990676605872
1148,11,28,0,[   0  350  545  645  646  915  994  995 1033 1034 1174 1332 1333 2017],-0.025748695746438354,76.9816000458069,1.9310500970156552
1149,11,28,20,"[   0  199  350  545  645  710  915  957  994 1034 1085 1174 1332 1484
 2017]",-0.025748695746438354,76.9816000458069,1.9310500970156552
1150,11,28,40,[   0  350  545  710  915 1034 1085 1174 1484 2017],-0.025748695746438354,76.9816000458069,1.9310500970156552
1151,11,28,60,[   0  350  545  710  915 1034 1174 1484 2017],-0.025748695746438354,76.9816000458069,1.9310500970156552
1152,11,29,0,[   0  372  545  645  646  931  994  995 1033 1034 1174 1332 1333 2017],-0.05222756665316277,77.31837235584601,1.9471334220030094
1153,11,29,20,"[   0  372  404  545  602  646  727  931  957  994 1034 1085 1174 1200
 1332 1484 1987 2017]",-0.05222756665316277,77.31837235584601,1.9471334220030094
1154,11,29,40,[   0  372  545  727  931 1034 1085 1174 1484 2017],-0.05222756665316277,77.31837235584601,1.9471334220030094
1155,11,29,60,[   0  372  545  727  931 1034 1174 1484 2017],-0.05222756665316277,77.31837235584601,1.9471334220030094
1156,11,30,0,[   0  372  545  645  646  915  994  995 1033 1034 1174 1332 1333 2017],-0.04658171581764811,76.39165717453794,2.176873944941644
1157,11,30,20,"[   0  372  404  545  602  646  727  915  994 1046 1085 1174 1200 1332
 1484 1987 2017]",-0.04658171581764811,76.39165717453794,2.176873944941644
1158,11,30,40,[   0  372  545  727  915  994 1085 1174 1484 2017],-0.04658171581764811,76.39165717453794,2.176873944941644
1159,11,30,60,[   0  372  545  727  915  994 1085 1174 1484 2017],-0.04658171581764811,76.39165717453794,2.176873944941644
1160,11,31,0,[   0  372  545  645  646  941  994  995 1033 1034 1149 1332 1333 2017],-0.017329909291188716,75.97203459632597,1.7602412296810337
1161,11,31,20,"[   0  372  404  545  602  646  727  887  941  994 1034 1085 1149 1200
 1332 1484 1761 2017]",-0.017329909291188716,75.97203459632597,1.7602412296810337
1162,11,31,40,[   0  372  545  602  727  941 1034 1085 1149 1200 1332 1761 2017],-0.017329909291188716,75.97203459632597,1.7602412296810337
1163,11,31,60,[   0  372  545  727  941 1034 1149 1332 1761 2017],-0.017329909291188716,75.97203459632597,1.7602412296810337
1164,11,32,0,[   0  346  572  645  646  887 1033 1034 1114 1200 1332 1333 2017],-0.033928881508239875,75.50339155174953,2.1639887923341137
1165,11,32,20,"[   0  346  372  447  545  572  645  727  835  887 1033 1085 1114 1148
 1200 1332 1484 1987 2017]",-0.033928881508239875,75.50339155174953,2.1639887923341137
1166,11,32,40,[   0  346  447  572  645  727  887 1033 1114 1200 1484 2017],-0.033928881508239875,75.50339155174953,2.1639887923341137
1167,11,32,60,[   0  346  447  572  645  727  887 1033 1114 1200 1484 2017],-0.033928881508239875,75.50339155174953,2.1639887923341137
1168,11,33,0,[   0  447  572  645  646  994  995 1033 1034 1114 1200 1332 1333 2017],0.0562529249904754,80.38155688923096,1.5412787035328313
1169,11,33,20,"[   0   54  199  447  545  572  602  646  727  852  994 1034 1085 1114
 1200 1275 1333 2017]",0.0562529249904754,80.38155688923096,1.5412787035328313
1170,11,33,40,[   0  199  447  572  646  727  852 1034 1114 1200 1333 2017],0.0562529249904754,80.38155688923096,1.5412787035328313
1171,11,33,60,[   0  199  447  572  646  727  852 1034 1114 1200 1333 2017],0.0562529249904754,80.38155688923096,1.5412787035328313
1172,11,34,0,[   0  350  507  645  646  994  995 1033 1034 1158 1332 1333 2017],0.1175173465555249,82.41884476506434,1.6280249080455407
1173,11,34,20,"[   0  187  350  507  602  646  727  852  994 1034 1085 1158 1275 1333
 1988 2017]",0.1175173465555249,82.41884476506434,1.6280249080455407
1174,11,34,40,[   0  187  350  507  602  727  852 1034 1085 1158 1275 1333 2017],0.1175173465555249,82.41884476506434,1.6280249080455407
1175,11,34,60,[   0  350  507  602  727  852 1034 1158 1275 2017],0.1175173465555249,82.41884476506434,1.6280249080455407
1176,11,35,0,[   0  350  507  645  646  930 1033 1034 1115 1163 1332 1333 2017],-0.013002392712868516,75.6446670112905,3.0493525308406983
1177,11,35,20,"[   0  187  350  507  545  645  744  852  930 1033 1085 1115 1163 1206
 1275 1333 1988 2017]",-0.013002392712868516,75.6446670112905,3.0493525308406983
1178,11,35,40,[   0  187  350  507  645  744  852  930 1033 1115 1163 1275 1333 2017],-0.013002392712868516,75.6446670112905,3.0493525308406983
1179,11,35,60,[   0  350  507  645  744  930 1033 1115 1275 2017],-0.013002392712868516,75.6446670112905,3.0493525308406983
1180,11,36,0,[   0  389  507  645  646  887 1033 1034 1115 1158 1332 1333 2017],0.008474987832793988,79.64063971901443,2.500681441970489
1181,11,36,20,"[   0  187  389  507  602  646  780  887  976 1033 1085 1115 1158 1275
 1332 1382 1988 2017]",0.008474987832793988,79.64063971901443,2.500681441970489
1182,11,36,40,"[   0  187  389  507  602  646  780  887  976 1033 1115 1158 1275 1332
 1382 2017]",0.008474987832793988,79.64063971901443,2.500681441970489
1183,11,36,60,[   0  187  389  507  602  780  887 1033 1115 1275 1382 2017],0.008474987832793988,79.64063971901443,2.500681441970489
1184,11,37,0,[   0  455  567  645  646  887 1033 1034 1114 1158 1332 1333 2017],-0.004471565837189304,79.33538172418415,2.0350500469636206
1185,11,37,20,"[   0  187  455  545  567  602  646  780  887 1033 1085 1114 1158 1332
 1446 1988 2017]",-0.004471565837189304,79.33538172418415,2.0350500469636206
1186,11,37,40,[   0  187  455  567  646  780  887 1033 1114 1158 1332 2017],-0.004471565837189304,79.33538172418415,2.0350500469636206
1187,11,37,60,[   0  187  455  567  646  780  887 1033 1158 1332 2017],-0.004471565837189304,79.33538172418415,2.0350500469636206
1188,11,38,0,[   0  350  545  645  646  852 1033 1034 1115 1158 1332 1333 2017],-0.005632521673902233,78.69227052381541,2.3497992564406966
1189,11,38,20,"[   0  187  350  455  545  620  646  780  852  973 1046 1115 1158 1275
 1333 1988 2017]",-0.005632521673902233,78.69227052381541,2.3497992564406966
1190,11,38,40,"[   0  187  350  455  545  620  780  852  973 1046 1115 1158 1275 1333
 2017]",-0.005632521673902233,78.69227052381541,2.3497992564406966
1191,11,38,60,[   0  350  455  545  620  780  852 1046 1115 1275 2017],-0.005632521673902233,78.69227052381541,2.3497992564406966
1192,11,39,0,[   0  389  507  645  646  994  995 1033 1034 1114 1158 1332 1333 2017],0.01886314078950412,78.1727644924041,1.520024828865206
1193,11,39,20,"[   0  201  389  507  602  646  780  887  994 1040 1114 1158 1332 1484
 2017]",0.01886314078950412,78.1727644924041,1.520024828865206
1194,11,39,40,"[   0  201  389  507  602  646  780  887  994 1040 1114 1158 1332 1484
 2017]",0.01886314078950412,78.1727644924041,1.520024828865206
1195,11,39,60,[   0  201  389  507  602  780  887 1040 1158 1332 2017],0.01886314078950412,78.1727644924041,1.520024828865206
1196,11,40,0,[   0  346  572  645  646 1033 1034 1163 1332 1333 2017],-0.014861551649118166,75.65076959390649,2.5714091278944
1197,11,40,20,[   0  346  572  646  780  870 1046 1163 1332 1761 2017],-0.014861551649118166,75.65076959390649,2.5714091278944
1198,11,40,40,[   0  346  572  646  780  870 1046 1163 1332 1761 2017],-0.014861551649118166,75.65076959390649,2.5714091278944
1199,11,40,60,[   0  346  572  646  780  870 1046 1163 1332 1761 2017],-0.014861551649118166,75.65076959390649,2.5714091278944
1200,11,41,0,[   0  346  531  645  646  994  995 1033 1034 1125 1332 1333 2017],0.029019196558142946,76.5500931593749,1.750736780846988
1201,11,41,20,"[   0  346  372  503  547  645  693  780  973  995 1034 1125 1245 1333
 1761 2017]",0.029019196558142946,76.5500931593749,1.750736780846988
1202,11,41,40,[   0  346  503  547  645  693  780  973 1034 1125 1245 1333 1761 2017],0.029019196558142946,76.5500931593749,1.750736780846988
1203,11,41,60,[   0  346  503  693  780  973 1034 1125 1245 1333 1761 2017],0.029019196558142946,76.5500931593749,1.750736780846988
1204,11,42,0,[   0  389  531  645  646  994  995 1033 1034 1158 1332 1333 2017],-0.00047487771305450673,74.8549856165633,1.6578076211857178
1205,11,42,20,"[   0  389  531  602  716  780  852  994 1034 1085 1158 1187 1333 1761
 2017]",-0.00047487771305450673,74.8549856165633,1.6578076211857178
1206,11,42,40,[   0  389  531  602  716  780  852 1034 1085 1158 1333 1761 2017],-0.00047487771305450673,74.8549856165633,1.6578076211857178
1207,11,42,60,[   0  389  531  602  716  780  852 1034 1158 1333 1761 2017],-0.00047487771305450673,74.8549856165633,1.6578076211857178
1208,11,43,0,[   0  389  541  645  646  994  995 1033 1034 1187 1332 1333 2017],0.04171450039129528,80.99360958415112,1.6387024969100528
1209,11,43,20,[   0  199  389  541  609  646  780  994 1034 1085 1187 1333 1761 2017],0.04171450039129528,80.99360958415112,1.6387024969100528
1210,11,43,40,[   0  199  389  541  609  780 1034 1085 1187 1333 1761 2017],0.04171450039129528,80.99360958415112,1.6387024969100528
1211,11,43,60,[   0  199  389  541  609  780 1085 1187 1333 1761 2017],0.04171450039129528,80.99360958415112,1.6387024969100528
1212,11,44,0,[   0  389  545  645  646  930  994  995 1033 1034 1163 1332 1333 2017],-0.029197095734336986,80.69404088188097,1.8150654450692052
1213,11,44,20,"[   0  199  389  545  592  646  780  887  930  994 1034 1085 1163 1189
 1332 1595 2017]",-0.029197095734336986,80.69404088188097,1.8150654450692052
1214,11,44,40,"[   0  199  389  545  592  646  780  887  930 1034 1085 1163 1332 1595
 2017]",-0.029197095734336986,80.69404088188097,1.8150654450692052
1215,11,44,60,[   0  389  545  646  780  930 1034 1163 1595 2017],-0.029197095734336986,80.69404088188097,1.8150654450692052
1216,11,45,0,[   0  372  507  645  646  994  995 1033 1034 1114 1189 1332 1333 2017],0.0838559186979608,81.29010536456207,1.5588014436036521
1217,11,45,20,"[   0  260  372  507  545  648  780  887  973  995 1034 1114 1189 1309
 1333 1988 2017]",0.0838559186979608,81.29010536456207,1.5588014436036521
1218,11,45,40,[   0  372  507  648  780  887 1034 1114 1189 1333 2017],0.0838559186979608,81.29010536456207,1.5588014436036521
1219,11,45,60,[   0  372  507  648  780  887 1034 1114 1189 1333 2017],0.0838559186979608,81.29010536456207,1.5588014436036521
1220,11,46,0,[   0  346  518  645  646  994  995 1033 1034 1332 1333 2017],0.021203021045850038,85.19477661395744,1.624472989893067
1221,11,46,20,"[   0  201  346  455  518  620  646  716  780  994 1034 1096 1332 1761
 2017]",0.021203021045850038,85.19477661395744,1.624472989893067
1222,11,46,40,[   0  201  346  455  518  620  716  780 1034 1096 1332 1761 2017],0.021203021045850038,85.19477661395744,1.624472989893067
1223,11,46,60,[   0  201  346  455  518  620  716  780 1034 1096 1332 1761 2017],0.021203021045850038,85.19477661395744,1.624472989893067
1224,11,47,0,[   0  389  507  645  646 1033 1034 1158 1332 1333 2017],0.008741233355954881,81.05974824652847,1.709885355986164
1225,11,47,20,[   0  199  389  507  602  646  780  887 1040 1107 1158 1332 2017],0.008741233355954881,81.05974824652847,1.709885355986164
1226,11,47,40,[   0  199  389  507  602  646  780  887 1040 1107 1158 1332 2017],0.008741233355954881,81.05974824652847,1.709885355986164
1227,11,47,60,[   0  199  389  507  602  780  887 1040 1158 1332 2017],0.008741233355954881,81.05974824652847,1.709885355986164
1228,11,48,0,[   0  389  531  645  646 1033 1034 1129 1332 1333 2017],0.004560729235492947,83.92041350910345,2.203434345336825
1229,11,48,20,"[   0  199  389  494  531  620  646  780  887 1033 1077 1129 1189 1333
 1996 2017]",0.004560729235492947,83.92041350910345,2.203434345336825
1230,11,48,40,[   0  199  389  531  620  780  887 1033 1077 1129 1189 1333 2017],0.004560729235492947,83.92041350910345,2.203434345336825
1231,11,48,60,[   0  199  389  531  620  780  887 1033 1129 1333 2017],0.004560729235492947,83.92041350910345,2.203434345336825
1232,11,49,0,[   0  442  507  645  646  887 1033 1034 1114 1163 1332 1333 2017],-0.01567314382736116,82.55409133631035,2.000579676908423
1233,11,49,20,"[   0  199  442  507  602  646  780  887 1033 1114 1163 1332 1460 1988
 2017]",-0.01567314382736116,82.55409133631035,2.000579676908423
1234,11,49,40,[   0  199  442  507  602  646  780  887 1033 1114 1163 1332 1460 2017],-0.01567314382736116,82.55409133631035,2.000579676908423
1235,11,49,60,[   0  199  442  507  602  780  887 1033 1163 1332 2017],-0.01567314382736116,82.55409133631035,2.000579676908423
1236,11,50,0,[   0  318  545  645  646  887 1033 1034 1114 1164 1332 1333 2017],-0.029397463053644365,81.91817415677494,1.867416079087597
1237,11,50,20,"[   0  199  318  545  602  646  780  887  973 1034 1114 1164 1189 1332
 1484 1996 2017]",-0.029397463053644365,81.91817415677494,1.867416079087597
1238,11,50,40,"[   0  199  318  545  602  646  780  887  973 1034 1114 1164 1332 1484
 2017]",-0.029397463053644365,81.91817415677494,1.867416079087597
1239,11,50,60,[   0  199  318  545  646  780  887  973 1034 1164 1332 1484 2017],-0.029397463053644365,81.91817415677494,1.867416079087597
1240,12,20,0,[   0  346  532  645  646  994  995 1033 1034 1174 1332 1333 2017],-0.047816913031599684,69.15625456930212,2.5700878522382653
1241,12,20,20,"[   0  346  372  532  646  780  843  994 1034 1097 1174 1332 1396 1761
 1812 2017]",-0.047816913031599684,69.15625456930212,2.5700878522382653
1242,12,20,40,[   0  346  532  646  780  843 1034 1097 1174 1332 1396 1812 2017],-0.047816913031599684,69.15625456930212,2.5700878522382653
1243,12,20,60,[   0  346  532  646  780  843 1034 1097 1174 1332 1396 1812 2017],-0.047816913031599684,69.15625456930212,2.5700878522382653
1244,12,21,0,[   0  372  572  645  646  994  995 1033 1034 1174 1332 1333 2017],-0.028338407956186907,67.42317150230078,2.1758275057631282
1245,12,21,20,"[   0  372  447  482  545  572  646  693  727  892  994 1034 1107 1174
 1333 1761 2017]",-0.028338407956186907,67.42317150230078,2.1758275057631282
1246,12,21,40,[   0  372  482  572  646  727  892 1034 1107 1174 1333 1761 2017],-0.028338407956186907,67.42317150230078,2.1758275057631282
1247,12,21,60,[   0  372  482  572  646  727  892 1034 1107 1174 1333 1761 2017],-0.028338407956186907,67.42317150230078,2.1758275057631282
1248,12,22,0,"[   0  372  515  645  646  941  994  995 1033 1034 1116 1158 1332 1333
 2017]",0.005296182227563502,65.19783063449849,2.48622121280896
1249,12,22,20,"[   0   42  372  455  515  620  646  835  941  994 1034 1116 1158 1332
 1396 2017]",0.005296182227563502,65.19783063449849,2.48622121280896
1250,12,22,40,[   0   42  372  455  515  620  835  941 1034 1116 1158 1332 1396 2017],0.005296182227563502,65.19783063449849,2.48622121280896
1251,12,22,60,[   0  372  515  620  941 1034 1158 1332 1396 2017],0.005296182227563502,65.19783063449849,2.48622121280896
1252,12,23,0,"[   0  372  545  645  646  931  994  995 1033 1034 1114 1158 1332 1333
 2017]",-0.03224440563487902,66.73710624562798,3.090874765996499
1253,12,23,20,[   0  372  455  545  646  789  833  931  994 1034 1114 1158 1326 2017],-0.03224440563487902,66.73710624562798,3.090874765996499
1254,12,23,40,[   0  372  455  545  646  789  833  931 1034 1114 1158 1326 2017],-0.03224440563487902,66.73710624562798,3.090874765996499
1255,12,23,60,[   0  372  455  545  646  789  931 1034 1158 1326 2017],-0.03224440563487902,66.73710624562798,3.090874765996499
1256,12,24,0,"[   0  372  515  645  646  943  994  995 1033 1034 1114 1156 1332 1333
 2017]",-0.03239473622682285,67.2570248536745,3.136055528740357
1257,12,24,20,"[   0   42  372  442  515  545  646  802  833  943  994 1034 1085 1114
 1156 1332 1396 2017]",-0.03239473622682285,67.2570248536745,3.136055528740357
1258,12,24,40,[   0  372  442  515  646  802  943 1034 1114 1156 1332 1396 2017],-0.03239473622682285,67.2570248536745,3.136055528740357
1259,12,24,60,[   0  372  442  515  646  802  943 1034 1114 1332 1396 2017],-0.03239473622682285,67.2570248536745,3.136055528740357
1260,12,25,0,[   0  350  572  645  646  931  994  995 1033 1034 1174 1332 1333 2017],-0.052652487777094095,65.9603884655802,1.9124748664409525
1261,12,25,20,"[   0  350  372  545  572  646  710  931  994 1034 1097 1174 1332 1396
 1812 2017]",-0.052652487777094095,65.9603884655802,1.9124748664409525
1262,12,25,40,[   0  350  572  710  931 1034 1097 1174 1332 1396 1812 2017],-0.052652487777094095,65.9603884655802,1.9124748664409525
1263,12,25,60,[   0  350  572  710  931 1034 1097 1174 1332 1396 1812 2017],-0.052652487777094095,65.9603884655802,1.9124748664409525
1264,12,26,0,[   0  372  572  645  646  943  994  995 1033 1034 1174 1332 1333 2017],-0.018269202750290127,68.44652965816157,2.7638328878104708
1265,12,26,20,"[   0  372  499  572  646  789  833  943  994 1034 1097 1174 1332 1396
 1755 2017]",-0.018269202750290127,68.44652965816157,2.7638328878104708
1266,12,26,40,"[   0  372  499  572  646  789  833  943 1034 1097 1174 1332 1396 1755
 2017]",-0.018269202750290127,68.44652965816157,2.7638328878104708
1267,12,26,60,[   0  372  499  572  646  789  943 1034 1097 1174 1332 1396 1755 2017],-0.018269202750290127,68.44652965816157,2.7638328878104708
1268,12,27,0,"[   0  372  507  645  646  943  994  995 1033 1034 1115 1174 1332 1333
 2017]",-0.05727325577297732,70.73704224863057,2.8473805064549498
1269,12,27,20,"[   0  372  507  645  721  943  994 1034 1115 1174 1332 1761 1812 1987
 2017]",-0.05727325577297732,70.73704224863057,2.8473805064549498
1270,12,27,40,[   0  372  507  645  721  943 1034 1115 1174 1332 1761 1812 2017],-0.05727325577297732,70.73704224863057,2.8473805064549498
1271,12,27,60,[   0  372  507  645  721  943 1034 1174 1332 1812 2017],-0.05727325577297732,70.73704224863057,2.8473805064549498
1272,12,28,0,[   0  350  545  645  646  915  994  995 1033 1034 1174 1332 1333 2017],-0.01862144491051945,74.38628593966389,2.212533416774621
1273,12,28,20,"[   0  199  350  545  645  690  727  915  957  994 1034 1085 1174 1332
 1484 2017]",-0.01862144491051945,74.38628593966389,2.212533416774621
1274,12,28,40,[   0  350  545  727  915 1034 1085 1174 1484 2017],-0.01862144491051945,74.38628593966389,2.212533416774621
1275,12,28,60,[   0  350  545  727  915 1034 1174 1484 2017],-0.01862144491051945,74.38628593966389,2.212533416774621
1276,12,29,0,"[   0  372  545  645  646  931  994  995 1033 1034 1114 1174 1332 1333
 2017]",-0.04994556759451433,73.99097248680553,2.4381137051177197
1277,12,29,20,"[   0  372  404  545  602  646  727  931  957  994 1034 1085 1114 1136
 1174 1200 1332 1484 1987 2017]",-0.04994556759451433,73.99097248680553,2.4381137051177197
1278,12,29,40,[   0  372  545  727  931 1034 1114 1174 1484 2017],-0.04994556759451433,73.99097248680553,2.4381137051177197
1279,12,29,60,[   0  372  545  727  931 1034 1174 1484 2017],-0.04994556759451433,73.99097248680553,2.4381137051177197
1280,12,30,0,[   0  372  515  645  646  915  994  995 1033 1034 1174 1332 1333 2017],-0.0371060984064074,73.88206731339817,2.3556493982643354
1281,12,30,20,[   0  372  515  602  727  915 1046 1085 1174 1484 1987 2017],-0.0371060984064074,73.88206731339817,2.3556493982643354
1282,12,30,40,[   0  372  515  602  727  915  994 1085 1174 1484 2017],-0.0371060984064074,73.88206731339817,2.3556493982643354
1283,12,30,60,[   0  372  515  602  727  915  994 1085 1174 1484 2017],-0.0371060984064074,73.88206731339817,2.3556493982643354
1284,12,31,0,[   0  372  545  645  646  941  994  995 1033 1034 1149 1332 1333 2017],-0.012838820638380606,74.02139377591735,1.8068465218624945
1285,12,31,20,"[   0  372  447  545  620  646  727  887  941  994 1034 1085 1149 1200
 1332 1484 1761 2017]",-0.012838820638380606,74.02139377591735,1.8068465218624945
1286,12,31,40,"[   0  372  447  545  620  727  887  941 1034 1085 1149 1200 1332 1484
 1761 2017]",-0.012838820638380606,74.02139377591735,1.8068465218624945
1287,12,31,60,[   0  372  447  545  620  727  941 1034 1149 1332 1761 2017],-0.012838820638380606,74.02139377591735,1.8068465218624945
1288,12,32,0,[   0  346  572  645  646  887 1033 1034 1114 1200 1332 1333 2017],-0.032190932877445046,73.9205942422227,2.0782983146946843
1289,12,32,20,"[   0  346  372  447  545  572  620  646  727  835  887 1033 1085 1114
 1148 1200 1332 1484 1987 2017]",-0.032190932877445046,73.9205942422227,2.0782983146946843
1290,12,32,40,[   0  346  447  572  620  727  887 1033 1114 1200 1484 2017],-0.032190932877445046,73.9205942422227,2.0782983146946843
1291,12,32,60,[   0  346  447  572  727  887 1033 1114 1200 1484 2017],-0.032190932877445046,73.9205942422227,2.0782983146946843
1292,12,33,0,[   0  447  572  645  646  994  995 1033 1034 1115 1200 1332 1333 2017],0.005271370741046285,78.29847976881659,1.894410847930513
1293,12,33,20,"[   0   54  199  447  545  572  602  646  727  852  994 1034 1085 1115
 1200 1275 1333 1988 2017]",0.005271370741046285,78.29847976881659,1.894410847930513
1294,12,33,40,[   0  199  447  572  646  727  852 1034 1115 1200 1333 2017],0.005271370741046285,78.29847976881659,1.894410847930513
1295,12,33,60,[   0  199  447  572  646  727  852 1034 1115 1200 1333 2017],0.005271370741046285,78.29847976881659,1.894410847930513
1296,12,34,0,[   0  350  515  645  646  994  995 1033 1034 1158 1332 1333 2017],0.0264774359852817,80.43098010815497,1.781528479252726
1297,12,34,20,"[   0  187  350  515  602  646  727  852  994 1034 1085 1158 1275 1333
 1988 2017]",0.0264774359852817,80.43098010815497,1.781528479252726
1298,12,34,40,[   0  187  350  515  602  727  852 1034 1085 1158 1275 1333 2017],0.0264774359852817,80.43098010815497,1.781528479252726
1299,12,34,60,[   0  350  515  602  727  852 1034 1158 1275 2017],0.0264774359852817,80.43098010815497,1.781528479252726
1300,12,35,0,[   0  350  507  645  646  930 1033 1034 1115 1163 1332 1333 2017],-0.010763401482408655,74.46105390148391,2.9003924029254056
1301,12,35,20,"[   0  187  350  507  545  602  646  727  852  930 1033 1085 1115 1163
 1206 1275 1333 1988 2017]",-0.010763401482408655,74.46105390148391,2.9003924029254056
1302,12,35,40,"[   0  187  350  507  602  646  727  852  930 1033 1115 1163 1206 1275
 1333 2017]",-0.010763401482408655,74.46105390148391,2.9003924029254056
1303,12,35,60,[   0  350  507  602  727  930 1033 1115 1275 2017],-0.010763401482408655,74.46105390148391,2.9003924029254056
1304,12,36,0,[   0  389  507  645  646  994  995 1033 1034 1115 1158 1332 1333 2017],0.009218320701845186,78.02204680456731,2.319663787399675
1305,12,36,20,"[   0  187  389  507  602  646  780  887  976 1034 1085 1115 1158 1275
 1332 1382 1988 2017]",0.009218320701845186,78.02204680456731,2.319663787399675
1306,12,36,40,"[   0  187  389  507  602  646  780  887  976 1034 1115 1158 1275 1332
 1382 2017]",0.009218320701845186,78.02204680456731,2.319663787399675
1307,12,36,60,[   0  187  389  507  602  780  887 1034 1115 1275 1382 2017],0.009218320701845186,78.02204680456731,2.319663787399675
1308,12,37,0,[   0  455  567  645  646  994  995 1033 1034 1114 1158 1332 1333 2017],-0.0038368922844987875,77.74741826353694,1.892107661768225
1309,12,37,20,"[   0  187  455  545  567  602  646  780  887  994 1034 1085 1114 1158
 1332 1446 1988 2017]",-0.0038368922844987875,77.74741826353694,1.892107661768225
1310,12,37,40,[   0  187  455  567  646  780  887 1034 1114 1158 1332 2017],-0.0038368922844987875,77.74741826353694,1.892107661768225
1311,12,37,60,[   0  187  455  567  646  780  887 1034 1158 1332 2017],-0.0038368922844987875,77.74741826353694,1.892107661768225
1312,12,38,0,[   0  350  499  645  646  852 1033 1034 1115 1158 1332 1333 2017],0.0032005870766443883,77.35196312129857,2.5863950009732433
1313,12,38,20,"[   0  187  350  455  499  545  620  646  780  852  973 1046 1067 1115
 1158 1275 1333 1988 2017]",0.0032005870766443883,77.35196312129857,2.5863950009732433
1314,12,38,40,"[   0  187  350  455  499  545  620  780  852  973 1046 1115 1158 1275
 1333 2017]",0.0032005870766443883,77.35196312129857,2.5863950009732433
1315,12,38,60,[   0  350  455  545  620  780  852 1046 1115 1275 2017],0.0032005870766443883,77.35196312129857,2.5863950009732433
1316,12,39,0,"[   0  389  507  645  646  873  994  995 1033 1034 1114 1158 1332 1333
 2017]",0.015574640185393937,76.27388600798852,1.7356319578566108
1317,12,39,20,"[   0  201  389  507  602  646  780  873  994 1040 1114 1158 1332 1484
 2017]",0.015574640185393937,76.27388600798852,1.7356319578566108
1318,12,39,40,"[   0  201  389  507  602  646  780  873  994 1040 1114 1158 1332 1484
 2017]",0.015574640185393937,76.27388600798852,1.7356319578566108
1319,12,39,60,[   0  201  389  507  602  780  873 1040 1158 1332 2017],0.015574640185393937,76.27388600798852,1.7356319578566108
1320,12,40,0,[   0  346  572  645  646  994  995 1033 1034 1163 1332 1333 2017],-0.013776469020060675,74.28531412018332,2.384423006634408
1321,12,40,20,[   0  346  572  646  780  870 1046 1163 1332 1761 2017],-0.013776469020060675,74.28531412018332,2.384423006634408
1322,12,40,40,[   0  346  572  646  780  870 1046 1163 1332 1761 2017],-0.013776469020060675,74.28531412018332,2.384423006634408
1323,12,40,60,[   0  346  572  646  780  870 1046 1163 1332 1761 2017],-0.013776469020060675,74.28531412018332,2.384423006634408
1324,12,41,0,[   0  346  503  645  646  994  995 1033 1034 1125 1332 1333 2017],0.03376627649988879,75.17090467000966,1.7677478599597813
1325,12,41,20,"[   0  346  372  455  503  547  645  693  720  780  973  995 1034 1125
 1245 1333 1761 2017]",0.03376627649988879,75.17090467000966,1.7677478599597813
1326,12,41,40,"[   0  346  455  503  547  645  720  780  973 1034 1125 1245 1333 1761
 2017]",0.03376627649988879,75.17090467000966,1.7677478599597813
1327,12,41,60,[   0  346  503  645  720  973 1034 1125 1245 1333 1761 2017],0.03376627649988879,75.17090467000966,1.7677478599597813
1328,12,42,0,[   0  389  531  645  646  994  995 1033 1034 1158 1332 1333 2017],0.0022100330599642178,73.02005742297762,1.623460516802503
1329,12,42,20,"[   0  389  531  620  646  716  780  852  994 1034 1085 1158 1187 1333
 1761 2017]",0.0022100330599642178,73.02005742297762,1.623460516802503
1330,12,42,40,[   0  389  531  620  716  780  852 1034 1085 1158 1333 1761 2017],0.0022100330599642178,73.02005742297762,1.623460516802503
1331,12,42,60,[   0  389  531  620  716  780  852 1034 1158 1333 1761 2017],0.0022100330599642178,73.02005742297762,1.623460516802503
1332,12,43,0,[   0  389  541  645  646  994  995 1033 1034 1187 1332 1333 2017],0.04524604281518294,79.22738387387714,1.73573977842212
1333,12,43,20,"[   0  199  389  541  609  646  780  852  994 1034 1085 1187 1333 1761
 2017]",0.04524604281518294,79.22738387387714,1.73573977842212
1334,12,43,40,[   0  199  389  541  609  780  852 1034 1085 1187 1333 1761 2017],0.04524604281518294,79.22738387387714,1.73573977842212
1335,12,43,60,[   0  199  389  541  609  780  852 1085 1187 1333 1761 2017],0.04524604281518294,79.22738387387714,1.73573977842212
1336,12,44,0,[   0  455  545  645  646  930  994  995 1033 1034 1163 1332 1333 2017],-0.02421841298333138,79.13458855986366,1.8198765644965575
1337,12,44,20,"[   0  199  389  455  545  592  646  715  780  887  930  994 1034 1085
 1163 1189 1332 1595 2017]",-0.02421841298333138,79.13458855986366,1.8198765644965575
1338,12,44,40,"[   0  199  389  455  545  592  646  715  780  887  930 1034 1085 1163
 1332 1595 2017]",-0.02421841298333138,79.13458855986366,1.8198765644965575
1339,12,44,60,[   0  199  389  455  545  646  715  780  930 1034 1163 1332 1595 2017],-0.02421841298333138,79.13458855986366,1.8198765644965575
1340,12,45,0,[   0  372  507  645  646  994  995 1033 1034 1114 1189 1332 1333 2017],0.014728682248727941,78.45778257560718,1.8981144777708734
1341,12,45,20,"[   0  260  372  507  545  648  780  887  930  973  995 1034 1114 1189
 1309 1333 1988 2017]",0.014728682248727941,78.45778257560718,1.8981144777708734
1342,12,45,40,[   0  372  507  648  780  887  930 1034 1114 1189 1333 2017],0.014728682248727941,78.45778257560718,1.8981144777708734
1343,12,45,60,[   0  372  507  648  780  930 1034 1114 1189 1333 2017],0.014728682248727941,78.45778257560718,1.8981144777708734
1344,12,46,0,[   0  346  518  645  646  994  995 1033 1034 1183 1332 1333 2017],0.025036581179533515,82.87014489752424,1.6391181533323114
1345,12,46,20,"[   0  201  346  455  518  620  646  716  780  994 1040 1096 1183 1333
 1761 2017]",0.025036581179533515,82.87014489752424,1.6391181533323114
1346,12,46,40,"[   0  201  346  455  518  620  716  780  994 1040 1096 1183 1333 1761
 2017]",0.025036581179533515,82.87014489752424,1.6391181533323114
1347,12,46,60,[   0  346  455  518  620  716  780 1040 1183 1333 1761 2017],0.025036581179533515,82.87014489752424,1.6391181533323114
1348,12,47,0,[   0  389  507  645  646  994  995 1033 1034 1158 1332 1333 2017],0.003114313897026635,79.42201148246497,1.5793830906656952
1349,12,47,20,[   0  199  389  507  602  646  780  887  994 1040 1107 1158 1332 2017],0.003114313897026635,79.42201148246497,1.5793830906656952
1350,12,47,40,[   0  199  389  507  602  646  780  887  994 1040 1107 1158 1332 2017],0.003114313897026635,79.42201148246497,1.5793830906656952
1351,12,47,60,[   0  199  389  507  602  780  887 1040 1158 1332 2017],0.003114313897026635,79.42201148246497,1.5793830906656952
1352,12,48,0,[   0  389  531  645  646  994  995 1033 1034 1129 1332 1333 2017],0.005141662655823415,82.29449866614425,2.0390493921686486
1353,12,48,20,"[   0  199  389  494  531  620  646  780  887  994 1034 1077 1129 1189
 1333 1996 2017]",0.005141662655823415,82.29449866614425,2.0390493921686486
1354,12,48,40,[   0  199  389  531  620  780  887 1034 1077 1129 1189 1333 2017],0.005141662655823415,82.29449866614425,2.0390493921686486
1355,12,48,60,[   0  199  389  531  620  780  887 1034 1129 1333 2017],0.005141662655823415,82.29449866614425,2.0390493921686486
1356,12,49,0,[   0  442  507  645  646  887 1033 1034 1114 1163 1332 1333 2017],-0.01072547114286824,81.4316453858187,1.9854448371944764
1357,12,49,20,"[   0  199  442  507  602  646  780  887  973 1034 1114 1163 1189 1332
 1460 1988 2017]",-0.01072547114286824,81.4316453858187,1.9854448371944764
1358,12,49,40,"[   0  199  442  507  602  646  780  887  973 1034 1114 1163 1332 1460
 2017]",-0.01072547114286824,81.4316453858187,1.9854448371944764
1359,12,49,60,[   0  199  442  507  602  780  887  973 1034 1163 1332 2017],-0.01072547114286824,81.4316453858187,1.9854448371944764
1360,12,50,0,[   0  318  507  645  646  887 1033 1034 1114 1164 1332 1333 2017],-0.02910894435269136,80.86855653992342,1.9356031449781808
1361,12,50,20,"[   0  199  318  507  545  602  646  780  887  973 1034 1114 1164 1189
 1332 1484 1996 2017]",-0.02910894435269136,80.86855653992342,1.9356031449781808
1362,12,50,40,"[   0  199  318  507  602  646  780  887  973 1034 1114 1164 1332 1484
 2017]",-0.02910894435269136,80.86855653992342,1.9356031449781808
1363,12,50,60,[   0  199  318  507  602  780  887  973 1034 1164 1332 1484 2017],-0.02910894435269136,80.86855653992342,1.9356031449781808
1364,13,20,0,[   0  346  532  645  646  994  995 1033 1034 1174 1332 1333 2017],-0.04733929814551679,67.5176487297907,2.440962955094132
1365,13,20,20,"[   0  346  372  532  645  710  780  843  994 1034 1097 1174 1332 1396
 1761 1812 2017]",-0.04733929814551679,67.5176487297907,2.440962955094132
1366,13,20,40,"[   0  346  532  645  710  780  843 1034 1097 1174 1332 1396 1761 1812
 2017]",-0.04733929814551679,67.5176487297907,2.440962955094132
1367,13,20,60,[   0  346  532  710  780  843 1034 1097 1174 1332 1396 1812 2017],-0.04733929814551679,67.5176487297907,2.440962955094132
1368,13,21,0,[   0  372  572  645  646  994  995 1033 1034 1174 1332 1333 2017],-0.050135736848438826,65.54670891464082,2.330203565910445
1369,13,21,20,"[   0  372  447  482  545  572  646  693  727  892  994 1034 1107 1174
 1333 1761 1877 2017]",-0.050135736848438826,65.54670891464082,2.330203565910445
1370,13,21,40,[   0  372  482  572  646  727  892 1034 1107 1174 1333 1761 1877 2017],-0.050135736848438826,65.54670891464082,2.330203565910445
1371,13,21,60,[   0  372  482  572  646  727  892 1034 1107 1174 1333 1761 1877 2017],-0.050135736848438826,65.54670891464082,2.330203565910445
1372,13,22,0,"[   0  372  572  645  646  941  994  995 1033 1034 1116 1158 1332 1333
 2017]",0.00112626948109763,64.1281557761867,3.1380721129887967
1373,13,22,20,"[   0   42  372  455  515  545  572  620  646  780  835  941  994 1034
 1116 1158 1332 1396 2017]",0.00112626948109763,64.1281557761867,3.1380721129887967
1374,13,22,40,"[   0  372  455  515  572  620  780  835  941 1034 1116 1158 1332 1396
 2017]",0.00112626948109763,64.1281557761867,3.1380721129887967
1375,13,22,60,[   0  372  515  620  780  941 1034 1158 1332 1396 2017],0.00112626948109763,64.1281557761867,3.1380721129887967
1376,13,23,0,"[   0  372  545  645  646  931  994  995 1033 1034 1114 1158 1332 1333
 2017]",-0.03162720451155364,65.29353680491823,2.9569043153247545
1377,13,23,20,"[   0   42  372  455  545  645  710  789  833  931  994 1034 1114 1158
 1326 2017]",-0.03162720451155364,65.29353680491823,2.9569043153247545
1378,13,23,40,[   0  372  455  545  645  710  789  833  931 1034 1114 1158 1326 2017],-0.03162720451155364,65.29353680491823,2.9569043153247545
1379,13,23,60,[   0  372  455  545  710  789  931 1034 1158 1326 2017],-0.03162720451155364,65.29353680491823,2.9569043153247545
1380,13,24,0,"[   0  372  515  645  646  943  994  995 1033 1034 1114 1156 1332 1333
 2017]",-0.031813895645209804,65.73933742250827,2.998789082949492
1381,13,24,20,"[   0   42  372  442  515  645  710  802  833  943  994 1034 1085 1114
 1156 1332 1396 2017]",-0.031813895645209804,65.73933742250827,2.998789082949492
1382,13,24,40,"[   0   42  372  442  515  645  710  802  943 1034 1114 1156 1332 1396
 2017]",-0.031813895645209804,65.73933742250827,2.998789082949492
1383,13,24,60,[   0  372  442  515  645  710  802  943 1034 1114 1332 1396 2017],-0.031813895645209804,65.73933742250827,2.998789082949492
1384,13,25,0,[   0  350  572  645  646  931  994  995 1033 1034 1174 1332 1333 2017],-0.06407634357820126,64.38922350513587,2.569628551933325
1385,13,25,20,"[   0  350  372  545  572  646  710  931  994 1034 1097 1174 1246 1271
 1332 1396 1755 1812 2017]",-0.06407634357820126,64.38922350513587,2.569628551933325
1386,13,25,40,[   0  350  572  646  710  931 1034 1097 1174 1332 1396 1755 1812 2017],-0.06407634357820126,64.38922350513587,2.569628551933325
1387,13,25,60,[   0  350  572  710  931 1034 1097 1174 1332 1396 1812 2017],-0.06407634357820126,64.38922350513587,2.569628551933325
1388,13,26,0,[   0  372  572  645  646  943  994  995 1033 1034 1174 1332 1333 2017],-0.04416744843988589,67.0619545644498,2.9105339344353633
1389,13,26,20,"[   0   42  372  499  572  646  789  833  943  994 1034 1097 1174 1332
 1396 1755 1812 1987 2017]",-0.04416744843988589,67.0619545644498,2.9105339344353633
1390,13,26,40,"[   0  372  499  572  646  789  833  943 1034 1097 1174 1332 1396 1755
 1812 2017]",-0.04416744843988589,67.0619545644498,2.9105339344353633
1391,13,26,60,[   0  372  499  572  646  789  943 1034 1097 1174 1332 1396 1812 2017],-0.04416744843988589,67.0619545644498,2.9105339344353633
1392,13,27,0,"[   0  372  507  645  646  943  994  995 1033 1034 1115 1174 1332 1333
 2017]",-0.056510343624689076,69.07522627494885,2.6708357940012046
1393,13,27,20,"[   0  372  507  645  693  721  943  994 1034 1115 1174 1332 1761 1812
 1987 2017]",-0.056510343624689076,69.07522627494885,2.6708357940012046
1394,13,27,40,[   0  372  507  645  721  943 1034 1115 1174 1332 1761 1812 2017],-0.056510343624689076,69.07522627494885,2.6708357940012046
1395,13,27,60,[   0  372  507  645  721  943 1034 1174 1332 1812 2017],-0.056510343624689076,69.07522627494885,2.6708357940012046
1396,13,28,0,[   0  350  507  645  646  915  994  995 1033 1034 1174 1332 1333 2017],-0.014029101049745895,72.26774926401781,2.475342411567299
1397,13,28,20,"[   0  199  350  507  545  645  690  727  915  957  994 1034 1085 1174
 1200 1332 1484 2017]",-0.014029101049745895,72.26774926401781,2.475342411567299
1398,13,28,40,[   0  350  507  645  727  915 1034 1085 1174 1484 2017],-0.014029101049745895,72.26774926401781,2.475342411567299
1399,13,28,60,[   0  350  507  645  727  915 1034 1174 1484 2017],-0.014029101049745895,72.26774926401781,2.475342411567299
1400,13,29,0,"[   0  372  545  645  646  931  994  995 1033 1034 1114 1174 1332 1333
 2017]",-0.04397541759407642,72.73308974355234,2.4369618894858927
1401,13,29,20,"[   0  372  404  545  602  646  690  727  931  957  994 1034 1114 1136
 1174 1200 1332 1484 1987 2017]",-0.04397541759407642,72.73308974355234,2.4369618894858927
1402,13,29,40,[   0  372  545  727  931 1034 1114 1174 1484 2017],-0.04397541759407642,72.73308974355234,2.4369618894858927
1403,13,29,60,[   0  372  545  727  931 1034 1174 1484 2017],-0.04397541759407642,72.73308974355234,2.4369618894858927
1404,13,30,0,"[   0  372  515  645  646  931  994  995 1033 1034 1114 1174 1332 1333
 2017]",-0.03418533048625177,71.71635575070093,2.3648114698162135
1405,13,30,20,"[   0  372  515  602  727  931  994 1046 1085 1114 1174 1332 1484 1987
 2017]",-0.03418533048625177,71.71635575070093,2.3648114698162135
1406,13,30,40,[   0  372  515  602  727  931  994 1046 1114 1174 1484 2017],-0.03418533048625177,71.71635575070093,2.3648114698162135
1407,13,30,60,[   0  372  515  602  727  931 1046 1114 1332 2017],-0.03418533048625177,71.71635575070093,2.3648114698162135
1408,13,31,0,[   0  372  545  645  646  941  994  995 1033 1034 1149 1332 1333 2017],-0.04725769182669757,72.43776043415055,2.477802493629239
1409,13,31,20,"[   0  372  447  545  620  646  727  887  941  994 1034 1085 1149 1200
 1332 1484 1761 1812 2017]",-0.04725769182669757,72.43776043415055,2.477802493629239
1410,13,31,40,"[   0  372  447  545  620  727  887  941 1034 1085 1149 1200 1332 1484
 1761 1812 2017]",-0.04725769182669757,72.43776043415055,2.477802493629239
1411,13,31,60,[   0  372  447  545  620  727  941 1034 1149 1332 1812 2017],-0.04725769182669757,72.43776043415055,2.477802493629239
1412,13,32,0,[   0  346  572  645  646  994  995 1033 1034 1114 1332 1333 2017],-0.03160936284454331,72.79788655719848,1.9453402448029564
1413,13,32,20,"[   0  346  372  447  545  572  620  646  727  835  887  994 1034 1085
 1114 1148 1200 1332 1484 1987 2017]",-0.03160936284454331,72.79788655719848,1.9453402448029564
1414,13,32,40,[   0  346  447  572  620  727  887 1034 1114 1200 1484 2017],-0.03160936284454331,72.79788655719848,1.9453402448029564
1415,13,32,60,[   0  346  447  572  727  887 1034 1114 1200 1484 2017],-0.03160936284454331,72.79788655719848,1.9453402448029564
1416,13,33,0,[   0  447  572  645  646  994  995 1033 1034 1115 1200 1332 1333 2017],0.0082553690943237,76.37971121615303,1.9150185895712786
1417,13,33,20,"[   0   54  199  447  499  545  572  620  646  727  852  994 1034 1085
 1115 1200 1275 1333 1988 2017]",0.0082553690943237,76.37971121615303,1.9150185895712786
1418,13,33,40,[   0  199  447  499  572  620  727  852 1034 1115 1200 1275 1333 2017],0.0082553690943237,76.37971121615303,1.9150185895712786
1419,13,33,60,[   0  199  447  572  727  852 1034 1115 1200 1333 2017],0.0082553690943237,76.37971121615303,1.9150185895712786
1420,13,34,0,[   0  350  515  645  646  915  994  995 1033 1034 1158 1332 1333 2017],0.0307499272322088,78.27223351583993,1.7824653806036692
1421,13,34,20,"[   0  187  350  515  602  646  727  852  915  994 1041 1085 1158 1275
 1333 1988 2017]",0.0307499272322088,78.27223351583993,1.7824653806036692
1422,13,34,40,"[   0  187  350  515  602  646  727  852  915  994 1041 1085 1158 1275
 1333 2017]",0.0307499272322088,78.27223351583993,1.7824653806036692
1423,13,34,60,[   0  187  350  515  602  727  852  915  994 1085 1158 1275 2017],0.0307499272322088,78.27223351583993,1.7824653806036692
1424,13,35,0,"[   0  350  507  645  646  930  994  995 1033 1034 1115 1163 1332 1333
 2017]",-0.00993751173505417,73.58226717434617,2.693038406062357
1425,13,35,20,"[   0  187  350  507  545  602  646  727  852  930  994 1034 1085 1115
 1163 1206 1275 1333 1988 2017]",-0.00993751173505417,73.58226717434617,2.693038406062357
1426,13,35,40,"[   0  187  350  507  602  646  727  852  930 1034 1115 1163 1206 1275
 1333 2017]",-0.00993751173505417,73.58226717434617,2.693038406062357
1427,13,35,60,[   0  350  507  602  727  930 1034 1115 1275 2017],-0.00993751173505417,73.58226717434617,2.693038406062357
1428,13,36,0,[   0  389  515  645  646  994  995 1033 1034 1115 1158 1332 1333 2017],-0.01078591905728829,76.05666737772194,2.3859784269057984
1429,13,36,20,"[   0  187  389  515  602  646  780  887  976 1034 1085 1115 1158 1275
 1332 1382 1988 2017]",-0.01078591905728829,76.05666737772194,2.3859784269057984
1430,13,36,40,"[   0  187  389  515  602  646  780  887  976 1034 1115 1158 1275 1332
 1382 2017]",-0.01078591905728829,76.05666737772194,2.3859784269057984
1431,13,36,60,[   0  187  389  515  646  780  887 1034 1115 1275 1382 2017],-0.01078591905728829,76.05666737772194,2.3859784269057984
1432,13,37,0,[   0  455  503  645  646  994  995 1033 1034 1114 1158 1332 1333 2017],-0.0013673046424811854,76.21115919564309,1.8994976956456608
1433,13,37,20,"[   0  187  455  503  567  620  646  780  887  994 1034 1085 1114 1158
 1332 1446 1988 2017]",-0.0013673046424811854,76.21115919564309,1.8994976956456608
1434,13,37,40,[   0  187  455  503  567  620  780  887 1034 1114 1158 1332 2017],-0.0013673046424811854,76.21115919564309,1.8994976956456608
1435,13,37,60,[   0  187  455  567  780  887 1034 1158 1332 2017],-0.0013673046424811854,76.21115919564309,1.8994976956456608
1436,13,38,0,"[   0  350  499  645  646  780  852  994  995 1033 1034 1115 1158 1332
 1333 2017]",0.003989102879239945,76.3596656347204,2.4015075525793086
1437,13,38,20,"[   0  187  350  455  499  545  620  646  780  852  973  995 1046 1067
 1115 1158 1275 1333 1988 2017]",0.003989102879239945,76.3596656347204,2.4015075525793086
1438,13,38,40,"[   0  187  350  455  499  545  620  780  852  973 1046 1115 1158 1275
 1333 2017]",0.003989102879239945,76.3596656347204,2.4015075525793086
1439,13,38,60,[   0  350  455  545  620  780  852 1046 1115 1275 2017],0.003989102879239945,76.3596656347204,2.4015075525793086
1440,13,39,0,"[   0  389  507  645  646  873  994  995 1033 1034 1114 1158 1332 1333
 2017]",-0.02020151186555318,73.80429979531385,2.25993080298843
1441,13,39,20,"[   0  201  389  507  602  646  780  873  994 1040 1114 1158 1332 1484
 1812 2017]",-0.02020151186555318,73.80429979531385,2.25993080298843
1442,13,39,40,"[   0  201  389  507  602  646  780  873  994 1040 1114 1158 1332 1484
 1812 2017]",-0.02020151186555318,73.80429979531385,2.25993080298843
1443,13,39,60,[   0  201  389  507  602  780  873 1040 1158 1332 1812 2017],-0.02020151186555318,73.80429979531385,2.25993080298843
1444,13,40,0,[   0  346  572  645  646  994  995 1033 1034 1163 1332 1333 2017],-0.009593548880269384,72.86038080441685,2.359305551118136
1445,13,40,20,"[   0  173  346  455  545  572  620  646  780  870  994 1046 1163 1332
 1761 2017]",-0.009593548880269384,72.86038080441685,2.359305551118136
1446,13,40,40,[   0  346  455  572  620  780  870 1046 1163 1332 1761 2017],-0.009593548880269384,72.86038080441685,2.359305551118136
1447,13,40,60,[   0  346  572  780  870 1046 1163 1332 2017],-0.009593548880269384,72.86038080441685,2.359305551118136
1448,13,41,0,[   0  346  503  645  646  994  995 1033 1034 1114 1332 1333 2017],0.037131537420419206,73.65945522056315,1.813794362273474
1449,13,41,20,"[   0  346  455  503  547  645  693  720  780  852  973  995 1034 1114
 1245 1333 1761 2017]",0.037131537420419206,73.65945522056315,1.813794362273474
1450,13,41,40,"[   0  346  455  503  547  645  720  780  852  973 1034 1114 1245 1333
 1761 2017]",0.037131537420419206,73.65945522056315,1.813794362273474
1451,13,41,60,[   0  346  503  645  780  852  973 1034 1114 1245 1333 1761 2017],0.037131537420419206,73.65945522056315,1.813794362273474
1452,13,42,0,[   0  372  518  645  646  994  995 1033 1034 1158 1332 1333 2017],0.006597675212287237,71.00680950835087,1.8763622110646638
1453,13,42,20,"[   0  372  518  620  646  716  780  852  919  994 1034 1085 1158 1187
 1333 1761 2017]",0.006597675212287237,71.00680950835087,1.8763622110646638
1454,13,42,40,[   0  372  518  620  716  780  852  919 1034 1085 1158 1333 1761 2017],0.006597675212287237,71.00680950835087,1.8763622110646638
1455,13,42,60,[   0  372  518  620  716  780  852  919 1034 1158 1333 1761 2017],0.006597675212287237,71.00680950835087,1.8763622110646638
1456,13,43,0,[   0  389  572  645  646  994  995 1033 1034 1187 1332 1333 2017],0.04675880482861472,77.08086804469644,1.672169104295084
1457,13,43,20,"[   0  199  389  545  572  620  646  780  852  994 1034 1085 1187 1333
 1761 2017]",0.04675880482861472,77.08086804469644,1.672169104295084
1458,13,43,40,[   0  199  389  572  620  780  852 1034 1085 1187 1333 1761 2017],0.04675880482861472,77.08086804469644,1.672169104295084
1459,13,43,60,[   0  389  572  780  852 1085 1187 1761 2017],0.04675880482861472,77.08086804469644,1.672169104295084
1460,13,44,0,[   0  455  503  645  646  930  994  995 1033 1034 1163 1332 1333 2017],-0.016732859148815647,76.95200619218741,2.0222789607839973
1461,13,44,20,"[   0  199  389  455  503  545  592  646  715  780  887  930  994 1033
 1085 1163 1189 1332 1595 2017]",-0.016732859148815647,76.95200619218741,2.0222789607839973
1462,13,44,40,"[   0  199  389  455  503  545  592  646  715  780  887  930 1033 1085
 1163 1332 1595 2017]",-0.016732859148815647,76.95200619218741,2.0222789607839973
1463,13,44,60,[   0  199  389  503  592  715  780  930 1033 1163 1332 1595 2017],-0.016732859148815647,76.95200619218741,2.0222789607839973
1464,13,45,0,[   0  372  507  645  646  994  995 1033 1034 1115 1162 1332 1333 2017],0.010263514625593186,76.76923639111048,1.9761425748199193
1465,13,45,20,"[   0  260  372  507  545  648  780  887  930  973  995 1034 1115 1162
 1189 1309 1333 1988 2017]",0.010263514625593186,76.76923639111048,1.9761425748199193
1466,13,45,40,[   0  372  507  648  780  887  930 1034 1115 1162 1333 2017],0.010263514625593186,76.76923639111048,1.9761425748199193
1467,13,45,60,[   0  372  507  648  780  930 1034 1162 1333 2017],0.010263514625593186,76.76923639111048,1.9761425748199193
1468,13,46,0,[   0  346  518  645  646  994  995 1033 1034 1189 1332 1333 2017],0.029277004869557345,80.8275686888082,1.7555540489083818
1469,13,46,20,"[   0  201  346  455  518  620  646  716  780  887  994 1040 1096 1189
 1333 1761 2017]",0.029277004869557345,80.8275686888082,1.7555540489083818
1470,13,46,40,"[   0  201  346  455  518  620  716  780  887  994 1040 1096 1189 1333
 1761 2017]",0.029277004869557345,80.8275686888082,1.7555540489083818
1471,13,46,60,[   0  346  455  518  620  716  780  887 1040 1189 1333 1761 2017],0.029277004869557345,80.8275686888082,1.7555540489083818
1472,13,47,0,[   0  389  507  645  646  994  995 1033 1034 1162 1332 1333 2017],0.011140804620192148,78.16903059900982,1.6333108828201497
1473,13,47,20,[   0  199  389  507  602  646  780  887  994 1040 1107 1162 1332 2017],0.011140804620192148,78.16903059900982,1.6333108828201497
1474,13,47,40,[   0  199  389  507  602  646  780  887  994 1040 1107 1162 1332 2017],0.011140804620192148,78.16903059900982,1.6333108828201497
1475,13,47,60,[   0  199  389  507  602  780  887 1040 1162 1332 2017],0.011140804620192148,78.16903059900982,1.6333108828201497
1476,13,48,0,[   0  389  531  645  646  994  995 1033 1034 1129 1332 1333 2017],0.008516258919531342,80.77433258414726,2.0324558773593084
1477,13,48,20,"[   0  199  389  494  531  620  646  780  887  994 1040 1077 1129 1189
 1333 1996 2017]",0.008516258919531342,80.77433258414726,2.0324558773593084
1478,13,48,40,[   0  199  389  531  620  780  887  994 1040 1129 1189 1333 2017],0.008516258919531342,80.77433258414726,2.0324558773593084
1479,13,48,60,[   0  199  389  531  620  780  887 1040 1129 1333 2017],0.008516258919531342,80.77433258414726,2.0324558773593084
1480,13,49,0,[   0  442  507  645  646  994  995 1033 1034 1114 1163 1332 1333 2017],-0.009827758187283679,80.1598118014309,1.853483637919542
1481,13,49,20,"[   0  199  442  507  602  646  780  887  973  995 1034 1114 1163 1189
 1332 1460 1988 2017]",-0.009827758187283679,80.1598118014309,1.853483637919542
1482,13,49,40,[   0  199  442  507  602  646  780  887 1034 1114 1163 1332 1460 2017],-0.009827758187283679,80.1598118014309,1.853483637919542
1483,13,49,60,[   0  199  442  507  602  780  887 1034 1163 1332 2017],-0.009827758187283679,80.1598118014309,1.853483637919542
1484,13,50,0,[   0  318  507  645  646  994  995 1033 1034 1114 1164 1332 1333 2017],-0.030376681586163252,79.6933062521074,1.8087227300875275
1485,13,50,20,"[   0  199  318  507  545  602  646  780  887  973  995 1034 1114 1164
 1189 1332 1484 1996 2017]",-0.030376681586163252,79.6933062521074,1.8087227300875275
1486,13,50,40,[   0  199  318  507  602  646  780  887 1034 1114 1164 1332 1484 2017],-0.030376681586163252,79.6933062521074,1.8087227300875275
1487,13,50,60,[   0  318  507  602  780  887 1034 1164 1332 2017],-0.030376681586163252,79.6933062521074,1.8087227300875275
1488,14,20,0,[   0  346  532  645  646  994  995 1033 1034 1174 1332 1333 2017],-0.04619241987673496,65.47943130183337,2.2930334414829514
1489,14,20,20,"[   0  346  372  532  645  693  721  780  843  994 1034 1097 1174 1332
 1396 1761 1812 2017]",-0.04619241987673496,65.47943130183337,2.2930334414829514
1490,14,20,40,[   0  346  532  645  721  780  843 1034 1097 1174 1332 1396 1812 2017],-0.04619241987673496,65.47943130183337,2.2930334414829514
1491,14,20,60,[   0  346  532  645  780  843 1034 1097 1174 1332 1396 1812 2017],-0.04619241987673496,65.47943130183337,2.2930334414829514
1492,14,21,0,[   0  372  572  645  646  994  995 1033 1034 1174 1332 1333 2017],-0.045680130459229605,63.6487028066464,2.390770120346338
1493,14,21,20,"[   0  372  447  482  545  572  646  693  727  892  994 1034 1107 1136
 1174 1333 1761 1877 2017]",-0.045680130459229605,63.6487028066464,2.390770120346338
1494,14,21,40,[   0  372  482  572  646  727  892 1034 1107 1174 1333 1761 1877 2017],-0.045680130459229605,63.6487028066464,2.390770120346338
1495,14,21,60,[   0  372  482  572  646  727  892 1034 1107 1174 1333 1761 1877 2017],-0.045680130459229605,63.6487028066464,2.390770120346338
1496,14,22,0,"[   0  372  572  645  646  941  994  995 1033 1034 1116 1158 1332 1333
 2017]",0.0017973934319413431,63.061002462062035,3.066785190394047
1497,14,22,20,"[   0   42  372  455  515  545  572  620  646  710  780  835  941  994
 1034 1116 1158 1332 1396 2017]",0.0017973934319413431,63.061002462062035,3.066785190394047
1498,14,22,40,"[   0   42  372  455  515  572  620  710  780  835  941 1034 1116 1158
 1332 1396 2017]",0.0017973934319413431,63.061002462062035,3.066785190394047
1499,14,22,60,[   0  372  515  710  780  941 1034 1158 1332 1396 2017],0.0017973934319413431,63.061002462062035,3.066785190394047
1500,14,23,0,"[   0  372  545  645  646  931  994  995 1033 1034 1114 1158 1332 1333
 2017]",-0.048225231656237565,63.29421635052498,3.1341938202400845
1501,14,23,20,"[   0   42  372  455  545  645  710  789  833  931  994 1034 1114 1158
 1326 1812 2017]",-0.048225231656237565,63.29421635052498,3.1341938202400845
1502,14,23,40,"[   0  372  455  545  645  710  789  833  931 1034 1114 1158 1326 1812
 2017]",-0.048225231656237565,63.29421635052498,3.1341938202400845
1503,14,23,60,[   0  372  455  545  645  710  789  931 1034 1158 1326 1812 2017],-0.048225231656237565,63.29421635052498,3.1341938202400845
1504,14,24,0,"[   0  372  515  645  646  943  994  995 1033 1034 1114 1156 1332 1333
 2017]",-0.046477948133631104,63.53796001672983,3.264738602732071
1505,14,24,20,"[   0   42  372  442  515  645  710  802  833  943  994 1034 1085 1114
 1156 1332 1396 1812 2017]",-0.046477948133631104,63.53796001672983,3.264738602732071
1506,14,24,40,"[   0   42  372  442  515  645  710  802  943 1034 1114 1156 1332 1396
 1812 2017]",-0.046477948133631104,63.53796001672983,3.264738602732071
1507,14,24,60,[   0  372  442  515  645  710  802  943 1034 1114 1332 1396 1812 2017],-0.046477948133631104,63.53796001672983,3.264738602732071
1508,14,25,0,[   0  350  572  645  646  931  994  995 1033 1034 1174 1332 1333 2017],-0.06167177994313573,62.646904822717815,2.5497554482815694
1509,14,25,20,"[   0  350  372  545  572  646  693  721  931  994 1034 1097 1174 1246
 1271 1332 1396 1755 1812 2017]",-0.06167177994313573,62.646904822717815,2.5497554482815694
1510,14,25,40,[   0  350  572  646  721  931 1034 1097 1174 1332 1396 1755 1812 2017],-0.06167177994313573,62.646904822717815,2.5497554482815694
1511,14,25,60,[   0  350  572  646  721  931 1034 1097 1174 1332 1396 1812 2017],-0.06167177994313573,62.646904822717815,2.5497554482815694
1512,14,26,0,[   0  372  572  645  646  943  994  995 1033 1034 1174 1332 1333 2017],-0.04355446455942887,65.896612282749,2.7753563851664027
1513,14,26,20,"[   0   42  372  499  572  646  710  789  833  943  994 1034 1097 1174
 1332 1396 1755 1812 1987 2017]",-0.04355446455942887,65.896612282749,2.7753563851664027
1514,14,26,40,"[   0  372  499  572  646  710  789  833  943 1034 1097 1174 1332 1396
 1755 1812 2017]",-0.04355446455942887,65.896612282749,2.7753563851664027
1515,14,26,60,"[   0  372  499  572  646  710  789  943 1034 1097 1174 1332 1396 1812
 2017]",-0.04355446455942887,65.896612282749,2.7753563851664027
1516,14,27,0,"[   0  372  515  645  646  943  994  995 1033 1034 1115 1174 1332 1333
 2017]",-0.04962547321929295,67.5999165188312,2.816143930567577
1517,14,27,20,"[   0  372  515  645  693  721  943  994 1034 1115 1174 1332 1761 1812
 1987 2017]",-0.04962547321929295,67.5999165188312,2.816143930567577
1518,14,27,40,[   0  372  515  645  721  943 1034 1115 1174 1332 1761 1812 2017],-0.04962547321929295,67.5999165188312,2.816143930567577
1519,14,27,60,[   0  372  515  645  721  943 1034 1174 1332 1812 2017],-0.04962547321929295,67.5999165188312,2.816143930567577
1520,14,28,0,[   0  350  507  645  646  931  994  995 1033 1034 1174 1332 1333 2017],-0.011294606271567418,70.40159635509643,2.573678776782711
1521,14,28,20,"[   0  199  350  507  545  645  690  727  931  957  994 1034 1085 1158
 1200 1332 1484 2017]",-0.011294606271567418,70.40159635509643,2.573678776782711
1522,14,28,40,[   0  199  350  507  645  727  931 1034 1085 1158 1200 1484 2017],-0.011294606271567418,70.40159635509643,2.573678776782711
1523,14,28,60,[   0  350  507  645  727  931 1034 1158 1332 2017],-0.011294606271567418,70.40159635509643,2.573678776782711
1524,14,29,0,"[   0  372  545  645  646  931  994  995 1033 1034 1114 1174 1332 1333
 2017]",-0.033621909922313765,71.23611098372687,2.5116629767164835
1525,14,29,20,"[   0  372  471  545  602  646  690  727  931  957  994 1034 1114 1136
 1174 1200 1332 1484 1987 2017]",-0.033621909922313765,71.23611098372687,2.5116629767164835
1526,14,29,40,[   0  372  471  545  602  727  931 1034 1114 1174 1332 1484 2017],-0.033621909922313765,71.23611098372687,2.5116629767164835
1527,14,29,60,[   0  372  545  727  931 1034 1174 1484 2017],-0.033621909922313765,71.23611098372687,2.5116629767164835
1528,14,30,0,"[   0  372  515  645  646  931  994  995 1033 1034 1114 1174 1332 1333
 2017]",-0.030482827651697936,69.75480562442894,2.352908939949779
1529,14,30,20,"[   0  372  515  602  698  721  931  994 1046 1085 1114 1174 1332 1484
 1987 2017]",-0.030482827651697936,69.75480562442894,2.352908939949779
1530,14,30,40,[   0  372  515  602  721  931  994 1046 1114 1174 1484 2017],-0.030482827651697936,69.75480562442894,2.352908939949779
1531,14,30,60,[   0  372  515  602  721  931 1046 1114 1332 2017],-0.030482827651697936,69.75480562442894,2.352908939949779
1532,14,31,0,[   0  372  545  645  646  941  994  995 1033 1034 1149 1332 1333 2017],-0.04341515004151107,70.66821338698644,2.4551714304308248
1533,14,31,20,"[   0  372  447  545  620  646  727  915  941  994 1041 1085 1149 1200
 1332 1484 1761 1812 2017]",-0.04341515004151107,70.66821338698644,2.4551714304308248
1534,14,31,40,"[   0  372  447  545  620  727  887  941  994 1041 1085 1149 1200 1332
 1484 1761 1812 2017]",-0.04341515004151107,70.66821338698644,2.4551714304308248
1535,14,31,60,[   0  372  447  545  620  727  887  994 1085 1149 1332 1484 1812 2017],-0.04341515004151107,70.66821338698644,2.4551714304308248
1536,14,32,0,[   0  346  572  645  646  994  995 1033 1034 1114 1332 1333 2017],-0.026521020363688225,70.901217282512,1.9466780658842961
1537,14,32,20,"[   0  346  372  447  545  572  620  646  698  727  835  887  994 1034
 1085 1114 1148 1200 1332 1484 1987 2017]",-0.026521020363688225,70.901217282512,1.9466780658842961
1538,14,32,40,[   0  346  447  572  620  727  887 1034 1114 1200 1484 2017],-0.026521020363688225,70.901217282512,1.9466780658842961
1539,14,32,60,[   0  346  447  572  727  887 1034 1114 1200 1484 2017],-0.026521020363688225,70.901217282512,1.9466780658842961
1540,14,33,0,[   0  447  547  645  646  994  995 1033 1034 1115 1200 1332 1333 2017],0.006024671548171027,74.4285647432781,1.8803095651039459
1541,14,33,20,"[   0   54  199  447  499  547  572  620  646  727  852  994 1034 1085
 1115 1200 1275 1333 1988 2017]",0.006024671548171027,74.4285647432781,1.8803095651039459
1542,14,33,40,[   0  199  447  499  572  620  727  852 1034 1115 1200 1275 1333 2017],0.006024671548171027,74.4285647432781,1.8803095651039459
1543,14,33,60,[   0  199  447  572  727  852 1034 1115 1200 1333 2017],0.006024671548171027,74.4285647432781,1.8803095651039459
1544,14,34,0,"[   0  350  515  645  646  915  994  995 1033 1034 1114 1158 1332 1333
 2017]",0.01380112245703029,75.96448614883886,1.936092082709418
1545,14,34,20,"[   0  187  350  515  602  646  727  852  915  994 1016 1041 1085 1114
 1158 1275 1333 1988 2017]",0.01380112245703029,75.96448614883886,1.936092082709418
1546,14,34,40,"[   0  187  350  515  602  646  727  852  915 1041 1114 1158 1275 1333
 2017]",0.01380112245703029,75.96448614883886,1.936092082709418
1547,14,34,60,[   0  350  515  602  727  915 1041 1114 1275 2017],0.01380112245703029,75.96448614883886,1.936092082709418
1548,14,35,0,"[   0  350  572  645  646  930  994  995 1033 1034 1115 1163 1332 1333
 2017]",-0.007762922636532687,71.81325337632326,2.9237098021489833
1549,14,35,20,"[   0  187  350  507  545  572  602  646  727  852  930  994 1034 1085
 1115 1163 1206 1275 1333 1988 2017]",-0.007762922636532687,71.81325337632326,2.9237098021489833
1550,14,35,40,"[   0  187  350  507  572  646  727  852  930 1034 1115 1163 1206 1275
 1333 2017]",-0.007762922636532687,71.81325337632326,2.9237098021489833
1551,14,35,60,[   0  350  507  572  646  727  852  930 1034 1115 1275 2017],-0.007762922636532687,71.81325337632326,2.9237098021489833
1552,14,36,0,[   0  389  515  645  646  994  995 1033 1034 1115 1158 1332 1333 2017],-0.00852212360035732,74.03551482109827,2.3855937598814774
1553,14,36,20,"[   0  187  389  515  602  646  780  887  976 1034 1085 1115 1158 1275
 1332 1382 1484 1988 2017]",-0.00852212360035732,74.03551482109827,2.3855937598814774
1554,14,36,40,"[   0  187  389  515  602  646  780  887  976 1034 1115 1158 1275 1332
 1382 1484 2017]",-0.00852212360035732,74.03551482109827,2.3855937598814774
1555,14,36,60,[   0  187  389  515  646  780  887 1034 1115 1275 1382 1484 2017],-0.00852212360035732,74.03551482109827,2.3855937598814774
1556,14,37,0,[   0  455  503  645  646  994  995 1033 1034 1115 1158 1332 1333 2017],0.0007588058800124264,74.24873517899191,1.8681398261052462
1557,14,37,20,"[   0  187  455  503  567  620  646  780  887  994 1034 1085 1115 1158
 1275 1333 1988 2017]",0.0007588058800124264,74.24873517899191,1.8681398261052462
1558,14,37,40,[   0  187  455  503  567  620  780  887 1034 1115 1158 1275 1333 2017],0.0007588058800124264,74.24873517899191,1.8681398261052462
1559,14,37,60,[   0  187  455  567  780  887 1034 1115 1275 2017],0.0007588058800124264,74.24873517899191,1.8681398261052462
1560,14,38,0,"[   0  350  499  645  646  780  852  994  995 1033 1034 1115 1158 1332
 1333 2017]",-0.006479934939402701,75.6083448708457,2.420544038511928
1561,14,38,20,"[   0  187  350  455  499  545  620  646  780  852  973  995 1046 1067
 1115 1158 1275 1333 1988 2017]",-0.006479934939402701,75.6083448708457,2.420544038511928
1562,14,38,40,"[   0  187  350  455  499  545  620  780  852  973 1046 1115 1158 1275
 1333 2017]",-0.006479934939402701,75.6083448708457,2.420544038511928
1563,14,38,60,[   0  350  455  545  620  780  852 1046 1115 1275 2017],-0.006479934939402701,75.6083448708457,2.420544038511928
1564,14,39,0,"[   0  389  507  645  646  873  994  995 1033 1034 1114 1158 1332 1333
 2017]",-0.022448453097370702,72.62232114196652,2.432636751425649
1565,14,39,20,"[   0  201  389  507  602  646  780  873  994 1040 1114 1158 1193 1332
 1761 1812 2017]",-0.022448453097370702,72.62232114196652,2.432636751425649
1566,14,39,40,"[   0  201  389  507  602  646  780  873  994 1040 1114 1158 1332 1761
 1812 2017]",-0.022448453097370702,72.62232114196652,2.432636751425649
1567,14,39,60,[   0  201  389  507  602  780  873 1040 1158 1332 1812 2017],-0.022448453097370702,72.62232114196652,2.432636751425649
1568,14,40,0,"[   0  346  572  645  646  724  780  870  994  995 1033 1034 1163 1332
 1333 2017]",-0.018796514825433475,71.41027314157976,2.5156967721503394
1569,14,40,20,[   0  346  455  545  572  620  724  780  870 1046 1163 1332 1761 2017],-0.018796514825433475,71.41027314157976,2.5156967721503394
1570,14,40,40,[   0  346  455  572  620  724  780  870 1046 1163 1332 1761 2017],-0.018796514825433475,71.41027314157976,2.5156967721503394
1571,14,40,60,[   0  346  455  572  724  870 1046 1163 1332 1761 2017],-0.018796514825433475,71.41027314157976,2.5156967721503394
1572,14,41,0,[   0  346  503  645  646  994  995 1033 1034 1114 1332 1333 2017],0.01791174475310355,72.08757441014744,1.9013018460525417
1573,14,41,20,"[   0  346  372  455  503  547  645  693  720  780  852  973  995 1034
 1114 1245 1333 1761 1826 2017]",0.01791174475310355,72.08757441014744,1.9013018460525417
1574,14,41,40,"[   0  346  455  503  547  645  720  780  852  973 1034 1114 1245 1333
 1761 1826 2017]",0.01791174475310355,72.08757441014744,1.9013018460525417
1575,14,41,60,[   0  346  503  645  780  852  973 1034 1114 1245 1333 1761 1826 2017],0.01791174475310355,72.08757441014744,1.9013018460525417
1576,14,42,0,[   0  372  518  645  646  994  995 1033 1034 1163 1332 1333 2017],-0.01580316208465381,69.2016713309492,1.966548059863009
1577,14,42,20,"[   0  372  518  620  646  716  780  852  919  994 1034 1085 1163 1187
 1333 1761 1797 2017]",-0.01580316208465381,69.2016713309492,1.966548059863009
1578,14,42,40,[   0  372  518  620  716  780  852  919 1034 1085 1163 1333 1797 2017],-0.01580316208465381,69.2016713309492,1.966548059863009
1579,14,42,60,[   0  372  518  620  716  780  852  919 1034 1163 1333 1797 2017],-0.01580316208465381,69.2016713309492,1.966548059863009
1580,14,43,0,[   0  389  547  645  646  994  995 1033 1034 1187 1332 1333 2017],0.03213789090204486,75.14071754249218,1.6552346128674802
1581,14,43,20,"[   0  199  389  547  572  620  646  780  852  994 1034 1085 1187 1333
 1761 2017]",0.03213789090204486,75.14071754249218,1.6552346128674802
1582,14,43,40,[   0  199  389  572  620  780  852 1034 1085 1187 1333 1761 2017],0.03213789090204486,75.14071754249218,1.6552346128674802
1583,14,43,60,[   0  389  572  780  852 1085 1187 1761 2017],0.03213789090204486,75.14071754249218,1.6552346128674802
1584,14,44,0,[   0  455  547  645  646  930  994  995 1033 1034 1163 1332 1333 2017],-0.017798114595052806,74.95830978540232,1.9874232362721038
1585,14,44,20,"[   0  199  389  455  503  547  592  646  715  780  887  930  994 1033
 1085 1163 1189 1332 1595 2017]",-0.017798114595052806,74.95830978540232,1.9874232362721038
1586,14,44,40,"[   0  199  389  455  503  547  592  646  715  780  887  930 1033 1085
 1163 1332 1595 2017]",-0.017798114595052806,74.95830978540232,1.9874232362721038
1587,14,44,60,[   0  199  389  503  592  715  780  930 1033 1163 1332 1595 2017],-0.017798114595052806,74.95830978540232,1.9874232362721038
1588,14,45,0,[   0  372  507  645  646  994  995 1033 1034 1115 1162 1332 1333 2017],0.002981905971801042,75.25906320706913,1.9662680133332142
1589,14,45,20,"[   0  260  372  507  545  648  780  887  930  973  995 1034 1115 1162
 1189 1309 1333 1484 1988 2017]",0.002981905971801042,75.25906320706913,1.9662680133332142
1590,14,45,40,[   0  372  507  648  780  887  930 1034 1115 1162 1309 1484 2017],0.002981905971801042,75.25906320706913,1.9662680133332142
1591,14,45,60,[   0  372  507  648  780  930 1034 1115 1309 2017],0.002981905971801042,75.25906320706913,1.9662680133332142
1592,14,46,0,[   0  346  518  645  646  994  995 1033 1034 1189 1332 1333 2017],0.00676430691098501,78.95412120426559,2.0028180275681695
1593,14,46,20,"[   0  201  346  455  518  620  646  716  780  887  994 1040 1096 1189
 1333 1761 1826 2017]",0.00676430691098501,78.95412120426559,2.0028180275681695
1594,14,46,40,"[   0  201  346  455  518  620  716  780  887  994 1040 1096 1189 1333
 1761 1826 2017]",0.00676430691098501,78.95412120426559,2.0028180275681695
1595,14,46,60,[   0  346  455  518  620  716  780  887 1040 1189 1333 1761 1826 2017],0.00676430691098501,78.95412120426559,2.0028180275681695
1596,14,47,0,[   0  389  507  645  646  994  995 1033 1034 1162 1332 1333 2017],0.012884943468066174,77.0461824130404,1.6284126578094456
1597,14,47,20,[   0  199  389  507  620  646  780  887  994 1040 1107 1162 1332 2017],0.012884943468066174,77.0461824130404,1.6284126578094456
1598,14,47,40,[   0  199  389  507  620  780  887  994 1040 1107 1162 1332 2017],0.012884943468066174,77.0461824130404,1.6284126578094456
1599,14,47,60,[   0  199  389  507  620  780  887 1040 1162 1332 2017],0.012884943468066174,77.0461824130404,1.6284126578094456
1600,14,48,0,[   0  389  531  645  646  994  995 1033 1034 1129 1332 1333 2017],-0.03432921617276111,79.1687647100966,2.0717469947805363
1601,14,48,20,"[   0  199  389  494  531  620  646  716  780  887  994 1040 1077 1129
 1189 1333 1996 2017]",-0.03432921617276111,79.1687647100966,2.0717469947805363
1602,14,48,40,[   0  199  389  531  620  716  780  887  994 1040 1129 1189 1333 2017],-0.03432921617276111,79.1687647100966,2.0717469947805363
1603,14,48,60,[   0  199  389  531  620  716  780  887 1040 1129 1333 2017],-0.03432921617276111,79.1687647100966,2.0717469947805363
1604,14,49,0,[   0  442  507  645  646  994  995 1033 1034 1114 1163 1332 1333 2017],-0.007107210116367355,78.50145081876728,1.8416642816111586
1605,14,49,20,"[   0  199  442  507  594  620  646  780  887  973  995 1034 1114 1163
 1189 1332 1460 1988 2017]",-0.007107210116367355,78.50145081876728,1.8416642816111586
1606,14,49,40,[   0  199  442  507  620  780  887 1034 1114 1163 1332 2017],-0.007107210116367355,78.50145081876728,1.8416642816111586
1607,14,49,60,[   0  199  442  507  620  780  887 1034 1163 1332 2017],-0.007107210116367355,78.50145081876728,1.8416642816111586
1608,14,50,0,[   0  318  507  645  646  994  995 1033 1034 1114 1164 1332 1333 2017],-0.02301846731763078,78.81397149429147,1.8407143505594121
1609,14,50,20,"[   0  199  318  507  545  602  646  780  887  973  995 1034 1114 1164
 1189 1332 1460 1484 1996 2017]",-0.02301846731763078,78.81397149429147,1.8407143505594121
1610,14,50,40,[   0  199  318  507  602  646  780  887 1034 1114 1164 1332 1484 2017],-0.02301846731763078,78.81397149429147,1.8407143505594121
1611,14,50,60,[   0  318  507  602  780  887 1034 1164 1332 2017],-0.02301846731763078,78.81397149429147,1.8407143505594121
1612,15,20,0,[   0  346  532  645  646  994  995 1033 1034 1174 1332 1333 2017],-0.04347439072305546,63.66441992292191,2.455760401200476
1613,15,20,20,"[   0  346  372  532  645  693  721  780  843  994 1030 1097 1174 1332
 1396 1761 1812 2017]",-0.04347439072305546,63.66441992292191,2.455760401200476
1614,15,20,40,[   0  346  532  645  721  780  843 1030 1097 1174 1332 1396 1812 2017],-0.04347439072305546,63.66441992292191,2.455760401200476
1615,15,20,60,[   0  346  532  645  780  843 1030 1097 1174 1332 1396 1812 2017],-0.04347439072305546,63.66441992292191,2.455760401200476
1616,15,21,0,[   0  372  572  645  646  994  995 1033 1034 1174 1332 1333 2017],-0.04462086532925529,62.012447760939416,2.3231253913202057
1617,15,21,20,"[   0  372  447  482  545  572  646  693  721  892  994 1034 1107 1136
 1174 1333 1761 1877 2017]",-0.04462086532925529,62.012447760939416,2.3231253913202057
1618,15,21,40,[   0  372  482  572  646  721  892 1034 1107 1174 1333 1761 1877 2017],-0.04462086532925529,62.012447760939416,2.3231253913202057
1619,15,21,60,[   0  372  482  572  646  721  892 1034 1107 1174 1333 1761 1877 2017],-0.04462086532925529,62.012447760939416,2.3231253913202057
1620,15,22,0,"[   0  372  572  645  646  941  994  995 1033 1034 1116 1158 1332 1333
 2017]",0.00353207125147297,61.69578284736749,2.799890955209736
1621,15,22,20,"[   0   42  372  455  515  545  572  620  693  721  780  835  941  994
 1034 1116 1158 1332 1396 2017]",0.00353207125147297,61.69578284736749,2.799890955209736
1622,15,22,40,"[   0  372  455  515  572  620  721  780  835  941 1034 1116 1158 1332
 1396 2017]",0.00353207125147297,61.69578284736749,2.799890955209736
1623,15,22,60,[   0  372  515  721  941 1034 1158 1332 1396 2017],0.00353207125147297,61.69578284736749,2.799890955209736
1624,15,23,0,"[   0  372  545  645  646  931  994  995 1033 1034 1114 1158 1332 1333
 2017]",-0.04025885468100088,62.07686083998045,3.249827182832876
1625,15,23,20,"[   0   42  372  455  545  645  710  789  833  931  994 1034 1114 1136
 1158 1271 1333 1746 1812 2017]",-0.04025885468100088,62.07686083998045,3.249827182832876
1626,15,23,40,"[   0   42  372  455  545  645  710  789  833  931 1034 1114 1158 1271
 1333 1746 1812 2017]",-0.04025885468100088,62.07686083998045,3.249827182832876
1627,15,23,60,[   0  372  455  545  645  710  789  931 1034 1114 1271 1746 1812 2017],-0.04025885468100088,62.07686083998045,3.249827182832876
1628,15,24,0,"[   0  372  515  645  646  943  994  995 1033 1034 1114 1156 1332 1333
 2017]",-0.044008236579053124,62.26201964378925,3.2199256216645065
1629,15,24,20,"[   0   42  372  442  515  645  710  802  833  943  994 1034 1085 1114
 1156 1271 1332 1396 1755 1812 2017]",-0.044008236579053124,62.26201964378925,3.2199256216645065
1630,15,24,40,"[   0   42  372  442  515  645  710  802  943 1034 1114 1156 1271 1332
 1396 1755 1812 2017]",-0.044008236579053124,62.26201964378925,3.2199256216645065
1631,15,24,60,"[   0  372  442  515  645  710  802  943 1034 1114 1271 1332 1396 1812
 2017]",-0.044008236579053124,62.26201964378925,3.2199256216645065
1632,15,25,0,"[   0  350  572  645  646  931  994  995 1033 1034 1116 1174 1332 1333
 2017]",-0.05872581057843065,61.19566935627985,2.479971759752748
1633,15,25,20,"[   0  350  372  545  572  646  693  721  931  994 1034 1116 1174 1246
 1271 1326 1396 1755 1812 2017]",-0.05872581057843065,61.19566935627985,2.479971759752748
1634,15,25,40,[   0  350  572  646  721  931 1034 1116 1174 1326 1396 1755 1812 2017],-0.05872581057843065,61.19566935627985,2.479971759752748
1635,15,25,60,[   0  350  572  721  931 1034 1174 1326 1396 1812 2017],-0.05872581057843065,61.19566935627985,2.479971759752748
1636,15,26,0,[   0  372  572  645  646  943  994  995 1033 1034 1174 1332 1333 2017],-0.042116228237767936,64.3232138636353,2.6907381016861507
1637,15,26,20,"[   0   42  372  499  572  646  693  721  789  833  943  994 1034 1097
 1174 1332 1396 1755 1812 1987 2017]",-0.042116228237767936,64.3232138636353,2.6907381016861507
1638,15,26,40,"[   0  372  499  572  646  721  789  833  943 1034 1097 1174 1332 1396
 1755 1812 2017]",-0.042116228237767936,64.3232138636353,2.6907381016861507
1639,15,26,60,"[   0  372  499  572  646  721  789  943 1034 1097 1174 1332 1396 1812
 2017]",-0.042116228237767936,64.3232138636353,2.6907381016861507
1640,15,27,0,"[   0  372  515  645  646  943  994  995 1033 1034 1115 1174 1332 1333
 2017]",-0.04585803955828277,66.17009346371773,2.828135149679474
1641,15,27,20,"[   0  372  515  645  693  721  943  994 1034 1115 1174 1332 1761 1812
 1987 2017]",-0.04585803955828277,66.17009346371773,2.828135149679474
1642,15,27,40,[   0  372  515  645  721  943 1034 1115 1174 1332 1761 1812 2017],-0.04585803955828277,66.17009346371773,2.828135149679474
1643,15,27,60,[   0  372  515  645  721  943 1034 1174 1332 1812 2017],-0.04585803955828277,66.17009346371773,2.828135149679474
1644,15,28,0,"[   0  350  507  645  646  931  994  995 1033 1034 1115 1174 1332 1333
 2017]",-0.009408378225915877,68.56717648992822,2.528771127800182
1645,15,28,20,"[   0  199  350  507  545  645  690  727  931  957  994 1034 1085 1115
 1158 1200 1326 1484 2017]",-0.009408378225915877,68.56717648992822,2.528771127800182
1646,15,28,40,[   0  350  507  645  727  931 1034 1115 1158 1200 1484 2017],-0.009408378225915877,68.56717648992822,2.528771127800182
1647,15,28,60,[   0  350  507  645  727  931 1034 1158 1326 2017],-0.009408378225915877,68.56717648992822,2.528771127800182
1648,15,29,0,"[   0  372  545  645  646  931  994  995 1033 1034 1115 1174 1332 1333
 2017]",-0.03127483064954175,69.40150305408234,2.456616444111103
1649,15,29,20,"[   0  372  471  545  602  646  690  727  931  957  994 1034 1115 1136
 1174 1200 1326 1484 1987 2017]",-0.03127483064954175,69.40150305408234,2.456616444111103
1650,15,29,40,[   0  372  471  545  602  727  931 1034 1115 1174 1326 1484 2017],-0.03127483064954175,69.40150305408234,2.456616444111103
1651,15,29,60,[   0  372  545  727  931 1034 1174 1326 2017],-0.03127483064954175,69.40150305408234,2.456616444111103
1652,15,30,0,"[   0  372  515  645  646  931  994  995 1033 1034 1115 1174 1332 1333
 2017]",-0.0286199210246577,67.9832823565698,2.314631509402103
1653,15,30,20,"[   0  372  515  602  698  721  931  994 1046 1085 1115 1174 1326 1484
 1987 2017]",-0.0286199210246577,67.9832823565698,2.314631509402103
1654,15,30,40,[   0  372  515  602  721  931  994 1046 1115 1174 1326 2017],-0.0286199210246577,67.9832823565698,2.314631509402103
1655,15,30,60,[   0  372  515  602  721  931 1046 1115 1326 2017],-0.0286199210246577,67.9832823565698,2.314631509402103
1656,15,31,0,"[   0  372  545  645  646  941  994  995 1033 1034 1115 1200 1332 1333
 2017]",-0.0414281036751137,69.1145152415143,2.3758305796657546
1657,15,31,20,"[   0  372  447  545  620  646  727  915  941  994 1041 1085 1115 1149
 1200 1275 1333 1761 1812 2017]",-0.0414281036751137,69.1145152415143,2.3758305796657546
1658,15,31,40,"[   0  372  447  545  620  727  941  994 1041 1115 1200 1275 1333 1761
 1812 2017]",-0.0414281036751137,69.1145152415143,2.3758305796657546
1659,15,31,60,[   0  372  447  545  620  727  941 1041 1115 1200 1275 1484 1812 2017],-0.0414281036751137,69.1145152415143,2.3758305796657546
1660,15,32,0,[   0  346  572  645  646  994  995 1033 1034 1115 1200 1332 1333 2017],-0.024871181468360176,69.38452130644613,1.9101984330252506
1661,15,32,20,"[   0  346  372  447  545  572  620  646  698  727  835  887  994 1034
 1085 1115 1148 1200 1275 1333 1484 1987 2017]",-0.024871181468360176,69.38452130644613,1.9101984330252506
1662,15,32,40,[   0  346  447  572  620  727  835  887 1034 1115 1200 1275 1484 2017],-0.024871181468360176,69.38452130644613,1.9101984330252506
1663,15,32,60,[   0  346  447  572  727  887 1034 1115 1200 1484 2017],-0.024871181468360176,69.38452130644613,1.9101984330252506
1664,15,33,0,"[   0  447  547  645  646  915  994  995 1033 1034 1115 1200 1332 1333
 2017]",0.008522474410179027,72.72503323304724,1.8611488691892661
1665,15,33,20,"[   0   54  199  447  499  547  572  620  646  727  852  915  994 1041
 1085 1115 1200 1275 1333 1988 2017]",0.008522474410179027,72.72503323304724,1.8611488691892661
1666,15,33,40,"[   0  199  447  499  572  620  727  852  915  994 1041 1115 1200 1275
 1333 2017]",0.008522474410179027,72.72503323304724,1.8611488691892661
1667,15,33,60,[   0  199  447  572  727  915 1041 1115 1200 1333 2017],0.008522474410179027,72.72503323304724,1.8611488691892661
1668,15,34,0,"[   0  350  515  645  646  915  994  995 1033 1034 1114 1158 1332 1333
 2017]",-0.011149276517481906,71.80008432790808,2.3235399670773518
1669,15,34,20,"[   0  187  350  515  602  646  727  852  915  994 1016 1041 1085 1114
 1158 1275 1484 1988 2017]",-0.011149276517481906,71.80008432790808,2.3235399670773518
1670,15,34,40,"[   0  187  350  515  602  646  727  852  915 1041 1114 1158 1275 1484
 2017]",-0.011149276517481906,71.80008432790808,2.3235399670773518
1671,15,34,60,[   0  350  515  602  727  915 1041 1114 1275 1484 2017],-0.011149276517481906,71.80008432790808,2.3235399670773518
1672,15,35,0,"[   0  350  572  645  646  930  994  995 1033 1034 1115 1163 1332 1333
 2017]",-0.005344159087019734,70.27251136785567,2.8219614654960608
1673,15,35,20,"[   0  187  350  507  545  572  602  646  727  852  930  994 1041 1085
 1115 1163 1206 1275 1333 1988 2017]",-0.005344159087019734,70.27251136785567,2.8219614654960608
1674,15,35,40,"[   0  187  350  507  572  646  727  852  930  994 1041 1115 1163 1206
 1275 1333 2017]",-0.005344159087019734,70.27251136785567,2.8219614654960608
1675,15,35,60,[   0  350  507  572  646  727  930 1041 1115 1275 2017],-0.005344159087019734,70.27251136785567,2.8219614654960608
1676,15,36,0,"[   0  447  507  645  646  727  780  887  994  995 1033 1034 1115 1158
 1332 1333 2017]",-0.0051650323003526915,72.31070212894353,2.5008274064054326
1677,15,36,20,"[   0  187  389  447  507  602  646  727  780  887  976 1034 1085 1115
 1158 1275 1332 1382 1484 1988 2017]",-0.0051650323003526915,72.31070212894353,2.5008274064054326
1678,15,36,40,"[   0  187  389  447  507  602  646  727  780  887  976 1034 1115 1158
 1275 1332 1382 1484 2017]",-0.0051650323003526915,72.31070212894353,2.5008274064054326
1679,15,36,60,[   0  187  447  602  727  887 1034 1115 1275 1382 2017],-0.0051650323003526915,72.31070212894353,2.5008274064054326
1680,15,37,0,"[   0  455  503  645  646  780  843  994  995 1033 1034 1115 1158 1332
 1333 2017]",0.002905631034965542,72.32086273402038,1.927270586583197
1681,15,37,20,"[   0  187  455  503  567  620  646  780  843  919  994 1034 1085 1115
 1158 1275 1333 1988 2017]",0.002905631034965542,72.32086273402038,1.927270586583197
1682,15,37,40,"[   0  187  455  503  567  620  780  843  919 1034 1115 1158 1275 1333
 2017]",0.002905631034965542,72.32086273402038,1.927270586583197
1683,15,37,60,[   0  187  455  567  780  843  919 1034 1115 1275 2017],0.002905631034965542,72.32086273402038,1.927270586583197
1684,15,38,0,"[   0  350  499  645  646  780  852  994  995 1033 1034 1115 1158 1332
 1333 2017]",-0.009863705586728107,73.88149722361615,2.344058813190476
1685,15,38,20,"[   0  187  350  455  499  545  620  646  780  852  973  995 1046 1067
 1115 1158 1275 1484 1988 2017]",-0.009863705586728107,73.88149722361615,2.344058813190476
1686,15,38,40,"[   0  187  350  455  499  545  620  780  852  973 1046 1115 1158 1275
 1484 2017]",-0.009863705586728107,73.88149722361615,2.344058813190476
1687,15,38,60,[   0  350  455  545  620  780  852 1046 1115 1275 1484 2017],-0.009863705586728107,73.88149722361615,2.344058813190476
1688,15,39,0,[   0  389  547  645  646  994  995 1033 1034 1114 1158 1332 1333 2017],-0.017814251349902933,71.10741648604466,2.3856542998017214
1689,15,39,20,"[   0  201  389  507  547  602  646  780  873  994 1040 1114 1158 1193
 1332 1484 1761 1812 2017]",-0.017814251349902933,71.10741648604466,2.3856542998017214
1690,15,39,40,"[   0  201  389  507  602  646  780  873  994 1040 1114 1158 1332 1761
 1812 2017]",-0.017814251349902933,71.10741648604466,2.3856542998017214
1691,15,39,60,[   0  201  389  507  602  780  873 1040 1158 1332 1812 2017],-0.017814251349902933,71.10741648604466,2.3856542998017214
1692,15,40,0,"[   0  346  572  645  646  724  780  870  994  995 1033 1034 1163 1332
 1333 2017]",-0.014741119781996099,69.59621561022767,2.4951885534169027
1693,15,40,20,"[   0  173  346  455  545  572  620  646  724  780  870  915  994 1033
 1063 1163 1332 1761 2017]",-0.014741119781996099,69.59621561022767,2.4951885534169027
1694,15,40,40,"[   0  173  346  455  572  620  724  780  870  915  994 1063 1163 1332
 1761 2017]",-0.014741119781996099,69.59621561022767,2.4951885534169027
1695,15,40,60,[   0  346  455  572  724  870  994 1063 1163 1332 1761 2017],-0.014741119781996099,69.59621561022767,2.4951885534169027
1696,15,41,0,[   0  346  507  645  646  994  995 1033 1034 1114 1332 1333 2017],0.006538877642876939,70.50271818566968,1.8734504435982402
1697,15,41,20,"[   0  346  372  455  507  547  645  693  720  780  852  973  995 1034
 1114 1245 1333 1761 1826 2017]",0.006538877642876939,70.50271818566968,1.8734504435982402
1698,15,41,40,"[   0  346  455  507  645  720  780  852  973 1034 1114 1245 1333 1761
 1826 2017]",0.006538877642876939,70.50271818566968,1.8734504435982402
1699,15,41,60,[   0  346  507  645  780  852  973 1034 1114 1245 1333 1761 1826 2017],0.006538877642876939,70.50271818566968,1.8734504435982402
1700,15,42,0,[   0  372  541  645  646  994  995 1033 1034 1163 1332 1333 2017],-0.018410423076099008,67.63877553974201,1.956372897240987
1701,15,42,20,"[   0  372  518  547  620  646  716  780  852  919  994 1034 1085 1163
 1187 1333 1761 1797 2017]",-0.018410423076099008,67.63877553974201,1.956372897240987
1702,15,42,40,[   0  372  518  620  716  780  852  919 1034 1085 1163 1333 1797 2017],-0.018410423076099008,67.63877553974201,1.956372897240987
1703,15,42,60,[   0  372  518  620  716  780  852  919 1034 1163 1333 1797 2017],-0.018410423076099008,67.63877553974201,1.956372897240987
1704,15,43,0,[   0  389  547  645  646  994  995 1033 1034 1187 1332 1333 2017],0.004500909678191445,73.35164584769603,1.9623637819400608
1705,15,43,20,"[   0  199  389  547  572  620  646  780  852  994 1034 1085 1187 1333
 1761 1826 2017]",0.004500909678191445,73.35164584769603,1.9623637819400608
1706,15,43,40,[   0  199  389  572  620  780  852 1034 1085 1187 1333 1761 1826 2017],0.004500909678191445,73.35164584769603,1.9623637819400608
1707,15,43,60,[   0  389  572  780  852 1085 1187 1826 2017],0.004500909678191445,73.35164584769603,1.9623637819400608
1708,15,44,0,[   0  455  547  645  646  930  994  995 1033 1034 1163 1332 1333 2017],-0.03875544501436888,73.29186955934726,2.256627745051545
1709,15,44,20,"[   0  199  389  455  503  547  592  646  715  780  887  930  994 1033
 1085 1163 1189 1332 1595 2017]",-0.03875544501436888,73.29186955934726,2.256627745051545
1710,15,44,40,"[   0  199  389  455  503  547  592  646  715  780  887  930 1033 1085
 1163 1332 1595 2017]",-0.03875544501436888,73.29186955934726,2.256627745051545
1711,15,44,60,[   0  199  389  503  592  715  780  930 1033 1163 1332 1595 2017],-0.03875544501436888,73.29186955934726,2.256627745051545
1712,15,45,0,[   0  372  541  645  646  994  995 1033 1034 1115 1162 1332 1333 2017],0.0046892646446730305,73.81669140193333,1.9366659621543783
1713,15,45,20,"[   0  260  372  507  541  620  648  780  887  930  973  995 1034 1115
 1162 1189 1309 1333 1484 1988 2017]",0.0046892646446730305,73.81669140193333,1.9366659621543783
1714,15,45,40,[   0  372  507  620  780  887  930 1034 1115 1162 1309 1484 2017],0.0046892646446730305,73.81669140193333,1.9366659621543783
1715,15,45,60,[   0  372  507  620  780  930 1034 1115 1309 2017],0.0046892646446730305,73.81669140193333,1.9366659621543783
1716,15,46,0,"[   0  346  518  645  646  727  780  887  994  995 1033 1034 1189 1332
 1333 2017]",0.008907980725716837,76.98256962087736,1.9077046417292842
1717,15,46,20,"[   0  346  455  518  630  727  780  887  994 1040 1096 1189 1333 1761
 1826 2017]",0.008907980725716837,76.98256962087736,1.9077046417292842
1718,15,46,40,"[   0  346  455  518  630  727  780  887  994 1040 1096 1189 1333 1761
 1826 2017]",0.008907980725716837,76.98256962087736,1.9077046417292842
1719,15,46,60,[   0  346  455  518  630  727  887 1040 1189 1333 1761 1826 2017],0.008907980725716837,76.98256962087736,1.9077046417292842
1720,15,47,0,[   0  389  507  645  646  994  995 1033 1034 1115 1162 1332 1333 2017],0.0151551401379222,75.4011584568365,1.6126180763604065
1721,15,47,20,[   0  199  389  507  620  780  887  994 1040 1115 1162 1326 2017],0.0151551401379222,75.4011584568365,1.6126180763604065
1722,15,47,40,[   0  199  389  507  620  780  887  994 1040 1115 1162 1326 2017],0.0151551401379222,75.4011584568365,1.6126180763604065
1723,15,47,60,[   0  199  389  507  620  780  887 1040 1162 1326 2017],0.0151551401379222,75.4011584568365,1.6126180763604065
1724,15,48,0,[   0  455  531  645  646  994  995 1033 1034 1129 1332 1333 2017],-0.030217981329938328,77.71927432771574,2.248532019624583
1725,15,48,20,"[   0  199  389  455  494  531  620  646  716  780  887  994 1040 1077
 1129 1189 1332 1460 1996 2017]",-0.030217981329938328,77.71927432771574,2.248532019624583
1726,15,48,40,"[   0  199  389  494  620  716  780  887  994 1040 1129 1189 1332 1460
 2017]",-0.030217981329938328,77.71927432771574,2.248532019624583
1727,15,48,60,[   0  199  389  494  620  716  780  887 1040 1129 1332 2017],-0.030217981329938328,77.71927432771574,2.248532019624583
1728,15,49,0,[   0  442  507  645  646  994  995 1033 1034 1115 1163 1332 1333 2017],-0.00593867191760412,76.64884941363378,1.8055010381489156
1729,15,49,20,"[   0  199  442  507  594  620  646  780  887  973  995 1034 1115 1163
 1189 1332 1460 1988 2017]",-0.00593867191760412,76.64884941363378,1.8055010381489156
1730,15,49,40,[   0  199  442  507  620  780  887 1034 1115 1163 1332 2017],-0.00593867191760412,76.64884941363378,1.8055010381489156
1731,15,49,60,[   0  199  442  507  620  780  887 1034 1163 1332 2017],-0.00593867191760412,76.64884941363378,1.8055010381489156
1732,15,50,0,[   0  318  507  645  646  994  995 1033 1034 1114 1164 1332 1333 2017],-0.020816231657761402,77.6351432909199,1.8481961250998595
1733,15,50,20,"[   0  199  318  494  545  620  646  780  887  973  995 1034 1114 1164
 1189 1332 1460 1484 1996 2017]",-0.020816231657761402,77.6351432909199,1.8481961250998595
1734,15,50,40,[   0  199  318  494  545  620  780  887 1034 1114 1164 1332 1484 2017],-0.020816231657761402,77.6351432909199,1.8481961250998595
1735,15,50,60,[   0  318  494  620  780  887 1034 1164 1332 2017],-0.020816231657761402,77.6351432909199,1.8481961250998595
1736,16,20,0,"[   0  346  532  645  646  721  780  843  994  995 1033 1034 1097 1098
 1174 1332 1333 2017]",-0.04239421158519269,62.148917949699545,2.324629755236135
1737,16,20,20,"[   0  346  372  532  645  693  721  780  843  994 1030 1067 1116 1174
 1332 1396 1761 1812 2017]",-0.04239421158519269,62.148917949699545,2.324629755236135
1738,16,20,40,[   0  346  532  645  721  780  843 1030 1116 1174 1332 1396 1812 2017],-0.04239421158519269,62.148917949699545,2.324629755236135
1739,16,20,60,[   0  346  532  645  780  843 1030 1174 1332 1396 1812 2017],-0.04239421158519269,62.148917949699545,2.324629755236135
1740,16,21,0,"[   0  372  572  645  646  994  995 1033 1034 1097 1098 1174 1332 1333
 2017]",-0.043750417223662616,60.510835083457586,2.1961880237326126
1741,16,21,20,"[   0  372  447  482  545  572  646  693  721  892  994 1034 1107 1136
 1174 1333 1761 1877 2017]",-0.043750417223662616,60.510835083457586,2.1961880237326126
1742,16,21,40,[   0  372  482  572  646  721  892 1034 1107 1174 1333 1761 1877 2017],-0.043750417223662616,60.510835083457586,2.1961880237326126
1743,16,21,60,[   0  372  482  572  646  721  892 1034 1107 1174 1333 1761 1877 2017],-0.043750417223662616,60.510835083457586,2.1961880237326126
1744,16,22,0,"[   0  372  572  645  646  941  994  995 1033 1034 1116 1158 1332 1333
 2017]",-0.020391362424902405,60.272514614214764,2.9371674391452323
1745,16,22,20,"[   0   42  372  455  515  572  620  693  721  780  835  941  994 1034
 1116 1158 1332 1396 1812 2017]",-0.020391362424902405,60.272514614214764,2.9371674391452323
1746,16,22,40,"[   0  372  455  515  572  620  721  780  835  941 1034 1116 1158 1332
 1396 1812 2017]",-0.020391362424902405,60.272514614214764,2.9371674391452323
1747,16,22,60,[   0  372  515  721  941 1034 1158 1332 1396 1812 2017],-0.020391362424902405,60.272514614214764,2.9371674391452323
1748,16,23,0,"[   0  372  545  645  646  931  994  995 1033 1034 1114 1158 1332 1333
 2017]",-0.038108927310919985,60.90474576007745,3.5576391602514046
1749,16,23,20,"[   0   42  372  455  550  622  646  710  789  833  931  994 1034 1114
 1136 1158 1271 1333 1746 1812 2017]",-0.038108927310919985,60.90474576007745,3.5576391602514046
1750,16,23,40,"[   0   42  372  455  550  622  710  789  833  931 1034 1114 1158 1271
 1333 1746 1812 2017]",-0.038108927310919985,60.90474576007745,3.5576391602514046
1751,16,23,60,[   0  372  455  550  622  710  789  931 1034 1114 1271 1746 1812 2017],-0.038108927310919985,60.90474576007745,3.5576391602514046
1752,16,24,0,"[   0  372  515  645  646  943  994  995 1033 1034 1114 1156 1332 1333
 2017]",-0.04191699197111305,61.07869835908552,3.6220662891995525
1753,16,24,20,"[   0   42  372  442  515  550  640  710  802  833  943  994 1034 1085
 1114 1156 1271 1332 1396 1755 1812 2017]",-0.04191699197111305,61.07869835908552,3.6220662891995525
1754,16,24,40,"[   0   42  372  442  515  640  710  802  943 1034 1114 1156 1271 1332
 1396 1755 1812 2017]",-0.04191699197111305,61.07869835908552,3.6220662891995525
1755,16,24,60,"[   0  372  442  515  640  710  802  943 1034 1114 1271 1332 1396 1812
 2017]",-0.04191699197111305,61.07869835908552,3.6220662891995525
1756,16,25,0,"[   0  350  572  645  646  931  994  995 1033 1034 1116 1174 1332 1333
 2017]",-0.05477203816844966,59.82841279362294,2.4865523536905405
1757,16,25,20,"[   0  350  372  545  572  646  693  721  843  931  994 1041 1116 1174
 1246 1271 1326 1396 1755 1812 2017]",-0.05477203816844966,59.82841279362294,2.4865523536905405
1758,16,25,40,"[   0  350  572  646  721  843  931  994 1041 1116 1174 1326 1396 1755
 1812 2017]",-0.05477203816844966,59.82841279362294,2.4865523536905405
1759,16,25,60,[   0  350  572  721  931 1041 1116 1326 1396 1812 2017],-0.05477203816844966,59.82841279362294,2.4865523536905405
1760,16,26,0,"[   0  372  572  645  646  943  994  995 1033 1034 1116 1174 1332 1333
 2017]",-0.03914256337969951,63.01582841950668,2.6355421931651835
1761,16,26,20,"[   0   42  372  499  572  646  693  721  789  833  943  994 1034 1116
 1174 1326 1396 1755 1812 1987 2017]",-0.03914256337969951,63.01582841950668,2.6355421931651835
1762,16,26,40,"[   0  372  499  572  646  721  789  833  943 1034 1116 1174 1326 1396
 1755 1812 2017]",-0.03914256337969951,63.01582841950668,2.6355421931651835
1763,16,26,60,[   0  372  499  572  646  721  789  943 1034 1174 1326 1396 1812 2017],-0.03914256337969951,63.01582841950668,2.6355421931651835
1764,16,27,0,"[   0  372  515  645  646  943  994  995 1033 1034 1115 1174 1332 1333
 2017]",-0.04272174178030457,65.01565102963586,2.7600919358595055
1765,16,27,20,"[   0  372  515  645  693  721  943  994 1034 1115 1174 1326 1761 1812
 1987 2017]",-0.04272174178030457,65.01565102963586,2.7600919358595055
1766,16,27,40,[   0  372  515  645  721  943 1034 1115 1174 1326 1761 1812 2017],-0.04272174178030457,65.01565102963586,2.7600919358595055
1767,16,27,60,[   0  372  515  645  721  943 1034 1174 1326 1812 2017],-0.04272174178030457,65.01565102963586,2.7600919358595055
1768,16,28,0,"[   0  350  507  645  646  931  994  995 1033 1034 1115 1174 1332 1333
 2017]",-0.007463272867739279,67.02540146942117,2.466665462265216
1769,16,28,20,"[   0  199  350  507  545  645  690  721  931  957  994 1034 1085 1115
 1158 1200 1326 1484 2017]",-0.007463272867739279,67.02540146942117,2.466665462265216
1770,16,28,40,[   0  350  507  645  721  931 1034 1115 1158 1200 1484 2017],-0.007463272867739279,67.02540146942117,2.466665462265216
1771,16,28,60,[   0  350  507  645  721  931 1034 1158 1326 2017],-0.007463272867739279,67.02540146942117,2.466665462265216
1772,16,29,0,"[   0  372  545  645  646  931  994  995 1033 1034 1115 1174 1332 1333
 2017]",-0.02865736945304669,67.80690760740498,2.4360818561511857
1773,16,29,20,"[   0  372  471  545  602  646  690  727  931  957  994 1041 1115 1136
 1174 1200 1326 1484 1987 2017]",-0.02865736945304669,67.80690760740498,2.4360818561511857
1774,16,29,40,[   0  372  471  545  602  727  931  994 1041 1115 1174 1326 1484 2017],-0.02865736945304669,67.80690760740498,2.4360818561511857
1775,16,29,60,[   0  372  545  727  931 1041 1115 1326 2017],-0.02865736945304669,67.80690760740498,2.4360818561511857
1776,16,30,0,"[   0  372  541  542  645  646  931  994  995 1033 1034 1115 1174 1332
 1333 2017]",-0.027414763799349227,66.36341545413221,2.200505878620706
1777,16,30,20,"[   0  372  515  602  698  721  931  994 1046 1085 1115 1174 1326 1484
 1987 2017]",-0.027414763799349227,66.36341545413221,2.200505878620706
1778,16,30,40,[   0  372  515  602  721  931  994 1046 1115 1174 1326 2017],-0.027414763799349227,66.36341545413221,2.200505878620706
1779,16,30,60,[   0  372  515  602  721  931 1046 1115 1326 2017],-0.027414763799349227,66.36341545413221,2.200505878620706
1780,16,31,0,"[   0  372  515  645  646  941  994  995 1033 1034 1115 1200 1332 1333
 2017]",-0.0358459024726104,67.86849963321278,2.5010234321374667
1781,16,31,20,"[   0  372  447  515  545  620  646  727  915  941  994 1041 1085 1115
 1149 1200 1275 1333 1761 1812 2017]",-0.0358459024726104,67.86849963321278,2.5010234321374667
1782,16,31,40,"[   0  372  447  515  620  727  941  994 1041 1115 1200 1275 1333 1761
 1812 2017]",-0.0358459024726104,67.86849963321278,2.5010234321374667
1783,16,31,60,[   0  372  447  515  620  727  941 1041 1115 1200 1484 1812 2017],-0.0358459024726104,67.86849963321278,2.5010234321374667
1784,16,32,0,[   0  346  547  645  646  994  995 1033 1034 1115 1200 1332 1333 2017],-0.024072488262549572,68.07717720584222,1.8822164313642733
1785,16,32,20,"[   0  346  372  447  545  572  620  646  698  727  835  887  994 1034
 1085 1115 1148 1200 1275 1333 1484 1987 2017]",-0.024072488262549572,68.07717720584222,1.8822164313642733
1786,16,32,40,[   0  346  447  572  620  727  835  887 1034 1115 1200 1275 1484 2017],-0.024072488262549572,68.07717720584222,1.8822164313642733
1787,16,32,60,[   0  346  447  572  727  887 1034 1115 1200 1484 2017],-0.024072488262549572,68.07717720584222,1.8822164313642733
1788,16,33,0,"[   0  447  547  645  646  915  994  995 1033 1034 1115 1200 1332 1333
 2017]",-0.004898977842257895,71.26603470595914,1.8116351744244976
1789,16,33,20,"[   0   54  199  447  499  547  572  620  646  727  852  915  994 1041
 1085 1115 1149 1200 1275 1333 1484 1988 2017]",-0.004898977842257895,71.26603470595914,1.8116351744244976
1790,16,33,40,"[   0  199  447  499  572  620  727  852  915  994 1041 1115 1200 1275
 1484 2017]",-0.004898977842257895,71.26603470595914,1.8116351744244976
1791,16,33,60,[   0  199  447  572  727  915 1041 1115 1200 1484 2017],-0.004898977842257895,71.26603470595914,1.8116351744244976
1792,16,34,0,"[   0  350  515  645  646  915  994  995 1033 1034 1115 1158 1332 1333
 2017]",-0.01933508129975125,70.21100850508435,2.363518365649372
1793,16,34,20,"[   0  187  350  515  602  646  727  852  915  994 1016 1041 1115 1158
 1275 1484 1988 2017]",-0.01933508129975125,70.21100850508435,2.363518365649372
1794,16,34,40,[   0  187  350  515  602  727  852  915 1041 1115 1158 1275 1484 2017],-0.01933508129975125,70.21100850508435,2.363518365649372
1795,16,34,60,[   0  350  515  602  727  915 1041 1115 1275 1484 2017],-0.01933508129975125,70.21100850508435,2.363518365649372
1796,16,35,0,"[   0  350  572  645  646  930  994  995 1033 1034 1115 1163 1332 1333
 2017]",-0.00668990717846983,68.97371147816811,2.678455934696265
1797,16,35,20,"[   0  187  350  507  545  572  602  646  727  852  930  994 1041 1085
 1115 1136 1163 1206 1275 1333 1484 1988 2017]",-0.00668990717846983,68.97371147816811,2.678455934696265
1798,16,35,40,"[   0  187  350  507  572  646  727  852  930  994 1041 1115 1163 1206
 1275 1484 2017]",-0.00668990717846983,68.97371147816811,2.678455934696265
1799,16,35,60,[   0  187  350  507  572  646  727  852  930 1041 1115 1275 1484 2017],-0.00668990717846983,68.97371147816811,2.678455934696265
1800,16,36,0,"[   0  447  507  645  646  727  780  887  994  995 1033 1034 1115 1158
 1332 1333 2017]",-0.002815717719681674,70.98448121081596,2.4625545530363713
1801,16,36,20,"[   0  187  389  447  507  545  602  646  727  780  887  915  995 1041
 1085 1115 1158 1275 1332 1382 1484 1988 2017]",-0.002815717719681674,70.98448121081596,2.4625545530363713
1802,16,36,40,"[   0  187  389  447  507  602  646  727  780  915  995 1041 1115 1158
 1275 1332 1382 1484 2017]",-0.002815717719681674,70.98448121081596,2.4625545530363713
1803,16,36,60,[   0  187  447  602  727  915 1041 1115 1275 1382 2017],-0.002815717719681674,70.98448121081596,2.4625545530363713
1804,16,37,0,"[   0  455  503  645  646  780  843  994  995 1033 1034 1115 1158 1332
 1333 2017]",0.0049792691094549335,70.97211710259103,1.8382882499008977
1805,16,37,20,"[   0  187  455  503  545  567  620  646  698  755  780  843  919  994
 1034 1085 1115 1158 1275 1333 1988 2017]",0.0049792691094549335,70.97211710259103,1.8382882499008977
1806,16,37,40,"[   0  187  455  503  567  620  698  780  843  919 1034 1115 1158 1275
 1333 2017]",0.0049792691094549335,70.97211710259103,1.8382882499008977
1807,16,37,60,[   0  187  455  567  698  780  843  919 1034 1115 1275 2017],0.0049792691094549335,70.97211710259103,1.8382882499008977
1808,16,38,0,"[   0  350  499  645  646  780  852  994  995 1033 1034 1115 1158 1332
 1333 2017]",-0.008301741909647962,72.17323252561074,2.2703802483119366
1809,16,38,20,"[   0  187  350  455  499  545  620  646  704  755  780  852  973  995
 1046 1067 1115 1158 1275 1484 1988 2017]",-0.008301741909647962,72.17323252561074,2.2703802483119366
1810,16,38,40,"[   0  187  350  455  499  545  620  704  780  852  973 1046 1115 1158
 1275 1484 2017]",-0.008301741909647962,72.17323252561074,2.2703802483119366
1811,16,38,60,"[   0  187  350  455  545  620  704  780  852  973 1046 1115 1275 1484
 2017]",-0.008301741909647962,72.17323252561074,2.2703802483119366
1812,16,39,0,[   0  389  547  645  646  994  995 1033 1034 1114 1158 1332 1333 2017],-0.014045210910161893,69.72033015700667,2.390493778263842
1813,16,39,20,"[   0  201  389  507  547  602  646  780  873  915  994 1015 1040 1114
 1158 1193 1332 1484 1761 1812 2017]",-0.014045210910161893,69.72033015700667,2.390493778263842
1814,16,39,40,"[   0  201  389  507  602  646  780  873  915 1040 1114 1158 1332 1761
 1812 2017]",-0.014045210910161893,69.72033015700667,2.390493778263842
1815,16,39,60,[   0  201  389  507  602  780  873 1040 1158 1332 1812 2017],-0.014045210910161893,69.72033015700667,2.390493778263842
1816,16,40,0,"[   0  346  572  645  646  724  780  870  994  995 1033 1034 1163 1332
 1333 2017]",-0.011537026055955375,68.16829362267126,2.4948984969014045
1817,16,40,20,"[   0  173  346  455  545  572  620  646  698  724  780  870  915  994
 1033 1063 1163 1332 1761 2017]",-0.011537026055955375,68.16829362267126,2.4948984969014045
1818,16,40,40,"[   0  173  346  455  572  620  724  780  870  915  994 1063 1163 1332
 1761 2017]",-0.011537026055955375,68.16829362267126,2.4948984969014045
1819,16,40,60,[   0  346  455  572  724  870  994 1063 1163 1332 1761 2017],-0.011537026055955375,68.16829362267126,2.4948984969014045
1820,16,41,0,[   0  346  507  645  646  994  995 1033 1034 1114 1163 1332 1333 2017],-0.03467987527378812,66.96944765980903,2.2558579365249445
1821,16,41,20,"[   0  346  455  507  547  693  720  780  852  973  995 1034 1114 1163
 1332 1761 1826 2017]",-0.03467987527378812,66.96944765980903,2.2558579365249445
1822,16,41,40,"[   0  346  455  507  645  720  780  852  973 1034 1114 1163 1332 1761
 1826 2017]",-0.03467987527378812,66.96944765980903,2.2558579365249445
1823,16,41,60,[   0  346  507  645  780  852  973 1034 1114 1245 1332 1761 1826 2017],-0.03467987527378812,66.96944765980903,2.2558579365249445
1824,16,42,0,[   0  372  541  645  646  994  995 1033 1034 1163 1332 1333 2017],-0.04318763171121386,66.36848649765436,2.4127513627317247
1825,16,42,20,"[   0  372  518  620  646  716  780  852  919  994 1034 1085 1163 1187
 1333 1761 1826 2017]",-0.04318763171121386,66.36848649765436,2.4127513627317247
1826,16,42,40,"[   0  372  518  620  716  780  852  919 1034 1085 1163 1333 1761 1826
 2017]",-0.04318763171121386,66.36848649765436,2.4127513627317247
1827,16,42,60,[   0  372  518  620  716  780  852  919 1034 1163 1333 1761 1826 2017],-0.04318763171121386,66.36848649765436,2.4127513627317247
1828,16,43,0,[   0  389  547  645  646  994  995 1033 1034 1187 1332 1333 2017],0.007621584509711731,71.77786534382443,1.9494227726922855
1829,16,43,20,"[   0  199  389  547  572  620  646  780  852  915  994 1041 1085 1187
 1333 1761 1826 2017]",0.007621584509711731,71.77786534382443,1.9494227726922855
1830,16,43,40,"[   0  199  389  572  620  780  852  915  994 1041 1085 1187 1333 1761
 1826 2017]",0.007621584509711731,71.77786534382443,1.9494227726922855
1831,16,43,60,[   0  199  389  572  780  852  915  994 1085 1187 1333 1761 1826 2017],0.007621584509711731,71.77786534382443,1.9494227726922855
1832,16,44,0,"[   0  455  547  645  646  930  994  995 1033 1034 1115 1163 1332 1333
 2017]",-0.034812732743301406,71.89954867164778,2.226952470531219
1833,16,44,20,"[   0  199  389  455  503  547  592  646  715  780  887  930  994 1033
 1085 1115 1163 1189 1332 1484 1595 2017]",-0.034812732743301406,71.89954867164778,2.226952470531219
1834,16,44,40,"[   0  199  389  455  503  547  592  646  715  780  887  930 1033 1115
 1163 1332 1484 1595 2017]",-0.034812732743301406,71.89954867164778,2.226952470531219
1835,16,44,60,[   0  199  389  503  592  715  780  930 1033 1163 1332 1595 2017],-0.034812732743301406,71.89954867164778,2.226952470531219
1836,16,45,0,[   0  372  547  645  646  994  995 1033 1034 1115 1162 1332 1333 2017],0.007829448661673595,72.04654667530497,1.9354012662072424
1837,16,45,20,"[   0  260  372  507  541  620  648  780  887  930  973  995 1034 1115
 1162 1189 1309 1333 1484 1988 2017]",0.007829448661673595,72.04654667530497,1.9354012662072424
1838,16,45,40,[   0  372  507  620  780  887  930 1034 1115 1162 1309 1484 2017],0.007829448661673595,72.04654667530497,1.9354012662072424
1839,16,45,60,[   0  372  507  620  780  930 1034 1115 1309 2017],0.007829448661673595,72.04654667530497,1.9354012662072424
1840,16,46,0,"[   0  346  518  645  646  727  780  887  994  995 1033 1034 1115 1189
 1332 1333 2017]",0.011358485265152374,75.34009697174622,1.8783110923189699
1841,16,46,20,"[   0  346  455  518  630  727  780  887  994 1040 1115 1189 1332 1761
 1826 2017]",0.011358485265152374,75.34009697174622,1.8783110923189699
1842,16,46,40,"[   0  346  455  518  630  727  780  887  994 1040 1115 1189 1332 1761
 1826 2017]",0.011358485265152374,75.34009697174622,1.8783110923189699
1843,16,46,60,"[   0  201  346  455  518  630  727  887 1040 1115 1189 1332 1446 1761
 1826 2017]",0.011358485265152374,75.34009697174622,1.8783110923189699
1844,16,47,0,"[   0  389  507  645  646  727  780  887  994  995 1033 1034 1115 1162
 1332 1333 2017]",0.016332106751692204,73.78081882453601,1.5621392347649157
1845,16,47,20,[   0  199  389  507  630  727  780  887  994 1040 1115 1162 1326 2017],0.016332106751692204,73.78081882453601,1.5621392347649157
1846,16,47,40,[   0  199  389  507  630  727  780  887  994 1040 1115 1162 1326 2017],0.016332106751692204,73.78081882453601,1.5621392347649157
1847,16,47,60,[   0  199  389  507  630  727  887 1040 1162 1326 2017],0.016332106751692204,73.78081882453601,1.5621392347649157
1848,16,48,0,[   0  455  531  645  646  994  995 1033 1034 1129 1332 1333 2017],-0.024798877920448378,76.3527165158358,2.2145315774402965
1849,16,48,20,"[   0  199  389  455  494  531  620  646  716  780  887  994 1040 1077
 1129 1189 1332 1460 1996 2017]",-0.024798877920448378,76.3527165158358,2.2145315774402965
1850,16,48,40,"[   0  199  389  494  620  716  780  887  994 1040 1129 1189 1332 1460
 2017]",-0.024798877920448378,76.3527165158358,2.2145315774402965
1851,16,48,60,[   0  199  389  494  620  716  780  887 1040 1129 1332 2017],-0.024798877920448378,76.3527165158358,2.2145315774402965
1852,16,49,0,[   0  442  507  645  646  994  995 1033 1034 1115 1163 1332 1333 2017],-0.0037947897440268477,74.91491788487826,1.8302848173214203
1853,16,49,20,"[   0  199  442  507  594  620  646  698  755  780  887  973  995 1034
 1115 1163 1189 1332 1460 1988 2017]",-0.0037947897440268477,74.91491788487826,1.8302848173214203
1854,16,49,40,[   0  199  442  507  620  698  780  887 1034 1115 1163 1332 2017],-0.0037947897440268477,74.91491788487826,1.8302848173214203
1855,16,49,60,[   0  199  442  507  620  698  780  887 1034 1163 1332 2017],-0.0037947897440268477,74.91491788487826,1.8302848173214203
1856,16,50,0,[   0  318  507  645  646  994  995 1033 1034 1115 1164 1332 1333 2017],-0.018191832598167666,76.16841510813867,1.8352607901211446
1857,16,50,20,"[   0  199  318  494  545  620  646  780  887  973  995 1034 1115 1164
 1189 1326 1460 1484 1996 2017]",-0.018191832598167666,76.16841510813867,1.8352607901211446
1858,16,50,40,[   0  199  318  494  545  620  780  887 1034 1115 1164 1326 1484 2017],-0.018191832598167666,76.16841510813867,1.8352607901211446
1859,16,50,60,[   0  318  494  620  780  887 1034 1164 1326 2017],-0.018191832598167666,76.16841510813867,1.8352607901211446
1860,17,20,0,"[   0  346  532  645  646  721  780  843  994  995 1033 1034 1097 1098
 1174 1332 1333 2017]",-0.041622549263171764,60.84143465891176,2.4446743609647275
1861,17,20,20,"[   0  346  453  532  645  693  721  780  843  994 1030 1067 1116 1174
 1332 1396 1761 1812 2017]",-0.041622549263171764,60.84143465891176,2.4446743609647275
1862,17,20,40,"[   0  346  453  532  645  721  780  843 1030 1116 1174 1332 1396 1761
 1812 2017]",-0.041622549263171764,60.84143465891176,2.4446743609647275
1863,17,20,60,[   0  346  453  532  645  780  843 1030 1174 1332 1396 1812 2017],-0.041622549263171764,60.84143465891176,2.4446743609647275
1864,17,21,0,"[   0  372  572  645  646  930  994  995 1033 1034 1097 1098 1174 1332
 1333 2017]",-0.04202273401063476,57.962775198159925,2.6214175793926757
1865,17,21,20,"[   0  372  447  482  545  572  646  693  721  843  930  994 1034 1107
 1136 1174 1333 1761 1877 2017]",-0.04202273401063476,57.962775198159925,2.6214175793926757
1866,17,21,40,"[   0  372  482  572  646  721  843  930 1034 1107 1174 1333 1761 1877
 2017]",-0.04202273401063476,57.962775198159925,2.6214175793926757
1867,17,21,60,"[   0  372  482  572  646  721  843  930 1034 1107 1174 1333 1761 1877
 2017]",-0.04202273401063476,57.962775198159925,2.6214175793926757
1868,17,22,0,"[   0  372  572  645  646  941  994  995 1033 1034 1116 1158 1332 1333
 2017]",-0.016705624805004392,59.062218765663765,2.9454445644698892
1869,17,22,20,"[   0   42  372  455  515  572  620  693  721  780  835  941  994 1034
 1116 1158 1332 1396 1812 2017]",-0.016705624805004392,59.062218765663765,2.9454445644698892
1870,17,22,40,"[   0  372  455  515  572  620  721  780  835  941 1034 1116 1158 1332
 1396 1812 2017]",-0.016705624805004392,59.062218765663765,2.9454445644698892
1871,17,22,60,[   0  372  515  721  941 1034 1158 1332 1396 1812 2017],-0.016705624805004392,59.062218765663765,2.9454445644698892
1872,17,23,0,"[   0  372  545  645  646  931  994  995 1033 1034 1114 1158 1332 1333
 2017]",-0.03637770298159289,60.001818497578434,3.240217242025115
1873,17,23,20,"[   0   42  372  455  550  622  693  721  789  833  931  994 1034 1114
 1136 1158 1271 1333 1746 1812 2017]",-0.03637770298159289,60.001818497578434,3.240217242025115
1874,17,23,40,"[   0   42  372  455  550  622  721  789  833  931 1034 1114 1158 1271
 1333 1746 1812 2017]",-0.03637770298159289,60.001818497578434,3.240217242025115
1875,17,23,60,[   0  372  455  550  622  721  789  931 1034 1114 1271 1746 1812 2017],-0.03637770298159289,60.001818497578434,3.240217242025115
1876,17,24,0,"[   0  372  515  645  646  943  994  995 1033 1034 1114 1156 1332 1333
 2017]",-0.0401790410895368,60.15827801943752,3.288812427113664
1877,17,24,20,"[   0   42  372  442  515  550  640  693  721  802  833  943  994 1034
 1085 1114 1156 1271 1332 1396 1755 1812 2017]",-0.0401790410895368,60.15827801943752,3.288812427113664
1878,17,24,40,"[   0   42  372  442  515  640  721  802  943 1034 1114 1156 1332 1396
 1755 1812 2017]",-0.0401790410895368,60.15827801943752,3.288812427113664
1879,17,24,60,"[   0  372  442  515  640  721  802  943 1034 1114 1271 1332 1396 1812
 2017]",-0.0401790410895368,60.15827801943752,3.288812427113664
1880,17,25,0,"[   0  350  541  542  645  646  931  994  995 1033 1034 1116 1174 1332
 1333 2017]",-0.053938360318206806,58.66283636847815,2.3724352447959447
1881,17,25,20,"[   0  350  372  545  572  646  693  721  843  931  994 1041 1116 1174
 1246 1271 1326 1396 1755 1812 2017]",-0.053938360318206806,58.66283636847815,2.3724352447959447
1882,17,25,40,"[   0  350  572  646  721  843  931  994 1041 1116 1174 1326 1396 1755
 1812 2017]",-0.053938360318206806,58.66283636847815,2.3724352447959447
1883,17,25,60,[   0  350  572  721  931 1041 1116 1326 1396 1812 2017],-0.053938360318206806,58.66283636847815,2.3724352447959447
1884,17,26,0,"[   0  372  572  645  646  943  994  995 1033 1034 1116 1174 1332 1333
 2017]",-0.03206013148265742,61.72201968541974,2.6260568383226772
1885,17,26,20,"[   0   42  372  499  545  572  646  693  721  789  833  943  994 1033
 1067 1116 1174 1326 1396 1755 1812 1987 2017]",-0.03206013148265742,61.72201968541974,2.6260568383226772
1886,17,26,40,"[   0  372  499  572  646  721  789  833  943 1033 1116 1174 1326 1396
 1755 1812 2017]",-0.03206013148265742,61.72201968541974,2.6260568383226772
1887,17,26,60,"[   0  372  499  572  646  721  789  879  943 1033 1174 1326 1396 1812
 2017]",-0.03206013148265742,61.72201968541974,2.6260568383226772
1888,17,27,0,"[   0  372  515  645  646  943  994  995 1033 1034 1115 1174 1332 1333
 2017]",-0.041413177875281364,63.724417553883946,2.6842767778389423
1889,17,27,20,"[   0  372  515  645  721  943  994 1034 1115 1174 1326 1761 1812 1987
 2017]",-0.041413177875281364,63.724417553883946,2.6842767778389423
1890,17,27,40,[   0  372  515  645  721  943 1034 1115 1174 1326 1761 1812 2017],-0.041413177875281364,63.724417553883946,2.6842767778389423
1891,17,27,60,[   0  372  515  645  721  943 1034 1174 1326 1812 2017],-0.041413177875281364,63.724417553883946,2.6842767778389423
1892,17,28,0,"[   0  350  541  542  645  646  931  994  995 1033 1034 1115 1174 1332
 1333 2017]",-0.006851503949387694,65.37547709353066,2.3507471927481993
1893,17,28,20,"[   0  199  350  507  541  645  690  721  931  957  994 1034 1085 1115
 1158 1200 1326 1484 2017]",-0.006851503949387694,65.37547709353066,2.3507471927481993
1894,17,28,40,[   0  350  507  645  721  931 1034 1115 1158 1200 1484 2017],-0.006851503949387694,65.37547709353066,2.3507471927481993
1895,17,28,60,[   0  350  507  645  721  931 1034 1158 1326 2017],-0.006851503949387694,65.37547709353066,2.3507471927481993
1896,17,29,0,"[   0  372  545  645  646  931  994  995 1033 1034 1115 1174 1332 1333
 2017]",-0.027013688465493953,66.40537946811143,2.392482968293846
1897,17,29,20,"[   0  372  471  545  602  646  721  931  957  994 1041 1115 1136 1174
 1200 1326 1484 1987 2017]",-0.027013688465493953,66.40537946811143,2.392482968293846
1898,17,29,40,[   0  372  471  545  602  721  931  994 1041 1115 1174 1326 1484 2017],-0.027013688465493953,66.40537946811143,2.392482968293846
1899,17,29,60,[   0  372  545  721  931 1041 1115 1326 2017],-0.027013688465493953,66.40537946811143,2.392482968293846
1900,17,30,0,"[   0  372  541  542  645  646  931  994  995 1033 1034 1115 1174 1332
 1333 2017]",-0.024544523714343017,64.91996715499542,2.15559506447729
1901,17,30,20,"[   0  372  515  582  620  698  721  931  994 1046 1085 1115 1174 1326
 1484 1987 2017]",-0.024544523714343017,64.91996715499542,2.15559506447729
1902,17,30,40,[   0  372  515  620  721  931  994 1046 1115 1174 1326 2017],-0.024544523714343017,64.91996715499542,2.15559506447729
1903,17,30,60,[   0  372  515  620  721  931 1046 1115 1326 2017],-0.024544523714343017,64.91996715499542,2.15559506447729
1904,17,31,0,"[   0  372  515  645  646  941  994  995 1033 1034 1115 1200 1332 1333
 2017]",-0.03277987657026755,66.74447455888095,2.5492909583910754
1905,17,31,20,"[   0  372  447  515  545  620  646  698  721  915  941  994 1041 1085
 1115 1149 1200 1275 1333 1761 1812 2017]",-0.03277987657026755,66.74447455888095,2.5492909583910754
1906,17,31,40,"[   0  372  447  515  620  721  941  994 1041 1115 1200 1275 1333 1761
 1812 2017]",-0.03277987657026755,66.74447455888095,2.5492909583910754
1907,17,31,60,[   0  372  447  515  620  721  941 1041 1115 1200 1484 1812 2017],-0.03277987657026755,66.74447455888095,2.5492909583910754
1908,17,32,0,"[   0  346  547  645  646  915  994  995 1033 1034 1115 1200 1332 1333
 2017]",-0.02292851228796763,66.91200388540088,2.0181198803537734
1909,17,32,20,"[   0  346  372  447  545  572  620  646  698  727  835  915  994 1041
 1085 1115 1148 1200 1275 1333 1484 1987 2017]",-0.02292851228796763,66.91200388540088,2.0181198803537734
1910,17,32,40,"[   0  346  447  572  620  727  835  915  994 1041 1115 1200 1275 1484
 2017]",-0.02292851228796763,66.91200388540088,2.0181198803537734
1911,17,32,60,[   0  346  447  572  727  915 1041 1115 1200 1484 2017],-0.02292851228796763,66.91200388540088,2.0181198803537734
1912,17,33,0,"[   0  447  547  645  646  915  994  995 1033 1034 1115 1200 1332 1333
 2017]",-0.0027311009848039335,70.05721844123902,1.874645792474782
1913,17,33,20,"[   0   54  199  447  499  547  572  620  646  698  721  852  915  994
 1041 1085 1115 1149 1200 1275 1333 1484 1988 2017]",-0.0027311009848039335,70.05721844123902,1.874645792474782
1914,17,33,40,"[   0   54  199  447  499  572  620  721  852  915  994 1041 1115 1200
 1275 1484 2017]",-0.0027311009848039335,70.05721844123902,1.874645792474782
1915,17,33,60,[   0  199  447  572  721  915 1041 1115 1200 1484 2017],-0.0027311009848039335,70.05721844123902,1.874645792474782
1916,17,34,0,"[   0  350  515  645  646  915  994  995 1033 1034 1115 1158 1332 1333
 2017]",-0.017983047116572254,68.74192678188204,2.32933994823797
1917,17,34,20,"[   0  187  350  515  602  646  721  744  852  915  994 1016 1041 1115
 1158 1275 1484 1988 2017]",-0.017983047116572254,68.74192678188204,2.32933994823797
1918,17,34,40,[   0  187  350  515  602  721  852  915 1041 1115 1158 1275 1484 2017],-0.017983047116572254,68.74192678188204,2.32933994823797
1919,17,34,60,[   0  350  515  602  721  915 1041 1115 1275 1484 2017],-0.017983047116572254,68.74192678188204,2.32933994823797
1920,17,35,0,"[   0  350  572  645  646  930  994  995 1033 1034 1115 1163 1332 1333
 2017]",-0.005408220096519965,67.55704881224227,2.607234888198561
1921,17,35,20,"[   0  187  350  507  545  572  602  646  721  744  852  930  994 1041
 1085 1115 1136 1163 1206 1275 1333 1484 1988 2017]",-0.005408220096519965,67.55704881224227,2.607234888198561
1922,17,35,40,"[   0  187  350  507  572  646  721  852  930  994 1041 1115 1163 1206
 1275 1484 2017]",-0.005408220096519965,67.55704881224227,2.607234888198561
1923,17,35,60,[   0  187  350  507  572  646  721  852  930 1041 1115 1275 1484 2017],-0.005408220096519965,67.55704881224227,2.607234888198561
1924,17,36,0,"[   0  447  507  645  646  721  780  887  994  995 1033 1034 1115 1158
 1332 1333 2017]",-0.0019375091787085129,69.47406945954715,2.3993263160406646
1925,17,36,20,"[   0  187  389  447  507  545  602  646  721  780  887  915  995 1041
 1085 1115 1158 1275 1332 1382 1484 1988 2017]",-0.0019375091787085129,69.47406945954715,2.3993263160406646
1926,17,36,40,"[   0  187  389  447  507  602  721  780  915  995 1041 1115 1158 1275
 1332 1382 1484 2017]",-0.0019375091787085129,69.47406945954715,2.3993263160406646
1927,17,36,60,[   0  187  447  602  721  915 1041 1115 1275 1382 2017],-0.0019375091787085129,69.47406945954715,2.3993263160406646
1928,17,37,0,"[   0  455  503  645  646  780  843  994  995 1033 1034 1115 1158 1332
 1333 2017]",0.00577142656476494,69.6727066722745,1.8817329297258136
1929,17,37,20,"[   0  187  455  503  567  620  646  698  755  780  843  915  994 1041
 1085 1115 1158 1275 1333 1988 2017]",0.00577142656476494,69.6727066722745,1.8817329297258136
1930,17,37,40,"[   0  187  455  503  567  620  698  780  843  915  994 1041 1115 1158
 1275 1333 2017]",0.00577142656476494,69.6727066722745,1.8817329297258136
1931,17,37,60,[   0  187  455  567  698  780  843  915 1041 1115 1275 2017],0.00577142656476494,69.6727066722745,1.8817329297258136
1932,17,38,0,"[   0  350  499  645  646  780  852  994  995 1033 1034 1115 1158 1332
 1333 2017]",-0.019033256979587694,70.75600351223113,2.3206654250897385
1933,17,38,20,"[   0  187  350  455  499  545  620  646  704  755  780  852  973  995
 1046 1067 1115 1158 1275 1333 1761 1988 2017]",-0.019033256979587694,70.75600351223113,2.3206654250897385
1934,17,38,40,"[   0  187  350  455  499  545  620  704  780  852  973 1046 1115 1158
 1275 1333 1761 2017]",-0.019033256979587694,70.75600351223113,2.3206654250897385
1935,17,38,60,[   0  350  455  545  620  704  780  852 1046 1115 1275 1761 2017],-0.019033256979587694,70.75600351223113,2.3206654250897385
1936,17,39,0,[   0  389  547  645  646  994  995 1033 1034 1114 1158 1332 1333 2017],-0.012534257896732173,68.4551136483458,2.3528078725638375
1937,17,39,20,"[   0  201  389  507  547  602  646  704  755  780  873  915  994 1015
 1040 1114 1158 1193 1332 1484 1761 1812 2017]",-0.012534257896732173,68.4551136483458,2.3528078725638375
1938,17,39,40,"[   0  201  389  507  602  704  780  873  915 1040 1114 1158 1332 1761
 1812 2017]",-0.012534257896732173,68.4551136483458,2.3528078725638375
1939,17,39,60,[   0  201  389  507  602  704  780  873 1040 1158 1332 1812 2017],-0.012534257896732173,68.4551136483458,2.3528078725638375
1940,17,40,0,"[   0  346  572  645  646  724  780  870  994  995 1033 1034 1163 1332
 1333 2017]",-0.00840840674891158,66.9024665276728,2.448958947861931
1941,17,40,20,"[   0  173  346  455  545  572  620  646  698  724  780  870  915  994
 1033 1063 1085 1163 1328 1761 2017]",-0.00840840674891158,66.9024665276728,2.448958947861931
1942,17,40,40,"[   0  173  346  455  572  620  724  780  870  915 1033 1085 1163 1328
 1761 2017]",-0.00840840674891158,66.9024665276728,2.448958947861931
1943,17,40,60,[   0  346  455  572  724  870 1033 1163 1328 1761 2017],-0.00840840674891158,66.9024665276728,2.448958947861931
1944,17,41,0,[   0  346  507  645  646  994  995 1033 1034 1115 1163 1332 1333 2017],-0.04032180702480202,65.88284134778372,2.318530279137673
1945,17,41,20,"[   0  346  455  507  547  693  720  780  852  973  995 1034 1115 1163
 1332 1761 1826 2017]",-0.04032180702480202,65.88284134778372,2.318530279137673
1946,17,41,40,"[   0  346  455  507  645  720  780  852  973 1034 1115 1163 1332 1761
 1826 2017]",-0.04032180702480202,65.88284134778372,2.318530279137673
1947,17,41,60,[   0  346  507  645  780  852  973 1034 1115 1245 1332 1761 1826 2017],-0.04032180702480202,65.88284134778372,2.318530279137673
1948,17,42,0,[   0  372  541  645  646  994  995 1033 1034 1163 1332 1333 2017],-0.04122781417414256,65.30180709506529,2.333002204187603
1949,17,42,20,"[   0  372  518  620  646  716  780  852  919  994 1034 1085 1163 1187
 1333 1761 1826 2017]",-0.04122781417414256,65.30180709506529,2.333002204187603
1950,17,42,40,"[   0  372  518  620  716  780  852  919 1034 1085 1163 1333 1761 1826
 2017]",-0.04122781417414256,65.30180709506529,2.333002204187603
1951,17,42,60,[   0  372  518  620  716  780  852  919 1034 1163 1333 1761 1826 2017],-0.04122781417414256,65.30180709506529,2.333002204187603
1952,17,43,0,[   0  389  547  645  646  994  995 1033 1034 1187 1332 1333 2017],0.010157628330615702,70.5296760437407,1.9728328241266038
1953,17,43,20,"[   0  199  389  547  572  620  646  704  755  780  852  915  994 1041
 1085 1187 1333 1761 1826 2017]",0.010157628330615702,70.5296760437407,1.9728328241266038
1954,17,43,40,"[   0  199  389  572  620  704  780  852  915  994 1041 1085 1187 1333
 1761 1826 2017]",0.010157628330615702,70.5296760437407,1.9728328241266038
1955,17,43,60,"[   0  199  389  572  704  780  852  915  994 1085 1187 1333 1761 1826
 2017]",0.010157628330615702,70.5296760437407,1.9728328241266038
1956,17,44,0,"[   0  455  547  645  646  930  994  995 1033 1034 1115 1163 1332 1333
 2017]",-0.03078221664527769,70.72459965423289,2.2144430837762434
1957,17,44,20,"[   0  199  389  455  503  547  592  646  715  755  780  887  930  994
 1033 1085 1115 1163 1189 1332 1484 1595 2017]",-0.03078221664527769,70.72459965423289,2.2144430837762434
1958,17,44,40,"[   0  199  389  455  503  547  592  646  715  780  887  930 1033 1115
 1163 1332 1484 1595 2017]",-0.03078221664527769,70.72459965423289,2.2144430837762434
1959,17,44,60,[   0  199  389  503  592  715  780  930 1033 1163 1332 1595 2017],-0.03078221664527769,70.72459965423289,2.2144430837762434
1960,17,45,0,[   0  372  547  645  646  994  995 1033 1034 1115 1162 1332 1333 2017],0.0007825694654973272,70.5882627988758,1.965948412429687
1961,17,45,20,"[   0  260  372  514  541  620  648  780  887  930  973  995 1034 1115
 1162 1189 1309 1333 1484 1988 2017]",0.0007825694654973272,70.5882627988758,1.965948412429687
1962,17,45,40,[   0  372  514  620  780  887  930 1034 1115 1162 1309 1484 2017],0.0007825694654973272,70.5882627988758,1.965948412429687
1963,17,45,60,[   0  372  514  620  780  930 1034 1115 1309 2017],0.0007825694654973272,70.5882627988758,1.965948412429687
1964,17,46,0,"[   0  346  507  645  646  727  780  887  994  995 1033 1034 1115 1189
 1332 1333 2017]",-0.0026387582533568066,73.94549148958781,1.8500678625467548
1965,17,46,20,"[   0  346  455  507  630  727  780  887  994 1040 1115 1189 1332 1761
 1826 2017]",-0.0026387582533568066,73.94549148958781,1.8500678625467548
1966,17,46,40,"[   0  346  455  507  630  727  780  887  994 1040 1115 1189 1332 1761
 1826 2017]",-0.0026387582533568066,73.94549148958781,1.8500678625467548
1967,17,46,60,[   0  346  507  630  727  887 1040 1115 1189 1332 1761 1826 2017],-0.0026387582533568066,73.94549148958781,1.8500678625467548
1968,17,47,0,"[   0  389  507  645  646  727  780  887  994  995 1033 1034 1115 1162
 1332 1333 2017]",0.013534183258657238,72.35198740332467,2.1724498630689832
1969,17,47,20,"[   0  199  389  507  630  727  780  887  994 1040 1115 1162 1326 1446
 1826 2017]",0.013534183258657238,72.35198740332467,2.1724498630689832
1970,17,47,40,"[   0  199  389  507  630  727  780  887  994 1040 1115 1162 1326 1446
 1826 2017]",0.013534183258657238,72.35198740332467,2.1724498630689832
1971,17,47,60,[   0  199  389  507  630  727  887 1040 1162 1326 1826 2017],0.013534183258657238,72.35198740332467,2.1724498630689832
1972,17,48,0,"[   0  455  531  645  646  727  780  887  994  995 1033 1034 1129 1189
 1332 1333 2017]",-0.023220439168181076,74.96109502843768,2.13351448004098
1973,17,48,20,"[   0  199  389  455  494  531  602  630  727  780  887  994 1040 1077
 1129 1189 1332 1460 1996 2017]",-0.023220439168181076,74.96109502843768,2.13351448004098
1974,17,48,40,[   0  199  389  494  630  727  780  887  994 1040 1129 1189 1332 2017],-0.023220439168181076,74.96109502843768,2.13351448004098
1975,17,48,60,[   0  199  389  494  630  727  887 1040 1129 1332 2017],-0.023220439168181076,74.96109502843768,2.13351448004098
1976,17,49,0,"[   0  442  507  645  646  727  780  887  994  995 1033 1034 1115 1163
 1332 1333 2017]",-0.0024446737538411714,73.43002286926426,1.7701782683385257
1977,17,49,20,"[   0  199  442  507  594  630  698  727  780  887  973  995 1034 1115
 1163 1189 1332 1460 1988 2017]",-0.0024446737538411714,73.43002286926426,1.7701782683385257
1978,17,49,40,[   0  199  442  507  630  727  780  887 1034 1115 1163 1332 2017],-0.0024446737538411714,73.43002286926426,1.7701782683385257
1979,17,49,60,[   0  199  442  507  630  727  887 1034 1163 1332 2017],-0.0024446737538411714,73.43002286926426,1.7701782683385257
1980,17,50,0,"[   0  318  507  645  646  727  780  887  994  995 1033 1034 1115 1164
 1332 1333 2017]",-0.016791778278850353,74.84196747024279,1.7789213479857207
1981,17,50,20,"[   0  199  318  494  545  630  727  780  887  973  995 1034 1115 1164
 1189 1326 1460 1484 1996 2017]",-0.016791778278850353,74.84196747024279,1.7789213479857207
1982,17,50,40,"[   0  199  318  494  545  630  727  780  887 1034 1115 1164 1326 1484
 2017]",-0.016791778278850353,74.84196747024279,1.7789213479857207
1983,17,50,60,[   0  318  494  630  727  887 1034 1164 1326 2017],-0.016791778278850353,74.84196747024279,1.7789213479857207
1984,18,20,0,"[   0  346  547  645  646  721  780  843  994  995 1033 1034 1097 1098
 1174 1332 1333 2017]",-0.04072089481321193,59.61295059159126,2.370254943064199
1985,18,20,20,"[   0  346  453  532  645  693  721  780  843  994 1030 1067 1116 1174
 1332 1396 1761 1812 2017]",-0.04072089481321193,59.61295059159126,2.370254943064199
1986,18,20,40,"[   0  346  453  532  645  721  780  843 1030 1116 1174 1332 1396 1761
 1812 2017]",-0.04072089481321193,59.61295059159126,2.370254943064199
1987,18,20,60,[   0  346  453  532  645  780  843 1030 1174 1332 1396 1812 2017],-0.04072089481321193,59.61295059159126,2.370254943064199
1988,18,21,0,"[   0  372  572  645  646  727  780  843  994  995 1033 1034 1097 1098
 1174 1332 1333 2017]",-0.03612028481165154,56.91560080106909,3.5863005978539357
1989,18,21,20,"[   0  372  447  482  545  572  608  693  727  780  843  930  994 1034
 1107 1136 1174 1333 1761 1877 2017]",-0.03612028481165154,56.91560080106909,3.5863005978539357
1990,18,21,40,"[   0  372  482  572  646  727  780  843  930 1034 1107 1174 1333 1761
 1877 2017]",-0.03612028481165154,56.91560080106909,3.5863005978539357
1991,18,21,60,"[   0  372  482  572  646  780  843  930 1034 1107 1174 1333 1761 1877
 2017]",-0.03612028481165154,56.91560080106909,3.5863005978539357
1992,18,22,0,"[   0  372  572  645  646  941  994  995 1033 1034 1097 1098 1158 1332
 1333 2017]",-0.015554357276285487,58.076937106671274,2.8050098271663795
1993,18,22,20,"[   0   42  372  455  515  545  572  620  693  721  780  835  941  994
 1034 1107 1136 1158 1332 1396 1812 2017]",-0.015554357276285487,58.076937106671274,2.8050098271663795
1994,18,22,40,"[   0  372  455  515  572  620  721  780  835  941 1034 1107 1158 1332
 1396 1812 2017]",-0.015554357276285487,58.076937106671274,2.8050098271663795
1995,18,22,60,[   0  372  515  721  941 1034 1158 1332 1396 1812 2017],-0.015554357276285487,58.076937106671274,2.8050098271663795
1996,18,23,0,"[   0  372  545  645  646  931  994  995 1033 1034 1097 1098 1158 1332
 1333 2017]",-0.03534608908721384,58.93690803415074,3.094873339415001
1997,18,23,20,"[   0   42  372  455  550  622  693  721  789  833  931  994 1034 1114
 1136 1158 1271 1333 1746 1812 2017]",-0.03534608908721384,58.93690803415074,3.094873339415001
1998,18,23,40,"[   0   42  372  455  550  622  721  789  833  931 1034 1114 1158 1271
 1333 1746 1812 2017]",-0.03534608908721384,58.93690803415074,3.094873339415001
1999,18,23,60,[   0  372  455  550  622  721  789  931 1034 1114 1271 1746 1812 2017],-0.03534608908721384,58.93690803415074,3.094873339415001
2000,18,24,0,"[   0  372  515  645  646  943  994  995 1033 1034 1097 1098 1156 1332
 1333 2017]",-0.03915069052875414,59.08740383877043,3.1403149537702877
2001,18,24,20,"[   0   42  372  442  515  550  640  693  721  802  833  943  994 1034
 1114 1156 1271 1332 1396 1755 1812 2017]",-0.03915069052875414,59.08740383877043,3.1403149537702877
2002,18,24,40,"[   0   42  372  442  515  640  721  802  943 1034 1114 1156 1332 1396
 1755 1812 2017]",-0.03915069052875414,59.08740383877043,3.1403149537702877
2003,18,24,60,"[   0  372  442  515  640  721  802  943 1034 1114 1271 1332 1396 1812
 2017]",-0.03915069052875414,59.08740383877043,3.1403149537702877
2004,18,25,0,"[   0  350  541  542  645  646  931  994  995 1033 1034 1097 1098 1174
 1332 1333 2017]",-0.053631266601061836,57.67424585357973,2.2561196923128093
2005,18,25,20,"[   0  350  372  545  572  646  693  721  843  931  994 1041 1115 1174
 1246 1271 1326 1396 1755 1812 2017]",-0.053631266601061836,57.67424585357973,2.2561196923128093
2006,18,25,40,"[   0  350  572  646  721  843  931  994 1041 1115 1174 1326 1396 1755
 1812 2017]",-0.053631266601061836,57.67424585357973,2.2561196923128093
2007,18,25,60,[   0  350  572  721  931 1041 1115 1326 1396 1812 2017],-0.053631266601061836,57.67424585357973,2.2561196923128093
2008,18,26,0,"[   0  372  572  645  646  943  994  995 1033 1034 1097 1098 1174 1332
 1333 2017]",-0.03167864691884947,60.64279207323822,2.495573803099019
2009,18,26,20,"[   0   42  372  499  545  572  646  693  721  789  833  943  994 1033
 1067 1115 1174 1326 1396 1755 1812 1987 2017]",-0.03167864691884947,60.64279207323822,2.495573803099019
2010,18,26,40,"[   0  372  499  572  646  721  789  833  943 1033 1115 1174 1326 1396
 1755 1812 2017]",-0.03167864691884947,60.64279207323822,2.495573803099019
2011,18,26,60,"[   0  372  499  572  646  721  789  879  943 1033 1174 1326 1396 1812
 2017]",-0.03167864691884947,60.64279207323822,2.495573803099019
2012,18,27,0,"[   0  372  547  645  646  943  994  995 1033 1034 1115 1174 1332 1333
 2017]",-0.04026058024986552,62.354435604007016,2.5816723974969538
2013,18,27,20,"[   0   42  372  515  547  645  721  915  943  994 1034 1115 1174 1326
 1761 1812 1987 2017]",-0.04026058024986552,62.354435604007016,2.5816723974969538
2014,18,27,40,[   0  372  515  645  721  943 1034 1115 1174 1326 1761 1812 2017],-0.04026058024986552,62.354435604007016,2.5816723974969538
2015,18,27,60,[   0  372  515  645  721  943 1034 1174 1326 1812 2017],-0.04026058024986552,62.354435604007016,2.5816723974969538
2016,18,28,0,"[   0  350  541  542  645  646  931  994  995 1033 1034 1097 1098 1174
 1332 1333 2017]",-0.006305795230072221,63.948570135741114,2.240138162308218
2017,18,28,20,"[   0  199  350  507  541  645  690  721  931  957  994 1034 1115 1158
 1200 1326 1484 2017]",-0.006305795230072221,63.948570135741114,2.240138162308218
2018,18,28,40,[   0  350  507  645  721  931 1034 1115 1158 1200 1484 2017],-0.006305795230072221,63.948570135741114,2.240138162308218
2019,18,28,60,[   0  350  507  645  721  931 1034 1158 1326 2017],-0.006305795230072221,63.948570135741114,2.240138162308218
2020,18,29,0,"[   0  372  545  645  646  931  994  995 1033 1034 1097 1098 1174 1332
 1333 2017]",-0.026049189872084287,65.13161742260496,2.283760534386483
2021,18,29,20,"[   0  372  471  545  602  646  721  931  957  994 1041 1115 1136 1174
 1200 1326 1484 1987 2017]",-0.026049189872084287,65.13161742260496,2.283760534386483
2022,18,29,40,[   0  372  471  545  602  721  931  994 1041 1115 1174 1326 1484 2017],-0.026049189872084287,65.13161742260496,2.283760534386483
2023,18,29,60,[   0  372  545  721  931 1041 1115 1326 2017],-0.026049189872084287,65.13161742260496,2.283760534386483
2024,18,30,0,"[   0  372  541  542  645  646  931  994  995 1033 1034 1115 1174 1332
 1333 2017]",-0.025195137578122487,63.487243071061194,2.1133584897266604
2025,18,30,20,"[   0  372  515  582  620  698  721  931  994 1046 1085 1115 1174 1326
 1484 1987 2017]",-0.025195137578122487,63.487243071061194,2.1133584897266604
2026,18,30,40,[   0  372  515  620  721  931  994 1046 1115 1174 1326 2017],-0.025195137578122487,63.487243071061194,2.1133584897266604
2027,18,30,60,[   0  372  515  620  721  931 1046 1115 1326 2017],-0.025195137578122487,63.487243071061194,2.1133584897266604
2028,18,31,0,"[   0  372  515  645  646  941  994  995 1033 1034 1097 1098 1115 1200
 1332 1333 2017]",-0.03153886781611475,65.49476183887012,2.4375591940028434
2029,18,31,20,"[   0  372  447  515  545  620  646  698  721  915  941  994 1041 1115
 1149 1200 1275 1333 1761 1812 2017]",-0.03153886781611475,65.49476183887012,2.4375591940028434
2030,18,31,40,"[   0  372  447  515  620  721  941  994 1041 1115 1200 1275 1333 1761
 1812 2017]",-0.03153886781611475,65.49476183887012,2.4375591940028434
2031,18,31,60,[   0  372  447  515  620  721  941 1041 1115 1200 1484 1812 2017],-0.03153886781611475,65.49476183887012,2.4375591940028434
2032,18,32,0,"[   0  346  547  645  646  915  994  995 1033 1034 1097 1098 1115 1200
 1332 1333 2017]",-0.02253549815985746,65.60014725226878,1.923563235030583
2033,18,32,20,"[   0  346  372  447  545  572  620  646  698  727  835  915  994 1041
 1115 1148 1200 1275 1333 1484 1987 2017]",-0.02253549815985746,65.60014725226878,1.923563235030583
2034,18,32,40,"[   0  346  447  572  620  727  835  915  994 1041 1115 1200 1275 1484
 2017]",-0.02253549815985746,65.60014725226878,1.923563235030583
2035,18,32,60,[   0  346  447  572  727  915 1041 1115 1200 1484 2017],-0.02253549815985746,65.60014725226878,1.923563235030583
2036,18,33,0,"[   0  447  547  645  646  915  994  995 1033 1034 1097 1098 1115 1200
 1332 1333 2017]",-0.0018216873409990526,68.67971171659165,1.7953772368343333
2037,18,33,20,"[   0   54  199  447  499  547  572  620  646  698  721  852  915  994
 1041 1115 1149 1200 1275 1333 1484 1988 2017]",-0.0018216873409990526,68.67971171659165,1.7953772368343333
2038,18,33,40,"[   0   54  199  447  499  572  620  721  852  915  994 1041 1115 1200
 1275 1484 2017]",-0.0018216873409990526,68.67971171659165,1.7953772368343333
2039,18,33,60,[   0  199  447  572  721  915 1041 1115 1200 1484 2017],-0.0018216873409990526,68.67971171659165,1.7953772368343333
2040,18,34,0,"[   0  350  515  645  646  915  994  995 1033 1034 1097 1098 1158 1332
 1333 2017]",-0.016971989849863436,67.41881575837463,2.2203638884047048
2041,18,34,20,"[   0  187  350  515  602  646  721  744  852  915  994 1016 1041 1115
 1158 1275 1484 1988 2017]",-0.016971989849863436,67.41881575837463,2.2203638884047048
2042,18,34,40,[   0  187  350  515  602  721  852  915 1041 1115 1158 1275 1484 2017],-0.016971989849863436,67.41881575837463,2.2203638884047048
2043,18,34,60,[   0  350  515  602  721  915 1041 1115 1275 1484 2017],-0.016971989849863436,67.41881575837463,2.2203638884047048
2044,18,35,0,"[   0  350  572  645  646  930  994  995 1033 1034 1097 1098 1163 1332
 1333 2017]",-0.004451208117001127,66.31756793266516,2.4792141942781907
2045,18,35,20,"[   0  187  350  507  545  572  602  646  721  744  852  930  994 1041
 1115 1136 1163 1206 1275 1333 1484 1988 2017]",-0.004451208117001127,66.31756793266516,2.4792141942781907
2046,18,35,40,"[   0  187  350  507  572  646  721  852  930  994 1041 1115 1163 1206
 1275 1484 2017]",-0.004451208117001127,66.31756793266516,2.4792141942781907
2047,18,35,60,[   0  187  350  507  572  646  721  852  930 1041 1115 1275 1484 2017],-0.004451208117001127,66.31756793266516,2.4792141942781907
2048,18,36,0,"[   0  447  507  645  646  721  780  887  994  995 1033 1034 1097 1098
 1115 1158 1332 1333 2017]",-0.0011244474120065528,68.04590332714041,2.293696626249181
2049,18,36,20,"[   0  187  389  447  507  602  646  721  780  887  915  995 1041 1115
 1158 1275 1332 1382 1484 1988 2017]",-0.0011244474120065528,68.04590332714041,2.293696626249181
2050,18,36,40,"[   0  187  389  447  507  602  721  780  915  995 1041 1115 1158 1275
 1332 1382 1484 2017]",-0.0011244474120065528,68.04590332714041,2.293696626249181
2051,18,36,60,[   0  187  447  602  721  915 1041 1115 1275 1382 2017],-0.0011244474120065528,68.04590332714041,2.293696626249181
2052,18,37,0,"[   0  455  503  645  646  780  843  994  995 1033 1034 1097 1098 1158
 1332 1333 2017]",0.005956711896752431,68.23357410263274,1.8011910743468325
2053,18,37,20,"[   0  187  455  503  567  620  646  698  755  780  843  915  994 1041
 1115 1158 1275 1333 1988 2017]",0.005956711896752431,68.23357410263274,1.8011910743468325
2054,18,37,40,"[   0  187  455  503  567  620  698  780  843  915  994 1041 1115 1158
 1275 1333 2017]",0.005956711896752431,68.23357410263274,1.8011910743468325
2055,18,37,60,[   0  187  455  567  698  780  843  915 1041 1115 1275 2017],0.005956711896752431,68.23357410263274,1.8011910743468325
2056,18,38,0,"[   0  350  499  645  646  780  852  994  995 1033 1034 1097 1098 1158
 1332 1333 2017]",-0.017831441694467397,69.33538350850876,2.2156775920968332
2057,18,38,20,"[   0  187  350  455  499  545  620  646  704  755  780  852  973  995
 1046 1067 1115 1158 1275 1333 1761 1988 2017]",-0.017831441694467397,69.33538350850876,2.2156775920968332
2058,18,38,40,"[   0  187  350  455  499  545  620  704  780  852  973 1046 1115 1158
 1275 1333 1761 2017]",-0.017831441694467397,69.33538350850876,2.2156775920968332
2059,18,38,60,[   0  350  455  545  620  704  780  852 1046 1115 1275 1761 2017],-0.017831441694467397,69.33538350850876,2.2156775920968332
2060,18,39,0,"[   0  389  547  645  646  873  994  995 1033 1034 1097 1098 1158 1332
 1333 2017]",-0.011576319824253486,67.19267688407612,2.2443880311117095
2061,18,39,20,"[   0  201  389  507  547  602  646  704  755  780  873  915  994 1015
 1040 1114 1158 1193 1332 1484 1761 1812 2017]",-0.011576319824253486,67.19267688407612,2.2443880311117095
2062,18,39,40,"[   0  201  389  507  602  704  780  873  915 1040 1114 1158 1332 1761
 1812 2017]",-0.011576319824253486,67.19267688407612,2.2443880311117095
2063,18,39,60,[   0  201  389  507  602  704  780  873 1040 1158 1332 1812 2017],-0.011576319824253486,67.19267688407612,2.2443880311117095
2064,18,40,0,"[   0  346  572  645  646  724  780  870  994  995 1033 1034 1163 1332
 1333 2017]",-0.002894085626074969,65.85442695292235,2.51027253722822
2065,18,40,20,"[   0  173  346  455  499  545  572  620  646  698  724  780  870  915
  994 1033 1063 1085 1163 1328 1761 2017]",-0.002894085626074969,65.85442695292235,2.51027253722822
2066,18,40,40,"[   0  173  346  455  499  572  620  724  780  870  915 1033 1085 1163
 1328 1761 2017]",-0.002894085626074969,65.85442695292235,2.51027253722822
2067,18,40,60,[   0  346  455  572  724  870 1033 1163 1328 1761 2017],-0.002894085626074969,65.85442695292235,2.51027253722822
2068,18,41,0,[   0  346  507  645  646  994  995 1033 1034 1115 1163 1332 1333 2017],-0.037982462595689714,64.96100051080035,2.2654863122182975
2069,18,41,20,"[   0  346  455  507  547  693  720  780  852  973  995 1034 1115 1163
 1332 1761 1826 2017]",-0.037982462595689714,64.96100051080035,2.2654863122182975
2070,18,41,40,"[   0  346  455  507  645  720  780  852  973 1034 1115 1163 1332 1761
 1826 2017]",-0.037982462595689714,64.96100051080035,2.2654863122182975
2071,18,41,60,[   0  346  507  645  780  852  973 1034 1115 1245 1332 1761 1826 2017],-0.037982462595689714,64.96100051080035,2.2654863122182975
2072,18,42,0,[   0  372  541  645  646  994  995 1033 1034 1115 1163 1332 1333 2017],-0.03974057979757751,64.26805566410975,2.2935722841385386
2073,18,42,20,"[   0  372  518  620  646  716  780  852  919  994 1034 1115 1163 1187
 1332 1761 1826 2017]",-0.03974057979757751,64.26805566410975,2.2935722841385386
2074,18,42,40,"[   0  372  518  620  716  780  852  919 1034 1115 1163 1332 1761 1826
 2017]",-0.03974057979757751,64.26805566410975,2.2935722841385386
2075,18,42,60,[   0  372  518  620  716  780  852  919 1034 1163 1332 1761 1826 2017],-0.03974057979757751,64.26805566410975,2.2935722841385386
2076,18,43,0,"[   0  389  547  645  646  780  852  994  995 1033 1034 1097 1098 1187
 1332 1333 2017]",0.01133709731394537,69.08682113225031,1.8858308217156445
2077,18,43,20,"[   0  199  389  547  572  620  646  704  755  780  852  915  994 1041
 1085 1187 1333 1761 1826 2017]",0.01133709731394537,69.08682113225031,1.8858308217156445
2078,18,43,40,"[   0  199  389  572  620  704  780  852  915  994 1041 1085 1187 1333
 1761 1826 2017]",0.01133709731394537,69.08682113225031,1.8858308217156445
2079,18,43,60,"[   0  199  389  572  704  780  852  915  994 1085 1187 1333 1761 1826
 2017]",0.01133709731394537,69.08682113225031,1.8858308217156445
2080,18,44,0,"[   0  455  547  645  646  930  994  995 1033 1034 1115 1163 1332 1333
 2017]",-0.026763761607762584,69.71191719696091,2.2439455727752184
2081,18,44,20,"[   0  199  389  455  503  547  592  646  715  755  780  887  930  994
 1041 1085 1115 1163 1189 1332 1484 1595 2017]",-0.026763761607762584,69.71191719696091,2.2439455727752184
2082,18,44,40,"[   0  199  389  455  503  547  592  646  715  780  887  930  994 1041
 1115 1163 1332 1484 1595 2017]",-0.026763761607762584,69.71191719696091,2.2439455727752184
2083,18,44,60,[   0  199  389  503  592  715  780  930 1041 1115 1332 1595 2017],-0.026763761607762584,69.71191719696091,2.2439455727752184
2084,18,45,0,[   0  372  547  645  646  994  995 1033 1034 1115 1162 1332 1333 2017],0.002385127282171339,69.2579535714313,1.9323604795623308
2085,18,45,20,"[   0  260  372  514  541  620  648  704  755  780  887  930  973  995
 1034 1115 1162 1189 1309 1333 1484 1988 2017]",0.002385127282171339,69.2579535714313,1.9323604795623308
2086,18,45,40,[   0  372  514  620  704  780  887  930 1034 1115 1162 1309 1484 2017],0.002385127282171339,69.2579535714313,1.9323604795623308
2087,18,45,60,[   0  372  514  620  704  780  930 1034 1115 1309 2017],0.002385127282171339,69.2579535714313,1.9323604795623308
2088,18,46,0,"[   0  346  507  645  646  727  780  887  994  995 1033 1034 1115 1189
 1332 1333 2017]",0.001484959908156835,72.58830521385158,1.8825293308439046
2089,18,46,20,"[   0  201  346  455  507  630  727  780  887  994 1040 1115 1148 1189
 1332 1446 1761 1826 2017]",0.001484959908156835,72.58830521385158,1.8825293308439046
2090,18,46,40,"[   0  346  455  507  630  727  780  887  994 1040 1115 1189 1332 1761
 1826 2017]",0.001484959908156835,72.58830521385158,1.8825293308439046
2091,18,46,60,[   0  346  507  630  727  887 1040 1115 1189 1332 1761 1826 2017],0.001484959908156835,72.58830521385158,1.8825293308439046
2092,18,47,0,"[   0  389  507  645  646  727  780  887  994  995 1033 1034 1115 1162
 1332 1333 2017]",0.014839800872805219,70.84373857735793,2.1316922907351907
2093,18,47,20,"[   0  199  389  507  630  704  727  780  887  994 1040 1115 1162 1326
 1446 1826 2017]",0.014839800872805219,70.84373857735793,2.1316922907351907
2094,18,47,40,"[   0  199  389  507  630  727  780  887  994 1040 1115 1162 1326 1446
 1826 2017]",0.014839800872805219,70.84373857735793,2.1316922907351907
2095,18,47,60,[   0  199  389  507  630  727  887 1040 1162 1326 1826 2017],0.014839800872805219,70.84373857735793,2.1316922907351907
2096,18,48,0,"[   0  455  531  645  646  727  780  887  994  995 1033 1034 1129 1189
 1332 1333 2017]",-0.0208832087561162,73.50119720810828,2.10769256044597
2097,18,48,20,"[   0  199  389  455  494  531  602  630  727  780  887  994 1051 1077
 1129 1189 1332 1460 1996 2017]",-0.0208832087561162,73.50119720810828,2.10769256044597
2098,18,48,40,[   0  199  389  494  630  727  780  887  994 1051 1129 1189 1332 2017],-0.0208832087561162,73.50119720810828,2.10769256044597
2099,18,48,60,[   0  199  389  494  630  727  887 1051 1129 1332 2017],-0.0208832087561162,73.50119720810828,2.10769256044597
2100,18,49,0,"[   0  442  507  645  646  727  780  852  994  995 1033 1034 1115 1163
 1332 1333 2017]",-0.002921242815021197,72.11390879440295,1.8839693233491641
2101,18,49,20,"[   0  199  442  507  594  630  698  727  780  852  887  973  995 1034
 1115 1163 1189 1332 1460 1988 2017]",-0.002921242815021197,72.11390879440295,1.8839693233491641
2102,18,49,40,[   0  199  442  507  630  727  780  852 1034 1115 1163 1332 2017],-0.002921242815021197,72.11390879440295,1.8839693233491641
2103,18,49,60,[   0  199  442  507  630  780  852 1034 1163 1332 2017],-0.002921242815021197,72.11390879440295,1.8839693233491641
2104,18,50,0,"[   0  318  507  645  646  727  780  887  994  995 1033 1034 1115 1171
 1332 1333 2017]",-0.012952517144551576,73.53469582122003,1.8142949926078655
2105,18,50,20,"[   0  199  318  494  545  630  727  780  887  973  995 1040 1115 1164
 1189 1326 1460 1484 1996 2017]",-0.012952517144551576,73.53469582122003,1.8142949926078655
2106,18,50,40,"[   0  199  318  494  545  630  727  780  887  995 1040 1115 1164 1326
 1484 2017]",-0.012952517144551576,73.53469582122003,1.8142949926078655
2107,18,50,60,[   0  318  494  630  727  887 1040 1164 1326 2017],-0.012952517144551576,73.53469582122003,1.8142949926078655
2108,19,20,0,"[   0  346  541  542  645  646  721  780  843  994  995 1033 1034 1097
 1098 1174 1332 1333 2017]",-0.040329435810824404,58.54572747931945,2.306739248213734
2109,19,20,20,"[   0  346  453  532  645  693  721  780  843  994 1030 1067 1116 1174
 1332 1396 1761 1812 2017]",-0.040329435810824404,58.54572747931945,2.306739248213734
2110,19,20,40,"[   0  346  453  532  645  721  780  843 1030 1116 1174 1332 1396 1761
 1812 2017]",-0.040329435810824404,58.54572747931945,2.306739248213734
2111,19,20,60,[   0  346  453  532  645  780  843 1030 1174 1332 1396 1812 2017],-0.040329435810824404,58.54572747931945,2.306739248213734
2112,19,21,0,"[   0  372  547  645  646  727  780  843  994  995 1033 1034 1097 1098
 1174 1332 1333 2017]",-0.035309181788767297,55.86574563429664,3.4438740952799343
2113,19,21,20,"[   0  372  447  482  532  572  608  693  727  780  843  930  994 1034
 1107 1136 1174 1333 1761 1877 2017]",-0.035309181788767297,55.86574563429664,3.4438740952799343
2114,19,21,40,"[   0  372  447  572  646  727  780  843  930 1034 1107 1174 1333 1761
 1877 2017]",-0.035309181788767297,55.86574563429664,3.4438740952799343
2115,19,21,60,"[   0  372  447  572  646  780  843  930 1034 1107 1174 1333 1761 1877
 2017]",-0.035309181788767297,55.86574563429664,3.4438740952799343
2116,19,22,0,"[   0  372  547  645  646  941  994  995 1033 1034 1097 1098 1158 1332
 1333 2017]",-0.014798830135014093,57.05139304062596,2.6961879820379586
2117,19,22,20,"[   0   42  372  455  515  547  572  620  693  721  780  835  941  994
 1034 1107 1136 1158 1332 1396 1812 2017]",-0.014798830135014093,57.05139304062596,2.6961879820379586
2118,19,22,40,"[   0  372  455  515  572  620  721  780  835  941 1034 1107 1158 1332
 1396 1812 2017]",-0.014798830135014093,57.05139304062596,2.6961879820379586
2119,19,22,60,[   0  372  515  721  941 1034 1158 1332 1396 1812 2017],-0.014798830135014093,57.05139304062596,2.6961879820379586
2120,19,23,0,"[   0  372  547  645  646  931  994  995 1033 1034 1097 1098 1158 1332
 1333 2017]",-0.03455447704986103,57.85823878343055,2.9701114528981463
2121,19,23,20,"[   0   42  372  455  532  622  693  721  789  833  931  994 1034 1114
 1136 1158 1271 1333 1746 1812 2017]",-0.03455447704986103,57.85823878343055,2.9701114528981463
2122,19,23,40,"[   0   42  372  455  532  622  721  789  833  931 1034 1114 1158 1271
 1333 1746 1812 2017]",-0.03455447704986103,57.85823878343055,2.9701114528981463
2123,19,23,60,[   0  372  455  532  622  721  789  931 1034 1114 1271 1746 1812 2017],-0.03455447704986103,57.85823878343055,2.9701114528981463
2124,19,24,0,"[   0  372  547  645  646  943  994  995 1033 1034 1097 1098 1156 1332
 1333 2017]",-0.038374642298835936,58.027699861287815,3.01216486673078
2125,19,24,20,"[   0   42  372  442  515  550  640  693  721  802  833  943  994 1034
 1114 1156 1271 1332 1396 1755 1812 2017]",-0.038374642298835936,58.027699861287815,3.01216486673078
2126,19,24,40,"[   0   42  372  442  515  640  721  802  943 1034 1114 1156 1332 1396
 1755 1812 2017]",-0.038374642298835936,58.027699861287815,3.01216486673078
2127,19,24,60,"[   0  372  442  515  640  721  802  943 1034 1114 1271 1332 1396 1812
 2017]",-0.038374642298835936,58.027699861287815,3.01216486673078
2128,19,25,0,"[   0  350  541  542  645  646  931  994  995 1033 1034 1097 1098 1174
 1332 1333 2017]",-0.05159940925927631,56.75669860079069,2.2108486655056616
2129,19,25,20,"[   0  350  372  545  572  620  646  693  721  843  931  994 1041 1115
 1174 1246 1271 1326 1396 1755 1812 2017]",-0.05159940925927631,56.75669860079069,2.2108486655056616
2130,19,25,40,"[   0  350  572  620  721  843  931  994 1041 1115 1174 1326 1396 1755
 1812 2017]",-0.05159940925927631,56.75669860079069,2.2108486655056616
2131,19,25,60,[   0  350  572  721  931 1041 1115 1326 1396 1812 2017],-0.05159940925927631,56.75669860079069,2.2108486655056616
2132,19,26,0,"[   0  372  541  542  645  646  943  994  995 1033 1034 1097 1098 1174
 1332 1333 2017]",-0.031203773643609163,59.67857542975804,2.3899772496902343
2133,19,26,20,"[   0   42  372  499  545  572  646  693  721  789  833  943  994 1033
 1067 1115 1174 1326 1396 1755 1812 1987 2017]",-0.031203773643609163,59.67857542975804,2.3899772496902343
2134,19,26,40,"[   0  372  499  572  646  721  789  833  943 1033 1115 1174 1326 1396
 1755 1812 2017]",-0.031203773643609163,59.67857542975804,2.3899772496902343
2135,19,26,60,"[   0  372  499  572  646  721  789  879  943 1033 1174 1326 1396 1812
 2017]",-0.031203773643609163,59.67857542975804,2.3899772496902343
2136,19,27,0,"[   0  372  547  645  646  943  994  995 1033 1034 1097 1098 1174 1332
 1333 2017]",-0.03979224967721554,61.156055454819935,2.4500777904430664
2137,19,27,20,"[   0   42  372  515  547  645  721  915  943  994 1034 1115 1174 1326
 1761 1812 1987 2017]",-0.03979224967721554,61.156055454819935,2.4500777904430664
2138,19,27,40,[   0  372  515  645  721  943 1034 1115 1174 1326 1761 1812 2017],-0.03979224967721554,61.156055454819935,2.4500777904430664
2139,19,27,60,[   0  372  515  645  721  943 1034 1174 1326 1812 2017],-0.03979224967721554,61.156055454819935,2.4500777904430664
2140,19,28,0,"[   0  350  541  542  645  646  931  994  995 1033 1034 1097 1098 1174
 1332 1333 2017]",-0.006071303769572361,62.71346285205382,2.1880849807681604
2141,19,28,20,"[   0  199  350  507  547  645  690  721  931  957  994 1034 1115 1158
 1200 1326 1484 2017]",-0.006071303769572361,62.71346285205382,2.1880849807681604
2142,19,28,40,[   0  350  507  645  721  931 1034 1115 1158 1200 1484 2017],-0.006071303769572361,62.71346285205382,2.1880849807681604
2143,19,28,60,[   0  350  507  645  721  931 1034 1158 1326 2017],-0.006071303769572361,62.71346285205382,2.1880849807681604
2144,19,29,0,"[   0  372  541  542  645  646  931  994  995 1033 1034 1097 1098 1174
 1332 1333 2017]",-0.025329083899317997,64.01105415670419,2.1906924998634936
2145,19,29,20,"[   0  372  471  545  602  646  721  931  957  994 1041 1115 1136 1174
 1200 1326 1484 1987 2017]",-0.025329083899317997,64.01105415670419,2.1906924998634936
2146,19,29,40,[   0  372  471  545  602  721  931  994 1041 1115 1174 1326 1484 2017],-0.025329083899317997,64.01105415670419,2.1906924998634936
2147,19,29,60,[   0  372  545  721  931 1041 1115 1326 2017],-0.025329083899317997,64.01105415670419,2.1906924998634936
2148,19,30,0,"[   0  372  541  542  645  646  931  994  995 1033 1034 1115 1174 1332
 1333 2017]",-0.03495115917267584,62.30681567555703,2.0340286327849477
2149,19,30,20,"[   0  372  474  515  582  620  646  698  721  931  994 1046 1085 1115
 1174 1326 1484 1987 2017]",-0.03495115917267584,62.30681567555703,2.0340286327849477
2150,19,30,40,[   0  372  474  515  620  721  931  994 1046 1115 1174 1326 1484 2017],-0.03495115917267584,62.30681567555703,2.0340286327849477
2151,19,30,60,[   0  372  515  620  721  931 1046 1115 1326 2017],-0.03495115917267584,62.30681567555703,2.0340286327849477
2152,19,31,0,"[   0  372  547  645  646  941  994  995 1033 1034 1097 1098 1115 1200
 1332 1333 2017]",-0.03306932060214233,64.21578054144292,2.3733513144937257
2153,19,31,20,"[   0  372  447  515  620  646  698  721  915  941  994 1041 1115 1149
 1200 1275 1333 1761 1812 2017]",-0.03306932060214233,64.21578054144292,2.3733513144937257
2154,19,31,40,"[   0  372  447  515  620  721  941  994 1041 1115 1200 1275 1333 1761
 1812 2017]",-0.03306932060214233,64.21578054144292,2.3733513144937257
2155,19,31,60,[   0  372  447  515  620  721  941 1041 1115 1200 1484 1812 2017],-0.03306932060214233,64.21578054144292,2.3733513144937257
2156,19,32,0,"[   0  346  547  645  646  915  994  995 1033 1034 1097 1098 1115 1200
 1332 1333 2017]",-0.018416790222529802,64.25976087787375,1.9594822479562124
2157,19,32,20,"[   0  346  372  447  545  572  620  646  698  727  835  915  994 1041
 1115 1148 1200 1275 1333 1484 1987 2017]",-0.018416790222529802,64.25976087787375,1.9594822479562124
2158,19,32,40,"[   0  346  447  572  620  727  835  915  994 1041 1115 1200 1275 1484
 2017]",-0.018416790222529802,64.25976087787375,1.9594822479562124
2159,19,32,60,[   0  346  447  572  727  915 1041 1115 1200 1484 2017],-0.018416790222529802,64.25976087787375,1.9594822479562124
2160,19,33,0,"[   0  447  547  645  646  915  994  995 1033 1034 1097 1098 1115 1200
 1332 1333 2017]",0.0008370786082412127,66.88084398624328,2.212318507970695
2161,19,33,20,"[   0   54  199  447  499  547  572  620  646  690  721  852  915  994
 1041 1115 1149 1200 1275 1333 1484 1988 2017]",0.0008370786082412127,66.88084398624328,2.212318507970695
2162,19,33,40,"[   0   54  199  447  499  572  620  721  852  915  994 1041 1115 1200
 1275 1484 2017]",0.0008370786082412127,66.88084398624328,2.212318507970695
2163,19,33,60,[   0  199  447  572  721  915 1041 1115 1200 1484 2017],0.0008370786082412127,66.88084398624328,2.212318507970695
2164,19,34,0,"[   0  350  507  645  646  915  994  995 1033 1034 1097 1098 1158 1332
 1333 2017]",-0.015233574433712361,66.19731233097001,2.1750784564632624
2165,19,34,20,"[   0  187  350  474  507  545  602  646  721  744  852  915  994 1016
 1041 1115 1158 1275 1333 1484 1988 2017]",-0.015233574433712361,66.19731233097001,2.1750784564632624
2166,19,34,40,"[   0  187  350  474  545  602  646  721  852  915 1041 1115 1158 1275
 1484 2017]",-0.015233574433712361,66.19731233097001,2.1750784564632624
2167,19,34,60,[   0  187  350  474  545  721  852  915 1041 1115 1275 1484 2017],-0.015233574433712361,66.19731233097001,2.1750784564632624
2168,19,35,0,"[   0  350  507  645  646  930  994  995 1033 1034 1097 1098 1163 1332
 1333 2017]",-0.002169531791578247,65.16265477874107,2.495600064610529
2169,19,35,20,"[   0  187  350  455  507  545  572  602  646  721  744  852  930  994
 1041 1115 1136 1163 1206 1275 1333 1484 1988 2017]",-0.002169531791578247,65.16265477874107,2.495600064610529
2170,19,35,40,"[   0  187  350  455  507  572  646  721  852  930  994 1041 1115 1163
 1206 1275 1484 2017]",-0.002169531791578247,65.16265477874107,2.495600064610529
2171,19,35,60,[   0  187  350  507  572  646  721  852  930 1041 1115 1275 1484 2017],-0.002169531791578247,65.16265477874107,2.495600064610529
2172,19,36,0,"[   0  447  507  645  646  721  780  843  994  995 1033 1034 1097 1098
 1158 1332 1333 2017]",-0.00015013335089819954,66.67657239897112,2.248786234384128
2173,19,36,20,"[   0  187  389  447  507  602  721  780  843  915  995 1041 1115 1158
 1275 1332 1382 1484 1988 2017]",-0.00015013335089819954,66.67657239897112,2.248786234384128
2174,19,36,40,"[   0  187  389  447  507  602  721  780  843  915  995 1041 1115 1158
 1275 1332 1382 1484 2017]",-0.00015013335089819954,66.67657239897112,2.248786234384128
2175,19,36,60,[   0  187  447  602  780  843  915 1041 1115 1275 1382 2017],-0.00015013335089819954,66.67657239897112,2.248786234384128
2176,19,37,0,"[   0  455  503  645  646  780  843  994  995 1033 1034 1097 1098 1158
 1332 1333 2017]",0.0037090332842839926,66.87569363710068,1.7745255123668204
2177,19,37,20,"[   0  187  455  503  567  620  646  698  755  780  843  915  994 1041
 1115 1158 1275 1333 1988 2017]",0.0037090332842839926,66.87569363710068,1.7745255123668204
2178,19,37,40,"[   0  187  455  503  567  620  698  780  843  915  994 1041 1115 1158
 1275 1333 2017]",0.0037090332842839926,66.87569363710068,1.7745255123668204
2179,19,37,60,[   0  187  455  567  698  780  843  915 1041 1115 1275 2017],0.0037090332842839926,66.87569363710068,1.7745255123668204
2180,19,38,0,"[   0  350  499  645  646  780  852  994  995 1033 1034 1097 1098 1158
 1332 1333 2017]",-0.01730620904992652,67.9653026613463,2.174809616155945
2181,19,38,20,"[   0  187  350  455  499  545  620  646  704  755  780  852  973  995
 1046 1067 1115 1158 1275 1333 1761 1988 2017]",-0.01730620904992652,67.9653026613463,2.174809616155945
2182,19,38,40,"[   0  187  350  455  499  545  620  704  780  852  973 1046 1115 1158
 1275 1333 1761 2017]",-0.01730620904992652,67.9653026613463,2.174809616155945
2183,19,38,60,[   0  350  455  545  620  704  780  852 1046 1115 1275 1761 2017],-0.01730620904992652,67.9653026613463,2.174809616155945
2184,19,39,0,"[   0  389  547  645  646  873  994  995 1033 1034 1097 1098 1158 1332
 1333 2017]",-0.008571679324550193,65.99723416256776,2.220188646991686
2185,19,39,20,"[   0  201  389  507  547  602  646  704  755  780  873  915  994 1015
 1040 1114 1158 1193 1333 1761 1812 2017]",-0.008571679324550193,65.99723416256776,2.220188646991686
2186,19,39,40,"[   0  201  389  507  602  646  704  780  873  915 1040 1114 1158 1259
 1333 1761 1812 2017]",-0.008571679324550193,65.99723416256776,2.220188646991686
2187,19,39,60,[   0  201  389  507  602  704  780  873 1040 1114 1259 1484 1812 2017],-0.008571679324550193,65.99723416256776,2.220188646991686
2188,19,40,0,"[   0  346  572  645  646  724  780  870  994  995 1033 1034 1097 1098
 1163 1332 1333 2017]",-0.0016939593175389683,64.77703952374786,2.4016779292698645
2189,19,40,20,"[   0  173  346  455  499  545  572  620  646  698  724  780  870  915
  994 1033 1063 1085 1163 1328 1761 2017]",-0.0016939593175389683,64.77703952374786,2.4016779292698645
2190,19,40,40,"[   0  173  346  455  499  572  620  724  780  870  915 1033 1085 1163
 1328 1761 2017]",-0.0016939593175389683,64.77703952374786,2.4016779292698645
2191,19,40,60,[   0  346  455  572  724  870 1033 1163 1328 1761 2017],-0.0016939593175389683,64.77703952374786,2.4016779292698645
2192,19,41,0,[   0  346  503  645  646  994  995 1033 1034 1115 1163 1332 1333 2017],-0.03410831617147752,64.10003001558415,2.2898238454971356
2193,19,41,20,"[   0  346  372  455  507  547  572  646  693  720  780  852  919  973
  995 1034 1115 1163 1332 1761 1826 2017]",-0.03410831617147752,64.10003001558415,2.2898238454971356
2194,19,41,40,"[   0  346  455  507  572  646  720  780  852  919 1034 1115 1163 1332
 1761 1826 2017]",-0.03410831617147752,64.10003001558415,2.2898238454971356
2195,19,41,60,"[   0  346  507  572  646  780  852  919 1034 1115 1245 1332 1761 1826
 2017]",-0.03410831617147752,64.10003001558415,2.2898238454971356
2196,19,42,0,[   0  372  541  645  646  994  995 1033 1034 1115 1163 1332 1333 2017],-0.036019825537030425,63.408649693372546,2.3184028397364123
2197,19,42,20,"[   0  372  518  620  646  716  780  852  919  994 1051 1085 1115 1163
 1187 1332 1761 1826 2017]",-0.036019825537030425,63.408649693372546,2.3184028397364123
2198,19,42,40,"[   0  372  518  620  716  780  852  919  994 1051 1115 1163 1332 1761
 1826 2017]",-0.036019825537030425,63.408649693372546,2.3184028397364123
2199,19,42,60,[   0  372  518  620  716  780  852  919 1051 1163 1332 1761 1826 2017],-0.036019825537030425,63.408649693372546,2.3184028397364123
2200,19,43,0,"[   0  389  547  645  646  780  852  994  995 1033 1034 1097 1098 1163
 1332 1333 2017]",-0.0161846587528492,66.37790105089556,2.2366359688486326
2201,19,43,20,"[   0  199  389  547  572  620  646  704  755  780  852  915  994 1041
 1085 1163 1187 1332 1484 1761 1826 2017]",-0.0161846587528492,66.37790105089556,2.2366359688486326
2202,19,43,40,"[   0  199  389  572  620  704  780  852  915  994 1041 1085 1163 1332
 1761 1826 2017]",-0.0161846587528492,66.37790105089556,2.2366359688486326
2203,19,43,60,"[   0  199  389  572  704  780  852  915  994 1085 1163 1332 1761 1826
 2017]",-0.0161846587528492,66.37790105089556,2.2366359688486326
2204,19,44,0,"[   0  455  547  645  646  930  994  995 1033 1034 1115 1163 1332 1333
 2017]",-0.024165618533228996,68.6170208163048,2.1281539805790883
2205,19,44,20,"[   0  199  389  455  503  547  572  646  715  755  780  887  930  994
 1041 1085 1115 1163 1189 1332 1484 1595 2017]",-0.024165618533228996,68.6170208163048,2.1281539805790883
2206,19,44,40,"[   0  199  389  455  503  572  646  715  780  887  930  994 1041 1115
 1163 1332 1484 1595 2017]",-0.024165618533228996,68.6170208163048,2.1281539805790883
2207,19,44,60,[   0  199  389  503  572  646  715  780  930 1041 1115 1332 1595 2017],-0.024165618533228996,68.6170208163048,2.1281539805790883
2208,19,45,0,[   0  372  547  645  646  994  995 1033 1034 1115 1162 1332 1333 2017],0.004470232514256888,68.09868512586773,1.9279370047446545
2209,19,45,20,"[   0  260  372  514  541  620  648  704  755  780  887  930  973  995
 1051 1115 1162 1189 1309 1333 1484 1988 2017]",0.004470232514256888,68.09868512586773,1.9279370047446545
2210,19,45,40,"[   0  372  514  620  704  780  887  930  995 1051 1115 1162 1309 1484
 2017]",0.004470232514256888,68.09868512586773,1.9279370047446545
2211,19,45,60,[   0  372  514  704  780  930 1051 1115 1309 2017],0.004470232514256888,68.09868512586773,1.9279370047446545
2212,19,46,0,"[   0  346  507  645  646  727  780  887  994  995 1033 1034 1115 1189
 1332 1333 2017]",0.004186874404718382,71.6003822249125,1.8670506600316294
2213,19,46,20,"[   0  201  346  455  507  602  630  704  727  780  887  994 1040 1115
 1148 1189 1332 1446 1761 1826 2017]",0.004186874404718382,71.6003822249125,1.8670506600316294
2214,19,46,40,"[   0  346  455  507  630  727  780  887  994 1040 1115 1189 1332 1761
 1826 2017]",0.004186874404718382,71.6003822249125,1.8670506600316294
2215,19,46,60,[   0  346  507  630  727  887 1040 1115 1189 1332 1761 1826 2017],0.004186874404718382,71.6003822249125,1.8670506600316294
2216,19,47,0,"[   0  389  507  645  646  727  780  852  994  995 1033 1034 1115 1162
 1332 1333 2017]",0.0174728399429364,69.74370066150743,2.213568139036981
2217,19,47,20,"[   0  199  389  507  630  704  727  780  852  887  994 1053 1115 1162
 1326 1446 1826 2017]",0.0174728399429364,69.74370066150743,2.213568139036981
2218,19,47,40,[   0  199  389  507  630  727  780  852 1053 1115 1162 1326 1826 2017],0.0174728399429364,69.74370066150743,2.213568139036981
2219,19,47,60,[   0  199  389  507  630  780  852 1053 1115 1326 1826 2017],0.0174728399429364,69.74370066150743,2.213568139036981
2220,19,48,0,"[   0  455  531  645  646  727  780  887  994  995 1033 1034 1129 1189
 1332 1333 2017]",-0.018859022280500088,72.39245367128707,2.083141681681067
2221,19,48,20,"[   0  199  389  455  494  531  602  630  704  727  780  887  994 1051
 1077 1129 1189 1332 1460 1996 2017]",-0.018859022280500088,72.39245367128707,2.083141681681067
2222,19,48,40,[   0  199  389  494  630  727  780  887  994 1051 1129 1189 1332 2017],-0.018859022280500088,72.39245367128707,2.083141681681067
2223,19,48,60,[   0  199  389  494  630  727  887 1051 1129 1332 2017],-0.018859022280500088,72.39245367128707,2.083141681681067
2224,19,49,0,"[   0  442  507  645  646  727  780  852  994  995 1033 1034 1115 1163
 1332 1333 2017]",-0.009400160399670041,70.89155991927477,1.8702938818266557
2225,19,49,20,"[   0  199  442  507  594  630  698  727  780  852  887  973  995 1034
 1115 1163 1189 1332 1460 1988 2017]",-0.009400160399670041,70.89155991927477,1.8702938818266557
2226,19,49,40,[   0  199  442  507  630  727  780  852 1034 1115 1163 1332 2017],-0.009400160399670041,70.89155991927477,1.8702938818266557
2227,19,49,60,[   0  199  442  507  630  780  852 1034 1163 1332 2017],-0.009400160399670041,70.89155991927477,1.8702938818266557
2228,19,50,0,"[   0  318  507  645  646  727  780  887  994  995 1033 1034 1115 1171
 1332 1333 2017]",-0.011354756055280022,72.22964420117529,1.7886118683753343
2229,19,50,20,"[   0  199  318  494  545  630  704  727  780  887  973  995 1040 1115
 1164 1189 1326 1460 1484 1996 2017]",-0.011354756055280022,72.22964420117529,1.7886118683753343
2230,19,50,40,"[   0  199  318  494  545  630  727  780  887  995 1040 1115 1164 1326
 1484 2017]",-0.011354756055280022,72.22964420117529,1.7886118683753343
2231,19,50,60,[   0  318  494  630  727  887 1040 1164 1326 2017],-0.011354756055280022,72.22964420117529,1.7886118683753343
2232,20,20,0,"[   0  346  541  542  645  646  721  780  843  994  995 1033 1034 1097
 1098 1174 1332 1333 2017]",-0.03836948399201566,57.520246281602134,2.292301020095306
2233,20,20,20,"[   0  346  453  532  645  693  721  780  843  892  994 1034 1116 1174
 1332 1396 1761 1812 2017]",-0.03836948399201566,57.520246281602134,2.292301020095306
2234,20,20,40,"[   0  346  453  532  645  721  780  843  892 1034 1116 1174 1332 1396
 1761 1812 2017]",-0.03836948399201566,57.520246281602134,2.292301020095306
2235,20,20,60,[   0  346  453  532  645  780  843 1034 1174 1332 1396 1812 2017],-0.03836948399201566,57.520246281602134,2.292301020095306
2236,20,21,0,"[   0  372  541  542  645  646  727  780  843  994  995 1033 1034 1097
 1098 1174 1332 1333 2017]",-0.03499381953142174,54.91637473465129,3.296966542842127
2237,20,21,20,"[   0  372  447  482  532  572  608  693  727  780  843  930  994 1034
 1107 1136 1174 1333 1761 1877 2017]",-0.03499381953142174,54.91637473465129,3.296966542842127
2238,20,21,40,"[   0  372  447  572  646  727  780  843  930 1034 1107 1174 1333 1761
 1877 2017]",-0.03499381953142174,54.91637473465129,3.296966542842127
2239,20,21,60,"[   0  372  447  572  646  780  843  930 1034 1107 1174 1333 1761 1877
 2017]",-0.03499381953142174,54.91637473465129,3.296966542842127
2240,20,22,0,"[   0  372  547  645  646  941  994  995 1033 1034 1097 1098 1158 1332
 1333 2017]",-0.014832711039040804,56.12404310904951,2.629536737562635
2241,20,22,20,"[   0   42  372  455  515  547  572  620  646  693  721  780  835  941
  994 1034 1107 1136 1158 1186 1326 1396 1812 2017]",-0.014832711039040804,56.12404310904951,2.629536737562635
2242,20,22,40,"[   0  372  455  515  572  620  721  780  835  941 1034 1107 1158 1326
 1396 1812 2017]",-0.014832711039040804,56.12404310904951,2.629536737562635
2243,20,22,60,[   0  372  515  721  941 1034 1158 1326 1396 1812 2017],-0.014832711039040804,56.12404310904951,2.629536737562635
2244,20,23,0,"[   0  372  547  645  646  931  994  995 1033 1034 1097 1098 1158 1332
 1333 2017]",-0.03241419982271084,56.7720309732812,2.893672306364675
2245,20,23,20,"[   0   42  372  455  532  622  693  721  789  833  931  994 1034 1114
 1136 1158 1200 1271 1333 1746 1812 2017]",-0.03241419982271084,56.7720309732812,2.893672306364675
2246,20,23,40,"[   0   42  372  455  532  622  721  789  833  931 1034 1114 1158 1200
 1271 1333 1746 1812 2017]",-0.03241419982271084,56.7720309732812,2.893672306364675
2247,20,23,60,[   0  372  455  532  622  721  789  931 1034 1114 1271 1746 1812 2017],-0.03241419982271084,56.7720309732812,2.893672306364675
2248,20,24,0,"[   0  372  547  645  646  943  994  995 1033 1034 1097 1098 1156 1332
 1333 2017]",-0.035625501749427496,57.07167985916097,2.965651540580315
2249,20,24,20,"[   0   42  372  442  515  550  640  693  721  802  833  943  994 1034
 1114 1156 1271 1326 1396 1755 1812 2017]",-0.035625501749427496,57.07167985916097,2.965651540580315
2250,20,24,40,"[   0   42  372  442  515  640  721  802  943 1034 1114 1156 1326 1396
 1755 1812 2017]",-0.035625501749427496,57.07167985916097,2.965651540580315
2251,20,24,60,[   0  372  442  515  640  721  802  943 1034 1114 1271 1396 1812 2017],-0.035625501749427496,57.07167985916097,2.965651540580315
2252,20,25,0,"[   0  350  541  542  645  646  931  994  995 1033 1034 1097 1098 1174
 1332 1333 2017]",-0.050041797523682575,55.95737215356833,2.1438148038493745
2253,20,25,20,"[   0  350  372  532  572  620  646  693  721  843  931  994 1041 1115
 1174 1246 1271 1326 1396 1755 1812 2017]",-0.050041797523682575,55.95737215356833,2.1438148038493745
2254,20,25,40,"[   0  350  572  620  721  843  931  994 1041 1115 1174 1326 1396 1755
 1812 2017]",-0.050041797523682575,55.95737215356833,2.1438148038493745
2255,20,25,60,[   0  350  572  721  931 1041 1115 1326 1396 1812 2017],-0.050041797523682575,55.95737215356833,2.1438148038493745
2256,20,26,0,"[   0  372  541  542  645  646  943  994  995 1033 1034 1097 1098 1174
 1332 1333 2017]",-0.03016473515107055,58.80832415521303,2.3074462844214323
2257,20,26,20,"[   0   42  372  499  532  572  646  693  721  789  833  943  994 1033
 1067 1115 1174 1326 1396 1755 1812 1987 2017]",-0.03016473515107055,58.80832415521303,2.3074462844214323
2258,20,26,40,"[   0  372  499  572  646  721  789  833  943 1033 1115 1174 1326 1396
 1755 1812 2017]",-0.03016473515107055,58.80832415521303,2.3074462844214323
2259,20,26,60,"[   0  372  499  572  646  721  789  879  943 1033 1174 1326 1396 1812
 2017]",-0.03016473515107055,58.80832415521303,2.3074462844214323
2260,20,27,0,"[   0  372  541  542  645  646  943  994  995 1033 1034 1097 1098 1174
 1332 1333 2017]",-0.03919835475373143,60.137142057296295,2.3482765565265145
2261,20,27,20,"[   0   42  372  515  547  645  721  915  943  994 1034 1115 1174 1326
 1761 1812 1987 2017]",-0.03919835475373143,60.137142057296295,2.3482765565265145
2262,20,27,40,[   0  372  515  645  721  943 1034 1115 1174 1326 1761 1812 2017],-0.03919835475373143,60.137142057296295,2.3482765565265145
2263,20,27,60,[   0  372  515  645  721  943 1034 1174 1326 1812 2017],-0.03919835475373143,60.137142057296295,2.3482765565265145
2264,20,28,0,"[   0  350  541  542  645  646  931  994  995 1033 1034 1097 1098 1174
 1332 1333 2017]",-0.010688934532435286,61.4665215965806,2.189290239135363
2265,20,28,20,"[   0   99  199  350  474  507  547  645  690  721  931  957  994 1034
 1115 1158 1200 1326 1484 2017]",-0.010688934532435286,61.4665215965806,2.189290239135363
2266,20,28,40,"[   0   99  350  474  547  645  721  931 1034 1115 1158 1200 1326 1484
 2017]",-0.010688934532435286,61.4665215965806,2.189290239135363
2267,20,28,60,[   0   99  350  474  547  645  721  931 1034 1158 1326 1484 2017],-0.010688934532435286,61.4665215965806,2.189290239135363
2268,20,29,0,"[   0  372  541  542  645  646  931  994  995 1033 1034 1097 1098 1174
 1332 1333 2017]",-0.02399387855510577,62.93324458812708,2.140706856156831
2269,20,29,20,"[   0  372  471  532  602  646  721  931  957  994 1041 1115 1136 1174
 1200 1326 1484 1987 2017]",-0.02399387855510577,62.93324458812708,2.140706856156831
2270,20,29,40,[   0  372  471  532  602  721  931  994 1041 1115 1174 1326 1484 2017],-0.02399387855510577,62.93324458812708,2.140706856156831
2271,20,29,60,[   0  372  471  532  602  721  931 1041 1115 1326 2017],-0.02399387855510577,62.93324458812708,2.140706856156831
2272,20,30,0,"[   0  372  541  542  645  646  931  994  995 1033 1034 1097 1098 1174
 1332 1333 2017]",-0.03449613332426986,61.26098780129828,1.9425953317712608
2273,20,30,20,"[   0  372  474  515  582  620  646  698  721  931  994 1046 1115 1174
 1326 1484 1987 2017]",-0.03449613332426986,61.26098780129828,1.9425953317712608
2274,20,30,40,[   0  372  474  515  620  721  931  994 1046 1115 1174 1326 1484 2017],-0.03449613332426986,61.26098780129828,1.9425953317712608
2275,20,30,60,[   0  372  515  620  721  931 1046 1115 1326 2017],-0.03449613332426986,61.26098780129828,1.9425953317712608
2276,20,31,0,"[   0  372  547  645  646  941  994  995 1033 1034 1097 1098 1115 1200
 1332 1333 2017]",-0.04379594381567638,63.140860110526624,2.3128141729963163
2277,20,31,20,"[   0  372  447  515  620  646  698  721  915  941  994 1041 1115 1149
 1200 1275 1333 1761 1812 2017]",-0.04379594381567638,63.140860110526624,2.3128141729963163
2278,20,31,40,"[   0  372  447  515  620  721  941  994 1041 1115 1200 1275 1333 1761
 1812 2017]",-0.04379594381567638,63.140860110526624,2.3128141729963163
2279,20,31,60,[   0  372  447  515  620  721  941 1041 1115 1200 1484 1812 2017],-0.04379594381567638,63.140860110526624,2.3128141729963163
2280,20,32,0,"[   0  346  541  542  645  646  915  994  995 1033 1034 1097 1098 1115
 1200 1332 1333 2017]",-0.01809087236600146,62.760256715315116,1.889081835885896
2281,20,32,20,"[   0  346  372  447  547  572  620  646  698  727  835  915  994 1041
 1115 1148 1200 1275 1333 1484 1987 2017]",-0.01809087236600146,62.760256715315116,1.889081835885896
2282,20,32,40,"[   0  346  447  572  620  727  835  915  994 1041 1115 1200 1275 1484
 2017]",-0.01809087236600146,62.760256715315116,1.889081835885896
2283,20,32,60,[   0  346  447  572  727  915 1041 1115 1200 1484 2017],-0.01809087236600146,62.760256715315116,1.889081835885896
2284,20,33,0,"[   0  447  541  542  645  646  915  994  995 1033 1034 1097 1098 1115
 1200 1332 1333 2017]",0.0011487230678580366,65.30013413019671,2.1289828459757496
2285,20,33,20,"[   0   54  199  447  499  547  572  620  646  690  721  852  915  994
 1041 1115 1149 1200 1275 1333 1484 1988 2017]",0.0011487230678580366,65.30013413019671,2.1289828459757496
2286,20,33,40,"[   0   54  199  447  499  572  620  721  852  915  994 1041 1115 1200
 1275 1484 2017]",0.0011487230678580366,65.30013413019671,2.1289828459757496
2287,20,33,60,[   0  199  447  572  721  915 1041 1115 1200 1484 2017],0.0011487230678580366,65.30013413019671,2.1289828459757496
2288,20,34,0,"[   0  350  541  542  645  646  915  994  995 1033 1034 1097 1098 1158
 1332 1333 2017]",-0.014702110489876385,65.08118534112285,2.089286107799477
2289,20,34,20,"[   0  187  350  474  507  541  602  646  721  744  852  915  994 1016
 1041 1115 1158 1275 1333 1484 1988 2017]",-0.014702110489876385,65.08118534112285,2.089286107799477
2290,20,34,40,[   0  187  350  507  602  721  852  915 1041 1115 1158 1275 1484 2017],-0.014702110489876385,65.08118534112285,2.089286107799477
2291,20,34,60,[   0  350  507  602  721  915 1041 1115 1275 1484 2017],-0.014702110489876385,65.08118534112285,2.089286107799477
2292,20,35,0,"[   0  350  507  645  646  930  994  995 1033 1034 1097 1098 1163 1332
 1333 2017]",0.0007240804256563792,63.845142040970465,2.5375360385188137
2293,20,35,20,"[   0  187  350  455  507  545  572  602  646  721  744  852  930  994
 1041 1115 1136 1163 1206 1275 1333 1484 1988 2017]",0.0007240804256563792,63.845142040970465,2.5375360385188137
2294,20,35,40,"[   0  187  350  455  507  572  646  721  852  930  994 1041 1115 1163
 1206 1275 1484 2017]",0.0007240804256563792,63.845142040970465,2.5375360385188137
2295,20,35,60,[   0  187  350  507  572  646  721  852  930 1041 1115 1275 1484 2017],0.0007240804256563792,63.845142040970465,2.5375360385188137
2296,20,36,0,"[   0  447  541  542  645  646  721  780  843  994  995 1033 1034 1097
 1098 1158 1332 1333 2017]",0.00014170980385720897,65.32538170774515,2.1629681205079683
2297,20,36,20,"[   0  187  389  447  507  541  602  646  721  780  843  915  995 1041
 1115 1158 1275 1332 1382 1484 1988 2017]",0.00014170980385720897,65.32538170774515,2.1629681205079683
2298,20,36,40,"[   0  187  389  447  507  602  721  780  843  915  995 1041 1115 1158
 1275 1332 1382 1484 2017]",0.00014170980385720897,65.32538170774515,2.1629681205079683
2299,20,36,60,[   0  187  447  602  780  843  915 1041 1115 1275 1382 2017],0.00014170980385720897,65.32538170774515,2.1629681205079683
2300,20,37,0,"[   0  455  503  645  646  780  843  994  995 1033 1034 1097 1098 1158
 1332 1333 2017]",-0.00959767330294305,65.47321414926893,2.029295224919397
2301,20,37,20,"[   0  187  389  455  503  545  567  620  646  698  755  780  843  915
  994 1041 1115 1158 1275 1333 1988 2017]",-0.00959767330294305,65.47321414926893,2.029295224919397
2302,20,37,40,"[   0  187  389  455  503  567  620  698  780  843  915  994 1041 1115
 1158 1275 1333 2017]",-0.00959767330294305,65.47321414926893,2.029295224919397
2303,20,37,60,[   0  187  389  503  567  698  780  843  915 1041 1115 1275 2017],-0.00959767330294305,65.47321414926893,2.029295224919397
2304,20,38,0,"[   0  350  499  645  646  780  843  994  995 1033 1034 1097 1098 1158
 1332 1333 2017]",-0.015857843637909003,66.29706371233327,2.2060557751822962
2305,20,38,20,"[   0  187  350  455  499  545  620  646  704  755  780  843  973  995
 1046 1067 1115 1158 1275 1333 1761 1988 2017]",-0.015857843637909003,66.29706371233327,2.2060557751822962
2306,20,38,40,"[   0  187  350  455  499  545  620  704  780  843  973 1046 1115 1158
 1275 1333 1761 2017]",-0.015857843637909003,66.29706371233327,2.2060557751822962
2307,20,38,60,[   0  350  455  545  620  704  780  843 1046 1115 1275 1761 2017],-0.015857843637909003,66.29706371233327,2.2060557751822962
2308,20,39,0,"[   0  389  541  542  645  646  873  994  995 1033 1034 1097 1098 1158
 1332 1333 2017]",-0.008046955934418377,64.8785302296962,2.1325297551508124
2309,20,39,20,"[   0  201  389  507  541  602  646  704  755  780  873  915  994 1015
 1040 1114 1158 1193 1333 1761 1812 2017]",-0.008046955934418377,64.8785302296962,2.1325297551508124
2310,20,39,40,"[   0  201  389  507  602  646  704  780  873  915 1040 1114 1158 1259
 1333 1761 1812 2017]",-0.008046955934418377,64.8785302296962,2.1325297551508124
2311,20,39,60,[   0  201  389  507  602  704  780  873 1040 1114 1259 1484 1812 2017],-0.008046955934418377,64.8785302296962,2.1325297551508124
2312,20,40,0,"[   0  346  572  645  646  724  780  870  994  995 1033 1034 1097 1098
 1163 1332 1333 2017]",-0.008866021432144367,63.774187294891036,2.41384576956352
2313,20,40,20,"[   0  173  346  455  499  545  572  620  646  698  724  780  870  915
  994 1033 1063 1085 1163 1328 1761 1826 2017]",-0.008866021432144367,63.774187294891036,2.41384576956352
2314,20,40,40,"[   0  173  346  455  499  572  620  724  780  870  915 1033 1085 1163
 1328 1761 1826 2017]",-0.008866021432144367,63.774187294891036,2.41384576956352
2315,20,40,60,[   0  346  455  572  724  870 1033 1163 1328 1761 1826 2017],-0.008866021432144367,63.774187294891036,2.41384576956352
2316,20,41,0,[   0  346  503  645  646  994  995 1033 1034 1115 1163 1332 1333 2017],-0.02950896419290084,63.2734726170439,2.283404976437275
2317,20,41,20,"[   0  346  372  455  507  547  572  646  693  720  780  852  919  973
  995 1034 1115 1163 1332 1761 1826 2017]",-0.02950896419290084,63.2734726170439,2.283404976437275
2318,20,41,40,"[   0  346  455  507  572  646  720  780  852  919 1034 1115 1163 1332
 1761 1826 2017]",-0.02950896419290084,63.2734726170439,2.283404976437275
2319,20,41,60,"[   0  346  507  572  646  780  852  919 1034 1115 1245 1332 1761 1826
 2017]",-0.02950896419290084,63.2734726170439,2.283404976437275
2320,20,42,0,"[   0  372  541  645  646  994  995 1033 1034 1097 1098 1163 1332 1333
 2017]",-0.03522326882049771,62.54860150091925,2.215927987583823
2321,20,42,20,"[   0  372  518  620  646  716  780  852  919  994 1051 1115 1163 1187
 1332 1761 1826 2017]",-0.03522326882049771,62.54860150091925,2.215927987583823
2322,20,42,40,"[   0  372  518  620  716  780  852  919  994 1051 1115 1163 1332 1761
 1826 2017]",-0.03522326882049771,62.54860150091925,2.215927987583823
2323,20,42,60,[   0  372  518  620  716  780  852  919 1051 1163 1332 1761 1826 2017],-0.03522326882049771,62.54860150091925,2.215927987583823
2324,20,43,0,"[   0  389  547  645  646  780  852  994  995 1033 1034 1097 1098 1187
 1332 1333 2017]",-0.020590638352776747,65.32135289893833,2.25813078282854
2325,20,43,20,"[   0  199  389  547  572  620  646  704  755  780  852  915  994 1041
 1085 1128 1163 1187 1332 1484 1761 1826 2017]",-0.020590638352776747,65.32135289893833,2.25813078282854
2326,20,43,40,"[   0  199  389  572  620  704  780  852  915  994 1041 1085 1128 1187
 1332 1761 1826 2017]",-0.020590638352776747,65.32135289893833,2.25813078282854
2327,20,43,60,[   0  199  389  572  704  780  852  915 1041 1128 1332 1761 1826 2017],-0.020590638352776747,65.32135289893833,2.25813078282854
2328,20,44,0,"[   0  455  547  645  646  930  994  995 1033 1034 1097 1098 1163 1332
 1333 2017]",-0.022710234660067614,67.65069187851036,2.041390381748978
2329,20,44,20,"[   0  199  389  455  503  547  572  646  715  755  780  887  930  994
 1041 1067 1115 1163 1189 1332 1484 1595 2017]",-0.022710234660067614,67.65069187851036,2.041390381748978
2330,20,44,40,"[   0  199  389  455  503  572  646  715  780  887  930  994 1041 1115
 1163 1332 1484 1595 2017]",-0.022710234660067614,67.65069187851036,2.041390381748978
2331,20,44,60,[   0  199  389  503  572  646  715  780  930 1041 1115 1332 1595 2017],-0.022710234660067614,67.65069187851036,2.041390381748978
2332,20,45,0,"[   0  372  547  645  646  994  995 1033 1034 1097 1098 1162 1332 1333
 2017]",0.005414597540522473,67.14619252285422,1.8422062880938181
2333,20,45,20,"[   0  260  372  514  541  620  648  704  755  780  887  930  973  995
 1051 1115 1162 1189 1309 1333 1484 1988 2017]",0.005414597540522473,67.14619252285422,1.8422062880938181
2334,20,45,40,"[   0  372  514  620  704  780  887  930  995 1051 1115 1162 1309 1484
 2017]",0.005414597540522473,67.14619252285422,1.8422062880938181
2335,20,45,60,[   0  372  514  704  780  930 1051 1115 1309 2017],0.005414597540522473,67.14619252285422,1.8422062880938181
2336,20,46,0,"[   0  346  507  645  646  727  780  887  994  995 1033 1034 1115 1189
 1332 1333 2017]",0.0054071664928530125,70.54102287111293,1.852934322081395
2337,20,46,20,"[   0  201  346  455  507  630  704  727  780  887  995 1051 1115 1148
 1189 1332 1446 1761 1826 2017]",0.0054071664928530125,70.54102287111293,1.852934322081395
2338,20,46,40,"[   0  346  455  507  630  727  780  887 1051 1115 1189 1332 1761 1826
 2017]",0.0054071664928530125,70.54102287111293,1.852934322081395
2339,20,46,60,[   0  346  507  630  727  887 1051 1115 1189 1332 1761 1826 2017],0.0054071664928530125,70.54102287111293,1.852934322081395
2340,20,47,0,"[   0  445  507  645  646  727  780  852  994  995 1033 1034 1115 1162
 1332 1333 2017]",-0.008067606790812348,68.77781734258839,2.1690191341511063
2341,20,47,20,"[   0  199  389  445  507  630  704  727  780  852  887  994 1053 1115
 1162 1326 1446 1826 2017]",-0.008067606790812348,68.77781734258839,2.1690191341511063
2342,20,47,40,"[   0  199  389  445  507  630  727  780  852  994 1053 1115 1162 1326
 1446 1826 2017]",-0.008067606790812348,68.77781734258839,2.1690191341511063
2343,20,47,60,[   0  199  445  507  630  780  852 1053 1115 1326 1826 2017],-0.008067606790812348,68.77781734258839,2.1690191341511063
2344,20,48,0,"[   0  455  531  645  646  727  780  887  994  995 1033 1034 1115 1189
 1332 1333 2017]",-0.01816462199827067,71.39052124763539,2.049575894783475
2345,20,48,20,"[   0  199  389  455  494  531  630  704  727  780  887  994 1051 1077
 1115 1189 1332 1460 1996 2017]",-0.01816462199827067,71.39052124763539,2.049575894783475
2346,20,48,40,[   0  199  389  494  630  727  780  887  994 1051 1115 1189 1332 2017],-0.01816462199827067,71.39052124763539,2.049575894783475
2347,20,48,60,[   0  199  389  494  630  727  887 1051 1115 1189 1332 2017],-0.01816462199827067,71.39052124763539,2.049575894783475
2348,20,49,0,"[   0  442  507  645  646  727  780  852  994  995 1033 1034 1115 1163
 1332 1333 2017]",-0.00873017940554043,69.6992636994415,1.821582313302843
2349,20,49,20,"[   0  199  442  494  542  594  630  698  727  780  852  887  973  995
 1034 1115 1163 1189 1332 1460 1988 2017]",-0.00873017940554043,69.6992636994415,1.821582313302843
2350,20,49,40,[   0  199  442  494  630  727  780  852 1034 1115 1163 1332 2017],-0.00873017940554043,69.6992636994415,1.821582313302843
2351,20,49,60,[   0  199  494  630  780  852 1034 1163 1332 2017],-0.00873017940554043,69.6992636994415,1.821582313302843
2352,20,50,0,"[   0  318  507  645  646  727  780  887  994  995 1033 1034 1115 1171
 1332 1333 2017]",-0.00903507239994238,71.16869200268367,1.8033269927009208
2353,20,50,20,"[   0  199  318  494  545  630  704  727  780  887  973  995 1040 1115
 1164 1189 1326 1460 1484 1996 2017]",-0.00903507239994238,71.16869200268367,1.8033269927009208
2354,20,50,40,"[   0  199  318  494  545  630  727  780  887  995 1040 1115 1164 1326
 1484 2017]",-0.00903507239994238,71.16869200268367,1.8033269927009208
2355,20,50,60,[   0  318  494  630  727  887 1040 1164 1326 2017],-0.00903507239994238,71.16869200268367,1.8033269927009208
